10 -1.00 1.98717e-02 1.64135e-05
30 -1.00 1.65326e-02 1.96100e-05
50 -1.00 1.85041e-02 2.30136e-05
70 -1.00 1.79711e-02 1.33861e-05
90 -1.00 1.96424e-02 1.77049e-05
110 -1.00 2.03682e-02 3.15231e-05
130 -1.00 1.73899e-02 1.65401e-05
150 -1.00 1.66900e-02 1.29268e-05
170 -1.00 1.95994e-02 1.21323e-05
190 -1.00 1.76973e-02 1.48983e-05
210 -1.00 2.12167e-02 2.16591e-05
230 -1.00 1.97018e-02 2.00442e-05
250 -1.00 1.94309e-02 1.65544e-05
270 -1.00 1.90674e-02 2.02272e-05
290 -1.00 1.56084e-02 1.21954e-05
10 -0.75 1.77400e-02 1.63344e-05
30 -0.75 1.63922e-02 1.62434e-05
50 -0.75 1.82107e-02 2.38024e-05
70 -0.75 1.89886e-02 2.29487e-05
90 -0.75 2.02662e-02 2.43275e-05
110 -0.75 2.13298e-02 3.31734e-05
130 -0.75 1.75008e-02 1.70462e-05
150 -0.75 1.77168e-02 1.61145e-05
170 -0.75 2.07755e-02 2.49662e-05
190 -0.75 1.98381e-02 2.28349e-05
210 -0.75 1.99158e-02 2.68120e-05
230 -0.75 1.87233e-02 1.87134e-05
250 -0.75 1.88673e-02 2.14917e-05
270 -0.75 1.74422e-02 1.61696e-05
290 -0.75 1.72249e-02 3.24661e-05
10 -0.50 1.86683e-02 2.18430e-05
30 -0.50 1.73835e-02 2.38469e-05
50 -0.50 1.90499e-02 2.83257e-05
70 -0.50 1.86868e-02 2.60818e-05
90 -0.50 1.93798e-02 2.71563e-05
110 -0.50 1.87658e-02 2.37360e-05
130 -0.50 2.00661e-02 3.54149e-05
150 -0.50 1.67564e-02 1.88380e-05
170 -0.50 2.01151e-02 2.33882e-05
190 -0.50 1.96586e-02 2.89969e-05
210 -0.50 1.89497e-02 1.76759e-05
230 -0.50 1.93947e-02 3.21421e-05
250 -0.50 2.03456e-02 3.23485e-05
270 -0.50 1.86137e-02 4.40290e-05
290 -0.50 1.59258e-02 2.26737e-05
10 -0.25 1.76219e-02 1.90906e-05
30 -0.25 1.70085e-02 2.02246e-05
50 -0.25 1.68270e-02 2.80563e-05
70 -0.25 1.83108e-02 1.97898e-05
90 -0.25 1.81369e-02 1.93964e-05
110 -0.25 1.94202e-02 4.66874e-05
130 -0.25 1.79537e-02 1.94381e-05
150 -0.25 1.77771e-02 1.43476e-05
170 -0.25 1.90576e-02 2.73205e-05
190 -0.25 1.94508e-02 2.49782e-05
210 -0.25 1.98259e-02 1.97653e-05
230 -0.25 1.81718e-02 2.73659e-05
250 -0.25 1.85057e-02 2.25355e-05
270 -0.25 1.89989e-02 4.49664e-05
290 -0.25 1.53398e-02 2.68987e-05
10 0.00 1.78415e-02 3.31193e-05
30 0.00 1.70559e-02 2.04426e-05
50 0.00 1.63556e-02 2.07895e-05
70 0.00 1.82863e-02 3.14147e-05
90 0.00 1.99574e-02 4.57884e-05
110 0.00 1.92770e-02 3.42220e-05
130 0.00 1.71111e-02 1.34079e-05
150 0.00 1.75333e-02 3.30262e-05
170 0.00 1.86608e-02 2.64567e-05
190 0.00 1.76791e-02 2.20823e-05
210 0.00 1.89808e-02 3.31047e-05
230 0.00 1.90103e-02 2.51941e-05
250 0.00 1.92749e-02 4.23152e-05
270 0.00 1.89136e-02 3.50054e-05
290 0.00 1.47236e-02 3.02083e-05
10 0.25 1.91525e-02 3.87793e-05
30 0.25 1.71338e-02 4.88116e-05
50 0.25 1.65588e-02 2.17793e-05
70 0.25 1.76514e-02 3.72902e-05
90 0.25 1.78397e-02 3.48147e-05
110 0.25 1.87576e-02 2.99078e-05
130 0.25 1.83397e-02 2.41373e-05
150 0.25 1.67812e-02 1.81334e-05
170 0.25 1.99276e-02 3.54535e-05
190 0.25 1.75930e-02 1.54139e-05
210 0.25 1.97267e-02 2.26493e-05
230 0.25 1.85370e-02 2.92075e-05
250 0.25 1.80258e-02 4.70393e-05
270 0.25 1.83271e-02 4.81252e-05
290 0.25 1.62203e-02 4.71991e-05
10 0.50 1.88640e-02 3.53246e-05
30 0.50 1.71340e-02 2.52449e-05
50 0.50 1.47465e-02 2.23980e-05
70 0.50 1.79389e-02 3.46482e-05
90 0.50 1.62274e-02 2.71800e-05
110 0.50 1.88213e-02 3.24716e-05
130 0.50 1.88162e-02 4.40510e-05
150 0.50 1.73997e-02 2.18126e-05
170 0.50 1.89089e-02 3.46324e-05
190 0.50 2.04920e-02 4.33714e-05
210 0.50 1.85996e-02 3.85907e-05
230 0.50 1.81885e-02 3.30420e-05
250 0.50 1.59941e-02 3.90827e-05
270 0.50 1.75749e-02 3.92617e-05
290 0.50 1.49779e-02 2.97270e-05
10 0.75 1.85268e-02 4.41901e-05
30 0.75 1.74487e-02 6.27825e-05
50 0.75 1.63807e-02 5.10789e-05
70 0.75 1.56789e-02 2.71552e-05
90 0.75 1.89073e-02 3.13195e-05
110 0.75 1.57949e-02 2.48164e-05
130 0.75 1.63955e-02 2.08637e-05
150 0.75 1.63375e-02 2.29817e-05
170 0.75 1.92975e-02 3.76334e-05
190 0.75 2.01727e-02 5.22221e-05
210 0.75 1.74433e-02 2.98783e-05
230 0.75 1.87331e-02 4.12303e-05
250 0.75 1.57733e-02 3.21558e-05
270 0.75 1.65322e-02 2.14280e-05
290 0.75 1.43874e-02 3.14833e-05
10 1.00 1.85448e-02 3.58513e-05
30 1.00 1.54875e-02 5.56415e-05
50 1.00 1.53340e-02 3.08244e-05
70 1.00 1.94384e-02 4.17450e-05
90 1.00 1.81642e-02 3.11922e-05
110 1.00 1.64145e-02 3.06918e-05
130 1.00 1.49289e-02 2.44220e-05
150 1.00 1.80554e-02 7.83182e-05
170 1.00 2.10041e-02 5.06684e-05
190 1.00 2.22839e-02 5.94072e-05
210 1.00 1.71314e-02 3.60068e-05
230 1.00 1.65828e-02 4.37681e-05
250 1.00 1.46669e-02 3.80573e-05
270 1.00 1.90096e-02 3.59610e-05
290 1.00 1.36683e-02 3.15133e-05
11 -1.00 2.01703e-02 4.11359e-05
31 -1.00 2.05492e-02 1.85181e-05
51 -1.00 2.09441e-02 2.93113e-05
71 -1.00 2.07319e-02 2.20232e-05
91 -1.00 1.85575e-02 1.72134e-05
111 -1.00 1.87307e-02 1.84172e-05
131 -1.00 1.61870e-02 1.10934e-05
151 -1.00 1.84266e-02 1.70795e-05
171 -1.00 2.24577e-02 3.79926e-05
191 -1.00 2.00985e-02 1.57768e-05
211 -1.00 2.10828e-02 1.77324e-05
231 -1.00 2.29112e-02 2.16483e-05
251 -1.00 2.07122e-02 2.63099e-05
271 -1.00 1.86600e-02 1.22470e-05
291 -1.00 1.62767e-02 2.17564e-05
11 -0.75 2.10352e-02 2.76912e-05
31 -0.75 1.98353e-02 2.56590e-05
51 -0.75 2.25777e-02 4.64460e-05
71 -0.75 1.95765e-02 3.08277e-05
91 -0.75 1.85828e-02 3.01112e-05
111 -0.75 1.83612e-02 2.81450e-05
131 -0.75 1.56742e-02 7.46675e-06
151 -0.75 1.90565e-02 2.26554e-05
171 -0.75 2.18746e-02 2.69303e-05
191 -0.75 1.73292e-02 1.87658e-05
211 -0.75 1.99819e-02 3.00990e-05
231 -0.75 2.29926e-02 2.38726e-05
251 -0.75 1.93568e-02 1.66418e-05
271 -0.75 1.92633e-02 9.71438e-06
291 -0.75 1.83246e-02 2.03709e-05
11 -0.50 1.95865e-02 2.28128e-05
31 -0.50 2.02643e-02 3.42394e-05
51 -0.50 2.03001e-02 2.44888e-05
71 -0.50 1.94275e-02 2.49131e-05
91 -0.50 1.74522e-02 2.05416e-05
111 -0.50 1.91098e-02 2.61832e-05
131 -0.50 1.64922e-02 1.56176e-05
151 -0.50 1.77176e-02 2.75034e-05
171 -0.50 2.12798e-02 2.88017e-05
191 -0.50 1.74212e-02 1.45595e-05
211 -0.50 2.10693e-02 3.72018e-05
231 -0.50 2.28567e-02 2.60795e-05
251 -0.50 1.87723e-02 1.95521e-05
271 -0.50 1.89066e-02 2.14039e-05
291 -0.50 1.81719e-02 3.16789e-05
11 -0.25 1.82053e-02 1.64550e-05
31 -0.25 2.09957e-02 5.21905e-05
51 -0.25 2.05414e-02 3.15399e-05
71 -0.25 1.95798e-02 1.89020e-05
91 -0.25 1.63929e-02 1.53335e-05
111 -0.25 1.70408e-02 2.08977e-05
131 -0.25 1.67466e-02 2.51713e-05
151 -0.25 1.81695e-02 2.04383e-05
171 -0.25 2.15190e-02 5.34391e-05
191 -0.25 1.79378e-02 2.44746e-05
211 -0.25 1.91729e-02 2.82921e-05
231 -0.25 2.31181e-02 4.51038e-05
251 -0.25 1.95017e-02 3.19984e-05
271 -0.25 1.90041e-02 2.03458e-05
291 -0.25 1.69725e-02 2.42289e-05
11 0.00 1.75220e-02 2.80193e-05
31 0.00 1.96945e-02 2.23777e-05
51 0.00 1.89693e-02 3.00646e-05
71 0.00 1.89572e-02 2.58069e-05
91 0.00 1.67181e-02 2.34413e-05
111 0.00 1.71753e-02 1.53296e-05
131 0.00 1.55108e-02 2.02172e-05
151 0.00 1.81155e-02 2.75724e-05
171 0.00 2.00490e-02 3.07401e-05
191 0.00 1.69061e-02 2.36573e-05
211 0.00 1.79274e-02 3.46463e-05
231 0.00 2.08194e-02 1.89584e-05
251 0.00 1.84189e-02 2.40747e-05
271 0.00 2.01835e-02 2.64382e-05
291 0.00 1.74400e-02 2.20545e-05
11 0.25 1.96430e-02 3.61090e-05
31 0.25 2.01296e-02 4.21406e-05
51 0.25 1.90920e-02 2.45225e-05
71 0.25 1.84661e-02 3.40956e-05
91 0.25 1.79199e-02 4.33280e-05
111 0.25 1.68557e-02 2.09849e-05
131 0.25 1.62459e-02 2.58397e-05
151 0.25 1.78127e-02 3.07641e-05
171 0.25 2.07555e-02 3.92069e-05
191 0.25 1.77965e-02 2.56078e-05
211 0.25 1.78151e-02 2.91204e-05
231 0.25 2.14269e-02 2.45468e-05
251 0.25 1.88356e-02 2.92499e-05
271 0.25 1.88954e-02 2.88339e-05
291 0.25 1.84513e-02 2.05393e-05
11 0.50 1.80734e-02 3.68833e-05
31 0.50 2.08900e-02 6.83614e-05
51 0.50 1.75513e-02 2.05165e-05
71 0.50 1.88673e-02 3.05713e-05
91 0.50 1.75696e-02 2.74414e-05
111 0.50 1.62746e-02 2.80242e-05
131 0.50 1.54291e-02 4.52946e-05
151 0.50 1.54491e-02 2.67460e-05
171 0.50 1.87518e-02 3.54736e-05
191 0.50 1.63574e-02 4.08149e-05
211 0.50 1.68924e-02 2.37364e-05
231 0.50 2.20318e-02 4.99232e-05
251 0.50 1.96853e-02 5.60703e-05
271 0.50 1.91039e-02 2.54887e-05
291 0.50 1.91572e-02 3.18595e-05
11 0.75 1.95883e-02 3.10381e-05
31 0.75 1.99115e-02 4.25762e-05
51 0.75 1.93643e-02 2.77350e-05
71 0.75 1.80265e-02 3.10875e-05
91 0.75 1.50458e-02 2.05208e-05
111 0.75 1.61342e-02 4.02068e-05
131 0.75 1.56231e-02 4.43960e-05
151 0.75 1.89378e-02 9.31337e-05
171 0.75 1.89296e-02 3.47216e-05
191 0.75 1.70172e-02 6.60654e-05
211 0.75 1.65553e-02 2.77653e-05
231 0.75 2.13287e-02 4.30764e-05
251 0.75 1.71944e-02 2.71384e-05
271 0.75 1.78037e-02 4.40415e-05
291 0.75 1.82122e-02 2.18348e-05
11 1.00 1.83541e-02 3.00139e-05
31 1.00 1.83576e-02 3.31013e-05
51 1.00 1.94635e-02 2.23837e-05
71 1.00 1.84629e-02 2.70268e-05
91 1.00 1.65627e-02 3.07261e-05
111 1.00 1.62013e-02 4.87746e-05
131 1.00 1.41679e-02 3.69554e-05
151 1.00 1.47459e-02 4.07066e-05
171 1.00 1.82289e-02 4.00752e-05
191 1.00 1.51293e-02 3.97227e-05
211 1.00 1.62385e-02 3.72315e-05
231 1.00 1.99611e-02 5.10095e-05
251 1.00 1.68055e-02 3.20831e-05
271 1.00 1.62906e-02 2.48676e-05
291 1.00 1.82250e-02 2.82221e-05
12 -1.00 1.71237e-02 1.66125e-05
32 -1.00 1.87718e-02 1.25941e-05
52 -1.00 1.88505e-02 1.60744e-05
72 -1.00 1.67826e-02 9.63804e-06
92 -1.00 2.25412e-02 2.71590e-05
112 -1.00 1.71454e-02 1.20676e-05
132 -1.00 2.01833e-02 1.28922e-05
152 -1.00 2.49709e-02 3.44483e-05
172 -1.00 1.71449e-02 1.32816e-05
192 -1.00 1.76405e-02 1.84939e-05
212 -1.00 2.13117e-02 2.65062e-05
232 -1.00 1.80979e-02 1.48643e-05
252 -1.00 2.15522e-02 2.19953e-05
272 -1.00 1.91389e-02 3.92312e-05
292 -1.00 1.72863e-02 2.64189e-05
12 -0.75 2.01374e-02 1.94349e-05
32 -0.75 1.91886e-02 1.79330e-05
52 -0.75 1.78027e-02 1.73102e-05
72 -0.75 1.80752e-02 1.58002e-05
92 -0.75 2.10175e-02 1.45158e-05
112 -0.75 1.65762e-02 1.24068e-05
132 -0.75 1.96262e-02 2.85695e-05
152 -0.75 2.36810e-02 2.24153e-05
172 -0.75 1.66312e-02 1.69391e-05
192 -0.75 1.76539e-02 2.30305e-05
212 -0.75 2.10102e-02 1.72739e-05
232 -0.75 1.85477e-02 1.99631e-05
252 -0.75 2.07177e-02 2.88200e-05
272 -0.75 1.96518e-02 4.99624e-05
292 -0.75 1.73160e-02 2.12440e-05
12 -0.50 1.92225e-02 2.35655e-05
32 -0.50 1.83403e-02 1.82704e-05
52 -0.50 1.75845e-02 2.31351e-05
72 -0.50 1.82067e-02 1.58631e-05
92 -0.50 2.09568e-02 3.21418e-05
112 -0.50 1.70315e-02 3.03362e-05
132 -0.50 2.04120e-02 3.24889e-05
152 -0.50 2.31414e-02 3.15649e-05
172 -0.50 1.84779e-02 2.02790e-05
192 -0.50 1.69970e-02 1.92579e-05
212 -0.50 1.99047e-02 2.40157e-05
232 -0.50 1.71873e-02 1.58214e-05
252 -0.50 2.10533e-02 3.92743e-05
272 -0.50 1.80712e-02 2.47555e-05
292 -0.50 1.57334e-02 1.59161e-05
12 -0.25 2.06295e-02 4.16274e-05
32 -0.25 1.81117e-02 3.86907e-05
52 -0.25 1.71177e-02 2.39525e-05
72 -0.25 1.75905e-02 2.42892e-05
92 -0.25 2.18290e-02 4.48096e-05
112 -0.25 1.66051e-02 2.42290e-05
132 -0.25 2.04319e-02 2.87445e-05
152 -0.25 2.10167e-02 3.19230e-05
172 -0.25 1.74613e-02 2.31790e-05
192 -0.25 1.80779e-02 1.75569e-05
212 -0.25 1.98470e-02 3.78427e-05
232 -0.25 1.73270e-02 2.78752e-05
252 -0.25 2.10736e-02 5.11157e-05
272 -0.25 1.70108e-02 2.81512e-05
292 -0.25 1.75492e-02 2.90332e-05
12 0.00 1.89555e-02 2.20087e-05
32 0.00 1.82925e-02 3.20207e-05
52 0.00 1.59940e-02 2.56839e-05
72 0.00 1.86949e-02 2.55115e-05
92 0.00 2.07598e-02 4.00591e-05
112 0.00 1.62942e-02 1.93338e-05
132 0.00 1.84297e-02 2.59822e-05
152 0.00 2.23418e-02 3.18774e-05
172 0.00 1.69287e-02 2.71798e-05
192 0.00 1.70955e-02 2.76111e-05
212 0.00 1.96537e-02 4.11561e-05
232 0.00 1.67654e-02 2.05351e-05
252 0.00 1.93817e-02 1.87086e-05
272 0.00 1.64222e-02 2.55203e-05
292 0.00 1.71731e-02 2.27304e-05
12 0.25 1.99057e-02 3.37613e-05
32 0.25 1.81433e-02 2.13756e-05
52 0.25 1.63966e-02 2.99114e-05
72 0.25 1.71148e-02 2.61032e-05
92 0.25 2.12878e-02 3.52120e-05
112 0.25 1.67289e-02 2.41685e-05
132 0.25 1.87720e-02 3.76403e-05
152 0.25 2.00411e-02 1.66069e-05
172 0.25 1.72759e-02 2.08288e-05
192 0.25 1.55128e-02 2.30654e-05
212 0.25 1.95129e-02 3.71597e-05
232 0.25 1.66373e-02 3.20843e-05
252 0.25 1.97482e-02 3.77529e-05
272 0.25 1.60851e-02 2.63985e-05
292 0.25 1.73810e-02 3.65174e-05
12 0.50 1.93086e-02 5.14560e-05
32 0.50 1.69173e-02 3.37257e-05
52 0.50 1.68434e-02 3.92822e-05
72 0.50 1.94934e-02 4.64301e-05
92 0.50 2.22024e-02 4.40100e-05
112 0.50 1.57696e-02 2.83900e-05
132 0.50 1.82024e-02 3.19883e-05
152 0.50 2.19738e-02 3.63946e-05
172 0.50 1.68817e-02 1.97085e-05
192 0.50 1.70042e-02 3.39206e-05
212 0.50 1.78048e-02 4.00181e-05
232 0.50 1.76301e-02 3.23460e-05
252 0.50 1.73220e-02 4.08801e-05
272 0.50 1.59760e-02 3.44954e-05
292 0.50 1.75497e-02 3.16935e-05
12 0.75 1.88206e-02 4.00783e-05
32 0.75 1.81896e-02 4.55764e-05
52 0.75 1.73812e-02 5.24203e-05
72 0.75 1.76750e-02 4.24279e-05
92 0.75 1.98906e-02 5.65672e-05
112 0.75 1.65471e-02 4.77627e-05
132 0.75 1.81277e-02 3.17503e-05
152 0.75 2.01661e-02 4.90292e-05
172 0.75 1.63472e-02 2.34460e-05
192 0.75 1.67752e-02 3.75669e-05
212 0.75 1.61596e-02 3.41821e-05
232 0.75 1.76745e-02 2.01919e-05
252 0.75 1.94883e-02 6.43907e-05
272 0.75 1.74768e-02 4.78754e-05
292 0.75 1.98154e-02 5.22642e-05
12 1.00 1.91450e-02 4.66920e-05
32 1.00 1.48988e-02 2.41642e-05
52 1.00 1.45966e-02 2.34381e-05
72 1.00 1.79523e-02 4.72189e-05
92 1.00 1.93227e-02 3.97371e-05
112 1.00 1.61000e-02 8.65979e-05
132 1.00 1.65305e-02 2.98705e-05
152 1.00 2.04397e-02 3.68454e-05
172 1.00 1.79795e-02 3.93763e-05
192 1.00 1.60786e-02 2.42523e-05
212 1.00 1.80070e-02 3.69406e-05
232 1.00 1.59905e-02 2.73192e-05
252 1.00 1.81127e-02 4.69271e-05
272 1.00 1.56316e-02 2.75385e-05
292 1.00 1.54113e-02 2.58501e-05
13 -1.00 2.03639e-02 3.00707e-05
33 -1.00 2.21858e-02 2.05759e-05
53 -1.00 2.07816e-02 3.25609e-05
73 -1.00 2.17497e-02 2.65299e-05
93 -1.00 1.98721e-02 3.47653e-05
113 -1.00 2.12727e-02 2.47806e-05
133 -1.00 1.76774e-02 2.00012e-05
153 -1.00 1.95049e-02 1.55367e-05
173 -1.00 2.62377e-02 3.24806e-05
193 -1.00 1.88332e-02 1.86501e-05
213 -1.00 1.84820e-02 2.36091e-05
233 -1.00 2.37168e-02 2.11243e-05
253 -1.00 1.86376e-02 2.62881e-05
273 -1.00 1.44848e-02 8.13870e-06
293 -1.00 1.90799e-02 2.53005e-05
13 -0.75 2.12129e-02 1.55813e-05
33 -0.75 2.23704e-02 2.63945e-05
53 -0.75 1.96734e-02 2.57210e-05
73 -0.75 2.22509e-02 5.71466e-05
93 -0.75 1.98215e-02 3.43396e-05
113 -0.75 2.09717e-02 3.66549e-05
133 -0.75 1.74698e-02 2.36209e-05
153 -0.75 1.87457e-02 3.21442e-05
173 -0.75 2.42380e-02 2.14259e-05
193 -0.75 1.86599e-02 1.85189e-05
213 -0.75 1.82435e-02 3.48794e-05
233 -0.75 2.23029e-02 2.96093e-05
253 -0.75 1.69881e-02 1.86651e-05
273 -0.75 1.52725e-02 1.93113e-05
293 -0.75 1.97463e-02 1.84814e-05
13 -0.50 2.24739e-02 4.95973e-05
33 -0.50 2.13535e-02 2.39035e-05
53 -0.50 1.95019e-02 2.13517e-05
73 -0.50 1.80590e-02 2.34768e-05
93 -0.50 1.98053e-02 1.71330e-05
113 -0.50 2.21778e-02 5.05798e-05
133 -0.50 1.73737e-02 2.38881e-05
153 -0.50 1.83151e-02 1.99869e-05
173 -0.50 2.48456e-02 2.69507e-05
193 -0.50 1.77121e-02 1.66902e-05
213 -0.50 1.62286e-02 1.52729e-05
233 -0.50 2.26446e-02 3.55347e-05
253 -0.50 1.57788e-02 2.16019e-05
273 -0.50 1.49930e-02 1.73554e-05
293 -0.50 1.81275e-02 2.21655e-05
13 -0.25 2.03325e-02 2.06267e-05
33 -0.25 2.12134e-02 2.29363e-05
53 -0.25 1.78025e-02 2.46054e-05
73 -0.25 1.87104e-02 2.62620e-05
93 -0.25 1.98294e-02 2.17263e-05
113 -0.25 1.98053e-02 2.33575e-05
133 -0.25 1.84440e-02 1.78516e-05
153 -0.25 1.90186e-02 2.32495e-05
173 -0.25 2.33829e-02 1.81447e-05
193 -0.25 1.76722e-02 1.76287e-05
213 -0.25 1.69231e-02 4.56624e-05
233 -0.25 2.27617e-02 3.49783e-05
253 -0.25 1.67388e-02 2.82896e-05
273 -0.25 1.52315e-02 2.72132e-05
293 -0.25 1.82133e-02 1.60908e-05
13 0.00 2.37433e-02 4.77841e-05
33 0.00 2.18323e-02 3.83753e-05
53 0.00 1.91013e-02 4.34318e-05
73 0.00 1.91693e-02 2.80879e-05
93 0.00 1.98924e-02 3.55975e-05
113 0.00 1.91808e-02 3.03670e-05
133 0.00 1.67998e-02 1.97236e-05
153 0.00 1.94435e-02 2.10336e-05
173 0.00 2.43195e-02 2.83553e-05
193 0.00 1.65000e-02 1.46830e-05
213 0.00 1.52184e-02 2.64423e-05
233 0.00 2.10007e-02 3.13357e-05
253 0.00 1.53257e-02 4.13276e-05
273 0.00 1.56845e-02 2.02109e-05
293 0.00 1.85036e-02 2.88362e-05
13 0.25 2.17301e-02 3.56343e-05
33 0.25 2.16258e-02 3.33787e-05
53 0.25 1.74478e-02 2.21290e-05
73 0.25 1.63779e-02 2.76300e-05
93 0.25 1.85092e-02 1.86758e-05
113 0.25 1.79025e-02 4.06968e-05
133 0.25 1.91766e-02 4.67102e-05
153 0.25 1.81859e-02 1.36960e-05
173 0.25 2.41443e-02 4.88892e-05
193 0.25 1.69058e-02 3.00182e-05
213 0.25 1.52458e-02 2.88595e-05
233 0.25 1.87537e-02 2.53923e-05
253 0.25 1.41954e-02 2.44668e-05
273 0.25 1.59176e-02 3.33872e-05
293 0.25 1.79664e-02 2.03477e-05
13 0.50 2.06398e-02 4.07863e-05
33 0.50 2.22534e-02 4.37413e-05
53 0.50 1.59791e-02 3.03862e-05
73 0.50 1.74409e-02 4.42357e-05
93 0.50 1.86250e-02 2.74361e-05
113 0.50 1.85401e-02 4.02692e-05
133 0.50 1.85338e-02 3.36233e-05
153 0.50 2.20103e-02 5.73752e-05
173 0.50 2.38703e-02 2.77100e-05
193 0.50 1.79008e-02 3.43744e-05
213 0.50 1.49117e-02 3.47275e-05
233 0.50 2.17841e-02 5.26600e-05
253 0.50 1.44760e-02 2.33719e-05
273 0.50 1.67970e-02 3.20528e-05
293 0.50 1.88028e-02 3.53694e-05
13 0.75 2.10792e-02 6.25665e-05
33 0.75 2.32492e-02 4.40839e-05
53 0.75 1.76373e-02 2.87550e-05
73 0.75 1.50025e-02 2.78180e-05
93 0.75 1.90313e-02 4.00216e-05
113 0.75 1.68531e-02 3.27015e-05
133 0.75 1.81931e-02 2.68086e-05
153 0.75 1.92966e-02 3.23668e-05
173 0.75 2.13431e-02 5.46353e-05
193 0.75 1.67472e-02 4.33397e-05
213 0.75 1.31887e-02 1.80636e-05
233 0.75 2.18256e-02 3.23768e-05
253 0.75 1.41056e-02 2.02621e-05
273 0.75 1.73119e-02 4.87808e-05
293 0.75 1.88649e-02 3.87731e-05
13 1.00 1.76794e-02 2.70365e-05
33 1.00 2.17219e-02 5.60644e-05
53 1.00 1.65572e-02 3.64821e-05
73 1.00 1.71101e-02 4.27959e-05
93 1.00 1.91619e-02 4.64428e-05
113 1.00 1.63701e-02 3.51291e-05
133 1.00 1.84622e-02 3.50836e-05
153 1.00 1.97367e-02 4.23639e-05
173 1.00 2.35443e-02 5.55192e-05
193 1.00 1.71726e-02 4.59460e-05
213 1.00 1.36712e-02 3.41601e-05
233 1.00 2.10634e-02 6.82397e-05
253 1.00 1.36361e-02 3.95731e-05
273 1.00 1.61876e-02 6.09153e-05
293 1.00 1.81669e-02 4.60524e-05
14 -1.00 2.35529e-02 2.43129e-05
34 -1.00 2.00213e-02 2.28016e-05
54 -1.00 1.78574e-02 1.59220e-05
74 -1.00 2.20707e-02 2.93202e-05
94 -1.00 2.01264e-02 2.15113e-05
114 -1.00 2.07154e-02 1.66755e-05
134 -1.00 2.25143e-02 2.62461e-05
154 -1.00 2.05494e-02 3.41415e-05
174 -1.00 2.15166e-02 2.40795e-05
194 -1.00 1.77668e-02 1.44558e-05
214 -1.00 1.77065e-02 1.65744e-05
234 -1.00 1.98472e-02 3.61839e-05
254 -1.00 2.08266e-02 3.16448e-05
274 -1.00 1.96431e-02 2.12317e-05
294 -1.00 2.01205e-02 1.74750e-05
14 -0.75 1.71970e-02 2.65779e-05
34 -0.75 1.82889e-02 2.20593e-05
54 -0.75 1.70780e-02 1.78682e-05
74 -0.75 2.14245e-02 1.56524e-05
94 -0.75 2.03875e-02 1.91771e-05
114 -0.75 2.06937e-02 3.60715e-05
134 -0.75 2.18706e-02 3.46452e-05
154 -0.75 2.05663e-02 2.35442e-05
174 -0.75 2.12101e-02 1.81772e-05
194 -0.75 1.73093e-02 1.76391e-05
214 -0.75 1.68256e-02 1.33564e-05
234 -0.75 2.03724e-02 3.11404e-05
254 -0.75 2.06475e-02 2.26762e-05
274 -0.75 2.08051e-02 4.70598e-05
294 -0.75 2.07043e-02 2.12502e-05
14 -0.50 1.62392e-02 1.91106e-05
34 -0.50 1.86860e-02 2.39115e-05
54 -0.50 1.71502e-02 3.43050e-05
74 -0.50 2.18694e-02 1.47258e-05
94 -0.50 1.83938e-02 2.03118e-05
114 -0.50 1.98748e-02 2.09710e-05
134 -0.50 2.07237e-02 3.19725e-05
154 -0.50 1.93044e-02 2.50146e-05
174 -0.50 1.98364e-02 3.16295e-05
194 -0.50 1.78975e-02 1.86672e-05
214 -0.50 1.75259e-02 2.29310e-05
234 -0.50 1.97665e-02 2.48451e-05
254 -0.50 1.94576e-02 4.37781e-05
274 -0.50 1.68965e-02 1.41701e-05
294 -0.50 1.93855e-02 2.41258e-05
14 -0.25 1.77640e-02 3.61642e-05
34 -0.25 1.67775e-02 2.04883e-05
54 -0.25 1.65983e-02 3.57748e-05
74 -0.25 2.10881e-02 2.50114e-05
94 -0.25 1.96416e-02 3.59657e-05
114 -0.25 1.94864e-02 1.90006e-05
134 -0.25 1.94474e-02 3.15743e-05
154 -0.25 1.99911e-02 3.08994e-05
174 -0.25 2.00268e-02 2.39031e-05
194 -0.25 1.82831e-02 1.94879e-05
214 -0.25 1.68716e-02 2.69999e-05
234 -0.25 1.86046e-02 2.47509e-05
254 -0.25 2.02581e-02 3.88872e-05
274 -0.25 1.71022e-02 1.98588e-05
294 -0.25 1.83728e-02 1.51062e-05
14 0.00 1.58157e-02 2.57287e-05
34 0.00 1.74592e-02 2.32987e-05
54 0.00 1.69907e-02 3.27159e-05
74 0.00 1.95437e-02 1.73603e-05
94 0.00 1.91118e-02 4.09478e-05
114 0.00 1.75510e-02 2.45622e-05
134 0.00 1.95351e-02 3.11963e-05
154 0.00 1.80351e-02 1.88706e-05
174 0.00 2.03811e-02 1.96494e-05
194 0.00 1.79278e-02 3.05570e-05
214 0.00 1.56821e-02 2.28710e-05
234 0.00 1.88480e-02 4.39883e-05
254 0.00 1.98265e-02 3.95236e-05
274 0.00 1.71127e-02 1.98405e-05
294 0.00 1.87968e-02 3.90313e-05
14 0.25 1.66274e-02 3.55931e-05
34 0.25 1.78547e-02 3.53792e-05
54 0.25 1.78021e-02 5.16704e-05
74 0.25 1.94419e-02 1.90714e-05
94 0.25 2.02235e-02 4.30392e-05
114 0.25 1.85016e-02 3.61649e-05
134 0.25 1.80278e-02 3.50666e-05
154 0.25 1.76405e-02 2.96461e-05
174 0.25 2.09392e-02 2.16316e-05
194 0.25 1.79479e-02 1.81796e-05
214 0.25 1.58814e-02 1.68578e-05
234 0.25 1.60761e-02 3.98272e-05
254 0.25 2.05344e-02 4.14892e-05
274 0.25 1.72153e-02 2.85206e-05
294 0.25 1.81574e-02 3.79577e-05
14 0.50 1.71240e-02 2.69154e-05
34 0.50 1.71093e-02 2.37772e-05
54 0.50 1.53538e-02 2.90008e-05
74 0.50 2.00240e-02 2.89675e-05
94 0.50 1.94531e-02 2.49851e-05
114 0.50 1.80163e-02 3.29152e-05
134 0.50 1.92914e-02 6.79829e-05
154 0.50 1.73877e-02 3.05884e-05
174 0.50 2.05017e-02 3.03472e-05
194 0.50 1.97680e-02 5.73314e-05
214 0.50 1.60948e-02 3.14687e-05
234 0.50 1.57636e-02 4.21871e-05
254 0.50 1.79184e-02 3.53899e-05
274 0.50 1.65717e-02 3.79425e-05
294 0.50 1.61239e-02 2.41556e-05
14 0.75 1.58933e-02 4.31409e-05
34 0.75 1.84163e-02 3.00176e-05
54 0.75 1.35680e-02 3.17746e-05
74 0.75 2.05753e-02 3.96733e-05
94 0.75 1.83019e-02 2.97860e-05
114 0.75 1.88606e-02 3.15411e-05
134 0.75 1.76687e-02 3.80352e-05
154 0.75 1.81638e-02 2.90348e-05
174 0.75 2.11090e-02 3.65550e-05
194 0.75 1.78062e-02 2.77431e-05
214 0.75 1.63361e-02 3.94041e-05
234 0.75 1.57177e-02 4.01195e-05
254 0.75 2.07062e-02 4.44423e-05
274 0.75 1.68309e-02 4.14660e-05
294 0.75 1.53849e-02 1.89425e-05
14 1.00 1.72343e-02 4.66222e-05
34 1.00 1.77723e-02 5.01312e-05
54 1.00 1.60270e-02 5.45354e-05
74 1.00 2.03257e-02 4.60624e-05
94 1.00 1.92400e-02 4.00515e-05
114 1.00 1.73586e-02 4.56068e-05
134 1.00 1.65454e-02 2.52621e-05
154 1.00 1.64449e-02 3.09659e-05
174 1.00 2.00417e-02 4.72006e-05
194 1.00 1.76929e-02 4.69972e-05
214 1.00 1.58275e-02 2.97759e-05
234 1.00 1.55250e-02 3.97459e-05
254 1.00 2.01340e-02 5.94781e-05
274 1.00 1.70230e-02 4.15860e-05
294 1.00 1.58463e-02 4.15695e-05
15 -1.00 1.60660e-02 7.51330e-06
35 -1.00 1.82444e-02 1.86298e-05
55 -1.00 1.73269e-02 1.32189e-05
75 -1.00 1.98674e-02 3.03623e-05
95 -1.00 1.73018e-02 1.57911e-05
115 -1.00 1.63293e-02 1.15622e-05
135 -1.00 2.09108e-02 2.56220e-05
155 -1.00 2.14366e-02 2.24852e-05
175 -1.00 2.10140e-02 3.17562e-05
195 -1.00 2.31632e-02 3.85827e-05
215 -1.00 2.18393e-02 4.08026e-05
235 -1.00 1.98063e-02 3.09441e-05
255 -1.00 1.90330e-02 1.56253e-05
275 -1.00 1.94803e-02 3.28361e-05
295 -1.00 2.21529e-02 2.85169e-05
15 -0.75 2.05927e-02 3.01342e-05
35 -0.75 1.73655e-02 1.41067e-05
55 -0.75 1.65199e-02 2.03670e-05
75 -0.75 1.96010e-02 2.72910e-05
95 -0.75 1.62923e-02 1.62077e-05
115 -0.75 1.70113e-02 2.00385e-05
135 -0.75 2.02480e-02 3.03134e-05
155 -0.75 2.05008e-02 2.85536e-05
175 -0.75 2.00217e-02 2.22899e-05
195 -0.75 2.14256e-02 1.90100e-05
215 -0.75 2.32488e-02 3.51709e-05
235 -0.75 1.81963e-02 2.07870e-05
255 -0.75 1.96709e-02 2.39620e-05
275 -0.75 1.93826e-02 1.66402e-05
295 -0.75 2.05828e-02 2.59029e-05
15 -0.50 2.06190e-02 1.93390e-05
35 -0.50 1.73393e-02 2.79496e-05
55 -0.50 1.60813e-02 1.66905e-05
75 -0.50 2.05960e-02 2.38173e-05
95 -0.50 1.78097e-02 2.38187e-05
115 -0.50 1.63920e-02 2.47649e-05
135 -0.50 1.97320e-02 3.48297e-05
155 -0.50 1.92095e-02 3.20439e-05
175 -0.50 1.83702e-02 2.31969e-05
195 -0.50 2.18313e-02 3.01412e-05
215 -0.50 2.32853e-02 5.49243e-05
235 -0.50 1.82818e-02 2.19155e-05
255 -0.50 1.86039e-02 1.76362e-05
275 -0.50 1.92967e-02 2.44455e-05
295 -0.50 2.06880e-02 3.09218e-05
15 -0.25 2.13861e-02 4.32737e-05
35 -0.25 1.63943e-02 1.88209e-05
55 -0.25 1.55698e-02 1.97106e-05
75 -0.25 1.95398e-02 3.09922e-05
95 -0.25 1.69929e-02 2.83878e-05
115 -0.25 1.51456e-02 3.00752e-05
135 -0.25 1.88612e-02 2.14256e-05
155 -0.25 2.00816e-02 3.50331e-05
175 -0.25 1.95296e-02 2.51697e-05
195 -0.25 2.12664e-02 3.82055e-05
215 -0.25 2.06726e-02 2.77792e-05
235 -0.25 1.76481e-02 2.07611e-05
255 -0.25 1.86235e-02 2.09329e-05
275 -0.25 1.85679e-02 1.76600e-05
295 -0.25 2.05408e-02 3.65649e-05
15 0.00 1.97782e-02 4.31509e-05
35 0.00 1.72291e-02 3.91633e-05
55 0.00 1.53420e-02 1.48444e-05
75 0.00 1.93523e-02 4.91030e-05
95 0.00 1.58325e-02 2.40934e-05
115 0.00 1.51948e-02 2.17576e-05
135 0.00 1.84255e-02 2.21838e-05
155 0.00 2.02964e-02 2.74227e-05
175 0.00 1.90726e-02 2.09811e-05
195 0.00 2.13791e-02 3.62056e-05
215 0.00 1.97534e-02 2.73430e-05
235 0.00 1.82731e-02 3.01309e-05
255 0.00 1.84296e-02 2.49089e-05
275 0.00 1.73992e-02 1.91148e-05
295 0.00 1.99518e-02 3.67386e-05
15 0.25 1.91127e-02 5.43910e-05
35 0.25 1.72736e-02 2.58303e-05
55 0.25 1.68248e-02 1.79505e-05
75 0.25 1.94749e-02 2.66591e-05
95 0.25 1.56983e-02 1.38746e-05
115 0.25 1.38367e-02 2.42673e-05
135 0.25 1.76839e-02 3.29289e-05
155 0.25 2.14287e-02 3.70775e-05
175 0.25 1.92194e-02 2.93363e-05
195 0.25 2.26669e-02 3.51827e-05
215 0.25 1.89561e-02 2.87274e-05
235 0.25 1.63236e-02 3.25182e-05
255 0.25 1.88121e-02 3.96597e-05
275 0.25 1.78397e-02 2.55296e-05
295 0.25 2.10185e-02 5.22584e-05
15 0.50 2.06833e-02 4.34842e-05
35 0.50 1.64250e-02 3.47021e-05
55 0.50 1.60978e-02 2.34473e-05
75 0.50 1.72030e-02 2.28201e-05
95 0.50 1.65138e-02 2.04814e-05
115 0.50 1.50776e-02 2.09945e-05
135 0.50 1.73872e-02 3.31946e-05
155 0.50 2.04950e-02 4.23652e-05
175 0.50 1.77707e-02 1.99115e-05
195 0.50 2.28336e-02 4.81304e-05
215 0.50 1.82104e-02 1.98703e-05
235 0.50 1.69215e-02 2.94736e-05
255 0.50 1.85770e-02 3.64611e-05
275 0.50 1.75802e-02 1.83905e-05
295 0.50 2.00563e-02 3.41531e-05
15 0.75 1.69327e-02 3.01230e-05
35 0.75 1.54736e-02 1.96094e-05
55 0.75 1.56678e-02 3.78350e-05
75 0.75 1.71282e-02 2.62304e-05
95 0.75 1.68602e-02 3.34731e-05
115 0.75 1.52148e-02 2.68027e-05
135 0.75 1.68056e-02 2.57679e-05
155 0.75 1.93279e-02 3.82202e-05
175 0.75 1.81082e-02 2.86646e-05
195 0.75 2.22946e-02 4.08112e-05
215 0.75 1.78269e-02 4.86889e-05
235 0.75 1.67454e-02 2.75763e-05
255 0.75 1.64073e-02 1.53302e-05
275 0.75 1.82526e-02 3.20184e-05
295 0.75 2.13663e-02 6.07339e-05
15 1.00 1.84436e-02 4.03889e-05
35 1.00 1.71103e-02 4.48410e-05
55 1.00 1.68069e-02 3.12678e-05
75 1.00 1.52329e-02 2.79853e-05
95 1.00 1.76457e-02 3.15954e-05
115 1.00 1.67935e-02 4.62111e-05
135 1.00 1.86537e-02 5.23831e-05
155 1.00 2.00101e-02 7.09885e-05
175 1.00 1.86805e-02 4.36438e-05
195 1.00 2.00415e-02 7.94536e-05
215 1.00 1.80241e-02 3.83365e-05
235 1.00 1.57976e-02 2.14786e-05
255 1.00 1.79525e-02 3.30766e-05
275 1.00 1.90914e-02 5.04930e-05
295 1.00 2.05661e-02 4.94554e-05
16 -1.00 2.01628e-02 2.04037e-05
36 -1.00 1.64680e-02 2.67589e-05
56 -1.00 1.96721e-02 1.88520e-05
76 -1.00 1.93004e-02 2.47928e-05
96 -1.00 2.16114e-02 2.16401e-05
116 -1.00 1.81738e-02 2.67344e-05
136 -1.00 1.61207e-02 1.05771e-05
156 -1.00 2.31038e-02 2.77002e-05
176 -1.00 2.12413e-02 2.12513e-05
196 -1.00 2.18786e-02 2.00474e-05
216 -1.00 1.88834e-02 1.89278e-05
236 -1.00 2.08624e-02 2.25842e-05
256 -1.00 1.73330e-02 9.18331e-06
276 -1.00 2.05684e-02 2.91191e-05
296 -1.00 2.00888e-02 1.98500e-05
16 -0.75 2.16853e-02 3.57357e-05
36 -0.75 1.56666e-02 1.96788e-05
56 -0.75 1.97615e-02 1.89408e-05
76 -0.75 1.89024e-02 2.46094e-05
96 -0.75 2.21207e-02 2.32428e-05
116 -0.75 1.77578e-02 2.56254e-05
136 -0.75 1.65873e-02 2.17983e-05
156 -0.75 2.36334e-02 2.33615e-05
176 -0.75 2.09225e-02 2.75927e-05
196 -0.75 2.08086e-02 2.45719e-05
216 -0.75 1.89613e-02 1.68618e-05
236 -0.75 2.26993e-02 5.20087e-05
256 -0.75 1.77301e-02 1.49075e-05
276 -0.75 1.96506e-02 2.78389e-05
296 -0.75 1.96796e-02 2.02135e-05
16 -0.50 1.83714e-02 2.43050e-05
36 -0.50 1.49004e-02 2.73741e-05
56 -0.50 1.97706e-02 1.77656e-05
76 -0.50 1.93082e-02 2.43308e-05
96 -0.50 2.23540e-02 5.57269e-05
116 -0.50 1.71107e-02 2.32137e-05
136 -0.50 1.57036e-02 1.74832e-05
156 -0.50 2.24984e-02 2.86432e-05
176 -0.50 2.02068e-02 3.45814e-05
196 -0.50 2.15086e-02 4.47734e-05
216 -0.50 1.83817e-02 2.64760e-05
236 -0.50 2.03733e-02 5.32294e-05
256 -0.50 1.87706e-02 1.32368e-05
276 -0.50 2.08381e-02 5.06522e-05
296 -0.50 2.08603e-02 3.20495e-05
16 -0.25 1.69051e-02 2.80991e-05
36 -0.25 1.40608e-02 1.41758e-05
56 -0.25 1.99411e-02 2.53390e-05
76 -0.25 1.84241e-02 1.77166e-05
96 -0.25 2.17448e-02 2.90310e-05
116 -0.25 1.71543e-02 3.76644e-05
136 -0.25 1.68072e-02 2.65172e-05
156 -0.25 2.29403e-02 2.40019e-05
176 -0.25 1.88592e-02 1.38661e-05
196 -0.25 2.18637e-02 3.14881e-05
216 -0.25 1.87410e-02 3.51259e-05
236 -0.25 1.94251e-02 2.66674e-05
256 -0.25 1.85966e-02 2.28118e-05
276 -0.25 1.77232e-02 2.40870e-05
296 -0.25 1.99483e-02 1.01743e-04
16 0.00 1.85675e-02 5.48046e-05
36 0.00 1.28831e-02 2.86576e-05
56 0.00 2.06059e-02 3.30363e-05
76 0.00 1.85471e-02 4.99031e-05
96 0.00 2.02339e-02 2.79730e-05
116 0.00 1.41200e-02 2.07829e-05
136 0.00 1.60996e-02 1.98766e-05
156 0.00 2.18858e-02 4.30068e-05
176 0.00 1.77725e-02 2.83357e-05
196 0.00 2.13621e-02 3.38750e-05
216 0.00 1.81134e-02 2.65610e-05
236 0.00 2.08546e-02 4.29788e-05
256 0.00 1.74288e-02 2.07407e-05
276 0.00 1.70768e-02 2.75748e-05
296 0.00 1.77002e-02 2.15211e-05
16 0.25 1.70318e-02 2.25989e-05
36 0.25 1.35041e-02 2.18886e-05
56 0.25 1.92485e-02 2.67953e-05
76 0.25 1.83772e-02 2.49956e-05
96 0.25 1.84069e-02 3.29384e-05
116 0.25 1.40610e-02 2.45462e-05
136 0.25 1.69355e-02 3.40355e-05
156 0.25 2.14000e-02 3.04836e-05
176 0.25 2.00963e-02 4.20567e-05
196 0.25 1.97643e-02 4.08700e-05
216 0.25 1.78048e-02 3.22227e-05
236 0.25 2.05798e-02 2.37674e-05
256 0.25 1.73802e-02 4.27933e-05
276 0.25 1.62780e-02 1.75134e-05
296 0.25 1.92712e-02 4.66430e-05
16 0.50 1.57295e-02 3.64376e-05
36 0.50 1.33474e-02 2.23042e-05
56 0.50 2.04954e-02 7.33138e-05
76 0.50 1.97452e-02 3.30465e-05
96 0.50 1.97559e-02 3.78617e-05
116 0.50 1.42843e-02 3.90673e-05
136 0.50 1.61240e-02 2.62423e-05
156 0.50 2.24466e-02 3.45027e-05
176 0.50 1.79357e-02 3.00565e-05
196 0.50 2.12388e-02 4.52349e-05
216 0.50 1.81411e-02 3.32684e-05
236 0.50 2.04803e-02 3.11219e-05
256 0.50 1.91079e-02 2.65712e-05
276 0.50 1.63725e-02 3.13169e-05
296 0.50 1.81548e-02 2.53697e-05
16 0.75 1.63433e-02 3.34604e-05
36 0.75 1.31524e-02 2.59382e-05
56 0.75 1.98051e-02 4.02302e-05
76 0.75 1.79865e-02 2.91282e-05
96 0.75 1.93912e-02 4.55704e-05
116 0.75 1.49224e-02 2.93547e-05
136 0.75 1.65440e-02 2.84756e-05
156 0.75 2.12786e-02 3.81517e-05
176 0.75 1.88675e-02 3.24113e-05
196 0.75 1.94798e-02 3.15454e-05
216 0.75 1.73577e-02 4.31647e-05
236 0.75 1.90453e-02 2.53400e-05
256 0.75 1.93526e-02 5.38979e-05
276 0.75 1.47263e-02 3.29287e-05
296 0.75 1.88175e-02 3.29560e-05
16 1.00 1.68857e-02 5.49647e-05
36 1.00 1.48729e-02 2.33245e-05
56 1.00 1.88726e-02 5.12046e-05
76 1.00 1.57253e-02 2.81277e-05
96 1.00 1.77841e-02 3.45440e-05
116 1.00 1.32181e-02 6.11170e-05
136 1.00 1.61003e-02 3.53925e-05
156 1.00 2.05247e-02 3.35038e-05
176 1.00 1.69043e-02 2.20759e-05
196 1.00 2.31232e-02 5.75732e-05
216 1.00 1.77650e-02 4.57017e-05
236 1.00 1.97972e-02 4.08847e-05
256 1.00 1.74076e-02 2.61234e-05
276 1.00 1.64848e-02 5.41728e-05
296 1.00 1.67979e-02 4.16328e-05
17 -1.00 1.71770e-02 1.85989e-05
37 -1.00 1.48798e-02 8.56455e-06
57 -1.00 1.75672e-02 1.54426e-05
77 -1.00 2.07773e-02 5.26213e-05
97 -1.00 1.97212e-02 1.31807e-05
117 -1.00 2.40819e-02 5.19260e-05
137 -1.00 1.95240e-02 2.09930e-05
157 -1.00 1.97837e-02 2.39877e-05
177 -1.00 2.07675e-02 2.01823e-05
197 -1.00 1.85359e-02 8.09216e-06
217 -1.00 1.94454e-02 3.00820e-05
237 -1.00 1.88623e-02 2.37124e-05
257 -1.00 2.00407e-02 2.80125e-05
277 -1.00 1.95233e-02 1.69976e-05
297 -1.00 2.28373e-02 2.63339e-05
17 -0.75 2.20133e-02 1.61756e-05
37 -0.75 1.45026e-02 2.89822e-05
57 -0.75 1.82870e-02 1.91018e-05
77 -0.75 1.97340e-02 2.69156e-05
97 -0.75 1.96165e-02 1.46528e-05
117 -0.75 2.30793e-02 2.75345e-05
137 -0.75 1.87449e-02 1.47160e-05
157 -0.75 1.92691e-02 2.48108e-05
177 -0.75 2.10491e-02 2.14757e-05
197 -0.75 1.88034e-02 2.18779e-05
217 -0.75 1.92074e-02 3.06659e-05
237 -0.75 1.97641e-02 3.29381e-05
257 -0.75 1.90184e-02 2.52349e-05
277 -0.75 1.93192e-02 2.58813e-05
297 -0.75 2.33495e-02 3.77347e-05
17 -0.50 2.08274e-02 2.55218e-05
37 -0.50 1.54343e-02 2.26008e-05
57 -0.50 1.86916e-02 2.23833e-05
77 -0.50 1.81272e-02 3.74490e-05
97 -0.50 1.95136e-02 1.92066e-05
117 -0.50 2.04082e-02 2.32967e-05
137 -0.50 1.94326e-02 2.69456e-05
157 -0.50 1.88626e-02 2.53783e-05
177 -0.50 1.98209e-02 2.63025e-05
197 -0.50 1.98380e-02 4.17015e-05
217 -0.50 1.75466e-02 2.32058e-05
237 -0.50 1.99518e-02 4.13768e-05
257 -0.50 1.63331e-02 1.76902e-05
277 -0.50 1.94100e-02 2.21769e-05
297 -0.50 2.07514e-02 2.32125e-05
17 -0.25 2.01864e-02 1.89785e-05
37 -0.25 1.40236e-02 1.43734e-05
57 -0.25 1.78194e-02 3.55255e-05
77 -0.25 1.82028e-02 2.43390e-05
97 -0.25 1.99086e-02 2.12154e-05
117 -0.25 2.09800e-02 2.58409e-05
137 -0.25 2.03368e-02 2.24505e-05
157 -0.25 1.84614e-02 2.43699e-05
177 -0.25 2.04742e-02 3.08719e-05
197 -0.25 1.68968e-02 1.95350e-05
217 -0.25 1.90527e-02 3.60599e-05
237 -0.25 1.89106e-02 2.75370e-05
257 -0.25 1.72846e-02 3.54581e-05
277 -0.25 1.81553e-02 1.73942e-05
297 -0.25 2.00214e-02 3.47092e-05
17 0.00 1.94077e-02 2.73210e-05
37 0.00 1.45509e-02 2.96877e-05
57 0.00 1.75418e-02 2.32321e-05
77 0.00 1.72340e-02 1.84790e-05
97 0.00 1.93901e-02 3.39346e-05
117 0.00 1.85429e-02 3.28097e-05
137 0.00 2.03192e-02 1.84285e-05
157 0.00 1.79649e-02 3.53197e-05
177 0.00 2.07420e-02 2.47070e-05
197 0.00 1.80392e-02 3.14345e-05
217 0.00 1.88828e-02 3.16419e-05
237 0.00 1.86798e-02 2.92431e-05
257 0.00 1.65928e-02 1.59367e-05
277 0.00 1.78148e-02 2.78316e-05
297 0.00 1.92898e-02 4.39893e-05
17 0.25 2.08604e-02 2.89817e-05
37 0.25 1.53166e-02 3.00933e-05
57 0.25 1.78374e-02 3.11749e-05
77 0.25 1.70262e-02 4.13178e-05
97 0.25 1.91907e-02 4.51709e-05
117 0.25 1.94198e-02 4.20036e-05
137 0.25 1.86858e-02 2.89525e-05
157 0.25 1.73486e-02 4.84783e-05
177 0.25 1.98910e-02 2.48855e-05
197 0.25 1.78902e-02 4.79101e-05
217 0.25 1.65450e-02 2.40455e-05
237 0.25 1.91619e-02 3.48255e-05
257 0.25 1.64742e-02 2.02748e-05
277 0.25 1.78709e-02 4.00467e-05
297 0.25 1.83304e-02 3.75914e-05
17 0.50 2.00030e-02 2.48589e-05
37 0.50 1.31297e-02 3.21267e-05
57 0.50 1.78680e-02 3.40969e-05
77 0.50 1.86360e-02 6.33194e-05
97 0.50 1.86025e-02 4.18792e-05
117 0.50 1.93768e-02 3.17664e-05
137 0.50 1.96236e-02 4.26918e-05
157 0.50 1.74811e-02 3.92941e-05
177 0.50 1.98322e-02 5.03110e-05
197 0.50 1.71332e-02 3.53254e-05
217 0.50 1.68085e-02 5.05225e-05
237 0.50 1.85791e-02 3.04046e-05
257 0.50 1.65048e-02 4.29060e-05
277 0.50 1.91558e-02 3.89938e-05
297 0.50 1.88590e-02 4.69634e-05
17 0.75 1.89588e-02 3.68605e-05
37 0.75 1.36521e-02 2.41928e-05
57 0.75 1.62799e-02 3.38073e-05
77 0.75 1.67492e-02 3.46830e-05
97 0.75 1.88778e-02 3.59294e-05
117 0.75 1.98853e-02 3.76127e-05
137 0.75 1.85627e-02 3.58465e-05
157 0.75 1.88839e-02 4.30116e-05
177 0.75 1.98627e-02 2.62183e-05
197 0.75 1.67578e-02 3.21231e-05
217 0.75 1.68421e-02 3.67649e-05
237 0.75 1.91510e-02 3.82639e-05
257 0.75 1.75420e-02 5.76979e-05
277 0.75 1.72343e-02 6.70293e-05
297 0.75 1.84790e-02 3.71391e-05
17 1.00 1.97057e-02 3.83309e-05
37 1.00 1.32892e-02 3.22567e-05
57 1.00 1.54712e-02 3.22503e-05
77 1.00 1.66878e-02 7.36262e-05
97 1.00 1.88811e-02 3.78466e-05
117 1.00 1.68947e-02 3.22303e-05
137 1.00 1.68715e-02 5.10114e-05
157 1.00 1.89769e-02 5.26039e-05
177 1.00 1.91189e-02 4.76546e-05
197 1.00 1.62327e-02 5.50690e-05
217 1.00 1.56415e-02 3.45977e-05
237 1.00 1.79078e-02 3.66098e-05
257 1.00 1.39499e-02 3.17016e-05
277 1.00 1.54447e-02 3.89138e-05
297 1.00 1.72262e-02 5.19541e-05
18 -1.00 2.15929e-02 4.08512e-05
38 -1.00 2.27188e-02 2.40119e-05
58 -1.00 1.77877e-02 1.33729e-05
78 -1.00 1.77830e-02 2.39253e-05
98 -1.00 2.09011e-02 1.57322e-05
118 -1.00 2.26496e-02 2.54325e-05
138 -1.00 2.24454e-02 2.34319e-05
158 -1.00 1.90160e-02 1.84836e-05
178 -1.00 2.50749e-02 4.40051e-05
198 -1.00 2.33734e-02 3.99911e-05
218 -1.00 2.04043e-02 1.30489e-05
238 -1.00 2.00457e-02 2.43765e-05
258 -1.00 1.78469e-02 1.82690e-05
278 -1.00 1.74508e-02 1.25922e-05
298 -1.00 1.93907e-02 1.83012e-05
18 -0.75 2.23797e-02 3.66141e-05
38 -0.75 2.43854e-02 4.51990e-05
58 -0.75 1.74210e-02 1.17940e-05
78 -0.75 1.78962e-02 2.23407e-05
98 -0.75 1.98676e-02 1.99148e-05
118 -0.75 2.23959e-02 3.61367e-05
138 -0.75 2.12098e-02 3.48009e-05
158 -0.75 1.89448e-02 2.57362e-05
178 -0.75 2.30454e-02 4.38424e-05
198 -0.75 2.38058e-02 4.27494e-05
218 -0.75 1.98032e-02 2.43589e-05
238 -0.75 1.94061e-02 1.85295e-05
258 -0.75 1.71797e-02 2.84016e-05
278 -0.75 1.74083e-02 2.61929e-05
298 -0.75 1.90981e-02 2.13012e-05
18 -0.50 2.12182e-02 3.84449e-05
38 -0.50 2.23887e-02 3.45238e-05
58 -0.50 1.68155e-02 2.69723e-05
78 -0.50 1.71648e-02 2.81666e-05
98 -0.50 1.92465e-02 1.58458e-05
118 -0.50 1.96040e-02 1.64666e-05
138 -0.50 2.06420e-02 4.62193e-05
158 -0.50 1.90190e-02 2.10288e-05
178 -0.50 2.13562e-02 4.47188e-05
198 -0.50 2.48177e-02 4.99722e-05
218 -0.50 1.97490e-02 2.24716e-05
238 -0.50 2.03376e-02 2.80110e-05
258 -0.50 1.75759e-02 2.91600e-05
278 -0.50 1.67746e-02 2.19790e-05
298 -0.50 1.76610e-02 1.82780e-05
18 -0.25 2.29415e-02 5.85772e-05
38 -0.25 2.00893e-02 2.72911e-05
58 -0.25 1.80130e-02 3.06684e-05
78 -0.25 1.60378e-02 2.08987e-05
98 -0.25 1.90176e-02 2.12187e-05
118 -0.25 1.87876e-02 1.89475e-05
138 -0.25 2.07569e-02 2.17645e-05
158 -0.25 1.95022e-02 3.35015e-05
178 -0.25 1.94227e-02 2.03877e-05
198 -0.25 2.19218e-02 3.19310e-05
218 -0.25 2.03688e-02 3.05515e-05
238 -0.25 1.97362e-02 2.92282e-05
258 -0.25 1.70783e-02 3.77301e-05
278 -0.25 1.78108e-02 2.98732e-05
298 -0.25 1.75391e-02 2.43729e-05
18 0.00 2.03492e-02 2.81839e-05
38 0.00 2.19450e-02 5.37542e-05
58 0.00 1.74262e-02 2.55096e-05
78 0.00 1.83651e-02 4.96896e-05
98 0.00 1.78510e-02 1.63652e-05
118 0.00 2.07210e-02 2.97003e-05
138 0.00 2.16173e-02 3.34736e-05
158 0.00 1.99518e-02 3.42039e-05
178 0.00 2.17685e-02 4.98144e-05
198 0.00 2.16461e-02 3.20341e-05
218 0.00 1.97872e-02 2.72880e-05
238 0.00 2.06840e-02 4.25052e-05
258 0.00 1.81456e-02 2.80155e-05
278 0.00 1.77712e-02 2.40672e-05
298 0.00 1.59715e-02 1.93608e-05
18 0.25 2.18943e-02 4.25066e-05
38 0.25 2.20502e-02 3.49862e-05
58 0.25 1.63754e-02 2.21368e-05
78 0.25 1.57061e-02 2.56559e-05
98 0.25 1.86792e-02 3.21812e-05
118 0.25 2.27851e-02 3.72233e-05
138 0.25 1.87610e-02 5.88010e-05
158 0.25 1.96746e-02 3.10967e-05
178 0.25 2.16513e-02 5.06700e-05
198 0.25 2.14877e-02 3.84498e-05
218 0.25 1.81715e-02 2.48365e-05
238 0.25 1.93514e-02 3.04540e-05
258 0.25 1.53708e-02 2.86875e-05
278 0.25 1.57773e-02 2.29374e-05
298 0.25 1.63649e-02 2.45172e-05
18 0.50 1.92785e-02 2.62064e-05
38 0.50 2.04585e-02 4.53207e-05
58 0.50 1.53108e-02 3.48121e-05
78 0.50 1.57517e-02 3.31068e-05
98 0.50 1.87452e-02 3.00498e-05
118 0.50 2.07880e-02 4.09715e-05
138 0.50 1.87500e-02 2.98470e-05
158 0.50 2.03096e-02 3.86282e-05
178 0.50 1.96214e-02 3.52379e-05
198 0.50 1.84218e-02 3.12882e-05
218 0.50 2.00688e-02 2.36739e-05
238 0.50 1.74007e-02 3.16416e-05
258 0.50 1.47303e-02 2.03945e-05
278 0.50 1.79219e-02 2.72813e-05
298 0.50 1.73467e-02 2.52031e-05
18 0.75 1.88504e-02 3.30105e-05
38 0.75 2.11333e-02 3.96111e-05
58 0.75 1.43530e-02 3.04170e-05
78 0.75 1.53446e-02 3.40960e-05
98 0.75 1.84304e-02 3.14782e-05
118 0.75 2.15450e-02 4.83975e-05
138 0.75 1.66915e-02 3.69147e-05
158 0.75 1.83386e-02 3.31185e-05
178 0.75 2.00456e-02 4.65484e-05
198 0.75 2.21396e-02 5.73504e-05
218 0.75 1.96150e-02 3.85197e-05
238 0.75 2.09222e-02 6.89419e-05
258 0.75 1.49792e-02 3.73914e-05
278 0.75 1.75243e-02 4.44631e-05
298 0.75 1.55885e-02 2.42431e-05
18 1.00 2.01688e-02 3.43769e-05
38 1.00 2.15467e-02 6.93350e-05
58 1.00 1.69879e-02 4.79212e-05
78 1.00 1.63313e-02 2.98910e-05
98 1.00 1.76207e-02 2.56083e-05
118 1.00 1.70373e-02 3.04575e-05
138 1.00 1.53982e-02 6.89454e-05
158 1.00 1.84227e-02 3.88112e-05
178 1.00 1.70085e-02 2.75112e-05
198 1.00 1.85535e-02 3.87783e-05
218 1.00 2.00044e-02 2.53393e-05
238 1.00 1.79404e-02 7.54831e-05
258 1.00 1.61745e-02 2.19542e-05
278 1.00 1.76056e-02 2.76244e-05
298 1.00 1.56627e-02 2.79325e-05
19 -1.00 2.60635e-02 2.44154e-05
39 -1.00 1.93003e-02 1.95832e-05
59 -1.00 1.92997e-02 1.42307e-05
79 -1.00 1.79856e-02 1.69562e-05
99 -1.00 2.03339e-02 2.25956e-05
119 -1.00 1.63358e-02 1.04235e-05
139 -1.00 1.97440e-02 3.47229e-05
159 -1.00 1.77652e-02 1.55695e-05
179 -1.00 2.63201e-02 6.15201e-05
199 -1.00 2.22255e-02 1.99246e-05
219 -1.00 2.07031e-02 3.48555e-05
239 -1.00 1.99198e-02 2.21542e-05
259 -1.00 1.65218e-02 2.52832e-05
279 -1.00 1.97036e-02 2.99327e-05
299 -1.00 1.71485e-02 1.30572e-05
19 -0.75 1.78692e-02 1.79517e-05
39 -0.75 1.92628e-02 2.28418e-05
59 -0.75 1.81052e-02 1.35111e-05
79 -0.75 1.82563e-02 1.98043e-05
99 -0.75 2.09618e-02 3.42432e-05
119 -0.75 1.50958e-02 1.69975e-05
139 -0.75 1.98612e-02 1.94628e-05
159 -0.75 1.72318e-02 1.81748e-05
179 -0.75 2.39364e-02 2.85899e-05
199 -0.75 2.13626e-02 3.70680e-05
219 -0.75 1.95419e-02 3.74777e-05
239 -0.75 1.87809e-02 2.07345e-05
259 -0.75 1.58929e-02 1.50532e-05
279 -0.75 1.80885e-02 3.04772e-05
299 -0.75 1.76171e-02 2.15148e-05
19 -0.50 1.75360e-02 2.01584e-05
39 -0.50 1.76941e-02 3.30607e-05
59 -0.50 1.92331e-02 1.78947e-05
79 -0.50 1.74113e-02 1.51096e-05
99 -0.50 1.87470e-02 2.47145e-05
119 -0.50 1.60808e-02 1.93921e-05
139 -0.50 1.83154e-02 2.46168e-05
159 -0.50 1.66417e-02 1.94348e-05
179 -0.50 2.37524e-02 5.28824e-05
199 -0.50 2.28011e-02 3.21304e-05
219 -0.50 1.88084e-02 3.58599e-05
239 -0.50 1.78692e-02 2.45371e-05
259 -0.50 1.69851e-02 2.70167e-05
279 -0.50 1.86841e-02 5.71190e-05
299 -0.50 1.81547e-02 4.03100e-05
19 -0.25 1.64622e-02 1.99954e-05
39 -0.25 1.76777e-02 4.05249e-05
59 -0.25 1.89550e-02 2.55454e-05
79 -0.25 1.85274e-02 4.18963e-05
99 -0.25 1.84869e-02 2.56364e-05
119 -0.25 1.48580e-02 2.06059e-05
139 -0.25 1.78341e-02 2.42821e-05
159 -0.25 1.66392e-02 1.87384e-05
179 -0.25 2.16170e-02 3.58991e-05
199 -0.25 2.10314e-02 2.52822e-05
219 -0.25 1.86369e-02 2.75655e-05
239 -0.25 1.87555e-02 3.04387e-05
259 -0.25 1.60207e-02 2.83412e-05
279 -0.25 1.57635e-02 1.88503e-05
299 -0.25 1.76346e-02 3.08984e-05
19 0.00 1.52981e-02 1.62573e-05
39 0.00 1.78286e-02 2.28146e-05
59 0.00 1.92717e-02 2.27142e-05
79 0.00 1.68808e-02 2.45511e-05
99 0.00 1.91405e-02 3.45610e-05
119 0.00 1.62411e-02 3.01329e-05
139 0.00 1.94228e-02 4.62408e-05
159 0.00 1.62344e-02 2.78099e-05
179 0.00 2.01155e-02 5.32896e-05
199 0.00 2.06798e-02 2.24310e-05
219 0.00 1.80854e-02 3.07015e-05
239 0.00 1.77393e-02 2.48476e-05
259 0.00 1.56730e-02 1.66811e-05
279 0.00 1.62082e-02 3.28074e-05
299 0.00 1.60165e-02 3.03451e-05
19 0.25 1.46797e-02 3.34187e-05
39 0.25 1.71220e-02 2.30473e-05
59 0.25 1.84058e-02 3.94554e-05
79 0.25 1.62392e-02 2.28166e-05
99 0.25 1.78573e-02 4.42645e-05
119 0.25 1.54129e-02 2.04414e-05
139 0.25 1.65994e-02 3.39226e-05
159 0.25 1.57897e-02 2.10526e-05
179 0.25 2.18064e-02 4.36524e-05
199 0.25 2.05754e-02 3.16020e-05
219 0.25 2.11282e-02 8.05745e-05
239 0.25 1.77312e-02 2.43176e-05
259 0.25 1.56165e-02 1.46036e-05
279 0.25 1.56874e-02 2.84851e-05
299 0.25 1.70627e-02 2.95920e-05
19 0.50 1.53119e-02 2.87340e-05
39 0.50 1.69646e-02 4.11380e-05
59 0.50 1.69552e-02 4.02404e-05
79 0.50 1.69791e-02 3.98356e-05
99 0.50 1.58269e-02 2.74332e-05
119 0.50 1.56568e-02 2.53001e-05
139 0.50 1.70426e-02 4.19898e-05
159 0.50 1.60162e-02 2.31136e-05
179 0.50 1.95926e-02 3.98413e-05
199 0.50 1.94527e-02 3.57447e-05
219 0.50 2.07837e-02 6.28817e-05
239 0.50 1.60671e-02 2.40674e-05
259 0.50 1.64102e-02 3.37600e-05
279 0.50 1.57092e-02 3.75992e-05
299 0.50 1.57180e-02 3.06210e-05
19 0.75 1.40227e-02 2.67857e-05
39 0.75 1.82354e-02 2.86719e-05
59 0.75 1.85085e-02 3.38924e-05
79 0.75 1.62080e-02 3.64698e-05
99 0.75 1.55167e-02 3.11954e-05
119 0.75 1.53469e-02 2.10269e-05
139 0.75 1.74192e-02 5.29155e-05
159 0.75 1.43277e-02 2.62171e-05
179 0.75 1.89605e-02 5.35865e-05
199 0.75 2.05798e-02 5.58689e-05
219 0.75 1.88605e-02 5.52564e-05
239 0.75 1.80684e-02 3.99689e-05
259 0.75 1.70307e-02 1.86485e-05
279 0.75 1.39370e-02 2.59060e-05
299 0.75 1.45812e-02 3.46052e-05
19 1.00 1.48830e-02 3.97601e-05
39 1.00 1.70888e-02 5.91323e-05
59 1.00 1.69837e-02 3.62666e-05
79 1.00 1.51940e-02 2.48018e-05
99 1.00 1.69814e-02 2.68654e-05
119 1.00 1.53893e-02 2.57543e-05
139 1.00 1.59324e-02 3.47858e-05
159 1.00 1.63662e-02 4.27433e-05
179 1.00 1.98187e-02 4.91321e-05
199 1.00 1.88174e-02 3.99851e-05
219 1.00 1.77750e-02 4.55871e-05
239 1.00 1.60330e-02 3.38764e-05
259 1.00 1.69667e-02 3.52336e-05
279 1.00 1.43740e-02 2.08791e-05
299 1.00 1.63839e-02 3.78382e-05
1 -1.00 1.64258e-02 2.42266e-05
21 -1.00 1.72257e-02 1.75038e-05
41 -1.00 1.60361e-02 1.58916e-05
61 -1.00 1.96045e-02 1.59683e-05
81 -1.00 2.39145e-02 3.11134e-05
101 -1.00 1.93113e-02 2.52904e-05
121 -1.00 2.26314e-02 2.75754e-05
141 -1.00 1.62886e-02 1.49678e-05
161 -1.00 1.91607e-02 2.38818e-05
181 -1.00 2.27232e-02 2.91608e-05
201 -1.00 1.67174e-02 1.50660e-05
221 -1.00 1.73718e-02 1.98920e-05
241 -1.00 1.88728e-02 1.73952e-05
261 -1.00 2.05843e-02 1.67680e-05
281 -1.00 1.99359e-02 3.96430e-05
1 -0.75 2.21738e-02 2.47319e-05
21 -0.75 1.69195e-02 1.91599e-05
41 -0.75 1.73790e-02 3.04447e-05
61 -0.75 2.02954e-02 3.46277e-05
81 -0.75 2.18760e-02 1.77126e-05
101 -0.75 1.81197e-02 2.74471e-05
121 -0.75 2.14614e-02 2.05343e-05
141 -0.75 1.69069e-02 2.64238e-05
161 -0.75 1.82364e-02 1.81575e-05
181 -0.75 2.13480e-02 2.24169e-05
201 -0.75 1.66182e-02 2.01021e-05
221 -0.75 1.68404e-02 2.43236e-05
241 -0.75 1.95287e-02 3.51509e-05
261 -0.75 2.05290e-02 3.33028e-05
281 -0.75 1.85915e-02 1.86505e-05
1 -0.50 2.07261e-02 2.15555e-05
21 -0.50 1.75228e-02 5.03832e-05
41 -0.50 1.66817e-02 2.19399e-05
61 -0.50 1.96140e-02 2.70979e-05
81 -0.50 2.28002e-02 3.50480e-05
101 -0.50 1.74104e-02 3.13856e-05
121 -0.50 2.05945e-02 2.55738e-05
141 -0.50 1.57893e-02 2.68055e-05
161 -0.50 1.78042e-02 2.77287e-05
181 -0.50 2.09622e-02 2.28856e-05
201 -0.50 1.71306e-02 2.61788e-05
221 -0.50 1.60047e-02 2.86065e-05
241 -0.50 1.62884e-02 1.53798e-05
261 -0.50 1.92699e-02 3.53577e-05
281 -0.50 1.95298e-02 3.24265e-05
1 -0.25 2.12327e-02 4.05136e-05
21 -0.25 1.49938e-02 1.94081e-05
41 -0.25 1.55750e-02 3.28889e-05
61 -0.25 2.14689e-02 3.63809e-05
81 -0.25 2.14490e-02 2.51643e-05
101 -0.25 1.77445e-02 3.16869e-05
121 -0.25 2.03007e-02 2.82068e-05
141 -0.25 1.49989e-02 1.71578e-05
161 -0.25 1.66950e-02 1.91872e-05
181 -0.25 2.03894e-02 4.00647e-05
201 -0.25 1.67168e-02 2.86506e-05
221 -0.25 1.51702e-02 2.30468e-05
241 -0.25 1.78025e-02 3.98036e-05
261 -0.25 1.78419e-02 4.32711e-05
281 -0.25 1.91619e-02 1.72801e-05
1 0.00 1.94162e-02 2.38741e-05
21 0.00 1.59039e-02 3.08837e-05
41 0.00 1.53924e-02 2.37328e-05
61 0.00 1.82427e-02 1.78736e-05
81 0.00 1.98383e-02 1.90304e-05
101 0.00 1.82454e-02 3.60993e-05
121 0.00 1.98647e-02 2.18323e-05
141 0.00 1.50393e-02 2.08894e-05
161 0.00 1.63822e-02 1.67802e-05
181 0.00 2.10346e-02 3.37226e-05
201 0.00 1.64796e-02 1.60994e-05
221 0.00 1.62313e-02 3.64524e-05
241 0.00 1.74053e-02 2.48979e-05
261 0.00 1.60101e-02 3.66573e-05
281 0.00 1.76651e-02 2.83683e-05
1 0.25 1.84072e-02 1.57557e-05
21 0.25 1.72379e-02 3.75035e-05
41 0.25 1.57287e-02 2.71239e-05
61 0.25 2.04953e-02 3.59599e-05
81 0.25 2.01091e-02 2.94800e-05
101 0.25 1.63155e-02 2.91444e-05
121 0.25 2.19884e-02 2.89699e-05
141 0.25 1.52626e-02 3.33552e-05
161 0.25 1.77168e-02 1.96261e-05
181 0.25 1.98984e-02 3.65015e-05
201 0.25 1.53898e-02 2.47910e-05
221 0.25 1.75255e-02 4.33217e-05
241 0.25 1.49889e-02 1.50728e-05
261 0.25 1.67085e-02 5.77858e-05
281 0.25 1.64613e-02 1.87102e-05
1 0.50 1.82484e-02 3.26867e-05
21 0.50 1.50243e-02 1.94521e-05
41 0.50 1.51960e-02 1.69358e-05
61 0.50 1.79792e-02 1.72935e-05
81 0.50 2.11199e-02 4.31722e-05
101 0.50 1.73204e-02 2.79644e-05
121 0.50 1.84797e-02 3.05893e-05
141 0.50 1.44850e-02 3.41083e-05
161 0.50 1.65780e-02 3.79663e-05
181 0.50 1.91802e-02 2.88587e-05
201 0.50 1.57968e-02 2.43935e-05
221 0.50 1.72349e-02 3.09445e-05
241 0.50 1.53467e-02 3.14238e-05
261 0.50 1.43914e-02 3.16832e-05
281 0.50 1.83567e-02 4.48433e-05
1 0.75 1.74079e-02 3.45119e-05
21 0.75 1.61078e-02 4.15691e-05
41 0.75 1.50331e-02 3.68353e-05
61 0.75 1.98014e-02 4.05579e-05
81 0.75 2.03586e-02 2.88007e-05
101 0.75 1.72563e-02 3.74931e-05
121 0.75 2.13444e-02 4.66362e-05
141 0.75 1.49644e-02 3.91950e-05
161 0.75 1.68500e-02 2.80403e-05
181 0.75 2.08028e-02 3.82856e-05
201 0.75 1.61895e-02 3.15398e-05
221 0.75 1.69412e-02 3.29867e-05
241 0.75 1.62698e-02 4.39560e-05
261 0.75 1.51413e-02 4.27648e-05
281 0.75 1.92869e-02 2.86584e-05
1 1.00 1.98978e-02 6.21362e-05
21 1.00 1.22670e-02 3.49494e-05
41 1.00 1.59760e-02 4.88571e-05
61 1.00 1.97257e-02 2.43381e-05
81 1.00 1.98292e-02 4.97434e-05
101 1.00 1.75074e-02 3.79132e-05
121 1.00 2.04874e-02 3.94922e-05
141 1.00 1.34158e-02 5.72063e-05
161 1.00 1.42736e-02 2.38568e-05
181 1.00 1.97443e-02 4.14685e-05
201 1.00 1.56973e-02 3.86511e-05
221 1.00 1.50243e-02 2.74552e-05
241 1.00 1.61914e-02 5.07346e-05
261 1.00 1.51650e-02 4.41192e-05
281 1.00 1.94629e-02 3.56042e-05
20 -1.00 1.86335e-02 1.36451e-05
40 -1.00 1.90730e-02 2.88979e-05
60 -1.00 2.15988e-02 1.25052e-05
80 -1.00 2.20480e-02 4.41404e-05
100 -1.00 2.04647e-02 2.64010e-05
120 -1.00 2.22849e-02 2.55588e-05
140 -1.00 1.87329e-02 1.39764e-05
160 -1.00 2.00783e-02 2.38600e-05
180 -1.00 1.96742e-02 1.63957e-05
200 -1.00 1.64128e-02 7.91305e-06
220 -1.00 1.86861e-02 1.96670e-05
240 -1.00 2.06262e-02 2.01558e-05
260 -1.00 2.00948e-02 2.47491e-05
280 -1.00 2.01745e-02 2.66335e-05
300 -1.00 2.11220e-02 1.77721e-05
20 -0.75 2.50494e-02 2.76737e-05
40 -0.75 1.84133e-02 2.01661e-05
60 -0.75 2.16013e-02 2.17996e-05
80 -0.75 2.19545e-02 2.76420e-05
100 -0.75 1.97729e-02 2.24205e-05
120 -0.75 2.24766e-02 2.33765e-05
140 -0.75 1.85897e-02 1.69545e-05
160 -0.75 1.88565e-02 1.98425e-05
180 -0.75 1.88223e-02 3.88963e-05
200 -0.75 1.66895e-02 1.08495e-05
220 -0.75 1.76552e-02 1.85763e-05
240 -0.75 2.10766e-02 1.53002e-05
260 -0.75 2.01814e-02 2.63884e-05
280 -0.75 1.85503e-02 2.44250e-05
300 -0.75 1.93886e-02 1.72404e-05
20 -0.50 2.32198e-02 3.27348e-05
40 -0.50 1.80111e-02 1.96560e-05
60 -0.50 2.09236e-02 1.90821e-05
80 -0.50 2.08837e-02 3.40479e-05
100 -0.50 1.82360e-02 1.89684e-05
120 -0.50 2.24073e-02 2.98837e-05
140 -0.50 1.89830e-02 2.60320e-05
160 -0.50 1.88241e-02 2.46483e-05
180 -0.50 1.94826e-02 2.19833e-05
200 -0.50 1.65072e-02 2.56985e-05
220 -0.50 1.85787e-02 2.38752e-05
240 -0.50 2.00868e-02 2.09258e-05
260 -0.50 1.95782e-02 2.65358e-05
280 -0.50 1.88963e-02 1.90749e-05
300 -0.50 2.05076e-02 2.27100e-05
20 -0.25 2.45787e-02 4.36318e-05
40 -0.25 1.88541e-02 2.75176e-05
60 -0.25 2.15798e-02 2.23422e-05
80 -0.25 2.03165e-02 1.43378e-05
100 -0.25 1.81518e-02 1.84522e-05
120 -0.25 1.97562e-02 2.25035e-05
140 -0.25 1.77973e-02 1.65781e-05
160 -0.25 1.87727e-02 3.34781e-05
180 -0.25 1.99325e-02 2.98338e-05
200 -0.25 1.62079e-02 2.40515e-05
220 -0.25 1.77044e-02 2.81990e-05
240 -0.25 1.95665e-02 2.62801e-05
260 -0.25 1.96120e-02 4.37408e-05
280 -0.25 1.86338e-02 2.83100e-05
300 -0.25 2.04050e-02 1.92970e-05
20 0.00 2.27883e-02 5.72125e-05
40 0.00 1.70658e-02 1.89652e-05
60 0.00 2.18256e-02 3.47844e-05
80 0.00 2.05911e-02 2.66078e-05
100 0.00 1.64863e-02 1.94376e-05
120 0.00 1.96415e-02 2.54100e-05
140 0.00 1.74434e-02 2.36989e-05
160 0.00 1.72468e-02 3.19208e-05
180 0.00 1.85105e-02 3.69653e-05
200 0.00 1.65930e-02 1.92929e-05
220 0.00 1.91615e-02 4.04012e-05
240 0.00 2.05171e-02 3.81191e-05
260 0.00 1.80930e-02 4.10738e-05
280 0.00 1.86772e-02 3.15184e-05
300 0.00 2.07758e-02 2.56254e-05
20 0.25 2.32528e-02 4.15650e-05
40 0.25 1.70913e-02 1.90505e-05
60 0.25 2.16613e-02 2.83731e-05
80 0.25 1.97363e-02 3.81280e-05
100 0.25 1.75177e-02 2.89586e-05
120 0.25 1.96143e-02 2.89709e-05
140 0.25 1.78869e-02 2.43207e-05
160 0.25 1.84550e-02 3.00282e-05
180 0.25 1.84463e-02 2.24114e-05
200 0.25 1.66774e-02 1.72220e-05
220 0.25 1.90527e-02 3.34294e-05
240 0.25 1.96965e-02 3.75882e-05
260 0.25 1.95349e-02 3.41860e-05
280 0.25 1.74253e-02 3.10664e-05
300 0.25 1.91649e-02 2.65904e-05
20 0.50 2.11274e-02 3.42599e-05
40 0.50 1.74074e-02 3.74526e-05
60 0.50 2.17656e-02 2.52531e-05
80 0.50 1.85038e-02 2.93895e-05
100 0.50 1.76811e-02 1.84051e-05
120 0.50 1.92593e-02 3.02074e-05
140 0.50 1.72302e-02 1.99976e-05
160 0.50 1.87230e-02 2.96011e-05
180 0.50 1.85210e-02 3.64165e-05
200 0.50 1.72736e-02 4.57838e-05
220 0.50 1.89870e-02 3.89727e-05
240 0.50 2.06009e-02 5.15823e-05
260 0.50 1.97630e-02 5.48275e-05
280 0.50 1.82796e-02 4.99789e-05
300 0.50 2.01642e-02 2.45255e-05
20 0.75 2.00702e-02 4.37520e-05
40 0.75 1.59631e-02 3.16556e-05
60 0.75 2.06729e-02 4.06353e-05
80 0.75 1.81961e-02 2.51382e-05
100 0.75 1.67940e-02 2.42284e-05
120 0.75 1.86089e-02 4.05897e-05
140 0.75 1.99004e-02 3.05339e-05
160 0.75 1.81979e-02 3.77432e-05
180 0.75 1.82561e-02 4.30535e-05
200 0.75 1.78147e-02 4.50729e-05
220 0.75 1.84111e-02 3.88796e-05
240 0.75 1.98615e-02 3.14885e-05
260 0.75 1.84060e-02 9.10777e-05
280 0.75 1.77240e-02 2.99139e-05
300 0.75 2.19592e-02 5.57212e-05
20 1.00 1.92996e-02 3.29618e-05
40 1.00 1.60397e-02 3.30183e-05
60 1.00 2.22470e-02 5.00031e-05
80 1.00 1.87763e-02 4.48930e-05
100 1.00 1.65274e-02 2.02682e-05
120 1.00 1.67398e-02 3.62326e-05
140 1.00 1.73734e-02 2.11472e-05
160 1.00 1.80639e-02 7.53627e-05
180 1.00 1.73540e-02 4.25747e-05
200 1.00 1.69872e-02 3.23158e-05
220 1.00 1.81618e-02 3.93847e-05
240 1.00 2.09603e-02 4.64880e-05
260 1.00 1.71503e-02 2.70266e-05
280 1.00 1.70568e-02 4.41305e-05
300 1.00 1.90331e-02 4.51545e-05
2 -1.00 1.80368e-02 1.81477e-05
22 -1.00 2.02722e-02 2.02176e-05
42 -1.00 1.95577e-02 1.61569e-05
62 -1.00 1.84531e-02 1.82865e-05
82 -1.00 2.06432e-02 1.78629e-05
102 -1.00 1.66233e-02 1.79967e-05
122 -1.00 2.71319e-02 4.16139e-05
142 -1.00 2.06541e-02 2.03596e-05
162 -1.00 1.78515e-02 1.60596e-05
182 -1.00 1.94673e-02 2.09081e-05
202 -1.00 1.83307e-02 2.50320e-05
222 -1.00 2.21688e-02 4.60990e-05
242 -1.00 1.91949e-02 1.54256e-05
262 -1.00 1.49705e-02 9.73278e-06
282 -1.00 1.79184e-02 1.25808e-05
2 -0.75 1.83346e-02 1.87134e-05
22 -0.75 1.96549e-02 3.39255e-05
42 -0.75 1.83651e-02 2.53244e-05
62 -0.75 1.72112e-02 1.58892e-05
82 -0.75 2.00872e-02 1.84168e-05
102 -0.75 1.55725e-02 1.25070e-05
122 -0.75 2.67037e-02 3.74747e-05
142 -0.75 2.03846e-02 1.46708e-05
162 -0.75 1.75163e-02 1.34146e-05
182 -0.75 1.80418e-02 1.50822e-05
202 -0.75 1.91924e-02 2.32767e-05
222 -0.75 2.01103e-02 2.67089e-05
242 -0.75 1.93291e-02 2.25207e-05
262 -0.75 1.56379e-02 1.24234e-05
282 -0.75 1.80926e-02 1.64065e-05
2 -0.50 1.89966e-02 2.28050e-05
22 -0.50 1.76362e-02 1.99082e-05
42 -0.50 1.98832e-02 2.30257e-05
62 -0.50 1.74639e-02 2.09579e-05
82 -0.50 2.04551e-02 2.58374e-05
102 -0.50 1.65833e-02 2.29757e-05
122 -0.50 2.53264e-02 5.27024e-05
142 -0.50 2.04164e-02 2.89259e-05
162 -0.50 1.79441e-02 1.87529e-05
182 -0.50 1.89444e-02 2.86904e-05
202 -0.50 1.72904e-02 2.83430e-05
222 -0.50 1.98720e-02 3.34148e-05
242 -0.50 1.90219e-02 1.59135e-05
262 -0.50 1.53850e-02 1.72911e-05
282 -0.50 1.76137e-02 1.89849e-05
2 -0.25 1.92519e-02 4.35934e-05
22 -0.25 1.79382e-02 2.11558e-05
42 -0.25 1.95608e-02 2.58323e-05
62 -0.25 1.85773e-02 2.67456e-05
82 -0.25 1.86723e-02 2.84848e-05
102 -0.25 1.56307e-02 1.80565e-05
122 -0.25 2.45799e-02 2.73027e-05
142 -0.25 1.80155e-02 3.03738e-05
162 -0.25 1.65870e-02 1.65097e-05
182 -0.25 1.88286e-02 2.72387e-05
202 -0.25 1.58457e-02 3.73947e-05
222 -0.25 1.78649e-02 2.41891e-05
242 -0.25 1.90731e-02 2.41071e-05
262 -0.25 1.50628e-02 2.03180e-05
282 -0.25 1.77151e-02 2.60369e-05
2 0.00 1.63200e-02 1.92384e-05
22 0.00 1.80529e-02 3.51540e-05
42 0.00 2.00102e-02 3.80762e-05
62 0.00 1.71173e-02 2.95128e-05
82 0.00 1.95522e-02 3.79146e-05
102 0.00 1.74544e-02 2.39572e-05
122 0.00 2.25480e-02 4.45314e-05
142 0.00 1.80323e-02 2.20503e-05
162 0.00 1.61282e-02 3.30493e-05
182 0.00 1.78313e-02 2.98188e-05
202 0.00 1.52913e-02 2.37874e-05
222 0.00 1.81926e-02 3.01640e-05
242 0.00 1.83883e-02 2.15600e-05
262 0.00 1.47472e-02 2.60277e-05
282 0.00 1.54613e-02 1.50692e-05
2 0.25 1.80185e-02 2.98108e-05
22 0.25 1.67482e-02 2.94540e-05
42 0.25 1.91022e-02 3.21087e-05
62 0.25 1.57266e-02 4.22936e-05
82 0.25 1.78093e-02 3.40504e-05
102 0.25 1.62208e-02 2.13578e-05
122 0.25 2.33409e-02 4.56332e-05
142 0.25 1.82863e-02 2.84287e-05
162 0.25 1.63863e-02 3.24381e-05
182 0.25 1.76271e-02 2.60238e-05
202 0.25 1.57103e-02 2.09749e-05
222 0.25 1.78608e-02 2.69863e-05
242 0.25 1.91854e-02 2.71080e-05
262 0.25 1.46410e-02 3.32089e-05
282 0.25 1.67357e-02 3.60956e-05
2 0.50 1.79202e-02 3.99318e-05
22 0.50 1.64767e-02 3.33538e-05
42 0.50 1.78211e-02 3.01859e-05
62 0.50 1.52445e-02 2.14200e-05
82 0.50 1.95755e-02 3.21823e-05
102 0.50 1.68100e-02 4.84735e-05
122 0.50 2.19157e-02 4.71761e-05
142 0.50 1.90414e-02 3.79175e-05
162 0.50 1.76670e-02 5.36228e-05
182 0.50 1.69476e-02 3.26413e-05
202 0.50 1.53369e-02 1.61306e-05
222 0.50 1.70680e-02 2.64520e-05
242 0.50 1.96559e-02 4.93324e-05
262 0.50 1.54482e-02 2.45768e-05
282 0.50 1.71888e-02 3.56312e-05
2 0.75 1.82633e-02 3.74876e-05
22 0.75 1.67728e-02 3.04461e-05
42 0.75 1.84631e-02 2.84258e-05
62 0.75 1.49605e-02 2.81820e-05
82 0.75 1.76272e-02 3.39404e-05
102 0.75 1.62121e-02 3.31061e-05
122 0.75 2.07115e-02 3.78820e-05
142 0.75 1.76383e-02 4.36711e-05
162 0.75 1.85120e-02 6.87127e-05
182 0.75 1.51990e-02 2.16631e-05
202 0.75 1.60588e-02 3.18800e-05
222 0.75 1.57613e-02 2.88585e-05
242 0.75 1.92531e-02 4.48239e-05
262 0.75 1.50454e-02 3.52659e-05
282 0.75 1.70356e-02 2.19289e-05
2 1.00 1.58342e-02 1.82272e-05
22 1.00 1.50157e-02 3.89329e-05
42 1.00 1.84296e-02 4.80060e-05
62 1.00 1.61445e-02 4.22330e-05
82 1.00 1.79254e-02 3.37450e-05
102 1.00 1.64700e-02 3.83232e-05
122 1.00 2.09935e-02 4.26891e-05
142 1.00 1.75947e-02 2.79432e-05
162 1.00 1.58889e-02 3.14343e-05
182 1.00 1.68107e-02 4.05412e-05
202 1.00 1.52124e-02 1.74543e-05
222 1.00 1.75849e-02 5.14085e-05
242 1.00 1.83664e-02 2.90362e-05
262 1.00 1.35021e-02 3.35239e-05
282 1.00 1.53713e-02 2.43390e-05
3 -1.00 1.97522e-02 1.86189e-05
23 -1.00 2.12838e-02 2.37153e-05
43 -1.00 2.07027e-02 1.77120e-05
63 -1.00 2.31401e-02 2.30342e-05
83 -1.00 1.81752e-02 1.28347e-05
103 -1.00 1.79482e-02 1.18925e-05
123 -1.00 1.70345e-02 1.63001e-05
143 -1.00 2.02966e-02 2.04956e-05
163 -1.00 2.00833e-02 1.88765e-05
183 -1.00 2.52387e-02 3.48033e-05
203 -1.00 1.95213e-02 3.04317e-05
223 -1.00 1.99654e-02 2.03447e-05
243 -1.00 2.26075e-02 3.75446e-05
263 -1.00 1.96737e-02 2.77691e-05
283 -1.00 2.10293e-02 1.98312e-05
3 -0.75 1.71107e-02 2.69460e-05
23 -0.75 2.06149e-02 3.10119e-05
43 -0.75 1.96104e-02 1.42641e-05
63 -0.75 2.31398e-02 3.41877e-05
83 -0.75 1.90010e-02 1.49165e-05
103 -0.75 1.82985e-02 3.68719e-05
123 -0.75 1.53464e-02 1.33535e-05
143 -0.75 1.87195e-02 1.64235e-05
163 -0.75 1.97516e-02 1.74601e-05
183 -0.75 2.36967e-02 2.30688e-05
203 -0.75 1.98676e-02 3.15673e-05
223 -0.75 2.06345e-02 2.35288e-05
243 -0.75 2.01929e-02 1.50927e-05
263 -0.75 1.80606e-02 2.39539e-05
283 -0.75 1.79697e-02 1.36334e-05
3 -0.50 1.69629e-02 2.97318e-05
23 -0.50 2.07631e-02 2.89581e-05
43 -0.50 2.10649e-02 2.19625e-05
63 -0.50 2.31660e-02 4.92583e-05
83 -0.50 1.86234e-02 2.61855e-05
103 -0.50 1.75068e-02 2.49616e-05
123 -0.50 1.66592e-02 3.19869e-05
143 -0.50 1.96859e-02 2.92891e-05
163 -0.50 1.79653e-02 2.64608e-05
183 -0.50 2.54614e-02 5.90295e-05
203 -0.50 1.97207e-02 4.36244e-05
223 -0.50 2.01160e-02 3.36637e-05
243 -0.50 2.03721e-02 2.61072e-05
263 -0.50 2.10075e-02 4.66990e-05
283 -0.50 1.96678e-02 1.68760e-05
3 -0.25 1.65860e-02 3.03866e-05
23 -0.25 1.90661e-02 2.42277e-05
43 -0.25 2.01983e-02 2.96655e-05
63 -0.25 2.20976e-02 1.80911e-05
83 -0.25 1.74937e-02 1.60894e-05
103 -0.25 1.66785e-02 1.98459e-05
123 -0.25 1.61802e-02 3.25802e-05
143 -0.25 1.95330e-02 2.45593e-05
163 -0.25 1.85104e-02 2.36602e-05
183 -0.25 2.45821e-02 3.27456e-05
203 -0.25 1.71825e-02 2.20022e-05
223 -0.25 2.04986e-02 2.71116e-05
243 -0.25 2.15058e-02 3.05359e-05
263 -0.25 1.78973e-02 2.72654e-05
283 -0.25 1.87282e-02 1.89808e-05
3 0.00 1.62727e-02 1.92309e-05
23 0.00 1.92226e-02 2.83526e-05
43 0.00 2.16845e-02 6.24338e-05
63 0.00 2.14641e-02 3.65563e-05
83 0.00 1.76688e-02 3.17936e-05
103 0.00 1.75740e-02 2.99313e-05
123 0.00 1.52938e-02 3.41771e-05
143 0.00 1.76736e-02 3.61155e-05
163 0.00 1.79401e-02 2.80298e-05
183 0.00 2.34459e-02 4.36019e-05
203 0.00 1.81871e-02 2.10087e-05
223 0.00 1.85593e-02 2.96928e-05
243 0.00 1.93336e-02 2.74032e-05
263 0.00 1.78958e-02 1.86411e-05
283 0.00 1.83699e-02 3.32811e-05
3 0.25 1.60607e-02 3.27152e-05
23 0.25 1.79434e-02 3.26631e-05
43 0.25 1.93421e-02 2.83197e-05
63 0.25 2.11434e-02 2.38717e-05
83 0.25 1.67163e-02 3.13357e-05
103 0.25 1.74332e-02 3.46167e-05
123 0.25 1.48849e-02 2.19971e-05
143 0.25 1.89634e-02 3.62141e-05
163 0.25 1.75406e-02 4.19239e-05
183 0.25 2.19601e-02 3.71227e-05
203 0.25 1.78763e-02 2.34973e-05
223 0.25 1.89662e-02 3.84521e-05
243 0.25 2.12616e-02 4.09979e-05
263 0.25 1.72958e-02 3.23746e-05
283 0.25 1.91822e-02 2.62725e-05
3 0.50 1.57291e-02 1.83178e-05
23 0.50 1.94041e-02 5.96167e-05
43 0.50 2.12685e-02 5.27096e-05
63 0.50 2.09805e-02 5.53966e-05
83 0.50 1.65430e-02 3.31762e-05
103 0.50 1.72010e-02 3.17762e-05
123 0.50 1.45011e-02 3.80588e-05
143 0.50 1.89605e-02 2.68480e-05
163 0.50 1.66093e-02 5.07114e-05
183 0.50 2.22382e-02 2.67470e-05
203 0.50 1.77576e-02 3.55543e-05
223 0.50 2.00188e-02 4.83393e-05
243 0.50 1.99484e-02 2.77835e-05
263 0.50 1.73339e-02 3.06799e-05
283 0.50 1.95654e-02 3.94319e-05
3 0.75 1.45060e-02 2.67677e-05
23 0.75 1.78036e-02 4.70512e-05
43 0.75 2.05374e-02 3.86364e-05
63 0.75 1.98885e-02 3.41047e-05
83 0.75 1.57667e-02 3.74416e-05
103 0.75 1.84616e-02 4.94000e-05
123 0.75 1.47127e-02 6.04889e-05
143 0.75 1.78687e-02 3.80373e-05
163 0.75 1.65849e-02 3.28893e-05
183 0.75 2.24475e-02 4.25706e-05
203 0.75 1.70029e-02 2.75585e-05
223 0.75 1.81052e-02 2.63595e-05
243 0.75 2.10678e-02 5.60421e-05
263 0.75 1.74429e-02 2.00496e-05
283 0.75 1.90570e-02 3.42501e-05
3 1.00 1.59900e-02 5.11097e-05
23 1.00 1.96834e-02 6.73787e-05
43 1.00 2.05365e-02 8.05203e-05
63 1.00 2.07900e-02 3.43694e-05
83 1.00 1.46259e-02 2.49658e-05
103 1.00 1.64103e-02 2.93499e-05
123 1.00 1.46645e-02 5.64393e-05
143 1.00 1.71067e-02 2.95047e-05
163 1.00 1.72380e-02 4.59697e-05
183 1.00 2.04445e-02 4.73712e-05
203 1.00 1.58111e-02 3.30976e-05
223 1.00 1.84061e-02 3.25216e-05
243 1.00 2.17064e-02 3.20178e-05
263 1.00 1.81850e-02 3.21463e-05
283 1.00 1.69648e-02 3.91544e-05
4 -1.00 2.16689e-02 2.50748e-05
24 -1.00 1.64256e-02 1.60160e-05
44 -1.00 1.84775e-02 1.97222e-05
64 -1.00 2.18120e-02 1.49611e-05
84 -1.00 2.17382e-02 3.29085e-05
104 -1.00 1.88018e-02 2.15535e-05
124 -1.00 2.02401e-02 1.78732e-05
144 -1.00 1.88005e-02 1.87433e-05
164 -1.00 2.13881e-02 2.29852e-05
184 -1.00 2.16437e-02 3.49064e-05
204 -1.00 2.16059e-02 2.90796e-05
224 -1.00 1.84831e-02 3.08185e-05
244 -1.00 1.76051e-02 2.31323e-05
264 -1.00 1.95629e-02 2.23144e-05
284 -1.00 2.25356e-02 2.87093e-05
4 -0.75 1.96507e-02 1.96628e-05
24 -0.75 1.77017e-02 2.46508e-05
44 -0.75 1.72293e-02 2.96806e-05
64 -0.75 2.09357e-02 1.41971e-05
84 -0.75 2.05239e-02 4.53303e-05
104 -0.75 1.83913e-02 3.55691e-05
124 -0.75 2.02204e-02 1.41075e-05
144 -0.75 1.92884e-02 2.24803e-05
164 -0.75 2.08440e-02 1.11185e-05
184 -0.75 2.22251e-02 2.35165e-05
204 -0.75 2.19733e-02 2.22613e-05
224 -0.75 1.92837e-02 2.78456e-05
244 -0.75 1.78204e-02 1.38794e-05
264 -0.75 2.12442e-02 3.94728e-05
284 -0.75 2.21092e-02 2.07240e-05
4 -0.50 1.91773e-02 1.81723e-05
24 -0.50 1.66036e-02 1.58466e-05
44 -0.50 1.55607e-02 1.34821e-05
64 -0.50 1.98758e-02 1.46708e-05
84 -0.50 1.93593e-02 2.89493e-05
104 -0.50 1.76124e-02 2.49676e-05
124 -0.50 1.83844e-02 2.01314e-05
144 -0.50 1.88290e-02 2.17075e-05
164 -0.50 2.06761e-02 2.13133e-05
184 -0.50 2.02752e-02 1.45234e-05
204 -0.50 2.24497e-02 2.15709e-05
224 -0.50 1.64831e-02 3.13008e-05
244 -0.50 1.82995e-02 2.90799e-05
264 -0.50 1.99123e-02 2.38970e-05
284 -0.50 2.33073e-02 3.41550e-05
4 -0.25 1.80157e-02 1.83728e-05
24 -0.25 1.71575e-02 1.44217e-05
44 -0.25 1.49993e-02 1.46115e-05
64 -0.25 1.98127e-02 1.85975e-05
84 -0.25 2.08414e-02 4.18654e-05
104 -0.25 1.74063e-02 2.49048e-05
124 -0.25 1.88110e-02 1.68411e-05
144 -0.25 1.74602e-02 2.17609e-05
164 -0.25 1.98796e-02 2.04949e-05
184 -0.25 2.02150e-02 3.23558e-05
204 -0.25 2.12606e-02 3.83536e-05
224 -0.25 1.70033e-02 2.65382e-05
244 -0.25 1.55327e-02 1.52974e-05
264 -0.25 1.90441e-02 3.55629e-05
284 -0.25 2.23225e-02 3.09982e-05
4 0.00 1.79900e-02 1.82963e-05
24 0.00 1.74966e-02 3.63013e-05
44 0.00 1.42197e-02 1.69176e-05
64 0.00 2.00966e-02 2.79969e-05
84 0.00 1.81759e-02 4.16246e-05
104 0.00 1.66780e-02 2.69827e-05
124 0.00 1.97123e-02 3.12696e-05
144 0.00 1.94922e-02 3.79441e-05
164 0.00 2.17385e-02 2.88353e-05
184 0.00 2.04472e-02 4.01445e-05
204 0.00 2.13535e-02 3.40926e-05
224 0.00 1.74976e-02 3.65819e-05
244 0.00 1.65655e-02 2.84541e-05
264 0.00 1.72531e-02 1.77676e-05
284 0.00 2.14894e-02 2.79344e-05
4 0.25 1.74845e-02 2.10458e-05
24 0.25 1.75366e-02 5.43514e-05
44 0.25 1.64490e-02 3.02578e-05
64 0.25 1.80935e-02 3.48065e-05
84 0.25 1.81384e-02 4.36828e-05
104 0.25 1.79461e-02 2.06604e-05
124 0.25 1.91910e-02 4.41215e-05
144 0.25 1.77843e-02 3.21541e-05
164 0.25 2.06423e-02 4.10555e-05
184 0.25 1.98340e-02 1.82485e-05
204 0.25 2.23354e-02 3.26030e-05
224 0.25 1.56093e-02 1.58926e-05
244 0.25 1.94591e-02 3.87966e-05
264 0.25 1.95991e-02 4.30593e-05
284 0.25 2.12771e-02 2.71573e-05
4 0.50 1.64581e-02 2.68101e-05
24 0.50 1.80101e-02 5.38602e-05
44 0.50 1.46806e-02 3.58240e-05
64 0.50 1.99371e-02 3.94902e-05
84 0.50 1.74293e-02 3.83749e-05
104 0.50 1.58648e-02 2.75317e-05
124 0.50 1.83164e-02 3.64604e-05
144 0.50 1.78475e-02 3.29794e-05
164 0.50 1.95414e-02 3.33461e-05
184 0.50 2.15837e-02 3.02254e-05
204 0.50 2.10547e-02 3.66987e-05
224 0.50 1.39065e-02 1.97327e-05
244 0.50 1.62118e-02 3.28980e-05
264 0.50 1.81765e-02 5.14419e-05
284 0.50 2.00536e-02 3.75505e-05
4 0.75 1.57089e-02 2.04188e-05
24 0.75 1.56282e-02 2.48071e-05
44 0.75 1.50932e-02 3.94008e-05
64 0.75 1.81037e-02 2.67868e-05
84 0.75 1.73461e-02 3.69452e-05
104 0.75 1.63385e-02 2.80573e-05
124 0.75 1.79222e-02 2.27770e-05
144 0.75 1.72657e-02 2.91717e-05
164 0.75 2.08973e-02 2.78439e-05
184 0.75 2.03857e-02 2.49984e-05
204 0.75 2.26330e-02 3.98490e-05
224 0.75 1.67748e-02 6.30268e-05
244 0.75 1.83703e-02 7.50960e-05
264 0.75 1.80305e-02 3.94788e-05
284 0.75 1.99473e-02 4.12351e-05
4 1.00 1.68560e-02 2.36472e-05
24 1.00 1.46201e-02 2.57475e-05
44 1.00 1.54187e-02 4.12258e-05
64 1.00 1.93965e-02 4.16400e-05
84 1.00 1.80689e-02 4.46234e-05
104 1.00 1.71064e-02 3.46896e-05
124 1.00 2.06141e-02 2.79394e-05
144 1.00 1.83460e-02 3.54557e-05
164 1.00 1.89835e-02 3.39491e-05
184 1.00 2.05871e-02 3.71536e-05
204 1.00 2.09918e-02 2.82086e-05
224 1.00 1.57553e-02 6.91713e-05
244 1.00 1.79864e-02 4.00083e-05
264 1.00 1.63992e-02 3.21345e-05
284 1.00 1.87054e-02 3.67407e-05
5 -1.00 2.08644e-02 2.01240e-05
25 -1.00 1.68717e-02 1.70582e-05
45 -1.00 1.76129e-02 1.19032e-05
65 -1.00 1.90586e-02 1.61464e-05
85 -1.00 1.97353e-02 3.04135e-05
105 -1.00 1.90229e-02 1.64788e-05
125 -1.00 1.95766e-02 1.45016e-05
145 -1.00 2.08260e-02 2.47018e-05
165 -1.00 2.18860e-02 3.03608e-05
185 -1.00 2.35404e-02 3.80924e-05
205 -1.00 1.78243e-02 6.65945e-06
225 -1.00 2.08414e-02 1.67940e-05
245 -1.00 1.77426e-02 1.73252e-05
265 -1.00 1.68572e-02 1.12993e-05
285 -1.00 1.87477e-02 2.23426e-05
5 -0.75 2.23588e-02 2.04070e-05
25 -0.75 1.69359e-02 2.18738e-05
45 -0.75 1.97076e-02 3.26969e-05
65 -0.75 1.85072e-02 2.16743e-05
85 -0.75 1.84627e-02 2.13162e-05
105 -0.75 1.75160e-02 1.13857e-05
125 -0.75 1.96689e-02 1.87531e-05
145 -0.75 1.79526e-02 3.60597e-05
165 -0.75 2.21178e-02 2.79219e-05
185 -0.75 2.23388e-02 2.25120e-05
205 -0.75 1.83388e-02 1.40412e-05
225 -0.75 2.25559e-02 3.04463e-05
245 -0.75 1.68312e-02 1.12144e-05
265 -0.75 1.69682e-02 2.45131e-05
285 -0.75 1.71098e-02 1.74064e-05
5 -0.50 2.25921e-02 2.61183e-05
25 -0.50 1.67381e-02 2.38715e-05
45 -0.50 1.88537e-02 1.34345e-05
65 -0.50 1.93010e-02 2.88527e-05
85 -0.50 1.75676e-02 1.54419e-05
105 -0.50 1.78497e-02 2.71789e-05
125 -0.50 2.03846e-02 2.98697e-05
145 -0.50 1.76703e-02 2.08606e-05
165 -0.50 2.08515e-02 2.56202e-05
185 -0.50 2.14122e-02 2.28892e-05
205 -0.50 1.79840e-02 1.62484e-05
225 -0.50 2.10642e-02 2.86176e-05
245 -0.50 1.68246e-02 1.48769e-05
265 -0.50 1.63540e-02 2.23676e-05
285 -0.50 1.78348e-02 1.47475e-05
5 -0.25 2.09689e-02 3.05180e-05
25 -0.25 1.54888e-02 1.32180e-05
45 -0.25 1.78019e-02 3.18090e-05
65 -0.25 1.92925e-02 4.28642e-05
85 -0.25 1.82894e-02 3.10104e-05
105 -0.25 1.73737e-02 2.09167e-05
125 -0.25 1.86556e-02 3.01814e-05
145 -0.25 1.71257e-02 2.06162e-05
165 -0.25 2.17119e-02 3.38644e-05
185 -0.25 2.30705e-02 4.39444e-05
205 -0.25 1.92615e-02 1.86173e-05
225 -0.25 1.99257e-02 2.49612e-05
245 -0.25 1.55076e-02 2.58970e-05
265 -0.25 1.65102e-02 2.07106e-05
285 -0.25 1.69234e-02 1.78666e-05
5 0.00 2.22237e-02 3.31229e-05
25 0.00 1.58198e-02 2.11052e-05
45 0.00 1.70559e-02 2.59548e-05
65 0.00 1.82807e-02 2.64793e-05
85 0.00 1.80908e-02 3.46268e-05
105 0.00 1.75668e-02 1.48708e-05
125 0.00 1.94525e-02 2.40657e-05
145 0.00 1.68009e-02 1.71243e-05
165 0.00 2.12852e-02 4.01983e-05
185 0.00 2.18608e-02 2.22518e-05
205 0.00 1.69903e-02 1.74226e-05
225 0.00 2.02092e-02 2.89775e-05
245 0.00 1.69631e-02 2.60540e-05
265 0.00 1.72194e-02 3.25793e-05
285 0.00 1.61669e-02 2.78354e-05
5 0.25 2.06593e-02 3.03543e-05
25 0.25 1.43110e-02 1.86813e-05
45 0.25 1.83586e-02 2.47813e-05
65 0.25 1.75361e-02 3.54513e-05
85 0.25 1.78624e-02 4.25563e-05
105 0.25 1.69413e-02 2.32815e-05
125 0.25 1.73868e-02 2.81858e-05
145 0.25 1.63645e-02 1.64759e-05
165 0.25 2.00587e-02 2.76306e-05
185 0.25 2.25341e-02 3.79560e-05
205 0.25 1.77089e-02 2.43486e-05
225 0.25 2.01204e-02 3.10855e-05
245 0.25 1.79025e-02 2.92495e-05
265 0.25 1.54362e-02 3.16928e-05
285 0.25 1.58060e-02 2.23426e-05
5 0.50 2.03727e-02 3.24476e-05
25 0.50 1.55494e-02 2.65480e-05
45 0.50 1.69377e-02 3.92515e-05
65 0.50 1.50195e-02 3.08093e-05
85 0.50 1.73879e-02 1.94385e-05
105 0.50 1.67331e-02 2.46906e-05
125 0.50 1.68864e-02 2.50670e-05
145 0.50 1.77379e-02 2.62568e-05
165 0.50 2.04852e-02 4.77995e-05
185 0.50 2.05912e-02 2.40717e-05
205 0.50 1.71522e-02 3.10747e-05
225 0.50 1.83659e-02 3.94617e-05
245 0.50 1.60023e-02 2.41410e-05
265 0.50 1.71296e-02 4.64565e-05
285 0.50 1.64871e-02 3.01156e-05
5 0.75 2.13451e-02 2.77356e-05
25 0.75 1.53607e-02 3.14880e-05
45 0.75 1.82935e-02 4.16705e-05
65 0.75 1.57797e-02 3.46916e-05
85 0.75 1.83902e-02 4.86807e-05
105 0.75 1.64703e-02 2.85142e-05
125 0.75 1.66968e-02 3.43781e-05
145 0.75 1.72317e-02 2.86804e-05
165 0.75 2.01483e-02 4.56559e-05
185 0.75 2.17744e-02 3.75796e-05
205 0.75 1.74545e-02 2.45518e-05
225 0.75 1.82126e-02 3.18143e-05
245 0.75 1.67711e-02 2.88919e-05
265 0.75 1.58154e-02 3.87942e-05
285 0.75 1.66524e-02 2.69686e-05
5 1.00 2.04369e-02 4.32992e-05
25 1.00 1.52317e-02 4.49945e-05
45 1.00 1.64870e-02 3.77127e-05
65 1.00 1.66910e-02 2.65216e-05
85 1.00 1.79678e-02 3.77626e-05
105 1.00 1.84573e-02 3.77274e-05
125 1.00 1.90890e-02 5.62355e-05
145 1.00 1.68511e-02 3.70782e-05
165 1.00 1.92692e-02 5.50217e-05
185 1.00 2.34786e-02 5.14386e-05
205 1.00 1.59897e-02 2.99378e-05
225 1.00 1.77122e-02 4.10816e-05
245 1.00 1.67383e-02 3.54751e-05
265 1.00 1.62930e-02 6.31520e-05
285 1.00 1.63227e-02 2.58914e-05
6 -1.00 2.18778e-02 2.51288e-05
26 -1.00 1.71684e-02 1.06316e-05
46 -1.00 1.73932e-02 1.90398e-05
66 -1.00 1.99633e-02 2.22990e-05
86 -1.00 2.62066e-02 2.70524e-05
106 -1.00 2.63226e-02 2.99687e-05
126 -1.00 2.19753e-02 2.58764e-05
146 -1.00 2.33954e-02 2.09536e-05
166 -1.00 1.93879e-02 1.88856e-05
186 -1.00 2.08654e-02 2.19451e-05
206 -1.00 2.02299e-02 1.94050e-05
226 -1.00 1.94435e-02 1.97928e-05
246 -1.00 1.91850e-02 1.60334e-05
266 -1.00 1.92079e-02 1.16266e-05
286 -1.00 2.15779e-02 3.48022e-05
6 -0.75 2.01540e-02 3.30700e-05
26 -0.75 1.76730e-02 1.24856e-05
46 -0.75 1.73209e-02 1.91846e-05
66 -0.75 1.99113e-02 1.59924e-05
86 -0.75 2.65582e-02 4.67687e-05
106 -0.75 2.63229e-02 3.14398e-05
126 -0.75 2.25000e-02 3.13687e-05
146 -0.75 2.31278e-02 3.22043e-05
166 -0.75 1.92508e-02 3.20123e-05
186 -0.75 1.98655e-02 2.17799e-05
206 -0.75 1.89393e-02 2.31503e-05
226 -0.75 1.79112e-02 1.64401e-05
246 -0.75 1.94348e-02 1.81658e-05
266 -0.75 1.99957e-02 2.10276e-05
286 -0.75 2.14551e-02 3.46860e-05
6 -0.50 1.76794e-02 2.14077e-05
26 -0.50 1.89138e-02 3.96914e-05
46 -0.50 1.57519e-02 1.59801e-05
66 -0.50 1.95329e-02 3.63692e-05
86 -0.50 2.51039e-02 2.51771e-05
106 -0.50 2.47309e-02 2.92720e-05
126 -0.50 2.16395e-02 2.62257e-05
146 -0.50 2.42894e-02 5.37742e-05
166 -0.50 2.03852e-02 2.61028e-05
186 -0.50 1.92489e-02 2.45221e-05
206 -0.50 1.87307e-02 1.52030e-05
226 -0.50 1.85198e-02 1.99158e-05
246 -0.50 1.93686e-02 2.49363e-05
266 -0.50 1.97782e-02 2.55696e-05
286 -0.50 1.95265e-02 2.70583e-05
6 -0.25 1.82573e-02 3.96670e-05
26 -0.25 1.74179e-02 1.91706e-05
46 -0.25 1.69344e-02 2.33872e-05
66 -0.25 1.97339e-02 4.03313e-05
86 -0.25 2.37808e-02 2.36127e-05
106 -0.25 2.47404e-02 3.10822e-05
126 -0.25 2.28992e-02 4.88980e-05
146 -0.25 2.22531e-02 3.27492e-05
166 -0.25 2.03467e-02 3.09559e-05
186 -0.25 1.92657e-02 3.04925e-05
206 -0.25 1.82372e-02 2.28220e-05
226 -0.25 1.73041e-02 3.17902e-05
246 -0.25 1.74014e-02 1.10208e-05
266 -0.25 1.88768e-02 2.57869e-05
286 -0.25 1.97917e-02 3.02038e-05
6 0.00 1.65143e-02 3.66057e-05
26 0.00 1.92760e-02 2.64914e-05
46 0.00 1.53717e-02 2.22179e-05
66 0.00 1.98707e-02 3.45202e-05
86 0.00 2.56345e-02 3.41553e-05
106 0.00 2.58710e-02 5.28929e-05
126 0.00 2.19059e-02 3.02313e-05
146 0.00 2.14907e-02 4.89255e-05
166 0.00 2.08618e-02 3.06077e-05
186 0.00 1.87427e-02 1.97163e-05
206 0.00 1.91291e-02 1.92287e-05
226 0.00 1.65263e-02 2.41673e-05
246 0.00 1.80711e-02 1.97974e-05
266 0.00 1.78177e-02 3.87357e-05
286 0.00 1.92835e-02 3.75985e-05
6 0.25 1.88188e-02 4.61417e-05
26 0.25 1.91172e-02 2.67448e-05
46 0.25 1.75911e-02 3.73069e-05
66 0.25 1.85939e-02 3.20669e-05
86 0.25 2.31362e-02 4.95270e-05
106 0.25 2.47048e-02 3.85649e-05
126 0.25 2.24402e-02 3.11173e-05
146 0.25 2.27665e-02 4.61471e-05
166 0.25 2.14675e-02 4.71541e-05
186 0.25 1.93945e-02 2.57345e-05
206 0.25 1.96497e-02 2.77938e-05
226 0.25 1.50699e-02 1.54108e-05
246 0.25 1.84141e-02 2.45690e-05
266 0.25 1.92026e-02 3.70845e-05
286 0.25 1.80836e-02 2.56058e-05
6 0.50 1.73818e-02 4.39687e-05
26 0.50 1.95548e-02 3.07542e-05
46 0.50 1.66971e-02 2.94471e-05
66 0.50 2.10386e-02 3.55841e-05
86 0.50 2.51467e-02 5.14091e-05
106 0.50 2.56451e-02 3.86149e-05
126 0.50 2.21323e-02 4.82955e-05
146 0.50 1.94238e-02 3.63996e-05
166 0.50 2.08048e-02 7.00697e-05
186 0.50 1.82397e-02 2.49329e-05
206 0.50 1.92836e-02 4.11704e-05
226 0.50 1.47268e-02 2.81670e-05
246 0.50 1.72597e-02 3.40671e-05
266 0.50 1.74119e-02 5.74135e-05
286 0.50 1.79779e-02 3.36765e-05
6 0.75 1.65817e-02 3.15517e-05
26 0.75 1.89621e-02 4.19308e-05
46 0.75 1.75810e-02 2.21139e-05
66 0.75 1.89080e-02 5.26446e-05
86 0.75 2.10604e-02 3.15896e-05
106 0.75 2.45057e-02 4.31445e-05
126 0.75 2.14118e-02 4.33512e-05
146 0.75 2.15812e-02 4.54037e-05
166 0.75 2.03088e-02 5.17787e-05
186 0.75 1.88228e-02 3.49230e-05
206 0.75 1.89871e-02 3.13505e-05
226 0.75 1.54209e-02 3.24578e-05
246 0.75 1.60822e-02 2.45858e-05
266 0.75 1.76449e-02 4.86510e-05
286 0.75 1.71846e-02 3.19343e-05
6 1.00 1.68047e-02 4.26304e-05
26 1.00 1.87522e-02 4.74947e-05
46 1.00 1.70918e-02 2.97656e-05
66 1.00 1.93713e-02 2.70775e-05
86 1.00 2.12409e-02 6.69925e-05
106 1.00 2.40355e-02 3.84114e-05
126 1.00 2.13432e-02 5.02840e-05
146 1.00 2.01032e-02 4.85786e-05
166 1.00 1.96249e-02 5.72835e-05
186 1.00 1.81118e-02 2.94347e-05
206 1.00 1.86972e-02 3.16115e-05
226 1.00 1.54577e-02 3.06294e-05
246 1.00 1.85007e-02 3.52279e-05
266 1.00 1.60406e-02 2.68553e-05
286 1.00 1.59619e-02 3.05758e-05
7 -1.00 1.93002e-02 1.32494e-05
27 -1.00 1.89241e-02 1.90471e-05
47 -1.00 1.53974e-02 1.08362e-05
67 -1.00 2.19923e-02 3.72673e-05
87 -1.00 1.77151e-02 1.42228e-05
107 -1.00 1.79660e-02 1.61358e-05
127 -1.00 1.72586e-02 9.65653e-06
147 -1.00 2.29790e-02 3.29502e-05
167 -1.00 2.02566e-02 2.13442e-05
187 -1.00 1.68263e-02 1.66867e-05
207 -1.00 1.85235e-02 1.17461e-05
227 -1.00 2.51029e-02 5.15541e-05
247 -1.00 2.03642e-02 1.77452e-05
267 -1.00 2.25642e-02 5.14281e-05
287 -1.00 2.02262e-02 3.07424e-05
7 -0.75 1.77983e-02 1.82281e-05
27 -0.75 1.84222e-02 2.17356e-05
47 -0.75 1.45575e-02 1.16664e-05
67 -0.75 2.08276e-02 2.93527e-05
87 -0.75 1.84338e-02 2.75240e-05
107 -0.75 1.79959e-02 4.27686e-05
127 -0.75 1.72610e-02 1.83414e-05
147 -0.75 2.32282e-02 2.52355e-05
167 -0.75 1.87191e-02 2.45615e-05
187 -0.75 1.83789e-02 1.53872e-05
207 -0.75 1.92461e-02 2.45769e-05
227 -0.75 2.24521e-02 4.53725e-05
247 -0.75 1.98739e-02 1.66038e-05
267 -0.75 2.12760e-02 1.84267e-05
287 -0.75 1.87969e-02 2.97540e-05
7 -0.50 1.80554e-02 3.03773e-05
27 -0.50 1.76667e-02 2.24957e-05
47 -0.50 1.53734e-02 1.50759e-05
67 -0.50 2.06207e-02 3.32988e-05
87 -0.50 1.87499e-02 3.28782e-05
107 -0.50 1.75675e-02 2.48541e-05
127 -0.50 1.61705e-02 2.04190e-05
147 -0.50 2.35110e-02 2.99915e-05
167 -0.50 1.91151e-02 2.43506e-05
187 -0.50 1.72355e-02 1.69628e-05
207 -0.50 1.84841e-02 2.00832e-05
227 -0.50 2.08801e-02 3.05748e-05
247 -0.50 1.87625e-02 1.80925e-05
267 -0.50 2.08826e-02 2.01980e-05
287 -0.50 1.77866e-02 1.96121e-05
7 -0.25 1.95760e-02 5.25472e-05
27 -0.25 1.78292e-02 2.29535e-05
47 -0.25 1.50318e-02 1.11386e-05
67 -0.25 2.00247e-02 2.13979e-05
87 -0.25 1.66449e-02 2.50292e-05
107 -0.25 1.76275e-02 3.06713e-05
127 -0.25 1.62571e-02 1.45660e-05
147 -0.25 2.04038e-02 1.59256e-05
167 -0.25 1.97945e-02 2.82879e-05
187 -0.25 1.75807e-02 2.91008e-05
207 -0.25 1.68501e-02 2.15005e-05
227 -0.25 1.94685e-02 1.90560e-05
247 -0.25 1.94011e-02 2.15715e-05
267 -0.25 2.08853e-02 2.28037e-05
287 -0.25 1.65417e-02 1.60106e-05
7 0.00 1.80760e-02 3.24552e-05
27 0.00 1.82428e-02 2.33970e-05
47 0.00 1.46720e-02 2.41529e-05
67 0.00 1.85247e-02 2.70796e-05
87 0.00 1.79806e-02 3.33266e-05
107 0.00 1.64133e-02 2.05369e-05
127 0.00 1.54803e-02 2.53790e-05
147 0.00 2.12969e-02 3.79252e-05
167 0.00 1.86928e-02 1.82249e-05
187 0.00 1.68359e-02 3.02049e-05
207 0.00 1.65164e-02 2.21517e-05
227 0.00 2.01668e-02 3.47691e-05
247 0.00 1.92754e-02 1.63601e-05
267 0.00 1.97483e-02 3.11914e-05
287 0.00 1.85261e-02 3.21694e-05
7 0.25 1.81088e-02 4.02783e-05
27 0.25 1.87806e-02 3.49427e-05
47 0.25 1.50940e-02 1.41571e-05
67 0.25 1.97164e-02 3.04425e-05
87 0.25 1.63252e-02 1.88086e-05
107 0.25 1.78815e-02 3.24648e-05
127 0.25 1.62679e-02 3.72019e-05
147 0.25 2.04215e-02 3.09916e-05
167 0.25 1.89257e-02 3.36814e-05
187 0.25 1.65662e-02 4.28440e-05
207 0.25 1.53697e-02 1.51227e-05
227 0.25 2.12259e-02 4.15913e-05
247 0.25 1.82011e-02 2.44033e-05
267 0.25 2.19424e-02 5.65519e-05
287 0.25 1.91636e-02 3.79058e-05
7 0.50 1.94753e-02 4.84137e-05
27 0.50 2.04114e-02 3.53233e-05
47 0.50 1.52574e-02 2.63676e-05
67 0.50 1.85870e-02 3.04225e-05
87 0.50 1.81924e-02 4.14455e-05
107 0.50 1.66979e-02 3.92908e-05
127 0.50 1.66811e-02 4.82647e-05
147 0.50 1.99065e-02 2.82524e-05
167 0.50 1.88501e-02 3.73661e-05
187 0.50 1.45336e-02 3.84458e-05
207 0.50 1.48391e-02 3.81178e-05
227 0.50 1.88066e-02 3.75595e-05
247 0.50 1.89862e-02 3.36547e-05
267 0.50 1.98295e-02 2.93239e-05
287 0.50 1.66902e-02 2.39604e-05
7 0.75 1.88244e-02 4.39593e-05
27 0.75 1.86837e-02 3.01485e-05
47 0.75 1.44736e-02 2.77076e-05
67 0.75 1.89301e-02 3.33639e-05
87 0.75 1.84174e-02 3.42051e-05
107 0.75 1.50020e-02 3.37213e-05
127 0.75 1.55295e-02 2.09351e-05
147 0.75 2.04818e-02 4.98177e-05
167 0.75 1.88391e-02 4.03264e-05
187 0.75 1.67919e-02 4.51765e-05
207 0.75 1.37388e-02 5.17521e-05
227 0.75 2.01467e-02 3.26458e-05
247 0.75 2.01553e-02 4.65563e-05
267 0.75 1.98610e-02 4.60438e-05
287 0.75 1.80600e-02 3.24847e-05
7 1.00 1.92016e-02 5.37850e-05
27 1.00 1.80670e-02 4.72559e-05
47 1.00 1.52389e-02 2.45943e-05
67 1.00 1.64038e-02 1.77731e-05
87 1.00 1.77420e-02 2.33311e-05
107 1.00 1.70594e-02 3.39512e-05
127 1.00 1.46804e-02 3.43267e-05
147 1.00 2.03035e-02 4.26068e-05
167 1.00 1.81878e-02 5.32423e-05
187 1.00 1.72098e-02 2.37085e-05
207 1.00 1.58321e-02 4.53742e-05
227 1.00 2.06054e-02 5.01481e-05
247 1.00 2.01181e-02 3.17021e-05
267 1.00 1.82049e-02 4.00726e-05
287 1.00 1.52686e-02 3.21000e-05
8 -1.00 1.87969e-02 1.99015e-05
28 -1.00 1.98547e-02 2.56790e-05
48 -1.00 1.97488e-02 1.70582e-05
68 -1.00 1.94107e-02 1.85400e-05
88 -1.00 1.59559e-02 9.50261e-06
108 -1.00 1.95708e-02 1.74979e-05
128 -1.00 2.13384e-02 2.51301e-05
148 -1.00 1.75479e-02 1.23777e-05
168 -1.00 1.83220e-02 1.21742e-05
188 -1.00 2.04217e-02 1.92281e-05
208 -1.00 1.79787e-02 2.85617e-05
228 -1.00 1.95774e-02 1.47884e-05
248 -1.00 2.17593e-02 4.44697e-05
268 -1.00 2.25329e-02 3.44775e-05
288 -1.00 1.93056e-02 1.89102e-05
8 -0.75 1.76390e-02 1.79212e-05
28 -0.75 2.00071e-02 2.96890e-05
48 -0.75 1.90584e-02 1.39790e-05
68 -0.75 1.89638e-02 2.83445e-05
88 -0.75 1.65118e-02 1.51580e-05
108 -0.75 1.91838e-02 2.58732e-05
128 -0.75 2.15695e-02 3.73103e-05
148 -0.75 1.84867e-02 1.61449e-05
168 -0.75 1.74118e-02 1.58128e-05
188 -0.75 2.03610e-02 1.98644e-05
208 -0.75 1.66505e-02 1.54563e-05
228 -0.75 1.79666e-02 2.16544e-05
248 -0.75 2.05911e-02 2.18879e-05
268 -0.75 2.21705e-02 3.83767e-05
288 -0.75 1.90621e-02 1.62116e-05
8 -0.50 1.84797e-02 4.05830e-05
28 -0.50 1.91803e-02 2.16815e-05
48 -0.50 1.84349e-02 1.66370e-05
68 -0.50 1.74478e-02 2.30714e-05
88 -0.50 1.56975e-02 1.64017e-05
108 -0.50 2.04126e-02 3.70522e-05
128 -0.50 2.13629e-02 2.42211e-05
148 -0.50 1.73178e-02 2.37411e-05
168 -0.50 1.77284e-02 1.89417e-05
188 -0.50 2.04672e-02 1.51026e-05
208 -0.50 1.90471e-02 1.94495e-05
228 -0.50 1.68742e-02 1.84315e-05
248 -0.50 1.98625e-02 1.92898e-05
268 -0.50 1.94905e-02 3.90474e-05
288 -0.50 1.93559e-02 2.63147e-05
8 -0.25 1.79502e-02 3.33080e-05
28 -0.25 1.87396e-02 2.13019e-05
48 -0.25 1.94059e-02 2.70090e-05
68 -0.25 1.80412e-02 4.20720e-05
88 -0.25 1.51683e-02 2.63747e-05
108 -0.25 1.92989e-02 2.26091e-05
128 -0.25 1.95325e-02 2.04697e-05
148 -0.25 1.49843e-02 1.15896e-05
168 -0.25 1.73856e-02 2.15525e-05
188 -0.25 1.99140e-02 3.02340e-05
208 -0.25 1.74467e-02 1.46156e-05
228 -0.25 1.74449e-02 2.73712e-05
248 -0.25 2.13725e-02 3.37083e-05
268 -0.25 1.85925e-02 3.02340e-05
288 -0.25 1.95300e-02 2.35293e-05
8 0.00 1.76446e-02 2.61399e-05
28 0.00 1.93876e-02 5.19496e-05
48 0.00 2.05680e-02 6.04869e-05
68 0.00 1.73267e-02 2.21035e-05
88 0.00 1.57444e-02 2.84449e-05
108 0.00 1.97080e-02 2.50545e-05
128 0.00 2.00562e-02 2.87314e-05
148 0.00 1.64182e-02 1.24833e-05
168 0.00 1.76978e-02 2.83412e-05
188 0.00 1.95067e-02 2.19147e-05
208 0.00 1.66398e-02 2.28122e-05
228 0.00 1.53156e-02 2.38621e-05
248 0.00 2.01278e-02 1.49719e-05
268 0.00 1.87898e-02 4.10348e-05
288 0.00 1.93797e-02 1.37496e-05
8 0.25 1.78380e-02 3.46018e-05
28 0.25 1.92806e-02 3.24591e-05
48 0.25 2.04463e-02 2.79196e-05
68 0.25 1.69917e-02 3.94959e-05
88 0.25 1.46623e-02 2.03384e-05
108 0.25 2.04187e-02 4.70537e-05
128 0.25 2.07924e-02 3.59879e-05
148 0.25 1.60545e-02 2.38017e-05
168 0.25 1.66769e-02 2.58795e-05
188 0.25 1.96446e-02 2.83260e-05
208 0.25 1.61897e-02 2.75910e-05
228 0.25 1.52451e-02 2.93090e-05
248 0.25 1.92862e-02 3.58796e-05
268 0.25 1.73144e-02 3.82691e-05
288 0.25 1.82478e-02 2.16179e-05
8 0.50 1.77522e-02 2.66828e-05
28 0.50 1.92050e-02 3.86804e-05
48 0.50 1.83573e-02 2.74090e-05
68 0.50 1.73705e-02 4.22435e-05
88 0.50 1.53197e-02 4.28666e-05
108 0.50 1.93586e-02 3.44314e-05
128 0.50 2.02458e-02 3.95034e-05
148 0.50 1.74593e-02 5.01278e-05
168 0.50 1.58733e-02 2.51046e-05
188 0.50 2.07266e-02 3.38053e-05
208 0.50 1.70918e-02 2.24374e-05
228 0.50 1.49471e-02 3.26930e-05
248 0.50 1.85435e-02 3.03286e-05
268 0.50 1.79423e-02 3.71139e-05
288 0.50 2.01654e-02 5.14741e-05
8 0.75 1.83272e-02 4.16454e-05
28 0.75 1.91743e-02 2.76848e-05
48 0.75 1.99687e-02 4.79384e-05
68 0.75 1.66653e-02 4.84897e-05
88 0.75 1.41531e-02 3.50360e-05
108 0.75 1.88182e-02 3.43825e-05
128 0.75 1.93747e-02 4.45107e-05
148 0.75 1.80600e-02 3.89768e-05
168 0.75 1.56304e-02 3.58535e-05
188 0.75 1.83290e-02 3.88095e-05
208 0.75 1.50704e-02 3.22312e-05
228 0.75 1.54553e-02 4.07971e-05
248 0.75 1.85670e-02 2.59004e-05
268 0.75 1.52227e-02 3.57098e-05
288 0.75 2.16141e-02 4.03513e-05
8 1.00 1.46981e-02 3.99365e-05
28 1.00 2.00250e-02 3.15586e-05
48 1.00 1.72590e-02 2.77789e-05
68 1.00 1.70170e-02 5.16106e-05
88 1.00 1.50493e-02 3.06254e-05
108 1.00 2.00199e-02 4.32898e-05
128 1.00 1.88516e-02 2.97930e-05
148 1.00 1.78626e-02 5.54718e-05
168 1.00 1.77945e-02 5.30883e-05
188 1.00 1.77612e-02 2.78171e-05
208 1.00 1.48064e-02 2.15337e-05
228 1.00 1.35984e-02 4.27578e-05
248 1.00 2.21171e-02 7.40387e-05
268 1.00 1.59827e-02 4.18138e-05
288 1.00 2.07260e-02 6.63470e-05
9 -1.00 2.05764e-02 2.49399e-05
29 -1.00 2.03922e-02 1.33222e-05
49 -1.00 2.32159e-02 3.55637e-05
69 -1.00 2.29080e-02 1.45643e-05
89 -1.00 2.01489e-02 1.31551e-05
109 -1.00 1.93661e-02 1.73901e-05
129 -1.00 1.75531e-02 1.86956e-05
149 -1.00 2.08082e-02 1.37748e-05
169 -1.00 2.05293e-02 2.87641e-05
189 -1.00 1.64420e-02 1.79616e-05
209 -1.00 1.78158e-02 2.21444e-05
229 -1.00 2.25885e-02 2.63819e-05
249 -1.00 2.06040e-02 2.22682e-05
269 -1.00 1.71481e-02 2.24518e-05
289 -1.00 2.02742e-02 2.29133e-05
9 -0.75 1.85752e-02 1.95835e-05
29 -0.75 2.04701e-02 2.21764e-05
49 -0.75 2.15560e-02 1.40954e-05
69 -0.75 2.37858e-02 2.06306e-05
89 -0.75 1.99708e-02 1.84492e-05
109 -0.75 1.99676e-02 2.12911e-05
129 -0.75 1.76972e-02 2.80114e-05
149 -0.75 2.08261e-02 1.85167e-05
169 -0.75 2.02232e-02 2.75014e-05
189 -0.75 1.62673e-02 1.98410e-05
209 -0.75 1.65187e-02 1.56302e-05
229 -0.75 2.15098e-02 2.71527e-05
249 -0.75 2.00298e-02 2.46018e-05
269 -0.75 1.58259e-02 1.98169e-05
289 -0.75 1.94063e-02 1.64783e-05
9 -0.50 1.83846e-02 2.65861e-05
29 -0.50 2.10044e-02 2.44632e-05
49 -0.50 2.13870e-02 4.42719e-05
69 -0.50 2.20800e-02 3.21976e-05
89 -0.50 2.05784e-02 2.05797e-05
109 -0.50 2.02027e-02 2.57208e-05
129 -0.50 1.69272e-02 3.74026e-05
149 -0.50 2.17346e-02 2.62883e-05
169 -0.50 1.85559e-02 3.12275e-05
189 -0.50 1.52177e-02 2.23486e-05
209 -0.50 1.68027e-02 1.60403e-05
229 -0.50 2.13228e-02 2.64960e-05
249 -0.50 1.90645e-02 2.11970e-05
269 -0.50 1.71235e-02 2.63426e-05
289 -0.50 1.90045e-02 1.85849e-05
9 -0.25 1.81579e-02 2.91475e-05
29 -0.25 2.05609e-02 2.55541e-05
49 -0.25 2.06669e-02 2.38407e-05
69 -0.25 2.21889e-02 4.25806e-05
89 -0.25 2.00081e-02 2.21916e-05
109 -0.25 1.93257e-02 2.56417e-05
129 -0.25 1.59896e-02 1.43602e-05
149 -0.25 1.96426e-02 2.82229e-05
169 -0.25 1.84666e-02 2.58843e-05
189 -0.25 1.52984e-02 2.99946e-05
209 -0.25 1.60563e-02 1.89497e-05
229 -0.25 2.13305e-02 3.38709e-05
249 -0.25 1.82847e-02 3.07503e-05
269 -0.25 1.65198e-02 1.60101e-05
289 -0.25 2.10889e-02 3.19197e-05
9 0.00 1.76022e-02 3.30756e-05
29 0.00 1.90625e-02 5.27478e-05
49 0.00 2.16215e-02 4.82292e-05
69 0.00 2.05735e-02 2.67488e-05
89 0.00 1.95165e-02 2.30533e-05
109 0.00 2.10083e-02 3.08290e-05
129 0.00 1.64508e-02 3.13003e-05
149 0.00 2.04271e-02 2.36658e-05
169 0.00 1.91045e-02 3.00225e-05
189 0.00 1.42751e-02 1.94705e-05
209 0.00 1.54679e-02 1.18150e-05
229 0.00 2.02870e-02 3.58295e-05
249 0.00 1.85377e-02 4.66689e-05
269 0.00 1.44408e-02 1.45806e-05
289 0.00 2.05220e-02 2.37445e-05
9 0.25 1.72561e-02 2.49249e-05
29 0.25 1.88071e-02 2.73723e-05
49 0.25 2.12672e-02 4.31940e-05
69 0.25 2.05148e-02 3.11517e-05
89 0.25 2.07422e-02 4.04968e-05
109 0.25 2.10951e-02 3.54197e-05
129 0.25 1.70554e-02 3.02534e-05
149 0.25 1.97323e-02 3.71576e-05
169 0.25 1.79302e-02 2.41839e-05
189 0.25 1.34695e-02 2.03298e-05
209 0.25 1.61023e-02 2.77288e-05
229 0.25 1.96614e-02 3.64950e-05
249 0.25 1.88237e-02 2.37948e-05
269 0.25 1.56854e-02 2.26947e-05
289 0.25 1.91356e-02 3.42310e-05
9 0.50 1.81664e-02 4.60786e-05
29 0.50 1.90976e-02 3.30070e-05
49 0.50 2.07728e-02 4.05876e-05
69 0.50 1.99121e-02 3.93267e-05
89 0.50 2.09589e-02 3.53242e-05
109 0.50 1.86791e-02 3.35260e-05
129 0.50 1.64820e-02 2.73466e-05
149 0.50 1.94718e-02 3.80670e-05
169 0.50 1.89823e-02 3.14714e-05
189 0.50 1.56110e-02 5.15804e-05
209 0.50 1.64521e-02 1.47220e-05
229 0.50 1.92877e-02 5.70009e-05
249 0.50 1.87625e-02 4.63241e-05
269 0.50 1.56120e-02 2.93894e-05
289 0.50 1.92709e-02 3.68346e-05
9 0.75 1.88255e-02 4.55540e-05
29 0.75 2.00164e-02 4.26349e-05
49 0.75 2.15369e-02 4.53010e-05
69 0.75 2.02282e-02 4.15790e-05
89 0.75 2.01052e-02 2.66793e-05
109 0.75 2.03174e-02 4.46970e-05
129 0.75 1.62764e-02 4.01973e-05
149 0.75 1.94155e-02 3.31176e-05
169 0.75 1.75911e-02 2.94875e-05
189 0.75 1.34294e-02 1.73966e-05
209 0.75 1.44331e-02 3.48869e-05
229 0.75 1.85346e-02 8.34264e-05
249 0.75 1.76204e-02 3.34118e-05
269 0.75 1.53576e-02 2.48098e-05
289 0.75 2.03152e-02 3.47574e-05
9 1.00 1.79687e-02 2.53463e-05
29 1.00 1.94262e-02 3.88321e-05
49 1.00 2.11258e-02 2.80939e-05
69 1.00 1.98970e-02 2.62775e-05
89 1.00 2.13988e-02 4.96203e-05
109 1.00 1.93795e-02 8.99748e-05
129 1.00 1.69026e-02 3.70853e-05
149 1.00 2.02180e-02 5.98458e-05
169 1.00 2.11313e-02 5.22217e-05
189 1.00 1.26267e-02 3.11511e-05
209 1.00 1.54966e-02 3.35033e-05
229 1.00 1.68850e-02 5.47200e-05
249 1.00 1.87212e-02 4.44381e-05
269 1.00 1.55045e-02 2.80041e-05
289 1.00 1.89593e-02 3.22036e-05
303 -1.00 1.843628564125e-02 4.9528068e-06
307 -1.00 1.993581366624e-02 3.4235715e-06
311 -1.00 1.851784309696e-02 2.4222761e-06
315 -1.00 2.083145376158e-02 6.1299468e-06
319 -1.00 2.200487785886e-02 3.1408899e-06
323 -1.00 1.988383513465e-02 7.6069152e-06
327 -1.00 1.948454966543e-02 3.0949633e-06
331 -1.00 2.401415269673e-02 5.2703279e-06
335 -1.00 2.236934948434e-02 1.3195891e-05
339 -1.00 1.955049190623e-02 9.2299318e-06
343 -1.00 1.922776713654e-02 2.7612389e-06
347 -1.00 1.734534812223e-02 5.2510399e-06
351 -1.00 1.799134639776e-02 3.3456463e-06
355 -1.00 2.082387921593e-02 3.4757184e-06
359 -1.00 1.869228348549e-02 6.7717289e-06
363 -1.00 1.962052465855e-02 2.9137036e-06
367 -1.00 1.543085646839e-02 1.8156624e-06
371 -1.00 1.801315195529e-02 2.6604842e-06
375 -1.00 1.959899032930e-02 5.0239732e-06
379 -1.00 1.868757453584e-02 6.0449032e-06
383 -1.00 1.779052809708e-02 6.3501655e-06
387 -1.00 2.259693358477e-02 7.0118816e-06
391 -1.00 2.319156039875e-02 5.6768825e-06
395 -1.00 1.754647732814e-02 3.1898515e-06
399 -1.00 2.090679854217e-02 3.5506003e-06
403 -1.00 2.380788650439e-02 6.7436389e-06
407 -1.00 2.079465273647e-02 2.6202768e-06
411 -1.00 1.850819602987e-02 4.8472244e-06
415 -1.00 2.295174439153e-02 5.9915685e-06
419 -1.00 1.969056984069e-02 6.4161999e-06
423 -1.00 2.118415562238e-02 3.6527307e-06
427 -1.00 2.063653442615e-02 3.7496805e-06
431 -1.00 1.929118523377e-02 4.1298671e-06
435 -1.00 2.275851057406e-02 3.0179852e-06
439 -1.00 1.577416397259e-02 1.5751952e-06
443 -1.00 1.498569353643e-02 1.9948492e-06
447 -1.00 1.993841270474e-02 4.9283249e-06
451 -1.00 2.243918202540e-02 3.1345422e-06
455 -1.00 1.687760622113e-02 6.7749545e-07
459 -1.00 1.857840369836e-02 5.3755533e-06
463 -1.00 1.737336047977e-02 3.9823520e-06
467 -1.00 1.993207689792e-02 3.8389420e-06
471 -1.00 1.812982171952e-02 1.5702468e-06
475 -1.00 1.805048221575e-02 2.8324560e-06
479 -1.00 2.018811484319e-02 6.0893201e-06
483 -1.00 1.950815094914e-02 4.2727121e-06
487 -1.00 2.252965761878e-02 3.2365830e-06
491 -1.00 2.269195075827e-02 4.1533613e-06
495 -1.00 2.248307988508e-02 1.1197512e-05
499 -1.00 1.961779338226e-02 4.2260863e-06
303 -0.75 1.976397799382e-02 1.0974795e-05
307 -0.75 2.132733713334e-02 5.0895824e-06
311 -0.75 1.837221697086e-02 5.5954254e-06
315 -0.75 2.075151986624e-02 5.9211607e-06
319 -0.75 2.217241387480e-02 5.1485131e-06
323 -0.75 1.928085642207e-02 5.2696908e-06
327 -0.75 1.952363818865e-02 7.4245078e-06
331 -0.75 2.323915654538e-02 9.3498599e-06
335 -0.75 2.187551410208e-02 4.2373418e-06
339 -0.75 1.709769059959e-02 2.3228485e-06
343 -0.75 1.984815549061e-02 6.1515496e-06
347 -0.75 1.630030269220e-02 2.1992696e-06
351 -0.75 1.677196901553e-02 3.4195601e-06
355 -0.75 2.155458222123e-02 4.3775687e-06
359 -0.75 1.677241559663e-02 7.0133739e-06
363 -0.75 1.873796360427e-02 1.9622149e-06
367 -0.75 1.604081581383e-02 3.7246420e-06
371 -0.75 1.745434672078e-02 3.8078376e-06
375 -0.75 1.892565706376e-02 1.2410405e-06
379 -0.75 1.813664883986e-02 3.1986306e-06
383 -0.75 1.760889611024e-02 5.0202410e-06
387 -0.75 2.302007041828e-02 9.1894775e-06
391 -0.75 2.294737891204e-02 1.7181437e-05
395 -0.75 1.933072678673e-02 6.5109909e-06
399 -0.75 1.932795252053e-02 1.7721391e-06
403 -0.75 2.150610013363e-02 2.3917839e-06
407 -0.75 1.958078779634e-02 5.2586981e-06
411 -0.75 1.783662522979e-02 6.5151591e-06
415 -0.75 2.209009446363e-02 3.3717718e-06
419 -0.75 1.788229247971e-02 3.0219241e-06
423 -0.75 2.112406372442e-02 3.3559346e-06
427 -0.75 1.953854419845e-02 4.7787734e-06
431 -0.75 1.921943579485e-02 6.4553589e-06
435 -0.75 2.096845017810e-02 1.7581414e-06
439 -0.75 1.550764032858e-02 5.5889002e-06
443 -0.75 1.536692702801e-02 2.0644115e-06
447 -0.75 1.778436787643e-02 2.1816950e-06
451 -0.75 2.174010665154e-02 3.8692442e-06
455 -0.75 1.738337284157e-02 6.0365339e-06
459 -0.75 1.814845273731e-02 6.9596967e-06
463 -0.75 1.759018532416e-02 7.0396269e-07
467 -0.75 1.854624291764e-02 2.9982131e-06
471 -0.75 1.979859260793e-02 5.0776489e-06
475 -0.75 1.860278776773e-02 2.1451625e-06
479 -0.75 1.987039722238e-02 8.2002977e-06
483 -0.75 1.788769180605e-02 5.0190829e-06
487 -0.75 2.142322964346e-02 9.6391220e-06
491 -0.75 2.248536616961e-02 5.6293715e-06
495 -0.75 2.217297925842e-02 6.3272304e-06
499 -0.75 1.895107625355e-02 4.4474894e-06
303 -0.50 1.874170698093e-02 4.7235640e-06
307 -0.50 1.934493372269e-02 3.3353207e-06
311 -0.50 1.740278092403e-02 3.2060669e-06
315 -0.50 1.991857298796e-02 7.9721290e-06
319 -0.50 2.303299394295e-02 4.6477050e-06
323 -0.50 2.023097558614e-02 2.8369176e-06
327 -0.50 1.719210657877e-02 2.4938430e-06
331 -0.50 2.260581882548e-02 4.0161278e-06
335 -0.50 1.976485044247e-02 1.0541467e-06
339 -0.50 1.799130700070e-02 1.0890427e-05
343 -0.50 1.883032797690e-02 4.3921481e-06
347 -0.50 1.592170911342e-02 3.7659735e-06
351 -0.50 1.858005879347e-02 6.2800647e-06
355 -0.50 2.137959249217e-02 6.6854324e-06
359 -0.50 1.672034280989e-02 4.8136443e-06
363 -0.50 1.860060286350e-02 2.5164287e-06
367 -0.50 1.548749371564e-02 7.6639991e-06
371 -0.50 1.690106534257e-02 2.1276481e-06
375 -0.50 1.915815738323e-02 1.0102066e-06
379 -0.50 1.864093331996e-02 2.4182330e-06
383 -0.50 1.711533746056e-02 4.5154556e-06
387 -0.50 2.004910895117e-02 7.0557028e-06
391 -0.50 2.241801096296e-02 9.8723662e-06
395 -0.50 1.671728094188e-02 1.9512422e-06
399 -0.50 2.071164868642e-02 5.4993183e-06
403 -0.50 2.230426586065e-02 3.2224040e-06
407 -0.50 1.968589551194e-02 2.0660760e-06
411 -0.50 1.713000484604e-02 6.9551950e-06
415 -0.50 2.184132406241e-02 8.6603015e-06
419 -0.50 1.846035370828e-02 3.0962186e-06
423 -0.50 2.050238711403e-02 4.5878970e-06
427 -0.50 1.899040498545e-02 3.4307127e-06
431 -0.50 1.844530850014e-02 1.7924223e-06
435 -0.50 2.157834259045e-02 6.6802854e-06
439 -0.50 1.664623265136e-02 5.4750809e-06
443 -0.50 1.650311669699e-02 1.0668258e-06
447 -0.50 1.826833628423e-02 7.8679022e-06
451 -0.50 2.192468012905e-02 6.0147687e-06
455 -0.50 1.668550496476e-02 6.6376307e-06
459 -0.50 1.773074142393e-02 2.6333342e-06
463 -0.50 1.783081982831e-02 6.1421646e-06
467 -0.50 1.999859508995e-02 9.2096725e-06
471 -0.50 1.829762676818e-02 2.5633831e-06
475 -0.50 1.922064318316e-02 2.9037642e-06
479 -0.50 1.899681347202e-02 7.2694189e-06
483 -0.50 1.766538281579e-02 6.3437272e-06
487 -0.50 2.027898284874e-02 8.9154946e-06
491 -0.50 2.068265455055e-02 4.4428920e-06
495 -0.50 1.945296167010e-02 5.0114796e-06
499 -0.50 1.967745449819e-02 1.7289950e-06
303 -0.25 1.886182308892e-02 1.0788570e-05
307 -0.25 2.141956274926e-02 1.3089714e-05
311 -0.25 1.731892057669e-02 5.2896952e-06
315 -0.25 1.767387873486e-02 9.8166385e-07
319 -0.25 2.189166270555e-02 4.8136931e-06
323 -0.25 1.875046802929e-02 3.5746828e-06
327 -0.25 1.831805298983e-02 2.9637690e-06
331 -0.25 2.103536502819e-02 2.7905354e-06
335 -0.25 2.079139322992e-02 8.5214738e-06
339 -0.25 1.701514024849e-02 2.3380423e-06
343 -0.25 1.880248087638e-02 2.2105677e-06
347 -0.25 1.484207443460e-02 6.5879569e-06
351 -0.25 1.734456493930e-02 6.8189389e-07
355 -0.25 2.237313553885e-02 1.2671413e-06
359 -0.25 1.634249237558e-02 2.5962492e-06
363 -0.25 1.826400774756e-02 6.7214131e-06
367 -0.25 1.455187660130e-02 1.0745780e-06
371 -0.25 1.689728013690e-02 5.5743139e-06
375 -0.25 1.896694066446e-02 4.4065818e-06
379 -0.25 1.696262870260e-02 8.0122086e-06
383 -0.25 1.725443574461e-02 2.7732021e-06
387 -0.25 2.058364096354e-02 2.6171096e-06
391 -0.25 2.058529158311e-02 6.5316127e-06
395 -0.25 1.849251402037e-02 6.5360769e-06
399 -0.25 2.093602801305e-02 1.0016240e-05
403 -0.25 2.167640621535e-02 1.8022833e-06
407 -0.25 1.977427491703e-02 2.1520015e-06
411 -0.25 1.878182886467e-02 1.8551091e-06
415 -0.25 2.198757094833e-02 8.2033228e-06
419 -0.25 1.816208664466e-02 9.4228729e-06
423 -0.25 2.193060016141e-02 1.2776420e-05
427 -0.25 1.992285952300e-02 5.4093575e-06
431 -0.25 1.878823513995e-02 4.8342645e-06
435 -0.25 2.177292284437e-02 4.3927326e-06
439 -0.25 1.561225213751e-02 6.0076686e-06
443 -0.25 1.607343776511e-02 4.8371609e-06
447 -0.25 1.717386276978e-02 7.0270740e-06
451 -0.25 2.060353610443e-02 6.8728460e-06
455 -0.25 1.512939284572e-02 6.1035121e-06
459 -0.25 1.698354723570e-02 6.2628691e-06
463 -0.25 1.662048516858e-02 3.2219708e-06
467 -0.25 1.974622875452e-02 9.7144063e-06
471 -0.25 1.798667575447e-02 1.9388238e-06
475 -0.25 1.786432595121e-02 2.4221992e-06
479 -0.25 1.858086531105e-02 3.4217573e-06
483 -0.25 1.812644247650e-02 2.9282505e-06
487 -0.25 1.940173352349e-02 3.1107966e-06
491 -0.25 2.071100922071e-02 5.6771254e-06
495 -0.25 1.944430517543e-02 6.4685209e-06
499 -0.25 1.907305928569e-02 8.0595873e-06
303 0.00 1.868002057781e-02 5.3509715e-06
307 0.00 1.871559074491e-02 1.7592947e-06
311 0.00 1.791408898227e-02 5.2994192e-06
315 0.00 1.836843982648e-02 6.2654726e-06
319 0.00 2.186064855892e-02 1.0375504e-05
323 0.00 1.706868714407e-02 3.5542723e-06
327 0.00 1.931419037922e-02 1.1123589e-05
331 0.00 2.196994109532e-02 1.0831100e-05
335 0.00 2.064924513145e-02 3.2139303e-06
339 0.00 1.714711220185e-02 3.5208297e-06
343 0.00 1.899091359670e-02 1.9234098e-06
347 0.00 1.450869225945e-02 4.2176885e-06
351 0.00 1.772060498944e-02 6.7646641e-06
355 0.00 2.020377053303e-02 5.2137121e-06
359 0.00 1.730120226803e-02 4.7107016e-06
363 0.00 1.806429082904e-02 4.7486535e-06
367 0.00 1.651744294144e-02 2.2413092e-06
371 0.00 1.645997206810e-02 2.2475393e-06
375 0.00 1.829465074866e-02 2.8670927e-06
379 0.00 1.626629638383e-02 3.3155764e-06
383 0.00 1.623671320702e-02 1.2961011e-06
387 0.00 1.890773557866e-02 4.4911693e-06
391 0.00 1.954676985667e-02 4.4759446e-06
395 0.00 1.733201570562e-02 6.6630900e-06
399 0.00 2.103130694630e-02 8.3455421e-06
403 0.00 2.306413378130e-02 9.6444097e-06
407 0.00 1.976906023900e-02 4.1886981e-06
411 0.00 1.972926396661e-02 7.8363570e-06
415 0.00 2.213449373588e-02 4.1500110e-06
419 0.00 1.881273857676e-02 3.9431893e-06
423 0.00 2.283008650128e-02 3.0849614e-06
427 0.00 1.854228084216e-02 2.1501178e-06
431 0.00 2.093704152293e-02 3.5272851e-06
435 0.00 1.894186677587e-02 2.7360675e-06
439 0.00 1.537811659738e-02 2.2174614e-06
443 0.00 1.497635194959e-02 2.3932168e-06
447 0.00 1.572084767211e-02 4.3397744e-06
451 0.00 1.992572271266e-02 3.0040198e-06
455 0.00 1.629230092701e-02 1.9482496e-06
459 0.00 1.698198163426e-02 5.0356505e-06
463 0.00 1.787019951729e-02 1.0193695e-05
467 0.00 1.837241009122e-02 1.5420339e-05
471 0.00 1.749183717373e-02 3.3918643e-06
475 0.00 1.735077561491e-02 3.7295048e-06
479 0.00 1.721181828901e-02 1.0599323e-05
483 0.00 1.584979247697e-02 3.2213515e-06
487 0.00 1.779077453433e-02 2.8358676e-06
491 0.00 2.043655039672e-02 5.3689212e-06
495 0.00 1.878211289216e-02 2.9537425e-06
499 0.00 1.835491481031e-02 4.6279774e-06
303 0.25 1.874740092157e-02 4.5354323e-06
307 0.25 1.917433611553e-02 4.4571193e-06
311 0.25 1.737188769885e-02 1.0203844e-06
315 0.25 1.830477808743e-02 6.5808509e-06
319 0.25 2.052583874392e-02 5.5973105e-06
323 0.25 1.765914126460e-02 4.4506773e-06
327 0.25 1.730768957218e-02 5.7272749e-06
331 0.25 2.062855349212e-02 3.6494125e-06
335 0.25 1.844749465703e-02 4.5711368e-06
339 0.25 1.680783357760e-02 3.6131834e-06
343 0.25 1.984309960965e-02 2.9478902e-06
347 0.25 1.558436317083e-02 3.8841192e-06
351 0.25 1.785819404578e-02 1.8542885e-06
355 0.25 1.905785526213e-02 6.1927294e-06
359 0.25 1.801085370498e-02 8.4417388e-06
363 0.25 1.750089147393e-02 1.7974476e-05
367 0.25 1.418328803827e-02 5.1057838e-06
371 0.25 1.688134943186e-02 5.7620874e-06
375 0.25 1.984734600528e-02 6.3353956e-06
379 0.25 1.594249924800e-02 3.2524796e-06
383 0.25 1.544315226669e-02 4.2518212e-06
387 0.25 1.855698662296e-02 5.0827272e-06
391 0.25 1.867388525879e-02 9.0447164e-06
395 0.25 1.759144466609e-02 6.6523208e-06
399 0.25 2.125947010860e-02 3.7510980e-06
403 0.25 2.061071865141e-02 4.2838559e-06
407 0.25 1.977194920332e-02 2.3902386e-06
411 0.25 1.750158771981e-02 4.8614918e-06
415 0.25 1.873938792133e-02 4.1959068e-06
419 0.25 1.795691230483e-02 3.9127111e-06
423 0.25 2.199152386567e-02 8.4140142e-06
427 0.25 1.859547368346e-02 5.3065899e-06
431 0.25 2.099327872377e-02 1.8173074e-05
435 0.25 2.158324014859e-02 3.0770580e-06
439 0.25 1.577590921769e-02 3.9084069e-06
443 0.25 1.679686704930e-02 1.2364795e-05
447 0.25 1.696409747648e-02 2.9170464e-06
451 0.25 1.962560182808e-02 2.8478338e-06
455 0.25 1.612112670495e-02 1.1227212e-05
459 0.25 1.616455077743e-02 3.1110693e-06
463 0.25 1.657263322853e-02 6.3264079e-06
467 0.25 1.867047085051e-02 7.3315308e-06
471 0.25 1.776883844457e-02 4.6784702e-06
475 0.25 1.816338510932e-02 3.4886952e-06
479 0.25 1.814908275194e-02 8.9425807e-06
483 0.25 1.701712606657e-02 4.0544137e-06
487 0.25 1.681148986332e-02 1.1699865e-05
491 0.25 1.917045550157e-02 5.5600914e-06
495 0.25 2.042918733197e-02 7.7015169e-06
499 0.25 1.908892722672e-02 8.0356010e-06
303 0.50 1.901010596813e-02 1.2184701e-05
307 0.50 1.775783486285e-02 5.3353342e-06
311 0.50 1.738278660798e-02 8.5936164e-06
315 0.50 1.494704758362e-02 1.7902290e-06
319 0.50 2.103295168727e-02 1.0525493e-05
323 0.50 1.868818757546e-02 1.5180766e-06
327 0.50 1.812432388588e-02 5.3865482e-06
331 0.50 2.038061488449e-02 6.9453905e-06
335 0.50 1.901724682793e-02 1.7245371e-05
339 0.50 1.855927202042e-02 4.4179987e-06
343 0.50 1.879722395226e-02 4.0397219e-06
347 0.50 1.662659046948e-02 8.3640359e-06
351 0.50 1.831809178262e-02 5.6929296e-06
355 0.50 1.934519401415e-02 7.1647598e-06
359 0.50 1.612907493849e-02 6.1657639e-06
363 0.50 1.680667508855e-02 4.3859736e-06
367 0.50 1.382214013210e-02 3.1605238e-06
371 0.50 1.704171795543e-02 7.2972280e-06
375 0.50 1.956859468280e-02 9.5383395e-06
379 0.50 1.550432634068e-02 6.9998451e-06
383 0.50 1.744425960036e-02 5.3898385e-06
387 0.50 1.735996897650e-02 1.1693473e-05
391 0.50 1.667367554710e-02 5.6584175e-06
395 0.50 1.734709371845e-02 8.3294959e-06
399 0.50 1.979209772662e-02 8.5213145e-06
403 0.50 2.142642569211e-02 1.7089791e-06
407 0.50 1.957080424066e-02 3.0330062e-06
411 0.50 1.776597130846e-02 6.4127463e-06
415 0.50 1.982371699670e-02 1.3158434e-05
419 0.50 1.906003375223e-02 4.9006865e-06
423 0.50 2.120362917826e-02 9.8412523e-06
427 0.50 1.921552624996e-02 6.4911724e-06
431 0.50 1.917335529441e-02 4.0918904e-06
435 0.50 1.892756515085e-02 2.5473808e-06
439 0.50 1.795847484606e-02 8.7338182e-06
443 0.50 1.679347400396e-02 2.5235298e-06
447 0.50 1.700997648967e-02 1.0850178e-05
451 0.50 1.993266402057e-02 4.9206364e-06
455 0.50 1.518027997550e-02 7.3075642e-06
459 0.50 1.619457709894e-02 2.6790922e-06
463 0.50 1.714630631488e-02 6.0719561e-06
467 0.50 1.871441864121e-02 7.9766988e-06
471 0.50 1.616653158163e-02 9.0287587e-06
475 0.50 1.718405075033e-02 3.5350366e-06
479 0.50 1.652921871041e-02 3.8816922e-06
483 0.50 1.659004882803e-02 8.0662708e-06
487 0.50 1.823436025170e-02 5.2728806e-06
491 0.50 1.934345452542e-02 8.4854533e-06
495 0.50 2.052174781794e-02 8.0434246e-06
499 0.50 1.867518840196e-02 3.2922202e-06
303 0.75 1.530041283313e-02 1.3151218e-06
307 0.75 1.816047861787e-02 3.9574568e-06
311 0.75 1.782471552186e-02 6.9936183e-06
315 0.75 1.571216216475e-02 7.6785188e-06
319 0.75 2.179636989892e-02 4.1560590e-06
323 0.75 1.676358541076e-02 5.2509189e-06
327 0.75 1.681741603060e-02 9.1439733e-06
331 0.75 2.070662056079e-02 4.5270521e-06
335 0.75 1.958317935440e-02 2.3442467e-06
339 0.75 1.613567940497e-02 1.3709154e-05
343 0.75 1.764722575891e-02 3.9904929e-06
347 0.75 1.525722386668e-02 6.5843591e-06
351 0.75 1.849415863038e-02 9.5424886e-06
355 0.75 2.013231981111e-02 7.7144368e-06
359 0.75 1.714490369117e-02 1.0883219e-06
363 0.75 1.672833537352e-02 6.3891130e-06
367 0.75 1.553620990146e-02 7.6968068e-06
371 0.75 1.772516578385e-02 1.8488590e-05
375 0.75 1.740986384443e-02 1.1488741e-05
379 0.75 1.380886603119e-02 3.1392803e-06
383 0.75 1.683453814477e-02 1.1265659e-06
387 0.75 1.829617219543e-02 8.4235932e-06
391 0.75 1.800982311371e-02 4.4310254e-06
395 0.75 1.671482509582e-02 6.3499444e-06
399 0.75 2.106328192625e-02 1.2779454e-05
403 0.75 2.242193246619e-02 4.5559718e-06
407 0.75 2.010645266417e-02 2.1925569e-06
411 0.75 1.846960666792e-02 4.8236113e-06
415 0.75 2.067403547103e-02 9.3712775e-06
419 0.75 1.712295635227e-02 3.1590428e-06
423 0.75 1.903560796954e-02 5.1278150e-06
427 0.75 1.805235140307e-02 6.6348991e-06
431 0.75 1.993596502734e-02 9.3739868e-06
435 0.75 1.950068409480e-02 3.2766854e-06
439 0.75 1.607326846885e-02 1.1138114e-05
443 0.75 1.429049124641e-02 2.7510596e-06
447 0.75 1.542560817315e-02 2.2361430e-06
451 0.75 2.023327835481e-02 7.3170146e-06
455 0.75 1.406993297838e-02 5.2914549e-06
459 0.75 1.686924990665e-02 6.8030598e-06
463 0.75 1.525061864354e-02 2.4400593e-06
467 0.75 1.673157424134e-02 7.0887981e-06
471 0.75 1.789276418955e-02 5.6651062e-06
475 0.75 1.751074438558e-02 7.2296159e-06
479 0.75 1.530753180665e-02 2.4690080e-06
483 0.75 1.696293679454e-02 6.7053520e-06
487 0.75 1.667398787561e-02 6.8041662e-06
491 0.75 1.817720283725e-02 1.0875085e-05
495 0.75 2.038024846882e-02 1.0937679e-05
499 0.75 1.941747251015e-02 9.2684034e-06
303 1.00 1.461274629443e-02 5.4120005e-06
307 1.00 1.832741227438e-02 9.5485350e-06
311 1.00 1.645217099351e-02 6.2540297e-06
315 1.00 1.548392534374e-02 6.0422279e-06
319 1.00 2.078116748073e-02 3.2681775e-06
323 1.00 1.927581312930e-02 8.1325367e-06
327 1.00 1.677000004054e-02 1.4480449e-05
331 1.00 2.019961048062e-02 3.0917951e-06
335 1.00 1.899788960435e-02 1.5447325e-05
339 1.00 1.677652921284e-02 1.5091506e-05
343 1.00 1.725836965530e-02 5.4341819e-06
347 1.00 1.666629273301e-02 6.7025245e-06
351 1.00 1.818477312678e-02 7.1868512e-06
355 1.00 2.104509780839e-02 8.7674513e-06
359 1.00 1.285893393618e-02 6.7973238e-06
363 1.00 1.762236243912e-02 7.2019591e-06
367 1.00 1.461890175904e-02 3.7642428e-06
371 1.00 1.657734066285e-02 2.8204972e-06
375 1.00 1.829761218964e-02 2.5618848e-06
379 1.00 1.527741979698e-02 8.9561345e-06
383 1.00 1.619949740144e-02 6.7901235e-06
387 1.00 1.791757524876e-02 9.1448829e-06
391 1.00 1.791790555962e-02 3.3413130e-06
395 1.00 1.619776724501e-02 6.2204320e-06
399 1.00 2.409150983941e-02 1.4754850e-05
403 1.00 2.089967125064e-02 5.4544443e-06
407 1.00 2.082205789298e-02 7.3256765e-06
411 1.00 1.856767770859e-02 5.4308461e-06
415 1.00 1.782702953328e-02 1.1292384e-05
419 1.00 1.924506310986e-02 1.0923056e-05
423 1.00 2.043560146864e-02 9.0729502e-06
427 1.00 1.653105568163e-02 3.7496818e-06
431 1.00 1.982429360754e-02 2.0164155e-05
435 1.00 1.815548815744e-02 8.6764501e-06
439 1.00 1.644817347895e-02 1.5481068e-05
443 1.00 1.656607227464e-02 5.7751699e-06
447 1.00 1.625058000451e-02 3.7631293e-06
451 1.00 1.869137932762e-02 5.3886326e-06
455 1.00 1.431270516438e-02 6.7407377e-06
459 1.00 1.627748972635e-02 6.8642181e-06
463 1.00 1.539850181594e-02 3.8387575e-06
467 1.00 1.703730538614e-02 3.0676530e-06
471 1.00 1.637062868598e-02 3.4172398e-06
475 1.00 1.621812769118e-02 9.0950315e-06
479 1.00 1.545151840365e-02 1.0559763e-05
483 1.00 1.672350328283e-02 1.6309383e-05
487 1.00 1.537313187183e-02 3.4234384e-06
491 1.00 1.834229095932e-02 6.8401591e-06
495 1.00 1.814784109878e-02 1.0495684e-05
499 1.00 2.187958640315e-02 1.0651430e-05
304 -1.00 2.154743255072e-02 3.6013981e-06
308 -1.00 1.708235767077e-02 1.5570773e-06
312 -1.00 2.097743301830e-02 5.9739243e-06
316 -1.00 2.343392987847e-02 5.8451261e-06
320 -1.00 2.026815549115e-02 6.7561085e-07
324 -1.00 1.773849520004e-02 2.3833685e-06
328 -1.00 2.348164589222e-02 1.2871905e-05
332 -1.00 1.981196574710e-02 3.5973455e-06
336 -1.00 1.782194322804e-02 5.8691362e-06
340 -1.00 1.999750522856e-02 1.1165773e-05
344 -1.00 2.172556502518e-02 5.3334959e-06
348 -1.00 2.038234659272e-02 3.6785833e-06
352 -1.00 1.858766051282e-02 3.3045436e-06
356 -1.00 2.029453238987e-02 1.1438453e-06
360 -1.00 1.660744014864e-02 9.1851402e-06
364 -1.00 2.182960135337e-02 1.0395535e-05
368 -1.00 2.100911161140e-02 2.5016433e-06
372 -1.00 1.866395215179e-02 5.0704788e-06
376 -1.00 2.454264935917e-02 8.2496985e-06
380 -1.00 1.921985569034e-02 4.3337498e-06
384 -1.00 2.079461132390e-02 3.5728067e-06
388 -1.00 1.580846404126e-02 2.3588884e-06
392 -1.00 1.867462077925e-02 9.5941585e-07
396 -1.00 2.337412791405e-02 2.3876299e-06
400 -1.00 1.708948836007e-02 2.5976623e-06
404 -1.00 1.773944815076e-02 1.7308905e-06
408 -1.00 2.290857231708e-02 3.2670668e-06
412 -1.00 1.963723156463e-02 4.1990545e-06
416 -1.00 1.869726812651e-02 3.8267837e-06
420 -1.00 1.816292012279e-02 2.2224447e-06
424 -1.00 1.890143299512e-02 5.1020536e-06
428 -1.00 1.618999356371e-02 4.7356235e-06
432 -1.00 1.703295639384e-02 2.0941970e-06
436 -1.00 1.620349373186e-02 1.1052961e-06
440 -1.00 1.874197430356e-02 6.0998000e-06
444 -1.00 1.919563767996e-02 4.1519151e-06
448 -1.00 2.037259907253e-02 1.6838706e-06
452 -1.00 2.132669817899e-02 4.8280079e-06
456 -1.00 2.088305175476e-02 1.0867240e-06
460 -1.00 2.125769639394e-02 4.0823691e-06
464 -1.00 2.401031024834e-02 5.4531309e-06
468 -1.00 2.509827090749e-02 1.4493908e-05
472 -1.00 2.025784997479e-02 4.6119400e-06
476 -1.00 2.164429264777e-02 3.7986966e-06
480 -1.00 1.795585108179e-02 3.5017339e-06
484 -1.00 1.856217359004e-02 8.7611844e-06
488 -1.00 1.802161284530e-02 4.2337038e-06
492 -1.00 1.879355432456e-02 9.0413540e-06
496 -1.00 1.854768093787e-02 2.6090552e-06
500 -1.00 1.972805065577e-02 2.2695151e-06
304 -0.75 2.323787462290e-02 9.6728463e-06
308 -0.75 1.694377226260e-02 2.0577871e-06
312 -0.75 1.980275748338e-02 5.4039556e-06
316 -0.75 2.395088524087e-02 8.6875514e-06
320 -0.75 2.020006629494e-02 4.0290690e-06
324 -0.75 1.658650696027e-02 3.7669096e-06
328 -0.75 2.291939506616e-02 7.2777923e-06
332 -0.75 1.996056170049e-02 2.1005685e-06
336 -0.75 1.770129574089e-02 2.1240175e-06
340 -0.75 1.894473992504e-02 1.0724860e-05
344 -0.75 1.990517111296e-02 9.0010771e-06
348 -0.75 2.237743020940e-02 9.7603603e-06
352 -0.75 1.911408443338e-02 4.8366205e-06
356 -0.75 1.853695878287e-02 2.2689319e-06
360 -0.75 1.671298003035e-02 3.6920724e-06
364 -0.75 2.144555255234e-02 3.3147502e-06
368 -0.75 2.023797621741e-02 3.2770766e-06
372 -0.75 1.872775982372e-02 9.6503743e-06
376 -0.75 2.330373200773e-02 8.9827750e-06
380 -0.75 1.829819584028e-02 2.3461293e-06
384 -0.75 2.083512971492e-02 1.0920100e-05
388 -0.75 1.515950933783e-02 1.4354831e-06
392 -0.75 2.050059111626e-02 2.5192960e-06
396 -0.75 2.331754621134e-02 8.5736747e-06
400 -0.75 1.728202902151e-02 2.9613620e-06
404 -0.75 1.908361914684e-02 1.6810190e-06
408 -0.75 2.371607230374e-02 2.7347998e-06
412 -0.75 1.899267155556e-02 3.2470215e-06
416 -0.75 1.835777958433e-02 2.1939482e-06
420 -0.75 1.718204906027e-02 2.3118702e-06
424 -0.75 1.675832567328e-02 3.7288453e-06
428 -0.75 1.882901524687e-02 2.9148110e-06
432 -0.75 1.902047392890e-02 7.6282456e-06
436 -0.75 1.634466100761e-02 4.5459491e-06
440 -0.75 1.687746066930e-02 3.5794586e-06
444 -0.75 1.820728801487e-02 3.1510886e-06
448 -0.75 1.976544226475e-02 3.7320798e-06
452 -0.75 2.041536275932e-02 2.6501440e-06
456 -0.75 2.084006895955e-02 5.2525908e-06
460 -0.75 2.095235400834e-02 3.3935088e-06
464 -0.75 2.306686586771e-02 3.6564125e-06
468 -0.75 2.420323564596e-02 1.3012212e-05
472 -0.75 1.880896156722e-02 2.9724410e-06
476 -0.75 2.002108026113e-02 2.3160116e-06
480 -0.75 1.764870060964e-02 4.8995859e-06
484 -0.75 1.781734716110e-02 4.4133929e-06
488 -0.75 1.788563942640e-02 2.9660901e-06
492 -0.75 1.784135386247e-02 2.9642934e-06
496 -0.75 1.821429621863e-02 1.7444878e-06
500 -0.75 1.958738612295e-02 6.7878983e-06
304 -0.50 2.212690077242e-02 7.1315368e-06
308 -0.50 1.707094214905e-02 1.8689024e-06
312 -0.50 2.028874806958e-02 8.1172148e-06
316 -0.50 2.081365296178e-02 5.1150656e-06
320 -0.50 1.937663841812e-02 5.6029146e-06
324 -0.50 1.626087516687e-02 2.1871040e-06
328 -0.50 2.218193367425e-02 8.8616385e-06
332 -0.50 1.819588914808e-02 2.5061570e-06
336 -0.50 1.598591942780e-02 1.6479739e-06
340 -0.50 1.851292292121e-02 7.2866042e-06
344 -0.50 1.963157258901e-02 4.5987402e-06
348 -0.50 2.041906027469e-02 6.5197337e-06
352 -0.50 1.926014041081e-02 4.3572935e-06
356 -0.50 1.891632002792e-02 5.3957247e-06
360 -0.50 1.586075425777e-02 2.3587566e-06
364 -0.50 2.094699608202e-02 2.3769252e-06
368 -0.50 1.979485733101e-02 1.7496248e-06
372 -0.50 1.811139824526e-02 7.0494521e-06
376 -0.50 2.271761808758e-02 8.3159446e-06
380 -0.50 1.856807331068e-02 4.9097257e-06
384 -0.50 2.035101981488e-02 3.4220612e-06
388 -0.50 1.505051306981e-02 1.0018194e-06
392 -0.50 2.028006109981e-02 8.4617897e-06
396 -0.50 2.236859372156e-02 4.4949039e-06
400 -0.50 1.751262882404e-02 3.8215785e-06
404 -0.50 1.969496404672e-02 6.2069272e-06
408 -0.50 2.354757264480e-02 5.4649582e-06
412 -0.50 1.908505047595e-02 3.0703438e-06
416 -0.50 1.845314032484e-02 3.3114447e-06
420 -0.50 1.735469696963e-02 1.9296771e-06
424 -0.50 1.712604504187e-02 2.2617899e-06
428 -0.50 1.784379343157e-02 2.5079528e-06
432 -0.50 1.819687369827e-02 2.8549533e-06
436 -0.50 1.679583206247e-02 1.2942555e-06
440 -0.50 1.700476631825e-02 5.1016354e-06
444 -0.50 1.863866471876e-02 4.6370289e-06
448 -0.50 1.892177170107e-02 1.5586398e-06
452 -0.50 2.026417907713e-02 8.9024235e-06
456 -0.50 1.998947112063e-02 2.4997138e-06
460 -0.50 1.982317773830e-02 4.6731007e-06
464 -0.50 2.224604686965e-02 3.6780868e-06
468 -0.50 2.328763124302e-02 1.0390202e-06
472 -0.50 1.773802602999e-02 6.3851411e-06
476 -0.50 2.035142593627e-02 5.7082286e-06
480 -0.50 1.645195649635e-02 1.1578312e-06
484 -0.50 1.679015095602e-02 5.2199163e-06
488 -0.50 1.512061550010e-02 3.4087256e-06
492 -0.50 1.643952613569e-02 2.9956079e-06
496 -0.50 1.814467754530e-02 4.9834929e-06
500 -0.50 2.009067420379e-02 3.1211976e-06
304 -0.25 2.131975670963e-02 1.8038907e-06
308 -0.25 1.718153318544e-02 1.4348773e-06
312 -0.25 2.034023585546e-02 7.8493088e-06
316 -0.25 2.006054557618e-02 5.7259717e-06
320 -0.25 2.072255249744e-02 3.2065893e-06
324 -0.25 1.633588005837e-02 2.3993207e-06
328 -0.25 2.073920402376e-02 8.4223897e-06
332 -0.25 1.814369117335e-02 2.3473911e-06
336 -0.25 1.698607566634e-02 1.0638466e-06
340 -0.25 1.782093106369e-02 7.1239397e-06
344 -0.25 1.890826662682e-02 5.5457613e-06
348 -0.25 1.934675777226e-02 2.9108341e-06
352 -0.25 2.029794819022e-02 7.4685786e-06
356 -0.25 1.823374947181e-02 1.4756414e-06
360 -0.25 1.522406201352e-02 1.0329609e-05
364 -0.25 2.023231207348e-02 1.3998385e-06
368 -0.25 1.959561194974e-02 4.3852890e-06
372 -0.25 1.818038191429e-02 5.3458148e-06
376 -0.25 2.099191098046e-02 7.8260175e-06
380 -0.25 1.652564557718e-02 2.7547590e-06
384 -0.25 2.020826053223e-02 2.3787949e-06
388 -0.25 1.585814969665e-02 1.6121854e-06
392 -0.25 1.922046153619e-02 4.0986425e-06
396 -0.25 2.104146390427e-02 5.2603991e-06
400 -0.25 1.674896588599e-02 3.0379815e-06
404 -0.25 1.728454078295e-02 4.5549587e-06
408 -0.25 2.248186537084e-02 3.8764010e-06
412 -0.25 1.840165690805e-02 1.5627319e-06
416 -0.25 1.804245989734e-02 1.4980354e-06
420 -0.25 1.901049542020e-02 3.8216843e-06
424 -0.25 1.833863055759e-02 2.3686559e-06
428 -0.25 1.828838969272e-02 4.8545101e-06
432 -0.25 1.979195066492e-02 8.7243982e-06
436 -0.25 1.708463700850e-02 5.6212929e-06
440 -0.25 1.666412185919e-02 1.5552739e-06
444 -0.25 1.932989716010e-02 2.2227548e-06
448 -0.25 1.871861501552e-02 5.3480626e-06
452 -0.25 1.814665648806e-02 2.8538349e-06
456 -0.25 1.904671197217e-02 9.8285228e-06
460 -0.25 1.848770436417e-02 3.1950695e-06
464 -0.25 2.165328893481e-02 5.0488464e-06
468 -0.25 2.143442773858e-02 2.5880700e-06
472 -0.25 2.007100899212e-02 1.1858682e-05
476 -0.25 1.932284402369e-02 1.8934851e-06
480 -0.25 1.568026129584e-02 2.3814137e-06
484 -0.25 1.599894717323e-02 1.0808085e-05
488 -0.25 1.436196619672e-02 2.7140792e-06
492 -0.25 1.647252263978e-02 4.1020093e-06
496 -0.25 1.803967906609e-02 2.9313229e-06
500 -0.25 2.028561443935e-02 8.2421321e-06
304 0.00 1.964302150843e-02 3.7477102e-06
308 0.00 1.717887634793e-02 4.5432225e-06
312 0.00 1.941338679569e-02 7.3491577e-06
316 0.00 2.034165946533e-02 3.8390056e-06
320 0.00 1.981599608509e-02 3.9641934e-06
324 0.00 1.620208478258e-02 3.9330003e-06
328 0.00 2.047735450879e-02 4.4199258e-06
332 0.00 1.879247785688e-02 4.8782101e-06
336 0.00 1.611410516079e-02 6.7252048e-06
340 0.00 1.796519961157e-02 7.7865693e-07
344 0.00 1.879194368077e-02 3.2131629e-06
348 0.00 1.890424243037e-02 3.7918514e-06
352 0.00 1.826865679879e-02 2.9538276e-06
356 0.00 1.837750162881e-02 3.6657116e-06
360 0.00 1.539013308471e-02 2.1863197e-06
364 0.00 2.136349289278e-02 6.6651827e-06
368 0.00 1.826399314179e-02 6.3684629e-06
372 0.00 1.753478169162e-02 9.1359585e-06
376 0.00 2.221899438331e-02 5.2991969e-06
380 0.00 1.658450268812e-02 4.9092036e-06
384 0.00 2.066752477079e-02 5.1527316e-06
388 0.00 1.608470968561e-02 3.9488274e-06
392 0.00 1.940214135136e-02 5.6830816e-06
396 0.00 1.937395427613e-02 7.0104942e-06
400 0.00 1.839267505667e-02 6.7381213e-06
404 0.00 1.883091803866e-02 1.0387334e-05
408 0.00 2.522054853305e-02 3.5076155e-06
412 0.00 1.744485318929e-02 6.5188469e-06
416 0.00 2.269327185412e-02 1.2647539e-05
420 0.00 1.751340453313e-02 1.1040872e-05
424 0.00 1.676716385336e-02 5.6123947e-06
428 0.00 1.882934867871e-02 6.5391343e-06
432 0.00 1.863778483648e-02 4.0431231e-06
436 0.00 1.632823061666e-02 3.1738766e-06
440 0.00 1.416386956950e-02 3.1860249e-06
444 0.00 1.804239066680e-02 2.7616116e-06
448 0.00 1.651772761790e-02 3.9447889e-06
452 0.00 1.876204128655e-02 6.3144076e-06
456 0.00 1.897241559854e-02 7.4588699e-06
460 0.00 1.855182788568e-02 5.1122918e-06
464 0.00 2.129949017122e-02 2.2040588e-06
468 0.00 2.096033850899e-02 9.8537499e-06
472 0.00 1.878637325301e-02 5.7299640e-06
476 0.00 1.994190474969e-02 4.4742436e-06
480 0.00 1.710145770970e-02 6.6441551e-06
484 0.00 1.574052402320e-02 1.1249103e-05
488 0.00 1.641756982738e-02 7.1407907e-06
492 0.00 1.616522905027e-02 4.0993422e-06
496 0.00 1.775338177200e-02 1.9842008e-06
500 0.00 1.929166234814e-02 8.6301776e-06
304 0.25 1.996190279790e-02 1.4474108e-05
308 0.25 1.744621607611e-02 7.5017062e-06
312 0.25 2.160515800764e-02 7.4680176e-06
316 0.25 2.144768425439e-02 5.8405005e-06
320 0.25 1.924162737521e-02 5.4904292e-06
324 0.25 1.587991230284e-02 4.7672280e-06
328 0.25 1.939015717066e-02 4.6840178e-06
332 0.25 1.873365238143e-02 6.7392277e-06
336 0.25 1.576479203199e-02 5.1164660e-06
340 0.25 1.691637446359e-02 4.0526420e-06
344 0.25 1.860335986576e-02 7.0162279e-06
348 0.25 1.873245001915e-02 4.3338652e-06
352 0.25 1.698324515063e-02 2.1217592e-06
356 0.25 1.794608886701e-02 2.4040160e-06
360 0.25 1.499911475677e-02 5.3744454e-06
364 0.25 1.875958603549e-02 1.0962812e-05
368 0.25 2.027152481153e-02 1.2311448e-05
372 0.25 1.678904408209e-02 3.0157816e-06
376 0.25 2.109323634106e-02 3.6465619e-06
380 0.25 1.550696318335e-02 5.7172387e-06
384 0.25 2.043050300154e-02 7.3271476e-06
388 0.25 1.569028746451e-02 5.1412594e-06
392 0.25 1.914367194681e-02 5.0628266e-06
396 0.25 1.767585620557e-02 2.4608041e-06
400 0.25 1.850626125049e-02 2.1946080e-06
404 0.25 1.715305362993e-02 7.8032370e-06
408 0.25 2.384295744459e-02 2.8478781e-06
412 0.25 1.593204292866e-02 3.4883479e-06
416 0.25 2.147876174945e-02 7.1219272e-06
420 0.25 1.691779966038e-02 1.0426037e-05
424 0.25 1.750955350223e-02 6.2806977e-06
428 0.25 1.717015510121e-02 3.7744299e-06
432 0.25 1.758660904253e-02 3.0247548e-06
436 0.25 1.610861041647e-02 1.8539031e-06
440 0.25 1.758091258201e-02 5.9305575e-06
444 0.25 1.880523398887e-02 3.6522578e-06
448 0.25 1.803460521665e-02 1.2027873e-05
452 0.25 2.040900279878e-02 8.7116167e-06
456 0.25 1.890116831052e-02 4.2624397e-06
460 0.25 1.853055892960e-02 7.3711941e-06
464 0.25 2.007611315324e-02 2.5161119e-06
468 0.25 2.163860764111e-02 9.2485120e-06
472 0.25 1.715244058581e-02 4.8095440e-06
476 0.25 1.918593123581e-02 4.0545330e-06
480 0.25 1.586550048669e-02 9.1103289e-06
484 0.25 1.615434182160e-02 9.2303011e-06
488 0.25 1.522587727201e-02 3.2404728e-06
492 0.25 1.520386365410e-02 1.4971807e-06
496 0.25 1.788878606308e-02 3.7085758e-06
500 0.25 1.801398232997e-02 4.6091281e-06
304 0.50 1.981956326364e-02 7.1670287e-06
308 0.50 1.693036063471e-02 6.8713252e-06
312 0.50 1.851339653836e-02 1.0209434e-05
316 0.50 1.839501056009e-02 5.4495723e-06
320 0.50 1.890367285396e-02 3.7799052e-06
324 0.50 1.456580706064e-02 2.8073609e-06
328 0.50 1.885769676616e-02 5.0496115e-06
332 0.50 1.857015029482e-02 4.4045853e-06
336 0.50 1.605005872504e-02 2.4885327e-06
340 0.50 1.676166935961e-02 5.5633778e-06
344 0.50 2.020932930916e-02 4.1801425e-06
348 0.50 1.815554429581e-02 5.5772317e-06
352 0.50 1.753499119937e-02 6.0610905e-06
356 0.50 1.766558194101e-02 1.8200567e-06
360 0.50 1.410271302966e-02 2.7882858e-06
364 0.50 1.948559476070e-02 5.7075444e-06
368 0.50 1.826831852966e-02 3.8346491e-06
372 0.50 1.676522743198e-02 8.0775110e-06
376 0.50 1.952453524058e-02 3.3313808e-06
380 0.50 1.635980960005e-02 6.5107424e-06
384 0.50 2.151752425707e-02 1.2920069e-05
388 0.50 1.598963630539e-02 3.1098338e-06
392 0.50 1.652284792686e-02 1.5805030e-06
396 0.50 1.700027224473e-02 1.0134190e-05
400 0.50 1.905541257581e-02 5.5728776e-06
404 0.50 1.626623140144e-02 9.6612794e-06
408 0.50 2.180076960582e-02 1.2129471e-05
412 0.50 1.585725584926e-02 6.4510007e-06
416 0.50 2.052764348284e-02 2.5981886e-06
420 0.50 1.789141399169e-02 9.6315667e-06
424 0.50 1.868451425708e-02 9.4826678e-06
428 0.50 1.819514022775e-02 7.5851703e-06
432 0.50 1.979584865212e-02 6.0308643e-06
436 0.50 1.614270449502e-02 3.0181264e-06
440 0.50 1.548200851279e-02 4.6141221e-06
444 0.50 1.596040500629e-02 2.1754159e-06
448 0.50 1.797739446066e-02 1.7498376e-05
452 0.50 1.852716773826e-02 2.7593390e-06
456 0.50 1.889026555287e-02 3.8449816e-06
460 0.50 1.874347246648e-02 4.3493035e-06
464 0.50 2.231211931564e-02 4.4010979e-06
468 0.50 2.191553646234e-02 5.5203331e-06
472 0.50 1.579324880490e-02 3.7046419e-06
476 0.50 1.837946809190e-02 3.9712523e-06
480 0.50 1.595790021397e-02 2.8717388e-06
484 0.50 1.604365144968e-02 2.6227199e-06
488 0.50 1.486613517275e-02 3.7086916e-06
492 0.50 1.551840803169e-02 8.5936219e-06
496 0.50 1.684142674875e-02 3.1198923e-06
500 0.50 1.814074756094e-02 2.5416967e-06
304 0.75 1.974790487727e-02 3.9656997e-06
308 0.75 1.692096192458e-02 2.6950650e-06
312 0.75 1.866668358727e-02 5.6794714e-06
316 0.75 2.100245295987e-02 8.3467154e-06
320 0.75 2.039573684848e-02 1.4901434e-05
324 0.75 1.532277889371e-02 7.3443293e-06
328 0.75 1.717115244292e-02 5.5586527e-06
332 0.75 1.863677523185e-02 1.0428222e-05
336 0.75 1.640912647792e-02 2.8981250e-06
340 0.75 1.743049612974e-02 1.2245609e-05
344 0.75 1.965566919983e-02 1.2121990e-05
348 0.75 1.762163299448e-02 5.4016267e-06
352 0.75 1.812740656347e-02 8.2625795e-06
356 0.75 1.625627783730e-02 4.1129476e-06
360 0.75 1.616832909301e-02 9.2736928e-06
364 0.75 2.229576306195e-02 7.6516638e-06
368 0.75 1.892605097627e-02 8.1751210e-06
372 0.75 1.636114807098e-02 5.5891271e-06
376 0.75 2.109135778640e-02 1.1089302e-05
380 0.75 1.624326008446e-02 3.9785616e-06
384 0.75 2.051532667611e-02 7.1213762e-06
388 0.75 1.662209440460e-02 1.0622428e-06
392 0.75 1.662911941057e-02 9.1778732e-06
396 0.75 1.703548481789e-02 9.3170065e-06
400 0.75 1.841848521188e-02 8.8767570e-06
404 0.75 1.803628413289e-02 5.2701363e-06
408 0.75 2.205032010142e-02 7.2917406e-06
412 0.75 1.663561134404e-02 4.8708325e-06
416 0.75 2.139721566796e-02 4.4385916e-06
420 0.75 1.887319131687e-02 9.2972750e-06
424 0.75 1.721268804234e-02 1.2321642e-05
428 0.75 1.904191086325e-02 3.8241429e-06
432 0.75 1.859062562115e-02 2.3892940e-06
436 0.75 1.808273868782e-02 6.1154614e-06
440 0.75 1.507349367237e-02 4.4337957e-06
444 0.75 1.906523444722e-02 2.7739872e-06
448 0.75 1.600744039238e-02 1.8536614e-06
452 0.75 2.024633625392e-02 1.6624728e-05
456 0.75 1.877733682450e-02 4.6581178e-06
460 0.75 1.990963402509e-02 1.3778666e-05
464 0.75 2.021844991421e-02 4.1888418e-06
468 0.75 2.033842596577e-02 7.2133750e-06
472 0.75 1.764310669770e-02 6.3644975e-06
476 0.75 1.922414003687e-02 7.6452825e-06
480 0.75 1.603689830605e-02 7.2521553e-06
484 0.75 1.637248111929e-02 5.1981042e-06
488 0.75 1.432903237350e-02 8.5580369e-06
492 0.75 1.575751824284e-02 8.4124528e-06
496 0.75 1.771061513738e-02 4.3294429e-06
500 0.75 1.783958120099e-02 4.7143955e-06
304 1.00 1.925525183543e-02 9.6454375e-06
308 1.00 1.750641439802e-02 5.1589798e-06
312 1.00 1.970616346965e-02 9.5804124e-06
316 1.00 2.273950908871e-02 2.3795622e-05
320 1.00 1.893664987643e-02 1.1129350e-05
324 1.00 1.530684293999e-02 8.6290895e-06
328 1.00 1.658345262778e-02 4.7145130e-06
332 1.00 1.891526352746e-02 1.5566984e-05
336 1.00 1.560323764712e-02 3.4995839e-06
340 1.00 1.602655921772e-02 8.9040924e-06
344 1.00 1.846786770519e-02 5.1632589e-06
348 1.00 1.634668762578e-02 5.6258074e-06
352 1.00 1.929836510470e-02 5.8203321e-06
356 1.00 1.698141864852e-02 9.0455670e-06
360 1.00 1.706810941467e-02 1.1734740e-05
364 1.00 2.136209368990e-02 1.1651541e-05
368 1.00 1.673140059487e-02 5.5884553e-06
372 1.00 1.559568500605e-02 7.8551011e-06
376 1.00 2.171637171892e-02 1.4598924e-05
380 1.00 1.456636220799e-02 3.5681368e-06
384 1.00 2.003692303987e-02 1.0275839e-05
388 1.00 1.582501296570e-02 6.1710633e-06
392 1.00 1.697129762973e-02 1.6275797e-06
396 1.00 1.596891723443e-02 2.4590884e-06
400 1.00 1.928719556946e-02 5.5236774e-06
404 1.00 1.675446153605e-02 9.9680710e-06
408 1.00 1.932286533259e-02 9.6430171e-06
412 1.00 1.578023397462e-02 6.6211897e-06
416 1.00 2.012442155479e-02 3.4647753e-06
420 1.00 1.691603423300e-02 9.9878986e-06
424 1.00 1.672990095534e-02 5.0758694e-06
428 1.00 1.771222219382e-02 1.2208146e-05
432 1.00 2.072826765353e-02 1.4279023e-05
436 1.00 1.599585760905e-02 2.0413042e-06
440 1.00 1.672727335373e-02 1.0833919e-05
444 1.00 1.793288054674e-02 2.7259893e-06
448 1.00 1.566646310497e-02 7.0240749e-06
452 1.00 1.886466906809e-02 2.1338394e-06
456 1.00 1.828146227473e-02 4.2431647e-06
460 1.00 1.957842954987e-02 8.7571246e-06
464 1.00 2.166386681562e-02 7.4244665e-06
468 1.00 2.160672591687e-02 4.9171074e-06
472 1.00 1.525721306902e-02 3.5390967e-06
476 1.00 1.893104737794e-02 6.2384918e-06
480 1.00 1.755675138397e-02 1.0365594e-05
484 1.00 1.531882797039e-02 1.7575846e-05
488 1.00 1.539038108525e-02 5.0710870e-06
492 1.00 1.539915783822e-02 5.5396738e-06
496 1.00 1.607333864595e-02 5.1755693e-06
500 1.00 1.839228989182e-02 6.0375810e-06
301 -1.00 2.159847579365e-02 4.4318052e-06
305 -1.00 1.835965729614e-02 4.6103216e-06
309 -1.00 1.817352458063e-02 2.9349879e-06
313 -1.00 2.330971787245e-02 3.7814526e-06
317 -1.00 2.182031230118e-02 2.2727792e-06
321 -1.00 1.834295319112e-02 2.1541449e-06
325 -1.00 2.189131243265e-02 1.6676345e-06
329 -1.00 1.686426569275e-02 5.9079017e-06
333 -1.00 1.976001457616e-02 1.6961728e-06
337 -1.00 1.814468047373e-02 1.6338223e-06
341 -1.00 2.020740798351e-02 9.4821575e-07
345 -1.00 1.860710172991e-02 8.4283246e-06
349 -1.00 1.907647676135e-02 4.8270427e-06
353 -1.00 2.168357762053e-02 3.2717966e-06
357 -1.00 2.344255590708e-02 5.5790244e-06
361 -1.00 1.673227992684e-02 3.7116531e-06
365 -1.00 2.166798482681e-02 5.3368705e-06
369 -1.00 2.110943038509e-02 5.3432412e-06
373 -1.00 2.081537490236e-02 2.6407855e-06
377 -1.00 1.831300162288e-02 2.8663734e-06
381 -1.00 2.172839135817e-02 5.7781210e-06
385 -1.00 1.900253919072e-02 2.7318428e-06
389 -1.00 2.321179612843e-02 9.7531517e-06
393 -1.00 1.851439067356e-02 1.8625667e-06
397 -1.00 1.866224856853e-02 3.0293270e-06
401 -1.00 1.915242200369e-02 1.2870632e-06
405 -1.00 2.173770970074e-02 2.5049539e-06
409 -1.00 2.061759825674e-02 1.4453903e-05
413 -1.00 1.796380570508e-02 1.6725976e-06
417 -1.00 1.926012982953e-02 4.2039521e-06
421 -1.00 2.076177564690e-02 3.2208927e-06
425 -1.00 1.900818443946e-02 3.8028183e-06
429 -1.00 2.325878228736e-02 8.6943707e-06
433 -1.00 2.049292484429e-02 4.0846995e-06
437 -1.00 2.009940232261e-02 2.9156377e-06
441 -1.00 1.936634679322e-02 2.9556336e-06
445 -1.00 2.293122568487e-02 4.0824829e-06
449 -1.00 1.915347144776e-02 2.2482547e-06
453 -1.00 1.833106347917e-02 7.8947080e-07
457 -1.00 2.186253413088e-02 7.0536817e-06
461 -1.00 2.147678460272e-02 3.8503116e-06
465 -1.00 1.940643670897e-02 1.7344518e-06
469 -1.00 1.950894054068e-02 4.0330973e-06
473 -1.00 1.929299466296e-02 2.3715073e-06
477 -1.00 2.306011418810e-02 9.4284613e-07
481 -1.00 1.843693950074e-02 1.9637136e-06
485 -1.00 1.785815434234e-02 4.7040918e-06
489 -1.00 2.042317040508e-02 4.5388315e-06
493 -1.00 1.876348435077e-02 5.7160273e-06
497 -1.00 2.216356268162e-02 6.1317916e-06
301 -0.75 1.908889515117e-02 1.7242606e-06
305 -0.75 1.768047443369e-02 1.9284362e-06
309 -0.75 1.731047536311e-02 1.6364715e-06
313 -0.75 2.256799945737e-02 2.0419419e-06
317 -0.75 1.988124376812e-02 1.1332886e-05
321 -0.75 1.993883381255e-02 5.0183768e-06
325 -0.75 2.091908898943e-02 9.5084143e-07
329 -0.75 1.528344954754e-02 1.8932243e-06
333 -0.75 1.851532843197e-02 5.9235530e-06
337 -0.75 1.694511436626e-02 3.0364526e-06
341 -0.75 2.017415495678e-02 6.2536567e-06
345 -0.75 1.664106106726e-02 2.1154060e-06
349 -0.75 1.789714279295e-02 2.5622777e-06
353 -0.75 2.215579908696e-02 3.4612076e-06
357 -0.75 2.193384222601e-02 7.2803354e-06
361 -0.75 1.735126564563e-02 3.0046689e-06
365 -0.75 2.094836559752e-02 3.0537737e-06
369 -0.75 1.964974074155e-02 1.6773704e-06
373 -0.75 2.059184063966e-02 4.8840129e-06
377 -0.75 1.777454648493e-02 1.7751447e-06
381 -0.75 1.913226623651e-02 5.5583116e-06
385 -0.75 1.937222933122e-02 5.5531931e-06
389 -0.75 2.216414500962e-02 1.3705588e-05
393 -0.75 1.673004731435e-02 4.4537185e-06
397 -0.75 1.634860259106e-02 3.4574546e-06
401 -0.75 1.807084788991e-02 7.5036806e-07
405 -0.75 2.142647203325e-02 7.6315721e-06
409 -0.75 1.909562374836e-02 3.5740145e-06
413 -0.75 1.832089167262e-02 4.8926813e-06
417 -0.75 1.943814240233e-02 9.6759713e-06
421 -0.75 1.999414238975e-02 4.8327929e-06
425 -0.75 1.834574968137e-02 2.7065527e-06
429 -0.75 2.229638160962e-02 3.2180636e-06
433 -0.75 1.924125104537e-02 1.1398256e-06
437 -0.75 2.014019944134e-02 8.5522352e-06
441 -0.75 1.982564129359e-02 9.2445395e-06
445 -0.75 2.092422887618e-02 2.6722893e-06
449 -0.75 1.658844439687e-02 3.5441633e-06
453 -0.75 1.796335315477e-02 4.5194229e-06
457 -0.75 2.156047364780e-02 5.8053826e-06
461 -0.75 2.056998625449e-02 5.9253975e-06
465 -0.75 1.643754233788e-02 3.1083403e-06
469 -0.75 2.001966583345e-02 1.6123756e-06
473 -0.75 1.827398518977e-02 1.6122011e-06
477 -0.75 2.237690414961e-02 5.1571342e-06
481 -0.75 1.775153912213e-02 2.1752693e-06
485 -0.75 1.827760924631e-02 7.0423453e-06
489 -0.75 2.057665175224e-02 6.0090523e-06
493 -0.75 1.865238077902e-02 1.4896275e-06
497 -0.75 2.043074822900e-02 3.4143905e-06
301 -0.50 1.893234033193e-02 2.5478474e-06
305 -0.50 1.693890049115e-02 7.1196886e-06
309 -0.50 1.774402844122e-02 4.9000194e-06
313 -0.50 2.266592583195e-02 1.5500811e-06
317 -0.50 1.996484311282e-02 3.7148844e-06
321 -0.50 1.890774734307e-02 7.4801016e-06
325 -0.50 2.129186878425e-02 1.9760209e-06
329 -0.50 1.496033180197e-02 3.7872722e-06
333 -0.50 1.829366156023e-02 3.3492420e-06
337 -0.50 1.860974477213e-02 3.7497300e-06
341 -0.50 1.940397281020e-02 4.1933390e-06
345 -0.50 1.753831781804e-02 1.6068563e-06
349 -0.50 1.816458664591e-02 2.7373162e-06
353 -0.50 2.119213299174e-02 4.2345104e-06
357 -0.50 2.231855782148e-02 1.7216760e-05
361 -0.50 1.702225777757e-02 6.9990932e-06
365 -0.50 1.955251707160e-02 2.3201667e-06
369 -0.50 2.058519550683e-02 6.0272712e-06
373 -0.50 2.020645675883e-02 4.9026778e-06
377 -0.50 1.614062261594e-02 3.2515702e-06
381 -0.50 2.015165278216e-02 5.5122564e-06
385 -0.50 1.759532450102e-02 3.4237630e-06
389 -0.50 2.166043376259e-02 7.5599640e-06
393 -0.50 1.747822035171e-02 3.0197074e-06
397 -0.50 1.765192163489e-02 2.7523682e-06
401 -0.50 1.872038337724e-02 3.4612765e-06
405 -0.50 2.068831150744e-02 8.8225699e-06
409 -0.50 1.941160711399e-02 1.4158426e-06
413 -0.50 1.768497935708e-02 6.7431795e-06
417 -0.50 1.808246795467e-02 3.2874053e-06
421 -0.50 1.944958406744e-02 4.8006881e-06
425 -0.50 1.873447910806e-02 2.9057936e-06
429 -0.50 2.190936502014e-02 7.3839738e-06
433 -0.50 2.003779725796e-02 2.0161517e-06
437 -0.50 1.855428632677e-02 4.6972641e-06
441 -0.50 1.888068143322e-02 1.9655466e-06
445 -0.50 1.971184160244e-02 1.1397333e-05
449 -0.50 1.698037024201e-02 3.3636707e-06
453 -0.50 1.881613876346e-02 6.1970705e-06
457 -0.50 1.831564721995e-02 5.7293558e-06
461 -0.50 2.089080809789e-02 9.6607598e-06
465 -0.50 1.751946132427e-02 8.5225023e-07
469 -0.50 1.796425883552e-02 1.5021382e-06
473 -0.50 1.894559010650e-02 6.5047455e-06
477 -0.50 2.134311472347e-02 3.9915991e-06
481 -0.50 1.828055718006e-02 2.6493463e-06
485 -0.50 1.700620964893e-02 2.1543158e-06
489 -0.50 1.952704081107e-02 2.9973997e-06
493 -0.50 1.711254017419e-02 7.3811445e-06
497 -0.50 2.069400304271e-02 3.2539613e-06
301 -0.25 1.839478643336e-02 5.8640077e-06
305 -0.25 1.673710213820e-02 6.8711798e-06
309 -0.25 1.698583265181e-02 2.9880009e-06
313 -0.25 2.309301266377e-02 8.4440846e-06
317 -0.25 2.074881300622e-02 3.1607903e-06
321 -0.25 2.013401127991e-02 4.2703043e-06
325 -0.25 1.920117790141e-02 2.1052483e-06
329 -0.25 1.500617033024e-02 5.2561452e-06
333 -0.25 1.900290935543e-02 1.3197229e-05
337 -0.25 1.731484576124e-02 3.3976321e-06
341 -0.25 1.935129613263e-02 7.9662657e-06
345 -0.25 1.549518408476e-02 3.9272605e-06
349 -0.25 1.805975814835e-02 2.7477005e-06
353 -0.25 2.019301347385e-02 2.8484602e-06
357 -0.25 1.919727520651e-02 4.9748604e-06
361 -0.25 1.686769717059e-02 3.0746143e-06
365 -0.25 1.902838997849e-02 3.6419698e-06
369 -0.25 1.996881005853e-02 1.4126629e-05
373 -0.25 2.060864173040e-02 3.1242778e-06
377 -0.25 1.603245575492e-02 2.9709332e-06
381 -0.25 1.861693933552e-02 8.1369640e-06
385 -0.25 1.721327292433e-02 1.4642437e-05
389 -0.25 2.022126513073e-02 6.5687126e-06
393 -0.25 1.840185699619e-02 5.0717177e-06
397 -0.25 1.778271825678e-02 7.3767470e-06
401 -0.25 1.876995234742e-02 5.7877098e-06
405 -0.25 2.051385176750e-02 7.1203131e-06
409 -0.25 1.863222491005e-02 7.5871073e-06
413 -0.25 1.656314836035e-02 7.1766672e-06
417 -0.25 1.940747468447e-02 2.6683122e-06
421 -0.25 1.904384025597e-02 1.0597382e-06
425 -0.25 1.821767331960e-02 7.5971254e-06
429 -0.25 2.092972490366e-02 9.2597472e-06
433 -0.25 1.951083251718e-02 6.9836603e-06
437 -0.25 1.924689377266e-02 2.2437132e-06
441 -0.25 1.835082685772e-02 5.0062199e-06
445 -0.25 2.015875633729e-02 3.2301114e-06
449 -0.25 1.559808204009e-02 2.6233165e-06
453 -0.25 1.880811404517e-02 2.5504645e-06
457 -0.25 1.964640855002e-02 1.2154836e-05
461 -0.25 2.017574111734e-02 5.6860220e-06
465 -0.25 1.786100361436e-02 3.3763719e-06
469 -0.25 1.821176068596e-02 5.9571672e-06
473 -0.25 1.803847275591e-02 7.6190923e-06
477 -0.25 2.185917348456e-02 7.0048629e-06
481 -0.25 1.883590104641e-02 4.5526808e-06
485 -0.25 1.629015580535e-02 4.9917880e-06
489 -0.25 1.908016509744e-02 6.2023042e-06
493 -0.25 1.756520931772e-02 8.7410381e-06
497 -0.25 1.998300857102e-02 4.9396575e-06
301 0.00 1.816655697899e-02 4.9649301e-06
305 0.00 1.677448637448e-02 1.3606702e-05
309 0.00 1.596631740087e-02 3.4579368e-06
313 0.00 2.118256908832e-02 3.3470917e-06
317 0.00 1.914603323050e-02 1.2825642e-05
321 0.00 1.815357575329e-02 3.1955596e-06
325 0.00 2.015935975309e-02 7.1979887e-06
329 0.00 1.430382830440e-02 6.7078833e-06
333 0.00 1.874570341170e-02 6.1895226e-06
337 0.00 1.650631407621e-02 1.9026266e-06
341 0.00 1.777969830116e-02 1.1062044e-06
345 0.00 1.619822979046e-02 5.8273501e-06
349 0.00 1.873063599083e-02 5.9222738e-06
353 0.00 1.975064165514e-02 2.1238254e-06
357 0.00 1.853588123222e-02 5.9192553e-06
361 0.00 1.624976529260e-02 2.7462033e-06
365 0.00 2.087663095180e-02 4.3274996e-06
369 0.00 1.990024154367e-02 8.2801498e-06
373 0.00 1.920494588982e-02 3.6394163e-06
377 0.00 1.632399195160e-02 5.0199811e-06
381 0.00 2.156600009336e-02 2.4887464e-06
385 0.00 1.682662110393e-02 8.8513181e-06
389 0.00 1.905868185975e-02 4.2384924e-06
393 0.00 1.973701837600e-02 6.6329326e-06
397 0.00 1.631334364128e-02 8.2750238e-06
401 0.00 1.845029497488e-02 7.8523885e-06
405 0.00 1.863072458562e-02 3.8913402e-06
409 0.00 1.838124575465e-02 3.7824413e-06
413 0.00 1.784492520862e-02 5.0528261e-06
417 0.00 1.758246911661e-02 9.4252920e-07
421 0.00 1.877995556945e-02 2.7532000e-06
425 0.00 1.718080637420e-02 4.9112641e-06
429 0.00 2.109518465638e-02 4.7607889e-06
433 0.00 1.805503508993e-02 1.4153181e-06
437 0.00 1.860336304773e-02 4.7990552e-06
441 0.00 1.775730428667e-02 8.1239547e-06
445 0.00 1.843504352935e-02 7.4953402e-06
449 0.00 1.739103539503e-02 2.3046890e-06
453 0.00 1.917927962060e-02 6.5994993e-06
457 0.00 1.873162789389e-02 3.9308210e-06
461 0.00 1.833092191446e-02 9.1538894e-06
465 0.00 1.688530163596e-02 6.1840462e-06
469 0.00 1.878035542994e-02 5.6007009e-06
473 0.00 1.863530368938e-02 7.6096501e-06
477 0.00 2.009891103418e-02 9.9743315e-06
481 0.00 1.817929394567e-02 1.1084177e-05
485 0.00 1.609027625804e-02 4.6554076e-06
489 0.00 1.947410000418e-02 4.6987720e-06
493 0.00 1.657212413049e-02 5.3139614e-06
497 0.00 2.054050026665e-02 1.1374347e-05
301 0.25 1.853585844946e-02 1.5233573e-06
305 0.25 1.621923151225e-02 3.9013061e-06
309 0.25 1.553103857769e-02 4.4998533e-06
313 0.25 2.291272180633e-02 8.1739355e-06
317 0.25 1.886808606967e-02 3.0666523e-06
321 0.25 1.628894710602e-02 2.4061482e-06
325 0.25 2.087957034209e-02 1.1055893e-05
329 0.25 1.528782239242e-02 2.2208911e-06
333 0.25 1.916020367538e-02 6.0157546e-06
337 0.25 1.631626079108e-02 6.3405132e-06
341 0.25 2.102820180220e-02 1.0374428e-05
345 0.25 1.521067867783e-02 5.3516298e-06
349 0.25 1.773303135229e-02 4.5435727e-06
353 0.25 2.044896610599e-02 3.9916892e-06
357 0.25 1.744908349379e-02 2.4854311e-06
361 0.25 1.669910201636e-02 3.4654078e-06
365 0.25 1.959152270734e-02 2.4453958e-06
369 0.25 1.970221476983e-02 6.4066553e-06
373 0.25 1.950539489329e-02 1.8642092e-06
377 0.25 1.709739168660e-02 3.4427262e-06
381 0.25 1.797715458691e-02 8.3444540e-06
385 0.25 1.744260889248e-02 3.6153255e-06
389 0.25 1.950220529814e-02 8.0931791e-06
393 0.25 1.878751058534e-02 6.1096907e-06
397 0.25 1.458192787530e-02 3.3283167e-06
401 0.25 1.852125330433e-02 7.5943730e-06
405 0.25 1.849766344605e-02 3.7120362e-06
409 0.25 1.819308503100e-02 5.9758061e-06
413 0.25 1.583115216742e-02 5.9887986e-06
417 0.25 1.794127610056e-02 2.5972195e-06
421 0.25 1.783827178092e-02 5.2741327e-06
425 0.25 1.738146163247e-02 3.0931690e-06
429 0.25 2.208399252377e-02 1.4521057e-05
433 0.25 1.856876744019e-02 3.8685899e-06
437 0.25 1.860060955565e-02 5.5672020e-06
441 0.25 1.867993452939e-02 5.3069543e-06
445 0.25 1.965176330122e-02 5.7723195e-06
449 0.25 1.618278075175e-02 4.5529926e-06
453 0.25 1.761843475941e-02 3.9482428e-06
457 0.25 1.713542103260e-02 3.9793314e-06
461 0.25 1.815303779794e-02 4.6474246e-06
465 0.25 1.607411484912e-02 6.5345567e-06
469 0.25 1.717336869840e-02 5.0980279e-06
473 0.25 1.660469391756e-02 5.5608302e-06
477 0.25 1.817991799341e-02 5.2245103e-06
481 0.25 1.893198184222e-02 3.7393216e-06
485 0.25 1.755545819829e-02 4.9533546e-06
489 0.25 1.913043568522e-02 5.5172636e-06
493 0.25 1.788210647722e-02 6.9119510e-06
497 0.25 2.002575448037e-02 2.3942232e-06
301 0.50 1.619983092359e-02 3.3723502e-06
305 0.50 1.645538602196e-02 3.3374563e-06
309 0.50 1.648317798789e-02 9.8142678e-06
313 0.50 1.970264212987e-02 5.5865893e-06
317 0.50 1.933807867682e-02 6.7418289e-06
321 0.50 1.683957320563e-02 3.1665593e-06
325 0.50 1.819873590471e-02 5.0319441e-06
329 0.50 1.640812622595e-02 1.0812364e-05
333 0.50 2.020809225880e-02 4.5289768e-06
337 0.50 1.529617182090e-02 4.0721800e-06
341 0.50 1.691217055049e-02 5.1737995e-06
345 0.50 1.690582983783e-02 2.6688288e-06
349 0.50 1.745336057946e-02 6.2493815e-06
353 0.50 1.966093621987e-02 4.5257801e-06
357 0.50 1.894360260247e-02 2.3872335e-06
361 0.50 1.865278301213e-02 4.7204894e-06
365 0.50 1.942999272644e-02 6.9336537e-06
369 0.50 1.966490795201e-02 1.2608145e-05
373 0.50 1.812142093981e-02 2.2589214e-06
377 0.50 1.680834085319e-02 2.8793752e-06
381 0.50 1.657772661483e-02 2.1494319e-06
385 0.50 1.602874434166e-02 5.7448012e-06
389 0.50 1.982548244558e-02 3.6408106e-06
393 0.50 1.956010343697e-02 4.7371051e-06
397 0.50 1.505656975379e-02 1.1507521e-05
401 0.50 1.790536489925e-02 3.3509989e-06
405 0.50 1.785981747044e-02 4.8070006e-06
409 0.50 1.747622952077e-02 4.2830763e-06
413 0.50 1.828353645717e-02 3.5826042e-06
417 0.50 1.766678340056e-02 5.6244334e-06
421 0.50 1.885295147550e-02 5.3020991e-06
425 0.50 1.841670664114e-02 7.4775457e-06
429 0.50 2.289505582877e-02 7.1004736e-06
433 0.50 1.846472867723e-02 9.8705310e-06
437 0.50 2.087637137625e-02 6.1008298e-06
441 0.50 1.803299308651e-02 6.5538783e-06
445 0.50 1.999495439268e-02 8.4345430e-06
449 0.50 1.539750750331e-02 3.2202898e-06
453 0.50 1.707610635714e-02 7.5791032e-06
457 0.50 1.774138198663e-02 2.3636408e-06
461 0.50 1.855645339310e-02 6.0581455e-06
465 0.50 1.663492053612e-02 1.1468800e-05
469 0.50 1.675471765890e-02 5.2300881e-06
473 0.50 1.572508647734e-02 7.0565069e-06
477 0.50 1.880090758872e-02 5.5675594e-06
481 0.50 1.907713269860e-02 7.2669938e-06
485 0.50 1.674275734439e-02 5.7490408e-06
489 0.50 1.662190897493e-02 5.5382002e-06
493 0.50 1.814620049119e-02 1.8382896e-05
497 0.50 2.013254235904e-02 1.1476977e-05
301 0.75 1.776867274355e-02 9.8338143e-06
305 0.75 1.656342279603e-02 9.3620333e-06
309 0.75 1.604988650885e-02 1.0440054e-05
313 0.75 2.167263330049e-02 5.6288407e-06
317 0.75 2.125614156265e-02 6.1924835e-06
321 0.75 1.643647420871e-02 4.8342538e-06
325 0.75 1.696038266288e-02 3.1209037e-06
329 0.75 1.307088841849e-02 2.0543842e-06
333 0.75 1.807461691458e-02 2.2219638e-06
337 0.75 1.677893897835e-02 5.8745241e-06
341 0.75 1.624513295718e-02 1.0613740e-05
345 0.75 1.456075928348e-02 4.6643665e-06
349 0.75 1.715497001890e-02 3.2821822e-06
353 0.75 1.947212753922e-02 3.2196222e-06
357 0.75 1.946793471444e-02 1.1260344e-05
361 0.75 1.845594779184e-02 9.6019516e-06
365 0.75 1.935578577704e-02 7.1670902e-06
369 0.75 1.870693320569e-02 4.2872023e-06
373 0.75 1.938104215640e-02 3.6718424e-06
377 0.75 1.647047236141e-02 6.2194924e-06
381 0.75 1.731763572525e-02 8.6120792e-06
385 0.75 1.393344878994e-02 3.3468682e-06
389 0.75 2.000058350513e-02 5.6912648e-06
393 0.75 1.895151046687e-02 1.2324641e-05
397 0.75 1.596380025159e-02 8.3680100e-06
401 0.75 1.888144286396e-02 3.8672328e-06
405 0.75 1.694289766436e-02 3.4231010e-06
409 0.75 1.711686638367e-02 5.7421333e-06
413 0.75 1.724677101680e-02 3.6920337e-06
417 0.75 1.818846621818e-02 5.7029452e-06
421 0.75 1.801890282064e-02 4.2844841e-06
425 0.75 1.646809571898e-02 7.9878000e-06
429 0.75 2.256491387047e-02 9.2955322e-06
433 0.75 1.759775014365e-02 8.2620972e-06
437 0.75 1.817444660888e-02 6.9309691e-06
441 0.75 1.845280561565e-02 5.8410820e-06
445 0.75 1.803777963461e-02 7.9789373e-06
449 0.75 1.549432088470e-02 8.7572891e-06
453 0.75 1.746246923496e-02 4.6755212e-06
457 0.75 1.905228795954e-02 3.5639366e-06
461 0.75 1.642900159923e-02 1.3426572e-06
465 0.75 1.769309458319e-02 6.6311870e-06
469 0.75 1.601904512192e-02 2.3270717e-06
473 0.75 1.635033687424e-02 7.7666571e-06
477 0.75 1.634870908082e-02 5.7473259e-06
481 0.75 1.796012467343e-02 9.6518802e-06
485 0.75 1.696186269927e-02 4.9188606e-06
489 0.75 1.689029760574e-02 8.2673393e-06
493 0.75 1.554071795622e-02 1.5041839e-06
497 0.75 1.957265368269e-02 4.8652146e-06
301 1.00 1.787738792335e-02 3.9427550e-06
305 1.00 1.622391858320e-02 3.5766948e-06
309 1.00 1.493793537757e-02 4.6363326e-06
313 1.00 2.101343370254e-02 4.8268797e-06
317 1.00 1.785638695745e-02 4.5648972e-06
321 1.00 1.486403879201e-02 7.8793154e-06
325 1.00 1.698183877948e-02 4.5426003e-06
329 1.00 1.252776803372e-02 2.4222318e-06
333 1.00 1.778415815881e-02 4.3469723e-06
337 1.00 1.659978091208e-02 7.4037577e-06
341 1.00 1.872684769874e-02 4.1539551e-06
345 1.00 1.489058466124e-02 5.9483286e-06
349 1.00 1.618905249897e-02 4.2308524e-06
353 1.00 1.961187795890e-02 6.3816047e-06
357 1.00 1.568130251478e-02 9.2052711e-06
361 1.00 1.738338587826e-02 9.9638816e-06
365 1.00 1.897078803864e-02 9.4925247e-06
369 1.00 1.662105612541e-02 5.5203910e-06
373 1.00 1.883045643123e-02 1.2069792e-05
377 1.00 1.636579261385e-02 2.8717774e-06
381 1.00 1.933608173859e-02 1.1039276e-05
385 1.00 1.515366445519e-02 3.2909691e-06
389 1.00 2.002223751635e-02 4.5728755e-06
393 1.00 1.931259418617e-02 1.4488176e-05
397 1.00 1.510654978563e-02 4.1237281e-06
401 1.00 1.741921081817e-02 7.0439559e-06
405 1.00 1.684085549853e-02 8.3196195e-06
409 1.00 1.776559281980e-02 6.8568348e-06
413 1.00 1.826953656695e-02 4.5013658e-06
417 1.00 1.625309594749e-02 3.7679690e-06
421 1.00 1.777840589409e-02 5.7765346e-06
425 1.00 1.692167624858e-02 7.2312758e-06
429 1.00 2.172059717519e-02 7.6548638e-06
433 1.00 1.633186255989e-02 6.7634841e-06
437 1.00 1.847169878909e-02 2.7159339e-06
441 1.00 1.740040503081e-02 7.0527205e-06
445 1.00 1.944739426682e-02 9.3109405e-06
449 1.00 1.528390055572e-02 1.7092473e-06
453 1.00 1.776427320413e-02 7.4898000e-06
457 1.00 1.731718362151e-02 7.9169592e-06
461 1.00 1.748346229785e-02 5.9788462e-06
465 1.00 1.794806714110e-02 8.5610710e-06
469 1.00 1.587087260055e-02 6.7487712e-06
473 1.00 1.600877649902e-02 7.1002171e-06
477 1.00 1.756379966574e-02 1.1949635e-05
481 1.00 1.875180158665e-02 8.2038373e-06
485 1.00 1.602681862155e-02 3.8290152e-06
489 1.00 1.719440843719e-02 5.9467642e-06
493 1.00 1.631674778882e-02 7.5571012e-06
497 1.00 1.900778169072e-02 3.9929910e-06
302 -1.00 1.742964068611e-02 2.7111169e-06
306 -1.00 2.047075605140e-02 8.4959238e-06
310 -1.00 2.201390120394e-02 2.4567219e-06
314 -1.00 1.945892747325e-02 1.5841798e-06
318 -1.00 1.939217758595e-02 7.8980522e-06
322 -1.00 2.520159084902e-02 3.9471982e-06
326 -1.00 1.768743373652e-02 2.9893477e-06
330 -1.00 1.945933141152e-02 3.2123470e-06
334 -1.00 1.599698990538e-02 4.9075462e-06
338 -1.00 2.062320738061e-02 2.0624532e-06
342 -1.00 1.985957511985e-02 2.0766299e-06
346 -1.00 1.839082736308e-02 1.5030262e-06
350 -1.00 2.124090850425e-02 5.3051742e-06
354 -1.00 1.741181545824e-02 5.4459646e-06
358 -1.00 2.037612239780e-02 2.7997533e-06
362 -1.00 2.097887371814e-02 9.1296953e-06
366 -1.00 2.262492792301e-02 7.1360168e-06
370 -1.00 1.962605748128e-02 3.4321486e-06
374 -1.00 1.968056475491e-02 3.1602026e-06
378 -1.00 2.153077140776e-02 5.9740426e-06
382 -1.00 2.220289665212e-02 1.9102293e-06
386 -1.00 1.872585272549e-02 4.8884622e-06
390 -1.00 2.047429693058e-02 3.7805074e-06
394 -1.00 2.307425303883e-02 7.9332569e-06
398 -1.00 2.751182360835e-02 9.5506870e-06
402 -1.00 1.923762166854e-02 2.1591027e-06
406 -1.00 2.158106949798e-02 7.9179102e-06
410 -1.00 1.986991098379e-02 7.0545883e-06
414 -1.00 1.859439536486e-02 9.5614280e-06
418 -1.00 2.152741567356e-02 5.1637733e-06
422 -1.00 2.115743777825e-02 8.4043560e-07
426 -1.00 2.314264471839e-02 8.4923488e-06
430 -1.00 2.262685838271e-02 3.6098843e-06
434 -1.00 1.867953213482e-02 4.9787167e-06
438 -1.00 2.333859811257e-02 8.5669075e-06
442 -1.00 2.223007886285e-02 6.8163449e-06
446 -1.00 2.134955303864e-02 3.8494935e-06
450 -1.00 1.966852115550e-02 8.7466229e-06
454 -1.00 2.457815067607e-02 1.5286738e-05
458 -1.00 1.773448341533e-02 2.0248392e-06
462 -1.00 1.863449529949e-02 7.6391976e-06
466 -1.00 1.805580542222e-02 2.2584076e-06
470 -1.00 1.665979017176e-02 1.3703564e-06
474 -1.00 1.811740806477e-02 4.4652671e-06
478 -1.00 1.917943594742e-02 5.9718788e-06
482 -1.00 2.099387803040e-02 5.8684038e-06
486 -1.00 2.155032025505e-02 6.0182806e-06
490 -1.00 1.554663277328e-02 1.8836239e-06
494 -1.00 1.902650689465e-02 1.5633653e-06
498 -1.00 1.674202308154e-02 6.7955727e-06
302 -0.75 1.972923184503e-02 2.1342529e-06
306 -0.75 1.928568955398e-02 4.6166039e-06
310 -0.75 2.086136764709e-02 5.8760257e-06
314 -0.75 2.079157673605e-02 1.2690384e-05
318 -0.75 1.889703918843e-02 5.5659153e-06
322 -0.75 2.461012493448e-02 8.1871047e-06
326 -0.75 1.811875552345e-02 3.6978105e-06
330 -0.75 2.040865253245e-02 4.7917545e-06
334 -0.75 1.627825077447e-02 1.7438456e-06
338 -0.75 1.963003053331e-02 4.0444290e-06
342 -0.75 1.960589723823e-02 1.8652763e-06
346 -0.75 1.758900340207e-02 8.2237357e-07
350 -0.75 2.050158356986e-02 5.7484993e-06
354 -0.75 1.790646762229e-02 1.2827675e-06
358 -0.75 1.855536720577e-02 1.6477432e-06
362 -0.75 2.018257786216e-02 1.2675071e-05
366 -0.75 2.321791811991e-02 7.9251381e-06
370 -0.75 1.888517094943e-02 6.9005092e-06
374 -0.75 2.002463245647e-02 1.4759307e-06
378 -0.75 2.135209607170e-02 8.3270699e-06
382 -0.75 2.100555675774e-02 4.7999662e-06
386 -0.75 1.982164689851e-02 8.8540259e-06
390 -0.75 2.103695734629e-02 5.0433030e-06
394 -0.75 2.023052930362e-02 2.6383923e-06
398 -0.75 2.621622074422e-02 5.5957251e-06
402 -0.75 1.650965561001e-02 2.5334306e-06
406 -0.75 1.931166497437e-02 4.4566481e-06
410 -0.75 1.929278884124e-02 2.7197257e-06
414 -0.75 2.096903954033e-02 7.0835076e-06
418 -0.75 2.163509862932e-02 3.7389381e-06
422 -0.75 2.002014103380e-02 2.2200076e-06
426 -0.75 2.200590650109e-02 4.5309036e-06
430 -0.75 2.113784458149e-02 2.7603909e-06
434 -0.75 1.885651776272e-02 8.7910978e-06
438 -0.75 2.092619309644e-02 2.6994985e-06
442 -0.75 2.406087273643e-02 2.2232493e-06
446 -0.75 2.173287263962e-02 4.9251080e-06
450 -0.75 2.156338721910e-02 5.7160077e-06
454 -0.75 2.394521198598e-02 6.5784363e-06
458 -0.75 1.763064540585e-02 4.4720855e-06
462 -0.75 1.876698761784e-02 4.9900359e-06
466 -0.75 1.934288169638e-02 7.0920244e-06
470 -0.75 1.608044792268e-02 2.0405321e-06
474 -0.75 1.779012402656e-02 4.3751572e-06
478 -0.75 1.930559669416e-02 1.5483528e-06
482 -0.75 1.919447113729e-02 4.0430948e-06
486 -0.75 2.228088572296e-02 5.9415831e-06
490 -0.75 1.653762403414e-02 1.2240743e-06
494 -0.75 1.869837973591e-02 3.2406683e-06
498 -0.75 1.662246697846e-02 1.7674355e-06
302 -0.50 2.177948294222e-02 7.3615786e-06
306 -0.50 1.976566293964e-02 1.0779825e-05
310 -0.50 2.004650348897e-02 1.2765665e-05
314 -0.50 1.810887933631e-02 2.1840600e-06
318 -0.50 1.798194200390e-02 4.3190149e-06
322 -0.50 2.556511820624e-02 8.2826337e-06
326 -0.50 1.726683365225e-02 3.5518614e-06
330 -0.50 2.015936253680e-02 7.9986068e-06
334 -0.50 1.645594821260e-02 7.6525499e-06
338 -0.50 2.023019407452e-02 9.2216530e-07
342 -0.50 2.107523535100e-02 1.0065176e-05
346 -0.50 1.985793541019e-02 5.2685117e-06
350 -0.50 1.941178645298e-02 6.0523698e-06
354 -0.50 1.866959506217e-02 1.6899085e-06
358 -0.50 1.871766124091e-02 7.1732453e-06
362 -0.50 1.874914287075e-02 8.7764977e-07
366 -0.50 2.152908987066e-02 5.8165533e-06
370 -0.50 2.076216561479e-02 5.1183153e-06
374 -0.50 1.946237927936e-02 5.2745326e-06
378 -0.50 2.090669188008e-02 1.7225655e-06
382 -0.50 2.160411174849e-02 8.5305993e-06
386 -0.50 1.652650034364e-02 4.9197185e-06
390 -0.50 1.950730633358e-02 5.2743542e-06
394 -0.50 2.016862632324e-02 6.0581470e-06
398 -0.50 2.513392717082e-02 1.4626454e-05
402 -0.50 1.771530666510e-02 3.6437306e-06
406 -0.50 1.968066855347e-02 3.2557154e-06
410 -0.50 1.773555660733e-02 4.1773211e-06
414 -0.50 1.865384701282e-02 3.8625283e-06
418 -0.50 1.970881206700e-02 3.8375066e-06
422 -0.50 2.068624421945e-02 5.6974928e-06
426 -0.50 2.158992488621e-02 1.4966565e-05
430 -0.50 2.150709355006e-02 6.7661056e-06
434 -0.50 1.880551827435e-02 1.1060445e-05
438 -0.50 2.075353856537e-02 7.0376781e-06
442 -0.50 2.141805742440e-02 5.4333686e-06
446 -0.50 1.925597518648e-02 2.0633627e-06
450 -0.50 1.979225330340e-02 4.2925948e-06
454 -0.50 2.228858014056e-02 9.2124093e-06
458 -0.50 1.706701278702e-02 2.1743771e-06
462 -0.50 1.869434876548e-02 1.8822608e-06
466 -0.50 1.783492403967e-02 3.3479464e-06
470 -0.50 1.635607227953e-02 1.7853979e-06
474 -0.50 1.768834413390e-02 5.3698367e-06
478 -0.50 1.861665645625e-02 1.8682218e-06
482 -0.50 1.923828321189e-02 5.5212258e-06
486 -0.50 2.107688223966e-02 1.0089457e-05
490 -0.50 1.621550613443e-02 3.4469902e-06
494 -0.50 1.853170783918e-02 6.4446959e-06
498 -0.50 1.433839179231e-02 9.7461338e-07
302 -0.25 2.062639593401e-02 7.7888505e-06
306 -0.25 1.612951564732e-02 3.8438424e-06
310 -0.25 2.032685830752e-02 7.6841012e-06
314 -0.25 1.961056543718e-02 3.0915840e-06
318 -0.25 1.793394732279e-02 9.2819655e-06
322 -0.25 2.276086953070e-02 4.3341535e-06
326 -0.25 1.790816224787e-02 3.1529305e-06
330 -0.25 1.904154580313e-02 6.2833972e-06
334 -0.25 1.618247145407e-02 9.4918139e-07
338 -0.25 2.046097050389e-02 1.0759230e-05
342 -0.25 1.905041313247e-02 5.3614523e-06
346 -0.25 1.812253535978e-02 5.4033521e-06
350 -0.25 2.002018413190e-02 8.4273690e-06
354 -0.25 1.834221003239e-02 4.4950760e-06
358 -0.25 1.915484674605e-02 1.1875532e-05
362 -0.25 1.943097241036e-02 7.8851952e-06
366 -0.25 2.050902584557e-02 7.8294912e-06
370 -0.25 1.717898349028e-02 6.7055961e-06
374 -0.25 1.902538845995e-02 2.5165102e-06
378 -0.25 2.075327170900e-02 3.1308598e-06
382 -0.25 2.106532921496e-02 6.8832257e-06
386 -0.25 1.759810915500e-02 7.8047310e-06
390 -0.25 1.885063237794e-02 6.0853049e-06
394 -0.25 1.893930250332e-02 6.0703484e-06
398 -0.25 2.442144256580e-02 6.5103464e-06
402 -0.25 1.678988213731e-02 3.4550845e-06
406 -0.25 1.845574694171e-02 2.5275503e-06
410 -0.25 1.859757205858e-02 5.9473916e-06
414 -0.25 1.618110115248e-02 4.2581298e-06
418 -0.25 2.109170494301e-02 4.4706891e-06
422 -0.25 1.899558516864e-02 5.5569113e-06
426 -0.25 2.131751933994e-02 7.6259139e-06
430 -0.25 2.086263190130e-02 2.9571965e-06
434 -0.25 1.807031894609e-02 8.0190391e-06
438 -0.25 1.995101625138e-02 5.8153201e-06
442 -0.25 2.155395463208e-02 1.0455339e-05
446 -0.25 1.928525938263e-02 4.6045259e-06
450 -0.25 1.790817121614e-02 2.2429115e-06
454 -0.25 2.281215870596e-02 1.1929604e-05
458 -0.25 1.691097213654e-02 5.7873133e-06
462 -0.25 1.737223503152e-02 3.7032218e-06
466 -0.25 1.718141594884e-02 1.8750286e-06
470 -0.25 1.800355968000e-02 4.8934703e-06
474 -0.25 1.710151595861e-02 6.1789501e-06
478 -0.25 1.959238568285e-02 6.5607465e-06
482 -0.25 2.077999966282e-02 5.0723844e-06
486 -0.25 2.276257474785e-02 1.2132689e-05
490 -0.25 1.594826277657e-02 2.4914611e-06
494 -0.25 1.659664315317e-02 3.4250021e-06
498 -0.25 1.457809753528e-02 3.7425828e-06
302 0.00 2.142777173101e-02 3.9563783e-06
306 0.00 1.708708273151e-02 4.0661412e-06
310 0.00 1.931798436083e-02 3.2144032e-06
314 0.00 1.756862997044e-02 7.1072355e-06
318 0.00 1.728948029466e-02 3.0678044e-06
322 0.00 2.142238944782e-02 4.2245479e-06
326 0.00 1.869742133817e-02 6.5050418e-06
330 0.00 1.901577972873e-02 7.5741709e-06
334 0.00 1.572496762925e-02 4.8447006e-06
338 0.00 1.884098268956e-02 3.7338341e-06
342 0.00 1.857657844659e-02 6.4354493e-06
346 0.00 1.847182544302e-02 4.0060865e-06
350 0.00 1.831306551832e-02 5.7267320e-06
354 0.00 1.883083352394e-02 4.9380995e-06
358 0.00 1.749839059009e-02 3.9134883e-06
362 0.00 1.868159309277e-02 4.5619701e-06
366 0.00 1.963431510094e-02 1.6850545e-06
370 0.00 1.880708402896e-02 7.5650795e-06
374 0.00 2.022862834205e-02 3.3310342e-06
378 0.00 2.289208651221e-02 1.4814515e-05
382 0.00 1.946268675664e-02 4.9853206e-06
386 0.00 1.820796283230e-02 1.5698389e-06
390 0.00 1.763198814310e-02 9.5655554e-06
394 0.00 1.861560008302e-02 9.4797124e-06
398 0.00 2.378602944686e-02 1.0775147e-05
402 0.00 1.675954412503e-02 3.9885184e-06
406 0.00 1.740244728134e-02 7.0519885e-06
410 0.00 1.599127383205e-02 3.6574002e-06
414 0.00 1.742842368825e-02 4.7980384e-06
418 0.00 1.914191327869e-02 2.9364112e-06
422 0.00 1.946123411510e-02 1.1325566e-05
426 0.00 2.097479746357e-02 2.0391925e-05
430 0.00 2.181658421551e-02 2.7607079e-06
434 0.00 1.545534112487e-02 4.8211749e-06
438 0.00 1.788622294639e-02 7.8477457e-06
442 0.00 2.201069892014e-02 7.7130875e-06
446 0.00 1.846057672160e-02 5.1162867e-06
450 0.00 1.940503295567e-02 4.6188814e-06
454 0.00 2.188791280944e-02 7.1420829e-06
458 0.00 1.852379596089e-02 5.7051142e-06
462 0.00 1.813514555247e-02 2.8624600e-06
466 0.00 1.804816938391e-02 5.3284907e-06
470 0.00 1.758608094145e-02 5.4760038e-06
474 0.00 1.618345867933e-02 4.2331126e-06
478 0.00 1.959042160057e-02 5.2718445e-06
482 0.00 1.953565793535e-02 3.1777355e-06
486 0.00 2.211224035645e-02 6.0795488e-06
490 0.00 1.555870130781e-02 4.5632664e-06
494 0.00 1.684698523273e-02 2.9785444e-06
498 0.00 1.420770290883e-02 1.7757682e-06
302 0.25 1.992599870423e-02 3.4843375e-06
306 0.25 1.702522513986e-02 6.6742624e-06
310 0.25 1.814766666277e-02 2.6004246e-06
314 0.25 1.763749366875e-02 3.2283121e-06
318 0.25 1.836866336985e-02 5.0361604e-06
322 0.25 2.109297730195e-02 2.6810653e-06
326 0.25 1.774572794485e-02 4.4024560e-06
330 0.25 1.841839839908e-02 4.3308568e-06
334 0.25 1.697978153862e-02 6.5284211e-06
338 0.25 1.826173918405e-02 1.0109743e-05
342 0.25 1.922523907297e-02 1.1111150e-05
346 0.25 1.732633847734e-02 5.3105663e-06
350 0.25 1.845340987863e-02 4.1076930e-06
354 0.25 1.765557331056e-02 2.5679917e-06
358 0.25 2.049097067285e-02 1.6166239e-05
362 0.25 1.909360705208e-02 4.9301158e-06
366 0.25 1.906573199002e-02 2.7155556e-06
370 0.25 1.764661393180e-02 9.3828923e-06
374 0.25 1.870642847845e-02 6.2700607e-06
378 0.25 1.990271511391e-02 6.4565424e-06
382 0.25 1.884821841296e-02 4.9046847e-06
386 0.25 1.803338884338e-02 3.3990841e-06
390 0.25 1.798216048071e-02 3.8980429e-06
394 0.25 1.757706989100e-02 7.0521385e-06
398 0.25 2.367669824270e-02 1.9954390e-05
402 0.25 1.738473591977e-02 4.0980423e-06
406 0.25 1.765629928581e-02 2.3249135e-06
410 0.25 1.652841957651e-02 5.2150240e-06
414 0.25 1.589030038896e-02 5.2172581e-06
418 0.25 1.863505015328e-02 8.3079982e-06
422 0.25 1.955724609822e-02 3.2541319e-06
426 0.25 1.979048175605e-02 7.3107894e-06
430 0.25 2.081333179916e-02 2.2429141e-06
434 0.25 1.854718554997e-02 1.1860344e-05
438 0.25 1.887675145150e-02 6.5100575e-06
442 0.25 2.221002716360e-02 5.2726893e-06
446 0.25 1.817630301498e-02 5.4520084e-06
450 0.25 1.791309547570e-02 4.4272285e-06
454 0.25 2.188063461727e-02 9.6354849e-06
458 0.25 1.888276369046e-02 4.3467173e-06
462 0.25 1.783452009576e-02 3.1482154e-06
466 0.25 1.758626671678e-02 1.1783048e-05
470 0.25 1.692164544241e-02 4.9130038e-06
474 0.25 1.576522876565e-02 4.0342153e-06
478 0.25 1.891385391150e-02 5.3866047e-06
482 0.25 1.837143317006e-02 3.9700929e-06
486 0.25 1.987618887653e-02 3.9536265e-06
490 0.25 1.497815663232e-02 1.1267735e-05
494 0.25 1.655290525076e-02 3.3439924e-06
498 0.25 1.410803038142e-02 6.7962408e-06
302 0.50 2.004941540121e-02 5.0266064e-06
306 0.50 1.676955456741e-02 8.2400100e-06
310 0.50 1.939659541162e-02 3.3763717e-06
314 0.50 1.664425902537e-02 2.0837823e-06
318 0.50 1.703325570291e-02 5.1124926e-06
322 0.50 2.214823738639e-02 5.9996268e-06
326 0.50 1.875249409081e-02 5.0711776e-06
330 0.50 1.965352172954e-02 8.2116399e-06
334 0.50 1.505780856618e-02 2.5802317e-06
338 0.50 1.719626034606e-02 3.5526652e-06
342 0.50 1.855465881377e-02 1.3074930e-05
346 0.50 1.605643816589e-02 3.9682232e-06
350 0.50 1.803943536028e-02 5.9565594e-06
354 0.50 1.918880647297e-02 5.0683424e-06
358 0.50 1.781508834437e-02 7.3138157e-06
362 0.50 1.817573010669e-02 4.7625484e-06
366 0.50 1.894784726888e-02 2.7878550e-06
370 0.50 1.697281008745e-02 5.2753362e-06
374 0.50 1.921076920717e-02 1.7730907e-05
378 0.50 1.903588973456e-02 4.1135104e-06
382 0.50 1.846434854407e-02 5.4934858e-06
386 0.50 1.728046976349e-02 3.3429139e-06
390 0.50 1.606601061406e-02 3.1076415e-06
394 0.50 1.864873568323e-02 2.3795046e-06
398 0.50 2.104950154606e-02 1.0896464e-05
402 0.50 1.648243621184e-02 5.6773548e-06
406 0.50 1.849379644672e-02 4.2336991e-06
410 0.50 1.645886345390e-02 8.4645459e-06
414 0.50 1.468897425117e-02 6.2421202e-06
418 0.50 1.743007567200e-02 1.3964650e-06
422 0.50 1.934516872053e-02 2.1000983e-06
426 0.50 1.932406504179e-02 4.6173408e-06
430 0.50 2.088548053841e-02 5.1093811e-06
434 0.50 1.803297758481e-02 9.0286897e-06
438 0.50 1.788946140109e-02 6.0401430e-06
442 0.50 2.135163269630e-02 1.2604756e-05
446 0.50 1.882137883672e-02 3.3133123e-06
450 0.50 1.847694579814e-02 2.8470870e-06
454 0.50 2.290065841909e-02 8.5233344e-06
458 0.50 1.909474139795e-02 6.5884066e-06
462 0.50 1.836035973425e-02 5.0325687e-06
466 0.50 1.660469270512e-02 1.0204636e-05
470 0.50 1.805607660641e-02 3.6816856e-06
474 0.50 1.631659947268e-02 3.9492826e-06
478 0.50 1.982399602209e-02 3.6850417e-06
482 0.50 1.974226654166e-02 5.3438103e-06
486 0.50 2.070520479888e-02 6.5640546e-06
490 0.50 1.406623934302e-02 9.9114683e-07
494 0.50 1.596441932289e-02 5.8389407e-06
498 0.50 1.395611524189e-02 6.3796599e-06
302 0.75 1.941724822543e-02 2.4583747e-06
306 0.75 1.545061919054e-02 3.6533480e-06
310 0.75 1.862647778322e-02 8.1507316e-06
314 0.75 1.823401015727e-02 6.6174995e-06
318 0.75 1.756865069587e-02 5.4316119e-06
322 0.75 2.090785587916e-02 6.1417858e-06
326 0.75 1.925244432851e-02 7.3711181e-06
330 0.75 1.675403896575e-02 3.4997004e-06
334 0.75 1.677429731058e-02 1.2958234e-05
338 0.75 1.727915311030e-02 3.2804727e-06
342 0.75 1.640670254492e-02 8.5207393e-06
346 0.75 1.618501963068e-02 5.2316966e-06
350 0.75 1.818444331095e-02 4.7407539e-06
354 0.75 1.793886650150e-02 6.1273574e-06
358 0.75 1.743442162186e-02 5.9247138e-06
362 0.75 1.827058848932e-02 2.0312815e-06
366 0.75 1.929215610960e-02 4.0434973e-06
370 0.75 1.605524308685e-02 2.8823765e-06
374 0.75 1.837162852733e-02 1.0655560e-05
378 0.75 1.978642497001e-02 6.1010595e-06
382 0.75 1.894925801208e-02 9.8832848e-06
386 0.75 1.711057891608e-02 4.0528631e-06
390 0.75 1.645613282652e-02 1.9983656e-06
394 0.75 1.939069646269e-02 8.1858699e-06
398 0.75 2.013693033748e-02 9.0789875e-06
402 0.75 1.522082589245e-02 4.8937059e-06
406 0.75 1.706354958758e-02 5.3607585e-06
410 0.75 1.647237672681e-02 2.5655816e-06
414 0.75 1.748387502982e-02 5.1483255e-06
418 0.75 1.793028461745e-02 2.4270323e-06
422 0.75 1.759115746014e-02 1.4554202e-05
426 0.75 1.846094687049e-02 3.0962671e-06
430 0.75 2.050465347272e-02 5.5334393e-06
434 0.75 1.551071898558e-02 4.4818076e-06
438 0.75 1.900326131410e-02 5.0621875e-06
442 0.75 2.232507648590e-02 5.9744455e-06
446 0.75 1.887718136725e-02 3.6737337e-06
450 0.75 1.773823828953e-02 2.8957282e-06
454 0.75 2.128095938025e-02 2.2531676e-06
458 0.75 2.043403268587e-02 3.2453236e-06
462 0.75 1.811148355440e-02 4.4397748e-06
466 0.75 1.458762268830e-02 4.9136277e-06
470 0.75 1.764697793790e-02 4.9834396e-06
474 0.75 1.594515453462e-02 4.1544081e-06
478 0.75 1.970000504280e-02 8.5049886e-06
482 0.75 2.021973638779e-02 7.3764673e-06
486 0.75 2.112412963665e-02 9.1607495e-06
490 0.75 1.555961886484e-02 1.2543910e-05
494 0.75 1.630816057175e-02 9.3087307e-06
498 0.75 1.475591738895e-02 4.4223394e-06
302 1.00 2.021505088390e-02 7.1353056e-06
306 1.00 1.762907822661e-02 4.4418614e-06
310 1.00 1.825527677048e-02 5.1394380e-06
314 1.00 1.958147024667e-02 8.3160144e-06
318 1.00 1.812024443115e-02 4.6938189e-06
322 1.00 2.162081175164e-02 2.6737295e-05
326 1.00 1.969749863160e-02 6.9383833e-06
330 1.00 1.806067091596e-02 5.4872460e-06
334 1.00 1.848512509655e-02 7.2891294e-06
338 1.00 1.654019859254e-02 3.7088216e-06
342 1.00 1.631664749834e-02 5.6726917e-06
346 1.00 1.867815463524e-02 9.9298158e-06
350 1.00 1.926546678901e-02 8.7610121e-06
354 1.00 1.930708202593e-02 1.0298442e-05
358 1.00 1.654686675057e-02 4.8308780e-06
362 1.00 1.801864745217e-02 4.8706054e-06
366 1.00 1.819007372032e-02 5.7967637e-06
370 1.00 1.758577978593e-02 6.6993111e-06
374 1.00 1.930728179581e-02 5.7936446e-06
378 1.00 2.011927588093e-02 4.1111339e-06
382 1.00 1.941177147160e-02 7.9635937e-06
386 1.00 1.666234778712e-02 7.9786629e-06
390 1.00 1.404288862611e-02 6.2765328e-06
394 1.00 2.027529202403e-02 8.2007366e-06
398 1.00 2.053153707578e-02 8.0707393e-06
402 1.00 1.482529606092e-02 6.6171980e-06
406 1.00 1.844552815164e-02 2.9202625e-06
410 1.00 1.671216546354e-02 1.0165942e-05
414 1.00 1.443347679159e-02 3.3475514e-06
418 1.00 1.872196617922e-02 7.5676153e-06
422 1.00 1.742661844691e-02 1.7844827e-06
426 1.00 1.730473076743e-02 7.9594956e-06
430 1.00 2.014196465241e-02 9.7843088e-06
434 1.00 1.497718192937e-02 6.3899836e-06
438 1.00 1.984309596813e-02 7.4387661e-06
442 1.00 2.090663762341e-02 6.9418925e-06
446 1.00 1.954133862788e-02 6.0197581e-06
450 1.00 1.929338478653e-02 6.4801475e-06
454 1.00 2.093265684697e-02 1.0929768e-05
458 1.00 1.895891775244e-02 2.5076118e-06
462 1.00 1.651385747339e-02 7.2436637e-06
466 1.00 1.310591879075e-02 7.8306376e-06
470 1.00 1.771771342944e-02 1.7107957e-06
474 1.00 1.473238307242e-02 3.6968960e-06
478 1.00 1.834648671547e-02 7.8236740e-06
482 1.00 1.879702956149e-02 1.0228347e-05
486 1.00 1.953837461864e-02 9.1814960e-06
490 1.00 1.357259112131e-02 4.4928449e-06
494 1.00 1.736570187107e-02 6.4443399e-06
498 1.00 1.508909879226e-02 8.0397062e-06
