10 -1.00 2.13235e-02 5.12540e-06
30 -1.00 2.17268e-02 4.55157e-06
50 -1.00 2.25481e-02 4.10094e-06
70 -1.00 2.11422e-02 2.68973e-06
90 -1.00 2.19603e-02 4.16106e-06
10 -0.75 2.22216e-02 3.70649e-06
30 -0.75 2.17916e-02 3.68129e-06
50 -0.75 2.23614e-02 4.61763e-06
70 -0.75 2.10895e-02 5.54467e-06
90 -0.75 2.20450e-02 4.00957e-06
10 -0.50 2.21381e-02 5.26995e-06
30 -0.50 2.15747e-02 3.87731e-06
50 -0.50 2.31337e-02 6.73923e-06
70 -0.50 2.10459e-02 7.38991e-06
90 -0.50 2.19570e-02 3.17296e-06
10 -0.25 2.26990e-02 9.32811e-06
30 -0.25 2.15130e-02 3.67868e-06
50 -0.25 2.24183e-02 4.82522e-06
70 -0.25 2.14100e-02 3.28656e-06
90 -0.25 2.14721e-02 2.98187e-06
10 0.00 2.32726e-02 8.72435e-06
30 0.00 2.20455e-02 3.54242e-06
50 0.00 2.22947e-02 5.06592e-06
70 0.00 2.13838e-02 5.56643e-06
90 0.00 2.14260e-02 4.55041e-06
10 0.25 2.20544e-02 5.96587e-06
30 0.25 2.19421e-02 3.47889e-06
50 0.25 2.29678e-02 7.00910e-06
70 0.25 2.12930e-02 6.15815e-06
90 0.25 2.17901e-02 3.07456e-06
10 0.50 2.15798e-02 6.87064e-06
30 0.50 2.19052e-02 4.05120e-06
50 0.50 2.22435e-02 5.40795e-06
70 0.50 2.07647e-02 5.19177e-06
90 0.50 2.22055e-02 9.43470e-06
10 0.75 2.19340e-02 6.81951e-06
30 0.75 2.19830e-02 6.86684e-06
50 0.75 2.22735e-02 7.35959e-06
70 0.75 2.10538e-02 2.45850e-06
90 0.75 2.16884e-02 3.07843e-06
10 1.00 2.18345e-02 4.65741e-06
30 1.00 2.14424e-02 3.91846e-06
50 1.00 2.27958e-02 7.95688e-06
70 1.00 2.12252e-02 4.39494e-06
90 1.00 2.17499e-02 3.83386e-06
11 -1.00 2.21463e-02 6.03004e-06
31 -1.00 2.21415e-02 3.24104e-06
51 -1.00 2.28643e-02 2.95218e-06
71 -1.00 2.24167e-02 1.57516e-05
91 -1.00 2.22262e-02 5.92700e-06
11 -0.75 2.16789e-02 3.14322e-06
31 -0.75 2.27724e-02 7.22213e-06
51 -0.75 2.25135e-02 3.70050e-06
71 -0.75 2.21506e-02 3.71356e-06
91 -0.75 2.19170e-02 7.09600e-06
11 -0.50 2.16106e-02 3.75814e-06
31 -0.50 2.19585e-02 3.08790e-06
51 -0.50 2.30847e-02 4.22250e-06
71 -0.50 2.16219e-02 2.00098e-06
91 -0.50 2.14876e-02 3.34449e-06
11 -0.25 2.11799e-02 3.80163e-06
31 -0.25 2.17166e-02 3.79856e-06
51 -0.25 2.25542e-02 5.76985e-06
71 -0.25 2.15846e-02 3.69016e-06
91 -0.25 2.12344e-02 5.23496e-06
11 0.00 2.16972e-02 5.89522e-06
31 0.00 2.18922e-02 4.84382e-06
51 0.00 2.28604e-02 5.01012e-06
71 0.00 2.24408e-02 4.96322e-06
91 0.00 2.17486e-02 4.37879e-06
11 0.25 2.15129e-02 4.19706e-06
31 0.25 2.16630e-02 5.81756e-06
51 0.25 2.27653e-02 4.35016e-06
71 0.25 2.20751e-02 5.82486e-06
91 0.25 2.20597e-02 4.15055e-06
11 0.50 2.11260e-02 3.17980e-06
31 0.50 2.18774e-02 6.83454e-06
51 0.50 2.22473e-02 7.97032e-06
71 0.50 2.20235e-02 3.61246e-06
91 0.50 2.15138e-02 5.81056e-06
11 0.75 2.14930e-02 5.53545e-06
31 0.75 2.20270e-02 4.29906e-06
51 0.75 2.25451e-02 4.87563e-06
71 0.75 2.27693e-02 9.12677e-06
91 0.75 2.15783e-02 3.70684e-06
11 1.00 2.18513e-02 3.81757e-06
31 1.00 2.23441e-02 1.45566e-05
51 1.00 2.22249e-02 3.94819e-06
71 1.00 2.15670e-02 4.61903e-06
91 1.00 2.20524e-02 5.48931e-06
12 -1.00 2.30171e-02 1.07518e-05
32 -1.00 2.19747e-02 7.16619e-06
52 -1.00 2.16746e-02 6.06028e-06
72 -1.00 2.15045e-02 2.09469e-06
92 -1.00 2.12530e-02 4.73139e-06
12 -0.75 2.26399e-02 9.24694e-06
32 -0.75 2.18269e-02 5.59477e-06
52 -0.75 2.13216e-02 3.91307e-06
72 -0.75 2.20375e-02 4.49520e-06
92 -0.75 2.14767e-02 3.80317e-06
12 -0.50 2.18543e-02 2.39770e-06
32 -0.50 2.15641e-02 3.06611e-06
52 -0.50 2.23058e-02 1.06757e-05
72 -0.50 2.13673e-02 2.31282e-06
92 -0.50 2.19940e-02 6.52422e-06
12 -0.25 2.28156e-02 1.34780e-05
32 -0.25 2.18199e-02 4.95768e-06
52 -0.25 2.22149e-02 9.94378e-06
72 -0.25 2.17434e-02 6.44489e-06
92 -0.25 2.15641e-02 4.44981e-06
12 0.00 2.22705e-02 7.04691e-06
32 0.00 2.19203e-02 3.93137e-06
52 0.00 2.08805e-02 2.53259e-06
72 0.00 2.07609e-02 2.67950e-06
92 0.00 2.17191e-02 7.88168e-06
12 0.25 2.23306e-02 3.95289e-06
32 0.25 2.17809e-02 6.12361e-06
52 0.25 2.08540e-02 2.43240e-06
72 0.25 2.13581e-02 5.91723e-06
92 0.25 2.08487e-02 5.11490e-06
12 0.50 2.15883e-02 4.28911e-06
32 0.50 2.14955e-02 4.74407e-06
52 0.50 2.13217e-02 6.64067e-06
72 0.50 2.09873e-02 4.29639e-06
92 0.50 2.11925e-02 6.14363e-06
12 0.75 2.19189e-02 3.44217e-06
32 0.75 2.21684e-02 4.83598e-06
52 0.75 2.12534e-02 5.25294e-06
72 0.75 2.15318e-02 6.79243e-06
92 0.75 2.11118e-02 8.05752e-06
12 1.00 2.19483e-02 5.90692e-06
32 1.00 2.15021e-02 3.54348e-06
52 1.00 2.12189e-02 5.21718e-06
72 1.00 2.14492e-02 4.76782e-06
92 1.00 2.11968e-02 7.71692e-06
13 -1.00 2.22884e-02 5.90574e-06
33 -1.00 2.22824e-02 4.45680e-06
53 -1.00 2.30238e-02 4.69646e-06
73 -1.00 2.22994e-02 2.24498e-06
93 -1.00 2.10756e-02 3.77246e-06
13 -0.75 2.17212e-02 4.05006e-06
33 -0.75 2.22426e-02 6.46691e-06
53 -0.75 2.26635e-02 3.70120e-06
73 -0.75 2.18133e-02 2.57714e-06
93 -0.75 2.10404e-02 3.79613e-06
13 -0.50 2.28348e-02 9.18548e-06
33 -0.50 2.17266e-02 4.38389e-06
53 -0.50 2.22941e-02 3.32255e-06
73 -0.50 2.25231e-02 8.13841e-06
93 -0.50 2.16593e-02 6.80708e-06
13 -0.25 2.15022e-02 5.50043e-06
33 -0.25 2.15547e-02 5.10182e-06
53 -0.25 2.36139e-02 1.43502e-05
73 -0.25 2.28798e-02 5.21436e-06
93 -0.25 2.15878e-02 4.94168e-06
13 0.00 2.12754e-02 3.12027e-06
33 0.00 2.13609e-02 2.70474e-06
53 0.00 2.24564e-02 4.89176e-06
73 0.00 2.22254e-02 5.09704e-06
93 0.00 2.11188e-02 3.50385e-06
13 0.25 2.18007e-02 5.21463e-06
33 0.25 2.13667e-02 3.51138e-06
53 0.25 2.21615e-02 3.75644e-06
73 0.25 2.18082e-02 5.71545e-06
93 0.25 2.13685e-02 5.72195e-06
13 0.50 2.17556e-02 7.02030e-06
33 0.50 2.13383e-02 2.42456e-06
53 0.50 2.27798e-02 1.21511e-05
73 0.50 2.19900e-02 3.63458e-06
93 0.50 2.15433e-02 5.50815e-06
13 0.75 2.16700e-02 6.39072e-06
33 0.75 2.21933e-02 6.44197e-06
53 0.75 2.23810e-02 5.88493e-06
73 0.75 2.23076e-02 4.75898e-06
93 0.75 2.14576e-02 6.75008e-06
13 1.00 2.09681e-02 4.27175e-06
33 1.00 2.17387e-02 4.06878e-06
53 1.00 2.19816e-02 3.65730e-06
73 1.00 2.17202e-02 5.08499e-06
93 1.00 2.16492e-02 7.40608e-06
14 -1.00 2.23405e-02 3.72711e-06
34 -1.00 2.17596e-02 3.02894e-06
54 -1.00 2.25872e-02 3.47098e-06
74 -1.00 2.26858e-02 3.28859e-06
94 -1.00 2.18106e-02 4.13440e-06
14 -0.75 2.31063e-02 5.51453e-06
34 -0.75 2.19908e-02 2.63730e-06
54 -0.75 2.23419e-02 2.49850e-06
74 -0.75 2.24588e-02 3.29690e-06
94 -0.75 2.22564e-02 2.81745e-06
14 -0.50 2.20774e-02 5.14529e-06
34 -0.50 2.19257e-02 6.16025e-06
54 -0.50 2.23512e-02 3.90161e-06
74 -0.50 2.27596e-02 3.36704e-06
94 -0.50 2.18456e-02 3.82523e-06
14 -0.25 2.25216e-02 5.90478e-06
34 -0.25 2.22304e-02 4.06037e-06
54 -0.25 2.20643e-02 3.48016e-06
74 -0.25 2.20978e-02 3.86833e-06
94 -0.25 2.19983e-02 5.32381e-06
14 0.00 2.14084e-02 2.16386e-06
34 0.00 2.23879e-02 8.19940e-06
54 0.00 2.23515e-02 3.45561e-06
74 0.00 2.25448e-02 3.28603e-06
94 0.00 2.25575e-02 7.53389e-06
14 0.25 2.31477e-02 6.90296e-06
34 0.25 2.18915e-02 6.61790e-06
54 0.25 2.29548e-02 8.79344e-06
74 0.25 2.25424e-02 3.87808e-06
94 0.25 2.21283e-02 6.60118e-06
14 0.50 2.13431e-02 2.91489e-06
34 0.50 2.18709e-02 4.08277e-06
54 0.50 2.29012e-02 4.01630e-06
74 0.50 2.19128e-02 4.28608e-06
94 0.50 2.16985e-02 2.07471e-06
14 0.75 2.25212e-02 7.15037e-06
34 0.75 2.19286e-02 3.87133e-06
54 0.75 2.23676e-02 9.10449e-06
74 0.75 2.23180e-02 3.95842e-06
94 0.75 2.18524e-02 5.29841e-06
14 1.00 2.16960e-02 4.34122e-06
34 1.00 2.12485e-02 4.68027e-06
54 1.00 2.26330e-02 4.31633e-06
74 1.00 2.29956e-02 1.58382e-05
94 1.00 2.17159e-02 3.38785e-06
15 -1.00 2.27856e-02 4.15425e-06
35 -1.00 2.19385e-02 5.58533e-06
55 -1.00 2.12049e-02 2.90121e-06
75 -1.00 2.15873e-02 6.42137e-06
95 -1.00 2.22433e-02 5.42595e-06
15 -0.75 2.11838e-02 3.03538e-06
35 -0.75 2.22601e-02 5.63692e-06
55 -0.75 2.12528e-02 4.01800e-06
75 -0.75 2.12393e-02 3.46174e-06
95 -0.75 2.19214e-02 4.62582e-06
15 -0.50 2.14421e-02 2.59671e-06
35 -0.50 2.21130e-02 4.34204e-06
55 -0.50 2.16144e-02 6.21070e-06
75 -0.50 2.16774e-02 1.03677e-05
95 -0.50 2.19127e-02 4.86145e-06
15 -0.25 2.12346e-02 4.04875e-06
35 -0.25 2.12370e-02 3.45503e-06
55 -0.25 2.13401e-02 7.96275e-06
75 -0.25 2.11053e-02 3.65117e-06
95 -0.25 2.18374e-02 3.39975e-06
15 0.00 2.14287e-02 4.20717e-06
35 0.00 2.16996e-02 7.83258e-06
55 0.00 2.09188e-02 3.99193e-06
75 0.00 2.11811e-02 5.97624e-06
95 0.00 2.16700e-02 2.69225e-06
15 0.25 2.11322e-02 4.32298e-06
35 0.25 2.20403e-02 4.71182e-06
55 0.25 2.18737e-02 5.17543e-06
75 0.25 2.11935e-02 4.39553e-06
95 0.25 2.16998e-02 4.79871e-06
15 0.50 2.13640e-02 4.93824e-06
35 0.50 2.22989e-02 6.90166e-06
55 0.50 2.15838e-02 9.40675e-06
75 0.50 2.11682e-02 3.81481e-06
95 0.50 2.18145e-02 8.74824e-06
15 0.75 2.11065e-02 5.84205e-06
35 0.75 2.17678e-02 4.02636e-06
55 0.75 2.12944e-02 5.50662e-06
75 0.75 2.13386e-02 8.84154e-06
95 0.75 2.17869e-02 6.23421e-06
15 1.00 2.18665e-02 5.30141e-06
35 1.00 2.19245e-02 6.38037e-06
55 1.00 2.09192e-02 4.21159e-06
75 1.00 2.15666e-02 7.18727e-06
95 1.00 2.16297e-02 4.54054e-06
16 -1.00 2.14050e-02 7.04785e-06
36 -1.00 2.23515e-02 4.32856e-06
56 -1.00 2.21262e-02 4.59708e-06
76 -1.00 2.22615e-02 4.80121e-06
96 -1.00 2.26506e-02 9.32198e-06
16 -0.75 2.16277e-02 3.70582e-06
36 -0.75 2.20710e-02 4.77505e-06
56 -0.75 2.20407e-02 4.72608e-06
76 -0.75 2.32827e-02 1.05855e-05
96 -0.75 2.32246e-02 4.85398e-06
16 -0.50 2.23084e-02 8.83582e-06
36 -0.50 2.19853e-02 3.76327e-06
56 -0.50 2.17184e-02 3.96097e-06
76 -0.50 2.26415e-02 1.52080e-05
96 -0.50 2.33196e-02 5.06853e-06
16 -0.25 2.16239e-02 2.93699e-06
36 -0.25 2.20349e-02 2.25525e-06
56 -0.25 2.15589e-02 5.40543e-06
76 -0.25 2.24381e-02 4.59498e-06
96 -0.25 2.24415e-02 5.37500e-06
16 0.00 2.20762e-02 5.74050e-06
36 0.00 2.27188e-02 9.46965e-06
56 0.00 2.17812e-02 4.29451e-06
76 0.00 2.33408e-02 7.23419e-06
96 0.00 2.17057e-02 3.00324e-06
16 0.25 2.20696e-02 5.10138e-06
36 0.25 2.27045e-02 6.74449e-06
56 0.25 2.13975e-02 4.25579e-06
76 0.25 2.25274e-02 5.54258e-06
96 0.25 2.24999e-02 5.81592e-06
16 0.50 2.11763e-02 3.39405e-06
36 0.50 2.17915e-02 4.46340e-06
56 0.50 2.12173e-02 2.41178e-06
76 0.50 2.22540e-02 7.18825e-06
96 0.50 2.26840e-02 5.32526e-06
16 0.75 2.12676e-02 3.11224e-06
36 0.75 2.18500e-02 3.10110e-06
56 0.75 2.10426e-02 2.46787e-06
76 0.75 2.18573e-02 2.16984e-06
96 0.75 2.23231e-02 4.97844e-06
16 1.00 2.21557e-02 9.47548e-06
36 1.00 2.16911e-02 4.97953e-06
56 1.00 2.20143e-02 6.94002e-06
76 1.00 2.19852e-02 4.08824e-06
96 1.00 2.20947e-02 5.11828e-06
17 -1.00 2.25653e-02 3.74909e-06
37 -1.00 2.11129e-02 2.57599e-06
57 -1.00 2.18246e-02 3.27756e-06
77 -1.00 2.19870e-02 3.92567e-06
97 -1.00 2.11768e-02 3.03823e-06
17 -0.75 2.22131e-02 4.06717e-06
37 -0.75 2.18382e-02 3.74870e-06
57 -0.75 2.17129e-02 2.29402e-06
77 -0.75 2.19081e-02 4.19710e-06
97 -0.75 2.17587e-02 5.12375e-06
17 -0.50 2.14523e-02 2.64870e-06
37 -0.50 2.11355e-02 3.05187e-06
57 -0.50 2.16685e-02 2.74912e-06
77 -0.50 2.16337e-02 3.07136e-06
97 -0.50 2.21549e-02 6.93239e-06
17 -0.25 2.20123e-02 3.83125e-06
37 -0.25 2.08445e-02 3.53889e-06
57 -0.25 2.13009e-02 3.44136e-06
77 -0.25 2.17782e-02 4.34629e-06
97 -0.25 2.17556e-02 5.86740e-06
17 0.00 2.15424e-02 4.69937e-06
37 0.00 2.10001e-02 3.76759e-06
57 0.00 2.21372e-02 4.87437e-06
77 0.00 2.14780e-02 3.19105e-06
97 0.00 2.15320e-02 4.36400e-06
17 0.25 2.18836e-02 4.77900e-06
37 0.25 2.12519e-02 4.14018e-06
57 0.25 2.20222e-02 9.34178e-06
77 0.25 2.13432e-02 3.17239e-06
97 0.25 2.12171e-02 2.37576e-06
17 0.50 2.19592e-02 3.13992e-06
37 0.50 2.10014e-02 4.28361e-06
57 0.50 2.15471e-02 5.05025e-06
77 0.50 2.12272e-02 2.77762e-06
97 0.50 2.12368e-02 4.07952e-06
17 0.75 2.15308e-02 5.66824e-06
37 0.75 2.13076e-02 5.39658e-06
57 0.75 2.10917e-02 3.40899e-06
77 0.75 2.14217e-02 4.53306e-06
97 0.75 2.11693e-02 3.98185e-06
17 1.00 2.15153e-02 4.89452e-06
37 1.00 2.13535e-02 6.34301e-06
57 1.00 2.19072e-02 4.39089e-06
77 1.00 2.20517e-02 6.59004e-06
97 1.00 2.12609e-02 4.60327e-06
18 -1.00 2.24712e-02 1.24901e-05
38 -1.00 2.14607e-02 3.76926e-06
58 -1.00 2.22861e-02 6.43653e-06
78 -1.00 2.13375e-02 2.40035e-06
98 -1.00 2.25120e-02 4.77062e-06
18 -0.75 2.14959e-02 8.51823e-06
38 -0.75 2.20105e-02 5.52641e-06
58 -0.75 2.22815e-02 4.41024e-06
78 -0.75 2.16037e-02 4.07094e-06
98 -0.75 2.21028e-02 4.86381e-06
18 -0.50 2.13605e-02 2.84031e-06
38 -0.50 2.15850e-02 4.39314e-06
58 -0.50 2.17985e-02 2.50872e-06
78 -0.50 2.17069e-02 4.84719e-06
98 -0.50 2.24863e-02 3.43094e-06
18 -0.25 2.13572e-02 5.78202e-06
38 -0.25 2.19077e-02 8.45830e-06
58 -0.25 2.15913e-02 6.91974e-06
78 -0.25 2.18402e-02 4.21250e-06
98 -0.25 2.25081e-02 3.73592e-06
18 0.00 2.15011e-02 3.25193e-06
38 0.00 2.17599e-02 2.86350e-06
58 0.00 2.16060e-02 4.84246e-06
78 0.00 2.21498e-02 8.07176e-06
98 0.00 2.26490e-02 8.53460e-06
18 0.25 2.14767e-02 6.05109e-06
38 0.25 2.18140e-02 4.53760e-06
58 0.25 2.18445e-02 4.52251e-06
78 0.25 2.17978e-02 4.27444e-06
98 0.25 2.23381e-02 3.38257e-06
18 0.50 2.10817e-02 3.01761e-06
38 0.50 2.15567e-02 5.87054e-06
58 0.50 2.16993e-02 4.86377e-06
78 0.50 2.10691e-02 3.14623e-06
98 0.50 2.30401e-02 8.56247e-06
18 0.75 2.12763e-02 2.48727e-06
38 0.75 2.11726e-02 2.56042e-06
58 0.75 2.17843e-02 4.28420e-06
78 0.75 2.10166e-02 4.04530e-06
98 0.75 2.20444e-02 3.97903e-06
18 1.00 2.10216e-02 5.63297e-06
38 1.00 2.13696e-02 3.29566e-06
58 1.00 2.12003e-02 3.00947e-06
78 1.00 2.16808e-02 4.65662e-06
98 1.00 2.21287e-02 3.26350e-06
19 -1.00 2.14148e-02 3.30890e-06
39 -1.00 2.15826e-02 5.39242e-06
59 -1.00 2.15690e-02 2.28867e-06
79 -1.00 2.24352e-02 5.42924e-06
99 -1.00 2.17108e-02 3.15259e-06
19 -0.75 2.20089e-02 5.02736e-06
39 -0.75 2.13571e-02 5.58341e-06
59 -0.75 2.15454e-02 4.10232e-06
79 -0.75 2.17827e-02 3.04375e-06
99 -0.75 2.15921e-02 4.37782e-06
19 -0.50 2.18978e-02 3.65984e-06
39 -0.50 2.14866e-02 2.95920e-06
59 -0.50 2.22273e-02 4.44926e-06
79 -0.50 2.22541e-02 5.01240e-06
99 -0.50 2.11050e-02 2.86597e-06
19 -0.25 2.12735e-02 2.89169e-06
39 -0.25 2.08884e-02 3.77127e-06
59 -0.25 2.23507e-02 8.16533e-06
79 -0.25 2.22678e-02 3.94269e-06
99 -0.25 2.13623e-02 5.21890e-06
19 0.00 2.18831e-02 4.27847e-06
39 0.00 2.08577e-02 3.34772e-06
59 0.00 2.11089e-02 2.51508e-06
79 0.00 2.23131e-02 1.04731e-05
99 0.00 2.12121e-02 3.93573e-06
19 0.25 2.16523e-02 3.50268e-06
39 0.25 2.12919e-02 6.33957e-06
59 0.25 2.16387e-02 5.43786e-06
79 0.25 2.11893e-02 3.16721e-06
99 0.25 2.14962e-02 3.67123e-06
19 0.50 2.15214e-02 2.91251e-06
39 0.50 2.10676e-02 2.83772e-06
59 0.50 2.10455e-02 2.65327e-06
79 0.50 2.10147e-02 4.00228e-06
99 0.50 2.09452e-02 3.26992e-06
19 0.75 2.13203e-02 3.63261e-06
39 0.75 2.11482e-02 5.90844e-06
59 0.75 2.15636e-02 5.91586e-06
79 0.75 2.16262e-02 4.56832e-06
99 0.75 2.03055e-02 2.44526e-06
19 1.00 2.11605e-02 4.36417e-06
39 1.00 2.11395e-02 4.21886e-06
59 1.00 2.17777e-02 6.67196e-06
79 1.00 2.17264e-02 1.28426e-05
99 1.00 2.11821e-02 2.74985e-06
1 -1.00 2.27472e-02 7.77877e-06
21 -1.00 2.19934e-02 3.79713e-06
41 -1.00 2.31849e-02 1.29476e-05
61 -1.00 2.15493e-02 4.09630e-06
81 -1.00 2.30868e-02 6.28523e-06
1 -0.75 2.31171e-02 5.81031e-06
21 -0.75 2.23895e-02 5.67079e-06
41 -0.75 2.17053e-02 3.10478e-06
61 -0.75 2.16362e-02 1.74819e-06
81 -0.75 2.29673e-02 4.77776e-06
1 -0.50 2.33498e-02 4.87574e-06
21 -0.50 2.19722e-02 4.25446e-06
41 -0.50 2.22293e-02 1.96071e-05
61 -0.50 2.12869e-02 2.21168e-06
81 -0.50 2.30076e-02 5.60517e-06
1 -0.25 2.32595e-02 7.77716e-06
21 -0.25 2.22985e-02 3.80423e-06
41 -0.25 2.21378e-02 9.71891e-06
61 -0.25 2.11469e-02 2.46531e-06
81 -0.25 2.20929e-02 4.44637e-06
1 0.00 2.29056e-02 4.75398e-06
21 0.00 2.21337e-02 4.36328e-06
41 0.00 2.17242e-02 3.96268e-06
61 0.00 2.14881e-02 2.94737e-06
81 0.00 2.27239e-02 6.44951e-06
1 0.25 2.27316e-02 6.96791e-06
21 0.25 2.18277e-02 1.15839e-05
41 0.25 2.18650e-02 4.80879e-06
61 0.25 2.15428e-02 4.76096e-06
81 0.25 2.24795e-02 3.82990e-06
1 0.50 2.29339e-02 5.43257e-06
21 0.50 2.19609e-02 4.25544e-06
41 0.50 2.17488e-02 8.34724e-06
61 0.50 2.16226e-02 6.67621e-06
81 0.50 2.19519e-02 4.15843e-06
1 0.75 2.28756e-02 7.03647e-06
21 0.75 2.16008e-02 4.40852e-06
41 0.75 2.21697e-02 7.70255e-06
61 0.75 2.19140e-02 6.31581e-06
81 0.75 2.20911e-02 4.85061e-06
1 1.00 2.31163e-02 7.40757e-06
21 1.00 2.17367e-02 3.99339e-06
41 1.00 2.18991e-02 8.22568e-06
61 1.00 2.17439e-02 4.28344e-06
81 1.00 2.24734e-02 6.56175e-06
20 -1.00 2.18881e-02 5.83587e-06
40 -1.00 2.17322e-02 3.77064e-06
60 -1.00 2.20907e-02 2.39954e-06
80 -1.00 2.30152e-02 3.84099e-06
100 -1.00 2.21465e-02 4.63250e-06
20 -0.75 2.23052e-02 7.24428e-06
40 -0.75 2.22137e-02 8.62914e-06
60 -0.75 2.22949e-02 3.18492e-06
80 -0.75 2.24442e-02 3.31249e-06
100 -0.75 2.20166e-02 4.14960e-06
20 -0.50 2.17838e-02 3.94685e-06
40 -0.50 2.19833e-02 3.02168e-06
60 -0.50 2.24931e-02 2.84062e-06
80 -0.50 2.26914e-02 3.50988e-06
100 -0.50 2.19980e-02 4.05028e-06
20 -0.25 2.18992e-02 2.28677e-06
40 -0.25 2.20298e-02 6.08942e-06
60 -0.25 2.28039e-02 9.19725e-06
80 -0.25 2.28739e-02 3.42937e-06
100 -0.25 2.30650e-02 1.77611e-05
20 0.00 2.24591e-02 5.54749e-06
40 0.00 2.14739e-02 4.57596e-06
60 0.00 2.21082e-02 3.79593e-06
80 0.00 2.27792e-02 3.64951e-06
100 0.00 2.17802e-02 4.22102e-06
20 0.25 2.20150e-02 3.01351e-06
40 0.25 2.18029e-02 3.95321e-06
60 0.25 2.21562e-02 3.10467e-06
80 0.25 2.27343e-02 4.14788e-06
100 0.25 2.17569e-02 2.46873e-06
20 0.50 2.19316e-02 6.30634e-06
40 0.50 2.16184e-02 6.72939e-06
60 0.50 2.21024e-02 3.47029e-06
80 0.50 2.25942e-02 4.68255e-06
100 0.50 2.16602e-02 3.33934e-06
20 0.75 2.17064e-02 3.70596e-06
40 0.75 2.15785e-02 4.58188e-06
60 0.75 2.19888e-02 4.02219e-06
80 0.75 2.27828e-02 5.75242e-06
100 0.75 2.22983e-02 5.40304e-06
20 1.00 2.11529e-02 2.43796e-06
40 1.00 2.22144e-02 8.45164e-06
60 1.00 2.28750e-02 7.21146e-06
80 1.00 2.24778e-02 3.82222e-06
100 1.00 2.18896e-02 4.06308e-06
2 -1.00 2.26649e-02 6.09458e-06
22 -1.00 2.17893e-02 2.72168e-06
42 -1.00 2.21013e-02 8.96613e-06
62 -1.00 2.33623e-02 9.07448e-06
82 -1.00 2.19248e-02 6.10562e-06
2 -0.75 2.22864e-02 4.75661e-06
22 -0.75 2.21403e-02 3.67705e-06
42 -0.75 2.11599e-02 3.57561e-06
62 -0.75 2.28569e-02 3.82088e-06
82 -0.75 2.15590e-02 6.16890e-06
2 -0.50 2.19429e-02 4.95990e-06
22 -0.50 2.21482e-02 4.60990e-06
42 -0.50 2.18133e-02 4.48231e-06
62 -0.50 2.26501e-02 5.26148e-06
82 -0.50 2.16328e-02 7.22134e-06
2 -0.25 2.23151e-02 3.44477e-06
22 -0.25 2.18272e-02 5.55346e-06
42 -0.25 2.16862e-02 4.39508e-06
62 -0.25 2.22870e-02 3.29646e-06
82 -0.25 2.15870e-02 4.41110e-06
2 0.00 2.18429e-02 3.90109e-06
22 0.00 2.17184e-02 5.86958e-06
42 0.00 2.14118e-02 4.13708e-06
62 0.00 2.21159e-02 7.66725e-06
82 0.00 2.13319e-02 5.36151e-06
2 0.25 2.22502e-02 6.46561e-06
22 0.25 2.16861e-02 3.07022e-06
42 0.25 2.20375e-02 5.40503e-06
62 0.25 2.24413e-02 4.99221e-06
82 0.25 2.11301e-02 6.57018e-06
2 0.50 2.19370e-02 4.38821e-06
22 0.50 2.18832e-02 4.03642e-06
42 0.50 2.19529e-02 8.43974e-06
62 0.50 2.17351e-02 7.25601e-06
82 0.50 2.12484e-02 3.20903e-06
2 0.75 2.17906e-02 4.82943e-06
22 0.75 2.14265e-02 6.58478e-06
42 0.75 2.17622e-02 6.43308e-06
62 0.75 2.21285e-02 4.23581e-06
82 0.75 2.05677e-02 3.12377e-06
2 1.00 2.16481e-02 5.33033e-06
22 1.00 2.14345e-02 3.73467e-06
42 1.00 2.12453e-02 3.08132e-06
62 1.00 2.26386e-02 1.37508e-05
82 1.00 2.11223e-02 3.87614e-06
3 -1.00 2.22910e-02 4.42930e-06
23 -1.00 2.20006e-02 3.88788e-06
43 -1.00 2.21928e-02 5.70491e-06
63 -1.00 2.20295e-02 2.73500e-06
83 -1.00 2.20421e-02 7.40047e-06
3 -0.75 2.13763e-02 3.46681e-06
23 -0.75 2.22567e-02 4.99892e-06
43 -0.75 2.17559e-02 4.76481e-06
63 -0.75 2.20305e-02 4.36244e-06
83 -0.75 2.16431e-02 6.06564e-06
3 -0.50 2.16239e-02 3.91443e-06
23 -0.50 2.20349e-02 3.70310e-06
43 -0.50 2.16825e-02 4.24998e-06
63 -0.50 2.20917e-02 2.68661e-06
83 -0.50 2.19397e-02 5.30546e-06
3 -0.25 2.17760e-02 5.81534e-06
23 -0.25 2.14958e-02 3.74208e-06
43 -0.25 2.16593e-02 3.84369e-06
63 -0.25 2.16362e-02 5.53926e-06
83 -0.25 2.13769e-02 2.98245e-06
3 0.00 2.11622e-02 2.55299e-06
23 0.00 2.22940e-02 5.26613e-06
43 0.00 2.18675e-02 3.72094e-06
63 0.00 2.15658e-02 3.35934e-06
83 0.00 2.11058e-02 3.66969e-06
3 0.25 2.15760e-02 2.54402e-06
23 0.25 2.23160e-02 5.71336e-06
43 0.25 2.13271e-02 3.89137e-06
63 0.25 2.19446e-02 2.75569e-06
83 0.25 2.14080e-02 4.96759e-06
3 0.50 2.12775e-02 6.52623e-06
23 0.50 2.16380e-02 5.34700e-06
43 0.50 2.15073e-02 4.99559e-06
63 0.50 2.23424e-02 3.58081e-06
83 0.50 2.08621e-02 4.07099e-06
3 0.75 2.10464e-02 6.60260e-06
23 0.75 2.18699e-02 5.03449e-06
43 0.75 2.20190e-02 4.49204e-06
63 0.75 2.18319e-02 4.79408e-06
83 0.75 2.03207e-02 4.91386e-06
3 1.00 2.17515e-02 7.56858e-06
23 1.00 2.12245e-02 5.20118e-06
43 1.00 2.19213e-02 6.39757e-06
63 1.00 2.21817e-02 6.69227e-06
83 1.00 2.08300e-02 3.75658e-06
4 -1.00 2.27312e-02 1.14247e-05
24 -1.00 2.23987e-02 5.99500e-06
44 -1.00 2.13483e-02 2.54488e-06
64 -1.00 2.23053e-02 3.49517e-06
84 -1.00 2.24456e-02 3.30837e-06
4 -0.75 2.17770e-02 2.82978e-06
24 -0.75 2.21566e-02 3.77478e-06
44 -0.75 2.12401e-02 2.33019e-06
64 -0.75 2.24416e-02 3.61828e-06
84 -0.75 2.25938e-02 5.40766e-06
4 -0.50 2.18954e-02 3.56851e-06
24 -0.50 2.22582e-02 3.36583e-06
44 -0.50 2.13570e-02 3.90777e-06
64 -0.50 2.20669e-02 3.18482e-06
84 -0.50 2.29089e-02 7.19882e-06
4 -0.25 2.18867e-02 4.69337e-06
24 -0.25 2.20595e-02 4.95291e-06
44 -0.25 2.10697e-02 4.00264e-06
64 -0.25 2.18121e-02 2.90894e-06
84 -0.25 2.25868e-02 5.24138e-06
4 0.00 2.21364e-02 8.95033e-06
24 0.00 2.15782e-02 3.79145e-06
44 0.00 2.17433e-02 5.77323e-06
64 0.00 2.21269e-02 3.51610e-06
84 0.00 2.20271e-02 4.55409e-06
4 0.25 2.21524e-02 6.85785e-06
24 0.25 2.16816e-02 3.03612e-06
44 0.25 2.17758e-02 4.25968e-06
64 0.25 2.26353e-02 4.50406e-06
84 0.25 2.23236e-02 1.56317e-05
4 0.50 2.20033e-02 4.33052e-06
24 0.50 2.21942e-02 8.30243e-06
44 0.50 2.13113e-02 4.86601e-06
64 0.50 2.20227e-02 3.20036e-06
84 0.50 2.25242e-02 7.13092e-06
4 0.75 2.19253e-02 1.12333e-05
24 0.75 2.21277e-02 7.06681e-06
44 0.75 2.11087e-02 2.84875e-06
64 0.75 2.18353e-02 3.45951e-06
84 0.75 2.16121e-02 3.52381e-06
4 1.00 2.20902e-02 5.49857e-06
24 1.00 2.11929e-02 3.13513e-06
44 1.00 2.10380e-02 3.62720e-06
64 1.00 2.19379e-02 3.96261e-06
84 1.00 2.23128e-02 9.59049e-06
5 -1.00 2.17515e-02 4.09622e-06
25 -1.00 2.25226e-02 4.02971e-06
45 -1.00 2.11766e-02 2.88180e-06
65 -1.00 2.17930e-02 2.33299e-06
85 -1.00 2.20984e-02 2.99044e-06
5 -0.75 2.24586e-02 3.99964e-06
25 -0.75 2.30885e-02 4.15539e-06
45 -0.75 2.13711e-02 4.96227e-06
65 -0.75 2.28707e-02 1.45446e-05
85 -0.75 2.25803e-02 6.42786e-06
5 -0.50 2.23009e-02 5.62183e-06
25 -0.50 2.22725e-02 7.08554e-06
45 -0.50 2.09692e-02 3.47945e-06
65 -0.50 2.20174e-02 2.11539e-06
85 -0.50 2.21403e-02 3.98061e-06
5 -0.25 2.28326e-02 1.10513e-05
25 -0.25 2.22509e-02 3.94599e-06
45 -0.25 2.13858e-02 6.02416e-06
65 -0.25 2.19799e-02 3.52201e-06
85 -0.25 2.23890e-02 7.05978e-06
5 0.00 2.17314e-02 4.57002e-06
25 0.00 2.16565e-02 3.63690e-06
45 0.00 2.09246e-02 2.57938e-06
65 0.00 2.18019e-02 4.49379e-06
85 0.00 2.13558e-02 3.28538e-06
5 0.25 2.19080e-02 5.98476e-06
25 0.25 2.20623e-02 2.39783e-06
45 0.25 2.10600e-02 2.27999e-06
65 0.25 2.23091e-02 3.90255e-06
85 0.25 2.20070e-02 4.79839e-06
5 0.50 2.18703e-02 4.08983e-06
25 0.50 2.22492e-02 9.19421e-06
45 0.50 2.12843e-02 4.90909e-06
65 0.50 2.20799e-02 4.37096e-06
85 0.50 2.20629e-02 3.31804e-06
5 0.75 2.12292e-02 1.94931e-06
25 0.75 2.21792e-02 4.75633e-06
45 0.75 2.10103e-02 4.32157e-06
65 0.75 2.16966e-02 3.16474e-06
85 0.75 2.14736e-02 6.34926e-06
5 1.00 2.22487e-02 8.88238e-06
25 1.00 2.22925e-02 3.93900e-06
45 1.00 2.18549e-02 1.37663e-05
65 1.00 2.17823e-02 4.44603e-06
85 1.00 2.19248e-02 6.96754e-06
6 -1.00 2.20170e-02 2.50033e-06
26 -1.00 2.19130e-02 5.53273e-06
46 -1.00 2.16197e-02 4.91419e-06
66 -1.00 2.20143e-02 4.29853e-06
86 -1.00 2.31569e-02 5.05886e-06
6 -0.75 2.22118e-02 4.00188e-06
26 -0.75 2.14075e-02 1.85678e-06
46 -0.75 2.10423e-02 4.22699e-06
66 -0.75 2.20029e-02 3.95754e-06
86 -0.75 2.37976e-02 4.80362e-06
6 -0.50 2.23578e-02 5.43156e-06
26 -0.50 2.22747e-02 7.04585e-06
46 -0.50 2.12660e-02 4.29818e-06
66 -0.50 2.23558e-02 8.31972e-06
86 -0.50 2.38695e-02 6.70212e-06
6 -0.25 2.20722e-02 2.81145e-06
26 -0.25 2.14012e-02 3.36256e-06
46 -0.25 2.09562e-02 4.45589e-06
66 -0.25 2.10598e-02 2.43614e-06
86 -0.25 2.37677e-02 5.92080e-06
6 0.00 2.24114e-02 8.29227e-06
26 0.00 2.14898e-02 3.58191e-06
46 0.00 2.13632e-02 5.79342e-06
66 0.00 2.18498e-02 4.27386e-06
86 0.00 2.34522e-02 7.87767e-06
6 0.25 2.24280e-02 9.07132e-06
26 0.25 2.14170e-02 3.66597e-06
46 0.25 2.11309e-02 4.39195e-06
66 0.25 2.16881e-02 6.58034e-06
86 0.25 2.29517e-02 9.49803e-06
6 0.50 2.25836e-02 7.50715e-06
26 0.50 2.20183e-02 6.59160e-06
46 0.50 2.13048e-02 5.35682e-06
66 0.50 2.12514e-02 3.08059e-06
86 0.50 2.27514e-02 3.84992e-06
6 0.75 2.22346e-02 6.18739e-06
26 0.75 2.15151e-02 3.82705e-06
46 0.75 2.05086e-02 2.82103e-06
66 0.75 2.16641e-02 3.02519e-06
86 0.75 2.29468e-02 8.21187e-06
6 1.00 2.22707e-02 9.96862e-06
26 1.00 2.12511e-02 7.93363e-06
46 1.00 2.17041e-02 7.70449e-06
66 1.00 2.09854e-02 3.29609e-06
86 1.00 2.32350e-02 4.97948e-06
7 -1.00 2.24407e-02 1.11259e-05
27 -1.00 2.08256e-02 2.78860e-06
47 -1.00 2.17495e-02 4.92880e-06
67 -1.00 2.26562e-02 4.17613e-06
87 -1.00 2.17253e-02 4.42831e-06
7 -0.75 2.21592e-02 5.56531e-06
27 -0.75 2.18054e-02 7.45605e-06
47 -0.75 2.14667e-02 3.49721e-06
67 -0.75 2.26656e-02 9.29503e-06
87 -0.75 2.18354e-02 3.50393e-06
7 -0.50 2.19319e-02 3.82712e-06
27 -0.50 2.07261e-02 3.24773e-06
47 -0.50 2.19102e-02 6.37116e-06
67 -0.50 2.22997e-02 2.44951e-06
87 -0.50 2.18781e-02 7.32079e-06
7 -0.25 2.20923e-02 4.65878e-06
27 -0.25 2.11894e-02 7.45152e-06
47 -0.25 2.18769e-02 7.49773e-06
67 -0.25 2.19595e-02 3.07493e-06
87 -0.25 2.15154e-02 3.22098e-06
7 0.00 2.23966e-02 9.81502e-06
27 0.00 2.10068e-02 5.59754e-06
47 0.00 2.18251e-02 3.92297e-06
67 0.00 2.20991e-02 5.97517e-06
87 0.00 2.20950e-02 4.32045e-06
7 0.25 2.21506e-02 9.27350e-06
27 0.25 1.97258e-02 2.26655e-06
47 0.25 2.11654e-02 3.72243e-06
67 0.25 2.24712e-02 4.45315e-06
87 0.25 2.21457e-02 8.12549e-06
7 0.50 2.20894e-02 5.98495e-06
27 0.50 2.09191e-02 6.96112e-06
47 0.50 2.12496e-02 4.89313e-06
67 0.50 2.20198e-02 5.46376e-06
87 0.50 2.12122e-02 2.90118e-06
7 0.75 2.14814e-02 6.93620e-06
27 0.75 2.05040e-02 4.14067e-06
47 0.75 2.14382e-02 4.96777e-06
67 0.75 2.20727e-02 4.88495e-06
87 0.75 2.17810e-02 2.44395e-06
7 1.00 2.16626e-02 2.74008e-06
27 1.00 2.06248e-02 5.43182e-06
47 1.00 2.13591e-02 4.97559e-06
67 1.00 2.23069e-02 7.06361e-06
87 1.00 2.16093e-02 3.76999e-06
8 -1.00 2.36056e-02 6.34684e-06
28 -1.00 2.21420e-02 3.04199e-06
48 -1.00 2.15648e-02 4.47745e-06
68 -1.00 2.19269e-02 3.34284e-06
88 -1.00 2.10008e-02 2.50022e-06
8 -0.75 2.30083e-02 5.27233e-06
28 -0.75 2.18084e-02 3.29139e-06
48 -0.75 2.16315e-02 2.63564e-06
68 -0.75 2.17049e-02 7.58549e-06
88 -0.75 2.15964e-02 4.00549e-06
8 -0.50 2.32181e-02 4.52912e-06
28 -0.50 2.25363e-02 6.08546e-06
48 -0.50 2.15318e-02 3.27093e-06
68 -0.50 2.26459e-02 4.54980e-06
88 -0.50 2.16148e-02 7.27513e-06
8 -0.25 2.32237e-02 8.42419e-06
28 -0.25 2.16705e-02 3.17879e-06
48 -0.25 2.14482e-02 3.27886e-06
68 -0.25 2.24941e-02 5.15107e-06
88 -0.25 2.14636e-02 5.55253e-06
8 0.00 2.27510e-02 3.10408e-06
28 0.00 2.20216e-02 1.22762e-05
48 0.00 2.15167e-02 4.65358e-06
68 0.00 2.20931e-02 2.61602e-06
88 0.00 2.15983e-02 4.69079e-06
8 0.25 2.39479e-02 8.22873e-06
28 0.25 2.20168e-02 3.26469e-06
48 0.25 2.11574e-02 4.99026e-06
68 0.25 2.17890e-02 4.78395e-06
88 0.25 2.14157e-02 5.52057e-06
8 0.50 2.26466e-02 5.39485e-06
28 0.50 2.16999e-02 5.87352e-06
48 0.50 2.22391e-02 6.87328e-06
68 0.50 2.16449e-02 6.80465e-06
88 0.50 2.12438e-02 4.60896e-06
8 0.75 2.22676e-02 3.23421e-06
28 0.75 2.12773e-02 3.08852e-06
48 0.75 2.11767e-02 6.02126e-06
68 0.75 2.12759e-02 3.20368e-06
88 0.75 2.10764e-02 3.23891e-06
8 1.00 2.28583e-02 8.25567e-06
28 1.00 2.20984e-02 6.55050e-06
48 1.00 2.15614e-02 5.39494e-06
68 1.00 2.24484e-02 8.47681e-06
88 1.00 2.07837e-02 5.85647e-06
9 -1.00 2.15967e-02 2.85780e-06
29 -1.00 2.18160e-02 5.79748e-06
49 -1.00 2.24892e-02 2.96949e-06
69 -1.00 2.28301e-02 4.91923e-06
89 -1.00 2.18685e-02 3.44833e-06
9 -0.75 2.20724e-02 6.19275e-06
29 -0.75 2.14920e-02 3.45597e-06
49 -0.75 2.28497e-02 3.48989e-06
69 -0.75 2.19119e-02 2.89233e-06
89 -0.75 2.22862e-02 5.58756e-06
9 -0.50 2.21842e-02 4.59807e-06
29 -0.50 2.13752e-02 2.87439e-06
49 -0.50 2.26992e-02 2.41726e-06
69 -0.50 2.20386e-02 3.12861e-06
89 -0.50 2.14762e-02 4.20508e-06
9 -0.25 2.16316e-02 6.39321e-06
29 -0.25 2.18575e-02 6.86964e-06
49 -0.25 2.31591e-02 9.01331e-06
69 -0.25 2.20278e-02 3.20187e-06
89 -0.25 2.19772e-02 6.99140e-06
9 0.00 2.21204e-02 3.91934e-06
29 0.00 2.17262e-02 3.92380e-06
49 0.00 2.26607e-02 4.43923e-06
69 0.00 2.23496e-02 3.65778e-06
89 0.00 2.19995e-02 1.04138e-05
9 0.25 2.19738e-02 4.57442e-06
29 0.25 2.17816e-02 4.78063e-06
49 0.25 2.30021e-02 5.35909e-06
69 0.25 2.21505e-02 4.43952e-06
89 0.25 2.16078e-02 4.40397e-06
9 0.50 2.21633e-02 4.96752e-06
29 0.50 2.16435e-02 5.05944e-06
49 0.50 2.25795e-02 6.42142e-06
69 0.50 2.20080e-02 4.17059e-06
89 0.50 2.21537e-02 7.27547e-06
9 0.75 2.24640e-02 7.58888e-06
29 0.75 2.11316e-02 2.44943e-06
49 0.75 2.24440e-02 7.12338e-06
69 0.75 2.17101e-02 3.84939e-06
89 0.75 2.19577e-02 4.23381e-06
9 1.00 2.17840e-02 6.15862e-06
29 1.00 2.24187e-02 8.52028e-06
49 1.00 2.26913e-02 7.54122e-06
69 1.00 2.23332e-02 3.69983e-06
89 1.00 2.19388e-02 5.93667e-06
101 -1.00 2.128126780423e-02 4.3453724e-07
103 -1.00 2.209861101873e-02 2.7835361e-07
105 -1.00 2.269100618994e-02 7.3556627e-07
107 -1.00 2.201850218883e-02 7.1905140e-07
109 -1.00 2.146161412126e-02 4.1055816e-07
111 -1.00 2.138452318930e-02 8.0316783e-07
113 -1.00 2.169666488752e-02 9.5887590e-07
115 -1.00 2.242349715401e-02 5.5348389e-07
117 -1.00 2.153312402634e-02 1.5259090e-06
119 -1.00 2.230420918535e-02 6.6062543e-07
121 -1.00 2.158554319923e-02 8.6311100e-07
123 -1.00 2.116612091368e-02 4.2968120e-07
125 -1.00 2.250756017779e-02 6.1489442e-07
127 -1.00 2.174727305011e-02 3.9843313e-07
129 -1.00 2.117144692794e-02 1.2411509e-06
131 -1.00 2.271338838669e-02 5.3141714e-07
133 -1.00 2.184769521895e-02 8.5258386e-07
135 -1.00 2.279379971932e-02 1.4304862e-06
137 -1.00 2.135345825266e-02 5.6741944e-07
139 -1.00 2.295704679689e-02 3.3219550e-07
141 -1.00 2.210889332815e-02 5.3400210e-07
143 -1.00 2.184672108997e-02 1.3619359e-06
145 -1.00 2.207408335964e-02 1.3044809e-06
147 -1.00 2.194232978057e-02 6.3453901e-07
149 -1.00 2.220380644471e-02 7.4318121e-07
151 -1.00 2.210298652873e-02 1.0075858e-06
153 -1.00 2.245664168812e-02 3.4013164e-07
155 -1.00 2.322485369513e-02 1.0862150e-06
157 -1.00 2.289748577131e-02 8.3504381e-07
159 -1.00 2.285598621299e-02 2.5570984e-06
161 -1.00 2.135344935023e-02 8.6922804e-07
163 -1.00 2.285879332395e-02 1.2463096e-06
165 -1.00 2.200135185328e-02 6.4537031e-07
167 -1.00 2.204895663545e-02 7.9235861e-07
169 -1.00 2.197655149573e-02 4.9116183e-07
171 -1.00 2.171822352818e-02 5.9182144e-07
173 -1.00 2.248713605945e-02 9.5990682e-07
175 -1.00 2.332755666976e-02 2.0204958e-06
177 -1.00 2.196127272618e-02 4.3266403e-07
179 -1.00 2.119680027812e-02 2.0686051e-07
181 -1.00 2.305200020769e-02 9.9921198e-07
183 -1.00 2.165565877140e-02 2.1476049e-07
185 -1.00 2.218901628281e-02 8.3079432e-07
187 -1.00 2.259423982803e-02 8.6795183e-07
189 -1.00 2.215127351200e-02 9.2881586e-07
191 -1.00 2.243515242082e-02 9.8602399e-07
193 -1.00 2.264616299448e-02 9.5716302e-07
195 -1.00 2.182777704222e-02 1.3089297e-06
197 -1.00 2.226416553349e-02 4.8683268e-07
199 -1.00 2.168846170158e-02 6.6585184e-07
201 -1.00 2.206741501813e-02 1.9032982e-06
203 -1.00 2.251793260044e-02 2.0068035e-06
205 -1.00 2.221905822322e-02 8.4187696e-07
207 -1.00 2.329276126836e-02 5.9835122e-07
209 -1.00 2.233949708916e-02 1.7168796e-06
211 -1.00 2.225058711101e-02 6.4323157e-07
213 -1.00 2.308814553421e-02 7.9585950e-07
215 -1.00 2.152557945494e-02 8.4734108e-07
217 -1.00 2.179132333661e-02 8.3079153e-07
219 -1.00 2.182979345871e-02 1.0971766e-06
221 -1.00 2.180778281269e-02 4.6692126e-07
223 -1.00 2.261243812304e-02 1.0113106e-06
225 -1.00 2.194626301004e-02 8.1468627e-07
227 -1.00 2.244174279375e-02 7.4839772e-07
229 -1.00 2.215879344138e-02 2.5644708e-07
231 -1.00 2.068167264867e-02 6.8840318e-07
233 -1.00 2.262222202908e-02 2.4332833e-06
235 -1.00 2.371276762641e-02 1.4761472e-06
237 -1.00 2.214815410773e-02 2.3623883e-07
239 -1.00 2.170901497482e-02 1.1012397e-06
241 -1.00 2.167137529197e-02 6.4183175e-07
243 -1.00 2.184328233765e-02 7.3553372e-07
245 -1.00 2.161136488129e-02 6.3131456e-07
247 -1.00 2.300571986908e-02 9.5627075e-07
249 -1.00 2.214877345002e-02 8.4879628e-07
251 -1.00 2.159450942260e-02 3.1059100e-07
253 -1.00 2.167880289462e-02 1.6705915e-07
255 -1.00 2.221752466765e-02 5.1299679e-07
257 -1.00 2.080577480758e-02 5.9945852e-07
259 -1.00 2.114931539756e-02 5.6270991e-07
261 -1.00 2.168979760370e-02 5.3100019e-07
263 -1.00 2.253286844923e-02 1.3407172e-06
265 -1.00 2.206814240462e-02 1.0272576e-06
267 -1.00 2.164688095150e-02 7.2095803e-07
269 -1.00 2.284635196820e-02 2.8098396e-06
271 -1.00 2.219074339885e-02 7.1625570e-07
273 -1.00 2.154611484192e-02 4.9744580e-07
275 -1.00 2.167537289453e-02 6.6357677e-07
277 -1.00 2.119863419828e-02 5.2621870e-07
279 -1.00 2.119167038361e-02 3.6187390e-07
281 -1.00 2.172585369486e-02 8.5856854e-07
283 -1.00 2.313896660223e-02 1.0085246e-06
285 -1.00 2.287691144612e-02 2.2056166e-06
287 -1.00 2.178843000307e-02 5.8828449e-07
289 -1.00 2.237917410090e-02 1.8409657e-06
291 -1.00 2.228991119895e-02 9.9010442e-07
293 -1.00 2.158647828110e-02 5.9084681e-07
295 -1.00 2.230387992311e-02 8.0106608e-07
297 -1.00 2.324049106825e-02 2.8640592e-07
299 -1.00 2.237359496507e-02 8.6615750e-07
101 -0.75 2.338900519276e-02 1.7048283e-06
103 -0.75 2.212726539415e-02 9.2697205e-07
105 -0.75 2.235336704430e-02 3.9778801e-07
107 -0.75 2.176544021386e-02 5.3025362e-07
109 -0.75 2.181526491297e-02 2.1137922e-07
111 -0.75 2.123472665495e-02 6.6973154e-07
113 -0.75 2.168892291006e-02 1.4185214e-06
115 -0.75 2.232001098179e-02 4.7164173e-07
117 -0.75 2.136194177004e-02 2.6667960e-07
119 -0.75 2.205601305427e-02 7.3631487e-07
121 -0.75 2.223140559526e-02 7.5048434e-07
123 -0.75 2.152231529819e-02 2.8152414e-07
125 -0.75 2.234849515375e-02 5.6169560e-07
127 -0.75 2.196102547589e-02 1.6373206e-06
129 -0.75 2.146340140416e-02 1.7730294e-06
131 -0.75 2.244305208164e-02 2.8139129e-06
133 -0.75 2.219774580077e-02 1.0350561e-06
135 -0.75 2.305201810585e-02 3.5774791e-07
137 -0.75 2.198903167230e-02 6.5684849e-07
139 -0.75 2.238390149563e-02 1.0008890e-06
141 -0.75 2.251950652560e-02 1.9950255e-06
143 -0.75 2.202033956309e-02 3.3856404e-07
145 -0.75 2.191521027745e-02 6.1491497e-07
147 -0.75 2.218557857996e-02 7.8064831e-07
149 -0.75 2.209936377650e-02 5.7214261e-07
151 -0.75 2.206940021807e-02 7.9962031e-07
153 -0.75 2.245418457723e-02 8.6187159e-07
155 -0.75 2.297737924268e-02 2.6435593e-07
157 -0.75 2.286495881689e-02 4.4460623e-06
159 -0.75 2.246921685778e-02 1.1295515e-06
161 -0.75 2.207588587957e-02 1.1128691e-06
163 -0.75 2.203878350892e-02 4.6885454e-07
165 -0.75 2.215193651671e-02 8.7475373e-07
167 -0.75 2.209295783065e-02 8.0524666e-07
169 -0.75 2.183884296979e-02 5.9555638e-07
171 -0.75 2.184061431727e-02 5.1120140e-07
173 -0.75 2.212746577704e-02 2.3452942e-06
175 -0.75 2.290265991664e-02 1.2913934e-06
177 -0.75 2.201740351606e-02 3.8158171e-07
179 -0.75 2.076533514503e-02 6.6123082e-07
181 -0.75 2.286396251058e-02 7.5107550e-07
183 -0.75 2.153190272887e-02 6.2563617e-07
185 -0.75 2.250804840729e-02 7.9171614e-07
187 -0.75 2.239148469936e-02 5.6577302e-07
189 -0.75 2.162748140764e-02 7.4365500e-07
191 -0.75 2.196959321443e-02 6.1898263e-07
193 -0.75 2.255964948452e-02 3.6736076e-07
195 -0.75 2.223896504473e-02 6.6628486e-07
197 -0.75 2.146344815941e-02 6.4321158e-07
199 -0.75 2.108465591027e-02 6.7601707e-07
201 -0.75 2.117289269041e-02 2.9240369e-07
203 -0.75 2.180720251020e-02 2.6937915e-07
205 -0.75 2.255118422848e-02 1.8751857e-06
207 -0.75 2.348821290155e-02 1.7983963e-06
209 -0.75 2.168371386598e-02 1.9049028e-07
211 -0.75 2.225868784712e-02 5.1987949e-07
213 -0.75 2.323166074839e-02 1.1382672e-06
215 -0.75 2.230455153255e-02 9.3126341e-07
217 -0.75 2.181754311985e-02 2.5514315e-07
219 -0.75 2.138395712633e-02 2.9152636e-07
221 -0.75 2.239447710737e-02 1.8774057e-06
223 -0.75 2.297356279372e-02 5.6221102e-07
225 -0.75 2.170522022855e-02 4.2345668e-07
227 -0.75 2.185038337796e-02 3.4872779e-07
229 -0.75 2.180051107799e-02 5.0211890e-07
231 -0.75 2.070152807273e-02 2.3618405e-07
233 -0.75 2.234576888994e-02 5.6522191e-07
235 -0.75 2.371652260266e-02 1.5844227e-06
237 -0.75 2.253678969713e-02 6.7766905e-07
239 -0.75 2.146512665684e-02 4.2412951e-07
241 -0.75 2.185499791504e-02 9.9516901e-07
243 -0.75 2.143204744956e-02 1.3467184e-06
245 -0.75 2.172836882772e-02 8.4938228e-07
247 -0.75 2.263091249506e-02 7.2055404e-07
249 -0.75 2.200606164853e-02 7.4432782e-07
251 -0.75 2.179225282961e-02 8.4251684e-07
253 -0.75 2.210070478659e-02 1.5947048e-06
255 -0.75 2.215178241794e-02 1.0738087e-06
257 -0.75 2.095599941823e-02 2.5743414e-07
259 -0.75 2.214676323989e-02 8.2846231e-07
261 -0.75 2.242384650745e-02 2.1874066e-06
263 -0.75 2.190567926532e-02 4.0117423e-07
265 -0.75 2.152247073680e-02 1.0594772e-06
267 -0.75 2.210580937337e-02 1.3424265e-06
269 -0.75 2.258293531879e-02 1.6538121e-06
271 -0.75 2.203016203401e-02 4.2447257e-07
273 -0.75 2.171101243881e-02 1.0073069e-06
275 -0.75 2.156839253794e-02 5.0592380e-07
277 -0.75 2.157525011920e-02 1.5522435e-06
279 -0.75 2.125370189550e-02 5.7647925e-07
281 -0.75 2.114128447782e-02 1.1440973e-06
283 -0.75 2.278762926130e-02 5.7972813e-07
285 -0.75 2.161656868890e-02 1.0645464e-06
287 -0.75 2.184819829108e-02 7.9162658e-07
289 -0.75 2.249091611606e-02 6.7023063e-07
291 -0.75 2.279861564107e-02 4.5598301e-07
293 -0.75 2.186139313373e-02 1.5135179e-06
295 -0.75 2.230773544317e-02 1.2742816e-06
297 -0.75 2.284097132314e-02 3.8141258e-07
299 -0.75 2.218309720147e-02 1.2348837e-06
101 -0.50 2.299156858069e-02 1.3379240e-06
103 -0.50 2.266810925457e-02 1.0382602e-06
105 -0.50 2.359059674537e-02 3.4698103e-06
107 -0.50 2.195958372607e-02 8.8227269e-07
109 -0.50 2.139365268688e-02 3.0043335e-07
111 -0.50 2.114218094015e-02 5.2875463e-07
113 -0.50 2.146026713269e-02 1.4795990e-06
115 -0.50 2.246956613404e-02 1.0564963e-06
117 -0.50 2.141878055426e-02 1.4307646e-06
119 -0.50 2.172096810458e-02 1.0607083e-06
121 -0.50 2.184061411181e-02 1.1911961e-06
123 -0.50 2.185912249545e-02 1.2465729e-06
125 -0.50 2.221399453966e-02 5.9145471e-07
127 -0.50 2.242042080884e-02 1.5743531e-06
129 -0.50 2.129574346981e-02 5.4189717e-07
131 -0.50 2.272109985259e-02 2.0467413e-06
133 -0.50 2.157283886977e-02 3.7795619e-07
135 -0.50 2.270590045461e-02 5.7089734e-07
137 -0.50 2.145360023145e-02 8.7143806e-07
139 -0.50 2.133585400956e-02 5.5437092e-07
141 -0.50 2.260848130948e-02 1.4059441e-06
143 -0.50 2.193901912948e-02 6.8450183e-07
145 -0.50 2.200796604667e-02 6.7751096e-07
147 -0.50 2.203033979212e-02 3.7255814e-07
149 -0.50 2.313497151213e-02 6.6451628e-07
151 -0.50 2.214308606617e-02 4.5154892e-06
153 -0.50 2.233131751514e-02 1.8150105e-06
155 -0.50 2.259328958099e-02 1.3922822e-06
157 -0.50 2.249589891743e-02 5.6834110e-07
159 -0.50 2.216033217392e-02 1.0399537e-06
161 -0.50 2.158915520837e-02 8.3410301e-07
163 -0.50 2.230383696242e-02 4.8234531e-07
165 -0.50 2.241084436150e-02 9.9750633e-07
167 -0.50 2.198634982067e-02 1.3053189e-06
169 -0.50 2.176537836951e-02 9.1766045e-07
171 -0.50 2.268853961217e-02 1.6258458e-06
173 -0.50 2.233656548023e-02 1.2491139e-06
175 -0.50 2.219549313050e-02 5.1129512e-07
177 -0.50 2.137467153429e-02 5.8937656e-07
179 -0.50 2.044224161012e-02 7.2421614e-07
181 -0.50 2.279863685418e-02 7.1486604e-07
183 -0.50 2.165976113752e-02 4.2352167e-07
185 -0.50 2.181945088366e-02 4.0766452e-07
187 -0.50 2.220255007716e-02 1.6864077e-06
189 -0.50 2.164407383850e-02 6.0320506e-07
191 -0.50 2.180215370517e-02 5.0316722e-07
193 -0.50 2.246209977846e-02 6.1525621e-07
195 -0.50 2.230072439617e-02 2.0528942e-06
197 -0.50 2.161996250334e-02 4.0485325e-07
199 -0.50 2.147743188436e-02 1.4451608e-06
201 -0.50 2.169506891411e-02 8.7297650e-07
203 -0.50 2.167246335538e-02 1.0326340e-06
205 -0.50 2.167719737668e-02 1.3168271e-06
207 -0.50 2.334951136187e-02 1.3918544e-06
209 -0.50 2.200859430231e-02 1.5720675e-06
211 -0.50 2.228375291888e-02 1.1408704e-06
213 -0.50 2.299828652820e-02 9.3066443e-07
215 -0.50 2.166517401717e-02 6.7061093e-07
217 -0.50 2.110558706936e-02 6.7236316e-07
219 -0.50 2.182693427366e-02 1.5246258e-06
221 -0.50 2.192712506682e-02 1.3365576e-06
223 -0.50 2.278867813061e-02 7.5605099e-07
225 -0.50 2.243904268953e-02 5.9716190e-07
227 -0.50 2.316838753004e-02 1.5688060e-06
229 -0.50 2.202419273168e-02 1.2171853e-06
231 -0.50 2.068766196219e-02 6.0453466e-07
233 -0.50 2.306249625617e-02 2.6115320e-06
235 -0.50 2.299698461687e-02 6.9671859e-07
237 -0.50 2.258676972127e-02 1.5586322e-06
239 -0.50 2.172011429332e-02 1.5675559e-06
241 -0.50 2.183311631061e-02 7.5656674e-07
243 -0.50 2.170905969526e-02 5.9597351e-07
245 -0.50 2.121717645601e-02 9.3984717e-07
247 -0.50 2.307264153927e-02 2.0232900e-06
249 -0.50 2.185150337701e-02 5.2741406e-07
251 -0.50 2.141798075775e-02 1.5771933e-06
253 -0.50 2.187887317118e-02 6.0402201e-07
255 -0.50 2.229541840896e-02 8.3155560e-07
257 -0.50 2.166569720021e-02 7.9868414e-07
259 -0.50 2.141762312756e-02 5.5752273e-07
261 -0.50 2.139009741238e-02 1.2109601e-06
263 -0.50 2.262737435516e-02 1.0166622e-06
265 -0.50 2.160498765688e-02 9.3158352e-07
267 -0.50 2.201732147970e-02 3.0215376e-07
269 -0.50 2.229220547385e-02 4.6978081e-07
271 -0.50 2.213553805670e-02 1.3597403e-06
273 -0.50 2.217182544846e-02 7.0128901e-07
275 -0.50 2.183008223604e-02 5.2774523e-07
277 -0.50 2.125095563843e-02 7.6580359e-07
279 -0.50 2.142025144605e-02 9.0694959e-07
281 -0.50 2.193609245311e-02 1.1825439e-06
283 -0.50 2.253564855381e-02 7.9087744e-07
285 -0.50 2.226911409625e-02 2.9512496e-06
287 -0.50 2.129516293784e-02 6.6520878e-07
289 -0.50 2.217180217927e-02 2.7823161e-06
291 -0.50 2.251082178790e-02 1.4276410e-06
293 -0.50 2.174035641467e-02 1.1625191e-06
295 -0.50 2.176098078864e-02 5.1876303e-07
297 -0.50 2.280562675821e-02 6.1052906e-07
299 -0.50 2.253068147644e-02 1.1645084e-06
101 -0.25 2.277375985284e-02 1.9398310e-06
103 -0.25 2.213321397696e-02 5.3132795e-07
105 -0.25 2.246465183449e-02 6.7470678e-07
107 -0.25 2.241264114574e-02 2.4394561e-07
109 -0.25 2.178379415568e-02 5.3953055e-07
111 -0.25 2.108403000552e-02 7.6567479e-07
113 -0.25 2.127672579434e-02 3.5303466e-07
115 -0.25 2.228672441487e-02 1.1190993e-06
117 -0.25 2.139989555297e-02 1.0155168e-06
119 -0.25 2.173215415453e-02 6.4648712e-07
121 -0.25 2.211221668276e-02 5.8048240e-07
123 -0.25 2.187796442914e-02 1.1895029e-06
125 -0.25 2.232672180159e-02 5.0501141e-07
127 -0.25 2.165520484887e-02 1.5708904e-06
129 -0.25 2.184072803438e-02 1.2619228e-06
131 -0.25 2.177005670681e-02 5.2631367e-07
133 -0.25 2.234182810140e-02 2.2090086e-06
135 -0.25 2.299331293001e-02 2.4611234e-06
137 -0.25 2.221093599690e-02 5.5743160e-07
139 -0.25 2.204697442631e-02 7.7581419e-07
141 -0.25 2.194235820727e-02 1.1284061e-06
143 -0.25 2.204088738844e-02 7.8980303e-07
145 -0.25 2.174016023817e-02 7.7668151e-07
147 -0.25 2.181916753583e-02 1.3144601e-06
149 -0.25 2.244873436308e-02 2.7157090e-06
151 -0.25 2.208734674727e-02 7.5289956e-07
153 -0.25 2.185391291820e-02 8.6075323e-07
155 -0.25 2.328959288785e-02 8.4449541e-07
157 -0.25 2.181839764841e-02 5.8879372e-07
159 -0.25 2.169768257690e-02 1.6889129e-06
161 -0.25 2.188544653484e-02 1.0680018e-06
163 -0.25 2.245756926138e-02 1.4363094e-06
165 -0.25 2.195684963874e-02 4.1247304e-07
167 -0.25 2.242252227183e-02 1.1496261e-06
169 -0.25 2.179808515903e-02 1.3100864e-06
171 -0.25 2.210080476224e-02 6.2366246e-07
173 -0.25 2.183922409549e-02 9.7014696e-07
175 -0.25 2.231395764991e-02 1.8389551e-06
177 -0.25 2.244973914228e-02 2.9845353e-06
179 -0.25 2.094413135393e-02 1.6202564e-07
181 -0.25 2.289220107405e-02 8.6303564e-07
183 -0.25 2.203411260453e-02 4.6401991e-07
185 -0.25 2.220475276346e-02 1.9919881e-06
187 -0.25 2.170842928984e-02 4.6500049e-07
189 -0.25 2.133151518393e-02 8.4111516e-07
191 -0.25 2.245640995670e-02 9.1940006e-07
193 -0.25 2.210957625924e-02 2.1575351e-06
195 -0.25 2.205431940587e-02 1.2851892e-06
197 -0.25 2.136279360725e-02 1.0259170e-06
199 -0.25 2.069798605470e-02 5.6773033e-07
201 -0.25 2.177911831883e-02 1.5142905e-06
203 -0.25 2.158615711490e-02 1.8371768e-07
205 -0.25 2.160641623061e-02 4.9129682e-07
207 -0.25 2.367450641551e-02 1.7628966e-06
209 -0.25 2.149664731086e-02 5.8469762e-07
211 -0.25 2.197116171807e-02 6.8406983e-07
213 -0.25 2.249129128875e-02 7.7303689e-07
215 -0.25 2.166098769249e-02 3.0247938e-07
217 -0.25 2.125089337974e-02 8.5593954e-07
219 -0.25 2.185089364227e-02 8.5149167e-07
221 -0.25 2.189519650783e-02 8.7864796e-07
223 -0.25 2.211902446681e-02 5.1690564e-07
225 -0.25 2.181582248532e-02 4.0515106e-07
227 -0.25 2.247185762658e-02 1.8606203e-06
229 -0.25 2.161671839382e-02 4.7734189e-07
231 -0.25 2.103490721907e-02 2.2617210e-06
233 -0.25 2.208829148274e-02 2.2908913e-06
235 -0.25 2.365638581400e-02 1.8157119e-06
237 -0.25 2.198238197079e-02 1.3041073e-06
239 -0.25 2.155769599722e-02 6.6622944e-07
241 -0.25 2.203151036839e-02 9.9554101e-07
243 -0.25 2.136604676311e-02 4.3281660e-07
245 -0.25 2.132606499161e-02 4.1673691e-07
247 -0.25 2.259158955793e-02 1.1198351e-06
249 -0.25 2.172267833055e-02 9.5737898e-07
251 -0.25 2.158628676682e-02 1.1444773e-06
253 -0.25 2.180453710173e-02 6.0559901e-07
255 -0.25 2.264306233432e-02 1.6949650e-06
257 -0.25 2.087567002200e-02 2.2218867e-07
259 -0.25 2.186422227061e-02 1.8517329e-06
261 -0.25 2.156787344405e-02 9.7055635e-07
263 -0.25 2.235416028745e-02 6.2152188e-07
265 -0.25 2.123973240916e-02 3.9087896e-07
267 -0.25 2.127718000766e-02 6.2674589e-07
269 -0.25 2.271840599225e-02 1.3114121e-06
271 -0.25 2.185620435651e-02 6.4989903e-07
273 -0.25 2.207931813887e-02 1.7624269e-06
275 -0.25 2.141102987500e-02 4.1990657e-07
277 -0.25 2.118843743017e-02 6.6122480e-07
279 -0.25 2.146197928043e-02 6.4634485e-07
281 -0.25 2.164025604468e-02 4.7526605e-07
283 -0.25 2.259093847096e-02 5.9046805e-07
285 -0.25 2.214503405765e-02 1.9414605e-06
287 -0.25 2.072543053622e-02 5.2784037e-07
289 -0.25 2.179449199240e-02 6.8008129e-07
291 -0.25 2.196313956428e-02 2.0356486e-07
293 -0.25 2.163915297223e-02 5.7375434e-07
295 -0.25 2.240042587562e-02 8.9268335e-07
297 -0.25 2.273803104812e-02 3.9587522e-07
299 -0.25 2.267676542711e-02 6.1903186e-07
101 0.00 2.224546033274e-02 4.9946381e-07
103 0.00 2.223658199599e-02 1.1031732e-06
105 0.00 2.226222904719e-02 3.8644402e-07
107 0.00 2.259616622761e-02 7.9075176e-07
109 0.00 2.132045476954e-02 7.1359206e-07
111 0.00 2.110113121660e-02 7.5931771e-07
113 0.00 2.126203563315e-02 9.0195296e-07
115 0.00 2.238270346658e-02 1.2448513e-06
117 0.00 2.111386387377e-02 1.3989771e-06
119 0.00 2.138593536591e-02 1.0028300e-06
121 0.00 2.171055368013e-02 3.8656413e-07
123 0.00 2.164841850061e-02 5.5431844e-07
125 0.00 2.188196513897e-02 1.0999641e-06
127 0.00 2.252075453230e-02 1.3731458e-06
129 0.00 2.151282635987e-02 1.1701482e-06
131 0.00 2.202855670589e-02 7.8039136e-07
133 0.00 2.200321924625e-02 3.4705317e-07
135 0.00 2.201007506922e-02 5.9470990e-07
137 0.00 2.194429747543e-02 9.3916100e-07
139 0.00 2.165877791983e-02 9.3596257e-07
141 0.00 2.196082755744e-02 7.4366407e-07
143 0.00 2.182613156771e-02 7.1551288e-07
145 0.00 2.198230421439e-02 2.0611585e-06
147 0.00 2.232279882248e-02 3.6553697e-07
149 0.00 2.227977933426e-02 3.5274861e-07
151 0.00 2.196447284759e-02 1.4566288e-06
153 0.00 2.195220473810e-02 6.3960699e-07
155 0.00 2.269974267624e-02 4.2149916e-07
157 0.00 2.199363202443e-02 7.5400131e-07
159 0.00 2.174131765717e-02 1.4281900e-06
161 0.00 2.178377021182e-02 5.1300163e-07
163 0.00 2.191274025198e-02 2.8737386e-07
165 0.00 2.182881685124e-02 1.2225218e-06
167 0.00 2.115225973094e-02 8.5634142e-07
169 0.00 2.207517013306e-02 1.5523129e-06
171 0.00 2.174920908106e-02 1.2778240e-06
173 0.00 2.266668157938e-02 8.8329135e-07
175 0.00 2.260432912624e-02 9.8576042e-07
177 0.00 2.209790742754e-02 4.1614565e-07
179 0.00 2.109813386398e-02 4.8781135e-07
181 0.00 2.299694496970e-02 5.3384864e-07
183 0.00 2.240950446114e-02 8.8783646e-07
185 0.00 2.204880473596e-02 4.2407456e-07
187 0.00 2.169807844700e-02 4.4760843e-07
189 0.00 2.218834014031e-02 8.2659041e-07
191 0.00 2.231370346247e-02 1.3188889e-06
193 0.00 2.197286245710e-02 4.8025564e-07
195 0.00 2.189050750071e-02 8.0090470e-07
197 0.00 2.202597963142e-02 2.4340360e-06
199 0.00 2.135122037250e-02 2.6181409e-06
201 0.00 2.196392726976e-02 2.3899328e-07
203 0.00 2.140380332096e-02 4.5871884e-07
205 0.00 2.190210422794e-02 1.0391972e-06
207 0.00 2.293799648534e-02 6.2140902e-07
209 0.00 2.206187665262e-02 2.0761081e-06
211 0.00 2.216383490628e-02 5.1307003e-07
213 0.00 2.263447900864e-02 5.2369167e-07
215 0.00 2.155262139299e-02 6.7088554e-07
217 0.00 2.171504615550e-02 5.3274016e-07
219 0.00 2.201619286450e-02 1.6473481e-06
221 0.00 2.227228658284e-02 4.7800847e-07
223 0.00 2.196083699171e-02 4.9696275e-07
225 0.00 2.183267942880e-02 7.4326161e-07
227 0.00 2.161222999250e-02 1.5543877e-07
229 0.00 2.182660640313e-02 2.9898584e-07
231 0.00 2.065839985900e-02 7.8904938e-07
233 0.00 2.220840356719e-02 7.2618801e-07
235 0.00 2.305432172466e-02 1.6837999e-06
237 0.00 2.221763978277e-02 9.6560725e-07
239 0.00 2.120296967980e-02 3.9077525e-07
241 0.00 2.127904957280e-02 1.3360870e-06
243 0.00 2.223455282741e-02 8.6787649e-07
245 0.00 2.139383184711e-02 6.5709321e-07
247 0.00 2.263559510435e-02 9.0241429e-07
249 0.00 2.166704159161e-02 2.8834490e-07
251 0.00 2.147891819698e-02 6.7020070e-07
253 0.00 2.221462118021e-02 1.2476384e-06
255 0.00 2.165948445218e-02 2.2155919e-07
257 0.00 2.094406126870e-02 7.6856514e-07
259 0.00 2.163434670060e-02 2.3329655e-06
261 0.00 2.156570033910e-02 6.1560308e-07
263 0.00 2.217615504326e-02 4.1249161e-07
265 0.00 2.162969912353e-02 1.2337163e-06
267 0.00 2.159332811219e-02 7.1428547e-07
269 0.00 2.148174100452e-02 6.1853947e-07
271 0.00 2.212947782226e-02 9.4494897e-07
273 0.00 2.124259295080e-02 5.3240607e-07
275 0.00 2.126752541629e-02 5.6690953e-07
277 0.00 2.141277347542e-02 3.7669865e-07
279 0.00 2.072452839663e-02 5.5086732e-07
281 0.00 2.155214386617e-02 9.8514605e-07
283 0.00 2.201652811736e-02 5.7110853e-07
285 0.00 2.225984299656e-02 3.8075682e-07
287 0.00 2.128667485826e-02 3.2646301e-07
289 0.00 2.198956601565e-02 7.3076020e-07
291 0.00 2.200382932518e-02 6.2574849e-07
293 0.00 2.117718759833e-02 1.5368994e-07
295 0.00 2.212380526765e-02 4.1145840e-07
297 0.00 2.316059850409e-02 1.7548760e-06
299 0.00 2.221315665628e-02 1.1149014e-06
101 0.25 2.340026753657e-02 2.1910725e-06
103 0.25 2.211145533808e-02 3.7154512e-07
105 0.25 2.245354295369e-02 5.4673310e-07
107 0.25 2.234598333574e-02 7.1787965e-07
109 0.25 2.134520893921e-02 5.5916097e-07
111 0.25 2.148739071200e-02 2.4663046e-06
113 0.25 2.145059773701e-02 3.7175016e-07
115 0.25 2.209468391868e-02 7.4110826e-07
117 0.25 2.150640830512e-02 2.0078521e-06
119 0.25 2.195523053832e-02 3.4895890e-07
121 0.25 2.169512640740e-02 5.1518008e-07
123 0.25 2.129597243102e-02 5.2526106e-07
125 0.25 2.295197250379e-02 7.3727779e-07
127 0.25 2.135917071504e-02 1.1295797e-06
129 0.25 2.129218525221e-02 2.1447476e-06
131 0.25 2.117703571171e-02 2.1314265e-07
133 0.25 2.205544785343e-02 6.4284318e-07
135 0.25 2.274138306514e-02 2.3316153e-06
137 0.25 2.183296681556e-02 1.0610595e-06
139 0.25 2.168362207006e-02 7.8674787e-07
141 0.25 2.199265905008e-02 8.3682780e-07
143 0.25 2.171012129508e-02 4.3097984e-07
145 0.25 2.172124709828e-02 7.5774273e-07
147 0.25 2.201885361395e-02 3.6127858e-07
149 0.25 2.226822864057e-02 4.6402787e-07
151 0.25 2.157776394939e-02 7.6531716e-07
153 0.25 2.177302234916e-02 1.0666940e-07
155 0.25 2.236289619825e-02 9.4240310e-07
157 0.25 2.246887645921e-02 5.3234324e-07
159 0.25 2.197600349408e-02 1.3874483e-06
161 0.25 2.164330366739e-02 8.7956092e-07
163 0.25 2.193412148369e-02 7.7756154e-07
165 0.25 2.241355234227e-02 9.4292399e-07
167 0.25 2.220028842125e-02 7.4698304e-07
169 0.25 2.186078678369e-02 6.6414531e-07
171 0.25 2.087115579835e-02 5.4745436e-07
173 0.25 2.164086884661e-02 2.5533895e-07
175 0.25 2.219882546735e-02 6.8672079e-07
177 0.25 2.161689724018e-02 8.1377831e-07
179 0.25 2.063054315219e-02 1.6732883e-07
181 0.25 2.205847539856e-02 5.4046743e-07
183 0.25 2.198476096697e-02 4.4856196e-07
185 0.25 2.177025308893e-02 4.9743835e-07
187 0.25 2.140107429859e-02 4.4430432e-07
189 0.25 2.190337104511e-02 4.7739229e-07
191 0.25 2.199724635410e-02 2.7969968e-07
193 0.25 2.171540325963e-02 7.4797320e-07
195 0.25 2.160507735595e-02 8.7814429e-07
197 0.25 2.151619854572e-02 8.2281901e-07
199 0.25 2.161194980348e-02 1.1587917e-06
201 0.25 2.175858161739e-02 1.9809054e-07
203 0.25 2.157350979999e-02 1.7857652e-06
205 0.25 2.232414573227e-02 1.7324155e-06
207 0.25 2.371941537757e-02 2.7130933e-06
209 0.25 2.157159924672e-02 4.3269941e-07
211 0.25 2.160992128801e-02 4.0975002e-07
213 0.25 2.246596143496e-02 7.9325248e-07
215 0.25 2.166376910939e-02 7.2686613e-07
217 0.25 2.177436187937e-02 7.1129462e-07
219 0.25 2.160853556712e-02 8.0487127e-07
221 0.25 2.193374391211e-02 7.5763022e-07
223 0.25 2.196650600797e-02 7.2533050e-07
225 0.25 2.168208081270e-02 6.0140159e-07
227 0.25 2.256055796383e-02 2.2066317e-06
229 0.25 2.218455518722e-02 1.2737626e-06
231 0.25 2.005277113003e-02 4.0074531e-07
233 0.25 2.225494914745e-02 1.2860950e-06
235 0.25 2.338974560229e-02 8.7978108e-07
237 0.25 2.188457920204e-02 3.8843903e-07
239 0.25 2.161140798873e-02 8.6719478e-07
241 0.25 2.138868692298e-02 1.1226752e-06
243 0.25 2.225776814185e-02 1.0333945e-06
245 0.25 2.123450820993e-02 1.1381189e-06
247 0.25 2.222710558587e-02 3.0753451e-07
249 0.25 2.250931412859e-02 5.5286645e-06
251 0.25 2.153696922058e-02 7.9260178e-07
253 0.25 2.178931566748e-02 1.1304757e-06
255 0.25 2.167521312442e-02 5.3610788e-07
257 0.25 2.152404099323e-02 1.1283795e-06
259 0.25 2.138138422274e-02 4.9937102e-07
261 0.25 2.173767082904e-02 1.2952166e-06
263 0.25 2.279203160274e-02 8.4730668e-07
265 0.25 2.100000638910e-02 5.4841681e-07
267 0.25 2.211169046944e-02 8.6884838e-07
269 0.25 2.275499320041e-02 5.7093393e-07
271 0.25 2.237736903047e-02 6.3316427e-07
273 0.25 2.191729029657e-02 8.0355815e-07
275 0.25 2.151015213348e-02 1.3679841e-06
277 0.25 2.134875007562e-02 8.7044134e-07
279 0.25 2.126084682821e-02 1.7805046e-06
281 0.25 2.110416828491e-02 1.1505784e-07
283 0.25 2.286792784416e-02 1.1819813e-06
285 0.25 2.157999767560e-02 1.0394021e-06
287 0.25 2.128676310567e-02 1.4840143e-06
289 0.25 2.182189085567e-02 7.0485651e-07
291 0.25 2.216667383479e-02 8.5510385e-07
293 0.25 2.142196109738e-02 2.1146007e-07
295 0.25 2.182643018835e-02 6.6147974e-07
297 0.25 2.277976438014e-02 3.8005805e-07
299 0.25 2.214209220355e-02 1.2261262e-06
101 0.50 2.199400665074e-02 6.1830261e-07
103 0.50 2.211204233647e-02 3.7411477e-07
105 0.50 2.262575660534e-02 9.2614086e-07
107 0.50 2.220655096037e-02 1.3591612e-06
109 0.50 2.149072231065e-02 9.3119961e-07
111 0.50 2.115707220099e-02 1.7122203e-06
113 0.50 2.174336739732e-02 5.6179343e-07
115 0.50 2.295747076807e-02 1.6614252e-06
117 0.50 2.153549295680e-02 8.3494404e-07
119 0.50 2.158448099630e-02 4.9406314e-07
121 0.50 2.176704934617e-02 2.1381550e-07
123 0.50 2.170883374208e-02 2.0995618e-06
125 0.50 2.180079644107e-02 3.6167502e-07
127 0.50 2.167027772104e-02 1.3369572e-06
129 0.50 2.068150743006e-02 7.2394269e-07
131 0.50 2.200457907379e-02 1.0951172e-06
133 0.50 2.156209746422e-02 6.0224263e-07
135 0.50 2.263262477097e-02 1.4511228e-06
137 0.50 2.112187875663e-02 4.9628240e-07
139 0.50 2.232367349631e-02 7.2135586e-07
141 0.50 2.224548533497e-02 1.2664251e-06
143 0.50 2.151404348982e-02 7.6399488e-07
145 0.50 2.198360456888e-02 9.3094559e-07
147 0.50 2.178471347352e-02 4.6715713e-07
149 0.50 2.252283910752e-02 6.0030103e-07
151 0.50 2.215364868843e-02 9.7746376e-07
153 0.50 2.194081290598e-02 1.0837803e-06
155 0.50 2.233889027333e-02 5.5488106e-07
157 0.50 2.201758645249e-02 7.1831191e-07
159 0.50 2.121829431221e-02 1.5377669e-07
161 0.50 2.113023654147e-02 1.0172073e-06
163 0.50 2.241258326454e-02 2.4306557e-06
165 0.50 2.180675094032e-02 8.6257780e-07
167 0.50 2.185639345269e-02 9.3079947e-07
169 0.50 2.114038791819e-02 5.5207653e-07
171 0.50 2.130327620664e-02 6.5735105e-07
173 0.50 2.238132869183e-02 2.1538981e-06
175 0.50 2.220215795251e-02 8.5004206e-07
177 0.50 2.165131442999e-02 1.2185084e-06
179 0.50 2.108427955021e-02 2.8685723e-07
181 0.50 2.209615843578e-02 8.5820490e-07
183 0.50 2.194609870776e-02 1.0869339e-06
185 0.50 2.165249544816e-02 9.6349324e-07
187 0.50 2.296123660639e-02 2.9100770e-06
189 0.50 2.189770951350e-02 6.3198533e-07
191 0.50 2.201340555326e-02 7.4500848e-07
193 0.50 2.198551263518e-02 1.1272037e-06
195 0.50 2.144608236070e-02 7.1300683e-07
197 0.50 2.106203700660e-02 8.9511916e-07
199 0.50 2.146019205391e-02 1.8345881e-06
201 0.50 2.156570457064e-02 1.4995669e-06
203 0.50 2.136561486759e-02 3.3892101e-07
205 0.50 2.223487008996e-02 1.8961637e-06
207 0.50 2.318018255512e-02 2.4489891e-06
209 0.50 2.084274661861e-02 3.9081112e-07
211 0.50 2.202887287377e-02 1.9079703e-06
213 0.50 2.237278444613e-02 5.3851938e-07
215 0.50 2.174864601831e-02 1.3573033e-06
217 0.50 2.146041023510e-02 1.7064585e-06
219 0.50 2.170599279886e-02 1.8293949e-06
221 0.50 2.199272236042e-02 3.8593634e-07
223 0.50 2.248448050481e-02 1.0725358e-06
225 0.50 2.173322628766e-02 4.0898199e-07
227 0.50 2.164958580334e-02 5.3862971e-07
229 0.50 2.156000309395e-02 5.6825735e-07
231 0.50 2.001905813376e-02 7.6865631e-07
233 0.50 2.257411851876e-02 2.1190854e-06
235 0.50 2.292504625443e-02 1.2210096e-06
237 0.50 2.215660816582e-02 1.1050710e-06
239 0.50 2.155729491097e-02 7.0890077e-07
241 0.50 2.181804686630e-02 1.0886623e-06
243 0.50 2.160129674822e-02 8.9989921e-07
245 0.50 2.095918555741e-02 8.8973982e-07
247 0.50 2.267319390053e-02 1.5178172e-06
249 0.50 2.179600107186e-02 1.6619328e-06
251 0.50 2.137078054671e-02 5.8787294e-07
253 0.50 2.204694494712e-02 1.1810254e-06
255 0.50 2.203797729838e-02 1.1233783e-06
257 0.50 2.084201515687e-02 8.4272546e-07
259 0.50 2.128389249921e-02 3.5377218e-07
261 0.50 2.153165251851e-02 1.0283751e-06
263 0.50 2.301772808797e-02 1.6264138e-06
265 0.50 2.118037030734e-02 2.1030561e-06
267 0.50 2.154270134082e-02 1.4727133e-06
269 0.50 2.207709540539e-02 1.4695899e-06
271 0.50 2.167966664904e-02 1.0301772e-06
273 0.50 2.194361343271e-02 1.5787958e-06
275 0.50 2.162708163102e-02 8.4294264e-07
277 0.50 2.120875249335e-02 7.9957954e-07
279 0.50 2.095935918924e-02 8.8153636e-07
281 0.50 2.194037012137e-02 1.8891451e-06
283 0.50 2.215092844757e-02 3.0839698e-07
285 0.50 2.250519002279e-02 7.2494206e-07
287 0.50 2.127008262423e-02 3.8060745e-07
289 0.50 2.174492540398e-02 4.6821484e-07
291 0.50 2.186365023618e-02 7.8822712e-07
293 0.50 2.134074147308e-02 9.2015423e-07
295 0.50 2.209751847230e-02 2.3825890e-06
297 0.50 2.247921385876e-02 8.2782063e-07
299 0.50 2.182531531165e-02 6.2878384e-07
101 0.75 2.225223194575e-02 1.3747865e-06
103 0.75 2.206782793375e-02 5.8805789e-07
105 0.75 2.293422738779e-02 1.8601187e-06
107 0.75 2.221283129377e-02 7.6833596e-07
109 0.75 2.064725084579e-02 6.8518204e-07
111 0.75 2.102130001992e-02 4.6377030e-07
113 0.75 2.094078287128e-02 6.6041500e-07
115 0.75 2.232668488563e-02 1.3700202e-06
117 0.75 2.187446507715e-02 1.3852087e-06
119 0.75 2.164787026542e-02 1.1699129e-06
121 0.75 2.078934195021e-02 5.5837274e-07
123 0.75 2.082435235238e-02 5.1822419e-07
125 0.75 2.220417283570e-02 1.4020358e-06
127 0.75 2.191048751502e-02 5.7025137e-07
129 0.75 2.101031806812e-02 5.5585968e-07
131 0.75 2.233813399066e-02 1.4461675e-06
133 0.75 2.146153560615e-02 5.8257921e-07
135 0.75 2.209788469052e-02 6.7654737e-07
137 0.75 2.202189839928e-02 2.5841143e-06
139 0.75 2.162107510962e-02 4.3714248e-07
141 0.75 2.175316308036e-02 1.1027884e-06
143 0.75 2.198057098211e-02 1.1168912e-06
145 0.75 2.176731607595e-02 3.1154801e-07
147 0.75 2.227144988278e-02 4.7027376e-07
149 0.75 2.257068230553e-02 3.4890619e-07
151 0.75 2.174386380127e-02 8.1651155e-07
153 0.75 2.206227506916e-02 3.0321427e-07
155 0.75 2.277013098595e-02 1.3764142e-06
157 0.75 2.195363117931e-02 9.5503304e-07
159 0.75 2.219764193865e-02 1.0663991e-06
161 0.75 2.264200993565e-02 4.3115015e-06
163 0.75 2.214589458368e-02 4.5946627e-07
165 0.75 2.210563151792e-02 1.0971974e-06
167 0.75 2.128339423815e-02 1.3401940e-06
169 0.75 2.191008382297e-02 6.0523204e-07
171 0.75 2.154894960522e-02 7.3235497e-07
173 0.75 2.230694783559e-02 8.3996243e-07
175 0.75 2.248709214014e-02 5.7806588e-07
177 0.75 2.130768207880e-02 9.1466468e-07
179 0.75 2.086724980575e-02 1.1134268e-06
181 0.75 2.275106974873e-02 1.6958435e-06
183 0.75 2.165357016012e-02 1.3025927e-06
185 0.75 2.115591007056e-02 5.1142354e-07
187 0.75 2.177229304117e-02 5.4505120e-07
189 0.75 2.173751413705e-02 3.6909480e-07
191 0.75 2.181842402961e-02 1.1577002e-06
193 0.75 2.207007579794e-02 2.0372207e-06
195 0.75 2.180761314193e-02 1.8324382e-06
197 0.75 2.184640546684e-02 8.6617709e-07
199 0.75 2.098952252793e-02 1.2942862e-06
201 0.75 2.140293766142e-02 8.0850376e-07
203 0.75 2.147715063950e-02 9.9371085e-07
205 0.75 2.169946053009e-02 7.6373211e-07
207 0.75 2.268656278721e-02 1.0310196e-06
209 0.75 2.159636707041e-02 1.0498885e-06
211 0.75 2.268919938893e-02 1.0324883e-06
213 0.75 2.278796559579e-02 6.6600582e-07
215 0.75 2.143815046609e-02 1.1228228e-06
217 0.75 2.105635658145e-02 9.9498385e-07
219 0.75 2.178086246776e-02 6.3045184e-07
221 0.75 2.249717598246e-02 8.8404961e-07
223 0.75 2.214220793211e-02 4.2060772e-07
225 0.75 2.123311377306e-02 1.2011858e-06
227 0.75 2.228846548337e-02 8.6208485e-07
229 0.75 2.237875828501e-02 2.7093200e-06
231 0.75 2.023299988698e-02 4.3487323e-07
233 0.75 2.229655991489e-02 2.2265196e-06
235 0.75 2.409558754865e-02 1.5385130e-06
237 0.75 2.187865697323e-02 5.5121335e-07
239 0.75 2.146887766176e-02 5.3099056e-07
241 0.75 2.236753421625e-02 8.5561747e-07
243 0.75 2.153735780078e-02 1.4965133e-06
245 0.75 2.099316566470e-02 1.4328757e-06
247 0.75 2.227137748050e-02 2.4144187e-06
249 0.75 2.129947484285e-02 2.8629418e-07
251 0.75 2.117187902308e-02 4.6205713e-07
253 0.75 2.184410326863e-02 1.2985102e-07
255 0.75 2.189328849896e-02 7.3606123e-07
257 0.75 2.058674601151e-02 4.9565910e-07
259 0.75 2.073223544785e-02 5.7730866e-07
261 0.75 2.152252114779e-02 6.9676621e-07
263 0.75 2.204981514957e-02 6.6693293e-07
265 0.75 2.146888369081e-02 4.0894684e-07
267 0.75 2.164656397335e-02 2.2629730e-06
269 0.75 2.257732539746e-02 9.3039941e-07
271 0.75 2.217530899357e-02 5.1136108e-07
273 0.75 2.148213886176e-02 8.8122627e-07
275 0.75 2.177239009328e-02 2.7800906e-06
277 0.75 2.146133417511e-02 7.7681945e-07
279 0.75 2.050381680396e-02 4.3410104e-07
281 0.75 2.124996177665e-02 1.3770850e-06
283 0.75 2.247125047657e-02 1.1810455e-06
285 0.75 2.183159962931e-02 1.0153180e-06
287 0.75 2.169967207214e-02 1.3570505e-06
289 0.75 2.140795826986e-02 8.8289900e-07
291 0.75 2.225125592760e-02 1.0539774e-06
293 0.75 2.102346178847e-02 4.3248412e-07
295 0.75 2.213305074059e-02 1.4646595e-06
297 0.75 2.303769272697e-02 6.5325838e-07
299 0.75 2.203238308084e-02 6.7763573e-07
101 1.00 2.196522952383e-02 8.9970878e-07
103 1.00 2.158734398053e-02 9.4854355e-07
105 1.00 2.196207356829e-02 1.6805070e-06
107 1.00 2.250246685941e-02 1.8048772e-06
109 1.00 2.108558631216e-02 6.2992452e-07
111 1.00 2.175801105926e-02 1.7483676e-06
113 1.00 2.128646696251e-02 1.4051663e-06
115 1.00 2.221588479471e-02 5.7942993e-07
117 1.00 2.085068592367e-02 5.7773536e-07
119 1.00 2.160055454523e-02 1.0624151e-06
121 1.00 2.193804515571e-02 7.3035291e-07
123 1.00 2.131114984962e-02 4.6143041e-07
125 1.00 2.184707913110e-02 2.2299262e-07
127 1.00 2.125518885669e-02 2.7422911e-07
129 1.00 2.078125444694e-02 1.1485703e-06
131 1.00 2.152970859742e-02 2.6249524e-06
133 1.00 2.152906264943e-02 3.8526059e-07
135 1.00 2.240617828212e-02 2.7791017e-06
137 1.00 2.161821382210e-02 6.9781320e-07
139 1.00 2.084417161243e-02 3.9839314e-07
141 1.00 2.198608857731e-02 3.6250058e-07
143 1.00 2.185677465362e-02 9.7503827e-07
145 1.00 2.239677259570e-02 1.5893342e-06
147 1.00 2.228196289356e-02 1.3899355e-06
149 1.00 2.268431343445e-02 1.7563826e-06
151 1.00 2.216330164412e-02 1.4213059e-06
153 1.00 2.224684697739e-02 4.2966761e-07
155 1.00 2.317659472893e-02 8.4171310e-07
157 1.00 2.182881414046e-02 1.3681302e-06
159 1.00 2.164016118008e-02 5.6699857e-07
161 1.00 2.108440385926e-02 2.9874547e-07
163 1.00 2.192951035943e-02 7.9567110e-07
165 1.00 2.274879739260e-02 1.2983811e-06
167 1.00 2.131163426422e-02 9.5662809e-07
169 1.00 2.203489484403e-02 8.9588316e-07
171 1.00 2.214799253425e-02 6.4533677e-07
173 1.00 2.188449899709e-02 1.9796254e-06
175 1.00 2.246186910025e-02 9.8282566e-07
177 1.00 2.121388829148e-02 4.3230613e-07
179 1.00 2.092334330264e-02 3.0770404e-07
181 1.00 2.287453587702e-02 1.7222638e-06
183 1.00 2.209350803316e-02 4.2829540e-07
185 1.00 2.142291230255e-02 3.6611089e-07
187 1.00 2.212269201865e-02 1.2189932e-06
189 1.00 2.210389332090e-02 1.2981885e-06
191 1.00 2.131687884142e-02 3.1309247e-07
193 1.00 2.153649263230e-02 1.0211014e-06
195 1.00 2.141234500335e-02 1.2883314e-06
197 1.00 2.158447474700e-02 1.2422793e-06
199 1.00 2.138302640516e-02 1.9397897e-06
201 1.00 2.114027586219e-02 7.3465150e-07
203 1.00 2.143072229214e-02 6.2409713e-07
205 1.00 2.117618602328e-02 3.1037679e-07
207 1.00 2.394091060142e-02 1.4785946e-06
209 1.00 2.112138703990e-02 3.9274137e-07
211 1.00 2.173126767126e-02 5.7502503e-07
213 1.00 2.245211717800e-02 1.4422289e-06
215 1.00 2.136543255586e-02 5.5525308e-07
217 1.00 2.106832518536e-02 6.6440670e-07
219 1.00 2.115572589986e-02 4.8273355e-07
221 1.00 2.223551008343e-02 3.2878487e-06
223 1.00 2.250948644526e-02 1.1255699e-06
225 1.00 2.204582332433e-02 1.6485002e-06
227 1.00 2.144021316638e-02 8.2942458e-07
229 1.00 2.127391639703e-02 3.6504665e-07
231 1.00 2.027597537365e-02 5.1642696e-07
233 1.00 2.247631903194e-02 3.1212413e-06
235 1.00 2.295610571823e-02 1.5578918e-06
237 1.00 2.252287330839e-02 1.1012181e-06
239 1.00 2.228261037359e-02 8.7650323e-07
241 1.00 2.162811992853e-02 1.8444168e-06
243 1.00 2.093535642341e-02 6.8000639e-07
245 1.00 2.165045440035e-02 1.0561644e-06
247 1.00 2.205636376621e-02 4.0060603e-07
249 1.00 2.113053827250e-02 3.5459051e-07
251 1.00 2.153054987729e-02 1.4679597e-06
253 1.00 2.173135906844e-02 1.3443653e-06
255 1.00 2.127135954436e-02 3.7318983e-07
257 1.00 2.107670469164e-02 1.5215000e-06
259 1.00 2.131750152664e-02 1.0515481e-06
261 1.00 2.198271221445e-02 1.5538463e-06
263 1.00 2.243021060400e-02 7.2354525e-07
265 1.00 2.106499933264e-02 3.7564799e-06
267 1.00 2.135980038360e-02 9.3263458e-07
269 1.00 2.309834398752e-02 2.8227086e-06
271 1.00 2.209391887724e-02 1.6578875e-06
273 1.00 2.186529716279e-02 1.3452849e-06
275 1.00 2.179997941438e-02 2.2018208e-06
277 1.00 2.199163107084e-02 2.2400920e-06
279 1.00 2.143676598752e-02 5.1952871e-07
281 1.00 2.188833551679e-02 2.5133857e-06
283 1.00 2.271493431862e-02 2.2682462e-06
285 1.00 2.185314447245e-02 1.1812892e-06
287 1.00 2.151824198378e-02 9.6803959e-07
289 1.00 2.122609380510e-02 6.8578186e-07
291 1.00 2.248631580989e-02 1.0690376e-06
293 1.00 2.184228976075e-02 8.3211044e-07
295 1.00 2.185111181785e-02 1.2787452e-06
297 1.00 2.274350596329e-02 1.1894540e-06
299 1.00 2.217171051402e-02 1.2790966e-06
102 -1.00 2.137388181929e-02 5.3435432e-07
104 -1.00 2.201833742428e-02 3.7136508e-07
106 -1.00 2.255095043798e-02 7.7933595e-07
108 -1.00 2.250654220748e-02 6.4094546e-07
110 -1.00 2.177279394680e-02 3.0911675e-07
112 -1.00 2.218086908579e-02 6.7105198e-07
114 -1.00 2.153474901388e-02 3.4619768e-07
116 -1.00 2.285918206083e-02 6.3254058e-07
118 -1.00 2.351468185423e-02 1.3163873e-06
120 -1.00 2.121210326780e-02 7.0110529e-07
122 -1.00 2.289616899584e-02 6.4349079e-07
124 -1.00 2.238661557894e-02 6.1144917e-07
126 -1.00 2.183336190119e-02 7.0526517e-07
128 -1.00 2.186667827089e-02 1.0984506e-06
130 -1.00 2.159677022803e-02 4.2665210e-07
132 -1.00 2.277208247804e-02 8.2231417e-07
134 -1.00 2.255002504129e-02 4.3631381e-07
136 -1.00 2.168595363883e-02 8.8043167e-07
138 -1.00 2.128078345886e-02 1.4778751e-06
140 -1.00 2.133070264569e-02 2.6382919e-06
142 -1.00 2.299336415412e-02 4.6435132e-07
144 -1.00 2.127676608764e-02 5.9407016e-07
146 -1.00 2.289807362347e-02 4.8520490e-07
148 -1.00 2.176888221336e-02 1.6609962e-06
150 -1.00 2.238290563787e-02 4.0460455e-07
152 -1.00 2.159830838114e-02 4.0883019e-07
154 -1.00 2.216564534357e-02 6.3114430e-07
156 -1.00 2.133019781976e-02 7.0766427e-07
158 -1.00 2.228580535285e-02 2.6683397e-07
160 -1.00 2.291308833657e-02 1.5126339e-06
162 -1.00 2.227414171303e-02 1.3651980e-06
164 -1.00 2.302391463532e-02 7.7869067e-07
166 -1.00 2.252561484467e-02 1.4995126e-06
168 -1.00 2.172196786903e-02 3.1980259e-07
170 -1.00 2.325612678483e-02 6.3707586e-07
172 -1.00 2.185935764726e-02 1.0262180e-06
174 -1.00 2.136600949580e-02 4.2425906e-07
176 -1.00 2.177911230444e-02 5.8175593e-07
178 -1.00 2.209648566247e-02 1.6892579e-06
180 -1.00 2.242081790744e-02 8.4408796e-07
182 -1.00 2.103618216798e-02 6.9980691e-07
184 -1.00 2.330260297531e-02 4.9162278e-07
186 -1.00 2.170952644036e-02 4.9846728e-07
188 -1.00 2.211499917845e-02 1.4137392e-06
190 -1.00 2.340042151291e-02 7.9231013e-07
192 -1.00 2.158664316112e-02 7.8751412e-07
194 -1.00 2.103929285137e-02 3.3078788e-07
196 -1.00 2.289701907310e-02 3.9840675e-07
198 -1.00 2.218485759906e-02 5.4043679e-07
200 -1.00 2.215345380284e-02 7.0834659e-07
202 -1.00 2.235729802438e-02 4.4157833e-07
204 -1.00 2.225731527641e-02 9.9046308e-07
206 -1.00 2.237988543570e-02 4.3424735e-07
208 -1.00 2.182367465783e-02 1.0464833e-06
210 -1.00 2.206115065207e-02 9.6704054e-07
212 -1.00 2.267736545615e-02 1.4968170e-06
214 -1.00 2.243122325956e-02 4.7373434e-07
216 -1.00 2.215506924153e-02 8.9795548e-07
218 -1.00 2.234918030999e-02 8.6936690e-07
220 -1.00 2.224341493249e-02 8.0351189e-07
222 -1.00 2.261713587383e-02 7.8011294e-07
224 -1.00 2.307087890765e-02 8.9267066e-07
226 -1.00 2.177629232304e-02 1.7204234e-06
228 -1.00 2.189341998244e-02 3.2369505e-07
230 -1.00 2.289707740519e-02 3.5147251e-07
232 -1.00 2.400159085792e-02 1.3369384e-06
234 -1.00 2.252995985447e-02 3.3085229e-06
236 -1.00 2.226367625990e-02 8.6132031e-07
238 -1.00 2.076909315817e-02 6.6170545e-07
240 -1.00 2.199648126353e-02 1.5121814e-06
242 -1.00 2.214184208279e-02 7.4689546e-07
244 -1.00 2.185375974691e-02 4.8258061e-07
246 -1.00 2.239058084294e-02 9.1382770e-07
248 -1.00 2.159543491416e-02 1.0222690e-06
250 -1.00 2.198701992284e-02 2.8074162e-07
252 -1.00 2.174588152672e-02 1.9213269e-07
254 -1.00 2.193750421460e-02 4.7181725e-07
256 -1.00 2.299393552912e-02 2.6983483e-06
258 -1.00 2.191553645913e-02 1.2173553e-06
260 -1.00 2.233410033694e-02 7.7889865e-07
262 -1.00 2.225099325824e-02 8.1400683e-07
264 -1.00 2.191952776613e-02 7.1361900e-07
266 -1.00 2.146490549069e-02 4.0427710e-07
268 -1.00 2.246214961088e-02 6.6473835e-07
270 -1.00 2.180633272857e-02 1.0299163e-06
272 -1.00 2.341140128254e-02 1.2430388e-06
274 -1.00 2.243634664724e-02 2.4107695e-06
276 -1.00 2.156648137644e-02 4.1022460e-07
278 -1.00 2.138690670189e-02 2.6570535e-07
280 -1.00 2.185609205211e-02 4.1003519e-07
282 -1.00 2.289394933162e-02 9.0156593e-07
284 -1.00 2.130339340034e-02 9.7172787e-07
286 -1.00 2.217051896232e-02 6.5172832e-07
288 -1.00 2.266783571539e-02 6.6886022e-07
290 -1.00 2.284521468495e-02 1.9096269e-06
292 -1.00 2.045947222421e-02 1.2583558e-07
294 -1.00 2.191337696735e-02 1.4343383e-06
296 -1.00 2.264833950294e-02 1.8350246e-06
298 -1.00 2.264554392301e-02 6.6744798e-07
300 -1.00 2.350346064391e-02 3.8334671e-06
102 -0.75 2.193955904415e-02 1.0178961e-06
104 -0.75 2.251472397964e-02 4.2336031e-07
106 -0.75 2.246513734752e-02 1.1713368e-06
108 -0.75 2.188842318741e-02 6.6702930e-07
110 -0.75 2.187700796527e-02 7.8651227e-07
112 -0.75 2.165031879810e-02 1.2760270e-06
114 -0.75 2.142521320690e-02 7.1116488e-07
116 -0.75 2.309234806915e-02 1.2126445e-06
118 -0.75 2.305104845068e-02 8.9849217e-07
120 -0.75 2.158432372904e-02 5.7980201e-07
122 -0.75 2.258225003199e-02 3.8462943e-07
124 -0.75 2.233764114057e-02 5.9722317e-07
126 -0.75 2.144249782487e-02 1.3452884e-06
128 -0.75 2.241412996187e-02 1.1961624e-06
130 -0.75 2.125227341661e-02 5.6583640e-07
132 -0.75 2.250239807372e-02 3.8161014e-07
134 -0.75 2.210517465484e-02 8.4335307e-07
136 -0.75 2.170781618192e-02 6.5526667e-07
138 -0.75 2.096635763580e-02 1.0451118e-06
140 -0.75 2.077583940178e-02 3.8020892e-07
142 -0.75 2.327136141493e-02 1.0492495e-06
144 -0.75 2.149161823218e-02 2.2816642e-06
146 -0.75 2.362078197272e-02 9.5505639e-07
148 -0.75 2.130700414711e-02 4.2680223e-07
150 -0.75 2.225403467589e-02 7.0371338e-07
152 -0.75 2.149850179721e-02 8.3247206e-07
154 -0.75 2.253526091390e-02 1.2348321e-06
156 -0.75 2.111665454546e-02 4.4203173e-07
158 -0.75 2.251506768837e-02 1.2213019e-06
160 -0.75 2.290318436828e-02 1.3594455e-06
162 -0.75 2.266965230332e-02 6.5568909e-07
164 -0.75 2.284913644942e-02 6.2319760e-07
166 -0.75 2.199774143441e-02 3.9503065e-07
168 -0.75 2.201549829748e-02 1.1931331e-06
170 -0.75 2.325041245970e-02 1.8456310e-06
172 -0.75 2.182496397185e-02 5.3927311e-07
174 -0.75 2.164376898507e-02 3.6684707e-07
176 -0.75 2.237250166773e-02 7.1272579e-07
178 -0.75 2.150226715167e-02 5.8332611e-07
180 -0.75 2.242733128251e-02 7.1475374e-07
182 -0.75 2.071098251192e-02 5.4121151e-07
184 -0.75 2.318738924344e-02 8.7497773e-07
186 -0.75 2.171673394869e-02 1.2426351e-06
188 -0.75 2.262842446912e-02 4.7545804e-07
190 -0.75 2.343493732120e-02 1.3767522e-06
192 -0.75 2.160340569563e-02 1.1806895e-06
194 -0.75 2.100647163587e-02 5.5749138e-07
196 -0.75 2.274039509634e-02 5.0753622e-07
198 -0.75 2.247363198906e-02 1.4486512e-06
200 -0.75 2.214812111476e-02 4.7791629e-07
202 -0.75 2.261988719862e-02 2.8864918e-06
204 -0.75 2.254001905166e-02 7.6538991e-07
206 -0.75 2.334512337909e-02 7.4019730e-07
208 -0.75 2.102407958607e-02 5.0708641e-07
210 -0.75 2.158841983514e-02 3.3612904e-07
212 -0.75 2.229072136817e-02 1.0635615e-06
214 -0.75 2.228095295654e-02 5.5662465e-07
216 -0.75 2.226746597964e-02 8.6419089e-07
218 -0.75 2.287890164475e-02 3.4682009e-07
220 -0.75 2.250955891905e-02 7.6091711e-07
222 -0.75 2.274433641348e-02 1.1788481e-06
224 -0.75 2.278773829356e-02 8.6692169e-07
226 -0.75 2.112518643120e-02 4.0994602e-07
228 -0.75 2.181850585968e-02 1.0389027e-06
230 -0.75 2.211555998964e-02 4.1502014e-07
232 -0.75 2.322404845596e-02 4.6137072e-07
234 -0.75 2.142069414491e-02 6.0333524e-07
236 -0.75 2.189404768472e-02 1.0009354e-06
238 -0.75 2.119037164564e-02 6.4622076e-07
240 -0.75 2.203379310247e-02 7.1984564e-07
242 -0.75 2.195372981367e-02 4.4521426e-07
244 -0.75 2.230000551421e-02 1.2426289e-06
246 -0.75 2.196913538324e-02 5.4463922e-07
248 -0.75 2.090861496647e-02 3.6627276e-07
250 -0.75 2.161516292419e-02 6.3884458e-07
252 -0.75 2.266247695376e-02 3.5483995e-06
254 -0.75 2.245734651617e-02 1.3811586e-06
256 -0.75 2.223703069043e-02 5.2275288e-07
258 -0.75 2.175988057091e-02 4.9737525e-07
260 -0.75 2.254121520957e-02 1.1472320e-06
262 -0.75 2.250493543868e-02 7.9308877e-07
264 -0.75 2.203717522397e-02 7.6217289e-07
266 -0.75 2.186689450397e-02 3.0631437e-07
268 -0.75 2.244766770545e-02 1.8120918e-06
270 -0.75 2.175280335008e-02 8.4085064e-07
272 -0.75 2.360480960338e-02 1.0902262e-06
274 -0.75 2.167530067839e-02 6.8485594e-07
276 -0.75 2.150678253291e-02 2.3911859e-06
278 -0.75 2.154007330576e-02 1.0691073e-06
280 -0.75 2.223802914146e-02 5.3589371e-07
282 -0.75 2.354660343004e-02 1.6702236e-06
284 -0.75 2.175018744157e-02 9.6771049e-07
286 -0.75 2.171479813844e-02 2.7301317e-07
288 -0.75 2.262846302914e-02 9.8090612e-07
290 -0.75 2.230652421039e-02 4.8699230e-07
292 -0.75 2.169865948728e-02 5.7553028e-07
294 -0.75 2.184756659982e-02 3.6118867e-07
296 -0.75 2.189178298174e-02 1.1061093e-06
298 -0.75 2.252307371542e-02 9.2065138e-07
300 -0.75 2.290784361664e-02 1.2236570e-06
102 -0.50 2.113206996633e-02 4.6554049e-07
104 -0.50 2.165693101220e-02 7.6844210e-07
106 -0.50 2.209065762133e-02 4.6717654e-07
108 -0.50 2.250826482417e-02 9.0765634e-07
110 -0.50 2.195786511217e-02 9.8801382e-07
112 -0.50 2.111924560678e-02 1.2690643e-06
114 -0.50 2.223001447382e-02 1.0074443e-06
116 -0.50 2.334029273161e-02 6.8888726e-07
118 -0.50 2.345375807685e-02 2.1761489e-06
120 -0.50 2.144272006991e-02 3.6757780e-07
122 -0.50 2.268600318705e-02 9.3688079e-07
124 -0.50 2.225326082586e-02 6.7791742e-07
126 -0.50 2.177807958766e-02 1.2808297e-06
128 -0.50 2.196930972291e-02 4.3054638e-07
130 -0.50 2.187932588021e-02 1.3189320e-06
132 -0.50 2.305505388677e-02 4.7123786e-07
134 -0.50 2.183433883495e-02 1.6484277e-06
136 -0.50 2.145814023465e-02 6.7034190e-07
138 -0.50 2.084796934733e-02 2.9192984e-07
140 -0.50 2.068959582679e-02 1.7428951e-06
142 -0.50 2.277795518321e-02 2.2348179e-07
144 -0.50 2.152132262923e-02 6.4927985e-07
146 -0.50 2.327507403444e-02 1.0707958e-06
148 -0.50 2.136723642688e-02 1.0615346e-06
150 -0.50 2.249796927845e-02 6.1088569e-07
152 -0.50 2.211198600518e-02 9.5906988e-07
154 -0.50 2.209052046352e-02 9.0001667e-07
156 -0.50 2.070962260417e-02 9.6699198e-07
158 -0.50 2.224441738751e-02 7.8199945e-07
160 -0.50 2.280725986889e-02 1.9676478e-06
162 -0.50 2.214759943015e-02 7.9467193e-07
164 -0.50 2.221861731468e-02 1.2867026e-06
166 -0.50 2.277571005277e-02 8.8697374e-07
168 -0.50 2.118779288691e-02 4.1637107e-07
170 -0.50 2.338141104885e-02 2.1078211e-06
172 -0.50 2.219426697245e-02 1.1927860e-06
174 -0.50 2.191997439245e-02 1.0262459e-06
176 -0.50 2.211666377004e-02 8.0445443e-07
178 -0.50 2.215912292172e-02 8.4363313e-07
180 -0.50 2.286465212726e-02 1.0660839e-06
182 -0.50 2.041329814868e-02 1.9362242e-07
184 -0.50 2.279431457788e-02 4.3528015e-07
186 -0.50 2.223074672841e-02 2.3472955e-06
188 -0.50 2.181695937547e-02 9.7722802e-07
190 -0.50 2.251502462139e-02 3.4178002e-07
192 -0.50 2.146002962536e-02 7.9420253e-07
194 -0.50 2.106584825832e-02 1.1102606e-06
196 -0.50 2.214765944930e-02 3.9306037e-07
198 -0.50 2.203743660637e-02 6.1924396e-07
200 -0.50 2.175023056260e-02 3.5518357e-07
202 -0.50 2.219110124023e-02 1.2762904e-06
204 -0.50 2.210415351797e-02 7.1260124e-07
206 -0.50 2.301761448305e-02 1.3739062e-06
208 -0.50 2.138761935038e-02 5.5429944e-07
210 -0.50 2.162718086271e-02 1.2256636e-07
212 -0.50 2.295118806904e-02 8.0715988e-07
214 -0.50 2.246520722401e-02 1.6982262e-06
216 -0.50 2.196543242270e-02 5.8373635e-07
218 -0.50 2.216313222074e-02 1.3097317e-07
220 -0.50 2.255082324859e-02 1.1115866e-06
222 -0.50 2.212427659018e-02 9.1780618e-07
224 -0.50 2.275382875839e-02 1.2853456e-06
226 -0.50 2.220404007449e-02 8.0369463e-07
228 -0.50 2.241992609826e-02 9.8883768e-07
230 -0.50 2.284538098744e-02 9.0901963e-07
232 -0.50 2.368501348997e-02 1.2896254e-06
234 -0.50 2.193989096559e-02 5.7810306e-07
236 -0.50 2.131352928170e-02 1.0384269e-06
238 -0.50 2.124141103793e-02 8.4400360e-07
240 -0.50 2.155314203653e-02 1.5220843e-06
242 -0.50 2.205314508001e-02 9.7512040e-07
244 -0.50 2.188911706334e-02 2.4058753e-06
246 -0.50 2.196565491181e-02 8.6218499e-07
248 -0.50 2.111004580704e-02 4.9922628e-07
250 -0.50 2.203450492272e-02 1.1750825e-06
252 -0.50 2.228891916036e-02 7.1386205e-07
254 -0.50 2.179627745204e-02 1.2815700e-06
256 -0.50 2.191896516483e-02 8.8699238e-07
258 -0.50 2.166617429862e-02 4.6730962e-07
260 -0.50 2.238705200843e-02 1.2610500e-06
262 -0.50 2.172400768653e-02 1.3809096e-06
264 -0.50 2.169845336439e-02 8.0929113e-07
266 -0.50 2.161515996237e-02 9.1558127e-07
268 -0.50 2.174700049881e-02 6.4248996e-07
270 -0.50 2.150683781448e-02 1.0643320e-06
272 -0.50 2.294049783356e-02 5.2271832e-07
274 -0.50 2.190948674439e-02 1.2311038e-06
276 -0.50 2.112294604526e-02 3.2955903e-07
278 -0.50 2.166461430043e-02 1.0501612e-06
280 -0.50 2.227737559366e-02 1.0687365e-06
282 -0.50 2.240798242869e-02 4.8564089e-07
284 -0.50 2.105847149257e-02 2.1917899e-07
286 -0.50 2.203538289079e-02 4.5277805e-07
288 -0.50 2.262091885113e-02 1.3048814e-06
290 -0.50 2.165369381663e-02 4.0499768e-07
292 -0.50 2.084696786756e-02 6.5695393e-07
294 -0.50 2.153560274725e-02 2.0429779e-07
296 -0.50 2.208726297062e-02 9.5065564e-07
298 -0.50 2.246476349065e-02 7.3123414e-07
300 -0.50 2.265959192478e-02 8.2234189e-07
102 -0.25 2.180516311679e-02 7.6195155e-07
104 -0.25 2.151446439459e-02 6.6159709e-07
106 -0.25 2.273398266735e-02 1.4915428e-06
108 -0.25 2.216109731087e-02 8.9665358e-07
110 -0.25 2.221254045725e-02 5.6253581e-07
112 -0.25 2.148698249232e-02 6.9221592e-07
114 -0.25 2.118751899204e-02 5.3654110e-07
116 -0.25 2.308252597140e-02 3.1089799e-07
118 -0.25 2.303553408391e-02 2.0624031e-06
120 -0.25 2.095223149900e-02 1.9636566e-07
122 -0.25 2.293876678818e-02 2.5004674e-06
124 -0.25 2.291629531770e-02 6.1644066e-07
126 -0.25 2.138442599638e-02 7.5350431e-07
128 -0.25 2.225035116010e-02 6.3964517e-07
130 -0.25 2.107821584634e-02 5.7518259e-07
132 -0.25 2.206320779370e-02 5.7338273e-07
134 -0.25 2.235174382857e-02 2.6438185e-06
136 -0.25 2.135953214013e-02 7.9378337e-07
138 -0.25 2.147787477628e-02 9.1570109e-07
140 -0.25 2.082259190309e-02 6.1646055e-07
142 -0.25 2.256468569165e-02 1.0237569e-06
144 -0.25 2.118697584673e-02 3.4057432e-07
146 -0.25 2.250677971241e-02 4.9762102e-07
148 -0.25 2.172495301064e-02 6.2972231e-07
150 -0.25 2.264896852801e-02 6.4570057e-07
152 -0.25 2.166502704310e-02 8.3100831e-07
154 -0.25 2.196322396230e-02 6.0529726e-07
156 -0.25 2.046969049316e-02 4.0501666e-07
158 -0.25 2.176499703521e-02 1.6780933e-06
160 -0.25 2.257299611809e-02 4.9446131e-07
162 -0.25 2.238383351588e-02 1.3500336e-06
164 -0.25 2.248183293725e-02 5.6940141e-07
166 -0.25 2.204377078097e-02 4.2104165e-07
168 -0.25 2.120958870778e-02 9.3566162e-07
170 -0.25 2.291246939483e-02 1.3068456e-06
172 -0.25 2.216928896304e-02 8.0483795e-07
174 -0.25 2.196346196004e-02 3.5435818e-07
176 -0.25 2.247794646847e-02 1.2925099e-06
178 -0.25 2.148487490233e-02 5.2108784e-07
180 -0.25 2.205257411928e-02 1.0871597e-06
182 -0.25 2.115932524008e-02 9.0973465e-07
184 -0.25 2.303360701222e-02 6.3647180e-07
186 -0.25 2.127889773249e-02 8.5663790e-07
188 -0.25 2.157874269108e-02 1.0530203e-06
190 -0.25 2.293873471714e-02 5.6252934e-07
192 -0.25 2.169045454488e-02 5.2790563e-07
194 -0.25 2.137411988273e-02 4.9569817e-07
196 -0.25 2.275133008466e-02 1.1123746e-06
198 -0.25 2.214715046661e-02 2.9201367e-07
200 -0.25 2.124055871271e-02 9.1215593e-07
202 -0.25 2.242804049030e-02 1.3674112e-06
204 -0.25 2.259953458925e-02 2.6964886e-07
206 -0.25 2.302407809644e-02 5.6094298e-07
208 -0.25 2.153473533505e-02 1.2685808e-06
210 -0.25 2.161585127903e-02 5.6634854e-07
212 -0.25 2.214487831018e-02 5.7386348e-07
214 -0.25 2.229912670604e-02 1.8061265e-06
216 -0.25 2.164936060680e-02 9.8845884e-07
218 -0.25 2.120923224835e-02 7.0988137e-07
220 -0.25 2.269235048484e-02 1.1762325e-06
222 -0.25 2.230204315673e-02 6.1591132e-07
224 -0.25 2.288072307411e-02 7.7577769e-07
226 -0.25 2.093376882508e-02 2.2394565e-07
228 -0.25 2.212586677352e-02 1.1012528e-06
230 -0.25 2.257110776996e-02 8.9174088e-07
232 -0.25 2.345388311138e-02 6.9432707e-07
234 -0.25 2.155196723044e-02 9.1833496e-07
236 -0.25 2.277551886218e-02 1.4476182e-06
238 -0.25 2.144392694635e-02 6.1462114e-07
240 -0.25 2.088767874311e-02 1.7634983e-07
242 -0.25 2.226471188301e-02 1.7751809e-06
244 -0.25 2.176975895440e-02 6.0345287e-07
246 -0.25 2.206579789644e-02 3.3986233e-07
248 -0.25 2.113540503355e-02 4.8273902e-07
250 -0.25 2.157826938191e-02 4.8469665e-07
252 -0.25 2.201929120036e-02 1.3020712e-06
254 -0.25 2.268354443402e-02 1.2345141e-06
256 -0.25 2.179074960900e-02 1.0352067e-06
258 -0.25 2.170164593091e-02 5.4432972e-07
260 -0.25 2.239212918721e-02 8.6555518e-07
262 -0.25 2.225920686884e-02 1.2847339e-06
264 -0.25 2.197788196955e-02 2.6580394e-06
266 -0.25 2.143140809370e-02 5.4453622e-07
268 -0.25 2.224815382506e-02 1.0004957e-06
270 -0.25 2.141229567514e-02 1.1898149e-06
272 -0.25 2.331076330890e-02 3.7024788e-07
274 -0.25 2.177237860219e-02 7.5792586e-07
276 -0.25 2.135062115012e-02 1.3643200e-06
278 -0.25 2.169570350555e-02 9.8349263e-07
280 -0.25 2.202095056652e-02 2.1699317e-06
282 -0.25 2.248081485065e-02 6.3098762e-07
284 -0.25 2.102139758559e-02 1.6878510e-06
286 -0.25 2.198314908929e-02 7.7696294e-07
288 -0.25 2.265357693489e-02 1.6765018e-06
290 -0.25 2.180325420654e-02 5.0737745e-07
292 -0.25 2.106439949481e-02 8.1380917e-07
294 -0.25 2.127276625455e-02 9.4370701e-07
296 -0.25 2.224930807955e-02 3.3941263e-07
298 -0.25 2.294535941386e-02 4.3238834e-07
300 -0.25 2.315414471007e-02 1.4058869e-06
102 0.00 2.236466581064e-02 2.4994310e-06
104 0.00 2.206056400398e-02 1.4908814e-06
106 0.00 2.241089878576e-02 1.2954592e-06
108 0.00 2.157254927908e-02 3.6262118e-07
110 0.00 2.181250429166e-02 1.0340655e-06
112 0.00 2.142145982887e-02 6.9437480e-07
114 0.00 2.117379712236e-02 5.3281463e-07
116 0.00 2.319211436016e-02 1.3228522e-06
118 0.00 2.351058710240e-02 1.3910261e-06
120 0.00 2.105729846318e-02 9.1008244e-07
122 0.00 2.290227793138e-02 9.2258485e-07
124 0.00 2.250743374869e-02 6.6440324e-07
126 0.00 2.084554047629e-02 9.0120142e-07
128 0.00 2.241153931276e-02 2.5372114e-07
130 0.00 2.120735444277e-02 1.1308084e-06
132 0.00 2.204383257964e-02 1.2517041e-06
134 0.00 2.183117460978e-02 1.2650066e-06
136 0.00 2.105240519957e-02 9.5818869e-07
138 0.00 2.150270046355e-02 4.1880505e-07
140 0.00 2.052338158410e-02 1.0920852e-06
142 0.00 2.266129974905e-02 7.8255838e-07
144 0.00 2.116878471724e-02 9.5510069e-07
146 0.00 2.256608376411e-02 1.0188441e-06
148 0.00 2.170229044770e-02 1.2097438e-06
150 0.00 2.210279357337e-02 7.9538427e-07
152 0.00 2.153188239959e-02 5.3219987e-07
154 0.00 2.175929238437e-02 1.2113796e-06
156 0.00 2.072975764569e-02 6.5790088e-07
158 0.00 2.239585817120e-02 1.8266208e-06
160 0.00 2.273440074319e-02 5.6812935e-07
162 0.00 2.196335120356e-02 3.6814917e-07
164 0.00 2.238651007040e-02 4.5416232e-07
166 0.00 2.199296026579e-02 1.3091384e-06
168 0.00 2.143558750870e-02 7.7793866e-07
170 0.00 2.282826759479e-02 5.9877554e-07
172 0.00 2.161307580449e-02 1.9420819e-07
174 0.00 2.258630789812e-02 1.7005673e-06
176 0.00 2.247764783997e-02 1.5008330e-06
178 0.00 2.153991113858e-02 3.4024785e-07
180 0.00 2.223294334661e-02 7.2443648e-07
182 0.00 2.129940291011e-02 5.1894720e-07
184 0.00 2.299826307469e-02 3.3358007e-07
186 0.00 2.132302793660e-02 1.1600980e-06
188 0.00 2.195943886926e-02 8.7152472e-07
190 0.00 2.267636236489e-02 1.6452150e-06
192 0.00 2.168602621466e-02 9.3259562e-07
194 0.00 2.093548649347e-02 1.0474434e-06
196 0.00 2.248909317398e-02 3.5622749e-07
198 0.00 2.272787146309e-02 2.0598506e-06
200 0.00 2.191989541527e-02 9.0616557e-07
202 0.00 2.188882430594e-02 6.1496503e-07
204 0.00 2.143323056766e-02 2.2091022e-07
206 0.00 2.275945146505e-02 2.4046800e-07
208 0.00 2.151159078905e-02 1.3594791e-06
210 0.00 2.104333349165e-02 3.5097385e-07
212 0.00 2.224939309502e-02 8.5329746e-07
214 0.00 2.179893236381e-02 1.7546633e-06
216 0.00 2.219138570193e-02 1.0051665e-06
218 0.00 2.199115494193e-02 1.9014162e-06
220 0.00 2.231962928535e-02 9.0759011e-07
222 0.00 2.297179246874e-02 1.1751252e-06
224 0.00 2.283306129059e-02 7.8569547e-07
226 0.00 2.147581986978e-02 8.6387949e-07
228 0.00 2.202189136563e-02 3.2178800e-07
230 0.00 2.284770938235e-02 1.1918082e-06
232 0.00 2.306709638475e-02 3.8643842e-07
234 0.00 2.151676823298e-02 5.7819325e-07
236 0.00 2.284441066875e-02 1.9329666e-06
238 0.00 2.120448485726e-02 1.3777859e-06
240 0.00 2.192573470888e-02 1.0526534e-06
242 0.00 2.219476988689e-02 2.6081997e-06
244 0.00 2.159164563769e-02 2.7942050e-07
246 0.00 2.211856804594e-02 1.2063194e-06
248 0.00 2.073914035051e-02 8.0310964e-07
250 0.00 2.142986262738e-02 3.3558595e-07
252 0.00 2.197411078581e-02 9.1367429e-07
254 0.00 2.218552242658e-02 7.6639028e-07
256 0.00 2.160632315060e-02 5.1813664e-07
258 0.00 2.143649132036e-02 9.6802265e-07
260 0.00 2.236456705630e-02 8.7886863e-07
262 0.00 2.199468776402e-02 3.7354248e-07
264 0.00 2.160869826323e-02 7.4110481e-07
266 0.00 2.162610046260e-02 1.5870960e-06
268 0.00 2.156860457447e-02 7.2505401e-07
270 0.00 2.148062856290e-02 1.3665079e-06
272 0.00 2.360403814145e-02 1.2252761e-06
274 0.00 2.162346239983e-02 1.9645214e-06
276 0.00 2.157566351518e-02 4.5407712e-07
278 0.00 2.104182825882e-02 1.3282272e-06
280 0.00 2.188590076709e-02 3.2080478e-07
282 0.00 2.277471925038e-02 8.9725967e-07
284 0.00 2.149196570142e-02 1.1304489e-06
286 0.00 2.138841166172e-02 7.7485412e-07
288 0.00 2.200946582999e-02 6.3906284e-07
290 0.00 2.168090593406e-02 1.7383759e-07
292 0.00 2.082172882111e-02 7.2989049e-07
294 0.00 2.178024208354e-02 6.3739583e-07
296 0.00 2.244916959444e-02 2.5049083e-06
298 0.00 2.272600351611e-02 5.3346323e-07
300 0.00 2.282508850775e-02 5.4166904e-07
102 0.25 2.125674152430e-02 3.6694702e-07
104 0.25 2.170854861627e-02 1.0396773e-06
106 0.25 2.219017247406e-02 5.8532865e-07
108 0.25 2.224449238528e-02 6.0105577e-07
110 0.25 2.148145503316e-02 4.3444789e-07
112 0.25 2.119029283116e-02 2.2686400e-07
114 0.25 2.241498859139e-02 1.8740669e-06
116 0.25 2.345123488877e-02 2.5217143e-06
118 0.25 2.272702668495e-02 7.2752782e-07
120 0.25 2.174213456910e-02 1.0992113e-06
122 0.25 2.250134706253e-02 8.6550174e-07
124 0.25 2.215043559176e-02 7.3430740e-07
126 0.25 2.100979466087e-02 2.9483003e-07
128 0.25 2.203521708117e-02 1.6031482e-06
130 0.25 2.137837294677e-02 4.4355038e-07
132 0.25 2.258927855711e-02 1.2955878e-06
134 0.25 2.215816275339e-02 2.3794310e-06
136 0.25 2.096246103438e-02 3.1669204e-07
138 0.25 2.146849893372e-02 1.1968981e-06
140 0.25 2.239936348410e-02 2.8748448e-06
142 0.25 2.278724107650e-02 5.5223882e-07
144 0.25 2.130249951945e-02 5.9146785e-07
146 0.25 2.278239060522e-02 1.8000542e-06
148 0.25 2.150864042973e-02 7.0260858e-07
150 0.25 2.181836919833e-02 8.9644355e-07
152 0.25 2.118416118420e-02 8.1128619e-07
154 0.25 2.222936060922e-02 1.9749517e-06
156 0.25 2.070079076475e-02 5.2840064e-07
158 0.25 2.244676688971e-02 1.8256102e-06
160 0.25 2.275139754169e-02 2.2228951e-06
162 0.25 2.210072735536e-02 1.1091335e-06
164 0.25 2.294896466919e-02 1.8527421e-06
166 0.25 2.202852983077e-02 4.2785718e-07
168 0.25 2.139095069058e-02 8.5415195e-07
170 0.25 2.233094176743e-02 6.2219368e-07
172 0.25 2.190025427768e-02 7.0170740e-07
174 0.25 2.184834668960e-02 3.9749765e-07
176 0.25 2.268582249132e-02 1.2482159e-06
178 0.25 2.167917076999e-02 5.8979363e-07
180 0.25 2.256994562390e-02 8.8214316e-07
182 0.25 2.029570643657e-02 5.5104961e-07
184 0.25 2.265797509994e-02 6.1449617e-07
186 0.25 2.175642042237e-02 1.0768226e-06
188 0.25 2.207499536314e-02 2.9608351e-07
190 0.25 2.272589849899e-02 9.7612710e-07
192 0.25 2.113325045061e-02 8.9620990e-07
194 0.25 2.103539776642e-02 6.0290473e-07
196 0.25 2.259814220522e-02 1.3458867e-06
198 0.25 2.243913791047e-02 1.8828434e-06
200 0.25 2.137028589640e-02 4.7487449e-07
202 0.25 2.219212795718e-02 5.8851242e-07
204 0.25 2.244936242233e-02 3.0366942e-07
206 0.25 2.342254996682e-02 9.1777187e-07
208 0.25 2.081307419382e-02 1.1170958e-06
210 0.25 2.242842984495e-02 1.2821832e-06
212 0.25 2.266859660384e-02 7.7943016e-07
214 0.25 2.172997318873e-02 1.3174250e-06
216 0.25 2.087893293844e-02 8.0486428e-07
218 0.25 2.221770334127e-02 1.5694566e-06
220 0.25 2.271989077708e-02 1.3052818e-06
222 0.25 2.226012437423e-02 7.6048227e-07
224 0.25 2.245895428081e-02 1.9298823e-06
226 0.25 2.120184046612e-02 7.0343736e-07
228 0.25 2.239790028788e-02 2.0021053e-06
230 0.25 2.296468597429e-02 7.5448715e-07
232 0.25 2.343721180091e-02 5.1039571e-07
234 0.25 2.219907861383e-02 1.3880264e-06
236 0.25 2.189822874751e-02 1.6508256e-06
238 0.25 2.063329440763e-02 6.4023134e-07
240 0.25 2.109552135846e-02 5.9699742e-07
242 0.25 2.180364817336e-02 4.6931671e-07
244 0.25 2.169495064835e-02 2.7235326e-07
246 0.25 2.223342095172e-02 8.0877694e-07
248 0.25 2.096471710991e-02 3.1053484e-07
250 0.25 2.159210870652e-02 2.5139832e-07
252 0.25 2.206738435343e-02 2.2083570e-06
254 0.25 2.213249118764e-02 5.0610545e-07
256 0.25 2.212987976657e-02 6.2362063e-07
258 0.25 2.136745928262e-02 4.8196677e-07
260 0.25 2.173625715092e-02 8.5263297e-07
262 0.25 2.178952467139e-02 3.5018605e-07
264 0.25 2.173631515371e-02 7.8232028e-07
266 0.25 2.123405181025e-02 6.1937320e-07
268 0.25 2.152473570005e-02 3.3968221e-07
270 0.25 2.171097622338e-02 1.1751145e-06
272 0.25 2.309050871920e-02 1.2815723e-06
274 0.25 2.208518408917e-02 1.8544264e-06
276 0.25 2.148106547876e-02 6.8877614e-07
278 0.25 2.072690888263e-02 5.0810623e-07
280 0.25 2.231953235305e-02 6.4777194e-07
282 0.25 2.189169055662e-02 1.2866984e-06
284 0.25 2.097406589399e-02 6.0049326e-07
286 0.25 2.195883112922e-02 5.6721308e-07
288 0.25 2.196580050338e-02 3.0444084e-07
290 0.25 2.106442434736e-02 4.6892334e-07
292 0.25 2.087320790199e-02 9.1730698e-07
294 0.25 2.094486940845e-02 4.1982675e-07
296 0.25 2.217599956462e-02 5.3155635e-07
298 0.25 2.252967521367e-02 6.5338291e-07
300 0.25 2.238599098255e-02 5.5924959e-07
102 0.50 2.163050174115e-02 1.2407419e-06
104 0.50 2.186214016323e-02 1.0039446e-06
106 0.50 2.183849157095e-02 1.3669351e-06
108 0.50 2.202047866634e-02 5.2571832e-07
110 0.50 2.202558069119e-02 5.8994181e-07
112 0.50 2.141612270244e-02 7.5299157e-07
114 0.50 2.224575628596e-02 3.3935297e-06
116 0.50 2.299127191438e-02 1.4075739e-06
118 0.50 2.260011179403e-02 4.0783278e-07
120 0.50 2.191456468415e-02 2.0936354e-06
122 0.50 2.220292513691e-02 6.1936847e-07
124 0.50 2.208722716138e-02 3.8373029e-07
126 0.50 2.118304489802e-02 2.7534640e-07
128 0.50 2.233680985213e-02 1.1781368e-06
130 0.50 2.118453406302e-02 4.1734301e-07
132 0.50 2.238257086737e-02 1.7121001e-06
134 0.50 2.185542642825e-02 4.3529776e-07
136 0.50 2.100349930027e-02 6.1798847e-07
138 0.50 2.158937321007e-02 1.3682948e-06
140 0.50 2.063683948422e-02 3.3262195e-07
142 0.50 2.247643231068e-02 4.9230324e-07
144 0.50 2.137509257897e-02 1.0743153e-06
146 0.50 2.289694493644e-02 1.6696470e-06
148 0.50 2.175762103634e-02 5.4456178e-07
150 0.50 2.261763353426e-02 1.6485953e-06
152 0.50 2.104447063252e-02 4.3525057e-07
154 0.50 2.146680461556e-02 1.2421465e-06
156 0.50 2.122214535524e-02 1.5640191e-06
158 0.50 2.176343997038e-02 3.6917248e-07
160 0.50 2.239082572315e-02 2.3089408e-06
162 0.50 2.187133737717e-02 1.0758429e-06
164 0.50 2.270161128137e-02 8.1968589e-07
166 0.50 2.170780668223e-02 4.4008154e-07
168 0.50 2.139314247713e-02 1.1804884e-06
170 0.50 2.227099021601e-02 7.2886255e-07
172 0.50 2.197561790317e-02 3.0516046e-06
174 0.50 2.154492823371e-02 1.3605768e-06
176 0.50 2.216394965169e-02 7.3707142e-07
178 0.50 2.153954019246e-02 2.9129185e-07
180 0.50 2.203381511463e-02 1.3541210e-06
182 0.50 2.100430656787e-02 1.1306727e-06
184 0.50 2.254681483750e-02 8.5784712e-07
186 0.50 2.115594878835e-02 1.0455188e-06
188 0.50 2.158676324703e-02 6.2628139e-07
190 0.50 2.315978005862e-02 1.4303751e-06
192 0.50 2.193264503449e-02 6.2344089e-07
194 0.50 2.165002588348e-02 2.0595857e-06
196 0.50 2.172795138089e-02 5.5614015e-07
198 0.50 2.196374017854e-02 8.8629981e-07
200 0.50 2.215631104015e-02 2.8928075e-06
202 0.50 2.203326851783e-02 1.6240546e-06
204 0.50 2.184018690332e-02 5.7696831e-07
206 0.50 2.258793411663e-02 1.3108810e-06
208 0.50 2.132163659976e-02 1.4733000e-06
210 0.50 2.190405568287e-02 1.1136906e-06
212 0.50 2.199945436652e-02 6.2638582e-07
214 0.50 2.168893681623e-02 9.5040517e-07
216 0.50 2.160801859101e-02 2.8086877e-07
218 0.50 2.127718257712e-02 4.4350329e-07
220 0.50 2.302469696037e-02 1.8065285e-06
222 0.50 2.225863579720e-02 3.5457928e-07
224 0.50 2.230797945157e-02 5.5564783e-07
226 0.50 2.172745050234e-02 1.2270130e-06
228 0.50 2.179041469210e-02 7.4242863e-07
230 0.50 2.297096445936e-02 9.9412838e-07
232 0.50 2.307120557091e-02 9.0026637e-07
234 0.50 2.163628141426e-02 1.0629416e-06
236 0.50 2.149538443984e-02 1.0881616e-06
238 0.50 2.134962993294e-02 4.4538820e-07
240 0.50 2.164254313939e-02 1.2008989e-06
242 0.50 2.167974921047e-02 5.1718983e-07
244 0.50 2.164547405711e-02 4.7695820e-07
246 0.50 2.107127123480e-02 7.3053222e-07
248 0.50 2.124837315301e-02 1.2294820e-06
250 0.50 2.208667487998e-02 8.1608659e-07
252 0.50 2.193773615268e-02 3.2858696e-07
254 0.50 2.220487315290e-02 4.1576821e-07
256 0.50 2.130455341510e-02 1.1171569e-06
258 0.50 2.166300601458e-02 1.1397692e-06
260 0.50 2.231545568809e-02 1.7887214e-06
262 0.50 2.171675995055e-02 6.6648622e-07
264 0.50 2.215047928749e-02 2.1725973e-06
266 0.50 2.154310981059e-02 4.3831754e-07
268 0.50 2.198788053635e-02 1.1590744e-06
270 0.50 2.193672934267e-02 2.0915658e-06
272 0.50 2.290500149312e-02 1.1259729e-06
274 0.50 2.212372901484e-02 1.4097216e-06
276 0.50 2.112855271295e-02 1.4610201e-07
278 0.50 2.069249424839e-02 7.6640477e-07
280 0.50 2.175875191529e-02 8.1024808e-07
282 0.50 2.274215789887e-02 8.5082591e-07
284 0.50 2.153032425968e-02 8.9995966e-07
286 0.50 2.148134339839e-02 3.9794667e-07
288 0.50 2.261252905667e-02 1.3158415e-06
290 0.50 2.145204425506e-02 1.1823174e-06
292 0.50 2.073219438432e-02 8.8094602e-07
294 0.50 2.155928291434e-02 7.7194517e-07
296 0.50 2.208917011177e-02 7.9706202e-07
298 0.50 2.173604846772e-02 9.5508174e-07
300 0.50 2.313371477758e-02 1.4050717e-06
102 0.75 2.185673613778e-02 8.7393754e-07
104 0.75 2.127811449429e-02 2.8047535e-07
106 0.75 2.184358466326e-02 7.1123262e-07
108 0.75 2.206580966739e-02 1.0922845e-06
110 0.75 2.204607016497e-02 1.3457355e-06
112 0.75 2.070960756538e-02 1.1605181e-06
114 0.75 2.195712515179e-02 9.9061872e-07
116 0.75 2.291900200626e-02 6.2522426e-07
118 0.75 2.264678689524e-02 6.4970796e-07
120 0.75 2.149511255283e-02 3.5757601e-07
122 0.75 2.284584745683e-02 2.1240518e-06
124 0.75 2.252209831480e-02 1.1359155e-06
126 0.75 2.172319876806e-02 6.7300834e-07
128 0.75 2.233466909217e-02 3.7431387e-07
130 0.75 2.148087711722e-02 1.1096026e-06
132 0.75 2.179305626525e-02 3.7315416e-07
134 0.75 2.172792267116e-02 1.0166003e-06
136 0.75 2.124474589573e-02 1.4712562e-06
138 0.75 2.124313899895e-02 6.2387730e-07
140 0.75 2.050629236950e-02 6.6939059e-07
142 0.75 2.247411487318e-02 6.2841175e-07
144 0.75 2.113115973761e-02 7.6571726e-07
146 0.75 2.276379254890e-02 2.1178723e-06
148 0.75 2.156613390347e-02 9.2790288e-07
150 0.75 2.308151014822e-02 1.7894352e-06
152 0.75 2.124784299896e-02 7.8344136e-07
154 0.75 2.174861303184e-02 1.6975873e-06
156 0.75 2.023505998204e-02 3.8969939e-07
158 0.75 2.200187415541e-02 3.0323146e-07
160 0.75 2.212274673910e-02 1.5225472e-06
162 0.75 2.197810893771e-02 1.5415110e-06
164 0.75 2.254715831779e-02 9.1346655e-07
166 0.75 2.195894182867e-02 3.1213950e-07
168 0.75 2.137738290935e-02 1.1574953e-06
170 0.75 2.229803921044e-02 1.5493585e-06
172 0.75 2.101861955974e-02 2.3343970e-07
174 0.75 2.157191284837e-02 1.2096509e-06
176 0.75 2.238935842498e-02 2.4699821e-07
178 0.75 2.090630489328e-02 2.1820395e-07
180 0.75 2.249725930626e-02 1.7004265e-06
182 0.75 2.057293423167e-02 2.1843807e-06
184 0.75 2.250644941163e-02 1.4278643e-06
186 0.75 2.152035753450e-02 3.4897000e-07
188 0.75 2.220704746976e-02 1.6562131e-06
190 0.75 2.215806796210e-02 8.3108861e-07
192 0.75 2.176822926224e-02 1.4844169e-06
194 0.75 2.164915223590e-02 2.2759354e-06
196 0.75 2.232451696671e-02 2.2112888e-06
198 0.75 2.155614409892e-02 9.8911786e-07
200 0.75 2.173753119469e-02 1.1132193e-06
202 0.75 2.215063134406e-02 1.9805222e-06
204 0.75 2.177636812112e-02 5.1903471e-07
206 0.75 2.197224009889e-02 4.2939918e-07
208 0.75 2.124811270419e-02 7.9547635e-07
210 0.75 2.124787418292e-02 7.3448886e-07
212 0.75 2.186350254942e-02 6.0212625e-07
214 0.75 2.215714135178e-02 8.8313819e-07
216 0.75 2.148327214461e-02 7.2584060e-07
218 0.75 2.182242751424e-02 9.5740590e-07
220 0.75 2.242479038068e-02 1.2363323e-06
222 0.75 2.255030221641e-02 7.4102814e-07
224 0.75 2.248962586851e-02 5.7276521e-07
226 0.75 2.130225952430e-02 2.9256430e-07
228 0.75 2.177417771626e-02 4.0609947e-06
230 0.75 2.218731879117e-02 1.4185099e-06
232 0.75 2.283757895114e-02 1.2749766e-06
234 0.75 2.231606923018e-02 1.4794315e-06
236 0.75 2.173481969108e-02 8.3098501e-07
238 0.75 2.138032577856e-02 1.1607418e-06
240 0.75 2.164085872561e-02 9.4847546e-07
242 0.75 2.161695667956e-02 5.9548225e-07
244 0.75 2.149136303806e-02 8.1239353e-07
246 0.75 2.204258883376e-02 6.4143239e-07
248 0.75 2.160108098382e-02 5.9724127e-07
250 0.75 2.131109140812e-02 9.9662488e-07
252 0.75 2.202802115852e-02 1.4750071e-06
254 0.75 2.143478233115e-02 3.3148041e-07
256 0.75 2.115062268406e-02 4.6763544e-07
258 0.75 2.144703313519e-02 1.1308563e-06
260 0.75 2.247239378400e-02 1.4981863e-06
262 0.75 2.161059590892e-02 6.7625060e-07
264 0.75 2.149160213017e-02 1.5926719e-07
266 0.75 2.262613455315e-02 2.1678180e-06
268 0.75 2.189356079116e-02 1.0614671e-06
270 0.75 2.089926053902e-02 4.4368171e-07
272 0.75 2.305334928011e-02 1.7816654e-06
274 0.75 2.172724854234e-02 2.7708536e-07
276 0.75 2.157376920721e-02 4.4775335e-07
278 0.75 2.055648911671e-02 4.0795748e-07
280 0.75 2.213302964845e-02 3.5732645e-07
282 0.75 2.203030327813e-02 6.5815522e-07
284 0.75 2.147644131334e-02 9.3309027e-07
286 0.75 2.166726256637e-02 9.5399140e-07
288 0.75 2.245744305360e-02 8.0176212e-07
290 0.75 2.125336817400e-02 9.3978778e-07
292 0.75 2.100094149751e-02 2.2517842e-06
294 0.75 2.169484469320e-02 2.9543916e-06
296 0.75 2.227489541119e-02 2.6921028e-06
298 0.75 2.216200110881e-02 2.0275329e-07
300 0.75 2.277273301777e-02 1.8325732e-06
102 1.00 2.133038781683e-02 6.2514824e-07
104 1.00 2.258755563386e-02 7.4541898e-07
106 1.00 2.130901289906e-02 4.4349295e-07
108 1.00 2.201183626003e-02 9.9428524e-07
110 1.00 2.127140029968e-02 7.4445999e-07
112 1.00 2.125795295109e-02 9.2723781e-07
114 1.00 2.148221338877e-02 8.8544296e-07
116 1.00 2.338627237766e-02 2.8426149e-06
118 1.00 2.255242781665e-02 2.4663807e-07
120 1.00 2.148073675452e-02 6.4431092e-07
122 1.00 2.257976096073e-02 1.6249467e-06
124 1.00 2.179937383977e-02 7.8325382e-07
126 1.00 2.122610547479e-02 6.7797635e-07
128 1.00 2.236347455831e-02 1.1850549e-06
130 1.00 2.091467437027e-02 8.5144928e-07
132 1.00 2.248004744441e-02 1.2148523e-06
134 1.00 2.144167421948e-02 2.4391611e-07
136 1.00 2.043598770805e-02 4.0607868e-07
138 1.00 2.130136074803e-02 6.8428201e-07
140 1.00 2.088868380009e-02 4.2503774e-07
142 1.00 2.232578087840e-02 7.7403140e-07
144 1.00 2.071962766156e-02 6.1662629e-07
146 1.00 2.286980920905e-02 5.3031049e-07
148 1.00 2.216143657080e-02 2.1117186e-06
150 1.00 2.237678377964e-02 6.1833708e-07
152 1.00 2.125227139062e-02 9.4614122e-07
154 1.00 2.112419038524e-02 1.4427192e-06
156 1.00 2.020584151077e-02 3.5274928e-07
158 1.00 2.232599836015e-02 3.5759576e-07
160 1.00 2.239620846219e-02 1.1056826e-06
162 1.00 2.139709646439e-02 9.9276718e-07
164 1.00 2.296717654229e-02 1.7651471e-06
166 1.00 2.158429684335e-02 1.3271122e-06
168 1.00 2.106208208398e-02 5.9150373e-07
170 1.00 2.247673241621e-02 5.3616022e-07
172 1.00 2.152514931271e-02 7.1289765e-07
174 1.00 2.222714957485e-02 9.8857847e-07
176 1.00 2.218408409346e-02 1.9083196e-06
178 1.00 2.149667083377e-02 1.6908113e-06
180 1.00 2.282245063584e-02 2.7054271e-06
182 1.00 2.105141739958e-02 6.3029339e-07
184 1.00 2.284567460714e-02 1.4239520e-06
186 1.00 2.101815904336e-02 9.6585079e-07
188 1.00 2.159903750513e-02 1.7473642e-07
190 1.00 2.299433808444e-02 1.6663164e-06
192 1.00 2.138712850076e-02 1.5771871e-06
194 1.00 2.087997243939e-02 2.3175024e-06
196 1.00 2.154856152646e-02 9.5705286e-07
198 1.00 2.165682859289e-02 7.1097108e-07
200 1.00 2.123034515166e-02 3.7854003e-07
202 1.00 2.165609784461e-02 5.8582298e-07
204 1.00 2.178823813376e-02 5.5113395e-07
206 1.00 2.332889009689e-02 1.0429203e-06
208 1.00 2.141214111666e-02 1.4351989e-06
210 1.00 2.171391476585e-02 1.0709997e-06
212 1.00 2.253433351695e-02 3.0310190e-06
214 1.00 2.206135301640e-02 7.3267333e-07
216 1.00 2.107211277520e-02 4.7916121e-07
218 1.00 2.195247868592e-02 1.7560713e-06
220 1.00 2.278681353385e-02 1.5991152e-06
222 1.00 2.254728065385e-02 2.6777454e-06
224 1.00 2.237143859503e-02 6.2039819e-07
226 1.00 2.105733483771e-02 6.6842015e-07
228 1.00 2.207984944056e-02 7.2133206e-07
230 1.00 2.243420594785e-02 1.0407932e-06
232 1.00 2.335555063463e-02 2.3639571e-06
234 1.00 2.148709365745e-02 8.1863852e-07
236 1.00 2.098473022461e-02 7.0826835e-07
238 1.00 2.129214887831e-02 6.3961134e-07
240 1.00 2.124192043510e-02 9.3467208e-07
242 1.00 2.197918223671e-02 7.9745426e-07
244 1.00 2.172088681509e-02 1.2353417e-06
246 1.00 2.171646078080e-02 1.1094738e-06
248 1.00 2.081267166922e-02 8.5269001e-07
250 1.00 2.205927617381e-02 5.7277039e-07
252 1.00 2.211157037366e-02 5.1337444e-07
254 1.00 2.191815800082e-02 8.3405420e-07
256 1.00 2.170864319655e-02 6.5586946e-07
258 1.00 2.172670310589e-02 6.6212362e-07
260 1.00 2.200787043711e-02 6.0548204e-07
262 1.00 2.136589676132e-02 8.4037859e-07
264 1.00 2.151596691927e-02 1.0557492e-06
266 1.00 2.126869033588e-02 1.0231501e-06
268 1.00 2.189786985776e-02 4.4466520e-07
270 1.00 2.145470760895e-02 8.2747030e-07
272 1.00 2.352642896048e-02 9.0592264e-07
274 1.00 2.092673155621e-02 7.8364144e-07
276 1.00 2.145273306737e-02 6.8772627e-07
278 1.00 2.094100756165e-02 1.1788598e-06
280 1.00 2.238754595650e-02 1.4583796e-06
282 1.00 2.218486033866e-02 8.6386156e-07
284 1.00 2.070022819312e-02 7.1019693e-07
286 1.00 2.167659853252e-02 1.0718333e-06
288 1.00 2.303568503264e-02 2.3332438e-06
290 1.00 2.083348645583e-02 4.7607873e-07
292 1.00 2.133835069108e-02 1.8567617e-06
294 1.00 2.154719101927e-02 9.9060028e-07
296 1.00 2.243169508215e-02 5.6073074e-07
298 1.00 2.209325778063e-02 5.6162623e-07
300 1.00 2.217963198225e-02 1.5321772e-06
301 -1.00 2.160150194651e-02 5.4059648e-07
305 -1.00 2.284982528756e-02 7.5982167e-07
309 -1.00 2.348324182401e-02 2.2901771e-06
313 -1.00 2.187512075559e-02 9.5990773e-07
317 -1.00 2.159909203101e-02 7.0222794e-07
321 -1.00 2.295194424082e-02 2.0972552e-06
325 -1.00 2.184749533249e-02 1.8100055e-06
329 -1.00 2.300306310351e-02 7.6920142e-07
333 -1.00 2.203773405985e-02 1.8623874e-06
337 -1.00 2.239258255388e-02 5.9892991e-07
341 -1.00 2.226207773734e-02 5.1401130e-07
345 -1.00 2.244003025270e-02 8.6856809e-07
349 -1.00 2.276012586325e-02 1.0727012e-06
353 -1.00 2.259314784966e-02 5.4859289e-07
357 -1.00 2.116798649822e-02 4.6689714e-07
361 -1.00 2.160415346946e-02 2.9433128e-07
365 -1.00 2.202843147877e-02 4.4660072e-07
369 -1.00 2.206233231378e-02 1.1345244e-06
373 -1.00 2.215974472927e-02 6.6911877e-07
377 -1.00 2.157927016067e-02 2.8889204e-07
381 -1.00 2.228556833682e-02 9.2792064e-07
385 -1.00 2.201270896523e-02 7.1506336e-07
389 -1.00 2.268815817937e-02 1.9722310e-06
393 -1.00 2.190401478575e-02 5.6563760e-07
397 -1.00 2.115273889895e-02 9.0214450e-07
401 -1.00 2.187242929587e-02 2.9479622e-07
405 -1.00 2.216564783216e-02 5.0200103e-07
409 -1.00 2.210701886263e-02 4.2371010e-07
413 -1.00 2.131393032479e-02 2.1939225e-07
417 -1.00 2.284454186364e-02 5.7033711e-07
421 -1.00 2.172429748632e-02 5.0611213e-07
425 -1.00 2.135369937039e-02 1.3586051e-06
429 -1.00 2.199556842956e-02 5.3653138e-07
433 -1.00 2.269823272794e-02 1.5685124e-06
437 -1.00 2.197648722624e-02 3.0568675e-06
441 -1.00 2.153052174667e-02 3.2834517e-07
445 -1.00 2.362953644408e-02 1.3175328e-06
449 -1.00 2.274117904363e-02 7.7427305e-07
453 -1.00 2.147458296985e-02 5.6837134e-07
457 -1.00 2.230630793966e-02 3.5645564e-07
461 -1.00 2.296222540880e-02 1.3101513e-06
465 -1.00 2.273141952054e-02 9.4010694e-07
469 -1.00 2.240308312085e-02 1.3383444e-06
473 -1.00 2.168261657042e-02 9.3087069e-07
477 -1.00 2.357976066402e-02 1.1850508e-06
481 -1.00 2.175771585274e-02 2.3715566e-07
485 -1.00 2.218338417938e-02 1.9187847e-06
489 -1.00 2.121780617994e-02 7.3579925e-07
493 -1.00 2.303908074109e-02 1.2138043e-06
497 -1.00 2.284284794218e-02 9.4648302e-07
301 -0.75 2.254495427153e-02 1.3418145e-06
305 -0.75 2.280104187645e-02 1.1196762e-06
309 -0.75 2.322500221173e-02 8.1121912e-07
313 -0.75 2.137637266355e-02 8.3446512e-07
317 -0.75 2.199439275770e-02 1.6229598e-06
321 -0.75 2.250876885857e-02 2.7787503e-07
325 -0.75 2.160175956162e-02 4.9232264e-07
329 -0.75 2.230636177903e-02 7.5841194e-07
333 -0.75 2.171541894044e-02 2.2032654e-07
337 -0.75 2.274948425011e-02 7.3538316e-07
341 -0.75 2.215312213050e-02 6.4665727e-07
345 -0.75 2.283614934702e-02 4.0220690e-07
349 -0.75 2.261532531353e-02 9.3192223e-07
353 -0.75 2.241613478341e-02 4.1864178e-07
357 -0.75 2.186620740803e-02 6.4733622e-07
361 -0.75 2.178323467337e-02 4.7503559e-07
365 -0.75 2.272425313468e-02 9.1599130e-07
369 -0.75 2.233639483381e-02 1.1848420e-06
373 -0.75 2.208573837762e-02 8.6672026e-07
377 -0.75 2.141706216253e-02 2.4346700e-07
381 -0.75 2.164307697176e-02 1.1611993e-06
385 -0.75 2.201393888538e-02 6.9552814e-07
389 -0.75 2.260870893505e-02 2.1696319e-06
393 -0.75 2.215365957543e-02 1.4400656e-06
397 -0.75 2.158234803560e-02 3.5757960e-07
401 -0.75 2.224238685725e-02 6.4173618e-07
405 -0.75 2.273492280234e-02 4.8566258e-07
409 -0.75 2.213147645364e-02 1.9938388e-07
413 -0.75 2.210298271141e-02 1.7772965e-06
417 -0.75 2.232614641479e-02 3.8672450e-07
421 -0.75 2.249083456532e-02 1.9259094e-06
425 -0.75 2.230888057429e-02 2.3106923e-06
429 -0.75 2.225446589778e-02 6.4885228e-07
433 -0.75 2.289835787057e-02 2.3893506e-06
437 -0.75 2.208135210041e-02 1.1786012e-06
441 -0.75 2.153055159798e-02 3.8258627e-07
445 -0.75 2.312702723015e-02 9.7491498e-07
449 -0.75 2.256452125014e-02 7.4323265e-07
453 -0.75 2.101431503390e-02 6.0883066e-07
457 -0.75 2.164748200914e-02 4.7566284e-07
461 -0.75 2.311751814960e-02 1.3020922e-06
465 -0.75 2.239949239719e-02 6.8369913e-07
469 -0.75 2.187731636658e-02 7.2054979e-07
473 -0.75 2.195917774499e-02 1.2268755e-06
477 -0.75 2.274660560397e-02 5.2522283e-07
481 -0.75 2.233570726968e-02 4.1990111e-07
485 -0.75 2.197917674498e-02 2.1325480e-06
489 -0.75 2.189080168991e-02 1.0416263e-06
493 -0.75 2.355558199716e-02 2.7696449e-07
497 -0.75 2.232957532539e-02 1.2185740e-06
301 -0.50 2.256388144011e-02 1.4345622e-06
305 -0.50 2.211092096148e-02 2.8738926e-07
309 -0.50 2.280183105519e-02 4.6030269e-07
313 -0.50 2.169537905964e-02 9.2704296e-07
317 -0.50 2.162420247807e-02 3.3880765e-07
321 -0.50 2.229445389868e-02 6.8255835e-07
325 -0.50 2.180549483418e-02 7.4033363e-07
329 -0.50 2.276627933110e-02 8.4486424e-07
333 -0.50 2.167947071918e-02 4.5789007e-07
337 -0.50 2.254496084561e-02 5.7214964e-07
341 -0.50 2.223262013080e-02 1.1384130e-06
345 -0.50 2.284542377633e-02 2.4543931e-06
349 -0.50 2.208375155442e-02 3.0588181e-07
353 -0.50 2.256753120637e-02 9.2446648e-07
357 -0.50 2.174221520263e-02 7.9592549e-07
361 -0.50 2.211714962577e-02 4.1284898e-07
365 -0.50 2.239312662311e-02 6.2060122e-07
369 -0.50 2.168975752702e-02 1.4563829e-06
373 -0.50 2.276901695077e-02 1.5685708e-06
377 -0.50 2.172489761496e-02 8.0246104e-07
381 -0.50 2.171582147708e-02 2.9805621e-07
385 -0.50 2.213335584374e-02 1.6960938e-06
389 -0.50 2.255660807370e-02 6.1190916e-07
393 -0.50 2.202397036935e-02 2.9564167e-07
397 -0.50 2.144942562449e-02 2.3268378e-07
401 -0.50 2.148774642469e-02 4.3802900e-07
405 -0.50 2.208239073438e-02 5.3710742e-07
409 -0.50 2.251167430640e-02 8.2621739e-07
413 -0.50 2.142416409227e-02 1.1494074e-06
417 -0.50 2.267329693374e-02 5.3588585e-07
421 -0.50 2.131037750946e-02 5.5224861e-07
425 -0.50 2.137509369771e-02 4.7936752e-07
429 -0.50 2.220276785375e-02 1.7806421e-07
433 -0.50 2.258234671310e-02 5.4282142e-07
437 -0.50 2.216855211963e-02 6.1416199e-07
441 -0.50 2.187684290930e-02 1.6152696e-06
445 -0.50 2.340165594750e-02 4.4991744e-07
449 -0.50 2.231685579897e-02 3.2315284e-07
453 -0.50 2.187232732684e-02 9.4166054e-07
457 -0.50 2.211246296710e-02 4.7947848e-07
461 -0.50 2.230938106949e-02 8.8175095e-07
465 -0.50 2.205072673933e-02 1.2326127e-06
469 -0.50 2.146002335822e-02 4.4624663e-07
473 -0.50 2.205323333086e-02 2.7164448e-07
477 -0.50 2.336936383370e-02 1.5662872e-06
481 -0.50 2.189504867517e-02 1.9752249e-07
485 -0.50 2.147106709946e-02 5.2228946e-07
489 -0.50 2.135154960032e-02 8.1789393e-07
493 -0.50 2.302492828439e-02 4.8122368e-07
497 -0.50 2.154217105859e-02 3.0994120e-07
301 -0.25 2.235379910574e-02 4.6493409e-07
305 -0.25 2.173117580100e-02 6.9994832e-07
309 -0.25 2.375259698609e-02 7.1817871e-07
313 -0.25 2.146724718130e-02 9.1096198e-07
317 -0.25 2.127317547762e-02 6.7695600e-07
321 -0.25 2.215551992610e-02 8.1125792e-07
325 -0.25 2.170190312280e-02 3.3579416e-06
329 -0.25 2.236003364025e-02 4.7439343e-07
333 -0.25 2.169243103147e-02 7.3617113e-07
337 -0.25 2.263985838563e-02 1.2238574e-06
341 -0.25 2.263894175736e-02 6.6980363e-07
345 -0.25 2.200958313123e-02 6.3180878e-07
349 -0.25 2.289226657800e-02 1.3492462e-06
353 -0.25 2.273108815629e-02 1.1815840e-06
357 -0.25 2.124886073764e-02 7.3532574e-07
361 -0.25 2.164000033174e-02 9.1924460e-08
365 -0.25 2.289672976269e-02 4.2073176e-06
369 -0.25 2.194250851091e-02 1.6192755e-06
373 -0.25 2.128801924688e-02 9.1505837e-07
377 -0.25 2.139861468171e-02 9.9043767e-07
381 -0.25 2.108226673952e-02 3.8446862e-07
385 -0.25 2.309955573579e-02 8.3039780e-07
389 -0.25 2.253617598059e-02 1.3736690e-06
393 -0.25 2.200564660718e-02 3.7702646e-07
397 -0.25 2.113047863768e-02 3.9449313e-07
401 -0.25 2.210383259662e-02 1.3018259e-06
405 -0.25 2.227612491770e-02 1.1609006e-06
409 -0.25 2.323207303316e-02 6.5479908e-06
413 -0.25 2.148888379545e-02 1.1025627e-06
417 -0.25 2.340781488046e-02 2.7096909e-06
421 -0.25 2.211005143551e-02 1.7460756e-06
425 -0.25 2.127541655495e-02 5.9949790e-07
429 -0.25 2.196271937244e-02 1.2685904e-06
433 -0.25 2.181159182745e-02 7.1116596e-07
437 -0.25 2.099118669482e-02 2.1873353e-07
441 -0.25 2.121803050499e-02 5.2707357e-07
445 -0.25 2.323808669175e-02 1.9372178e-06
449 -0.25 2.278472922655e-02 7.9756682e-07
453 -0.25 2.144938448927e-02 1.9449216e-06
457 -0.25 2.177634683296e-02 5.6410907e-07
461 -0.25 2.257289356780e-02 1.6208423e-06
465 -0.25 2.193630279080e-02 3.7455780e-07
469 -0.25 2.154046884407e-02 3.2419557e-07
473 -0.25 2.120559194210e-02 5.2451441e-07
477 -0.25 2.289968783796e-02 4.9682886e-07
481 -0.25 2.279774021650e-02 1.7212544e-06
485 -0.25 2.159139467662e-02 4.5493356e-07
489 -0.25 2.173716327372e-02 1.7031995e-06
493 -0.25 2.295749981936e-02 3.6471914e-07
497 -0.25 2.267346205895e-02 1.0880644e-06
301 0.00 2.322463287950e-02 4.3926244e-06
305 0.00 2.135282023247e-02 6.8181364e-07
309 0.00 2.272870688452e-02 5.0473743e-07
313 0.00 2.144280142459e-02 2.1185544e-06
317 0.00 2.153179790415e-02 6.1932017e-07
321 0.00 2.265696833746e-02 1.0908164e-06
325 0.00 2.191454104433e-02 1.3801145e-06
329 0.00 2.212333032032e-02 8.2033102e-07
333 0.00 2.191458379166e-02 9.5322573e-07
337 0.00 2.159466007729e-02 2.1121330e-07
341 0.00 2.252979119206e-02 1.5487764e-06
345 0.00 2.171725613541e-02 6.2888243e-07
349 0.00 2.270459909161e-02 2.0677880e-06
353 0.00 2.204878037581e-02 8.2752331e-07
357 0.00 2.117852631928e-02 7.8950530e-08
361 0.00 2.172622949286e-02 7.2085996e-07
365 0.00 2.280487382824e-02 8.3191744e-07
369 0.00 2.144936421257e-02 5.3719925e-07
373 0.00 2.265313359753e-02 1.3421204e-06
377 0.00 2.103384245748e-02 4.4925199e-07
381 0.00 2.131134275385e-02 2.8447579e-07
385 0.00 2.163084408782e-02 7.6869307e-07
389 0.00 2.194841768658e-02 1.7399977e-06
393 0.00 2.195578880350e-02 4.9008419e-07
397 0.00 2.145318193561e-02 1.2850630e-06
401 0.00 2.164119649072e-02 7.2472096e-07
405 0.00 2.216834580682e-02 6.6144912e-07
409 0.00 2.221022735761e-02 3.9854503e-07
413 0.00 2.118991863693e-02 4.4640345e-07
417 0.00 2.229936568354e-02 6.7413663e-07
421 0.00 2.090023436315e-02 5.4864241e-07
425 0.00 2.116886062574e-02 1.0609815e-06
429 0.00 2.193078337499e-02 7.5395755e-07
433 0.00 2.195557022153e-02 9.0860467e-07
437 0.00 2.198801952647e-02 8.5062881e-07
441 0.00 2.183612730442e-02 1.4477478e-06
445 0.00 2.261317040534e-02 9.0126241e-07
449 0.00 2.222901955279e-02 1.1991023e-06
453 0.00 2.174625207305e-02 8.6348854e-07
457 0.00 2.217517195833e-02 3.5551570e-06
461 0.00 2.267274168495e-02 3.4113931e-07
465 0.00 2.247393760747e-02 1.0291449e-06
469 0.00 2.197237483861e-02 6.1490838e-07
473 0.00 2.208475107380e-02 1.0690236e-06
477 0.00 2.278479360379e-02 1.2663194e-06
481 0.00 2.222173849657e-02 1.4132395e-06
485 0.00 2.122704695640e-02 5.1114877e-07
489 0.00 2.154473751159e-02 7.4253418e-07
493 0.00 2.252081869304e-02 7.3383651e-07
497 0.00 2.143904908359e-02 6.8772974e-07
301 0.25 2.190978871782e-02 1.0476858e-06
305 0.25 2.199541365066e-02 5.3388801e-07
309 0.25 2.299167704753e-02 1.2436906e-06
313 0.25 2.199275932467e-02 2.8575139e-06
317 0.25 2.204531722823e-02 2.2550763e-06
321 0.25 2.258843788499e-02 1.8324397e-06
325 0.25 2.167323835525e-02 9.6881208e-07
329 0.25 2.245072289660e-02 1.3235781e-06
333 0.25 2.131816791365e-02 3.1848507e-07
337 0.25 2.234373403692e-02 5.4028124e-07
341 0.25 2.208615245151e-02 4.3330011e-07
345 0.25 2.212478025966e-02 5.9897240e-07
349 0.25 2.282736599913e-02 1.3800987e-06
353 0.25 2.244218688159e-02 1.4352622e-06
357 0.25 2.198435229410e-02 1.8247437e-06
361 0.25 2.148919598478e-02 1.0293146e-06
365 0.25 2.246542220748e-02 6.2607208e-07
369 0.25 2.124288292364e-02 7.3920519e-07
373 0.25 2.207850995027e-02 2.3564985e-06
377 0.25 2.145002105035e-02 6.0873508e-07
381 0.25 2.218669448059e-02 8.1721060e-07
385 0.25 2.195677310805e-02 8.6061251e-07
389 0.25 2.214541690917e-02 1.2103815e-06
393 0.25 2.147646003348e-02 8.4393476e-07
397 0.25 2.062567245838e-02 5.0693747e-07
401 0.25 2.182978387091e-02 1.0242980e-06
405 0.25 2.185516133131e-02 9.0495956e-07
409 0.25 2.257295489974e-02 1.0774374e-06
413 0.25 2.118407371637e-02 4.8919514e-07
417 0.25 2.259819766557e-02 7.0448320e-07
421 0.25 2.145219276049e-02 4.0134546e-07
425 0.25 2.139656507436e-02 1.0707835e-06
429 0.25 2.228954118736e-02 1.8768186e-06
433 0.25 2.279350790679e-02 8.8501506e-07
437 0.25 2.100218316467e-02 4.0687834e-07
441 0.25 2.141033863917e-02 5.4618763e-07
445 0.25 2.271927890484e-02 4.8091872e-07
449 0.25 2.243537187625e-02 4.5420178e-07
453 0.25 2.122831692244e-02 5.9784667e-07
457 0.25 2.153629249667e-02 9.4195976e-07
461 0.25 2.315598241906e-02 1.2394369e-06
465 0.25 2.150031813006e-02 6.4647097e-07
469 0.25 2.167501629900e-02 6.7396149e-07
473 0.25 2.165766422536e-02 9.0913053e-07
477 0.25 2.245873558545e-02 1.6086781e-06
481 0.25 2.200265202079e-02 5.7771737e-07
485 0.25 2.211803825972e-02 1.9593631e-06
489 0.25 2.146410120579e-02 3.8621903e-07
493 0.25 2.298894786947e-02 2.1980016e-06
497 0.25 2.164257929513e-02 1.1402548e-06
301 0.50 2.204120432947e-02 4.9605994e-07
305 0.50 2.133887675967e-02 3.8495013e-07
309 0.50 2.265328937363e-02 1.4469070e-06
313 0.50 2.118741697577e-02 9.5971502e-07
317 0.50 2.202133761682e-02 2.0820756e-07
321 0.50 2.246762546064e-02 1.6336672e-06
325 0.50 2.199375981159e-02 3.8200174e-07
329 0.50 2.294676961805e-02 1.2177413e-06
333 0.50 2.148235668338e-02 4.0941058e-07
337 0.50 2.200635869846e-02 7.5381135e-07
341 0.50 2.185850957244e-02 2.0702577e-06
345 0.50 2.202975428222e-02 1.4839200e-06
349 0.50 2.250505039735e-02 2.3750603e-07
353 0.50 2.189523493047e-02 1.2045209e-06
357 0.50 2.152798358397e-02 6.4998838e-07
361 0.50 2.140721212072e-02 5.9837206e-07
365 0.50 2.211365792241e-02 8.5938276e-07
369 0.50 2.080024042050e-02 6.1079910e-07
373 0.50 2.192788652607e-02 1.3117026e-06
377 0.50 2.172498347635e-02 1.6502104e-06
381 0.50 2.121556452613e-02 6.7311688e-07
385 0.50 2.154692290069e-02 1.7223966e-07
389 0.50 2.198979239852e-02 7.3906577e-07
393 0.50 2.175378132968e-02 2.8075217e-07
397 0.50 2.142292444274e-02 1.0304803e-06
401 0.50 2.112082066132e-02 9.0558987e-07
405 0.50 2.219058695909e-02 1.5315333e-06
409 0.50 2.198679789110e-02 6.4819950e-07
413 0.50 2.131831321343e-02 1.5716740e-06
417 0.50 2.214400605197e-02 1.6251996e-06
421 0.50 2.031295936553e-02 9.6528513e-07
425 0.50 2.110879071759e-02 1.4369252e-06
429 0.50 2.154389397235e-02 8.1580378e-07
433 0.50 2.198180584515e-02 2.7075023e-07
437 0.50 2.156326049860e-02 2.1584335e-07
441 0.50 2.080969637069e-02 9.2216591e-07
445 0.50 2.238061394444e-02 5.6746834e-07
449 0.50 2.227331246746e-02 6.4402013e-07
453 0.50 2.117121884228e-02 1.0294929e-06
457 0.50 2.201830708483e-02 1.4370785e-06
461 0.50 2.282089889549e-02 8.5912694e-07
465 0.50 2.199569632437e-02 4.1357539e-07
469 0.50 2.192743272031e-02 1.7615601e-06
473 0.50 2.198089089051e-02 1.6786290e-06
477 0.50 2.237075444929e-02 8.6878917e-07
481 0.50 2.222209521203e-02 2.5158699e-06
485 0.50 2.086566840708e-02 6.9003547e-07
489 0.50 2.131575836623e-02 9.5369728e-07
493 0.50 2.256927002252e-02 1.2953527e-06
497 0.50 2.208014273906e-02 4.9555202e-07
301 0.75 2.229761918664e-02 1.0407321e-06
305 0.75 2.171175187070e-02 3.2695205e-07
309 0.75 2.411598322351e-02 1.4658039e-06
313 0.75 2.146827687481e-02 1.7811686e-06
317 0.75 2.184826692456e-02 4.2386822e-07
321 0.75 2.270992315900e-02 1.2955420e-06
325 0.75 2.195214692293e-02 1.6697480e-06
329 0.75 2.253479128763e-02 8.0193914e-07
333 0.75 2.188245594791e-02 3.2318401e-06
337 0.75 2.212587785080e-02 2.1491953e-06
341 0.75 2.171151089456e-02 7.3785900e-07
345 0.75 2.194399053777e-02 1.0511990e-06
349 0.75 2.237665582692e-02 1.2883178e-06
353 0.75 2.151926896923e-02 6.7404522e-07
357 0.75 2.142719106868e-02 8.1797627e-07
361 0.75 2.161351987616e-02 1.9436872e-06
365 0.75 2.196933993717e-02 9.9889640e-07
369 0.75 2.113274978763e-02 4.7812361e-07
373 0.75 2.229724278633e-02 3.2448571e-06
377 0.75 2.130134908916e-02 1.9844906e-06
381 0.75 2.170659696842e-02 1.3421037e-06
385 0.75 2.175411319695e-02 9.4506531e-07
389 0.75 2.239378983585e-02 1.1504579e-06
393 0.75 2.166606616352e-02 4.3610874e-07
397 0.75 2.134028484162e-02 1.3585893e-06
401 0.75 2.173912373328e-02 2.2457310e-06
405 0.75 2.248044297585e-02 1.0712936e-06
409 0.75 2.157735209405e-02 3.6551916e-07
413 0.75 2.143347666690e-02 9.7744019e-07
417 0.75 2.187132729866e-02 6.5868741e-07
421 0.75 2.151725227916e-02 1.6534532e-06
425 0.75 2.128372296515e-02 5.0608450e-07
429 0.75 2.166098023432e-02 1.0448617e-06
433 0.75 2.221510726813e-02 7.5769022e-07
437 0.75 2.137890751119e-02 8.5880764e-07
441 0.75 2.125838736751e-02 5.9288849e-07
445 0.75 2.292696769758e-02 9.3863978e-07
449 0.75 2.232008300338e-02 8.3778800e-07
453 0.75 2.115062114998e-02 5.9275760e-07
457 0.75 2.177004502108e-02 9.9417668e-07
461 0.75 2.226786490488e-02 5.3200837e-07
465 0.75 2.201913810266e-02 1.2308945e-06
469 0.75 2.162455425758e-02 7.1897955e-07
473 0.75 2.155917404585e-02 7.5495007e-07
477 0.75 2.276823654991e-02 1.0122091e-06
481 0.75 2.185431579028e-02 6.0400732e-07
485 0.75 2.151899210684e-02 7.8209006e-07
489 0.75 2.121417915678e-02 6.0369348e-07
493 0.75 2.253384400651e-02 6.0591099e-07
497 0.75 2.157927534157e-02 1.0779101e-06
301 1.00 2.241833526151e-02 6.0884820e-07
305 1.00 2.184356611936e-02 9.1704833e-07
309 1.00 2.313332422356e-02 1.2713090e-06
313 1.00 2.099596461866e-02 7.2275101e-07
317 1.00 2.150645104972e-02 3.0615433e-07
321 1.00 2.154790121095e-02 2.7998866e-07
325 1.00 2.138670386618e-02 1.4987988e-06
329 1.00 2.261175897043e-02 1.3008291e-06
333 1.00 2.169060778135e-02 1.2636740e-06
337 1.00 2.196889203392e-02 7.8727975e-07
341 1.00 2.208195545751e-02 7.6449552e-07
345 1.00 2.248489842461e-02 1.6912874e-06
349 1.00 2.225200035429e-02 7.8703260e-07
353 1.00 2.177519432250e-02 2.7691597e-07
357 1.00 2.179631566137e-02 9.0414510e-07
361 1.00 2.135002941043e-02 3.9804783e-07
365 1.00 2.211074538460e-02 6.9585825e-07
369 1.00 2.089218173428e-02 7.6099668e-07
373 1.00 2.260638052717e-02 1.8258343e-06
377 1.00 2.083492582560e-02 1.1201872e-06
381 1.00 2.115487226646e-02 6.2395835e-07
385 1.00 2.191291354681e-02 1.3360642e-06
389 1.00 2.229884220263e-02 8.8065820e-07
393 1.00 2.199148813961e-02 1.6147516e-06
397 1.00 2.127220504638e-02 8.8900780e-07
401 1.00 2.232734878572e-02 9.1029908e-07
405 1.00 2.191914385571e-02 8.3423276e-07
409 1.00 2.203213956470e-02 1.2509615e-06
413 1.00 2.130773638239e-02 2.2000319e-06
417 1.00 2.178897451016e-02 4.9866440e-07
421 1.00 2.099380984809e-02 1.1877254e-06
425 1.00 2.115130555893e-02 5.4799524e-07
429 1.00 2.180107659011e-02 5.3749388e-07
433 1.00 2.186115621040e-02 1.7694230e-06
437 1.00 2.208644664636e-02 7.7296156e-07
441 1.00 2.149637983583e-02 8.0322884e-07
445 1.00 2.251383723512e-02 6.6777462e-07
449 1.00 2.217819421129e-02 4.8571671e-07
453 1.00 2.076086469555e-02 1.4379317e-06
457 1.00 2.152041786427e-02 4.8067483e-07
461 1.00 2.278052741909e-02 1.8156130e-06
465 1.00 2.146722296074e-02 7.0729523e-07
469 1.00 2.142121942264e-02 1.5402519e-06
473 1.00 2.147055414555e-02 3.4201826e-07
477 1.00 2.290321122825e-02 1.5835999e-06
481 1.00 2.197224011644e-02 4.2675158e-07
485 1.00 2.185575268967e-02 1.3463597e-06
489 1.00 2.080834381027e-02 2.6864801e-07
493 1.00 2.366378029608e-02 2.1416443e-06
497 1.00 2.196820294688e-02 2.1406534e-06
302 -1.00 2.124765775727e-02 8.0864003e-07
306 -1.00 2.230277182838e-02 2.3808881e-06
310 -1.00 2.124837079950e-02 4.6988007e-07
314 -1.00 2.301558980454e-02 1.1022123e-06
318 -1.00 2.268194660738e-02 1.3411998e-06
322 -1.00 2.281409667794e-02 4.5437744e-07
326 -1.00 2.247116803406e-02 1.0821783e-06
330 -1.00 2.175548810499e-02 5.0310762e-07
334 -1.00 2.196869397563e-02 9.7344021e-07
338 -1.00 2.177273262375e-02 1.1985870e-06
342 -1.00 2.124508575780e-02 1.6721314e-06
346 -1.00 2.174351161618e-02 1.2289654e-06
350 -1.00 2.242980692622e-02 2.3567007e-06
354 -1.00 2.250928107781e-02 5.0070606e-07
358 -1.00 2.278874449605e-02 4.9496186e-07
362 -1.00 2.275892139751e-02 2.4011514e-07
366 -1.00 2.239917330049e-02 7.2352691e-07
370 -1.00 2.155081176217e-02 9.0510380e-07
374 -1.00 2.248662860982e-02 5.3913409e-07
378 -1.00 2.371024234234e-02 5.5943572e-07
382 -1.00 2.167502774331e-02 6.3608118e-07
386 -1.00 2.234825375506e-02 4.0521996e-07
390 -1.00 2.282212881101e-02 6.2256812e-07
394 -1.00 2.217681422536e-02 8.3672365e-07
398 -1.00 2.202610127001e-02 5.6490539e-07
402 -1.00 2.208586220824e-02 1.7935490e-06
406 -1.00 2.175483317574e-02 8.5720997e-07
410 -1.00 2.217402857292e-02 1.0813139e-06
414 -1.00 2.275733561492e-02 1.6387734e-06
418 -1.00 2.179970135570e-02 8.0937626e-07
422 -1.00 2.172792981615e-02 6.3317593e-07
426 -1.00 2.341569268699e-02 4.4480915e-07
430 -1.00 2.222255622250e-02 8.5703423e-07
434 -1.00 2.261680022203e-02 1.1432241e-06
438 -1.00 2.128828433244e-02 2.6229701e-07
442 -1.00 2.180112464779e-02 1.9124095e-07
446 -1.00 2.245672255483e-02 1.6001108e-06
450 -1.00 2.259733642694e-02 5.3160343e-07
454 -1.00 2.245351186834e-02 3.3823703e-07
458 -1.00 2.182988689259e-02 9.5824800e-07
462 -1.00 2.092114379335e-02 1.2232912e-07
466 -1.00 2.144796407191e-02 5.9706021e-07
470 -1.00 2.180675072810e-02 2.1952498e-07
474 -1.00 2.131798027832e-02 1.6346849e-06
478 -1.00 2.313613523118e-02 6.9496263e-07
482 -1.00 2.191991406599e-02 1.4689692e-06
486 -1.00 2.259717715295e-02 2.8695120e-06
490 -1.00 2.279571828815e-02 8.1885561e-07
494 -1.00 2.118692537382e-02 5.6509389e-07
498 -1.00 2.308974403694e-02 1.9833845e-06
302 -0.75 2.142306104949e-02 7.8136694e-07
306 -0.75 2.186894356947e-02 1.8911830e-06
310 -0.75 2.110304723885e-02 6.5567725e-07
314 -0.75 2.260903665238e-02 1.8361244e-06
318 -0.75 2.189073759118e-02 2.1928107e-07
322 -0.75 2.253847102776e-02 1.2868406e-06
326 -0.75 2.251627984354e-02 2.7837770e-07
330 -0.75 2.179582172596e-02 1.0428396e-06
334 -0.75 2.156245266273e-02 8.5141486e-07
338 -0.75 2.239261962867e-02 7.7664950e-07
342 -0.75 2.101718919379e-02 7.9891786e-07
346 -0.75 2.131601691839e-02 7.8959557e-07
350 -0.75 2.239195567801e-02 9.5971779e-07
354 -0.75 2.245640112329e-02 8.2166262e-07
358 -0.75 2.256139043439e-02 1.2046317e-06
362 -0.75 2.269073969727e-02 1.8539060e-06
366 -0.75 2.212931326266e-02 4.6366487e-07
370 -0.75 2.181521533230e-02 3.6805935e-07
374 -0.75 2.190991735180e-02 5.1841926e-07
378 -0.75 2.313815984564e-02 5.7382678e-07
382 -0.75 2.207845174419e-02 1.2767272e-06
386 -0.75 2.225369914311e-02 2.1089820e-06
390 -0.75 2.281737814231e-02 1.7019503e-06
394 -0.75 2.217211193853e-02 1.9771839e-07
398 -0.75 2.094157502651e-02 4.0356052e-07
402 -0.75 2.202263224142e-02 6.2205460e-07
406 -0.75 2.144325901392e-02 1.0165993e-06
410 -0.75 2.252830893528e-02 1.3455626e-06
414 -0.75 2.231713355026e-02 1.3957746e-06
418 -0.75 2.124230353084e-02 1.0025078e-06
422 -0.75 2.190460434759e-02 1.5347145e-06
426 -0.75 2.309673461881e-02 6.7884342e-07
430 -0.75 2.250749775654e-02 1.3324666e-06
434 -0.75 2.248098656201e-02 6.4567611e-07
438 -0.75 2.170088578107e-02 7.3784758e-07
442 -0.75 2.200906316368e-02 3.6329463e-07
446 -0.75 2.183151245191e-02 5.4191946e-07
450 -0.75 2.230891365894e-02 7.4955276e-07
454 -0.75 2.280831784709e-02 2.4892229e-06
458 -0.75 2.064606872042e-02 5.6158142e-07
462 -0.75 2.142167431765e-02 6.3565793e-07
466 -0.75 2.161427298536e-02 8.8831378e-07
470 -0.75 2.199099552890e-02 1.9299513e-06
474 -0.75 2.101935631379e-02 5.4053687e-07
478 -0.75 2.360449726953e-02 4.0022480e-06
482 -0.75 2.176539028709e-02 5.8191563e-07
486 -0.75 2.192458451746e-02 7.0874551e-07
490 -0.75 2.236028294591e-02 7.8928756e-07
494 -0.75 2.087310692616e-02 3.4996488e-07
498 -0.75 2.238602263852e-02 4.7205080e-07
302 -0.50 2.115937614769e-02 5.2854122e-07
306 -0.50 2.164461590531e-02 6.4889548e-07
310 -0.50 2.130886463750e-02 2.7855268e-06
314 -0.50 2.177208601345e-02 1.6631088e-06
318 -0.50 2.284114482065e-02 3.3419182e-06
322 -0.50 2.244557967419e-02 4.7166145e-07
326 -0.50 2.257046504501e-02 1.4318926e-06
330 -0.50 2.211832560926e-02 8.8519140e-07
334 -0.50 2.177158276457e-02 1.1484120e-06
338 -0.50 2.236148116463e-02 1.9023487e-06
342 -0.50 2.062006308584e-02 1.0899215e-07
346 -0.50 2.129666398485e-02 2.0255766e-07
350 -0.50 2.196319336967e-02 5.8475441e-07
354 -0.50 2.222731647050e-02 2.5711448e-07
358 -0.50 2.273017515681e-02 6.4134227e-07
362 -0.50 2.219588651808e-02 3.8783337e-07
366 -0.50 2.222535906479e-02 6.1334598e-07
370 -0.50 2.156183998814e-02 7.9168860e-07
374 -0.50 2.182281466244e-02 2.9926228e-07
378 -0.50 2.357061274143e-02 1.7686279e-06
382 -0.50 2.194765301256e-02 2.4269162e-07
386 -0.50 2.238362218390e-02 5.4331203e-07
390 -0.50 2.282431152222e-02 1.4518165e-06
394 -0.50 2.274026680023e-02 1.7768160e-06
398 -0.50 2.097146603257e-02 3.2080651e-07
402 -0.50 2.233740215784e-02 9.9963836e-07
406 -0.50 2.162043375962e-02 3.7510051e-07
410 -0.50 2.224053587765e-02 1.2289518e-06
414 -0.50 2.231793083149e-02 9.1352405e-07
418 -0.50 2.133260337100e-02 1.1796686e-06
422 -0.50 2.164355137145e-02 7.0733626e-07
426 -0.50 2.358833804458e-02 1.8825943e-06
430 -0.50 2.203689389434e-02 1.0228756e-06
434 -0.50 2.228047703078e-02 1.4012447e-06
438 -0.50 2.103588310806e-02 1.4944366e-06
442 -0.50 2.182162000768e-02 6.8247666e-07
446 -0.50 2.114315801767e-02 2.8052389e-07
450 -0.50 2.269092884786e-02 1.4914335e-06
454 -0.50 2.233016533163e-02 5.5202716e-07
458 -0.50 2.070132441299e-02 3.2316330e-07
462 -0.50 2.170301587110e-02 4.8002734e-07
466 -0.50 2.182418023124e-02 1.1824452e-06
470 -0.50 2.198051013699e-02 4.4743260e-07
474 -0.50 2.066336432786e-02 2.2692059e-07
478 -0.50 2.342052113285e-02 4.8035905e-07
482 -0.50 2.120944415821e-02 4.1269369e-07
486 -0.50 2.155968741771e-02 6.9319022e-07
490 -0.50 2.284520819837e-02 4.1329241e-06
494 -0.50 2.101861525685e-02 3.3510389e-07
498 -0.50 2.261913927825e-02 8.8565720e-07
302 -0.25 2.169277825439e-02 1.6305257e-06
306 -0.25 2.171055838839e-02 6.2679350e-07
310 -0.25 2.109073771119e-02 4.6792086e-07
314 -0.25 2.213847309450e-02 1.6371603e-06
318 -0.25 2.206277554411e-02 4.4908215e-07
322 -0.25 2.225160790457e-02 4.0247182e-07
326 -0.25 2.212345717622e-02 4.0875480e-07
330 -0.25 2.183296058267e-02 8.6486298e-07
334 -0.25 2.225785697800e-02 1.0001553e-06
338 -0.25 2.145496906915e-02 5.2836882e-07
342 -0.25 2.061031135039e-02 9.8046154e-07
346 -0.25 2.178478837191e-02 5.1132849e-07
350 -0.25 2.191005642571e-02 5.2308904e-07
354 -0.25 2.213592225315e-02 6.0658749e-07
358 -0.25 2.247160504908e-02 3.5496991e-07
362 -0.25 2.267758878702e-02 9.8754816e-07
366 -0.25 2.216403811790e-02 7.5823572e-07
370 -0.25 2.134514995497e-02 4.0826057e-07
374 -0.25 2.229760179422e-02 2.0797904e-06
378 -0.25 2.403362574453e-02 1.0170303e-06
382 -0.25 2.179978107810e-02 6.0418193e-07
386 -0.25 2.252702596112e-02 9.8415004e-07
390 -0.25 2.248668006686e-02 5.0200479e-07
394 -0.25 2.215255856613e-02 3.8940224e-07
398 -0.25 2.152427593487e-02 8.6490743e-07
402 -0.25 2.220764921426e-02 8.5548805e-07
406 -0.25 2.177762396128e-02 7.6546812e-07
410 -0.25 2.160981097183e-02 5.2941519e-07
414 -0.25 2.163889221124e-02 6.7860849e-07
418 -0.25 2.145295241170e-02 4.1209948e-07
422 -0.25 2.202594984833e-02 1.7775703e-06
426 -0.25 2.326840783941e-02 1.1549798e-06
430 -0.25 2.181873274533e-02 1.1976520e-06
434 -0.25 2.310836623835e-02 1.0052388e-06
438 -0.25 2.175126003234e-02 1.9530420e-06
442 -0.25 2.190687155062e-02 9.0437057e-07
446 -0.25 2.130678373923e-02 9.6943708e-07
450 -0.25 2.227939192417e-02 1.3053943e-06
454 -0.25 2.289898249631e-02 1.9765738e-06
458 -0.25 2.097076402127e-02 7.6870234e-07
462 -0.25 2.164409222370e-02 1.1142477e-07
466 -0.25 2.248399849924e-02 1.5272010e-06
470 -0.25 2.178212759628e-02 4.2795600e-07
474 -0.25 2.157306335143e-02 6.7514906e-07
478 -0.25 2.315501648532e-02 8.2031349e-07
482 -0.25 2.200154687206e-02 2.5224045e-07
486 -0.25 2.190910179705e-02 4.9076632e-07
490 -0.25 2.236561151808e-02 7.1967777e-07
494 -0.25 2.179414174084e-02 6.0252877e-07
498 -0.25 2.201299926338e-02 4.1753975e-07
302 0.00 2.129048852949e-02 6.7800327e-07
306 0.00 2.120892671754e-02 1.6169603e-06
310 0.00 2.099724510469e-02 4.3828242e-07
314 0.00 2.186308100380e-02 1.3938717e-07
318 0.00 2.147144833675e-02 7.2681756e-07
322 0.00 2.241827266266e-02 4.4371034e-07
326 0.00 2.306603744139e-02 2.4693001e-06
330 0.00 2.206453873815e-02 5.2620584e-07
334 0.00 2.188143496179e-02 7.3712434e-07
338 0.00 2.185608139903e-02 5.9743808e-07
342 0.00 2.109914053898e-02 6.2164560e-07
346 0.00 2.107682369784e-02 1.0031845e-06
350 0.00 2.230090780701e-02 9.2628725e-07
354 0.00 2.257605743849e-02 9.2409288e-07
358 0.00 2.305274822005e-02 1.0180872e-06
362 0.00 2.274833283216e-02 1.3484433e-06
366 0.00 2.146323179629e-02 4.7095840e-07
370 0.00 2.137702693432e-02 5.8200464e-07
374 0.00 2.191873061959e-02 5.9153824e-07
378 0.00 2.294214310211e-02 3.9371161e-07
382 0.00 2.187719156798e-02 1.0717499e-06
386 0.00 2.283893728089e-02 1.2148392e-06
390 0.00 2.252871161942e-02 2.4539011e-06
394 0.00 2.234858380925e-02 1.5904968e-06
398 0.00 2.186927294693e-02 1.3088246e-06
402 0.00 2.199153796967e-02 3.1317463e-07
406 0.00 2.149740209652e-02 2.1244583e-06
410 0.00 2.198614468804e-02 1.0696822e-06
414 0.00 2.164591470212e-02 6.0705751e-07
418 0.00 2.133108397350e-02 9.6221086e-07
422 0.00 2.242919558527e-02 5.9692717e-07
426 0.00 2.288583655675e-02 1.4175532e-06
430 0.00 2.192690015680e-02 6.0198382e-07
434 0.00 2.252160164988e-02 9.7725613e-07
438 0.00 2.059356221363e-02 2.3071281e-07
442 0.00 2.145597617244e-02 8.9233669e-07
446 0.00 2.154713900859e-02 1.0085382e-06
450 0.00 2.292108931757e-02 3.3822327e-06
454 0.00 2.239255408385e-02 2.6233755e-07
458 0.00 2.120166437876e-02 9.6723823e-07
462 0.00 2.089228372493e-02 4.9190572e-07
466 0.00 2.175907162625e-02 2.0279874e-06
470 0.00 2.185043175708e-02 9.6702072e-07
474 0.00 2.146978690156e-02 1.0443046e-06
478 0.00 2.272250651458e-02 3.2189217e-07
482 0.00 2.136461884543e-02 5.1729491e-07
486 0.00 2.234366931616e-02 5.5078440e-07
490 0.00 2.195076885547e-02 6.6204065e-07
494 0.00 2.168076640398e-02 1.0969608e-06
498 0.00 2.184332948424e-02 5.4550546e-07
302 0.25 2.078141799185e-02 8.1537445e-07
306 0.25 2.123767637718e-02 2.5718444e-07
310 0.25 2.162461929288e-02 1.4844270e-06
314 0.25 2.180827424496e-02 5.5241563e-07
318 0.25 2.261720995898e-02 1.4704160e-06
322 0.25 2.182289763681e-02 9.2528434e-07
326 0.25 2.301726055310e-02 2.7646636e-06
330 0.25 2.171839099013e-02 5.5802994e-07
334 0.25 2.188439579966e-02 1.3258966e-06
338 0.25 2.170766098989e-02 1.0537133e-06
342 0.25 2.061058370448e-02 4.2148331e-07
346 0.25 2.101422876014e-02 3.4104165e-07
350 0.25 2.152516453478e-02 1.3514615e-06
354 0.25 2.204867674489e-02 1.1175226e-06
358 0.25 2.298113278309e-02 1.3190133e-06
362 0.25 2.286739306129e-02 2.7822622e-06
366 0.25 2.164311059606e-02 1.1944298e-06
370 0.25 2.152025540840e-02 3.0566065e-07
374 0.25 2.155996943787e-02 6.1495448e-07
378 0.25 2.264407385516e-02 4.8688132e-07
382 0.25 2.130928553747e-02 4.8217089e-07
386 0.25 2.226059228156e-02 4.7455317e-07
390 0.25 2.294868008032e-02 5.9560605e-07
394 0.25 2.240231310088e-02 1.1355141e-06
398 0.25 2.105662666703e-02 2.0344515e-07
402 0.25 2.213416667817e-02 1.0646874e-06
406 0.25 2.147409668543e-02 1.0867574e-06
410 0.25 2.173854898803e-02 5.4792641e-07
414 0.25 2.192794059385e-02 2.4350050e-06
418 0.25 2.173447303707e-02 6.2587636e-07
422 0.25 2.212162589798e-02 9.0164311e-07
426 0.25 2.266747949137e-02 5.2504821e-07
430 0.25 2.211174244281e-02 1.3006465e-06
434 0.25 2.237193442578e-02 5.2160897e-07
438 0.25 2.106669894523e-02 1.1287948e-06
442 0.25 2.178751836009e-02 7.3994483e-07
446 0.25 2.141669116951e-02 5.5697938e-07
450 0.25 2.234684797212e-02 1.7526383e-06
454 0.25 2.251659240026e-02 6.1603755e-07
458 0.25 2.087819475742e-02 7.2767866e-07
462 0.25 2.166799891663e-02 6.4836852e-07
466 0.25 2.151692988922e-02 8.8400562e-07
470 0.25 2.196373194772e-02 5.7817371e-07
474 0.25 2.106851225919e-02 6.5734255e-07
478 0.25 2.279759900551e-02 6.5607266e-07
482 0.25 2.143140216361e-02 4.7107612e-07
486 0.25 2.232531460011e-02 1.5056903e-06
490 0.25 2.228512498311e-02 1.9107238e-06
494 0.25 2.114272033011e-02 3.8992480e-07
498 0.25 2.197499804963e-02 7.0142461e-07
302 0.50 2.083590161636e-02 4.8375581e-07
306 0.50 2.117811687093e-02 1.1549131e-06
310 0.50 2.164902272337e-02 1.1452487e-06
314 0.50 2.194291689368e-02 6.0640034e-07
318 0.50 2.200655196125e-02 1.7749831e-06
322 0.50 2.176685784498e-02 7.3790743e-07
326 0.50 2.223255550538e-02 1.5224378e-06
330 0.50 2.246906597952e-02 1.0358073e-06
334 0.50 2.201863251467e-02 1.1793583e-06
338 0.50 2.141053253897e-02 7.9451637e-07
342 0.50 2.099674605806e-02 5.1480728e-07
346 0.50 2.087858854975e-02 4.5102199e-07
350 0.50 2.114478290098e-02 7.9024190e-07
354 0.50 2.204561468219e-02 5.2222583e-07
358 0.50 2.269719682377e-02 3.7892145e-06
362 0.50 2.271003986754e-02 1.0712715e-06
366 0.50 2.138129065660e-02 1.2320574e-06
370 0.50 2.241070234124e-02 7.5939831e-07
374 0.50 2.203577804865e-02 7.2661094e-07
378 0.50 2.271147323026e-02 5.6984480e-07
382 0.50 2.154584862091e-02 7.5982939e-07
386 0.50 2.249436798661e-02 2.0368380e-06
390 0.50 2.291691943012e-02 3.1571041e-06
394 0.50 2.194245414604e-02 1.8687192e-06
398 0.50 2.095846688583e-02 4.4224953e-07
402 0.50 2.167745567155e-02 6.0357004e-07
406 0.50 2.134303091241e-02 8.8189955e-07
410 0.50 2.163874833519e-02 3.0531710e-07
414 0.50 2.128653866946e-02 1.0466991e-06
418 0.50 2.112853283456e-02 6.7346590e-07
422 0.50 2.188601552489e-02 8.8739713e-07
426 0.50 2.274461623858e-02 7.2196396e-07
430 0.50 2.194922763009e-02 5.5187987e-07
434 0.50 2.178219309845e-02 4.1378961e-07
438 0.50 2.075362939011e-02 7.8610263e-07
442 0.50 2.184430931283e-02 1.5570468e-06
446 0.50 2.150517073887e-02 8.5503205e-07
450 0.50 2.288803280009e-02 3.0487948e-06
454 0.50 2.268009856370e-02 1.1698112e-06
458 0.50 2.169377308956e-02 3.7963861e-06
462 0.50 2.144853304404e-02 1.9757865e-06
466 0.50 2.186523850351e-02 8.2451353e-07
470 0.50 2.135018969131e-02 6.2535710e-07
474 0.50 2.103963431893e-02 1.0799896e-06
478 0.50 2.252277477161e-02 4.0844659e-07
482 0.50 2.115034460006e-02 8.8199087e-07
486 0.50 2.187616635455e-02 1.3263639e-06
490 0.50 2.197282287825e-02 1.3138724e-06
494 0.50 2.089665995250e-02 1.3158118e-06
498 0.50 2.175276170950e-02 3.6363792e-07
302 0.75 2.091488519366e-02 6.1840041e-07
306 0.75 2.131171816023e-02 1.1859341e-06
310 0.75 2.126709451131e-02 1.9276513e-06
314 0.75 2.188197387781e-02 4.6817370e-07
318 0.75 2.186759808777e-02 7.2361150e-07
322 0.75 2.235706462143e-02 6.2339109e-07
326 0.75 2.254100283568e-02 8.4825129e-07
330 0.75 2.140371264278e-02 7.8988811e-07
334 0.75 2.167365269744e-02 8.6898024e-07
338 0.75 2.167360986243e-02 1.0326826e-06
342 0.75 2.069273999249e-02 8.9687084e-07
346 0.75 2.111461948311e-02 4.8699818e-07
350 0.75 2.216244251628e-02 2.0721371e-06
354 0.75 2.192653699836e-02 6.2126787e-07
358 0.75 2.200537530025e-02 7.9429068e-07
362 0.75 2.196573088976e-02 1.1177174e-06
366 0.75 2.142429487496e-02 7.0431818e-07
370 0.75 2.193279923736e-02 2.3323258e-07
374 0.75 2.147276874115e-02 9.1124309e-07
378 0.75 2.304215756029e-02 6.2986350e-07
382 0.75 2.092474785184e-02 7.6174783e-07
386 0.75 2.221413917563e-02 9.5976791e-07
390 0.75 2.188169810726e-02 1.4886679e-06
394 0.75 2.258303351381e-02 9.2098278e-07
398 0.75 2.146152908697e-02 9.9889162e-07
402 0.75 2.211625887293e-02 1.9474068e-06
406 0.75 2.092203866072e-02 3.6303605e-07
410 0.75 2.249542729342e-02 1.0933756e-06
414 0.75 2.159225194015e-02 1.1422578e-06
418 0.75 2.123557177015e-02 1.5030412e-06
422 0.75 2.162966347568e-02 5.5429268e-07
426 0.75 2.242993603771e-02 1.8721511e-06
430 0.75 2.147335346886e-02 2.2971936e-07
434 0.75 2.211313251122e-02 1.3092048e-06
438 0.75 2.175627007754e-02 1.4798197e-06
442 0.75 2.180294373943e-02 1.3875039e-06
446 0.75 2.110326059207e-02 5.3245401e-07
450 0.75 2.152386800891e-02 1.4501869e-06
454 0.75 2.257857755867e-02 4.7557898e-07
458 0.75 2.072023638756e-02 7.9007278e-07
462 0.75 2.051263331004e-02 6.3846400e-07
466 0.75 2.203197880651e-02 1.4635354e-06
470 0.75 2.159777805055e-02 4.4155180e-07
474 0.75 2.060811341421e-02 4.1146755e-07
478 0.75 2.279291739080e-02 1.0184141e-06
482 0.75 2.103509365052e-02 1.6046212e-06
486 0.75 2.181825039372e-02 1.2515909e-06
490 0.75 2.204675258844e-02 7.4772628e-07
494 0.75 2.088469351013e-02 6.0032122e-07
498 0.75 2.238975606974e-02 4.3941713e-07
302 1.00 2.178296933359e-02 2.4179415e-06
306 1.00 2.152058775757e-02 6.1479811e-07
310 1.00 2.054517970205e-02 7.0574098e-07
314 1.00 2.156641862491e-02 5.0173904e-07
318 1.00 2.123177763962e-02 7.5342381e-07
322 1.00 2.185075610659e-02 5.7816992e-07
326 1.00 2.228823444881e-02 4.5660958e-07
330 1.00 2.098484608409e-02 5.1077517e-07
334 1.00 2.190936745916e-02 1.7057832e-07
338 1.00 2.212687465733e-02 2.4822330e-06
342 1.00 2.027997664644e-02 4.3283409e-07
346 1.00 2.138718007606e-02 8.0396376e-07
350 1.00 2.140338602112e-02 4.6110343e-07
354 1.00 2.156752181021e-02 5.9847581e-07
358 1.00 2.265850639909e-02 9.9718883e-07
362 1.00 2.178687592841e-02 1.4481547e-06
366 1.00 2.077871382807e-02 5.7310227e-07
370 1.00 2.155830822603e-02 9.0773657e-07
374 1.00 2.098229764694e-02 1.5362804e-07
378 1.00 2.281352999655e-02 7.8386861e-07
382 1.00 2.216877250345e-02 2.0193136e-06
386 1.00 2.217492826485e-02 3.6823891e-07
390 1.00 2.137486762347e-02 1.2003491e-06
394 1.00 2.228763903665e-02 4.4280721e-07
398 1.00 2.187176781309e-02 9.5546834e-07
402 1.00 2.107151282496e-02 4.7625571e-07
406 1.00 2.106348623370e-02 8.0280233e-07
410 1.00 2.180331701062e-02 2.6061065e-07
414 1.00 2.211049603618e-02 2.1330786e-06
418 1.00 2.189057369772e-02 1.1855184e-06
422 1.00 2.180512092382e-02 1.0106098e-06
426 1.00 2.213559059876e-02 9.2900105e-07
430 1.00 2.250068673586e-02 2.3004850e-06
434 1.00 2.250110262357e-02 3.1872147e-07
438 1.00 2.120178620375e-02 1.0310039e-06
442 1.00 2.157909425269e-02 1.2426934e-06
446 1.00 2.155747335485e-02 1.5417706e-06
450 1.00 2.188931802604e-02 8.4558912e-07
454 1.00 2.209421575961e-02 3.6035989e-07
458 1.00 2.104931301060e-02 4.0071822e-07
462 1.00 2.066185363821e-02 5.0223028e-07
466 1.00 2.115877465153e-02 6.6410818e-07
470 1.00 2.150512070002e-02 3.4978664e-07
474 1.00 2.027125400024e-02 2.5178155e-07
478 1.00 2.254670083562e-02 1.1548779e-06
482 1.00 2.153469326626e-02 1.9822276e-06
486 1.00 2.211932777327e-02 6.4451494e-07
490 1.00 2.174049986131e-02 4.6160101e-07
494 1.00 2.094457343442e-02 6.2634384e-07
498 1.00 2.192964885748e-02 1.1609561e-06
303 -1.00 2.232487231361e-02 4.4014553e-07
307 -1.00 2.178390019831e-02 4.9858074e-07
311 -1.00 2.233499445052e-02 4.7718073e-07
315 -1.00 2.196546197053e-02 1.4523687e-06
319 -1.00 2.052703546196e-02 3.6657156e-07
323 -1.00 2.254937631748e-02 1.0136465e-06
327 -1.00 2.175007959412e-02 2.7911695e-07
331 -1.00 2.279126813477e-02 8.8298694e-07
335 -1.00 2.106539055056e-02 7.0049229e-07
339 -1.00 2.187846774319e-02 5.7287163e-07
343 -1.00 2.403409627919e-02 5.4241940e-07
347 -1.00 2.234928271360e-02 2.2989391e-06
351 -1.00 2.131113517883e-02 2.0606402e-07
355 -1.00 2.159720477049e-02 1.4285541e-06
359 -1.00 2.210012002780e-02 5.6321789e-07
363 -1.00 2.217461065538e-02 6.6635444e-07
367 -1.00 2.327484583857e-02 1.3997738e-06
371 -1.00 2.213719757157e-02 7.1485225e-07
375 -1.00 2.168898990716e-02 2.6194285e-07
379 -1.00 2.293718502759e-02 5.8345139e-07
383 -1.00 2.259398910100e-02 1.7698032e-06
387 -1.00 2.129432066943e-02 5.2737296e-07
391 -1.00 2.149291715712e-02 1.0463546e-06
395 -1.00 2.192675270396e-02 1.7266243e-06
399 -1.00 2.224037336026e-02 7.9603036e-07
403 -1.00 2.246926279263e-02 9.5882207e-07
407 -1.00 2.256638531399e-02 1.6971453e-06
411 -1.00 2.210212672480e-02 6.4633557e-07
415 -1.00 2.183919893676e-02 5.4004124e-07
419 -1.00 2.278199264489e-02 1.9797191e-06
423 -1.00 2.136176473020e-02 7.3002265e-07
427 -1.00 2.219665870500e-02 4.4909713e-07
431 -1.00 2.122290222446e-02 2.7220325e-07
435 -1.00 2.284848602801e-02 1.5847958e-06
439 -1.00 2.141143652101e-02 2.3483195e-06
443 -1.00 2.168224013365e-02 4.6647912e-07
447 -1.00 2.257011257204e-02 5.9305065e-07
451 -1.00 2.264329105282e-02 7.2538482e-07
455 -1.00 2.151837092499e-02 7.4425881e-07
459 -1.00 2.228033981756e-02 8.6899004e-07
463 -1.00 2.151508175881e-02 3.5330824e-07
467 -1.00 2.195526671918e-02 7.9622225e-07
471 -1.00 2.232609217323e-02 6.7947687e-07
475 -1.00 2.209792589394e-02 6.6135954e-07
479 -1.00 2.236283517166e-02 1.3240792e-06
483 -1.00 2.225657611370e-02 1.0564242e-06
487 -1.00 2.181106818963e-02 5.1145126e-07
491 -1.00 2.191584000644e-02 6.1879880e-07
495 -1.00 2.237086255773e-02 1.2262611e-06
499 -1.00 2.207672010052e-02 1.0557490e-06
303 -0.75 2.180387592411e-02 2.1864897e-06
307 -0.75 2.178700168420e-02 2.7855287e-07
311 -0.75 2.242543090402e-02 1.4255290e-07
315 -0.75 2.209561221966e-02 1.4198431e-06
319 -0.75 2.108292418578e-02 3.8964971e-07
323 -0.75 2.193855980472e-02 1.4453540e-06
327 -0.75 2.219367445385e-02 9.1034129e-07
331 -0.75 2.310261992641e-02 2.4160970e-06
335 -0.75 2.118833242366e-02 4.8216644e-07
339 -0.75 2.289061841473e-02 5.9441927e-07
343 -0.75 2.342116183090e-02 5.0854298e-07
347 -0.75 2.163188368278e-02 1.1619727e-06
351 -0.75 2.145440794500e-02 9.1170304e-07
355 -0.75 2.179168798012e-02 1.3079880e-06
359 -0.75 2.285690421392e-02 7.6943269e-07
363 -0.75 2.251725117262e-02 7.3060976e-07
367 -0.75 2.286680323955e-02 3.5247838e-07
371 -0.75 2.189104871390e-02 9.6893030e-07
375 -0.75 2.177693672171e-02 1.2495952e-06
379 -0.75 2.198309725917e-02 1.9607219e-07
383 -0.75 2.364260873170e-02 4.1205734e-06
387 -0.75 2.154273295247e-02 3.0654694e-07
391 -0.75 2.187010334968e-02 8.6155284e-07
395 -0.75 2.206578966606e-02 2.7006068e-06
399 -0.75 2.201542864665e-02 3.2726589e-07
403 -0.75 2.228692596762e-02 8.8039668e-07
407 -0.75 2.155348098200e-02 1.7255730e-06
411 -0.75 2.186139388190e-02 8.1473073e-07
415 -0.75 2.234733049548e-02 2.9957300e-07
419 -0.75 2.220236856568e-02 6.6420377e-07
423 -0.75 2.120329144576e-02 5.6061075e-07
427 -0.75 2.287601951060e-02 7.5695707e-07
431 -0.75 2.112217896405e-02 1.9538078e-07
435 -0.75 2.233009662555e-02 1.1944210e-06
439 -0.75 2.093518006739e-02 7.4853218e-07
443 -0.75 2.236571666184e-02 7.4486018e-07
447 -0.75 2.316895808297e-02 8.8192026e-07
451 -0.75 2.248317920456e-02 4.8689949e-07
455 -0.75 2.231262276031e-02 7.0455801e-07
459 -0.75 2.181426060846e-02 8.7279839e-07
463 -0.75 2.176766353012e-02 3.1497772e-07
467 -0.75 2.154674892676e-02 3.4922153e-07
471 -0.75 2.232797998536e-02 5.6265568e-07
475 -0.75 2.210452287175e-02 1.2442417e-06
479 -0.75 2.243008068206e-02 1.1542935e-06
483 -0.75 2.211157441304e-02 1.0729460e-06
487 -0.75 2.229519389151e-02 6.6959677e-07
491 -0.75 2.184344991121e-02 7.9170976e-07
495 -0.75 2.147844764672e-02 4.4810266e-07
499 -0.75 2.222832741711e-02 1.0608349e-06
303 -0.50 2.155218929486e-02 1.0128229e-06
307 -0.50 2.181182329097e-02 6.9740968e-07
311 -0.50 2.275960305386e-02 1.3486015e-06
315 -0.50 2.249755570595e-02 2.7596905e-06
319 -0.50 2.096666232858e-02 5.2059578e-07
323 -0.50 2.241978426847e-02 1.5859043e-06
327 -0.50 2.196253062497e-02 2.2700958e-07
331 -0.50 2.294195147326e-02 5.8832289e-07
335 -0.50 2.093992713616e-02 2.4276190e-07
339 -0.50 2.282816786232e-02 4.9238503e-07
343 -0.50 2.310730019311e-02 7.3004884e-07
347 -0.50 2.120794035044e-02 1.7566363e-07
351 -0.50 2.077794411566e-02 3.6132749e-07
355 -0.50 2.163330198140e-02 1.4889155e-06
359 -0.50 2.265561107786e-02 6.8285539e-07
363 -0.50 2.242146249012e-02 4.7157346e-07
367 -0.50 2.243436084579e-02 1.2578957e-06
371 -0.50 2.189576429364e-02 5.5445121e-07
375 -0.50 2.186832468268e-02 5.4396343e-07
379 -0.50 2.203883553096e-02 5.1999079e-07
383 -0.50 2.242360846383e-02 7.2942657e-07
387 -0.50 2.092550553152e-02 5.4807780e-07
391 -0.50 2.284170691933e-02 1.3568004e-06
395 -0.50 2.140521503439e-02 5.6285986e-07
399 -0.50 2.253825623950e-02 1.7208813e-06
403 -0.50 2.173554612258e-02 1.0863125e-06
407 -0.50 2.166487015739e-02 2.0525293e-06
411 -0.50 2.303671721960e-02 1.7669525e-06
415 -0.50 2.252945159448e-02 5.8354421e-07
419 -0.50 2.227343051671e-02 1.2307147e-07
423 -0.50 2.074873056362e-02 1.0579453e-06
427 -0.50 2.214406462547e-02 8.6129018e-07
431 -0.50 2.181717157827e-02 7.4427171e-07
435 -0.50 2.203044866994e-02 4.6051810e-07
439 -0.50 2.034871680298e-02 3.2978147e-07
443 -0.50 2.217933658366e-02 1.8203931e-06
447 -0.50 2.266729930203e-02 1.6661632e-06
451 -0.50 2.249496368211e-02 5.8452434e-07
455 -0.50 2.217214823338e-02 1.2087446e-06
459 -0.50 2.182269215659e-02 8.9430740e-07
463 -0.50 2.229041812453e-02 1.2757507e-06
467 -0.50 2.187123295094e-02 4.8957838e-07
471 -0.50 2.256422908672e-02 2.6925728e-07
475 -0.50 2.238561216416e-02 2.5516412e-06
479 -0.50 2.177423913856e-02 2.1696899e-07
483 -0.50 2.168169110844e-02 2.6934767e-07
487 -0.50 2.107308376616e-02 5.2614528e-07
491 -0.50 2.229628300733e-02 3.1417748e-07
495 -0.50 2.178699573652e-02 8.0882399e-07
499 -0.50 2.181933903901e-02 1.1040403e-06
303 -0.25 2.171982271188e-02 9.8407684e-07
307 -0.25 2.141316187262e-02 5.4062165e-07
311 -0.25 2.206955981400e-02 3.5779988e-07
315 -0.25 2.278284972195e-02 1.0404143e-06
319 -0.25 2.097766228009e-02 1.2001897e-06
323 -0.25 2.211342856988e-02 8.6943447e-07
327 -0.25 2.200773584311e-02 1.6615083e-06
331 -0.25 2.226142687434e-02 1.5499772e-06
335 -0.25 2.141192725790e-02 4.6409462e-07
339 -0.25 2.220208327410e-02 1.5283975e-06
343 -0.25 2.339727024295e-02 1.0763363e-06
347 -0.25 2.128068446338e-02 9.3949257e-07
351 -0.25 2.126332178019e-02 5.3754321e-07
355 -0.25 2.161294909084e-02 5.8927062e-07
359 -0.25 2.358019960097e-02 3.7571076e-06
363 -0.25 2.240790341138e-02 1.6803529e-06
367 -0.25 2.235798783956e-02 1.1988653e-06
371 -0.25 2.220191589000e-02 1.8800113e-06
375 -0.25 2.162779395136e-02 2.6304361e-07
379 -0.25 2.262965832037e-02 6.6812459e-07
383 -0.25 2.211524876373e-02 7.6692843e-07
387 -0.25 2.082996350519e-02 5.3205951e-07
391 -0.25 2.228376591073e-02 1.3896992e-06
395 -0.25 2.164181065215e-02 7.4124559e-07
399 -0.25 2.166503587031e-02 5.6705329e-07
403 -0.25 2.185630769809e-02 7.7041361e-07
407 -0.25 2.172821383541e-02 1.4479944e-06
411 -0.25 2.221817491087e-02 2.1707529e-06
415 -0.25 2.236278197585e-02 1.4078807e-06
419 -0.25 2.239517608969e-02 1.0330004e-06
423 -0.25 2.135506582555e-02 9.4310620e-07
427 -0.25 2.232285212411e-02 1.3404038e-06
431 -0.25 2.127360023793e-02 4.4926442e-07
435 -0.25 2.173832537928e-02 4.2254146e-07
439 -0.25 2.141397767974e-02 2.5146832e-06
443 -0.25 2.201380292074e-02 6.4868503e-07
447 -0.25 2.252317571003e-02 2.7323335e-07
451 -0.25 2.278317181236e-02 1.0724345e-06
455 -0.25 2.223384061976e-02 1.2489102e-06
459 -0.25 2.165319269186e-02 6.5652927e-07
463 -0.25 2.223319300670e-02 1.4998806e-06
467 -0.25 2.164637508650e-02 7.6433452e-07
471 -0.25 2.249080045763e-02 6.0784623e-07
475 -0.25 2.191234151941e-02 1.2706856e-06
479 -0.25 2.144698299164e-02 2.5890941e-08
483 -0.25 2.228927523878e-02 1.3167276e-06
487 -0.25 2.173475797688e-02 8.7329497e-07
491 -0.25 2.197917471424e-02 1.9839154e-06
495 -0.25 2.159287247558e-02 9.7074439e-07
499 -0.25 2.235185522871e-02 9.5844699e-07
303 0.00 2.105784643040e-02 1.3802959e-07
307 0.00 2.128506980078e-02 5.2290444e-07
311 0.00 2.207499828434e-02 6.1999625e-07
315 0.00 2.141501565810e-02 8.2020580e-07
319 0.00 2.071537703100e-02 7.5016291e-07
323 0.00 2.111142685346e-02 6.2293055e-07
327 0.00 2.228110107667e-02 1.1705068e-06
331 0.00 2.248105756701e-02 5.6012174e-07
335 0.00 2.106364650784e-02 9.6367803e-07
339 0.00 2.211303444675e-02 1.1746171e-06
343 0.00 2.354997461290e-02 1.4431847e-06
347 0.00 2.106438862325e-02 1.0487516e-06
351 0.00 2.128606651486e-02 7.2202991e-07
355 0.00 2.119605490319e-02 7.0223745e-07
359 0.00 2.269474606083e-02 7.3590743e-07
363 0.00 2.141316495024e-02 5.0560356e-07
367 0.00 2.237295466760e-02 9.3931816e-07
371 0.00 2.227356503826e-02 5.6405834e-07
375 0.00 2.162187707210e-02 1.2351454e-06
379 0.00 2.201267653101e-02 7.0451878e-07
383 0.00 2.277306835170e-02 9.1499137e-07
387 0.00 2.134245911262e-02 1.6277455e-06
391 0.00 2.184101269233e-02 1.3417582e-06
395 0.00 2.194190117000e-02 1.0432893e-06
399 0.00 2.152810467801e-02 6.2381775e-07
403 0.00 2.120868361740e-02 1.0119787e-06
407 0.00 2.130493608765e-02 1.1233460e-06
411 0.00 2.263296790641e-02 1.0121243e-06
415 0.00 2.234738980269e-02 9.1854807e-07
419 0.00 2.219054260840e-02 8.0394968e-07
423 0.00 2.127130391805e-02 1.0178178e-06
427 0.00 2.213472126719e-02 1.2578560e-06
431 0.00 2.177615109229e-02 5.6920668e-07
435 0.00 2.225511399684e-02 1.0350114e-06
439 0.00 2.076015749444e-02 4.1319021e-07
443 0.00 2.179446124248e-02 5.5606393e-07
447 0.00 2.260858010967e-02 1.2053030e-06
451 0.00 2.209717693410e-02 1.4396447e-06
455 0.00 2.160503788926e-02 1.2692554e-06
459 0.00 2.139550351765e-02 5.3715687e-07
463 0.00 2.161488464913e-02 1.2839442e-06
467 0.00 2.162854421519e-02 9.7167560e-07
471 0.00 2.192530960982e-02 2.9681650e-07
475 0.00 2.186084231322e-02 7.5719807e-07
479 0.00 2.213952346674e-02 1.1829084e-06
483 0.00 2.154259203189e-02 5.3606731e-07
487 0.00 2.216297169508e-02 9.7765383e-07
491 0.00 2.216936925777e-02 8.5314772e-07
495 0.00 2.181214896601e-02 1.0445240e-06
499 0.00 2.274023817201e-02 1.7049570e-06
303 0.25 2.123370812114e-02 3.6934902e-07
307 0.25 2.160159197900e-02 1.1088628e-06
311 0.25 2.212521816257e-02 4.9771134e-07
315 0.25 2.202849528014e-02 8.4904529e-07
319 0.25 2.074157804863e-02 5.5773257e-07
323 0.25 2.202145777823e-02 6.7335578e-07
327 0.25 2.199736878539e-02 5.0019128e-07
331 0.25 2.251094670583e-02 2.7710083e-07
335 0.25 2.175428901906e-02 1.8380929e-06
339 0.25 2.213631405280e-02 2.0997595e-06
343 0.25 2.317781679807e-02 5.0379700e-06
347 0.25 2.173681215156e-02 1.5705735e-06
351 0.25 2.129275203275e-02 8.4882975e-07
355 0.25 2.154087573657e-02 7.1793642e-07
359 0.25 2.183051781995e-02 5.5596970e-07
363 0.25 2.169602691188e-02 4.3920112e-07
367 0.25 2.254538176401e-02 4.3148583e-07
371 0.25 2.211965743702e-02 4.4662677e-07
375 0.25 2.119711289281e-02 4.6738018e-07
379 0.25 2.222905952077e-02 1.6845135e-06
383 0.25 2.282929462139e-02 7.1050287e-07
387 0.25 2.139563689707e-02 2.2307493e-06
391 0.25 2.177208371435e-02 1.0911231e-06
395 0.25 2.106867306108e-02 8.5836894e-07
399 0.25 2.177415261340e-02 3.4074877e-07
403 0.25 2.228699060801e-02 9.8946750e-07
407 0.25 2.138182147762e-02 1.1009911e-06
411 0.25 2.192318890581e-02 7.0343105e-07
415 0.25 2.207131393514e-02 4.5120648e-07
419 0.25 2.263439397177e-02 6.5719882e-07
423 0.25 2.110698982447e-02 1.1268307e-06
427 0.25 2.234594504414e-02 8.5344682e-07
431 0.25 2.153148748876e-02 1.2510913e-06
435 0.25 2.207314480243e-02 1.4859102e-06
439 0.25 2.067858805393e-02 2.0384528e-06
443 0.25 2.248163082773e-02 1.6266398e-06
447 0.25 2.160182309162e-02 5.0188515e-07
451 0.25 2.215393584750e-02 7.8055956e-07
455 0.25 2.231506446281e-02 1.0239699e-06
459 0.25 2.115017072536e-02 9.3003206e-07
463 0.25 2.179799405265e-02 9.8989930e-07
467 0.25 2.192097856816e-02 1.0714489e-06
471 0.25 2.226927969479e-02 1.2471884e-06
475 0.25 2.217747375803e-02 3.0059600e-07
479 0.25 2.195269901433e-02 3.5663587e-07
483 0.25 2.134209345463e-02 1.8912198e-06
487 0.25 2.105867455407e-02 2.0652388e-07
491 0.25 2.211367998489e-02 1.7535636e-07
495 0.25 2.178487075389e-02 6.6446274e-07
499 0.25 2.191411018072e-02 2.0951702e-06
303 0.50 2.092277046323e-02 7.4145264e-07
307 0.50 2.176507543392e-02 2.7375508e-07
311 0.50 2.230754685302e-02 1.3680949e-06
315 0.50 2.174554390415e-02 1.2304725e-06
319 0.50 2.079716540510e-02 9.2916711e-07
323 0.50 2.141589338352e-02 5.5564066e-07
327 0.50 2.162812056790e-02 7.4181458e-07
331 0.50 2.249744103983e-02 6.3793724e-07
335 0.50 2.065308377920e-02 6.0666254e-07
339 0.50 2.186311040378e-02 8.4839763e-07
343 0.50 2.325857938080e-02 1.8302028e-06
347 0.50 2.100055629968e-02 6.9364526e-07
351 0.50 2.115801834707e-02 1.4964022e-06
355 0.50 2.142878328529e-02 6.9501454e-07
359 0.50 2.221233022780e-02 4.3466688e-07
363 0.50 2.212071566243e-02 4.9701726e-07
367 0.50 2.296045466668e-02 1.3731588e-06
371 0.50 2.183056004818e-02 9.7504544e-07
375 0.50 2.119553210345e-02 8.8481100e-07
379 0.50 2.204157309653e-02 1.2316097e-06
383 0.50 2.221405079513e-02 8.7154209e-07
387 0.50 2.073252285307e-02 8.5116380e-07
391 0.50 2.173659235379e-02 7.7026512e-07
395 0.50 2.082835864107e-02 5.6556578e-07
399 0.50 2.210747062883e-02 6.2742679e-07
403 0.50 2.191680882814e-02 9.2445427e-07
407 0.50 2.190048503700e-02 1.6450116e-06
411 0.50 2.225296850936e-02 5.7975985e-07
415 0.50 2.170400376929e-02 7.6924068e-07
419 0.50 2.188866001447e-02 9.5080174e-07
423 0.50 2.122043446699e-02 6.9089822e-07
427 0.50 2.274828026911e-02 1.6295873e-06
431 0.50 2.137112994568e-02 1.4441066e-06
435 0.50 2.232313628318e-02 6.7143509e-07
439 0.50 2.055548615728e-02 5.1386814e-07
443 0.50 2.182943552452e-02 6.8278149e-07
447 0.50 2.255956128217e-02 9.7074634e-07
451 0.50 2.242828994008e-02 1.1839513e-06
455 0.50 2.194910348897e-02 6.7011943e-07
459 0.50 2.273880148443e-02 2.6417505e-06
463 0.50 2.179945583449e-02 5.8564726e-07
467 0.50 2.151796020824e-02 5.8730649e-07
471 0.50 2.256968429225e-02 8.2336720e-07
475 0.50 2.198766032716e-02 3.1061329e-07
479 0.50 2.216144309267e-02 1.1467961e-06
483 0.50 2.171049414087e-02 5.0934409e-07
487 0.50 2.118876831503e-02 1.2404699e-06
491 0.50 2.168822353570e-02 7.7879009e-07
495 0.50 2.217004031921e-02 1.1045299e-06
499 0.50 2.173653496030e-02 4.3459607e-07
303 0.75 2.141040714035e-02 2.1949121e-06
307 0.75 2.158816206576e-02 1.2781959e-06
311 0.75 2.183140193484e-02 4.3154503e-07
315 0.75 2.217010163351e-02 1.4297295e-06
319 0.75 2.114540419796e-02 6.8690365e-07
323 0.75 2.216763344557e-02 2.7547121e-07
327 0.75 2.160327480422e-02 4.5233788e-07
331 0.75 2.238914505533e-02 5.9161243e-07
335 0.75 2.090443853022e-02 1.0099450e-06
339 0.75 2.208384308583e-02 3.8281087e-07
343 0.75 2.341223464804e-02 1.0687599e-06
347 0.75 2.129095811638e-02 1.1894916e-06
351 0.75 2.099128107653e-02 7.7262773e-07
355 0.75 2.177838695248e-02 7.7847968e-07
359 0.75 2.217091640634e-02 4.6780372e-07
363 0.75 2.164199083000e-02 3.1786789e-07
367 0.75 2.251209209302e-02 9.1619429e-07
371 0.75 2.238746540979e-02 9.7912255e-07
375 0.75 2.138409883190e-02 6.3231687e-07
379 0.75 2.141071917645e-02 1.0743025e-06
383 0.75 2.278569752516e-02 3.4932132e-06
387 0.75 2.081137520269e-02 6.7914907e-07
391 0.75 2.213286656212e-02 1.2823593e-06
395 0.75 2.159443769635e-02 7.5039178e-07
399 0.75 2.166655677480e-02 9.1101619e-07
403 0.75 2.165786522958e-02 1.1465676e-06
407 0.75 2.137656009886e-02 1.2147654e-06
411 0.75 2.223601354792e-02 3.5204746e-07
415 0.75 2.201633585777e-02 7.7453262e-07
419 0.75 2.193018188500e-02 3.9315549e-07
423 0.75 2.081989645876e-02 1.1973421e-06
427 0.75 2.232873169292e-02 8.6301610e-07
431 0.75 2.124860714209e-02 7.3482113e-07
435 0.75 2.164331440037e-02 2.1857984e-07
439 0.75 2.076062776889e-02 1.3077596e-06
443 0.75 2.161659038286e-02 8.0908101e-07
447 0.75 2.197763363817e-02 8.3960679e-07
451 0.75 2.218234336469e-02 1.5462830e-06
455 0.75 2.146633746913e-02 8.6355279e-07
459 0.75 2.150522292504e-02 3.4681621e-07
463 0.75 2.234190255989e-02 6.5222142e-07
467 0.75 2.156899776964e-02 1.3881887e-06
471 0.75 2.269677256112e-02 4.9645868e-07
475 0.75 2.196013201776e-02 9.7756298e-07
479 0.75 2.156750607585e-02 2.6974417e-07
483 0.75 2.201193145462e-02 6.5361896e-07
487 0.75 2.134214846319e-02 5.9572319e-07
491 0.75 2.187774939858e-02 1.5410737e-06
495 0.75 2.169272289318e-02 2.8378310e-07
499 0.75 2.106052519568e-02 8.6765034e-07
303 1.00 2.110164645498e-02 6.3334487e-07
307 1.00 2.122675179655e-02 7.5768317e-07
311 1.00 2.240194891721e-02 6.8356966e-07
315 1.00 2.193357168012e-02 3.6696469e-07
319 1.00 2.119244053710e-02 7.8344806e-07
323 1.00 2.192319416177e-02 6.5637255e-07
327 1.00 2.248468232975e-02 2.1862545e-06
331 1.00 2.268777902169e-02 6.7908383e-07
335 1.00 2.089556690737e-02 4.8264966e-07
339 1.00 2.230208882475e-02 8.6228671e-07
343 1.00 2.292824512269e-02 2.2071722e-06
347 1.00 2.123975795299e-02 8.8824778e-07
351 1.00 2.166968255180e-02 2.5477839e-06
355 1.00 2.122993692078e-02 6.0522048e-07
359 1.00 2.249777342653e-02 6.0190089e-07
363 1.00 2.136650530968e-02 3.8846080e-07
367 1.00 2.234599964526e-02 6.4777934e-07
371 1.00 2.211557563242e-02 3.1477064e-06
375 1.00 2.137855025759e-02 1.1840859e-06
379 1.00 2.210202424188e-02 1.7962665e-06
383 1.00 2.183040351076e-02 3.2015844e-07
387 1.00 2.056744597895e-02 1.9091628e-07
391 1.00 2.189140641484e-02 1.3861169e-06
395 1.00 2.065830691132e-02 3.7042059e-07
399 1.00 2.133802366525e-02 6.2346865e-07
403 1.00 2.128498861143e-02 7.1769219e-07
407 1.00 2.121698209058e-02 1.5485828e-06
411 1.00 2.172876811539e-02 5.0394171e-07
415 1.00 2.261013103710e-02 2.7155860e-06
419 1.00 2.200002638724e-02 7.0713413e-07
423 1.00 2.102212754771e-02 1.0891335e-06
427 1.00 2.194955049724e-02 3.0630997e-07
431 1.00 2.166808923722e-02 4.9528000e-07
435 1.00 2.183528950197e-02 6.9231386e-07
439 1.00 2.031979150510e-02 9.2673724e-07
443 1.00 2.175280805594e-02 4.2295291e-07
447 1.00 2.150351335230e-02 5.2548118e-07
451 1.00 2.226452970234e-02 7.1860556e-07
455 1.00 2.157517737078e-02 5.9362940e-07
459 1.00 2.162510812838e-02 1.6457533e-06
463 1.00 2.196803668638e-02 2.2356275e-07
467 1.00 2.148787617069e-02 1.5294717e-06
471 1.00 2.239365174398e-02 1.2660445e-06
475 1.00 2.260323495965e-02 2.3319094e-06
479 1.00 2.165061622275e-02 7.1252492e-07
483 1.00 2.168888241519e-02 1.4326107e-06
487 1.00 2.113432063662e-02 8.5032725e-07
491 1.00 2.219436192350e-02 2.1287702e-06
495 1.00 2.153794479193e-02 4.5594200e-07
499 1.00 2.206587089269e-02 9.4318147e-07
304 -1.00 2.316652227254e-02 3.2647597e-06
308 -1.00 2.214828170388e-02 7.9904923e-07
312 -1.00 2.117117681937e-02 5.8764891e-07
316 -1.00 2.160131908407e-02 1.6624133e-06
320 -1.00 2.236725731858e-02 1.1361358e-06
324 -1.00 2.138729072687e-02 6.1847556e-07
328 -1.00 2.232532697775e-02 2.1625482e-06
332 -1.00 2.185932044498e-02 1.0742951e-06
336 -1.00 2.236005341376e-02 6.9071106e-07
340 -1.00 2.228339557453e-02 1.0112060e-06
344 -1.00 2.260964987855e-02 9.4786458e-07
348 -1.00 2.135657788118e-02 4.1852980e-07
352 -1.00 2.263319972405e-02 1.1088274e-06
356 -1.00 2.089676295973e-02 4.9999578e-07
360 -1.00 2.222241321341e-02 5.9680054e-07
364 -1.00 2.133926403437e-02 5.9624738e-07
368 -1.00 2.316567322156e-02 3.1075439e-06
372 -1.00 2.181838272795e-02 6.4546930e-07
376 -1.00 2.174302615961e-02 4.7608453e-07
380 -1.00 2.255228484247e-02 4.3046228e-07
384 -1.00 2.294046273925e-02 9.5901367e-07
388 -1.00 2.286062230355e-02 1.1884749e-06
392 -1.00 2.196781412400e-02 5.4692342e-07
396 -1.00 2.341697102259e-02 1.0826827e-06
400 -1.00 2.142013835014e-02 3.5093252e-07
404 -1.00 2.201234167901e-02 4.5051373e-07
408 -1.00 2.208952181587e-02 8.0031428e-07
412 -1.00 2.116797845726e-02 3.7574588e-07
416 -1.00 2.225601274466e-02 1.0676358e-06
420 -1.00 2.185395043841e-02 5.4889640e-07
424 -1.00 2.233975038799e-02 1.1496113e-06
428 -1.00 2.144220253428e-02 4.2730751e-07
432 -1.00 2.301025188375e-02 1.4727401e-06
436 -1.00 2.169493588506e-02 4.2114297e-07
440 -1.00 2.335171620611e-02 4.5047360e-07
444 -1.00 2.201452997178e-02 7.9508203e-07
448 -1.00 2.299032305465e-02 6.7841116e-07
452 -1.00 2.220760065775e-02 1.1575082e-06
456 -1.00 2.273441361387e-02 1.8712071e-06
460 -1.00 2.163371706602e-02 3.1978715e-07
464 -1.00 2.207683321558e-02 7.9733722e-07
468 -1.00 2.265945660361e-02 2.0341557e-06
472 -1.00 2.153412143263e-02 3.1422920e-07
476 -1.00 2.255372830790e-02 7.3633336e-07
480 -1.00 2.195153271800e-02 9.4954111e-07
484 -1.00 2.239156525974e-02 7.4650187e-07
488 -1.00 2.245839163118e-02 6.4087302e-07
492 -1.00 2.184821978829e-02 1.9242782e-06
496 -1.00 2.209978240419e-02 1.0015549e-06
500 -1.00 2.224606263628e-02 9.3977328e-07
304 -0.75 2.193947409055e-02 7.1810504e-07
308 -0.75 2.210353905272e-02 2.8255845e-06
312 -0.75 2.188166075102e-02 1.3173246e-06
316 -0.75 2.139954150516e-02 5.9146951e-07
320 -0.75 2.212125170439e-02 5.1558997e-07
324 -0.75 2.160286159803e-02 7.8165284e-07
328 -0.75 2.224454787287e-02 1.1289140e-06
332 -0.75 2.238744863641e-02 1.5066026e-06
336 -0.75 2.284303736803e-02 8.9949963e-07
340 -0.75 2.189490751168e-02 5.1632464e-07
344 -0.75 2.277524066241e-02 1.6487330e-06
348 -0.75 2.220597040641e-02 1.4986307e-06
352 -0.75 2.230737169179e-02 8.9014458e-07
356 -0.75 2.143424303948e-02 4.6912498e-07
360 -0.75 2.203174212939e-02 3.8240395e-07
364 -0.75 2.156024144148e-02 4.8019578e-07
368 -0.75 2.306074794016e-02 1.4035536e-06
372 -0.75 2.303722226655e-02 1.7362066e-06
376 -0.75 2.219891940245e-02 1.0920040e-06
380 -0.75 2.185571020526e-02 8.5560346e-07
384 -0.75 2.228521973143e-02 7.2532409e-07
388 -0.75 2.217075446408e-02 1.2628388e-06
392 -0.75 2.216383528103e-02 1.4747488e-06
396 -0.75 2.292460149284e-02 5.7131193e-07
400 -0.75 2.210154641474e-02 7.4683431e-07
404 -0.75 2.192525808622e-02 8.2615386e-07
408 -0.75 2.194128335033e-02 8.3786536e-07
412 -0.75 2.097397062616e-02 8.4530246e-07
416 -0.75 2.250371263131e-02 8.6522567e-07
420 -0.75 2.137483497386e-02 5.7147299e-07
424 -0.75 2.234262804522e-02 4.8115789e-07
428 -0.75 2.154067842895e-02 7.7991598e-07
432 -0.75 2.301633234961e-02 9.1785702e-07
436 -0.75 2.218378756281e-02 1.2657090e-06
440 -0.75 2.229534246360e-02 3.3881014e-07
444 -0.75 2.238487604046e-02 7.7885783e-07
448 -0.75 2.365978048732e-02 4.5905158e-07
452 -0.75 2.205976748899e-02 1.1118388e-06
456 -0.75 2.219302560539e-02 6.8686176e-07
460 -0.75 2.203046029256e-02 1.8953090e-06
464 -0.75 2.288125588506e-02 1.5952226e-06
468 -0.75 2.241962959085e-02 2.2449428e-06
472 -0.75 2.239891140880e-02 1.5523118e-06
476 -0.75 2.232670703445e-02 3.9926036e-07
480 -0.75 2.153831906170e-02 6.3450886e-07
484 -0.75 2.210879320783e-02 2.7982485e-07
488 -0.75 2.310948662062e-02 3.8936220e-06
492 -0.75 2.176674693116e-02 8.6963508e-07
496 -0.75 2.185317053605e-02 4.7837952e-07
500 -0.75 2.221558340215e-02 9.6602119e-07
304 -0.50 2.244354128346e-02 5.9587251e-07
308 -0.50 2.203663076000e-02 1.2246371e-06
312 -0.50 2.084880560961e-02 7.7692957e-07
316 -0.50 2.099761964353e-02 3.1471095e-07
320 -0.50 2.154961652319e-02 2.5038958e-07
324 -0.50 2.190116546755e-02 2.3419366e-06
328 -0.50 2.174333805071e-02 1.5253822e-06
332 -0.50 2.194015435032e-02 5.9941964e-07
336 -0.50 2.251972872388e-02 1.5295814e-06
340 -0.50 2.228298922171e-02 1.3162446e-06
344 -0.50 2.217778567233e-02 7.7685722e-07
348 -0.50 2.125606250880e-02 4.4800360e-07
352 -0.50 2.230248361180e-02 2.2828437e-07
356 -0.50 2.113617746247e-02 3.8965625e-07
360 -0.50 2.188844477765e-02 6.2703456e-07
364 -0.50 2.178129009879e-02 5.1190908e-07
368 -0.50 2.237935726928e-02 1.3676256e-06
372 -0.50 2.238697647450e-02 7.2778190e-07
376 -0.50 2.187801768135e-02 5.9974036e-07
380 -0.50 2.158328913196e-02 5.6210266e-07
384 -0.50 2.284843854706e-02 1.4645674e-06
388 -0.50 2.205201238415e-02 8.2946527e-07
392 -0.50 2.217599118930e-02 1.3013502e-06
396 -0.50 2.323106539186e-02 1.4579260e-06
400 -0.50 2.180384453280e-02 2.7221055e-07
404 -0.50 2.193709816905e-02 7.9405926e-07
408 -0.50 2.226137912478e-02 4.0065965e-07
412 -0.50 2.090437363832e-02 7.7729953e-07
416 -0.50 2.258652139432e-02 2.8991619e-07
420 -0.50 2.186941336922e-02 1.8674561e-06
424 -0.50 2.213210903101e-02 8.2303683e-07
428 -0.50 2.125850941113e-02 8.8696158e-07
432 -0.50 2.288744127761e-02 4.9041091e-07
436 -0.50 2.174558146126e-02 7.4635639e-07
440 -0.50 2.281432722508e-02 3.1580702e-07
444 -0.50 2.163372237958e-02 5.4833261e-07
448 -0.50 2.302512149198e-02 1.0719848e-06
452 -0.50 2.153129458601e-02 8.4942039e-07
456 -0.50 2.260965385544e-02 1.5313067e-06
460 -0.50 2.196859782688e-02 8.5270983e-07
464 -0.50 2.201139122760e-02 1.0818414e-06
468 -0.50 2.284500732996e-02 4.7392967e-07
472 -0.50 2.222780913415e-02 7.7690667e-07
476 -0.50 2.272014946588e-02 2.1950610e-06
480 -0.50 2.205738919032e-02 1.2981646e-06
484 -0.50 2.245145130866e-02 1.4430277e-06
488 -0.50 2.264478626536e-02 1.7394360e-06
492 -0.50 2.169384580096e-02 6.1745692e-07
496 -0.50 2.213545252980e-02 1.2934983e-06
500 -0.50 2.194958671787e-02 1.4521310e-06
304 -0.25 2.209479230045e-02 5.2342376e-07
308 -0.25 2.200716305923e-02 6.5878162e-07
312 -0.25 2.154316103287e-02 8.7564283e-07
316 -0.25 2.124261447999e-02 3.5136067e-07
320 -0.25 2.165451477303e-02 7.3279486e-07
324 -0.25 2.150895781226e-02 3.4928318e-07
328 -0.25 2.138785190114e-02 8.3737240e-07
332 -0.25 2.139895860008e-02 2.1681438e-07
336 -0.25 2.355241196829e-02 6.4979204e-07
340 -0.25 2.169264616519e-02 4.2143685e-07
344 -0.25 2.195162248052e-02 2.8248273e-07
348 -0.25 2.140980860740e-02 5.3626493e-07
352 -0.25 2.202563587085e-02 8.0071345e-07
356 -0.25 2.106635534238e-02 4.3372849e-07
360 -0.25 2.205594892614e-02 3.6791594e-07
364 -0.25 2.182815789258e-02 8.6538263e-07
368 -0.25 2.223650713741e-02 5.1431024e-07
372 -0.25 2.214261834715e-02 7.3179544e-07
376 -0.25 2.187220585495e-02 5.8306762e-07
380 -0.25 2.217585568851e-02 1.3647327e-06
384 -0.25 2.239557539725e-02 9.5006146e-07
388 -0.25 2.258220702999e-02 1.6191903e-06
392 -0.25 2.209666380719e-02 9.8063663e-07
396 -0.25 2.360204438094e-02 2.5714274e-06
400 -0.25 2.167251814800e-02 2.0124912e-07
404 -0.25 2.193475651426e-02 1.5285441e-06
408 -0.25 2.229425251132e-02 1.3406739e-06
412 -0.25 2.070328078182e-02 1.4176649e-06
416 -0.25 2.247282520292e-02 1.1243022e-06
420 -0.25 2.156994861276e-02 5.3381906e-07
424 -0.25 2.176559771334e-02 4.5521407e-07
428 -0.25 2.154792914939e-02 5.3050450e-07
432 -0.25 2.258306168385e-02 6.8753905e-07
436 -0.25 2.146855900260e-02 1.7659579e-07
440 -0.25 2.225702942783e-02 6.4597576e-07
444 -0.25 2.169225049220e-02 6.5906498e-07
448 -0.25 2.331269273441e-02 4.0102833e-06
452 -0.25 2.204880873561e-02 1.2390449e-06
456 -0.25 2.211910216374e-02 1.2148365e-06
460 -0.25 2.125489608916e-02 9.5282393e-07
464 -0.25 2.196970172517e-02 5.7723245e-07
468 -0.25 2.267411488213e-02 9.9340873e-07
472 -0.25 2.247604163992e-02 1.1155847e-06
476 -0.25 2.254308260662e-02 1.4986056e-06
480 -0.25 2.239083606848e-02 1.0736326e-06
484 -0.25 2.215685838738e-02 3.9393438e-07
488 -0.25 2.283300389481e-02 2.7248910e-06
492 -0.25 2.269635407117e-02 7.8057576e-07
496 -0.25 2.155411125015e-02 6.5023722e-07
500 -0.25 2.151856685557e-02 5.1209047e-07
304 0.00 2.166773597858e-02 2.0904905e-07
308 0.00 2.143629796369e-02 5.1550553e-07
312 0.00 2.119379742902e-02 4.3565698e-07
316 0.00 2.116341119591e-02 8.3506730e-07
320 0.00 2.182400109621e-02 7.4014312e-07
324 0.00 2.159886066852e-02 8.9292532e-07
328 0.00 2.152318216595e-02 6.3287140e-07
332 0.00 2.175710251396e-02 1.2065941e-06
336 0.00 2.215017350811e-02 2.4514791e-07
340 0.00 2.183239420435e-02 1.1935160e-06
344 0.00 2.215340585869e-02 6.7151298e-07
348 0.00 2.129243576040e-02 3.9945288e-07
352 0.00 2.158996864657e-02 3.5847128e-07
356 0.00 2.135656087856e-02 1.6677799e-06
360 0.00 2.211698368614e-02 9.3278175e-07
364 0.00 2.180717818711e-02 8.1214221e-07
368 0.00 2.203386596536e-02 3.8435758e-07
372 0.00 2.193140743458e-02 9.5505851e-07
376 0.00 2.203942004570e-02 7.4849342e-07
380 0.00 2.156454497900e-02 8.8208703e-07
384 0.00 2.227132030952e-02 3.6499445e-07
388 0.00 2.233223444817e-02 9.3658911e-07
392 0.00 2.134173038118e-02 3.7858905e-07
396 0.00 2.395290636585e-02 7.2880326e-06
400 0.00 2.214893620682e-02 1.4895204e-06
404 0.00 2.254597246150e-02 2.7538381e-06
408 0.00 2.227628196079e-02 6.6051217e-07
412 0.00 2.100718385047e-02 2.1222881e-07
416 0.00 2.202232474240e-02 3.8192770e-07
420 0.00 2.173752342648e-02 6.7269635e-07
424 0.00 2.213549662822e-02 1.2002344e-06
428 0.00 2.106751841551e-02 7.5091326e-07
432 0.00 2.325346252162e-02 1.0567872e-06
436 0.00 2.223610070117e-02 8.0273249e-07
440 0.00 2.257209241310e-02 6.8366169e-07
444 0.00 2.147765913631e-02 8.7139477e-07
448 0.00 2.266388790902e-02 2.4032969e-06
452 0.00 2.179459933779e-02 5.1895282e-07
456 0.00 2.193883553476e-02 6.0890846e-07
460 0.00 2.188410462279e-02 4.2403465e-07
464 0.00 2.218716614082e-02 1.4957804e-06
468 0.00 2.207824432545e-02 3.0876223e-07
472 0.00 2.215336332756e-02 7.8245454e-07
476 0.00 2.222368905105e-02 4.2484767e-07
480 0.00 2.168083618197e-02 5.3485145e-07
484 0.00 2.200900008446e-02 7.0499037e-07
488 0.00 2.261087374260e-02 9.4394342e-07
492 0.00 2.240316276630e-02 1.4138128e-06
496 0.00 2.224785523893e-02 9.1040390e-07
500 0.00 2.233803186827e-02 5.8740449e-07
304 0.25 2.222912185117e-02 1.1453731e-06
308 0.25 2.219762492126e-02 9.5084290e-07
312 0.25 2.144898538489e-02 8.6414925e-07
316 0.25 2.167206148048e-02 6.2517626e-07
320 0.25 2.155000548846e-02 1.3555495e-06
324 0.25 2.135830693179e-02 3.0883926e-07
328 0.25 2.118994775698e-02 1.8336895e-06
332 0.25 2.197810907574e-02 1.3691385e-06
336 0.25 2.310397459733e-02 8.5386411e-07
340 0.25 2.165180407550e-02 6.4624486e-07
344 0.25 2.162640014171e-02 7.2707619e-07
348 0.25 2.141422893883e-02 8.4131871e-07
352 0.25 2.258310722844e-02 1.2045650e-06
356 0.25 2.112944546667e-02 7.6938878e-07
360 0.25 2.208867084883e-02 4.7415210e-07
364 0.25 2.165642730150e-02 5.3658706e-07
368 0.25 2.250555524815e-02 1.0864602e-06
372 0.25 2.273294575214e-02 2.8116223e-06
376 0.25 2.170155283151e-02 8.8492420e-07
380 0.25 2.150036829394e-02 6.4790114e-07
384 0.25 2.170517039782e-02 1.4779199e-06
388 0.25 2.253309762993e-02 8.3281751e-07
392 0.25 2.171068453500e-02 1.1786386e-06
396 0.25 2.297886704299e-02 1.9751042e-06
400 0.25 2.168383892017e-02 6.5052767e-07
404 0.25 2.152973393767e-02 8.1193834e-07
408 0.25 2.177778356198e-02 5.0960711e-07
412 0.25 2.083156335703e-02 7.1912228e-07
416 0.25 2.145094343188e-02 6.3933259e-07
420 0.25 2.164671968549e-02 1.1239132e-06
424 0.25 2.225874753828e-02 6.6304991e-07
428 0.25 2.093112397185e-02 3.9350730e-07
432 0.25 2.292685158692e-02 1.4271367e-06
436 0.25 2.152687522073e-02 5.5853431e-07
440 0.25 2.229061644688e-02 2.8788816e-07
444 0.25 2.198531798707e-02 9.6821619e-07
448 0.25 2.263934880770e-02 1.0374926e-06
452 0.25 2.130007523606e-02 9.7527907e-07
456 0.25 2.229480659765e-02 1.4187614e-06
460 0.25 2.207594719760e-02 4.3513507e-07
464 0.25 2.182920956370e-02 2.8273512e-06
468 0.25 2.198864672604e-02 3.8023132e-07
472 0.25 2.195003481244e-02 6.6602059e-07
476 0.25 2.190666340466e-02 3.1097744e-07
480 0.25 2.161852275313e-02 1.7912188e-06
484 0.25 2.239141077251e-02 7.6381056e-07
488 0.25 2.302759608444e-02 1.7312429e-06
492 0.25 2.170990710106e-02 3.3364033e-07
496 0.25 2.209360463981e-02 1.0771712e-06
500 0.25 2.184321962509e-02 7.6199693e-07
304 0.50 2.224053213995e-02 1.1326276e-06
308 0.50 2.188038852088e-02 1.4663331e-06
312 0.50 2.102071179766e-02 5.2962492e-07
316 0.50 2.142984183056e-02 1.1067898e-06
320 0.50 2.227684620527e-02 2.0711376e-06
324 0.50 2.158343941497e-02 1.0613640e-06
328 0.50 2.152867587841e-02 1.0113858e-06
332 0.50 2.153620818882e-02 5.8486714e-07
336 0.50 2.280466865662e-02 1.2356239e-06
340 0.50 2.155397087910e-02 6.0478957e-07
344 0.50 2.197681919727e-02 1.1904647e-06
348 0.50 2.109602960743e-02 3.7970808e-07
352 0.50 2.215152437290e-02 3.7683240e-07
356 0.50 2.160482075094e-02 2.2059834e-06
360 0.50 2.199771478001e-02 9.3616112e-07
364 0.50 2.120420204887e-02 6.5144256e-07
368 0.50 2.193111509551e-02 6.6673805e-07
372 0.50 2.186384569123e-02 3.2622983e-07
376 0.50 2.172382013875e-02 9.8219439e-07
380 0.50 2.206159079438e-02 9.6637540e-07
384 0.50 2.247992978860e-02 9.5201475e-07
388 0.50 2.184091732201e-02 3.7035544e-07
392 0.50 2.140293127857e-02 7.5785770e-07
396 0.50 2.172332536156e-02 3.3727324e-07
400 0.50 2.186665763536e-02 8.3451621e-07
404 0.50 2.199538429706e-02 4.6958882e-07
408 0.50 2.273881954305e-02 6.0754823e-07
412 0.50 2.048274485483e-02 1.4491472e-06
416 0.50 2.198559361115e-02 2.0328050e-07
420 0.50 2.153426116264e-02 5.9756835e-07
424 0.50 2.229004829019e-02 7.0327008e-07
428 0.50 2.102595372417e-02 9.3439636e-07
432 0.50 2.258774640599e-02 3.0840450e-07
436 0.50 2.259807839478e-02 3.5321413e-06
440 0.50 2.292841181538e-02 1.0583225e-06
444 0.50 2.177976609532e-02 1.0022579e-06
448 0.50 2.244684279191e-02 1.0646513e-06
452 0.50 2.162443646844e-02 1.6708402e-06
456 0.50 2.159097926990e-02 4.3013290e-07
460 0.50 2.220137727045e-02 1.0095924e-06
464 0.50 2.214507235774e-02 1.7005140e-06
468 0.50 2.271928290132e-02 1.8505536e-06
472 0.50 2.204506263830e-02 1.7302254e-06
476 0.50 2.276262360885e-02 9.7931496e-07
480 0.50 2.152933471513e-02 5.4838576e-07
484 0.50 2.209504472545e-02 1.6723323e-06
488 0.50 2.222715695932e-02 1.0242067e-06
492 0.50 2.186026221098e-02 7.4422394e-07
496 0.50 2.119374508585e-02 9.9488161e-07
500 0.50 2.179517638993e-02 1.3466752e-06
304 0.75 2.217864843151e-02 7.7524338e-07
308 0.75 2.211975212654e-02 1.1656931e-06
312 0.75 2.094901344341e-02 2.2441046e-06
316 0.75 2.164144596948e-02 2.0905570e-06
320 0.75 2.152370772338e-02 7.8143241e-07
324 0.75 2.235277564457e-02 3.4015542e-06
328 0.75 2.104357138671e-02 1.2678973e-06
332 0.75 2.141307318493e-02 7.2369882e-07
336 0.75 2.245463056366e-02 1.2141389e-06
340 0.75 2.169833119392e-02 1.3848104e-06
344 0.75 2.175798304171e-02 1.3665302e-06
348 0.75 2.179986843828e-02 7.0058739e-07
352 0.75 2.224690579909e-02 7.8437059e-07
356 0.75 2.109432692687e-02 3.8608771e-07
360 0.75 2.146904863808e-02 1.1285515e-06
364 0.75 2.169284150595e-02 1.5373150e-06
368 0.75 2.238782462251e-02 9.7574390e-07
372 0.75 2.197376936187e-02 7.9836416e-07
376 0.75 2.162423542327e-02 1.9840642e-06
380 0.75 2.130315666839e-02 5.6069139e-07
384 0.75 2.220982469904e-02 1.3494383e-06
388 0.75 2.273347357085e-02 1.1994295e-06
392 0.75 2.149769659810e-02 1.2467294e-06
396 0.75 2.275937271973e-02 8.5362594e-07
400 0.75 2.154743734642e-02 8.3489405e-07
404 0.75 2.266400815435e-02 4.4480823e-07
408 0.75 2.147697648529e-02 1.3508554e-06
412 0.75 2.065906730581e-02 1.1437816e-06
416 0.75 2.183720044654e-02 4.1698814e-07
420 0.75 2.179912304246e-02 3.4248224e-07
424 0.75 2.165740238647e-02 2.1759873e-06
428 0.75 2.067080154269e-02 1.6712970e-07
432 0.75 2.299805182650e-02 1.1268477e-06
436 0.75 2.174615327491e-02 1.1820947e-06
440 0.75 2.279918070801e-02 1.0584230e-06
444 0.75 2.214616509217e-02 1.1665562e-06
448 0.75 2.271494530472e-02 2.4654676e-06
452 0.75 2.146252044401e-02 9.1178406e-07
456 0.75 2.248755842971e-02 5.8443420e-07
460 0.75 2.220936179720e-02 2.7766686e-06
464 0.75 2.252029827531e-02 1.9043666e-06
468 0.75 2.214710861329e-02 1.1756449e-06
472 0.75 2.193184964870e-02 1.4923786e-06
476 0.75 2.239026106216e-02 9.3044293e-07
480 0.75 2.139159247871e-02 1.3405362e-06
484 0.75 2.261364048081e-02 1.8646196e-06
488 0.75 2.241171459743e-02 8.2190405e-07
492 0.75 2.136372160023e-02 1.2080078e-06
496 0.75 2.153860784209e-02 4.5211432e-07
500 0.75 2.208995176946e-02 1.7756851e-06
304 1.00 2.230923046371e-02 1.2323015e-06
308 1.00 2.145643452574e-02 4.3323030e-07
312 1.00 2.091024168448e-02 3.9729748e-07
316 1.00 2.115617815461e-02 1.2195986e-06
320 1.00 2.161540659707e-02 7.6926115e-07
324 1.00 2.111135760590e-02 3.8190949e-07
328 1.00 2.157640473791e-02 1.5334424e-06
332 1.00 2.103412766152e-02 4.7075741e-07
336 1.00 2.245924240581e-02 1.5538977e-06
340 1.00 2.165526296650e-02 7.7654113e-07
344 1.00 2.248009223642e-02 1.7992502e-06
348 1.00 2.170728267552e-02 6.3964992e-07
352 1.00 2.203091383045e-02 6.7770402e-07
356 1.00 2.159541847912e-02 9.5684791e-07
360 1.00 2.164501915986e-02 5.0316803e-07
364 1.00 2.147564945860e-02 3.4273053e-07
368 1.00 2.266562074552e-02 2.3879264e-06
372 1.00 2.130618528395e-02 5.0631236e-07
376 1.00 2.132400353047e-02 4.8607971e-07
380 1.00 2.138488613377e-02 1.1126838e-06
384 1.00 2.191571135800e-02 6.0961267e-07
388 1.00 2.226772925773e-02 7.3703993e-07
392 1.00 2.158937396031e-02 2.3233096e-07
396 1.00 2.286030434529e-02 1.3462412e-06
400 1.00 2.146325901114e-02 5.7859332e-07
404 1.00 2.137753685279e-02 3.8020445e-07
408 1.00 2.179979658525e-02 1.1291070e-06
412 1.00 2.063954747103e-02 1.3998858e-06
416 1.00 2.213629887912e-02 6.4563334e-07
420 1.00 2.176011753278e-02 3.5235461e-07
424 1.00 2.181856268821e-02 5.6797831e-07
428 1.00 2.047958147077e-02 5.2058598e-07
432 1.00 2.228213898209e-02 6.9111454e-07
436 1.00 2.217154565323e-02 1.5645250e-06
440 1.00 2.292008736765e-02 8.0000928e-07
444 1.00 2.111953485393e-02 1.1153788e-06
448 1.00 2.290071984976e-02 7.8852687e-07
452 1.00 2.168190920817e-02 8.6542162e-07
456 1.00 2.201461876846e-02 1.0285235e-06
460 1.00 2.144512146037e-02 1.1552857e-06
464 1.00 2.242896644113e-02 9.5117305e-07
468 1.00 2.191314977576e-02 1.4175396e-06
472 1.00 2.159583670693e-02 6.8882164e-07
476 1.00 2.153128680886e-02 2.8396968e-07
480 1.00 2.153346120471e-02 1.4442776e-06
484 1.00 2.203169995434e-02 4.1619910e-07
488 1.00 2.258092793460e-02 1.1289356e-06
492 1.00 2.153152621706e-02 1.1250772e-06
496 1.00 2.148582845706e-02 9.8163641e-07
500 1.00 2.163639206400e-02 8.2957624e-07
