10 -1.00 2.23455e-02 1.72586e-05
30 -1.00 1.88292e-02 2.08511e-05
50 -1.00 2.02142e-02 2.15399e-05
70 -1.00 2.01720e-02 9.61953e-06
90 -1.00 2.30506e-02 1.43998e-05
110 -1.00 2.19600e-02 1.23897e-05
130 -1.00 2.02566e-02 1.01696e-05
150 -1.00 2.10220e-02 1.25254e-05
170 -1.00 2.04789e-02 1.33854e-05
190 -1.00 1.97646e-02 6.59981e-06
210 -1.00 2.43009e-02 1.19387e-05
230 -1.00 2.01329e-02 2.19026e-05
250 -1.00 2.21319e-02 2.16524e-05
270 -1.00 2.01214e-02 9.68135e-06
290 -1.00 2.21201e-02 2.15685e-05
10 -0.75 1.91039e-02 1.43417e-05
30 -0.75 1.78890e-02 8.54516e-06
50 -0.75 2.11306e-02 1.46539e-05
70 -0.75 1.99111e-02 1.04795e-05
90 -0.75 2.28475e-02 2.21327e-05
110 -0.75 2.29603e-02 1.35084e-05
130 -0.75 2.02349e-02 1.75841e-05
150 -0.75 2.20120e-02 1.71946e-05
170 -0.75 2.03039e-02 2.27666e-05
190 -0.75 2.00340e-02 1.39463e-05
210 -0.75 2.48539e-02 1.88903e-05
230 -0.75 1.89820e-02 1.24975e-05
250 -0.75 2.09724e-02 1.55579e-05
270 -0.75 1.96004e-02 1.18882e-05
290 -0.75 2.09456e-02 1.41705e-05
10 -0.50 1.86514e-02 1.22483e-05
30 -0.50 1.91218e-02 1.70126e-05
50 -0.50 2.00622e-02 1.26059e-05
70 -0.50 2.00231e-02 1.11593e-05
90 -0.50 2.11533e-02 1.36850e-05
110 -0.50 2.15337e-02 1.01435e-05
130 -0.50 2.12286e-02 1.98184e-05
150 -0.50 2.18025e-02 2.17317e-05
170 -0.50 2.01304e-02 2.31696e-05
190 -0.50 2.04796e-02 1.26160e-05
210 -0.50 2.23161e-02 1.92875e-05
230 -0.50 1.95027e-02 1.04538e-05
250 -0.50 2.12531e-02 2.66110e-05
270 -0.50 1.87985e-02 1.23870e-05
290 -0.50 2.17087e-02 2.40283e-05
10 -0.25 1.93062e-02 2.44756e-05
30 -0.25 1.85473e-02 2.11736e-05
50 -0.25 1.93792e-02 1.61769e-05
70 -0.25 1.98430e-02 1.54582e-05
90 -0.25 2.16567e-02 1.96753e-05
110 -0.25 2.12922e-02 2.32753e-05
130 -0.25 2.10186e-02 1.64675e-05
150 -0.25 2.00675e-02 2.19214e-05
170 -0.25 1.87412e-02 1.62146e-05
190 -0.25 1.92971e-02 7.90319e-06
210 -0.25 2.20791e-02 2.84705e-05
230 -0.25 1.90232e-02 1.24629e-05
250 -0.25 2.10727e-02 2.35351e-05
270 -0.25 1.95186e-02 1.72182e-05
290 -0.25 1.97437e-02 1.07995e-05
10 0.00 1.78984e-02 1.57182e-05
30 0.00 1.87478e-02 2.03471e-05
50 0.00 1.97724e-02 1.97442e-05
70 0.00 1.94001e-02 1.38541e-05
90 0.00 2.22348e-02 2.69947e-05
110 0.00 2.02728e-02 1.55316e-05
130 0.00 2.20848e-02 3.55805e-05
150 0.00 2.06376e-02 1.11210e-05
170 0.00 1.83825e-02 1.13678e-05
190 0.00 2.04390e-02 1.58747e-05
210 0.00 2.12122e-02 3.19251e-05
230 0.00 2.08812e-02 1.97201e-05
250 0.00 2.01374e-02 1.03886e-05
270 0.00 1.89881e-02 1.33368e-05
290 0.00 2.13466e-02 3.24593e-05
10 0.25 1.90317e-02 2.76139e-05
30 0.25 1.99475e-02 2.90348e-05
50 0.25 2.04253e-02 2.51292e-05
70 0.25 1.79603e-02 1.63817e-05
90 0.25 2.10530e-02 2.09118e-05
110 0.25 2.07287e-02 1.80833e-05
130 0.25 1.99158e-02 2.53134e-05
150 0.25 1.88794e-02 2.26550e-05
170 0.25 1.96519e-02 3.47969e-05
190 0.25 1.98231e-02 1.31595e-05
210 0.25 2.29024e-02 2.90435e-05
230 0.25 1.81703e-02 1.25495e-05
250 0.25 1.97257e-02 1.96451e-05
270 0.25 1.98978e-02 2.65068e-05
290 0.25 1.93564e-02 1.40413e-05
10 0.50 1.88250e-02 2.18997e-05
30 0.50 1.89734e-02 1.60874e-05
50 0.50 2.03852e-02 2.22590e-05
70 0.50 2.07431e-02 2.16992e-05
90 0.50 2.24277e-02 2.44804e-05
110 0.50 2.00936e-02 1.56777e-05
130 0.50 1.98385e-02 1.15045e-05
150 0.50 1.95153e-02 1.16970e-05
170 0.50 1.91532e-02 2.11892e-05
190 0.50 1.88892e-02 1.12443e-05
210 0.50 2.04975e-02 2.87183e-05
230 0.50 1.83150e-02 1.76734e-05
250 0.50 2.16084e-02 3.20629e-05
270 0.50 1.87375e-02 1.89861e-05
290 0.50 2.02902e-02 1.87917e-05
10 0.75 1.86453e-02 3.35532e-05
30 0.75 1.85180e-02 2.04061e-05
50 0.75 2.00515e-02 1.72186e-05
70 0.75 1.98960e-02 3.71268e-05
90 0.75 2.12393e-02 1.55678e-05
110 0.75 2.10111e-02 1.56160e-05
130 0.75 2.08729e-02 2.41941e-05
150 0.75 2.00217e-02 2.46839e-05
170 0.75 1.87379e-02 2.94462e-05
190 0.75 1.96118e-02 2.01803e-05
210 0.75 1.97265e-02 2.99843e-05
230 0.75 1.98502e-02 3.19421e-05
250 0.75 1.95056e-02 3.18381e-05
270 0.75 1.85827e-02 2.06832e-05
290 0.75 1.86404e-02 1.61692e-05
10 1.00 2.00207e-02 1.65600e-05
30 1.00 1.83424e-02 2.75210e-05
50 1.00 1.93820e-02 1.87059e-05
70 1.00 1.96694e-02 2.98682e-05
90 1.00 2.12116e-02 2.36430e-05
110 1.00 2.10248e-02 2.78811e-05
130 1.00 2.03175e-02 3.23952e-05
150 1.00 1.91073e-02 2.43072e-05
170 1.00 1.85204e-02 1.99456e-05
190 1.00 1.93097e-02 2.59230e-05
210 1.00 1.93416e-02 1.80090e-05
230 1.00 1.93523e-02 1.82731e-05
250 1.00 1.95530e-02 2.11104e-05
270 1.00 1.99620e-02 2.54901e-05
290 1.00 2.00754e-02 3.83094e-05
11 -1.00 2.02616e-02 1.32312e-05
31 -1.00 2.12507e-02 2.47066e-05
51 -1.00 2.16117e-02 1.14848e-05
71 -1.00 2.16466e-02 1.58307e-05
91 -1.00 1.93474e-02 8.68847e-06
111 -1.00 1.99200e-02 8.61855e-06
131 -1.00 2.12338e-02 2.15534e-05
151 -1.00 2.09663e-02 1.68470e-05
171 -1.00 2.05661e-02 1.32733e-05
191 -1.00 2.01610e-02 1.13477e-05
211 -1.00 2.14680e-02 9.35984e-06
231 -1.00 2.35858e-02 2.23761e-05
251 -1.00 2.03437e-02 1.82204e-05
271 -1.00 2.09645e-02 2.12198e-05
291 -1.00 2.09917e-02 2.19447e-05
11 -0.75 2.02085e-02 1.94695e-05
31 -0.75 2.08052e-02 1.39304e-05
51 -0.75 2.21559e-02 1.04561e-05
71 -0.75 2.11855e-02 2.11227e-05
91 -0.75 1.92333e-02 1.72056e-05
111 -0.75 1.95634e-02 9.72965e-06
131 -0.75 1.86074e-02 7.78603e-06
151 -0.75 2.13233e-02 1.70197e-05
171 -0.75 2.15634e-02 1.37785e-05
191 -0.75 2.04459e-02 1.23638e-05
211 -0.75 2.12340e-02 1.35243e-05
231 -0.75 2.28778e-02 2.13427e-05
251 -0.75 2.06390e-02 2.14811e-05
271 -0.75 2.05124e-02 1.08437e-05
291 -0.75 2.10213e-02 1.44038e-05
11 -0.50 1.92684e-02 1.04406e-05
31 -0.50 2.04635e-02 2.20229e-05
51 -0.50 2.11986e-02 2.24690e-05
71 -0.50 2.15485e-02 3.49282e-05
91 -0.50 1.87441e-02 1.28299e-05
111 -0.50 1.92464e-02 1.33947e-05
131 -0.50 1.90112e-02 1.93901e-05
151 -0.50 2.02336e-02 1.35781e-05
171 -0.50 2.16305e-02 1.96661e-05
191 -0.50 2.00077e-02 1.46022e-05
211 -0.50 2.23319e-02 1.41000e-05
231 -0.50 2.31255e-02 1.78322e-05
251 -0.50 2.05648e-02 1.05641e-05
271 -0.50 2.12405e-02 1.96539e-05
291 -0.50 2.09138e-02 1.74307e-05
11 -0.25 1.83147e-02 7.00148e-06
31 -0.25 1.99838e-02 2.32194e-05
51 -0.25 2.10735e-02 2.10051e-05
71 -0.25 1.96539e-02 1.33386e-05
91 -0.25 1.88656e-02 9.83979e-06
111 -0.25 1.97426e-02 1.61004e-05
131 -0.25 1.95856e-02 3.13392e-05
151 -0.25 2.05883e-02 2.64078e-05
171 -0.25 2.09625e-02 2.56205e-05
191 -0.25 2.02399e-02 2.63390e-05
211 -0.25 2.13383e-02 2.86656e-05
231 -0.25 2.27909e-02 1.83385e-05
251 -0.25 1.98052e-02 1.08153e-05
271 -0.25 2.09894e-02 1.37838e-05
291 -0.25 2.08466e-02 1.69360e-05
11 0.00 2.05009e-02 2.23575e-05
31 0.00 2.00013e-02 5.22494e-05
51 0.00 2.06671e-02 1.21485e-05
71 0.00 2.03340e-02 1.96681e-05
91 0.00 1.92753e-02 2.71031e-05
111 0.00 1.92000e-02 1.73412e-05
131 0.00 1.86091e-02 1.69012e-05
151 0.00 2.00400e-02 2.52245e-05
171 0.00 2.03383e-02 2.97443e-05
191 0.00 2.02146e-02 2.72379e-05
211 0.00 1.99808e-02 2.38681e-05
231 0.00 2.23147e-02 2.03132e-05
251 0.00 1.93224e-02 9.83406e-06
271 0.00 2.04013e-02 1.56673e-05
291 0.00 1.96119e-02 2.06374e-05
11 0.25 1.92917e-02 1.04906e-05
31 0.25 2.04193e-02 1.98257e-05
51 0.25 2.01478e-02 2.89534e-05
71 0.25 1.91553e-02 2.06962e-05
91 0.25 1.89751e-02 2.48747e-05
111 0.25 1.95088e-02 2.29689e-05
131 0.25 1.91883e-02 2.54486e-05
151 0.25 2.00422e-02 1.46398e-05
171 0.25 2.06406e-02 2.51477e-05
191 0.25 1.96152e-02 2.61743e-05
211 0.25 2.05706e-02 2.01276e-05
231 0.25 2.17783e-02 2.50352e-05
251 0.25 2.03949e-02 2.07140e-05
271 0.25 2.10021e-02 2.25862e-05
291 0.25 2.05368e-02 1.56489e-05
11 0.50 1.99014e-02 1.91717e-05
31 0.50 1.81529e-02 1.62739e-05
51 0.50 2.02119e-02 2.61886e-05
71 0.50 1.83250e-02 1.77456e-05
91 0.50 1.83903e-02 1.37598e-05
111 0.50 1.91745e-02 2.58309e-05
131 0.50 1.72041e-02 1.46374e-05
151 0.50 1.85764e-02 2.03527e-05
171 0.50 2.10205e-02 2.51590e-05
191 0.50 1.92437e-02 1.82302e-05
211 0.50 1.99187e-02 1.95908e-05
231 0.50 2.23930e-02 2.64342e-05
251 0.50 2.04854e-02 2.28406e-05
271 0.50 2.01012e-02 2.65215e-05
291 0.50 2.14786e-02 2.24996e-05
11 0.75 2.06057e-02 2.50165e-05
31 0.75 2.03424e-02 2.82549e-05
51 0.75 2.04661e-02 1.73507e-05
71 0.75 1.80992e-02 1.87596e-05
91 0.75 2.03494e-02 2.61097e-05
111 0.75 1.87011e-02 1.21217e-05
131 0.75 1.82189e-02 2.69772e-05
151 0.75 1.90333e-02 2.50705e-05
171 0.75 2.01730e-02 1.97507e-05
191 0.75 1.76580e-02 1.79122e-05
211 0.75 1.94837e-02 2.40255e-05
231 0.75 2.08822e-02 2.83454e-05
251 0.75 2.03273e-02 2.50570e-05
271 0.75 2.14251e-02 3.06306e-05
291 0.75 1.98889e-02 2.06040e-05
11 1.00 2.04003e-02 2.47880e-05
31 1.00 1.94946e-02 2.76294e-05
51 1.00 2.15205e-02 4.33092e-05
71 1.00 1.84735e-02 1.94839e-05
91 1.00 1.98533e-02 2.70416e-05
111 1.00 1.82777e-02 1.38368e-05
131 1.00 1.76125e-02 1.38117e-05
151 1.00 1.81338e-02 2.04152e-05
171 1.00 2.09003e-02 2.53303e-05
191 1.00 1.81797e-02 2.24001e-05
211 1.00 1.98329e-02 2.36692e-05
231 1.00 2.27298e-02 3.34030e-05
251 1.00 1.96166e-02 1.83322e-05
271 1.00 2.03246e-02 2.89314e-05
291 1.00 2.05788e-02 2.73984e-05
12 -1.00 2.35135e-02 1.99936e-05
32 -1.00 1.97509e-02 9.79387e-06
52 -1.00 1.82883e-02 1.49317e-05
72 -1.00 2.01718e-02 1.58249e-05
92 -1.00 2.26713e-02 2.09886e-05
112 -1.00 1.88089e-02 1.25904e-05
132 -1.00 2.44060e-02 3.04764e-05
152 -1.00 2.17762e-02 1.03494e-05
172 -1.00 2.13374e-02 1.98384e-05
192 -1.00 2.28742e-02 6.70851e-05
212 -1.00 2.18881e-02 1.24506e-05
232 -1.00 1.76519e-02 8.45348e-06
252 -1.00 2.28557e-02 1.64251e-05
272 -1.00 1.90417e-02 1.21840e-05
292 -1.00 1.99114e-02 1.72894e-05
12 -0.75 2.20678e-02 1.88710e-05
32 -0.75 1.99468e-02 1.36022e-05
52 -0.75 1.95511e-02 2.15586e-05
72 -0.75 2.03117e-02 2.50031e-05
92 -0.75 1.99234e-02 7.24173e-06
112 -0.75 1.93384e-02 8.95396e-06
132 -0.75 2.28424e-02 2.77567e-05
152 -0.75 2.28986e-02 1.54776e-05
172 -0.75 2.06901e-02 1.92397e-05
192 -0.75 2.28953e-02 2.41573e-05
212 -0.75 2.26518e-02 2.57843e-05
232 -0.75 1.80273e-02 8.87243e-06
252 -0.75 2.37578e-02 1.73551e-05
272 -0.75 1.87009e-02 1.22671e-05
292 -0.75 2.02959e-02 1.32241e-05
12 -0.50 2.03402e-02 1.63032e-05
32 -0.50 2.00968e-02 1.54036e-05
52 -0.50 1.78843e-02 9.59988e-06
72 -0.50 2.01732e-02 9.48647e-06
92 -0.50 2.05915e-02 2.29550e-05
112 -0.50 2.03714e-02 2.42353e-05
132 -0.50 2.27778e-02 1.80306e-05
152 -0.50 2.34097e-02 3.76636e-05
172 -0.50 1.96882e-02 1.77593e-05
192 -0.50 2.30846e-02 1.94423e-05
212 -0.50 2.12702e-02 1.57375e-05
232 -0.50 1.76139e-02 9.91146e-06
252 -0.50 2.33413e-02 1.66244e-05
272 -0.50 1.80195e-02 1.15933e-05
292 -0.50 1.98306e-02 1.54463e-05
12 -0.25 2.09759e-02 1.46759e-05
32 -0.25 1.91782e-02 1.20721e-05
52 -0.25 1.76518e-02 1.45459e-05
72 -0.25 2.09504e-02 2.20610e-05
92 -0.25 1.98283e-02 1.31827e-05
112 -0.25 2.02233e-02 1.93921e-05
132 -0.25 2.35187e-02 1.76449e-05
152 -0.25 2.15411e-02 1.03401e-05
172 -0.25 2.02690e-02 1.59500e-05
192 -0.25 2.14742e-02 2.41864e-05
212 -0.25 2.31883e-02 2.71189e-05
232 -0.25 1.83509e-02 1.19793e-05
252 -0.25 2.38186e-02 2.11928e-05
272 -0.25 1.82461e-02 1.13503e-05
292 -0.25 2.04756e-02 1.44970e-05
12 0.00 2.17994e-02 4.20493e-05
32 0.00 1.96107e-02 1.45313e-05
52 0.00 1.88029e-02 1.88856e-05
72 0.00 2.05587e-02 2.08389e-05
92 0.00 2.08199e-02 2.93377e-05
112 0.00 1.94552e-02 1.21237e-05
132 0.00 2.26598e-02 2.00826e-05
152 0.00 2.14564e-02 1.64280e-05
172 0.00 1.91250e-02 1.55750e-05
192 0.00 2.23602e-02 2.54185e-05
212 0.00 2.18698e-02 1.87469e-05
232 0.00 1.77051e-02 2.09692e-05
252 0.00 2.35907e-02 3.52908e-05
272 0.00 1.86001e-02 1.99586e-05
292 0.00 1.94779e-02 1.24912e-05
12 0.25 2.09538e-02 2.00265e-05
32 0.25 1.93089e-02 3.27073e-05
52 0.25 1.77802e-02 1.37765e-05
72 0.25 2.02264e-02 1.60488e-05
92 0.25 2.21113e-02 2.02399e-05
112 0.25 1.90234e-02 2.12596e-05
132 0.25 2.20429e-02 2.10451e-05
152 0.25 1.98712e-02 1.48755e-05
172 0.25 1.85553e-02 1.28597e-05
192 0.25 2.12942e-02 2.11435e-05
212 0.25 2.21705e-02 2.51128e-05
232 0.25 1.76617e-02 1.78738e-05
252 0.25 2.27267e-02 2.03357e-05
272 0.25 1.78995e-02 1.95550e-05
292 0.25 2.08136e-02 2.75430e-05
12 0.50 2.05731e-02 1.82005e-05
32 0.50 1.95567e-02 1.94285e-05
52 0.50 1.73072e-02 3.14212e-05
72 0.50 2.03666e-02 2.19583e-05
92 0.50 2.06757e-02 1.71733e-05
112 0.50 1.88972e-02 2.85693e-05
132 0.50 2.32523e-02 2.51387e-05
152 0.50 1.95235e-02 2.33580e-05
172 0.50 1.95752e-02 1.33246e-05
192 0.50 2.00929e-02 2.75811e-05
212 0.50 2.15042e-02 3.48347e-05
232 0.50 1.59009e-02 1.80906e-05
252 0.50 2.44787e-02 4.49583e-05
272 0.50 1.68680e-02 1.15263e-05
292 0.50 2.12160e-02 2.16779e-05
12 0.75 2.06925e-02 2.89107e-05
32 0.75 1.96656e-02 1.85876e-05
52 0.75 1.96217e-02 3.09108e-05
72 0.75 1.95568e-02 1.88103e-05
92 0.75 2.12171e-02 2.62678e-05
112 0.75 1.93798e-02 2.05636e-05
132 0.75 2.30734e-02 2.61957e-05
152 0.75 2.15835e-02 2.91981e-05
172 0.75 1.96631e-02 2.28685e-05
192 0.75 2.02399e-02 2.49264e-05
212 0.75 2.14704e-02 4.34382e-05
232 0.75 1.78248e-02 3.10697e-05
252 0.75 2.39307e-02 2.04366e-05
272 0.75 1.75446e-02 2.27970e-05
292 0.75 1.96630e-02 1.98974e-05
12 1.00 2.12622e-02 3.35730e-05
32 1.00 1.97239e-02 2.33801e-05
52 1.00 1.85328e-02 3.47410e-05
72 1.00 2.00306e-02 1.91591e-05
92 1.00 1.97090e-02 3.05590e-05
112 1.00 2.02507e-02 3.17024e-05
132 1.00 2.38661e-02 3.14597e-05
152 1.00 2.06185e-02 1.91292e-05
172 1.00 1.89948e-02 2.06458e-05
192 1.00 2.12608e-02 2.63595e-05
212 1.00 1.98604e-02 2.24734e-05
232 1.00 1.79233e-02 1.67801e-05
252 1.00 2.23980e-02 1.59165e-05
272 1.00 1.72188e-02 1.79749e-05
292 1.00 2.06488e-02 2.02543e-05
13 -1.00 1.91196e-02 1.64832e-05
33 -1.00 2.11392e-02 1.30046e-05
53 -1.00 2.06133e-02 2.30875e-05
73 -1.00 2.08555e-02 1.48729e-05
93 -1.00 2.07713e-02 2.05840e-05
113 -1.00 2.28588e-02 1.66149e-05
133 -1.00 2.06655e-02 9.91901e-06
153 -1.00 2.17175e-02 1.55376e-05
173 -1.00 2.26988e-02 2.06647e-05
193 -1.00 1.95247e-02 9.95355e-06
213 -1.00 1.93086e-02 1.91712e-05
233 -1.00 2.00266e-02 1.48118e-05
253 -1.00 2.05843e-02 1.42349e-05
273 -1.00 1.95777e-02 1.43552e-05
293 -1.00 2.08934e-02 1.50525e-05
13 -0.75 2.11365e-02 1.51516e-05
33 -0.75 2.04160e-02 1.56846e-05
53 -0.75 2.12229e-02 1.04336e-05
73 -0.75 2.11907e-02 3.45165e-05
93 -0.75 2.07476e-02 2.06087e-05
113 -0.75 2.20280e-02 1.36294e-05
133 -0.75 2.17010e-02 1.57775e-05
153 -0.75 2.09142e-02 1.12862e-05
173 -0.75 2.24317e-02 1.54966e-05
193 -0.75 2.09002e-02 1.72163e-05
213 -0.75 1.80718e-02 1.28031e-05
233 -0.75 1.93116e-02 1.41617e-05
253 -0.75 2.05317e-02 1.91840e-05
273 -0.75 1.92365e-02 1.18608e-05
293 -0.75 2.00678e-02 1.55332e-05
13 -0.50 2.13884e-02 1.73455e-05
33 -0.50 1.96939e-02 7.30602e-06
53 -0.50 2.09515e-02 1.77420e-05
73 -0.50 2.08108e-02 2.81530e-05
93 -0.50 2.07283e-02 2.22507e-05
113 -0.50 2.15318e-02 1.23403e-05
133 -0.50 2.17597e-02 2.94366e-05
153 -0.50 2.03672e-02 1.59027e-05
173 -0.50 2.22745e-02 1.61279e-05
193 -0.50 1.98384e-02 1.28467e-05
213 -0.50 1.92771e-02 3.07382e-05
233 -0.50 1.98692e-02 1.62841e-05
253 -0.50 1.92861e-02 1.43850e-05
273 -0.50 1.99784e-02 1.83112e-05
293 -0.50 2.01331e-02 1.62924e-05
13 -0.25 2.09985e-02 1.64074e-05
33 -0.25 1.98415e-02 8.36093e-06
53 -0.25 2.06068e-02 2.26519e-05
73 -0.25 2.03217e-02 2.33128e-05
93 -0.25 1.97539e-02 9.01254e-06
113 -0.25 2.17093e-02 2.65381e-05
133 -0.25 2.16079e-02 1.82222e-05
153 -0.25 2.01107e-02 1.11281e-05
173 -0.25 2.28859e-02 2.66507e-05
193 -0.25 1.94783e-02 1.40333e-05
213 -0.25 1.76672e-02 1.16067e-05
233 -0.25 2.00132e-02 2.48202e-05
253 -0.25 1.92941e-02 1.02420e-05
273 -0.25 1.94640e-02 1.84891e-05
293 -0.25 2.03008e-02 1.63971e-05
13 0.00 2.04650e-02 1.45710e-05
33 0.00 1.99142e-02 1.11431e-05
53 0.00 2.03465e-02 1.70060e-05
73 0.00 2.06995e-02 1.85877e-05
93 0.00 1.99592e-02 1.65019e-05
113 0.00 2.17259e-02 1.65967e-05
133 0.00 1.94656e-02 1.28209e-05
153 0.00 2.04288e-02 1.26009e-05
173 0.00 2.31314e-02 1.95286e-05
193 0.00 1.94489e-02 1.25704e-05
213 0.00 1.74942e-02 1.60919e-05
233 0.00 1.95215e-02 1.40207e-05
253 0.00 1.78937e-02 1.02036e-05
273 0.00 1.83311e-02 1.20888e-05
293 0.00 2.04038e-02 2.65211e-05
13 0.25 1.98049e-02 1.88621e-05
33 0.25 2.16374e-02 2.60797e-05
53 0.25 2.05182e-02 1.23246e-05
73 0.25 2.02821e-02 2.74732e-05
93 0.25 1.97701e-02 2.44175e-05
113 0.25 2.01334e-02 2.12436e-05
133 0.25 2.06435e-02 3.45624e-05
153 0.25 2.14496e-02 4.25252e-05
173 0.25 2.14841e-02 2.14456e-05
193 0.25 1.97621e-02 2.53413e-05
213 0.25 1.62625e-02 8.88460e-06
233 0.25 2.05171e-02 2.47319e-05
253 0.25 1.95212e-02 2.51309e-05
273 0.25 1.97238e-02 2.18710e-05
293 0.25 2.00322e-02 1.42382e-05
13 0.50 2.09051e-02 2.06521e-05
33 0.50 2.13433e-02 3.63668e-05
53 0.50 1.99819e-02 1.97270e-05
73 0.50 1.99885e-02 2.37578e-05
93 0.50 1.86490e-02 1.71430e-05
113 0.50 2.01701e-02 2.56888e-05
133 0.50 2.06534e-02 1.75862e-05
153 0.50 1.92674e-02 2.00927e-05
173 0.50 2.28865e-02 1.59170e-05
193 0.50 1.95788e-02 1.88102e-05
213 0.50 1.84807e-02 2.87600e-05
233 0.50 1.87921e-02 2.00037e-05
253 0.50 1.87132e-02 2.02559e-05
273 0.50 1.86964e-02 2.51158e-05
293 0.50 2.01245e-02 2.54404e-05
13 0.75 2.11882e-02 2.34868e-05
33 0.75 2.07380e-02 1.85917e-05
53 0.75 2.09692e-02 1.64554e-05
73 0.75 1.92778e-02 2.26536e-05
93 0.75 1.98445e-02 1.59746e-05
113 0.75 1.87366e-02 1.92838e-05
133 0.75 2.02663e-02 4.17123e-05
153 0.75 1.92793e-02 2.16362e-05
173 0.75 2.25102e-02 3.02917e-05
193 0.75 2.01066e-02 2.48185e-05
213 0.75 1.67278e-02 2.49847e-05
233 0.75 1.87680e-02 2.24841e-05
253 0.75 1.85250e-02 2.55615e-05
273 0.75 1.89517e-02 1.68216e-05
293 0.75 1.96036e-02 1.92751e-05
13 1.00 1.99901e-02 3.78168e-05
33 1.00 2.03686e-02 1.76199e-05
53 1.00 2.04288e-02 1.92284e-05
73 1.00 1.92694e-02 2.39555e-05
93 1.00 1.98647e-02 2.00052e-05
113 1.00 1.95123e-02 1.73513e-05
133 1.00 1.99419e-02 1.89114e-05
153 1.00 1.87347e-02 2.73391e-05
173 1.00 2.28547e-02 3.15193e-05
193 1.00 1.93221e-02 2.21265e-05
213 1.00 1.71142e-02 1.36074e-05
233 1.00 2.04758e-02 2.55286e-05
253 1.00 1.90352e-02 2.61146e-05
273 1.00 1.96825e-02 3.09471e-05
293 1.00 2.12912e-02 2.40853e-05
14 -1.00 1.98581e-02 1.08119e-05
34 -1.00 2.11334e-02 1.49866e-05
54 -1.00 2.24609e-02 1.78930e-05
74 -1.00 2.06244e-02 1.09646e-05
94 -1.00 2.11805e-02 1.49629e-05
114 -1.00 2.18100e-02 1.28562e-05
134 -1.00 2.19802e-02 2.08194e-05
154 -1.00 2.16749e-02 1.07983e-05
174 -1.00 2.32050e-02 1.80637e-05
194 -1.00 1.99797e-02 1.42082e-05
214 -1.00 2.13413e-02 3.38486e-05
234 -1.00 2.01016e-02 1.93868e-05
254 -1.00 2.29032e-02 6.74496e-06
274 -1.00 2.04898e-02 1.81953e-05
294 -1.00 2.05212e-02 1.00411e-05
14 -0.75 2.01151e-02 1.57963e-05
34 -0.75 2.10337e-02 1.36126e-05
54 -0.75 2.29335e-02 1.77187e-05
74 -0.75 1.95241e-02 7.94038e-06
94 -0.75 2.09787e-02 1.08931e-05
114 -0.75 2.22541e-02 1.89447e-05
134 -0.75 2.12455e-02 2.31913e-05
154 -0.75 2.06195e-02 1.93574e-05
174 -0.75 2.21916e-02 2.99086e-05
194 -0.75 2.00183e-02 2.37955e-05
214 -0.75 2.00915e-02 2.46999e-05
234 -0.75 1.98494e-02 1.07556e-05
254 -0.75 2.29106e-02 2.15980e-05
274 -0.75 1.90481e-02 1.12436e-05
294 -0.75 2.03590e-02 1.59312e-05
14 -0.50 2.05054e-02 1.12757e-05
34 -0.50 2.13245e-02 2.06811e-05
54 -0.50 2.25078e-02 1.90566e-05
74 -0.50 2.00691e-02 1.45389e-05
94 -0.50 1.99489e-02 1.50741e-05
114 -0.50 2.32853e-02 3.32515e-05
134 -0.50 2.09053e-02 1.65904e-05
154 -0.50 2.03200e-02 1.11257e-05
174 -0.50 2.03979e-02 1.76581e-05
194 -0.50 1.93568e-02 8.37004e-06
214 -0.50 1.81218e-02 1.30978e-05
234 -0.50 1.92239e-02 1.52189e-05
254 -0.50 2.11656e-02 2.83751e-05
274 -0.50 1.84335e-02 1.18220e-05
294 -0.50 2.03981e-02 1.28185e-05
14 -0.25 2.00242e-02 1.40415e-05
34 -0.25 2.21369e-02 3.22262e-05
54 -0.25 2.25054e-02 3.15223e-05
74 -0.25 1.98684e-02 1.41935e-05
94 -0.25 2.09790e-02 1.82359e-05
114 -0.25 2.22349e-02 2.28841e-05
134 -0.25 2.31761e-02 2.95165e-05
154 -0.25 2.15351e-02 2.54454e-05
174 -0.25 2.03284e-02 2.59845e-05
194 -0.25 2.06590e-02 1.35966e-05
214 -0.25 1.86553e-02 1.58622e-05
234 -0.25 1.96532e-02 2.26663e-05
254 -0.25 2.18000e-02 2.48303e-05
274 -0.25 1.91886e-02 1.82195e-05
294 -0.25 2.13527e-02 1.38346e-05
14 0.00 2.03287e-02 2.53638e-05
34 0.00 1.92153e-02 1.29230e-05
54 0.00 2.08716e-02 1.41777e-05
74 0.00 2.07233e-02 1.54798e-05
94 0.00 2.10918e-02 1.85598e-05
114 0.00 2.13143e-02 1.93312e-05
134 0.00 2.16844e-02 2.29256e-05
154 0.00 2.19641e-02 1.93869e-05
174 0.00 2.07137e-02 2.16022e-05
194 0.00 1.87720e-02 1.20293e-05
214 0.00 1.86144e-02 2.07881e-05
234 0.00 2.03819e-02 2.98018e-05
254 0.00 2.29105e-02 3.86472e-05
274 0.00 1.81213e-02 1.42565e-05
294 0.00 2.09620e-02 2.03902e-05
14 0.25 1.93115e-02 1.28047e-05
34 0.25 2.02858e-02 2.54597e-05
54 0.25 2.03325e-02 1.35013e-05
74 0.25 1.96206e-02 1.57536e-05
94 0.25 2.11031e-02 1.91308e-05
114 0.25 2.13402e-02 1.70237e-05
134 0.25 1.99733e-02 2.09225e-05
154 0.25 2.16949e-02 2.42563e-05
174 0.25 2.12427e-02 2.22415e-05
194 0.25 2.02425e-02 3.59818e-05
214 0.25 1.76224e-02 1.67850e-05
234 0.25 1.77637e-02 2.45245e-05
254 0.25 2.15636e-02 2.26961e-05
274 0.25 1.79711e-02 1.93382e-05
294 0.25 1.91845e-02 1.56470e-05
14 0.50 1.96530e-02 2.26361e-05
34 0.50 1.80211e-02 1.36989e-05
54 0.50 2.11117e-02 2.28213e-05
74 0.50 1.95261e-02 2.07172e-05
94 0.50 2.15052e-02 2.66246e-05
114 0.50 2.09694e-02 1.97553e-05
134 0.50 2.07614e-02 1.79603e-05
154 0.50 2.15368e-02 1.97930e-05
174 0.50 1.98022e-02 2.42931e-05
194 0.50 1.82992e-02 1.63542e-05
214 0.50 1.76945e-02 1.69850e-05
234 0.50 1.91824e-02 4.19995e-05
254 0.50 2.14012e-02 2.02469e-05
274 0.50 1.80072e-02 1.83095e-05
294 0.50 2.08540e-02 1.77575e-05
14 0.75 2.14378e-02 2.52357e-05
34 0.75 1.94142e-02 2.23376e-05
54 0.75 2.01131e-02 1.32580e-05
74 0.75 2.14261e-02 2.69203e-05
94 0.75 2.18800e-02 3.26117e-05
114 0.75 2.12330e-02 2.08158e-05
134 0.75 2.01264e-02 1.91675e-05
154 0.75 2.13451e-02 2.29135e-05
174 0.75 2.03703e-02 3.90280e-05
194 0.75 1.93543e-02 2.00421e-05
214 0.75 1.81577e-02 1.76023e-05
234 0.75 1.73662e-02 1.90021e-05
254 0.75 2.13654e-02 2.99270e-05
274 0.75 1.96332e-02 2.22615e-05
294 0.75 1.96482e-02 1.54147e-05
14 1.00 1.84189e-02 1.92479e-05
34 1.00 1.92375e-02 1.90465e-05
54 1.00 2.00500e-02 2.52543e-05
74 1.00 2.07986e-02 2.29056e-05
94 1.00 2.09452e-02 2.39418e-05
114 1.00 2.12672e-02 2.79021e-05
134 1.00 2.04771e-02 3.54701e-05
154 1.00 2.15025e-02 5.60582e-05
174 1.00 1.95044e-02 1.81859e-05
194 1.00 2.03912e-02 2.34871e-05
214 1.00 1.90305e-02 2.42207e-05
234 1.00 1.81640e-02 2.33719e-05
254 1.00 2.11432e-02 2.65633e-05
274 1.00 1.93821e-02 2.30196e-05
294 1.00 1.96220e-02 2.10238e-05
15 -1.00 1.87325e-02 8.30143e-06
35 -1.00 1.88817e-02 8.44685e-06
55 -1.00 2.02465e-02 1.23421e-05
75 -1.00 1.95587e-02 1.27159e-05
95 -1.00 1.96947e-02 1.24031e-05
115 -1.00 1.94037e-02 1.30511e-05
135 -1.00 2.40031e-02 1.55590e-05
155 -1.00 2.17294e-02 2.85690e-05
175 -1.00 2.10239e-02 1.60578e-05
195 -1.00 2.25263e-02 2.09798e-05
215 -1.00 2.13770e-02 2.32454e-05
235 -1.00 2.12350e-02 3.33142e-05
255 -1.00 1.87904e-02 1.15862e-05
275 -1.00 1.96902e-02 1.22459e-05
295 -1.00 2.59587e-02 2.16147e-05
15 -0.75 1.97951e-02 1.32564e-05
35 -0.75 1.87260e-02 1.68137e-05
55 -0.75 1.91744e-02 1.20429e-05
75 -0.75 1.82269e-02 1.24558e-05
95 -0.75 1.98308e-02 8.48258e-06
115 -0.75 1.94950e-02 1.56749e-05
135 -0.75 2.22502e-02 1.80406e-05
155 -0.75 1.97880e-02 1.45192e-05
175 -0.75 2.07073e-02 1.60054e-05
195 -0.75 2.19901e-02 2.30326e-05
215 -0.75 2.04019e-02 1.56347e-05
235 -0.75 2.20219e-02 3.13762e-05
255 -0.75 1.89341e-02 1.79308e-05
275 -0.75 1.95033e-02 1.34181e-05
295 -0.75 2.62087e-02 3.56968e-05
15 -0.50 1.93925e-02 1.08032e-05
35 -0.50 1.81109e-02 1.22853e-05
55 -0.50 1.91135e-02 1.15707e-05
75 -0.50 1.88745e-02 1.50375e-05
95 -0.50 1.99554e-02 1.92840e-05
115 -0.50 1.90485e-02 1.58928e-05
135 -0.50 2.23340e-02 1.67690e-05
155 -0.50 2.07630e-02 2.82398e-05
175 -0.50 2.02181e-02 1.62636e-05
195 -0.50 2.09627e-02 1.98575e-05
215 -0.50 1.98858e-02 1.06714e-05
235 -0.50 2.14370e-02 2.14478e-05
255 -0.50 1.89899e-02 1.68050e-05
275 -0.50 1.86127e-02 1.48297e-05
295 -0.50 2.50805e-02 3.08033e-05
15 -0.25 1.91834e-02 1.46133e-05
35 -0.25 1.75581e-02 1.25640e-05
55 -0.25 1.91317e-02 1.54393e-05
75 -0.25 1.89903e-02 3.02125e-05
95 -0.25 1.92391e-02 1.53764e-05
115 -0.25 1.85909e-02 1.65145e-05
135 -0.25 2.20474e-02 1.61097e-05
155 -0.25 2.00197e-02 1.61466e-05
175 -0.25 2.05489e-02 2.42831e-05
195 -0.25 2.06258e-02 2.12598e-05
215 -0.25 2.05382e-02 2.10855e-05
235 -0.25 2.03432e-02 2.60830e-05
255 -0.25 1.80356e-02 1.49944e-05
275 -0.25 1.98204e-02 1.98100e-05
295 -0.25 2.41699e-02 2.89989e-05
15 0.00 1.98565e-02 1.97679e-05
35 0.00 1.80472e-02 1.20459e-05
55 0.00 1.96314e-02 1.50754e-05
75 0.00 1.81381e-02 2.07695e-05
95 0.00 1.90664e-02 1.29619e-05
115 0.00 1.91381e-02 2.23600e-05
135 0.00 2.14983e-02 3.00603e-05
155 0.00 1.96964e-02 2.98354e-05
175 0.00 2.01426e-02 1.45518e-05
195 0.00 2.19209e-02 2.86836e-05
215 0.00 2.08541e-02 1.79150e-05
235 0.00 1.92950e-02 2.18232e-05
255 0.00 1.90251e-02 2.15435e-05
275 0.00 1.77714e-02 1.18590e-05
295 0.00 2.30442e-02 1.90013e-05
15 0.25 1.93306e-02 1.33229e-05
35 0.25 1.88430e-02 2.03800e-05
55 0.25 1.87969e-02 1.08570e-05
75 0.25 1.72825e-02 1.54033e-05
95 0.25 1.95955e-02 1.99771e-05
115 0.25 1.84236e-02 2.26144e-05
135 0.25 2.11286e-02 2.27730e-05
155 0.25 2.16814e-02 3.56905e-05
175 0.25 2.00760e-02 1.41187e-05
195 0.25 2.02942e-02 1.54112e-05
215 0.25 2.02181e-02 1.53755e-05
235 0.25 2.04196e-02 2.24098e-05
255 0.25 1.87328e-02 2.10036e-05
275 0.25 1.81699e-02 1.31676e-05
295 0.25 2.36470e-02 3.38542e-05
15 0.50 1.97407e-02 2.19834e-05
35 0.50 1.67948e-02 1.79527e-05
55 0.50 2.04329e-02 3.46445e-05
75 0.50 1.85740e-02 2.91626e-05
95 0.50 1.96070e-02 2.11223e-05
115 0.50 1.91592e-02 3.61590e-05
135 0.50 2.15786e-02 2.20375e-05
155 0.50 1.93339e-02 2.61438e-05
175 0.50 2.21563e-02 2.14080e-05
195 0.50 2.07716e-02 2.08423e-05
215 0.50 2.01033e-02 2.16592e-05
235 0.50 2.05253e-02 2.10726e-05
255 0.50 1.86489e-02 1.61384e-05
275 0.50 1.82920e-02 2.54889e-05
295 0.50 2.34424e-02 2.36016e-05
15 0.75 1.90955e-02 1.40186e-05
35 0.75 1.66682e-02 1.84041e-05
55 0.75 1.94781e-02 1.88596e-05
75 0.75 1.72499e-02 1.87075e-05
95 0.75 2.10644e-02 2.66771e-05
115 0.75 1.77743e-02 1.54591e-05
135 0.75 2.17190e-02 3.12926e-05
155 0.75 1.96015e-02 2.68487e-05
175 0.75 2.09805e-02 2.49688e-05
195 0.75 2.15510e-02 1.73639e-05
215 0.75 1.98253e-02 2.10514e-05
235 0.75 2.02493e-02 2.49570e-05
255 0.75 1.79418e-02 2.08879e-05
275 0.75 1.93134e-02 2.23056e-05
295 0.75 2.25183e-02 2.58393e-05
15 1.00 1.91526e-02 2.98657e-05
35 1.00 1.75694e-02 1.57206e-05
55 1.00 1.92653e-02 1.85722e-05
75 1.00 1.76532e-02 9.90619e-06
95 1.00 2.01209e-02 1.93501e-05
115 1.00 1.77627e-02 3.71581e-05
135 1.00 2.15168e-02 3.27562e-05
155 1.00 1.88202e-02 2.93440e-05
175 1.00 2.05918e-02 3.61312e-05
195 1.00 2.15405e-02 3.34189e-05
215 1.00 1.94268e-02 2.27486e-05
235 1.00 1.99305e-02 3.48205e-05
255 1.00 1.84710e-02 2.23602e-05
275 1.00 1.91258e-02 2.23166e-05
295 1.00 2.29647e-02 2.67709e-05
16 -1.00 2.16253e-02 1.25648e-05
36 -1.00 1.86272e-02 1.52882e-05
56 -1.00 2.04747e-02 1.55924e-05
76 -1.00 2.44212e-02 2.20419e-05
96 -1.00 2.11811e-02 8.62646e-06
116 -1.00 1.88646e-02 1.27542e-05
136 -1.00 1.98749e-02 1.49138e-05
156 -1.00 1.99556e-02 1.05540e-05
176 -1.00 2.06818e-02 8.59021e-06
196 -1.00 2.60273e-02 2.67750e-05
216 -1.00 2.26564e-02 1.60326e-05
236 -1.00 2.18145e-02 2.09965e-05
256 -1.00 1.90003e-02 1.28496e-05
276 -1.00 2.37161e-02 3.80507e-05
296 -1.00 1.97205e-02 7.93112e-06
16 -0.75 2.22103e-02 3.22969e-05
36 -0.75 1.89384e-02 2.12450e-05
56 -0.75 1.95563e-02 1.12313e-05
76 -0.75 2.40128e-02 2.37079e-05
96 -0.75 2.20549e-02 2.09871e-05
116 -0.75 1.73031e-02 7.68012e-06
136 -0.75 1.88638e-02 1.48188e-05
156 -0.75 2.05133e-02 1.20407e-05
176 -0.75 2.14048e-02 1.23039e-05
196 -0.75 2.39615e-02 1.74309e-05
216 -0.75 2.18048e-02 1.56615e-05
236 -0.75 2.12462e-02 1.11947e-05
256 -0.75 1.98557e-02 8.97314e-06
276 -0.75 2.19445e-02 2.02375e-05
296 -0.75 1.97970e-02 1.05771e-05
16 -0.50 2.18402e-02 3.07394e-05
36 -0.50 1.80410e-02 6.94194e-06
56 -0.50 2.11459e-02 2.58218e-05
76 -0.50 2.25853e-02 2.95874e-05
96 -0.50 2.26306e-02 2.53555e-05
116 -0.50 1.79232e-02 1.49275e-05
136 -0.50 1.98288e-02 2.20632e-05
156 -0.50 2.08109e-02 1.76051e-05
176 -0.50 2.11180e-02 6.59380e-06
196 -0.50 2.33994e-02 1.85809e-05
216 -0.50 2.25746e-02 1.91690e-05
236 -0.50 2.04663e-02 1.68948e-05
256 -0.50 1.86581e-02 9.45815e-06
276 -0.50 2.04407e-02 1.67697e-05
296 -0.50 2.02253e-02 1.48131e-05
16 -0.25 2.07765e-02 2.10174e-05
36 -0.25 1.83536e-02 2.45766e-05
56 -0.25 1.89106e-02 1.60223e-05
76 -0.25 2.27916e-02 2.75025e-05
96 -0.25 2.09270e-02 2.04370e-05
116 -0.25 1.73135e-02 1.35064e-05
136 -0.25 2.02082e-02 1.85345e-05
156 -0.25 2.03054e-02 1.24639e-05
176 -0.25 2.00286e-02 8.93615e-06
196 -0.25 2.28770e-02 2.25130e-05
216 -0.25 2.15532e-02 1.56771e-05
236 -0.25 2.09967e-02 1.25351e-05
256 -0.25 1.85105e-02 1.67446e-05
276 -0.25 2.03814e-02 2.01952e-05
296 -0.25 2.02992e-02 2.05408e-05
16 0.00 1.90659e-02 1.72720e-05
36 0.00 1.65888e-02 8.91995e-06
56 0.00 2.03353e-02 2.25835e-05
76 0.00 2.34215e-02 3.48940e-05
96 0.00 1.97517e-02 1.59509e-05
116 0.00 1.82079e-02 2.15699e-05
136 0.00 2.13965e-02 2.69790e-05
156 0.00 2.12939e-02 2.90490e-05
176 0.00 2.03993e-02 1.35774e-05
196 0.00 2.40737e-02 3.46565e-05
216 0.00 2.14257e-02 1.78742e-05
236 0.00 2.05793e-02 1.44384e-05
256 0.00 1.94287e-02 1.80304e-05
276 0.00 2.12071e-02 1.87325e-05
296 0.00 2.03844e-02 2.19487e-05
16 0.25 1.91914e-02 2.09206e-05
36 0.25 1.69284e-02 1.37105e-05
56 0.25 2.04720e-02 1.80131e-05
76 0.25 2.25018e-02 1.70127e-05
96 0.25 2.09405e-02 1.99367e-05
116 0.25 1.74722e-02 1.12108e-05
136 0.25 1.98324e-02 1.81994e-05
156 0.25 2.13504e-02 1.77647e-05
176 0.25 1.97411e-02 1.68877e-05
196 0.25 2.36129e-02 1.83520e-05
216 0.25 2.05299e-02 1.67667e-05
236 0.25 2.03869e-02 1.90959e-05
256 0.25 1.83433e-02 1.63302e-05
276 0.25 1.95720e-02 2.09664e-05
296 0.25 1.93742e-02 1.90285e-05
16 0.50 1.93517e-02 2.09005e-05
36 0.50 1.70231e-02 1.97926e-05
56 0.50 1.97769e-02 1.57325e-05
76 0.50 2.17885e-02 3.27497e-05
96 0.50 2.08082e-02 1.62967e-05
116 0.50 1.66403e-02 1.44898e-05
136 0.50 1.97254e-02 1.97986e-05
156 0.50 2.17426e-02 2.74679e-05
176 0.50 2.03657e-02 2.55792e-05
196 0.50 2.16333e-02 2.49345e-05
216 0.50 2.18834e-02 3.82409e-05
236 0.50 1.96883e-02 1.29340e-05
256 0.50 1.94379e-02 1.83467e-05
276 0.50 1.91082e-02 1.60002e-05
296 0.50 1.85209e-02 1.26410e-05
16 0.75 2.02246e-02 2.64656e-05
36 0.75 1.72302e-02 2.10490e-05
56 0.75 2.08671e-02 2.98099e-05
76 0.75 2.10157e-02 1.56474e-05
96 0.75 2.14644e-02 2.52731e-05
116 0.75 1.76713e-02 1.87867e-05
136 0.75 2.07758e-02 4.93143e-05
156 0.75 2.09592e-02 1.69772e-05
176 0.75 2.02401e-02 1.93869e-05
196 0.75 2.21556e-02 3.05187e-05
216 0.75 2.03936e-02 1.47907e-05
236 0.75 2.07777e-02 2.71886e-05
256 0.75 1.90905e-02 2.06162e-05
276 0.75 1.87205e-02 3.79960e-05
296 0.75 1.77954e-02 1.73032e-05
16 1.00 1.75296e-02 1.98384e-05
36 1.00 1.85130e-02 2.91215e-05
56 1.00 2.11636e-02 3.00307e-05
76 1.00 1.98694e-02 3.49734e-05
96 1.00 2.31596e-02 3.36396e-05
116 1.00 1.71208e-02 2.08162e-05
136 1.00 1.97882e-02 1.82458e-05
156 1.00 2.18527e-02 3.11494e-05
176 1.00 2.13010e-02 2.33468e-05
196 1.00 2.16711e-02 1.73168e-05
216 1.00 2.29955e-02 4.52608e-05
236 1.00 2.12123e-02 4.21771e-05
256 1.00 1.95779e-02 1.38300e-05
276 1.00 1.88638e-02 2.12027e-05
296 1.00 1.78146e-02 2.17288e-05
17 -1.00 2.11985e-02 1.40077e-05
37 -1.00 2.14154e-02 3.06265e-05
57 -1.00 2.05465e-02 1.94624e-05
77 -1.00 2.14063e-02 1.82120e-05
97 -1.00 2.26524e-02 1.72391e-05
117 -1.00 2.22665e-02 1.56639e-05
137 -1.00 2.01347e-02 1.15085e-05
157 -1.00 1.98459e-02 9.77769e-06
177 -1.00 2.19414e-02 8.23107e-06
197 -1.00 2.14174e-02 1.32905e-05
217 -1.00 1.90993e-02 1.13923e-05
237 -1.00 1.99656e-02 7.58160e-06
257 -1.00 2.05065e-02 2.58801e-05
277 -1.00 2.20026e-02 1.04125e-05
297 -1.00 2.11423e-02 1.05566e-05
17 -0.75 2.27032e-02 1.05176e-05
37 -0.75 1.98579e-02 1.65367e-05
57 -0.75 2.01586e-02 7.83713e-06
77 -0.75 2.04023e-02 1.30696e-05
97 -0.75 2.13153e-02 1.34060e-05
117 -0.75 2.23746e-02 2.07528e-05
137 -0.75 2.16867e-02 1.53969e-05
157 -0.75 2.10831e-02 1.71272e-05
177 -0.75 2.18458e-02 2.27861e-05
197 -0.75 2.22063e-02 2.80662e-05
217 -0.75 2.00646e-02 1.60460e-05
237 -0.75 2.06068e-02 9.79479e-06
257 -0.75 1.98118e-02 1.31293e-05
277 -0.75 2.11861e-02 1.70215e-05
297 -0.75 2.13028e-02 1.24056e-05
17 -0.50 2.33530e-02 2.54216e-05
37 -0.50 2.16520e-02 2.74164e-05
57 -0.50 1.92790e-02 1.39075e-05
77 -0.50 2.29548e-02 4.62462e-05
97 -0.50 2.10960e-02 1.30620e-05
117 -0.50 2.14409e-02 1.10315e-05
137 -0.50 2.00178e-02 1.09160e-05
157 -0.50 2.10664e-02 1.20453e-05
177 -0.50 2.11735e-02 1.51824e-05
197 -0.50 2.16408e-02 1.55098e-05
217 -0.50 1.99746e-02 1.33716e-05
237 -0.50 1.99761e-02 1.61454e-05
257 -0.50 2.01049e-02 1.98382e-05
277 -0.50 2.08084e-02 1.06295e-05
297 -0.50 2.18523e-02 2.45357e-05
17 -0.25 2.19437e-02 2.21984e-05
37 -0.25 1.95547e-02 2.22697e-05
57 -0.25 1.95891e-02 1.44092e-05
77 -0.25 2.17778e-02 3.17530e-05
97 -0.25 2.13370e-02 2.07807e-05
117 -0.25 2.12693e-02 1.50316e-05
137 -0.25 2.02983e-02 1.22573e-05
157 -0.25 2.01230e-02 1.01645e-05
177 -0.25 2.06703e-02 1.86127e-05
197 -0.25 2.06223e-02 1.37285e-05
217 -0.25 2.03473e-02 1.84569e-05
237 -0.25 1.97883e-02 2.01630e-05
257 -0.25 1.88228e-02 2.60244e-05
277 -0.25 1.91033e-02 1.43009e-05
297 -0.25 2.03836e-02 1.73471e-05
17 0.00 2.21754e-02 1.72410e-05
37 0.00 2.08813e-02 2.97690e-05
57 0.00 1.94376e-02 8.45504e-06
77 0.00 2.07899e-02 2.49460e-05
97 0.00 1.99776e-02 1.56924e-05
117 0.00 2.11579e-02 2.30401e-05
137 0.00 2.02361e-02 1.35464e-05
157 0.00 2.13854e-02 1.70455e-05
177 0.00 2.05886e-02 1.17292e-05
197 0.00 2.02474e-02 1.91742e-05
217 0.00 1.91335e-02 1.37986e-05
237 0.00 2.05182e-02 2.88895e-05
257 0.00 1.81546e-02 1.37087e-05
277 0.00 2.09941e-02 1.93711e-05
297 0.00 2.00088e-02 1.48221e-05
17 0.25 2.13539e-02 1.40494e-05
37 0.25 1.96869e-02 2.56612e-05
57 0.25 1.97210e-02 1.93227e-05
77 0.25 2.01554e-02 2.58963e-05
97 0.25 2.16088e-02 3.72884e-05
117 0.25 2.22805e-02 2.26572e-05
137 0.25 2.06663e-02 1.73709e-05
157 0.25 2.05531e-02 1.63210e-05
177 0.25 2.11896e-02 2.12575e-05
197 0.25 2.04259e-02 1.84223e-05
217 0.25 1.99235e-02 1.30107e-05
237 0.25 1.94516e-02 2.00386e-05
257 0.25 2.01266e-02 2.30021e-05
277 0.25 1.96382e-02 1.49123e-05
297 0.25 2.04363e-02 1.75162e-05
17 0.50 1.97787e-02 1.29369e-05
37 0.50 1.90615e-02 1.83356e-05
57 0.50 1.99317e-02 1.49303e-05
77 0.50 1.90442e-02 2.20805e-05
97 0.50 2.17324e-02 2.87857e-05
117 0.50 2.07882e-02 1.75678e-05
137 0.50 1.95750e-02 8.43602e-06
157 0.50 2.07738e-02 2.26398e-05
177 0.50 2.07724e-02 1.97105e-05
197 0.50 2.10144e-02 1.83214e-05
217 0.50 1.89774e-02 1.48446e-05
237 0.50 1.90974e-02 2.35369e-05
257 0.50 1.73722e-02 1.25925e-05
277 0.50 2.03943e-02 2.78910e-05
297 0.50 2.08502e-02 1.72405e-05
17 0.75 2.02459e-02 3.18793e-05
37 0.75 1.98208e-02 1.78134e-05
57 0.75 1.98247e-02 3.00495e-05
77 0.75 1.95391e-02 1.87055e-05
97 0.75 2.23186e-02 2.12427e-05
117 0.75 2.01055e-02 1.72247e-05
137 0.75 2.14445e-02 5.50662e-05
157 0.75 2.09892e-02 2.13027e-05
177 0.75 2.11502e-02 2.73396e-05
197 0.75 1.98752e-02 2.47421e-05
217 0.75 1.93066e-02 2.28234e-05
237 0.75 2.04316e-02 2.87828e-05
257 0.75 1.66154e-02 1.95398e-05
277 0.75 2.07080e-02 2.81434e-05
297 0.75 1.94623e-02 2.69255e-05
17 1.00 2.03112e-02 2.46076e-05
37 1.00 1.78772e-02 1.93871e-05
57 1.00 1.99403e-02 2.40667e-05
77 1.00 2.03643e-02 2.63248e-05
97 1.00 2.07964e-02 3.15008e-05
117 1.00 2.06418e-02 1.95739e-05
137 1.00 2.05576e-02 4.16420e-05
157 1.00 2.00239e-02 1.86889e-05
177 1.00 1.98705e-02 1.53333e-05
197 1.00 2.06797e-02 2.12768e-05
217 1.00 1.93449e-02 2.33196e-05
237 1.00 1.87448e-02 2.56284e-05
257 1.00 1.59630e-02 1.34945e-05
277 1.00 1.93210e-02 2.17340e-05
297 1.00 1.99373e-02 4.17171e-05
18 -1.00 2.02478e-02 6.74833e-06
38 -1.00 2.18794e-02 1.49875e-05
58 -1.00 2.00011e-02 1.16150e-05
78 -1.00 1.87151e-02 1.39835e-05
98 -1.00 2.13846e-02 2.41745e-05
118 -1.00 2.31374e-02 2.48015e-05
138 -1.00 2.27821e-02 1.17704e-05
158 -1.00 1.98047e-02 1.13669e-05
178 -1.00 2.08528e-02 9.41864e-06
198 -1.00 2.04849e-02 1.82633e-05
218 -1.00 2.04528e-02 9.95538e-06
238 -1.00 2.05468e-02 1.68668e-05
258 -1.00 1.84621e-02 1.20412e-05
278 -1.00 1.97725e-02 8.18528e-06
298 -1.00 2.06319e-02 1.62830e-05
18 -0.75 2.16201e-02 2.93023e-05
38 -0.75 2.21232e-02 1.27845e-05
58 -0.75 1.95876e-02 1.60374e-05
78 -0.75 1.87657e-02 1.38398e-05
98 -0.75 2.16870e-02 2.42625e-05
118 -0.75 2.31108e-02 2.17957e-05
138 -0.75 2.27827e-02 1.35198e-05
158 -0.75 2.03118e-02 1.23928e-05
178 -0.75 2.06107e-02 1.17720e-05
198 -0.75 2.13960e-02 2.38952e-05
218 -0.75 2.04653e-02 1.76235e-05
238 -0.75 2.05898e-02 1.85817e-05
258 -0.75 1.88255e-02 1.19405e-05
278 -0.75 2.12928e-02 3.04204e-05
298 -0.75 2.17098e-02 1.52331e-05
18 -0.50 2.05091e-02 2.40319e-05
38 -0.50 2.19757e-02 1.88000e-05
58 -0.50 1.97339e-02 1.71496e-05
78 -0.50 1.87410e-02 1.25182e-05
98 -0.50 2.08863e-02 1.66778e-05
118 -0.50 2.32697e-02 3.61794e-05
138 -0.50 2.13979e-02 2.21491e-05
158 -0.50 1.98221e-02 2.59951e-05
178 -0.50 1.98115e-02 1.14203e-05
198 -0.50 2.00102e-02 2.81104e-05
218 -0.50 1.99286e-02 1.40964e-05
238 -0.50 2.02208e-02 2.71897e-05
258 -0.50 1.79641e-02 1.21121e-05
278 -0.50 1.97464e-02 1.62503e-05
298 -0.50 2.05369e-02 1.28749e-05
18 -0.25 2.11518e-02 1.66749e-05
38 -0.25 2.03336e-02 8.82791e-06
58 -0.25 1.95194e-02 1.31297e-05
78 -0.25 1.84470e-02 1.21240e-05
98 -0.25 2.03281e-02 2.36966e-05
118 -0.25 2.23214e-02 1.82363e-05
138 -0.25 2.11486e-02 1.71247e-05
158 -0.25 1.93030e-02 2.22075e-05
178 -0.25 2.03184e-02 1.39070e-05
198 -0.25 2.06669e-02 1.95547e-05
218 -0.25 1.87753e-02 7.85648e-06
238 -0.25 2.01682e-02 1.65646e-05
258 -0.25 1.77792e-02 1.28793e-05
278 -0.25 2.06411e-02 1.17037e-05
298 -0.25 1.94348e-02 1.15993e-05
18 0.00 1.95638e-02 1.34581e-05
38 0.00 2.31934e-02 5.18996e-05
58 0.00 1.86154e-02 1.48956e-05
78 0.00 1.89188e-02 2.02809e-05
98 0.00 1.97028e-02 1.37595e-05
118 0.00 2.29440e-02 2.57829e-05
138 0.00 2.06526e-02 2.48846e-05
158 0.00 2.01412e-02 2.75380e-05
178 0.00 1.98420e-02 1.53608e-05
198 0.00 2.05905e-02 1.58451e-05
218 0.00 2.06954e-02 1.56405e-05
238 0.00 1.95458e-02 9.86042e-06
258 0.00 1.83450e-02 1.16928e-05
278 0.00 2.28373e-02 2.44498e-05
298 0.00 2.06576e-02 1.35153e-05
18 0.25 2.00797e-02 1.74196e-05
38 0.25 2.13634e-02 1.16300e-05
58 0.25 1.91444e-02 2.45989e-05
78 0.25 1.93604e-02 4.39219e-05
98 0.25 2.04059e-02 1.60375e-05
118 0.25 2.08595e-02 1.72398e-05
138 0.25 2.02128e-02 2.33974e-05
158 0.25 1.95987e-02 2.03813e-05
178 0.25 2.00978e-02 2.79358e-05
198 0.25 1.90840e-02 1.91780e-05
218 0.25 1.99077e-02 2.04101e-05
238 0.25 2.00004e-02 1.37266e-05
258 0.25 1.81802e-02 1.80019e-05
278 0.25 2.11357e-02 2.17127e-05
298 0.25 1.98999e-02 1.47858e-05
18 0.50 1.98458e-02 2.14635e-05
38 0.50 2.15054e-02 2.28397e-05
58 0.50 1.85257e-02 2.79184e-05
78 0.50 1.96559e-02 1.97836e-05
98 0.50 2.12543e-02 2.82600e-05
118 0.50 2.18342e-02 4.31923e-05
138 0.50 1.99285e-02 2.13386e-05
158 0.50 1.88973e-02 1.61502e-05
178 0.50 1.97633e-02 1.91493e-05
198 0.50 1.96029e-02 2.13824e-05
218 0.50 2.04947e-02 2.33695e-05
238 0.50 2.02710e-02 2.11888e-05
258 0.50 1.75962e-02 2.24011e-05
278 0.50 2.08023e-02 1.74386e-05
298 0.50 1.93823e-02 1.63835e-05
18 0.75 1.90634e-02 2.10784e-05
38 0.75 2.04468e-02 1.99639e-05
58 0.75 1.98336e-02 3.60693e-05
78 0.75 1.83943e-02 1.79439e-05
98 0.75 2.01943e-02 2.02809e-05
118 0.75 2.08616e-02 2.31016e-05
138 0.75 2.00961e-02 1.73553e-05
158 0.75 2.03491e-02 2.45607e-05
178 0.75 1.92500e-02 2.26047e-05
198 0.75 1.86416e-02 1.57083e-05
218 0.75 1.92092e-02 1.45932e-05
238 0.75 1.94433e-02 1.88082e-05
258 0.75 1.87039e-02 2.11927e-05
278 0.75 2.09785e-02 3.77872e-05
298 0.75 1.90486e-02 1.92834e-05
18 1.00 2.02951e-02 2.44363e-05
38 1.00 1.92867e-02 2.64987e-05
58 1.00 1.87438e-02 2.68828e-05
78 1.00 1.86279e-02 3.12938e-05
98 1.00 1.93577e-02 1.82061e-05
118 1.00 2.12154e-02 2.89420e-05
138 1.00 1.91755e-02 2.35957e-05
158 1.00 1.94850e-02 1.84700e-05
178 1.00 2.02857e-02 1.99382e-05
198 1.00 1.86216e-02 1.96987e-05
218 1.00 1.92619e-02 1.71936e-05
238 1.00 1.97572e-02 1.65458e-05
258 1.00 1.95052e-02 2.97173e-05
278 1.00 1.94185e-02 2.83901e-05
298 1.00 1.84487e-02 1.95641e-05
19 -1.00 1.88696e-02 1.17618e-05
39 -1.00 1.88157e-02 1.54247e-05
59 -1.00 2.15765e-02 2.77948e-05
79 -1.00 2.06370e-02 1.23740e-05
99 -1.00 2.04286e-02 1.49091e-05
119 -1.00 1.83994e-02 1.13049e-05
139 -1.00 1.89695e-02 1.20313e-05
159 -1.00 2.06359e-02 1.30570e-05
179 -1.00 2.13772e-02 1.22384e-05
199 -1.00 2.19020e-02 1.74830e-05
219 -1.00 2.23390e-02 1.26377e-05
239 -1.00 2.06589e-02 2.46609e-05
259 -1.00 2.20628e-02 1.39608e-05
279 -1.00 1.91823e-02 1.26841e-05
299 -1.00 1.97060e-02 9.17158e-06
19 -0.75 1.98859e-02 1.90196e-05
39 -0.75 1.86445e-02 1.45608e-05
59 -0.75 2.10104e-02 1.82625e-05
79 -0.75 2.06941e-02 1.93662e-05
99 -0.75 2.02316e-02 1.35235e-05
119 -0.75 1.85052e-02 1.46832e-05
139 -0.75 1.83226e-02 1.22659e-05
159 -0.75 1.95842e-02 1.19030e-05
179 -0.75 2.15544e-02 2.50750e-05
199 -0.75 1.97798e-02 2.17721e-05
219 -0.75 2.26445e-02 2.60967e-05
239 -0.75 2.12855e-02 1.69432e-05
259 -0.75 2.12217e-02 1.92550e-05
279 -0.75 1.94523e-02 1.65149e-05
299 -0.75 2.06082e-02 1.34500e-05
19 -0.50 2.11389e-02 1.33086e-05
39 -0.50 1.87081e-02 1.53394e-05
59 -0.50 2.02963e-02 9.50195e-06
79 -0.50 1.98002e-02 1.38892e-05
99 -0.50 2.08001e-02 1.89531e-05
119 -0.50 1.82108e-02 2.03774e-05
139 -0.50 1.89185e-02 1.30485e-05
159 -0.50 2.04278e-02 1.47775e-05
179 -0.50 2.16393e-02 2.08022e-05
199 -0.50 2.09566e-02 7.49839e-06
219 -0.50 2.23509e-02 1.74476e-05
239 -0.50 2.11774e-02 1.18447e-05
259 -0.50 2.08050e-02 2.48671e-05
279 -0.50 1.88880e-02 1.39230e-05
299 -0.50 1.92361e-02 1.79620e-05
19 -0.25 2.05946e-02 1.45184e-05
39 -0.25 1.73681e-02 1.09518e-05
59 -0.25 2.01134e-02 1.41424e-05
79 -0.25 2.03756e-02 1.38506e-05
99 -0.25 2.12048e-02 2.16438e-05
119 -0.25 1.83478e-02 1.89802e-05
139 -0.25 1.78132e-02 1.37454e-05
159 -0.25 2.00880e-02 1.30682e-05
179 -0.25 2.03907e-02 1.47250e-05
199 -0.25 2.06831e-02 1.56395e-05
219 -0.25 2.26690e-02 1.34263e-05
239 -0.25 2.01480e-02 1.12660e-05
259 -0.25 1.85485e-02 1.41474e-05
279 -0.25 1.87719e-02 1.31157e-05
299 -0.25 2.00491e-02 9.56370e-06
19 0.00 2.09509e-02 2.44805e-05
39 0.00 1.75743e-02 1.23074e-05
59 0.00 2.00869e-02 1.55555e-05
79 0.00 1.98024e-02 1.59483e-05
99 0.00 2.00918e-02 2.53233e-05
119 0.00 1.88310e-02 2.04931e-05
139 0.00 1.89150e-02 1.34919e-05
159 0.00 1.90153e-02 9.44477e-06
179 0.00 2.11559e-02 2.94663e-05
199 0.00 2.03300e-02 1.92762e-05
219 0.00 2.25301e-02 2.14339e-05
239 0.00 2.04472e-02 1.71417e-05
259 0.00 1.97984e-02 1.52244e-05
279 0.00 1.84161e-02 1.41622e-05
299 0.00 1.92634e-02 3.13025e-05
19 0.25 1.93902e-02 9.44169e-06
39 0.25 1.81987e-02 1.59137e-05
59 0.25 1.97607e-02 1.20265e-05
79 0.25 1.95311e-02 1.68202e-05
99 0.25 2.06368e-02 2.52584e-05
119 0.25 1.77887e-02 1.54029e-05
139 0.25 1.93578e-02 2.03740e-05
159 0.25 1.98685e-02 3.30936e-05
179 0.25 1.94839e-02 1.83157e-05
199 0.25 2.08712e-02 2.98768e-05
219 0.25 2.18653e-02 1.71373e-05
239 0.25 1.93740e-02 2.39672e-05
259 0.25 1.90061e-02 1.27040e-05
279 0.25 1.89832e-02 1.69372e-05
299 0.25 2.14550e-02 3.78907e-05
19 0.50 1.93632e-02 1.78231e-05
39 0.50 1.95851e-02 2.69173e-05
59 0.50 1.90055e-02 1.20811e-05
79 0.50 1.98929e-02 2.65366e-05
99 0.50 2.00480e-02 2.85016e-05
119 0.50 1.83245e-02 2.75656e-05
139 0.50 1.89362e-02 3.72198e-05
159 0.50 2.03264e-02 2.44536e-05
179 0.50 1.88170e-02 2.52685e-05
199 0.50 2.06722e-02 3.53021e-05
219 0.50 2.17445e-02 1.68254e-05
239 0.50 1.88839e-02 1.64741e-05
259 0.50 1.99917e-02 1.92110e-05
279 0.50 1.74096e-02 2.12635e-05
299 0.50 1.89948e-02 1.54529e-05
19 0.75 1.95130e-02 1.70569e-05
39 0.75 1.92231e-02 2.92904e-05
59 0.75 1.94894e-02 1.74416e-05
79 0.75 2.00794e-02 1.91072e-05
99 0.75 1.94583e-02 1.82861e-05
119 0.75 1.73466e-02 1.93816e-05
139 0.75 1.94803e-02 1.45029e-05
159 0.75 1.96823e-02 1.52905e-05
179 0.75 2.06929e-02 2.89232e-05
199 0.75 2.15477e-02 2.82594e-05
219 0.75 2.25169e-02 4.13948e-05
239 0.75 1.79592e-02 1.56489e-05
259 0.75 1.85555e-02 1.92564e-05
279 0.75 1.80777e-02 1.33537e-05
299 0.75 1.81466e-02 3.14149e-05
19 1.00 1.91438e-02 2.39146e-05
39 1.00 1.84879e-02 3.31856e-05
59 1.00 1.80080e-02 1.79967e-05
79 1.00 1.94560e-02 2.74868e-05
99 1.00 2.02835e-02 2.68127e-05
119 1.00 1.79519e-02 2.34291e-05
139 1.00 1.91563e-02 3.79448e-05
159 1.00 1.95933e-02 2.13337e-05
179 1.00 1.94838e-02 3.28012e-05
199 1.00 2.10400e-02 2.65435e-05
219 1.00 2.12178e-02 1.99647e-05
239 1.00 1.91201e-02 2.15356e-05
259 1.00 2.03013e-02 1.68600e-05
279 1.00 1.88941e-02 3.50870e-05
299 1.00 1.93332e-02 2.19564e-05
1 -1.00 2.42498e-02 2.43087e-05
21 -1.00 2.04182e-02 1.66298e-05
41 -1.00 2.02057e-02 3.81923e-05
61 -1.00 2.06643e-02 1.15039e-05
81 -1.00 2.33358e-02 1.94817e-05
101 -1.00 2.23439e-02 2.60893e-05
121 -1.00 2.22503e-02 1.80900e-05
141 -1.00 2.00878e-02 1.26108e-05
161 -1.00 2.06925e-02 1.90630e-05
181 -1.00 2.23142e-02 2.18735e-05
201 -1.00 2.18069e-02 1.39299e-05
221 -1.00 2.04196e-02 2.17982e-05
241 -1.00 2.04534e-02 1.85496e-05
261 -1.00 2.20101e-02 2.07564e-05
281 -1.00 2.22439e-02 1.35799e-05
1 -0.75 2.15681e-02 1.40718e-05
21 -0.75 2.01159e-02 1.00101e-05
41 -0.75 1.94370e-02 1.16714e-05
61 -0.75 2.03199e-02 1.47759e-05
81 -0.75 2.24845e-02 1.29432e-05
101 -0.75 2.23867e-02 3.20216e-05
121 -0.75 2.26766e-02 1.42852e-05
141 -0.75 1.97415e-02 1.66732e-05
161 -0.75 1.95724e-02 1.08084e-05
181 -0.75 2.18215e-02 1.85263e-05
201 -0.75 2.14063e-02 1.26819e-05
221 -0.75 1.98730e-02 3.66986e-05
241 -0.75 2.10141e-02 2.56214e-05
261 -0.75 2.11860e-02 1.76075e-05
281 -0.75 2.12572e-02 1.84046e-05
1 -0.50 2.26225e-02 2.73230e-05
21 -0.50 2.00964e-02 1.94648e-05
41 -0.50 1.98333e-02 1.87231e-05
61 -0.50 2.01481e-02 8.23835e-06
81 -0.50 2.29299e-02 2.02213e-05
101 -0.50 1.96965e-02 9.95504e-06
121 -0.50 2.16903e-02 1.30816e-05
141 -0.50 1.91418e-02 1.38000e-05
161 -0.50 1.95505e-02 7.13106e-06
181 -0.50 2.23901e-02 1.06933e-05
201 -0.50 2.15086e-02 2.32978e-05
221 -0.50 1.91603e-02 1.00628e-05
241 -0.50 2.00237e-02 1.06237e-05
261 -0.50 2.14895e-02 1.86007e-05
281 -0.50 2.32483e-02 3.04100e-05
1 -0.25 2.14257e-02 1.92329e-05
21 -0.25 1.91870e-02 1.35361e-05
41 -0.25 1.97220e-02 2.14488e-05
61 -0.25 1.94337e-02 1.44212e-05
81 -0.25 2.25133e-02 2.02686e-05
101 -0.25 2.10001e-02 1.87429e-05
121 -0.25 2.14295e-02 1.15525e-05
141 -0.25 1.92516e-02 1.83872e-05
161 -0.25 1.93272e-02 1.00620e-05
181 -0.25 2.10363e-02 1.89658e-05
201 -0.25 2.12420e-02 1.11567e-05
221 -0.25 1.91301e-02 3.01040e-05
241 -0.25 2.02510e-02 2.28558e-05
261 -0.25 1.87060e-02 1.64675e-05
281 -0.25 2.21463e-02 2.03853e-05
1 0.00 2.07053e-02 2.79221e-05
21 0.00 1.76949e-02 7.41742e-06
41 0.00 1.92777e-02 1.81662e-05
61 0.00 1.95140e-02 1.69967e-05
81 0.00 2.26991e-02 2.21145e-05
101 0.00 2.03085e-02 1.47542e-05
121 0.00 2.07313e-02 1.32043e-05
141 0.00 1.99854e-02 2.27417e-05
161 0.00 1.79792e-02 1.16712e-05
181 0.00 1.94690e-02 1.56368e-05
201 0.00 2.07650e-02 1.61270e-05
221 0.00 1.87771e-02 2.32053e-05
241 0.00 2.09110e-02 2.17838e-05
261 0.00 1.98085e-02 2.90122e-05
281 0.00 2.15974e-02 1.29029e-05
1 0.25 1.92773e-02 1.76186e-05
21 0.25 1.99363e-02 2.28856e-05
41 0.25 1.78830e-02 2.04242e-05
61 0.25 2.00211e-02 1.66001e-05
81 0.25 2.17296e-02 1.70663e-05
101 0.25 1.94970e-02 1.20326e-05
121 0.25 2.12743e-02 2.06404e-05
141 0.25 1.85375e-02 1.52071e-05
161 0.25 1.92009e-02 2.22934e-05
181 0.25 2.18394e-02 1.61814e-05
201 0.25 2.13371e-02 2.88658e-05
221 0.25 1.89219e-02 1.44480e-05
241 0.25 1.98935e-02 1.48937e-05
261 0.25 1.96192e-02 1.77663e-05
281 0.25 2.28641e-02 2.83986e-05
1 0.50 1.96654e-02 2.61945e-05
21 0.50 1.84686e-02 1.80248e-05
41 0.50 1.92698e-02 2.92743e-05
61 0.50 1.90435e-02 1.77655e-05
81 0.50 2.21708e-02 3.46479e-05
101 0.50 1.99965e-02 2.37213e-05
121 0.50 2.14447e-02 2.14139e-05
141 0.50 1.96877e-02 2.40053e-05
161 0.50 2.03996e-02 2.29079e-05
181 0.50 2.00670e-02 2.32035e-05
201 0.50 2.01250e-02 3.20820e-05
221 0.50 1.86712e-02 2.03852e-05
241 0.50 2.04265e-02 3.53838e-05
261 0.50 2.01154e-02 3.31221e-05
281 0.50 2.07918e-02 2.35790e-05
1 0.75 2.02014e-02 1.97124e-05
21 0.75 1.92486e-02 2.35314e-05
41 0.75 2.05518e-02 3.05189e-05
61 0.75 2.00262e-02 1.93680e-05
81 0.75 2.22554e-02 3.02655e-05
101 0.75 2.07577e-02 3.01465e-05
121 0.75 2.14176e-02 2.21381e-05
141 0.75 1.89631e-02 1.67658e-05
161 0.75 2.00607e-02 1.96138e-05
181 0.75 2.06738e-02 2.76736e-05
201 0.75 1.93860e-02 2.58904e-05
221 0.75 1.86214e-02 2.22758e-05
241 0.75 1.93917e-02 2.78403e-05
261 0.75 1.91556e-02 2.10863e-05
281 0.75 2.13321e-02 2.32987e-05
1 1.00 1.94000e-02 3.48498e-05
21 1.00 1.87242e-02 2.46237e-05
41 1.00 1.96189e-02 3.81857e-05
61 1.00 2.00860e-02 2.92388e-05
81 1.00 2.21429e-02 1.43665e-05
101 1.00 2.12125e-02 2.45401e-05
121 1.00 1.92021e-02 1.73027e-05
141 1.00 1.92430e-02 2.67277e-05
161 1.00 1.66877e-02 1.78621e-05
181 1.00 2.08905e-02 2.24621e-05
201 1.00 2.03588e-02 3.12768e-05
221 1.00 1.94048e-02 2.14530e-05
241 1.00 1.84717e-02 1.45462e-05
261 1.00 1.79876e-02 1.51701e-05
281 1.00 2.02627e-02 1.64643e-05
20 -1.00 1.96424e-02 7.49433e-06
40 -1.00 2.00486e-02 1.27182e-05
60 -1.00 2.25576e-02 1.05376e-05
80 -1.00 2.09302e-02 1.36305e-05
100 -1.00 1.99964e-02 1.13446e-05
120 -1.00 2.50559e-02 1.90041e-05
140 -1.00 1.86804e-02 1.25377e-05
160 -1.00 1.87775e-02 1.30769e-05
180 -1.00 1.91367e-02 1.17597e-05
200 -1.00 2.02589e-02 7.95573e-06
220 -1.00 2.34540e-02 1.33477e-05
240 -1.00 2.20723e-02 1.51332e-05
260 -1.00 2.00048e-02 1.84503e-05
280 -1.00 2.16894e-02 2.42968e-05
300 -1.00 2.30203e-02 2.38096e-05
20 -0.75 2.13742e-02 1.35546e-05
40 -0.75 1.97792e-02 1.57530e-05
60 -0.75 2.44167e-02 1.43098e-05
80 -0.75 2.03153e-02 2.23852e-05
100 -0.75 1.99633e-02 1.65566e-05
120 -0.75 2.42222e-02 1.49321e-05
140 -0.75 1.85262e-02 1.45606e-05
160 -0.75 1.88711e-02 9.96933e-06
180 -0.75 1.87624e-02 1.13716e-05
200 -0.75 2.05349e-02 1.64923e-05
220 -0.75 2.48604e-02 1.79159e-05
240 -0.75 2.30366e-02 1.05885e-05
260 -0.75 2.02055e-02 1.68247e-05
280 -0.75 2.01268e-02 9.46524e-06
300 -0.75 2.20593e-02 8.43875e-06
20 -0.50 2.14812e-02 1.79296e-05
40 -0.50 1.94124e-02 1.45677e-05
60 -0.50 2.38276e-02 1.72184e-05
80 -0.50 1.97138e-02 1.39388e-05
100 -0.50 1.96403e-02 2.21035e-05
120 -0.50 2.38836e-02 2.51607e-05
140 -0.50 1.88370e-02 2.16315e-05
160 -0.50 1.87513e-02 1.30044e-05
180 -0.50 1.90454e-02 1.35352e-05
200 -0.50 2.03669e-02 1.41613e-05
220 -0.50 2.33768e-02 3.11616e-05
240 -0.50 2.21639e-02 1.52098e-05
260 -0.50 2.00861e-02 2.06544e-05
280 -0.50 2.11256e-02 1.77344e-05
300 -0.50 2.20135e-02 1.71969e-05
20 -0.25 2.04822e-02 1.88298e-05
40 -0.25 1.83056e-02 1.91420e-05
60 -0.25 2.23083e-02 1.55989e-05
80 -0.25 2.03460e-02 2.09705e-05
100 -0.25 1.87909e-02 1.90238e-05
120 -0.25 2.39739e-02 2.45517e-05
140 -0.25 1.82767e-02 2.00176e-05
160 -0.25 1.78386e-02 1.28321e-05
180 -0.25 1.93077e-02 2.04548e-05
200 -0.25 1.99148e-02 1.30131e-05
220 -0.25 2.29992e-02 2.46547e-05
240 -0.25 2.27709e-02 1.88901e-05
260 -0.25 1.96834e-02 1.97669e-05
280 -0.25 2.15475e-02 2.33745e-05
300 -0.25 2.17061e-02 2.20308e-05
20 0.00 1.97430e-02 1.77701e-05
40 0.00 1.91846e-02 1.83062e-05
60 0.00 2.22590e-02 2.52292e-05
80 0.00 2.07016e-02 1.80520e-05
100 0.00 1.83589e-02 1.37006e-05
120 0.00 2.36983e-02 4.40975e-05
140 0.00 1.84520e-02 2.17900e-05
160 0.00 1.82986e-02 1.27943e-05
180 0.00 1.81388e-02 1.18993e-05
200 0.00 1.98630e-02 1.42506e-05
220 0.00 2.15414e-02 1.85341e-05
240 0.00 2.24837e-02 1.51513e-05
260 0.00 1.91050e-02 2.11803e-05
280 0.00 2.00814e-02 2.12580e-05
300 0.00 2.20412e-02 1.59681e-05
20 0.25 1.90597e-02 1.37372e-05
40 0.25 1.90617e-02 2.07846e-05
60 0.25 2.23558e-02 1.86554e-05
80 0.25 1.99789e-02 1.92949e-05
100 0.25 1.86310e-02 3.03419e-05
120 0.25 2.20854e-02 1.94713e-05
140 0.25 1.83701e-02 1.50558e-05
160 0.25 1.79752e-02 1.03982e-05
180 0.25 1.81583e-02 7.90978e-06
200 0.25 2.04058e-02 2.38490e-05
220 0.25 2.24547e-02 1.70231e-05
240 0.25 2.23918e-02 1.52931e-05
260 0.25 1.95188e-02 1.76286e-05
280 0.25 2.08779e-02 1.83585e-05
300 0.25 2.30818e-02 3.82039e-05
20 0.50 1.96964e-02 1.61535e-05
40 0.50 1.86825e-02 1.94914e-05
60 0.50 2.26673e-02 2.20042e-05
80 0.50 2.07862e-02 1.83134e-05
100 0.50 1.92850e-02 1.94382e-05
120 0.50 2.09394e-02 1.76840e-05
140 0.50 1.87211e-02 9.03325e-06
160 0.50 1.78040e-02 2.81240e-05
180 0.50 1.88989e-02 9.65547e-06
200 0.50 1.94445e-02 1.93911e-05
220 0.50 2.14809e-02 2.84256e-05
240 0.50 2.03818e-02 1.34708e-05
260 0.50 1.95930e-02 2.07636e-05
280 0.50 1.94720e-02 1.68416e-05
300 0.50 2.05014e-02 1.81868e-05
20 0.75 1.90876e-02 1.73946e-05
40 0.75 1.89200e-02 2.60993e-05
60 0.75 2.31565e-02 2.72228e-05
80 0.75 1.95301e-02 2.16503e-05
100 0.75 1.95003e-02 2.41575e-05
120 0.75 2.10331e-02 2.35261e-05
140 0.75 1.92025e-02 2.27236e-05
160 0.75 1.80104e-02 1.52394e-05
180 0.75 1.91099e-02 3.13148e-05
200 0.75 2.04705e-02 2.84419e-05
220 0.75 2.18502e-02 2.38073e-05
240 0.75 2.14654e-02 2.32068e-05
260 0.75 1.85759e-02 1.45529e-05
280 0.75 1.89016e-02 1.16054e-05
300 0.75 2.30291e-02 4.46571e-05
20 1.00 1.91959e-02 1.92693e-05
40 1.00 1.78422e-02 2.01412e-05
60 1.00 2.15700e-02 3.00618e-05
80 1.00 1.95281e-02 2.58181e-05
100 1.00 1.89801e-02 2.48247e-05
120 1.00 2.16821e-02 3.39377e-05
140 1.00 1.82725e-02 2.27477e-05
160 1.00 1.81121e-02 2.15321e-05
180 1.00 1.95058e-02 1.84489e-05
200 1.00 2.02347e-02 1.18744e-05
220 1.00 2.12330e-02 3.34442e-05
240 1.00 2.27214e-02 2.85070e-05
260 1.00 1.81363e-02 2.23124e-05
280 1.00 1.91984e-02 2.07555e-05
300 1.00 2.17604e-02 2.98073e-05
2 -1.00 2.07141e-02 1.06206e-05
22 -1.00 2.11941e-02 2.83879e-05
42 -1.00 1.98422e-02 1.40868e-05
62 -1.00 2.10113e-02 1.29478e-05
82 -1.00 2.06059e-02 1.97335e-05
102 -1.00 2.01887e-02 1.00251e-05
122 -1.00 2.43224e-02 1.66281e-05
142 -1.00 1.87517e-02 1.83086e-05
162 -1.00 1.92305e-02 2.02542e-05
182 -1.00 2.07178e-02 1.99845e-05
202 -1.00 1.85097e-02 1.18129e-05
222 -1.00 2.23841e-02 1.95791e-05
242 -1.00 2.04077e-02 9.43625e-06
262 -1.00 1.83990e-02 1.18628e-05
282 -1.00 2.23501e-02 1.63496e-05
2 -0.75 2.10502e-02 1.93055e-05
22 -0.75 1.95491e-02 1.84888e-05
42 -0.75 1.82840e-02 1.38313e-05
62 -0.75 2.09818e-02 1.44222e-05
82 -0.75 1.86188e-02 1.13318e-05
102 -0.75 2.12984e-02 2.20574e-05
122 -0.75 2.39643e-02 1.34941e-05
142 -0.75 1.79624e-02 1.25636e-05
162 -0.75 1.92402e-02 1.77125e-05
182 -0.75 1.93453e-02 1.41939e-05
202 -0.75 1.81702e-02 1.59251e-05
222 -0.75 2.08081e-02 1.68680e-05
242 -0.75 2.04736e-02 1.14241e-05
262 -0.75 1.74232e-02 1.71036e-05
282 -0.75 2.13621e-02 1.55772e-05
2 -0.50 2.14911e-02 1.73898e-05
22 -0.50 1.91469e-02 1.17108e-05
42 -0.50 1.76857e-02 1.49523e-05
62 -0.50 2.11282e-02 1.70974e-05
82 -0.50 2.03061e-02 2.03393e-05
102 -0.50 1.99388e-02 1.70106e-05
122 -0.50 2.28916e-02 1.08303e-05
142 -0.50 1.84908e-02 2.01866e-05
162 -0.50 1.88234e-02 1.42977e-05
182 -0.50 1.81068e-02 1.71442e-05
202 -0.50 1.89977e-02 1.95640e-05
222 -0.50 2.09939e-02 1.81345e-05
242 -0.50 2.03709e-02 1.15475e-05
262 -0.50 1.66319e-02 1.46403e-05
282 -0.50 1.96637e-02 1.38779e-05
2 -0.25 1.98875e-02 1.71708e-05
22 -0.25 1.85728e-02 2.04968e-05
42 -0.25 1.84160e-02 1.33903e-05
62 -0.25 2.07497e-02 9.43503e-06
82 -0.25 1.95557e-02 2.25164e-05
102 -0.25 1.94366e-02 1.25184e-05
122 -0.25 2.37015e-02 1.98499e-05
142 -0.25 1.79017e-02 1.47793e-05
162 -0.25 1.95060e-02 2.39524e-05
182 -0.25 1.86303e-02 1.20213e-05
202 -0.25 1.85997e-02 1.29099e-05
222 -0.25 2.07127e-02 2.10758e-05
242 -0.25 2.12012e-02 1.70908e-05
262 -0.25 1.78105e-02 8.30954e-06
282 -0.25 2.03412e-02 1.74077e-05
2 0.00 1.99357e-02 1.23979e-05
22 0.00 1.83445e-02 1.36817e-05
42 0.00 1.82743e-02 1.52213e-05
62 0.00 2.03904e-02 1.75375e-05
82 0.00 2.00062e-02 2.28222e-05
102 0.00 2.02683e-02 1.96928e-05
122 0.00 2.34072e-02 1.85553e-05
142 0.00 1.87344e-02 1.63401e-05
162 0.00 1.89087e-02 2.82195e-05
182 0.00 1.86817e-02 2.14493e-05
202 0.00 1.84046e-02 1.58377e-05
222 0.00 1.96300e-02 1.31341e-05
242 0.00 2.06333e-02 1.70089e-05
262 0.00 1.82859e-02 2.34894e-05
282 0.00 2.15538e-02 2.60974e-05
2 0.25 1.92918e-02 1.34868e-05
22 0.25 1.89848e-02 3.40412e-05
42 0.25 1.80828e-02 1.34486e-05
62 0.25 2.13132e-02 2.13056e-05
82 0.25 1.93878e-02 8.95679e-06
102 0.25 2.05251e-02 1.98339e-05
122 0.25 2.26714e-02 1.83979e-05
142 0.25 1.74972e-02 1.06696e-05
162 0.25 1.83807e-02 1.71002e-05
182 0.25 1.87176e-02 2.51996e-05
202 0.25 1.77029e-02 7.94927e-06
222 0.25 1.90856e-02 1.57617e-05
242 0.25 2.16303e-02 1.59285e-05
262 0.25 1.71312e-02 1.34055e-05
282 0.25 2.06176e-02 1.69677e-05
2 0.50 1.96556e-02 1.98662e-05
22 0.50 1.82384e-02 2.72596e-05
42 0.50 1.73737e-02 2.15859e-05
62 0.50 2.16509e-02 3.30575e-05
82 0.50 1.93528e-02 2.22947e-05
102 0.50 1.93977e-02 1.55555e-05
122 0.50 2.37264e-02 2.27187e-05
142 0.50 1.98142e-02 4.24512e-05
162 0.50 1.98453e-02 2.24415e-05
182 0.50 1.89047e-02 1.73213e-05
202 0.50 1.87977e-02 1.70320e-05
222 0.50 1.96272e-02 2.56456e-05
242 0.50 2.01131e-02 2.24937e-05
262 0.50 1.58531e-02 1.49359e-05
282 0.50 2.07080e-02 2.63245e-05
2 0.75 2.05098e-02 2.07870e-05
22 0.75 1.72483e-02 4.17150e-05
42 0.75 1.98591e-02 2.29161e-05
62 0.75 2.27523e-02 2.65848e-05
82 0.75 1.88767e-02 1.94380e-05
102 0.75 1.97310e-02 1.94695e-05
122 0.75 2.29236e-02 2.79912e-05
142 0.75 1.85783e-02 1.69462e-05
162 0.75 1.87253e-02 1.91431e-05
182 0.75 1.79194e-02 3.38570e-05
202 0.75 1.82322e-02 2.63814e-05
222 0.75 1.92857e-02 1.69444e-05
242 0.75 2.11574e-02 2.22144e-05
262 0.75 1.76467e-02 2.52396e-05
282 0.75 2.07015e-02 2.93598e-05
2 1.00 2.07852e-02 2.36159e-05
22 1.00 1.60283e-02 1.83489e-05
42 1.00 1.86911e-02 1.85100e-05
62 1.00 2.20608e-02 3.27572e-05
82 1.00 2.04502e-02 2.56441e-05
102 1.00 1.98564e-02 2.32912e-05
122 1.00 2.32508e-02 2.88958e-05
142 1.00 1.77270e-02 1.64560e-05
162 1.00 1.76941e-02 1.87957e-05
182 1.00 1.86272e-02 4.21705e-05
202 1.00 1.88281e-02 1.81177e-05
222 1.00 2.02348e-02 2.88895e-05
242 1.00 2.09424e-02 2.01505e-05
262 1.00 1.64817e-02 1.85038e-05
282 1.00 2.07599e-02 2.57204e-05
3 -1.00 2.18364e-02 9.67992e-06
23 -1.00 2.10351e-02 1.14585e-05
43 -1.00 2.29942e-02 2.21231e-05
63 -1.00 2.31153e-02 1.17240e-05
83 -1.00 1.97314e-02 1.27003e-05
103 -1.00 2.03328e-02 1.55597e-05
123 -1.00 1.97564e-02 1.93146e-05
143 -1.00 2.17415e-02 2.11478e-05
163 -1.00 2.09988e-02 9.88396e-06
183 -1.00 2.42474e-02 1.99326e-05
203 -1.00 1.97683e-02 1.53193e-05
223 -1.00 2.26333e-02 1.56858e-05
243 -1.00 2.12729e-02 1.39626e-05
263 -1.00 2.12070e-02 1.43343e-05
283 -1.00 2.02779e-02 1.21123e-05
3 -0.75 1.87720e-02 1.32588e-05
23 -0.75 2.14652e-02 1.53165e-05
43 -0.75 2.12077e-02 2.27653e-05
63 -0.75 2.48220e-02 2.24249e-05
83 -0.75 1.93657e-02 8.15797e-06
103 -0.75 1.89997e-02 1.62650e-05
123 -0.75 1.94480e-02 1.64066e-05
143 -0.75 2.01669e-02 1.61084e-05
163 -0.75 2.04339e-02 2.02076e-05
183 -0.75 2.44394e-02 2.12673e-05
203 -0.75 2.13206e-02 2.08417e-05
223 -0.75 2.19017e-02 2.28134e-05
243 -0.75 2.13481e-02 1.68958e-05
263 -0.75 2.02070e-02 9.91315e-06
283 -0.75 1.96698e-02 1.26341e-05
3 -0.50 2.03121e-02 2.16433e-05
23 -0.50 2.06736e-02 1.04907e-05
43 -0.50 2.25469e-02 1.95526e-05
63 -0.50 2.27369e-02 1.55887e-05
83 -0.50 1.89501e-02 1.70171e-05
103 -0.50 1.94474e-02 1.16176e-05
123 -0.50 1.89607e-02 2.11516e-05
143 -0.50 1.96796e-02 1.77488e-05
163 -0.50 2.01579e-02 2.77111e-05
183 -0.50 2.43518e-02 1.81930e-05
203 -0.50 2.01667e-02 2.09174e-05
223 -0.50 2.19688e-02 1.32510e-05
243 -0.50 2.12630e-02 2.69615e-05
263 -0.50 2.06636e-02 1.67419e-05
283 -0.50 1.87456e-02 1.25821e-05
3 -0.25 1.84416e-02 2.23223e-05
23 -0.25 2.11386e-02 1.92604e-05
43 -0.25 2.31565e-02 3.62932e-05
63 -0.25 2.28961e-02 2.52626e-05
83 -0.25 1.89310e-02 1.58067e-05
103 -0.25 1.88214e-02 1.33937e-05
123 -0.25 1.80693e-02 1.16648e-05
143 -0.25 1.94545e-02 2.28986e-05
163 -0.25 1.89878e-02 1.18034e-05
183 -0.25 2.32676e-02 1.29950e-05
203 -0.25 1.97473e-02 2.07111e-05
223 -0.25 2.10721e-02 1.72272e-05
243 -0.25 2.16900e-02 1.70651e-05
263 -0.25 2.02060e-02 1.70922e-05
283 -0.25 1.90075e-02 2.16072e-05
3 0.00 1.90463e-02 2.66910e-05
23 0.00 2.01264e-02 1.37830e-05
43 0.00 2.12954e-02 1.88501e-05
63 0.00 2.42096e-02 2.38664e-05
83 0.00 1.89522e-02 1.05948e-05
103 0.00 1.93632e-02 2.56930e-05
123 0.00 1.79142e-02 1.40011e-05
143 0.00 1.88855e-02 1.48588e-05
163 0.00 1.90044e-02 1.43040e-05
183 0.00 2.41962e-02 3.45056e-05
203 0.00 1.88262e-02 1.53555e-05
223 0.00 2.11231e-02 1.73522e-05
243 0.00 2.05243e-02 1.41618e-05
263 0.00 1.98886e-02 1.02280e-05
283 0.00 1.81124e-02 1.53393e-05
3 0.25 1.84036e-02 1.41069e-05
23 0.25 1.97964e-02 1.25690e-05
43 0.25 2.07392e-02 1.84501e-05
63 0.25 2.26207e-02 1.73127e-05
83 0.25 1.87987e-02 1.71307e-05
103 0.25 1.98839e-02 3.60485e-05
123 0.25 1.78871e-02 2.39971e-05
143 0.25 1.84600e-02 1.82767e-05
163 0.25 1.93528e-02 3.05515e-05
183 0.25 2.34024e-02 2.01278e-05
203 0.25 2.03506e-02 3.47264e-05
223 0.25 2.07725e-02 1.50624e-05
243 0.25 2.05791e-02 1.90728e-05
263 0.25 2.01564e-02 1.22778e-05
283 0.25 1.83564e-02 2.20740e-05
3 0.50 1.70784e-02 1.55631e-05
23 0.50 1.99829e-02 1.30766e-05
43 0.50 2.11052e-02 1.93506e-05
63 0.50 2.25620e-02 2.94093e-05
83 0.50 1.88914e-02 2.21610e-05
103 0.50 1.85093e-02 3.97975e-05
123 0.50 1.90870e-02 3.26076e-05
143 0.50 1.88289e-02 1.65400e-05
163 0.50 1.92574e-02 2.02447e-05
183 0.50 2.26899e-02 2.09297e-05
203 0.50 1.94885e-02 2.69565e-05
223 0.50 2.09298e-02 2.98649e-05
243 0.50 2.04972e-02 2.41992e-05
263 0.50 2.00515e-02 2.19942e-05
283 0.50 2.03116e-02 1.87631e-05
3 0.75 1.79301e-02 1.44286e-05
23 0.75 2.04762e-02 2.68628e-05
43 0.75 2.21317e-02 2.16370e-05
63 0.75 2.28357e-02 2.12303e-05
83 0.75 1.99019e-02 2.54220e-05
103 0.75 1.82767e-02 2.34149e-05
123 0.75 1.78001e-02 2.48012e-05
143 0.75 1.87387e-02 1.55396e-05
163 0.75 1.90692e-02 1.64714e-05
183 0.75 2.39418e-02 2.55926e-05
203 0.75 1.94319e-02 2.04261e-05
223 0.75 2.05498e-02 2.66001e-05
243 0.75 2.19076e-02 2.55801e-05
263 0.75 2.02268e-02 2.41769e-05
283 0.75 2.04116e-02 1.70658e-05
3 1.00 1.92518e-02 2.29439e-05
23 1.00 2.06541e-02 2.01584e-05
43 1.00 2.04811e-02 2.74653e-05
63 1.00 2.19201e-02 2.52353e-05
83 1.00 1.88075e-02 2.06552e-05
103 1.00 1.80536e-02 2.15476e-05
123 1.00 1.62026e-02 1.95276e-05
143 1.00 1.76250e-02 1.76352e-05
163 1.00 1.96439e-02 2.62826e-05
183 1.00 2.17669e-02 3.07424e-05
203 1.00 2.02803e-02 2.07503e-05
223 1.00 2.02837e-02 2.55416e-05
243 1.00 2.13834e-02 2.86410e-05
263 1.00 1.93869e-02 1.76561e-05
283 1.00 1.83341e-02 2.04873e-05
4 -1.00 1.84429e-02 5.26525e-06
24 -1.00 1.99506e-02 1.47104e-05
44 -1.00 1.93663e-02 1.01925e-05
64 -1.00 2.09616e-02 1.53927e-05
84 -1.00 2.13834e-02 1.92871e-05
104 -1.00 2.10488e-02 2.34277e-05
124 -1.00 2.03684e-02 1.29293e-05
144 -1.00 1.99339e-02 8.57152e-06
164 -1.00 2.24070e-02 1.53999e-05
184 -1.00 2.31625e-02 1.42447e-05
204 -1.00 2.27967e-02 1.93531e-05
224 -1.00 1.91723e-02 1.53958e-05
244 -1.00 2.01401e-02 2.24427e-05
264 -1.00 2.04923e-02 1.62588e-05
284 -1.00 2.17635e-02 1.30196e-05
4 -0.75 2.19636e-02 1.11222e-05
24 -0.75 1.88228e-02 8.55426e-06
44 -0.75 1.96500e-02 1.52037e-05
64 -0.75 1.96277e-02 1.65770e-05
84 -0.75 1.96039e-02 8.72553e-06
104 -0.75 2.07748e-02 1.41704e-05
124 -0.75 2.12255e-02 2.23083e-05
144 -0.75 2.01536e-02 1.04862e-05
164 -0.75 2.29544e-02 2.03774e-05
184 -0.75 2.42630e-02 3.78195e-05
204 -0.75 2.25561e-02 2.41574e-05
224 -0.75 1.83496e-02 1.12631e-05
244 -0.75 2.06974e-02 1.48133e-05
264 -0.75 2.08976e-02 1.80078e-05
284 -0.75 2.05711e-02 8.22220e-06
4 -0.50 2.24093e-02 1.67127e-05
24 -0.50 1.88526e-02 1.48095e-05
44 -0.50 1.87000e-02 1.72902e-05
64 -0.50 2.01518e-02 1.94311e-05
84 -0.50 2.02141e-02 7.54783e-06
104 -0.50 2.04750e-02 2.10202e-05
124 -0.50 2.08505e-02 1.02414e-05
144 -0.50 1.98758e-02 1.38992e-05
164 -0.50 2.10628e-02 1.29214e-05
184 -0.50 2.40947e-02 2.50747e-05
204 -0.50 2.17211e-02 1.95529e-05
224 -0.50 2.03135e-02 2.89229e-05
244 -0.50 2.01306e-02 1.97200e-05
264 -0.50 2.04251e-02 1.92101e-05
284 -0.50 2.11347e-02 3.04370e-05
4 -0.25 2.24021e-02 3.37755e-05
24 -0.25 1.99153e-02 1.96068e-05
44 -0.25 2.00371e-02 1.30797e-05
64 -0.25 1.99755e-02 2.24755e-05
84 -0.25 2.04931e-02 2.00419e-05
104 -0.25 2.08310e-02 3.02511e-05
124 -0.25 2.01124e-02 2.02514e-05
144 -0.25 1.99281e-02 1.42622e-05
164 -0.25 2.08490e-02 2.29272e-05
184 -0.25 2.23160e-02 3.67147e-05
204 -0.25 2.14304e-02 1.90268e-05
224 -0.25 1.84466e-02 2.00700e-05
244 -0.25 2.04786e-02 1.87688e-05
264 -0.25 2.08800e-02 2.30210e-05
284 -0.25 2.15578e-02 2.51560e-05
4 0.00 2.13326e-02 1.30947e-05
24 0.00 1.85234e-02 1.08624e-05
44 0.00 1.90851e-02 1.16978e-05
64 0.00 2.06836e-02 2.43799e-05
84 0.00 2.03408e-02 1.46260e-05
104 0.00 2.13769e-02 3.99219e-05
124 0.00 1.96466e-02 8.40845e-06
144 0.00 1.96217e-02 1.45131e-05
164 0.00 2.05776e-02 1.92223e-05
184 0.00 2.18579e-02 2.52893e-05
204 0.00 2.17865e-02 1.35725e-05
224 0.00 1.83572e-02 2.11806e-05
244 0.00 1.90085e-02 1.56562e-05
264 0.00 1.99734e-02 2.10928e-05
284 0.00 2.08152e-02 2.37071e-05
4 0.25 1.99601e-02 1.70817e-05
24 0.25 2.03719e-02 2.14074e-05
44 0.25 1.82947e-02 1.46504e-05
64 0.25 1.87424e-02 1.42120e-05
84 0.25 2.04429e-02 2.26483e-05
104 0.25 2.05334e-02 2.02992e-05
124 0.25 1.92794e-02 1.35718e-05
144 0.25 2.06741e-02 2.53777e-05
164 0.25 2.08642e-02 3.33729e-05
184 0.25 2.14808e-02 2.89807e-05
204 0.25 2.11860e-02 1.49023e-05
224 0.25 1.93071e-02 3.89803e-05
244 0.25 1.95561e-02 1.56397e-05
264 0.25 2.04902e-02 1.71566e-05
284 0.25 2.05146e-02 1.10777e-05
4 0.50 2.09571e-02 2.98166e-05
24 0.50 1.92265e-02 2.64067e-05
44 0.50 1.93528e-02 2.54725e-05
64 0.50 1.92765e-02 2.12534e-05
84 0.50 1.97243e-02 1.37106e-05
104 0.50 2.01661e-02 3.26360e-05
124 0.50 1.96233e-02 2.06438e-05
144 0.50 2.00186e-02 2.25552e-05
164 0.50 2.05452e-02 1.47148e-05
184 0.50 2.13744e-02 2.49423e-05
204 0.50 2.11847e-02 1.57982e-05
224 0.50 1.92295e-02 3.11691e-05
244 0.50 1.92008e-02 2.09970e-05
264 0.50 1.96831e-02 2.08890e-05
284 0.50 2.01464e-02 2.22490e-05
4 0.75 2.09232e-02 3.42919e-05
24 0.75 1.97434e-02 2.40942e-05
44 0.75 1.82301e-02 2.16709e-05
64 0.75 1.92564e-02 2.19980e-05
84 0.75 2.03584e-02 2.54972e-05
104 0.75 2.02775e-02 3.09305e-05
124 0.75 1.94342e-02 1.60932e-05
144 0.75 1.94790e-02 2.58906e-05
164 0.75 2.07756e-02 2.88688e-05
184 0.75 2.12381e-02 3.92668e-05
204 0.75 2.12117e-02 1.75541e-05
224 0.75 1.73583e-02 2.38136e-05
244 0.75 2.02819e-02 2.16089e-05
264 0.75 1.92196e-02 2.96919e-05
284 0.75 2.03222e-02 2.25787e-05
4 1.00 2.20000e-02 3.95650e-05
24 1.00 1.88090e-02 2.11424e-05
44 1.00 1.77267e-02 1.89445e-05
64 1.00 1.85859e-02 2.29008e-05
84 1.00 1.97162e-02 2.30692e-05
104 1.00 1.99149e-02 3.40180e-05
124 1.00 2.03531e-02 2.58486e-05
144 1.00 1.92964e-02 2.80629e-05
164 1.00 2.05612e-02 2.78478e-05
184 1.00 2.09764e-02 2.62332e-05
204 1.00 2.16215e-02 2.82798e-05
224 1.00 1.73628e-02 2.81153e-05
244 1.00 1.98781e-02 2.82269e-05
264 1.00 1.88961e-02 1.64163e-05
284 1.00 2.10650e-02 2.56054e-05
5 -1.00 2.33320e-02 1.19792e-05
25 -1.00 2.14828e-02 2.10032e-05
45 -1.00 1.95724e-02 7.69463e-06
65 -1.00 2.25121e-02 1.65133e-05
85 -1.00 2.03814e-02 1.32531e-05
105 -1.00 1.92731e-02 1.14685e-05
125 -1.00 2.12351e-02 1.87799e-05
145 -1.00 2.10140e-02 1.38788e-05
165 -1.00 2.22450e-02 2.65168e-05
185 -1.00 2.11669e-02 1.80933e-05
205 -1.00 2.04503e-02 8.15104e-06
225 -1.00 2.23101e-02 1.42764e-05
245 -1.00 1.94107e-02 1.26091e-05
265 -1.00 1.83984e-02 1.07719e-05
285 -1.00 2.19839e-02 1.73043e-05
5 -0.75 2.26052e-02 1.69737e-05
25 -0.75 2.04035e-02 2.33554e-05
45 -0.75 2.01602e-02 1.33634e-05
65 -0.75 2.24046e-02 2.00341e-05
85 -0.75 2.04172e-02 1.90588e-05
105 -0.75 1.85240e-02 1.22068e-05
125 -0.75 2.23837e-02 1.56188e-05
145 -0.75 1.99609e-02 9.22584e-06
165 -0.75 2.18929e-02 3.13583e-05
185 -0.75 2.12759e-02 3.13892e-05
205 -0.75 2.10771e-02 1.66693e-05
225 -0.75 2.18369e-02 1.56775e-05
245 -0.75 2.04010e-02 1.79605e-05
265 -0.75 1.85297e-02 1.13902e-05
285 -0.75 2.17355e-02 2.18532e-05
5 -0.50 2.18622e-02 3.45837e-05
25 -0.50 1.89178e-02 1.72807e-05
45 -0.50 2.11394e-02 1.96377e-05
65 -0.50 2.27021e-02 3.18846e-05
85 -0.50 1.92715e-02 1.42814e-05
105 -0.50 1.87332e-02 1.47723e-05
125 -0.50 2.07832e-02 2.01502e-05
145 -0.50 2.08702e-02 1.72311e-05
165 -0.50 2.16779e-02 1.63417e-05
185 -0.50 2.05810e-02 1.87091e-05
205 -0.50 2.07762e-02 1.24557e-05
225 -0.50 2.24186e-02 1.42732e-05
245 -0.50 2.00462e-02 2.45232e-05
265 -0.50 1.80660e-02 1.69754e-05
285 -0.50 2.20238e-02 2.05618e-05
5 -0.25 2.15582e-02 1.26399e-05
25 -0.25 1.90443e-02 1.50151e-05
45 -0.25 2.08049e-02 2.67248e-05
65 -0.25 2.08866e-02 1.83871e-05
85 -0.25 2.03879e-02 2.26223e-05
105 -0.25 1.89846e-02 2.22535e-05
125 -0.25 2.08274e-02 2.31106e-05
145 -0.25 1.97572e-02 1.78040e-05
165 -0.25 2.06585e-02 1.64540e-05
185 -0.25 2.03608e-02 1.74360e-05
205 -0.25 2.09326e-02 1.71361e-05
225 -0.25 2.23929e-02 1.86627e-05
245 -0.25 1.95448e-02 2.11762e-05
265 -0.25 1.74441e-02 1.73272e-05
285 -0.25 1.96098e-02 1.35415e-05
5 0.00 2.17631e-02 2.49026e-05
25 0.00 1.91077e-02 1.64527e-05
45 0.00 2.08871e-02 2.32545e-05
65 0.00 2.16853e-02 1.87490e-05
85 0.00 1.85964e-02 1.16468e-05
105 0.00 1.85226e-02 8.65167e-06
125 0.00 2.01019e-02 1.44906e-05
145 0.00 2.03864e-02 1.76598e-05
165 0.00 1.96449e-02 1.21668e-05
185 0.00 1.96955e-02 1.51055e-05
205 0.00 2.02410e-02 2.30589e-05
225 0.00 2.12936e-02 1.25630e-05
245 0.00 1.91653e-02 1.86065e-05
265 0.00 1.81243e-02 1.47373e-05
285 0.00 2.09303e-02 2.31553e-05
5 0.25 2.29090e-02 2.02809e-05
25 0.25 1.94735e-02 2.22532e-05
45 0.25 2.05976e-02 1.78075e-05
65 0.25 2.06048e-02 2.31561e-05
85 0.25 1.90188e-02 9.18600e-06
105 0.25 1.83762e-02 1.05066e-05
125 0.25 2.07218e-02 1.37900e-05
145 0.25 2.05811e-02 2.39639e-05
165 0.25 2.15336e-02 1.54673e-05
185 0.25 2.10681e-02 2.13915e-05
205 0.25 2.08521e-02 3.22015e-05
225 0.25 2.20579e-02 1.64444e-05
245 0.25 1.91647e-02 1.48053e-05
265 0.25 1.80509e-02 2.55414e-05
285 0.25 2.15546e-02 2.58681e-05
5 0.50 2.27919e-02 1.95510e-05
25 0.50 1.86616e-02 2.35110e-05
45 0.50 1.96074e-02 1.55607e-05
65 0.50 2.04737e-02 2.11814e-05
85 0.50 1.89195e-02 1.47272e-05
105 0.50 1.91559e-02 1.22517e-05
125 0.50 2.01632e-02 2.07333e-05
145 0.50 2.03645e-02 1.85602e-05
165 0.50 2.02067e-02 1.68713e-05
185 0.50 2.06549e-02 1.70943e-05
205 0.50 2.05616e-02 2.45919e-05
225 0.50 2.16141e-02 1.85748e-05
245 0.50 1.98472e-02 3.74769e-05
265 0.50 1.73643e-02 2.53511e-05
285 0.50 2.11463e-02 3.16499e-05
5 0.75 2.11024e-02 1.35669e-05
25 0.75 1.82183e-02 2.16005e-05
45 0.75 2.10242e-02 2.72673e-05
65 0.75 2.13390e-02 2.20280e-05
85 0.75 1.90097e-02 2.26755e-05
105 0.75 2.02562e-02 3.43277e-05
125 0.75 1.88541e-02 1.37204e-05
145 0.75 1.83400e-02 1.63674e-05
165 0.75 1.93856e-02 2.31473e-05
185 0.75 1.81774e-02 1.55692e-05
205 0.75 2.09096e-02 2.57080e-05
225 0.75 2.12020e-02 2.85442e-05
245 0.75 1.93690e-02 1.60152e-05
265 0.75 1.90241e-02 2.73789e-05
285 0.75 2.03740e-02 2.11995e-05
5 1.00 2.14801e-02 1.93521e-05
25 1.00 1.74248e-02 1.74884e-05
45 1.00 2.02595e-02 2.72061e-05
65 1.00 2.08394e-02 1.89209e-05
85 1.00 1.87322e-02 2.03375e-05
105 1.00 1.84525e-02 1.94131e-05
125 1.00 1.89756e-02 1.97930e-05
145 1.00 2.09645e-02 1.79142e-05
165 1.00 1.96917e-02 2.25568e-05
185 1.00 1.93452e-02 2.13122e-05
205 1.00 2.00526e-02 3.01425e-05
225 1.00 2.04884e-02 4.14625e-05
245 1.00 1.88712e-02 2.04861e-05
265 1.00 1.87512e-02 1.64339e-05
285 1.00 2.01400e-02 3.20204e-05
6 -1.00 2.22327e-02 2.90184e-05
26 -1.00 2.00246e-02 1.33941e-05
46 -1.00 2.09285e-02 1.46370e-05
66 -1.00 2.18801e-02 1.42905e-05
86 -1.00 2.71084e-02 1.74772e-05
106 -1.00 2.50153e-02 1.26979e-05
126 -1.00 2.26742e-02 1.69296e-05
146 -1.00 2.04553e-02 8.99974e-06
166 -1.00 2.28385e-02 1.01624e-05
186 -1.00 2.10724e-02 4.03763e-05
206 -1.00 2.19549e-02 2.05171e-05
226 -1.00 2.06970e-02 1.42581e-05
246 -1.00 2.17872e-02 2.00706e-05
266 -1.00 2.05902e-02 9.24572e-06
286 -1.00 2.27831e-02 1.38242e-05
6 -0.75 1.86828e-02 9.73258e-06
26 -0.75 2.01386e-02 1.52283e-05
46 -0.75 1.95703e-02 9.84190e-06
66 -0.75 2.27357e-02 1.96114e-05
86 -0.75 2.67062e-02 2.66282e-05
106 -0.75 2.61505e-02 2.64109e-05
126 -0.75 2.28544e-02 9.44462e-06
146 -0.75 1.97062e-02 1.11779e-05
166 -0.75 2.11610e-02 1.53815e-05
186 -0.75 1.88790e-02 8.77482e-06
206 -0.75 2.09924e-02 1.33261e-05
226 -0.75 1.98830e-02 8.50154e-06
246 -0.75 2.10962e-02 1.41701e-05
266 -0.75 2.21278e-02 1.72163e-05
286 -0.75 2.29479e-02 3.24308e-05
6 -0.50 1.96022e-02 2.67953e-05
26 -0.50 2.02790e-02 2.06928e-05
46 -0.50 1.98601e-02 1.17269e-05
66 -0.50 2.22245e-02 1.75419e-05
86 -0.50 2.79331e-02 4.17674e-05
106 -0.50 2.51593e-02 2.18134e-05
126 -0.50 2.21132e-02 1.82526e-05
146 -0.50 2.02938e-02 1.13743e-05
166 -0.50 2.14468e-02 1.07229e-05
186 -0.50 1.91459e-02 1.73721e-05
206 -0.50 2.07907e-02 2.13758e-05
226 -0.50 2.08807e-02 1.66662e-05
246 -0.50 2.11455e-02 1.54058e-05
266 -0.50 2.21845e-02 1.92013e-05
286 -0.50 2.22953e-02 2.56244e-05
6 -0.25 1.93613e-02 1.42302e-05
26 -0.25 1.98534e-02 1.72871e-05
46 -0.25 1.88790e-02 8.80680e-06
66 -0.25 2.11627e-02 2.19746e-05
86 -0.25 2.72278e-02 3.58749e-05
106 -0.25 2.50558e-02 2.28285e-05
126 -0.25 2.26035e-02 1.37835e-05
146 -0.25 1.96590e-02 1.28867e-05
166 -0.25 2.14406e-02 1.85530e-05
186 -0.25 1.97813e-02 1.72568e-05
206 -0.25 2.12924e-02 2.85564e-05
226 -0.25 2.02111e-02 2.17813e-05
246 -0.25 2.09212e-02 1.86180e-05
266 -0.25 2.18084e-02 1.77074e-05
286 -0.25 2.07411e-02 1.15032e-05
6 0.00 1.81278e-02 1.36277e-05
26 0.00 2.02668e-02 2.00823e-05
46 0.00 1.96375e-02 1.75480e-05
66 0.00 2.27620e-02 2.30446e-05
86 0.00 2.59209e-02 2.25932e-05
106 0.00 2.53133e-02 2.18327e-05
126 0.00 2.15407e-02 1.49585e-05
146 0.00 2.08044e-02 1.49675e-05
166 0.00 2.30872e-02 3.26685e-05
186 0.00 1.84379e-02 1.32225e-05
206 0.00 2.02704e-02 1.31690e-05
226 0.00 1.95205e-02 1.82560e-05
246 0.00 2.07778e-02 1.16836e-05
266 0.00 2.09038e-02 1.92290e-05
286 0.00 2.23239e-02 2.23467e-05
6 0.25 1.87461e-02 1.66653e-05
26 0.25 1.89724e-02 1.59683e-05
46 0.25 1.81102e-02 1.12510e-05
66 0.25 2.31432e-02 3.23043e-05
86 0.25 2.65399e-02 3.89480e-05
106 0.25 2.39944e-02 2.90296e-05
126 0.25 2.08431e-02 2.05951e-05
146 0.25 2.00389e-02 1.79948e-05
166 0.25 2.14127e-02 2.22552e-05
186 0.25 1.89503e-02 1.33984e-05
206 0.25 1.96544e-02 1.87190e-05
226 0.25 2.08180e-02 2.16997e-05
246 0.25 1.98284e-02 2.45682e-05
266 0.25 2.17061e-02 2.36815e-05
286 0.25 2.15905e-02 3.31761e-05
6 0.50 1.78814e-02 1.67068e-05
26 0.50 1.93635e-02 1.64647e-05
46 0.50 1.75053e-02 2.15747e-05
66 0.50 2.16459e-02 3.78343e-05
86 0.50 2.38470e-02 1.63244e-05
106 0.50 2.47311e-02 2.57133e-05
126 0.50 2.15710e-02 1.87111e-05
146 0.50 2.00246e-02 2.03414e-05
166 0.50 2.13763e-02 2.26065e-05
186 0.50 1.91822e-02 1.24807e-05
206 0.50 1.93526e-02 2.84322e-05
226 0.50 2.08443e-02 2.52665e-05
246 0.50 2.03055e-02 2.23900e-05
266 0.50 2.06988e-02 2.02995e-05
286 0.50 2.17363e-02 3.98052e-05
6 0.75 1.84169e-02 1.88902e-05
26 0.75 1.89838e-02 3.08110e-05
46 0.75 1.88465e-02 1.82184e-05
66 0.75 2.11308e-02 2.60590e-05
86 0.75 2.55058e-02 3.29817e-05
106 0.75 2.39927e-02 2.32333e-05
126 0.75 2.25905e-02 3.80399e-05
146 0.75 2.16683e-02 3.53326e-05
166 0.75 2.12196e-02 2.92059e-05
186 0.75 1.97770e-02 2.24068e-05
206 0.75 1.90635e-02 1.86338e-05
226 0.75 1.89741e-02 1.78553e-05
246 0.75 1.96983e-02 2.00288e-05
266 0.75 2.05218e-02 2.42258e-05
286 0.75 1.95062e-02 3.06622e-05
6 1.00 1.74372e-02 1.48030e-05
26 1.00 1.98852e-02 2.49349e-05
46 1.00 1.82675e-02 2.42721e-05
66 1.00 2.11919e-02 5.13974e-05
86 1.00 2.33151e-02 3.21902e-05
106 1.00 2.41654e-02 2.77978e-05
126 1.00 2.24192e-02 2.15218e-05
146 1.00 1.95780e-02 2.59073e-05
166 1.00 2.13642e-02 1.53036e-05
186 1.00 1.84305e-02 1.66723e-05
206 1.00 1.95501e-02 3.08719e-05
226 1.00 1.93656e-02 2.53359e-05
246 1.00 1.98942e-02 2.98592e-05
266 1.00 1.96786e-02 1.31238e-05
286 1.00 1.83635e-02 1.85003e-05
7 -1.00 2.56216e-02 2.66170e-05
27 -1.00 1.76672e-02 9.25257e-06
47 -1.00 2.18860e-02 2.16014e-05
67 -1.00 2.01688e-02 1.46626e-05
87 -1.00 2.20619e-02 1.74016e-05
107 -1.00 1.94440e-02 6.64024e-06
127 -1.00 1.74204e-02 1.02277e-05
147 -1.00 2.29754e-02 1.28084e-05
167 -1.00 2.09651e-02 1.50031e-05
187 -1.00 1.92576e-02 6.01611e-06
207 -1.00 1.93973e-02 1.79908e-05
227 -1.00 2.04939e-02 1.96172e-05
247 -1.00 2.04388e-02 9.10143e-06
267 -1.00 2.14063e-02 1.22262e-05
287 -1.00 2.05727e-02 1.56998e-05
7 -0.75 2.00261e-02 2.66366e-05
27 -0.75 1.77559e-02 1.22734e-05
47 -0.75 1.94785e-02 1.40166e-05
67 -0.75 2.03444e-02 1.77581e-05
87 -0.75 2.17958e-02 2.66429e-05
107 -0.75 2.04315e-02 2.15520e-05
127 -0.75 1.79160e-02 9.61687e-06
147 -0.75 2.28171e-02 1.69653e-05
167 -0.75 2.00593e-02 1.88021e-05
187 -0.75 1.94654e-02 2.21469e-05
207 -0.75 1.80644e-02 1.29648e-05
227 -0.75 2.06355e-02 1.96558e-05
247 -0.75 2.12542e-02 1.26004e-05
267 -0.75 2.10583e-02 1.74782e-05
287 -0.75 2.07252e-02 2.04199e-05
7 -0.50 1.98569e-02 2.03588e-05
27 -0.50 1.82259e-02 1.41159e-05
47 -0.50 2.00953e-02 2.22071e-05
67 -0.50 2.10482e-02 1.61463e-05
87 -0.50 2.09149e-02 2.04453e-05
107 -0.50 2.18171e-02 2.68655e-05
127 -0.50 1.73785e-02 1.73955e-05
147 -0.50 2.32812e-02 1.72438e-05
167 -0.50 2.06765e-02 1.59023e-05
187 -0.50 1.88243e-02 1.58948e-05
207 -0.50 1.82160e-02 1.68578e-05
227 -0.50 1.97597e-02 1.24051e-05
247 -0.50 2.15466e-02 2.01969e-05
267 -0.50 2.08652e-02 1.59623e-05
287 -0.50 1.98551e-02 8.45344e-06
7 -0.25 1.85418e-02 1.97633e-05
27 -0.25 1.73370e-02 1.06965e-05
47 -0.25 1.95472e-02 2.31750e-05
67 -0.25 2.05112e-02 1.47050e-05
87 -0.25 2.06554e-02 2.67751e-05
107 -0.25 1.94289e-02 1.38563e-05
127 -0.25 1.90086e-02 3.76455e-05
147 -0.25 2.25242e-02 2.89411e-05
167 -0.25 1.89185e-02 1.71849e-05
187 -0.25 1.92091e-02 1.04067e-05
207 -0.25 1.71807e-02 1.51782e-05
227 -0.25 1.93738e-02 1.82305e-05
247 -0.25 2.03217e-02 1.41338e-05
267 -0.25 2.13261e-02 2.03969e-05
287 -0.25 2.03595e-02 1.44703e-05
7 0.00 1.89584e-02 1.64817e-05
27 0.00 1.82594e-02 1.31920e-05
47 0.00 2.00818e-02 1.77726e-05
67 0.00 1.81051e-02 1.42239e-05
87 0.00 2.09620e-02 1.78148e-05
107 0.00 1.93352e-02 2.83155e-05
127 0.00 1.79942e-02 1.35767e-05
147 0.00 2.29105e-02 2.18247e-05
167 0.00 2.03347e-02 2.28756e-05
187 0.00 1.95982e-02 2.55896e-05
207 0.00 1.71529e-02 1.41738e-05
227 0.00 1.96766e-02 1.83871e-05
247 0.00 1.92813e-02 1.96756e-05
267 0.00 2.12811e-02 1.47260e-05
287 0.00 1.91823e-02 1.90534e-05
7 0.25 1.90404e-02 1.80817e-05
27 0.25 1.80875e-02 1.85252e-05
47 0.25 1.86387e-02 1.62521e-05
67 0.25 2.05125e-02 1.91493e-05
87 0.25 2.11255e-02 2.90000e-05
107 0.25 1.90965e-02 1.57100e-05
127 0.25 1.80444e-02 1.90153e-05
147 0.25 2.17649e-02 1.58440e-05
167 0.25 1.92991e-02 1.81880e-05
187 0.25 1.89584e-02 1.45380e-05
207 0.25 1.81082e-02 2.17158e-05
227 0.25 1.91776e-02 1.76279e-05
247 0.25 2.02840e-02 2.74535e-05
267 0.25 1.95192e-02 1.24063e-05
287 0.25 1.87370e-02 1.52180e-05
7 0.50 1.80954e-02 1.55024e-05
27 0.50 1.75998e-02 1.11665e-05
47 0.50 1.69089e-02 1.17547e-05
67 0.50 1.98748e-02 2.22056e-05
87 0.50 1.83265e-02 2.09500e-05
107 0.50 2.00771e-02 1.84813e-05
127 0.50 1.79590e-02 2.83760e-05
147 0.50 2.16743e-02 1.85317e-05
167 0.50 1.95790e-02 2.32014e-05
187 0.50 1.94064e-02 1.76234e-05
207 0.50 1.83697e-02 2.18385e-05
227 0.50 1.91325e-02 2.52461e-05
247 0.50 2.05437e-02 1.32556e-05
267 0.50 2.26522e-02 3.03403e-05
287 0.50 2.01742e-02 1.87310e-05
7 0.75 1.94200e-02 1.59024e-05
27 0.75 1.87072e-02 1.63065e-05
47 0.75 1.96689e-02 3.08416e-05
67 0.75 2.09856e-02 2.07955e-05
87 0.75 1.97192e-02 2.22115e-05
107 0.75 1.96130e-02 2.63664e-05
127 0.75 1.86525e-02 2.13759e-05
147 0.75 2.16126e-02 2.54512e-05
167 0.75 2.03576e-02 2.47546e-05
187 0.75 2.00737e-02 3.11601e-05
207 0.75 1.78350e-02 2.00426e-05
227 0.75 1.80267e-02 1.23150e-05
247 0.75 2.14120e-02 2.38798e-05
267 0.75 1.92721e-02 1.73527e-05
287 0.75 1.82172e-02 1.25597e-05
7 1.00 2.03403e-02 2.65502e-05
27 1.00 1.91458e-02 2.91838e-05
47 1.00 2.10661e-02 4.64874e-05
67 1.00 1.87744e-02 1.90428e-05
87 1.00 1.97610e-02 2.25263e-05
107 1.00 1.89061e-02 2.75467e-05
127 1.00 1.81223e-02 3.18618e-05
147 1.00 2.07318e-02 2.09338e-05
167 1.00 2.03503e-02 2.29892e-05
187 1.00 1.98080e-02 1.44945e-05
207 1.00 1.70531e-02 2.12894e-05
227 1.00 2.00268e-02 3.26195e-05
247 1.00 2.01714e-02 2.84595e-05
267 1.00 2.13152e-02 2.51240e-05
287 1.00 2.12035e-02 3.77069e-05
8 -1.00 2.09443e-02 1.91980e-05
28 -1.00 1.94009e-02 1.11423e-05
48 -1.00 2.00565e-02 1.48615e-05
68 -1.00 1.96741e-02 2.72827e-05
88 -1.00 1.83538e-02 1.00703e-05
108 -1.00 2.31461e-02 1.88307e-05
128 -1.00 2.18933e-02 1.29038e-05
148 -1.00 1.96404e-02 1.14923e-05
168 -1.00 2.27291e-02 9.49051e-06
188 -1.00 1.87076e-02 9.69302e-06
208 -1.00 1.90679e-02 5.05771e-06
228 -1.00 1.91170e-02 1.38712e-05
248 -1.00 2.35346e-02 1.67861e-05
268 -1.00 2.07104e-02 1.52766e-05
288 -1.00 2.22874e-02 1.37532e-05
8 -0.75 1.99527e-02 1.50978e-05
28 -0.75 1.92144e-02 7.60177e-06
48 -0.75 2.04792e-02 2.77730e-05
68 -0.75 1.90711e-02 7.10410e-06
88 -0.75 1.81965e-02 1.33274e-05
108 -0.75 2.22219e-02 1.50989e-05
128 -0.75 2.31787e-02 1.57890e-05
148 -0.75 1.97840e-02 1.36968e-05
168 -0.75 2.29097e-02 1.91347e-05
188 -0.75 1.84774e-02 6.83283e-06
208 -0.75 1.94245e-02 1.46825e-05
228 -0.75 2.00575e-02 1.64811e-05
248 -0.75 2.28772e-02 2.28249e-05
268 -0.75 2.02643e-02 1.19628e-05
288 -0.75 2.26375e-02 1.71592e-05
8 -0.50 2.04861e-02 1.21337e-05
28 -0.50 1.86952e-02 1.14965e-05
48 -0.50 2.00503e-02 1.28182e-05
68 -0.50 1.89809e-02 1.02155e-05
88 -0.50 1.77443e-02 1.05952e-05
108 -0.50 2.11760e-02 2.42452e-05
128 -0.50 2.25218e-02 2.40963e-05
148 -0.50 1.93562e-02 2.13716e-05
168 -0.50 2.23737e-02 2.53042e-05
188 -0.50 1.94067e-02 9.80005e-06
208 -0.50 1.89939e-02 1.43171e-05
228 -0.50 1.87092e-02 1.47839e-05
248 -0.50 2.30850e-02 1.22767e-05
268 -0.50 1.91138e-02 2.14440e-05
288 -0.50 2.24743e-02 1.52232e-05
8 -0.25 2.03473e-02 1.85858e-05
28 -0.25 1.85703e-02 1.37460e-05
48 -0.25 1.94322e-02 1.16531e-05
68 -0.25 1.82507e-02 1.07259e-05
88 -0.25 1.85225e-02 1.90784e-05
108 -0.25 2.12246e-02 2.35164e-05
128 -0.25 2.16657e-02 8.95192e-06
148 -0.25 1.77283e-02 1.05759e-05
168 -0.25 2.22937e-02 1.84320e-05
188 -0.25 1.90646e-02 1.57624e-05
208 -0.25 1.96740e-02 1.73121e-05
228 -0.25 1.97814e-02 1.95195e-05
248 -0.25 2.16676e-02 1.12419e-05
268 -0.25 1.98353e-02 1.86826e-05
288 -0.25 2.14216e-02 2.25816e-05
8 0.00 1.91503e-02 1.48192e-05
28 0.00 1.86198e-02 1.21967e-05
48 0.00 2.05314e-02 1.54560e-05
68 0.00 1.89137e-02 2.49225e-05
88 0.00 1.73362e-02 1.76060e-05
108 0.00 2.17125e-02 1.68217e-05
128 0.00 2.21939e-02 3.85429e-05
148 0.00 1.96390e-02 2.40244e-05
168 0.00 2.07009e-02 2.47586e-05
188 0.00 1.95458e-02 2.69484e-05
208 0.00 1.93800e-02 1.03931e-05
228 0.00 1.84609e-02 1.06732e-05
248 0.00 2.18791e-02 1.12830e-05
268 0.00 1.95501e-02 1.27736e-05
288 0.00 2.20444e-02 2.18809e-05
8 0.25 1.98065e-02 2.70922e-05
28 0.25 1.85183e-02 1.44533e-05
48 0.25 1.95952e-02 2.45109e-05
68 0.25 1.97257e-02 1.92987e-05
88 0.25 1.70682e-02 1.34199e-05
108 0.25 2.13044e-02 2.13930e-05
128 0.25 2.12220e-02 3.30795e-05
148 0.25 1.78303e-02 2.02129e-05
168 0.25 2.23846e-02 2.97367e-05
188 0.25 1.84471e-02 1.75687e-05
208 0.25 1.91241e-02 1.94762e-05
228 0.25 1.80748e-02 1.52322e-05
248 0.25 2.02259e-02 1.27515e-05
268 0.25 1.86617e-02 2.56808e-05
288 0.25 2.18351e-02 1.54651e-05
8 0.50 1.96429e-02 1.72244e-05
28 0.50 1.91751e-02 1.24603e-05
48 0.50 1.92987e-02 2.31070e-05
68 0.50 1.83199e-02 1.58485e-05
88 0.50 1.77403e-02 2.11966e-05
108 0.50 2.23582e-02 2.54313e-05
128 0.50 1.95812e-02 2.20567e-05
148 0.50 1.79182e-02 1.84943e-05
168 0.50 2.23487e-02 3.83397e-05
188 0.50 1.78252e-02 2.22963e-05
208 0.50 1.98096e-02 1.39801e-05
228 0.50 1.82905e-02 1.82987e-05
248 0.50 2.19322e-02 1.86069e-05
268 0.50 1.80235e-02 2.76848e-05
288 0.50 2.17509e-02 1.87251e-05
8 0.75 1.95999e-02 2.33180e-05
28 0.75 1.81807e-02 1.24240e-05
48 0.75 1.84749e-02 1.80902e-05
68 0.75 1.96218e-02 1.80000e-05
88 0.75 1.74815e-02 2.64775e-05
108 0.75 2.18306e-02 1.35114e-05
128 0.75 2.08873e-02 3.23340e-05
148 0.75 1.84597e-02 1.79228e-05
168 0.75 2.04747e-02 2.71341e-05
188 0.75 1.91513e-02 2.06353e-05
208 0.75 2.01568e-02 2.69971e-05
228 0.75 1.78445e-02 2.28949e-05
248 0.75 2.17627e-02 3.47698e-05
268 0.75 1.67649e-02 6.75209e-06
288 0.75 2.20279e-02 2.80881e-05
8 1.00 2.02313e-02 2.39022e-05
28 1.00 1.93305e-02 2.80518e-05
48 1.00 2.01810e-02 2.99093e-05
68 1.00 1.90643e-02 2.82258e-05
88 1.00 1.83919e-02 3.83193e-05
108 1.00 2.11411e-02 2.83013e-05
128 1.00 2.04305e-02 3.32572e-05
148 1.00 1.80412e-02 1.91213e-05
168 1.00 2.14887e-02 4.46611e-05
188 1.00 1.72817e-02 1.65067e-05
208 1.00 1.96399e-02 2.57279e-05
228 1.00 1.83362e-02 3.29115e-05
248 1.00 2.48178e-02 2.85603e-05
268 1.00 1.82488e-02 1.83996e-05
288 1.00 2.15100e-02 2.04965e-05
9 -1.00 2.23968e-02 9.48890e-06
29 -1.00 2.17208e-02 1.64588e-05
49 -1.00 2.19300e-02 1.59211e-05
69 -1.00 2.28620e-02 9.81203e-06
89 -1.00 2.23795e-02 1.39803e-05
109 -1.00 1.97043e-02 1.01355e-05
129 -1.00 2.11266e-02 9.06035e-06
149 -1.00 2.23869e-02 2.02228e-05
169 -1.00 2.00662e-02 1.01878e-05
189 -1.00 2.03559e-02 3.71873e-05
209 -1.00 2.00533e-02 1.49095e-05
229 -1.00 2.03671e-02 1.20542e-05
249 -1.00 2.19610e-02 2.10868e-05
269 -1.00 1.94409e-02 1.92403e-05
289 -1.00 2.20110e-02 2.49496e-05
9 -0.75 2.10467e-02 1.01340e-05
29 -0.75 2.03842e-02 1.99052e-05
49 -0.75 2.22215e-02 1.45963e-05
69 -0.75 2.36822e-02 2.57649e-05
89 -0.75 2.10840e-02 7.61551e-06
109 -0.75 2.01320e-02 2.12233e-05
129 -0.75 2.04767e-02 1.03013e-05
149 -0.75 2.14489e-02 1.35698e-05
169 -0.75 1.92134e-02 9.49928e-06
189 -0.75 1.89171e-02 9.25493e-06
209 -0.75 1.88967e-02 1.19701e-05
229 -0.75 2.12040e-02 1.28194e-05
249 -0.75 2.02668e-02 1.28239e-05
269 -0.75 1.83243e-02 9.72431e-06
289 -0.75 2.19234e-02 1.69443e-05
9 -0.50 2.04783e-02 1.66489e-05
29 -0.50 2.08692e-02 1.68881e-05
49 -0.50 2.18595e-02 1.98269e-05
69 -0.50 2.20057e-02 1.86106e-05
89 -0.50 2.10297e-02 2.90071e-05
109 -0.50 1.87279e-02 8.22383e-06
129 -0.50 2.08630e-02 1.71677e-05
149 -0.50 2.16250e-02 1.11510e-05
169 -0.50 1.99762e-02 1.66473e-05
189 -0.50 1.86506e-02 2.24297e-05
209 -0.50 1.93497e-02 2.20722e-05
229 -0.50 1.98028e-02 9.71841e-06
249 -0.50 1.95267e-02 9.29231e-06
269 -0.50 1.79350e-02 1.12024e-05
289 -0.50 2.11151e-02 1.42705e-05
9 -0.25 2.08250e-02 1.35569e-05
29 -0.25 1.99064e-02 1.03992e-05
49 -0.25 2.23047e-02 3.03561e-05
69 -0.25 2.18968e-02 1.46057e-05
89 -0.25 2.10286e-02 2.06750e-05
109 -0.25 1.95831e-02 1.17173e-05
129 -0.25 1.98722e-02 1.71586e-05
149 -0.25 2.24043e-02 1.34507e-05
169 -0.25 1.99933e-02 2.77102e-05
189 -0.25 1.93373e-02 2.05803e-05
209 -0.25 1.88839e-02 1.74142e-05
229 -0.25 2.12602e-02 1.91357e-05
249 -0.25 1.96889e-02 2.56864e-05
269 -0.25 1.77188e-02 1.60894e-05
289 -0.25 2.15193e-02 1.91991e-05
9 0.00 2.08944e-02 1.55338e-05
29 0.00 2.09672e-02 2.39156e-05
49 0.00 2.28800e-02 2.82986e-05
69 0.00 2.13750e-02 2.19294e-05
89 0.00 2.23165e-02 1.98988e-05
109 0.00 1.91133e-02 1.23635e-05
129 0.00 1.86186e-02 1.48803e-05
149 0.00 2.09398e-02 1.34417e-05
169 0.00 1.88870e-02 1.32378e-05
189 0.00 1.84141e-02 2.85647e-05
209 0.00 1.83161e-02 1.29364e-05
229 0.00 2.08432e-02 2.96194e-05
249 0.00 1.96430e-02 1.93425e-05
269 0.00 1.66767e-02 1.48073e-05
289 0.00 2.19568e-02 1.90466e-05
9 0.25 2.11176e-02 2.31902e-05
29 0.25 2.11658e-02 2.94800e-05
49 0.25 2.13989e-02 2.13131e-05
69 0.25 2.17264e-02 1.87618e-05
89 0.25 2.15551e-02 1.75495e-05
109 0.25 1.93021e-02 1.54679e-05
129 0.25 1.99740e-02 1.51736e-05
149 0.25 2.12266e-02 1.45749e-05
169 0.25 1.93035e-02 1.61823e-05
189 0.25 1.80683e-02 1.72725e-05
209 0.25 1.94160e-02 2.19818e-05
229 0.25 2.22479e-02 3.01167e-05
249 0.25 1.98461e-02 2.03663e-05
269 0.25 1.73607e-02 9.40544e-06
289 0.25 2.11543e-02 1.87932e-05
9 0.50 1.95180e-02 1.82556e-05
29 0.50 2.06641e-02 2.53303e-05
49 0.50 2.10680e-02 2.85898e-05
69 0.50 2.25136e-02 3.09197e-05
89 0.50 2.12041e-02 3.04358e-05
109 0.50 2.04820e-02 2.45421e-05
129 0.50 1.90297e-02 2.18274e-05
149 0.50 2.06769e-02 2.40194e-05
169 0.50 1.95582e-02 1.86644e-05
189 0.50 1.79350e-02 2.23068e-05
209 0.50 1.97252e-02 3.01563e-05
229 0.50 2.02005e-02 1.11953e-05
249 0.50 1.86691e-02 2.26961e-05
269 0.50 1.77560e-02 1.99104e-05
289 0.50 2.15090e-02 2.35337e-05
9 0.75 2.11530e-02 3.13198e-05
29 0.75 2.06338e-02 2.69162e-05
49 0.75 1.99116e-02 1.50477e-05
69 0.75 2.06995e-02 3.10192e-05
89 0.75 2.07941e-02 2.70895e-05
109 0.75 1.90683e-02 2.10490e-05
129 0.75 2.02164e-02 2.48789e-05
149 0.75 2.16476e-02 2.55827e-05
169 0.75 1.85594e-02 1.17612e-05
189 0.75 1.84849e-02 2.32263e-05
209 0.75 1.95745e-02 3.96570e-05
229 0.75 1.91014e-02 1.82130e-05
249 0.75 2.08560e-02 1.99258e-05
269 0.75 1.75435e-02 1.26771e-05
289 0.75 2.16299e-02 2.54442e-05
9 1.00 2.12892e-02 4.03525e-05
29 1.00 2.01104e-02 3.06308e-05
49 1.00 2.06708e-02 2.67383e-05
69 1.00 2.17661e-02 4.11224e-05
89 1.00 2.07138e-02 2.01428e-05
109 1.00 1.95428e-02 2.03732e-05
129 1.00 1.94785e-02 1.66447e-05
149 1.00 2.18059e-02 2.83453e-05
169 1.00 2.02396e-02 3.26268e-05
189 1.00 1.78116e-02 2.41820e-05
209 1.00 1.84658e-02 2.47108e-05
229 1.00 1.97764e-02 3.22163e-05
249 1.00 1.71827e-02 1.55516e-05
269 1.00 1.72621e-02 1.68519e-05
289 1.00 2.02228e-02 2.51870e-05
303 -1.00 2.259713803744e-02 4.9055513e-06
307 -1.00 2.024035111778e-02 2.4651961e-06
311 -1.00 1.875522992089e-02 2.3843887e-06
315 -1.00 2.192704451967e-02 4.4015088e-06
319 -1.00 1.826844033552e-02 3.4416640e-06
323 -1.00 2.096818612009e-02 3.0428265e-06
327 -1.00 2.194199698393e-02 3.6876732e-06
331 -1.00 1.925861341354e-02 2.1207733e-06
335 -1.00 2.190985666306e-02 1.9556829e-06
339 -1.00 1.914941186468e-02 1.2886938e-06
343 -1.00 1.888176434341e-02 1.0272570e-06
347 -1.00 1.835426266839e-02 2.3490177e-06
351 -1.00 1.794453166498e-02 1.2512736e-06
355 -1.00 2.246411111819e-02 4.5087272e-06
359 -1.00 2.005449642871e-02 2.6250138e-06
363 -1.00 2.513580570562e-02 3.4942296e-06
367 -1.00 2.104643192547e-02 3.2459415e-06
371 -1.00 2.300049695108e-02 4.0457730e-06
375 -1.00 1.651300718952e-02 1.7681466e-06
379 -1.00 2.022165883497e-02 9.0183024e-07
383 -1.00 2.031214044973e-02 4.2550133e-06
387 -1.00 2.079472108540e-02 2.1327222e-06
391 -1.00 2.214142912759e-02 3.1881163e-06
395 -1.00 2.166693706660e-02 1.7683860e-06
399 -1.00 2.141086879444e-02 3.9439548e-06
403 -1.00 1.967915630890e-02 2.5876316e-06
407 -1.00 2.004549524696e-02 3.6856798e-06
411 -1.00 2.130528918145e-02 3.5510255e-06
415 -1.00 2.290714594920e-02 2.0716360e-06
419 -1.00 2.099799239722e-02 2.3911518e-06
423 -1.00 2.163731607773e-02 2.9472007e-06
427 -1.00 2.062942828709e-02 1.5445585e-06
431 -1.00 2.007769582770e-02 1.6516305e-06
435 -1.00 2.009046085298e-02 3.2192723e-06
439 -1.00 1.955344159202e-02 2.1690288e-06
443 -1.00 2.027844960471e-02 1.1392279e-06
447 -1.00 2.026550592613e-02 1.6521398e-06
451 -1.00 1.992381405289e-02 3.5079820e-06
455 -1.00 1.875219085487e-02 5.2795433e-07
459 -1.00 1.976259665291e-02 2.3077210e-06
463 -1.00 2.000458887411e-02 2.0912834e-06
467 -1.00 2.191880444045e-02 1.2975375e-06
471 -1.00 2.297440616697e-02 4.4680776e-06
475 -1.00 2.081206479786e-02 1.6116233e-06
479 -1.00 2.176348152017e-02 1.1915166e-06
483 -1.00 2.013570120696e-02 2.8773642e-06
487 -1.00 2.313967036117e-02 4.0198682e-06
491 -1.00 1.838304942875e-02 1.1792190e-06
495 -1.00 1.985246118639e-02 4.3123190e-06
499 -1.00 2.217691452736e-02 5.0790665e-06
303 -0.75 1.966099303037e-02 1.7061685e-06
307 -0.75 1.965043055752e-02 1.8582972e-06
311 -0.75 1.939978459183e-02 2.6599660e-06
315 -0.75 2.180476563504e-02 1.9202672e-06
319 -0.75 1.910983721392e-02 1.5333042e-06
323 -0.75 1.971033261005e-02 1.2127956e-06
327 -0.75 1.980626498897e-02 2.5201666e-06
331 -0.75 1.970698973711e-02 2.8094933e-06
335 -0.75 2.137265485495e-02 4.0763477e-06
339 -0.75 1.853702632538e-02 1.7514367e-06
343 -0.75 1.948363639517e-02 1.7686424e-06
347 -0.75 1.875984406643e-02 1.4602086e-06
351 -0.75 1.805081821168e-02 9.8466754e-07
355 -0.75 2.214371138227e-02 6.7095826e-06
359 -0.75 2.021885936333e-02 8.3247466e-07
363 -0.75 2.363840050754e-02 2.9170855e-06
367 -0.75 2.174213870311e-02 3.3010039e-06
371 -0.75 2.249986857316e-02 4.2833785e-06
375 -0.75 1.643982281622e-02 7.5718655e-07
379 -0.75 1.983441067355e-02 3.4400027e-06
383 -0.75 1.927775653477e-02 1.2066339e-06
387 -0.75 1.933713666639e-02 1.5292907e-06
391 -0.75 2.182972407390e-02 1.2314922e-06
395 -0.75 2.124529281214e-02 1.9773519e-06
399 -0.75 2.105943222487e-02 3.5935579e-06
403 -0.75 1.903084224535e-02 5.5568253e-06
407 -0.75 1.987968789975e-02 4.2952214e-06
411 -0.75 2.034812745740e-02 2.1156759e-06
415 -0.75 2.291338743988e-02 6.4301662e-06
419 -0.75 2.063055697515e-02 2.4331310e-06
423 -0.75 2.099172110608e-02 4.3805150e-06
427 -0.75 2.008291020613e-02 1.9888172e-06
431 -0.75 1.953290063208e-02 1.2904878e-06
435 -0.75 1.967895936739e-02 2.3558224e-06
439 -0.75 1.958248351015e-02 4.9967919e-06
443 -0.75 2.000319790781e-02 1.4890516e-06
447 -0.75 1.976715391613e-02 1.4375879e-06
451 -0.75 1.831635205040e-02 1.1426008e-06
455 -0.75 1.987908726445e-02 3.3637157e-06
459 -0.75 2.006052452073e-02 3.5590687e-06
463 -0.75 1.982110546851e-02 1.2154407e-06
467 -0.75 2.077006238391e-02 3.9132178e-06
471 -0.75 2.370223008189e-02 3.2503634e-06
475 -0.75 2.048123082679e-02 1.8916462e-06
479 -0.75 2.113756922813e-02 1.3565106e-06
483 -0.75 2.066472667329e-02 2.7607298e-06
487 -0.75 2.387050560677e-02 6.3556009e-06
491 -0.75 1.924888306927e-02 3.3622229e-06
495 -0.75 1.922204020492e-02 8.0830378e-07
499 -0.75 2.145510829499e-02 1.5831217e-06
303 -0.50 2.108984911410e-02 2.4714706e-06
307 -0.50 1.882898541337e-02 3.3849293e-06
311 -0.50 2.042025691720e-02 2.9746465e-06
315 -0.50 2.164419344966e-02 3.8554856e-06
319 -0.50 1.934181149455e-02 4.1220886e-06
323 -0.50 2.020997223785e-02 5.3153461e-06
327 -0.50 1.988382000180e-02 4.3685028e-06
331 -0.50 1.870734044023e-02 1.3045338e-06
335 -0.50 1.997191369785e-02 1.5455545e-06
339 -0.50 1.833606894578e-02 2.5254916e-06
343 -0.50 1.937158197262e-02 1.0084198e-06
347 -0.50 1.857397116238e-02 2.5579770e-06
351 -0.50 1.841253163001e-02 2.1205306e-06
355 -0.50 2.025816236086e-02 2.5967907e-06
359 -0.50 2.040152389690e-02 3.1743894e-06
363 -0.50 2.333091504331e-02 5.5435035e-06
367 -0.50 2.174199804424e-02 2.9475101e-06
371 -0.50 2.228882719145e-02 1.5607124e-06
375 -0.50 1.602935819318e-02 3.1669220e-06
379 -0.50 2.052267385266e-02 2.8042265e-06
383 -0.50 1.866285234860e-02 3.0065164e-06
387 -0.50 2.113567770898e-02 3.7451298e-06
391 -0.50 2.230308628880e-02 2.7514236e-06
395 -0.50 2.146249903906e-02 2.7022920e-06
399 -0.50 2.113497346095e-02 3.3515097e-06
403 -0.50 1.884598930874e-02 3.5203526e-06
407 -0.50 1.861791592389e-02 2.3032366e-06
411 -0.50 2.130897447521e-02 3.3774096e-06
415 -0.50 2.261140364442e-02 9.0850547e-07
419 -0.50 2.144989659535e-02 1.3798053e-05
423 -0.50 2.090494890846e-02 3.4073128e-06
427 -0.50 2.068709612794e-02 9.6094305e-06
431 -0.50 1.975220927604e-02 4.5493710e-06
435 -0.50 1.988630696583e-02 5.4220617e-06
439 -0.50 2.043025521503e-02 2.3380374e-06
443 -0.50 1.951304263846e-02 2.8080673e-06
447 -0.50 1.805606524096e-02 1.0082463e-06
451 -0.50 1.856530577855e-02 3.2655204e-06
455 -0.50 1.874726786559e-02 1.1760422e-06
459 -0.50 1.973733917058e-02 2.4313511e-06
463 -0.50 2.035746925467e-02 2.8996506e-06
467 -0.50 2.101045345823e-02 1.8328999e-06
471 -0.50 2.113652656219e-02 1.7684218e-06
475 -0.50 1.988694210357e-02 3.0084790e-06
479 -0.50 2.150184043427e-02 1.8487451e-06
483 -0.50 2.042063762926e-02 4.7001606e-06
487 -0.50 2.275135112072e-02 5.5430269e-06
491 -0.50 1.865788278024e-02 2.4355775e-06
495 -0.50 1.893243646815e-02 1.6449092e-06
499 -0.50 2.067692299448e-02 3.2757336e-06
303 -0.25 2.003281780800e-02 2.7520642e-06
307 -0.25 1.998527973360e-02 4.2047723e-06
311 -0.25 2.039990509517e-02 2.1445936e-06
315 -0.25 2.152436358466e-02 2.2178238e-06
319 -0.25 1.960638312010e-02 6.0002753e-06
323 -0.25 1.999906280479e-02 2.0804827e-06
327 -0.25 2.033671424293e-02 2.4851978e-06
331 -0.25 1.862993602041e-02 1.1038982e-06
335 -0.25 1.966215207911e-02 2.2375580e-06
339 -0.25 1.855292503065e-02 1.1669402e-06
343 -0.25 1.858992943318e-02 6.3979161e-06
347 -0.25 1.752484547077e-02 7.9888201e-07
351 -0.25 1.937782360725e-02 1.4512327e-06
355 -0.25 2.037838475858e-02 3.7795423e-06
359 -0.25 2.018178244604e-02 3.8175125e-06
363 -0.25 2.170745374945e-02 4.6685949e-06
367 -0.25 2.034562035658e-02 3.5108943e-06
371 -0.25 2.220272949088e-02 4.5017269e-06
375 -0.25 1.644996193422e-02 1.8318629e-06
379 -0.25 2.012811937813e-02 2.6832123e-06
383 -0.25 1.919041235800e-02 3.1474523e-06
387 -0.25 2.010136419064e-02 2.8799111e-06
391 -0.25 2.105370775827e-02 2.3525795e-06
395 -0.25 2.061294549610e-02 2.0690846e-06
399 -0.25 2.135214044050e-02 2.6172840e-06
403 -0.25 1.905290748263e-02 2.5877737e-06
407 -0.25 1.941888992982e-02 2.5910222e-06
411 -0.25 2.148731249150e-02 3.4082853e-06
415 -0.25 2.111856543185e-02 2.5905589e-06
419 -0.25 2.113962197821e-02 2.6686037e-06
423 -0.25 2.159574983370e-02 6.3995037e-06
427 -0.25 2.015167844886e-02 4.8263521e-06
431 -0.25 1.951764110459e-02 1.4030630e-06
435 -0.25 1.867333995638e-02 1.7022249e-06
439 -0.25 1.868387669749e-02 3.1518683e-06
443 -0.25 1.978474643740e-02 4.2593687e-06
447 -0.25 1.990701599189e-02 3.3370812e-06
451 -0.25 1.916848688171e-02 5.6105921e-06
455 -0.25 1.969345314056e-02 1.2262295e-06
459 -0.25 1.991242982799e-02 6.4595105e-06
463 -0.25 2.019125376507e-02 3.1104602e-06
467 -0.25 2.132882631403e-02 1.4073190e-06
471 -0.25 2.227458368032e-02 5.3778960e-06
475 -0.25 2.112647645983e-02 2.2828429e-06
479 -0.25 1.926605656965e-02 1.6371520e-06
483 -0.25 1.988839846162e-02 2.8904418e-06
487 -0.25 2.064223096008e-02 4.4855254e-06
491 -0.25 1.881799881664e-02 2.2127332e-06
495 -0.25 1.889073945162e-02 7.4931653e-07
499 -0.25 2.081547100334e-02 3.9698099e-06
303 0.00 2.075380959504e-02 2.2473345e-06
307 0.00 1.851303803355e-02 2.1415186e-06
311 0.00 1.979179805953e-02 3.5630135e-06
315 0.00 2.233016892169e-02 3.8237114e-06
319 0.00 1.953532171757e-02 1.3109180e-06
323 0.00 1.885991965696e-02 2.1093431e-06
327 0.00 1.938747923826e-02 1.2387399e-06
331 0.00 1.867752261076e-02 3.6782025e-06
335 0.00 1.936716302945e-02 5.7761950e-06
339 0.00 1.787670768975e-02 4.0003250e-07
343 0.00 1.907162481255e-02 6.8200437e-06
347 0.00 1.884457746996e-02 3.4629139e-06
351 0.00 1.810637450797e-02 1.5597729e-06
355 0.00 1.970047878715e-02 1.2192725e-06
359 0.00 1.970720987569e-02 7.3807778e-07
363 0.00 2.176635808997e-02 5.5838081e-06
367 0.00 1.923017457823e-02 1.2187157e-06
371 0.00 2.347281238560e-02 2.9596764e-06
375 0.00 1.547109742600e-02 1.5173742e-06
379 0.00 1.967749709140e-02 3.8391166e-06
383 0.00 2.006923674847e-02 6.4940060e-06
387 0.00 2.036439933342e-02 7.4244576e-06
391 0.00 2.170093515670e-02 8.9250172e-06
395 0.00 2.031834029633e-02 2.9451044e-06
399 0.00 2.096714019398e-02 2.7520923e-06
403 0.00 1.906536454040e-02 2.1331257e-06
407 0.00 1.820078397862e-02 1.9898472e-06
411 0.00 2.090334841008e-02 5.8145885e-06
415 0.00 2.310743873954e-02 1.1830979e-05
419 0.00 2.163772342443e-02 3.3357711e-06
423 0.00 2.018922279738e-02 7.5688373e-06
427 0.00 1.941667446250e-02 7.1609259e-06
431 0.00 1.940296533302e-02 6.6765458e-06
435 0.00 1.998036512040e-02 3.3448270e-06
439 0.00 1.882711682710e-02 9.1470929e-06
443 0.00 1.982362732644e-02 2.2035996e-06
447 0.00 1.842630997691e-02 3.5633639e-06
451 0.00 1.949630684330e-02 3.7883642e-06
455 0.00 2.068599669008e-02 4.2257049e-06
459 0.00 1.984941673411e-02 3.8851546e-06
463 0.00 1.999004637760e-02 1.7653361e-06
467 0.00 2.048529217733e-02 4.9068482e-06
471 0.00 2.198091157788e-02 1.6731500e-05
475 0.00 2.010960552289e-02 2.5944073e-06
479 0.00 1.989996833075e-02 3.9375549e-06
483 0.00 1.932844101603e-02 1.5647365e-06
487 0.00 2.087795397146e-02 4.6282463e-06
491 0.00 1.871678500342e-02 4.9422395e-06
495 0.00 1.916388414761e-02 3.0782734e-06
499 0.00 2.032023763052e-02 2.1929551e-06
303 0.25 2.118559246903e-02 3.3487242e-06
307 0.25 1.852530003182e-02 4.1435874e-06
311 0.25 1.843125824662e-02 3.1226393e-06
315 0.25 2.158217813674e-02 3.0456303e-06
319 0.25 1.843604185694e-02 3.3449683e-06
323 0.25 2.061951532371e-02 1.2295209e-05
327 0.25 1.892963682884e-02 1.3322148e-06
331 0.25 1.710477165579e-02 1.1172301e-06
335 0.25 1.968909024716e-02 1.7741288e-06
339 0.25 1.885012960411e-02 3.6365019e-06
343 0.25 1.875847489910e-02 1.0670908e-06
347 0.25 1.935983120331e-02 4.2914820e-06
351 0.25 1.920911025086e-02 5.3021567e-06
355 0.25 1.927224699217e-02 3.7968790e-06
359 0.25 2.026686575145e-02 3.1098660e-06
363 0.25 2.022376682005e-02 3.7463782e-06
367 0.25 2.190998886927e-02 6.7172131e-06
371 0.25 2.215696822052e-02 3.2385247e-06
375 0.25 1.565839484793e-02 1.9910346e-06
379 0.25 2.098689119097e-02 1.7860065e-06
383 0.25 1.929665245713e-02 2.8942159e-06
387 0.25 1.943218930997e-02 3.8670973e-06
391 0.25 2.155037428022e-02 1.2549190e-06
395 0.25 1.977565946611e-02 2.0322044e-06
399 0.25 2.085464447846e-02 2.9217225e-06
403 0.25 1.897966971407e-02 1.3292864e-06
407 0.25 2.039175233410e-02 3.3365281e-06
411 0.25 2.089474713116e-02 2.3112656e-06
415 0.25 2.096609494111e-02 3.3109437e-06
419 0.25 2.027761219834e-02 2.8582869e-06
423 0.25 2.214766029087e-02 6.7363600e-06
427 0.25 1.994071874672e-02 7.0094571e-06
431 0.25 1.947949068894e-02 2.6260095e-06
435 0.25 1.839646079385e-02 2.4897107e-06
439 0.25 1.921215611037e-02 2.1273845e-06
443 0.25 1.862564366393e-02 3.2354120e-06
447 0.25 1.916415490546e-02 2.6002465e-06
451 0.25 2.002691490607e-02 5.6465988e-06
455 0.25 1.895032151620e-02 7.1928797e-07
459 0.25 1.814199661448e-02 2.4156846e-06
463 0.25 2.035111781902e-02 1.0170800e-05
467 0.25 1.899867086619e-02 1.2115336e-06
471 0.25 2.298590605718e-02 1.9327248e-06
475 0.25 2.171538454136e-02 2.2388804e-06
479 0.25 1.999673817186e-02 2.5644778e-06
483 0.25 2.069784026823e-02 4.1258641e-06
487 0.25 2.101651147842e-02 1.4382389e-06
491 0.25 2.036714431051e-02 5.4941040e-06
495 0.25 1.839087844140e-02 1.3164317e-06
499 0.25 1.939259194120e-02 3.6445945e-06
303 0.50 2.073514340440e-02 2.3231377e-06
307 0.50 1.737827842842e-02 4.6417726e-06
311 0.50 2.073861429979e-02 6.8601610e-06
315 0.50 2.262042977138e-02 3.4729023e-06
319 0.50 1.901287503345e-02 1.5565702e-06
323 0.50 1.923706832478e-02 3.1488279e-06
327 0.50 1.817186871595e-02 3.4449936e-06
331 0.50 1.741669106805e-02 8.0802186e-06
335 0.50 1.942475897531e-02 5.0410749e-06
339 0.50 1.887365586208e-02 4.3865028e-06
343 0.50 1.810886546321e-02 3.8874618e-06
347 0.50 1.966453745087e-02 9.6584864e-06
351 0.50 1.879134043299e-02 3.9757793e-06
355 0.50 1.904512344443e-02 3.6351193e-06
359 0.50 1.890796482709e-02 3.3836326e-06
363 0.50 2.031193739036e-02 7.6289036e-06
367 0.50 1.921726273206e-02 2.0847755e-06
371 0.50 2.210096405987e-02 5.8879650e-06
375 0.50 1.645263546263e-02 3.8087714e-06
379 0.50 2.053172175573e-02 5.7174179e-06
383 0.50 1.949650156978e-02 3.7429623e-06
387 0.50 1.798330899752e-02 2.7335465e-06
391 0.50 2.268981582524e-02 2.5096469e-06
395 0.50 2.071926604411e-02 7.7203316e-06
399 0.50 2.113827301495e-02 2.6493173e-06
403 0.50 1.896057590788e-02 3.4318678e-06
407 0.50 1.870231437285e-02 2.1456133e-06
411 0.50 2.122583340792e-02 4.7136772e-06
415 0.50 2.008729049981e-02 6.1109511e-06
419 0.50 2.123808123055e-02 3.1032312e-06
423 0.50 2.071262198184e-02 6.5740530e-06
427 0.50 1.933988521799e-02 4.0530517e-06
431 0.50 1.886702736461e-02 2.9615063e-06
435 0.50 1.836124503894e-02 1.1878029e-06
439 0.50 1.857748535049e-02 2.7354901e-06
443 0.50 1.923120772229e-02 4.9257510e-06
447 0.50 1.845060217913e-02 2.2798007e-06
451 0.50 1.752790366497e-02 2.5998422e-06
455 0.50 2.001487942154e-02 3.7364542e-06
459 0.50 1.890544267840e-02 2.5064514e-06
463 0.50 1.945664497967e-02 5.1055445e-06
467 0.50 1.972379654693e-02 4.7256371e-06
471 0.50 2.264151508789e-02 6.4430569e-06
475 0.50 2.078353771937e-02 4.5465746e-06
479 0.50 1.842627454092e-02 5.3498951e-07
483 0.50 1.919219077865e-02 3.1491480e-06
487 0.50 2.004596186387e-02 2.7990618e-06
491 0.50 1.969635572216e-02 7.0640442e-06
495 0.50 1.879678485586e-02 1.4847448e-06
499 0.50 2.036438244067e-02 5.2404321e-06
303 0.75 2.084877015425e-02 3.0488856e-06
307 0.75 1.809798514086e-02 5.2061560e-06
311 0.75 1.983914985218e-02 4.3810398e-06
315 0.75 2.179479337037e-02 4.1883970e-06
319 0.75 1.821584162462e-02 4.3874816e-06
323 0.75 2.023786931932e-02 5.1132865e-06
327 0.75 1.826099617152e-02 4.9457282e-06
331 0.75 1.732967949029e-02 5.9501232e-06
335 0.75 1.958191528692e-02 6.7184472e-06
339 0.75 1.818562574467e-02 4.6841582e-06
343 0.75 1.876822132298e-02 5.0103687e-06
347 0.75 1.825882176352e-02 6.1107317e-06
351 0.75 1.786044826249e-02 5.9144930e-06
355 0.75 2.014578856161e-02 8.1994473e-06
359 0.75 1.961748197149e-02 2.7849779e-06
363 0.75 2.140841451291e-02 9.3907181e-06
367 0.75 2.116958527290e-02 5.4569285e-06
371 0.75 2.130885952666e-02 5.7097418e-06
375 0.75 1.643468160314e-02 5.5786301e-06
379 0.75 2.035550307628e-02 5.1245415e-06
383 0.75 1.984643301307e-02 6.1914041e-06
387 0.75 1.969830924529e-02 3.2630635e-06
391 0.75 2.187331443027e-02 2.6725940e-06
395 0.75 1.906565321855e-02 2.0022318e-06
399 0.75 2.106857993855e-02 7.7942014e-06
403 0.75 1.888444860892e-02 2.5548256e-06
407 0.75 1.980135017225e-02 1.1563281e-06
411 0.75 2.070746685664e-02 2.2971361e-06
415 0.75 2.088954826459e-02 4.7355888e-06
419 0.75 2.078957415964e-02 2.8285339e-06
423 0.75 2.045988820727e-02 9.0468911e-06
427 0.75 1.936124039007e-02 5.9550833e-06
431 0.75 1.881242898954e-02 3.5392883e-06
435 0.75 1.759131410178e-02 5.5014928e-07
439 0.75 1.850312738222e-02 3.4490878e-06
443 0.75 1.862291142504e-02 6.6445076e-06
447 0.75 1.822332675212e-02 6.7765889e-06
451 0.75 1.816761505188e-02 5.1754219e-06
455 0.75 1.986834990262e-02 4.2587226e-06
459 0.75 1.890638595611e-02 2.8253711e-06
463 0.75 1.961595420569e-02 6.9656771e-06
467 0.75 1.833384061740e-02 5.1536710e-06
471 0.75 2.195664649590e-02 5.3350871e-06
475 0.75 2.173157814524e-02 2.7927276e-06
479 0.75 1.933601185684e-02 4.5796444e-06
483 0.75 1.983390096067e-02 7.1087631e-06
487 0.75 2.081074444610e-02 2.9747820e-06
491 0.75 1.904695303922e-02 9.1554279e-06
495 0.75 1.788769671540e-02 1.9403732e-06
499 0.75 1.992601871372e-02 3.1852981e-06
303 1.00 1.987096809869e-02 3.5370596e-06
307 1.00 1.668395527589e-02 2.7750123e-06
311 1.00 1.944690285611e-02 6.3146998e-06
315 1.00 2.271379142195e-02 7.3311478e-06
319 1.00 1.790731740800e-02 4.1965069e-06
323 1.00 1.931388907325e-02 2.7509837e-06
327 1.00 1.831320715280e-02 2.2551988e-06
331 1.00 1.755164974410e-02 1.7515421e-06
335 1.00 2.020082458972e-02 2.4386072e-06
339 1.00 1.867138138384e-02 1.1545974e-05
343 1.00 1.807993180372e-02 2.0498294e-06
347 1.00 1.821272614253e-02 8.5824700e-06
351 1.00 1.819629894103e-02 3.7466469e-06
355 1.00 1.930962805074e-02 5.1520762e-06
359 1.00 2.116551987148e-02 5.3818980e-06
363 1.00 2.055858839139e-02 1.0182235e-05
367 1.00 2.053683895356e-02 1.2148781e-06
371 1.00 2.131397442060e-02 8.9093977e-06
375 1.00 1.587935787810e-02 2.5887983e-06
379 1.00 2.194768676762e-02 3.7983670e-06
383 1.00 1.849600115774e-02 2.9238556e-06
387 1.00 1.949827139896e-02 3.7952707e-06
391 1.00 2.180437118817e-02 7.0849343e-06
395 1.00 1.756263920294e-02 1.5655650e-06
399 1.00 2.118957567375e-02 2.7667420e-06
403 1.00 1.835107069612e-02 4.3942863e-06
407 1.00 1.874778289122e-02 6.4707588e-06
411 1.00 2.001018574871e-02 3.4800749e-06
415 1.00 2.203321744428e-02 3.5882366e-06
419 1.00 2.091355303128e-02 3.2709728e-06
423 1.00 1.940886697678e-02 6.3934951e-06
427 1.00 1.919483434676e-02 1.5817199e-06
431 1.00 1.981360316568e-02 6.3614322e-06
435 1.00 1.697435332053e-02 5.0562381e-06
439 1.00 1.851865245968e-02 2.9795971e-06
443 1.00 1.844716769354e-02 3.6900802e-06
447 1.00 1.762816814981e-02 1.9024713e-06
451 1.00 1.902733915060e-02 5.2475299e-06
455 1.00 2.059610518458e-02 2.1151623e-06
459 1.00 1.929977528176e-02 2.2886978e-06
463 1.00 1.964709862879e-02 1.6007263e-06
467 1.00 1.880852521404e-02 2.0444289e-06
471 1.00 2.099815817247e-02 2.4179619e-06
475 1.00 2.194031775065e-02 4.5269375e-06
479 1.00 1.754272534160e-02 2.0300533e-06
483 1.00 1.805944248049e-02 3.3763305e-06
487 1.00 2.013959862534e-02 4.7127729e-06
491 1.00 1.779249338907e-02 7.7081872e-06
495 1.00 1.755849672569e-02 9.5439761e-07
499 1.00 2.011456168094e-02 5.4992844e-06
304 -1.00 2.146822556361e-02 4.5356068e-06
308 -1.00 2.070441251339e-02 3.9022513e-06
312 -1.00 2.077430025370e-02 2.1535408e-06
316 -1.00 1.889779511961e-02 7.4980022e-07
320 -1.00 2.182943066465e-02 2.4726604e-06
324 -1.00 2.066134510382e-02 6.7296209e-07
328 -1.00 1.992214780859e-02 6.9465730e-06
332 -1.00 2.317199084991e-02 1.6086270e-06
336 -1.00 1.905265753353e-02 2.0709205e-06
340 -1.00 2.283604904489e-02 7.6691639e-07
344 -1.00 1.767446236928e-02 1.9194465e-06
348 -1.00 2.210326652392e-02 4.6994938e-06
352 -1.00 1.855224734888e-02 1.5022221e-06
356 -1.00 2.491027869479e-02 4.2740871e-06
360 -1.00 2.119074538640e-02 3.0232386e-06
364 -1.00 2.095288273075e-02 4.6833814e-06
368 -1.00 2.143882822688e-02 2.9909738e-06
372 -1.00 2.259284967631e-02 3.7308551e-06
376 -1.00 2.362295319508e-02 6.3721131e-06
380 -1.00 1.993594096087e-02 2.7937742e-06
384 -1.00 2.009752131454e-02 1.2900463e-06
388 -1.00 1.924650734456e-02 1.0929318e-06
392 -1.00 1.921148445120e-02 6.1153680e-07
396 -1.00 2.025225103877e-02 2.1946256e-06
400 -1.00 2.165266548326e-02 6.9999837e-06
404 -1.00 2.352096917016e-02 4.1318131e-06
408 -1.00 2.249349729669e-02 2.1131978e-06
412 -1.00 2.001106205869e-02 1.9405929e-06
416 -1.00 2.107384502384e-02 6.5719520e-06
420 -1.00 2.230979605092e-02 1.5539579e-06
424 -1.00 2.285620201046e-02 6.7815185e-06
428 -1.00 2.084925318160e-02 3.5472846e-06
432 -1.00 1.932041294510e-02 3.9266773e-06
436 -1.00 2.314645394286e-02 4.3936772e-06
440 -1.00 2.344414258883e-02 4.4028512e-06
444 -1.00 1.958973090447e-02 1.6011533e-06
448 -1.00 2.173880048370e-02 4.3673227e-06
452 -1.00 2.183425135394e-02 6.0055909e-06
456 -1.00 2.069242200507e-02 2.4097043e-06
460 -1.00 2.018270038465e-02 1.4914834e-06
464 -1.00 2.280728578198e-02 3.0369864e-06
468 -1.00 2.061528103751e-02 2.5174909e-06
472 -1.00 1.934921074373e-02 7.3411559e-07
476 -1.00 2.319413054833e-02 7.8906834e-06
480 -1.00 2.180032091169e-02 2.8855933e-06
484 -1.00 2.105830459884e-02 4.9112410e-06
488 -1.00 1.935768329205e-02 1.3671034e-06
492 -1.00 2.079549315957e-02 1.5754185e-06
496 -1.00 1.997112644491e-02 2.9935809e-06
500 -1.00 2.111727383538e-02 4.7706379e-06
304 -0.75 1.928752307934e-02 3.4860872e-06
308 -0.75 1.990548236557e-02 4.1363295e-06
312 -0.75 2.051494358292e-02 6.2968397e-06
316 -0.75 1.867144093547e-02 2.9876471e-06
320 -0.75 1.960418412392e-02 8.1843474e-07
324 -0.75 2.026291682063e-02 3.6928545e-06
328 -0.75 1.931475729534e-02 3.7868959e-06
332 -0.75 2.208364313749e-02 3.7979140e-06
336 -0.75 1.879854826080e-02 1.4107217e-06
340 -0.75 2.172359623276e-02 1.9037251e-06
344 -0.75 1.797333199910e-02 4.9432814e-06
348 -0.75 2.009853674256e-02 1.7132708e-06
352 -0.75 1.821030762373e-02 1.0271019e-06
356 -0.75 2.198374030611e-02 7.3300580e-06
360 -0.75 2.139231050545e-02 1.9165870e-06
364 -0.75 1.967032019583e-02 3.5261984e-06
368 -0.75 2.026066852758e-02 4.5009920e-06
372 -0.75 2.096886112729e-02 2.2612041e-06
376 -0.75 2.178954783155e-02 2.8837862e-06
380 -0.75 1.930643170755e-02 1.7203393e-06
384 -0.75 1.982965434014e-02 3.5396036e-06
388 -0.75 1.939496476553e-02 6.0793685e-06
392 -0.75 1.818096749719e-02 4.0315037e-06
396 -0.75 2.001725772932e-02 4.9958898e-07
400 -0.75 2.136060834200e-02 2.0209014e-06
404 -0.75 2.181648350912e-02 3.0553547e-06
408 -0.75 2.182723091030e-02 3.1207269e-06
412 -0.75 2.071262892480e-02 2.8345693e-06
416 -0.75 2.126442969772e-02 4.8105143e-06
420 -0.75 2.184959043889e-02 1.9263399e-06
424 -0.75 2.412234811791e-02 9.2953054e-06
428 -0.75 2.034733864994e-02 1.7360946e-06
432 -0.75 1.938032861144e-02 2.2338319e-06
436 -0.75 2.148945140375e-02 1.8079601e-06
440 -0.75 2.390593370492e-02 6.5170455e-06
444 -0.75 1.916274049591e-02 1.8220353e-06
448 -0.75 2.140913319482e-02 2.5105957e-06
452 -0.75 2.096469223837e-02 7.6650479e-07
456 -0.75 2.056809727281e-02 2.2568719e-06
460 -0.75 2.050182749843e-02 3.8398272e-06
464 -0.75 2.225223639634e-02 3.2471490e-06
468 -0.75 2.039386285421e-02 2.8024317e-06
472 -0.75 2.012527909643e-02 3.8402605e-06
476 -0.75 2.192135135354e-02 3.9716179e-06
480 -0.75 2.104623312037e-02 5.4957285e-06
484 -0.75 1.899050451154e-02 2.7808952e-06
488 -0.75 1.863192837287e-02 7.7248111e-06
492 -0.75 2.067689775197e-02 1.6300607e-06
496 -0.75 1.973491908402e-02 1.4124724e-06
500 -0.75 2.077184907452e-02 3.3876920e-06
304 -0.50 1.878999774289e-02 2.0774445e-06
308 -0.50 2.077849130846e-02 1.3013707e-06
312 -0.50 2.067642748022e-02 2.9596498e-06
316 -0.50 1.807933608918e-02 1.0405906e-06
320 -0.50 2.070844451972e-02 2.0973508e-06
324 -0.50 2.172731768194e-02 7.3328592e-06
328 -0.50 1.928268665946e-02 8.0883977e-07
332 -0.50 2.238815549644e-02 7.0662604e-06
336 -0.50 1.944517429514e-02 1.7944891e-06
340 -0.50 2.090320429313e-02 1.7011819e-06
344 -0.50 1.770131808063e-02 2.7079926e-06
348 -0.50 1.976852172655e-02 4.7919366e-06
352 -0.50 1.856633621584e-02 3.5633345e-06
356 -0.50 2.162778500979e-02 2.4932911e-06
360 -0.50 2.061530791230e-02 5.9192315e-06
364 -0.50 1.994395546356e-02 7.6481100e-06
368 -0.50 1.952729623570e-02 1.1318603e-06
372 -0.50 2.022974959364e-02 2.1151379e-06
376 -0.50 2.241113654369e-02 3.9009209e-06
380 -0.50 1.933775522602e-02 1.9781459e-06
384 -0.50 1.899804792696e-02 2.6533460e-06
388 -0.50 1.769551198917e-02 2.3631681e-06
392 -0.50 1.801504616356e-02 1.7998190e-06
396 -0.50 1.979459234121e-02 3.6983519e-06
400 -0.50 2.085885882936e-02 3.3438714e-06
404 -0.50 2.231995013521e-02 4.9024717e-06
408 -0.50 2.151138997179e-02 4.1005154e-06
412 -0.50 1.956426622613e-02 1.4099490e-06
416 -0.50 2.045637298781e-02 3.3512950e-06
420 -0.50 2.083503779109e-02 3.2716188e-06
424 -0.50 2.263665753265e-02 4.3271036e-06
428 -0.50 2.015837560143e-02 1.3182234e-06
432 -0.50 1.913600924846e-02 1.4310758e-06
436 -0.50 2.152916546542e-02 5.2513921e-06
440 -0.50 2.259282115684e-02 2.1733577e-06
444 -0.50 1.867994283087e-02 3.0673914e-06
448 -0.50 2.036343364468e-02 2.4336169e-06
452 -0.50 2.098299174731e-02 2.6307386e-06
456 -0.50 1.993507511477e-02 5.8732901e-06
460 -0.50 1.967012493998e-02 3.0238092e-06
464 -0.50 2.267507429248e-02 3.0368229e-06
468 -0.50 1.972109078084e-02 2.5495821e-06
472 -0.50 2.045749577375e-02 6.0846308e-06
476 -0.50 2.285720417821e-02 7.3179530e-06
480 -0.50 2.097321478882e-02 3.2457883e-06
484 -0.50 2.004648257843e-02 4.9418203e-06
488 -0.50 1.908806239972e-02 2.3598323e-06
492 -0.50 2.062593730263e-02 3.9691191e-06
496 -0.50 1.965160508579e-02 4.7329066e-06
500 -0.50 2.014167896030e-02 3.7656612e-06
304 -0.25 1.878840240106e-02 5.1613349e-06
308 -0.25 2.032555195866e-02 9.5552858e-07
312 -0.25 1.958522093028e-02 3.1618863e-06
316 -0.25 1.970213304421e-02 5.1977336e-06
320 -0.25 2.027867666506e-02 3.7045052e-06
324 -0.25 2.094048858559e-02 8.3906281e-06
328 -0.25 1.925692749639e-02 3.6655634e-06
332 -0.25 2.355631228521e-02 2.0208125e-06
336 -0.25 1.846989544039e-02 2.5761418e-06
340 -0.25 2.013728987454e-02 4.0739317e-06
344 -0.25 1.782467419573e-02 2.7258157e-06
348 -0.25 2.143712134844e-02 6.8942104e-06
352 -0.25 1.868666424463e-02 2.8383124e-06
356 -0.25 2.168750739663e-02 6.1969805e-06
360 -0.25 2.147637819280e-02 3.7288804e-06
364 -0.25 1.890523721760e-02 1.2718468e-06
368 -0.25 1.948607411081e-02 1.4823501e-06
372 -0.25 2.014646114985e-02 2.5352921e-06
376 -0.25 2.229417302557e-02 3.7170942e-06
380 -0.25 1.941376933660e-02 2.0761472e-06
384 -0.25 1.894324420317e-02 3.9553329e-06
388 -0.25 1.862867180553e-02 3.0518734e-06
392 -0.25 1.805572951727e-02 2.0943477e-06
396 -0.25 1.964885604640e-02 2.3601566e-06
400 -0.25 2.113229601111e-02 2.2651886e-06
404 -0.25 2.102512726952e-02 5.9368830e-06
408 -0.25 2.143839073822e-02 5.3684271e-06
412 -0.25 1.945810281095e-02 3.0219010e-06
416 -0.25 1.975713831796e-02 5.0125249e-06
420 -0.25 2.094028213524e-02 4.0018252e-06
424 -0.25 2.140111139998e-02 2.9259574e-06
428 -0.25 1.978411773023e-02 3.7788003e-06
432 -0.25 1.969425300609e-02 5.9041026e-06
436 -0.25 2.197076412897e-02 4.6124946e-06
440 -0.25 2.386015728320e-02 5.1682290e-06
444 -0.25 1.847612962221e-02 4.8895313e-06
448 -0.25 2.087117667149e-02 3.9399163e-06
452 -0.25 2.109180407401e-02 3.4089241e-06
456 -0.25 1.813379776029e-02 1.4714485e-06
460 -0.25 2.105048452931e-02 1.9733909e-06
464 -0.25 2.133209610894e-02 1.6152885e-06
468 -0.25 1.975871284619e-02 1.2509105e-06
472 -0.25 2.078127390646e-02 3.4885980e-06
476 -0.25 2.140212848267e-02 2.9160433e-06
480 -0.25 2.032679442114e-02 3.1751196e-06
484 -0.25 1.916307388176e-02 1.1812893e-06
488 -0.25 1.931890414168e-02 2.6246066e-06
492 -0.25 2.116673513826e-02 8.1574117e-06
496 -0.25 1.992485454166e-02 4.8744935e-06
500 -0.25 2.013180680102e-02 1.2934906e-06
304 0.00 1.959627767267e-02 3.6007191e-06
308 0.00 2.120933237407e-02 5.6472557e-06
312 0.00 2.018283321390e-02 3.1762892e-06
316 0.00 1.869402039542e-02 7.0996680e-07
320 0.00 1.950358157152e-02 1.4224210e-06
324 0.00 1.931847347801e-02 8.8073427e-07
328 0.00 1.843653752908e-02 3.7640596e-06
332 0.00 2.172409321678e-02 4.5056481e-06
336 0.00 1.979437961190e-02 9.3643613e-06
340 0.00 2.063831593849e-02 1.4904379e-06
344 0.00 1.752839254814e-02 1.2556998e-06
348 0.00 2.019579837731e-02 1.8188795e-06
352 0.00 1.823054638862e-02 1.0906002e-06
356 0.00 2.087646765309e-02 2.8099333e-06
360 0.00 2.116351428154e-02 6.9324794e-06
364 0.00 1.907457219053e-02 4.0368758e-06
368 0.00 1.962960726229e-02 2.6346594e-06
372 0.00 2.009370330240e-02 1.7368047e-06
376 0.00 2.187461630207e-02 4.5102497e-06
380 0.00 1.898188692692e-02 2.0320318e-06
384 0.00 1.843024964100e-02 7.9748857e-06
388 0.00 1.840812758031e-02 3.0244566e-06
392 0.00 1.745121446495e-02 1.1495514e-06
396 0.00 1.993419823959e-02 1.0476491e-06
400 0.00 2.010241701499e-02 8.9515211e-07
404 0.00 1.970264804163e-02 1.9747086e-06
408 0.00 2.202450228640e-02 2.2242094e-06
412 0.00 1.897552505717e-02 3.5494909e-06
416 0.00 2.115308349339e-02 2.9153584e-06
420 0.00 2.086550057689e-02 2.5672164e-06
424 0.00 2.161014157266e-02 3.2670102e-06
428 0.00 1.957235849463e-02 1.0787760e-06
432 0.00 1.833009532436e-02 1.1640844e-06
436 0.00 2.118481885874e-02 5.4650181e-06
440 0.00 2.268445659433e-02 2.2407905e-06
444 0.00 1.817173258641e-02 2.0287498e-06
448 0.00 1.982013054904e-02 4.5005493e-06
452 0.00 2.024883970758e-02 2.1006555e-06
456 0.00 1.893566356472e-02 1.5308383e-06
460 0.00 1.880536279944e-02 3.1833450e-06
464 0.00 2.189099601404e-02 3.9118093e-06
468 0.00 1.999138551919e-02 2.2011554e-06
472 0.00 1.957700126812e-02 3.0302932e-06
476 0.00 2.208615956437e-02 4.2795977e-06
480 0.00 2.047784536486e-02 1.0741808e-05
484 0.00 2.073948717713e-02 5.0131493e-06
488 0.00 1.924134916831e-02 1.6070057e-06
492 0.00 2.021998200728e-02 4.4346574e-06
496 0.00 1.942765857249e-02 1.5657936e-06
500 0.00 2.018924121989e-02 4.6932727e-06
304 0.25 1.880305730076e-02 5.3096077e-06
308 0.25 2.069137019639e-02 6.5543053e-06
312 0.25 1.936575964467e-02 5.3739679e-06
316 0.25 1.793963937745e-02 1.1473804e-06
320 0.25 2.008229017167e-02 3.2755648e-06
324 0.25 1.889830163457e-02 3.4583267e-06
328 0.25 1.932942115134e-02 7.1823951e-06
332 0.25 2.248028199128e-02 4.9700190e-06
336 0.25 1.917702882624e-02 1.5271725e-06
340 0.25 2.073691731856e-02 2.4779081e-06
344 0.25 1.828158738343e-02 5.7735247e-06
348 0.25 2.057877735797e-02 4.5033527e-06
352 0.25 1.818684714397e-02 3.9566422e-06
356 0.25 2.036892342648e-02 4.8935729e-06
360 0.25 2.149590840074e-02 2.2139260e-06
364 0.25 1.971530234128e-02 7.2167133e-06
368 0.25 1.902977625050e-02 1.1433564e-06
372 0.25 2.146500599594e-02 6.5078004e-06
376 0.25 2.247535020157e-02 5.0430065e-06
380 0.25 1.968880292314e-02 3.2308014e-06
384 0.25 1.907961928831e-02 2.1853250e-06
388 0.25 1.777566183973e-02 1.1060958e-06
392 0.25 1.807508622147e-02 2.1258297e-06
396 0.25 1.937100764623e-02 4.4735880e-06
400 0.25 1.954246762158e-02 3.2422844e-06
404 0.25 1.965443811338e-02 6.9745630e-06
408 0.25 2.024923161129e-02 9.0128332e-06
412 0.25 1.896680104724e-02 3.1826035e-06
416 0.25 1.954791818181e-02 3.4211969e-06
420 0.25 2.104753453186e-02 4.8486372e-06
424 0.25 2.161037080548e-02 4.2873000e-06
428 0.25 1.889809639492e-02 1.6084429e-06
432 0.25 1.962765688457e-02 7.4056278e-06
436 0.25 2.020199119621e-02 2.7436837e-06
440 0.25 2.291585467525e-02 2.5533172e-06
444 0.25 1.911348421083e-02 3.2802444e-06
448 0.25 1.977409493756e-02 2.3464464e-06
452 0.25 2.074988419659e-02 3.3889125e-06
456 0.25 2.126050002168e-02 4.0512588e-06
460 0.25 2.009846496552e-02 2.4081668e-06
464 0.25 2.059044904901e-02 4.5489917e-06
468 0.25 2.039549275338e-02 1.1483582e-05
472 0.25 2.048843698418e-02 1.8783054e-06
476 0.25 2.294177225948e-02 6.6279275e-06
480 0.25 1.977399856636e-02 3.0394284e-06
484 0.25 1.907432453396e-02 3.5958547e-06
488 0.25 1.931238748295e-02 4.2388322e-06
492 0.25 2.001281203165e-02 3.0292479e-06
496 0.25 1.965162127931e-02 6.6988679e-06
500 0.25 2.112939405604e-02 2.4422729e-06
304 0.50 1.898297541464e-02 6.0639502e-06
308 0.50 2.007716732953e-02 4.4083463e-06
312 0.50 1.891856676332e-02 6.8620328e-06
316 0.50 1.846179660869e-02 7.7264811e-06
320 0.50 1.958224726695e-02 2.1428646e-06
324 0.50 1.990735286033e-02 3.5671721e-06
328 0.50 1.897580752125e-02 4.1834886e-06
332 0.50 2.265028841493e-02 3.3215711e-06
336 0.50 1.929626162101e-02 4.2584098e-06
340 0.50 1.962704065336e-02 2.4494547e-06
344 0.50 1.807083735285e-02 1.9765569e-06
348 0.50 2.141432802558e-02 6.1035861e-06
352 0.50 1.889764772223e-02 1.1601627e-06
356 0.50 1.992368137147e-02 7.0354140e-06
360 0.50 2.172588175153e-02 3.5748667e-06
364 0.50 1.829211093622e-02 1.9587484e-06
368 0.50 1.906992859480e-02 3.4083626e-06
372 0.50 2.046293442564e-02 1.0303665e-06
376 0.50 2.067069655077e-02 2.0369928e-06
380 0.50 2.036186748983e-02 4.1645673e-06
384 0.50 1.801072900655e-02 2.1813618e-06
388 0.50 1.740365828522e-02 7.3247150e-06
392 0.50 1.799200595046e-02 3.5054115e-06
396 0.50 1.913601140587e-02 1.1276995e-06
400 0.50 2.081805940340e-02 5.2839823e-06
404 0.50 1.982660428108e-02 5.9737930e-06
408 0.50 2.093239137107e-02 2.7087728e-06
412 0.50 1.935273498207e-02 6.1649207e-06
416 0.50 1.877872584098e-02 5.9286691e-06
420 0.50 2.093304392575e-02 1.8401085e-06
424 0.50 2.148426685812e-02 4.1664759e-06
428 0.50 1.844019314921e-02 1.6825355e-06
432 0.50 1.880786244760e-02 2.7234740e-06
436 0.50 2.028506267888e-02 1.3211710e-06
440 0.50 2.380200850751e-02 7.0901306e-06
444 0.50 1.760059457858e-02 1.5278079e-06
448 0.50 1.816335249755e-02 2.5756692e-06
452 0.50 2.075088493630e-02 8.1865131e-06
456 0.50 1.882871001531e-02 4.3281298e-06
460 0.50 1.978983250708e-02 2.6237203e-06
464 0.50 2.132523917938e-02 5.3684067e-06
468 0.50 2.136925532381e-02 6.7229767e-06
472 0.50 1.935872869352e-02 2.7172019e-06
476 0.50 2.148656026962e-02 2.9945622e-06
480 0.50 1.868224138203e-02 1.9309592e-06
484 0.50 1.867415686599e-02 1.8525577e-06
488 0.50 2.036984303887e-02 3.2915839e-06
492 0.50 1.989956906466e-02 2.7428166e-06
496 0.50 1.894380064306e-02 1.8096396e-06
500 0.50 1.825561176643e-02 1.5488538e-06
304 0.75 1.892087425465e-02 7.0804160e-06
308 0.75 2.060285667697e-02 1.1974199e-05
312 0.75 2.034423683657e-02 5.0050838e-06
316 0.75 1.841149211452e-02 3.0783322e-06
320 0.75 2.149571639401e-02 7.1933663e-06
324 0.75 1.895086658582e-02 2.9263373e-06
328 0.75 1.988279869272e-02 3.0666580e-06
332 0.75 2.153488976750e-02 6.3208260e-06
336 0.75 1.856098348641e-02 1.1088626e-06
340 0.75 1.961067464713e-02 4.6463985e-06
344 0.75 1.781708583312e-02 2.0340831e-06
348 0.75 2.051305227865e-02 4.3350068e-06
352 0.75 1.867421598339e-02 5.6220182e-06
356 0.75 2.215443840559e-02 1.5355935e-06
360 0.75 2.038296030611e-02 6.0706103e-06
364 0.75 1.740929758553e-02 4.0115659e-06
368 0.75 1.861394506416e-02 4.1217605e-06
372 0.75 2.103736593983e-02 3.0785909e-06
376 0.75 2.144631443130e-02 5.7274758e-06
380 0.75 1.945546203685e-02 2.7477056e-06
384 0.75 1.800596168640e-02 6.3553667e-06
388 0.75 1.894904634535e-02 8.5853326e-06
392 0.75 1.677007613696e-02 1.5387531e-06
396 0.75 1.915043629310e-02 1.0583230e-06
400 0.75 2.090727158050e-02 4.2958639e-06
404 0.75 1.919164131410e-02 8.8733239e-06
408 0.75 1.989252889764e-02 2.7962149e-06
412 0.75 1.977618533893e-02 3.0877348e-06
416 0.75 1.920060827668e-02 5.1595149e-06
420 0.75 2.063916975414e-02 5.7415709e-06
424 0.75 2.080174526947e-02 4.5714909e-06
428 0.75 1.900459959226e-02 5.3413814e-06
432 0.75 1.914074250038e-02 2.2683736e-06
436 0.75 1.993389037037e-02 1.1946966e-06
440 0.75 2.371460813105e-02 4.3960547e-06
444 0.75 2.032615088298e-02 1.1964406e-05
448 0.75 1.924176376320e-02 4.3206943e-06
452 0.75 1.980768045646e-02 1.3641369e-06
456 0.75 2.052011266134e-02 1.9538999e-06
460 0.75 2.016730409314e-02 3.0083352e-06
464 0.75 2.144248362603e-02 5.5750008e-06
468 0.75 1.930202576827e-02 4.7955972e-06
472 0.75 1.925556231784e-02 3.6820451e-06
476 0.75 2.006021844966e-02 2.5004947e-06
480 0.75 2.113136026454e-02 4.0255846e-06
484 0.75 1.887076414474e-02 7.3896883e-06
488 0.75 1.806220021292e-02 2.5868191e-06
492 0.75 2.191139691536e-02 4.8523022e-06
496 0.75 1.855551692895e-02 1.8814717e-06
500 0.75 1.946407469480e-02 8.8019336e-06
304 1.00 1.820914960504e-02 5.7539035e-06
308 1.00 1.929665752726e-02 6.9052712e-06
312 1.00 1.988308969061e-02 3.9090207e-06
316 1.00 1.977590537968e-02 6.7192819e-06
320 1.00 1.968321381762e-02 4.5401946e-06
324 1.00 1.961149082924e-02 4.9570125e-06
328 1.00 1.878188884321e-02 2.9178326e-06
332 1.00 2.009000220782e-02 2.7518685e-06
336 1.00 1.877047911095e-02 3.8758248e-06
340 1.00 1.898537591882e-02 3.4232808e-06
344 1.00 1.736968870854e-02 2.3675861e-06
348 1.00 2.006298794638e-02 3.2220287e-06
352 1.00 1.753115857067e-02 4.3967993e-06
356 1.00 2.185704414128e-02 2.4105862e-06
360 1.00 2.243613056126e-02 1.7867298e-06
364 1.00 1.805982254424e-02 3.0517888e-06
368 1.00 1.958157152189e-02 1.6080337e-06
372 1.00 2.102984877412e-02 5.4406341e-06
376 1.00 2.174118804730e-02 1.1511874e-05
380 1.00 1.982903778218e-02 8.8197261e-06
384 1.00 1.851211322165e-02 6.9651078e-06
388 1.00 1.734870088202e-02 4.2218589e-06
392 1.00 1.847506877867e-02 4.4158631e-06
396 1.00 1.928535896149e-02 2.0485085e-06
400 1.00 2.006717681519e-02 4.5975449e-06
404 1.00 1.963681758567e-02 5.0212101e-06
408 1.00 1.973848480951e-02 3.1975404e-06
412 1.00 1.798452802583e-02 5.0472582e-06
416 1.00 1.911700311031e-02 7.7733332e-06
420 1.00 2.041248560786e-02 8.1094643e-06
424 1.00 2.079101538744e-02 3.2770335e-06
428 1.00 1.757633248984e-02 3.4787203e-06
432 1.00 1.994636848525e-02 1.7618082e-06
436 1.00 2.037050527194e-02 8.6822256e-06
440 1.00 2.260651677421e-02 1.2495842e-05
444 1.00 1.790185350745e-02 2.3589459e-06
448 1.00 2.083512373618e-02 8.0041443e-06
452 1.00 1.994315873440e-02 7.0390346e-06
456 1.00 1.969120416270e-02 3.2472897e-06
460 1.00 1.920985594971e-02 4.6101733e-06
464 1.00 1.965180092426e-02 3.9121510e-06
468 1.00 2.032780610437e-02 1.5061094e-06
472 1.00 1.985429650928e-02 2.7525006e-06
476 1.00 1.937119608726e-02 3.4633226e-06
480 1.00 1.883710861521e-02 3.2575588e-06
484 1.00 1.871262389190e-02 3.3242921e-06
488 1.00 1.782357935810e-02 5.5744978e-06
492 1.00 2.020953012494e-02 4.0935860e-06
496 1.00 1.830038319679e-02 1.9289078e-06
500 1.00 1.881846826312e-02 3.1178609e-06
301 -1.00 2.027659308842e-02 4.5235912e-06
305 -1.00 2.159569245664e-02 4.8450192e-06
309 -1.00 2.080543401884e-02 3.1726644e-06
313 -1.00 2.206670654110e-02 1.9218140e-06
317 -1.00 2.100044007018e-02 1.0782959e-06
321 -1.00 2.028942496003e-02 2.2457216e-06
325 -1.00 2.220654710454e-02 2.6190886e-06
329 -1.00 2.062565568673e-02 3.0628146e-06
333 -1.00 1.859667793460e-02 3.1130081e-06
337 -1.00 1.936979407578e-02 2.4421368e-06
341 -1.00 2.026661976702e-02 4.7896068e-06
345 -1.00 2.177887721594e-02 1.1849009e-06
349 -1.00 2.081603764707e-02 1.5806150e-06
353 -1.00 1.947844459968e-02 1.0846428e-06
357 -1.00 2.117188453132e-02 2.1159730e-06
361 -1.00 2.223010607848e-02 7.8365296e-06
365 -1.00 2.015664926484e-02 2.6599390e-06
369 -1.00 2.032577644457e-02 2.3852278e-06
373 -1.00 2.262247971790e-02 5.2840275e-06
377 -1.00 2.053131670750e-02 1.7082677e-06
381 -1.00 2.093624586827e-02 2.6691605e-06
385 -1.00 1.998938920245e-02 1.2979010e-06
389 -1.00 2.410424012897e-02 3.1821672e-06
393 -1.00 2.219039256358e-02 2.4954053e-06
397 -1.00 2.173957462708e-02 2.8877797e-06
401 -1.00 2.207702063520e-02 4.8718805e-06
405 -1.00 2.140345537364e-02 3.1898209e-06
409 -1.00 2.342804969228e-02 4.8720186e-06
413 -1.00 2.256342596785e-02 2.5939092e-06
417 -1.00 1.733092755275e-02 3.5816274e-06
421 -1.00 2.058142627937e-02 1.3433400e-06
425 -1.00 2.103553458249e-02 2.8054413e-06
429 -1.00 2.047970727153e-02 3.2213112e-06
433 -1.00 2.161434443884e-02 1.0131169e-06
437 -1.00 2.027677061454e-02 4.3953377e-06
441 -1.00 1.881844017043e-02 2.4305383e-06
445 -1.00 2.115642083165e-02 4.1380301e-06
449 -1.00 2.420270524492e-02 2.5059838e-06
453 -1.00 1.922666629754e-02 3.7736472e-06
457 -1.00 2.097281735494e-02 2.0591313e-06
461 -1.00 2.191025132394e-02 5.3146267e-06
465 -1.00 2.070243741700e-02 4.1098814e-06
469 -1.00 2.016108146941e-02 1.1021776e-06
473 -1.00 1.931965353056e-02 2.3632123e-06
477 -1.00 1.900410079956e-02 2.4466527e-06
481 -1.00 1.841601884770e-02 2.2329225e-06
485 -1.00 1.824044999083e-02 2.0654409e-06
489 -1.00 1.968655299710e-02 2.1790623e-06
493 -1.00 2.035499818398e-02 5.9445412e-06
497 -1.00 2.398124888435e-02 4.6111865e-06
301 -0.75 2.390923217754e-02 8.2275346e-06
305 -0.75 1.979205627788e-02 2.6183282e-06
309 -0.75 2.009516855671e-02 4.9823499e-06
313 -0.75 2.187827811842e-02 3.7509635e-06
317 -0.75 2.142483515257e-02 2.0501155e-06
321 -0.75 2.214481320655e-02 1.9787845e-06
325 -0.75 2.182771411696e-02 1.7784940e-06
329 -0.75 2.098277287596e-02 5.1570021e-06
333 -0.75 1.843178438007e-02 2.4529579e-06
337 -0.75 1.887752601697e-02 6.3544392e-06
341 -0.75 2.003065802378e-02 1.9682248e-06
345 -0.75 2.087667966564e-02 1.2868233e-06
349 -0.75 2.108914523372e-02 1.9837743e-06
353 -0.75 1.850494782794e-02 2.3515497e-06
357 -0.75 2.129382712653e-02 3.1794379e-06
361 -0.75 2.229149440836e-02 2.6552313e-06
365 -0.75 2.005604512510e-02 1.7223620e-06
369 -0.75 1.989524072897e-02 2.2943541e-06
373 -0.75 2.171540013112e-02 4.5963505e-06
377 -0.75 2.104064306632e-02 2.4070514e-06
381 -0.75 1.970339235041e-02 8.1948651e-07
385 -0.75 1.885748013495e-02 1.4247166e-06
389 -0.75 2.444507790973e-02 2.7925078e-06
393 -0.75 2.178145487740e-02 3.4513752e-06
397 -0.75 1.949896199608e-02 5.0991755e-06
401 -0.75 2.181040939455e-02 2.9694364e-06
405 -0.75 2.181959864294e-02 4.0448962e-06
409 -0.75 2.252658407339e-02 4.7861708e-06
413 -0.75 2.252614992649e-02 3.2484620e-06
417 -0.75 1.777004679761e-02 1.4399950e-06
421 -0.75 2.175776641546e-02 2.1736885e-06
425 -0.75 2.090517822628e-02 1.4504765e-06
429 -0.75 2.144715644736e-02 4.0755961e-06
433 -0.75 2.223197084486e-02 2.1394505e-06
437 -0.75 1.856336180065e-02 1.6097842e-06
441 -0.75 1.932313886937e-02 1.3051468e-06
445 -0.75 2.027815436254e-02 2.5673119e-06
449 -0.75 2.374019422048e-02 2.9890211e-06
453 -0.75 1.817672630208e-02 1.5127874e-06
457 -0.75 2.056486130870e-02 1.4692401e-06
461 -0.75 2.150254801217e-02 2.6120399e-06
465 -0.75 1.953420843838e-02 1.1044264e-06
469 -0.75 2.007110408421e-02 4.0875540e-06
473 -0.75 1.840939666480e-02 8.4773575e-07
477 -0.75 1.932485074546e-02 1.2352670e-06
481 -0.75 1.821823736894e-02 5.1752329e-07
485 -0.75 1.910695524915e-02 1.4027589e-06
489 -0.75 1.921804819317e-02 3.0836347e-06
493 -0.75 2.042729366452e-02 2.4935944e-06
497 -0.75 2.426892330182e-02 2.9636767e-06
301 -0.50 2.101914977414e-02 3.6641058e-06
305 -0.50 2.097023556022e-02 2.1608336e-06
309 -0.50 1.925076149769e-02 3.1017843e-06
313 -0.50 2.194382071082e-02 9.1049229e-07
317 -0.50 2.167182792417e-02 1.0234868e-05
321 -0.50 1.911218509282e-02 1.2923068e-06
325 -0.50 2.121378394844e-02 2.3427857e-06
329 -0.50 1.994331728181e-02 2.5150530e-06
333 -0.50 1.738661838131e-02 2.2398289e-06
337 -0.50 1.888446256522e-02 2.8567605e-06
341 -0.50 1.899037036689e-02 2.0961414e-06
345 -0.50 2.083981150540e-02 7.3904117e-07
349 -0.50 2.072473104624e-02 1.8718825e-06
353 -0.50 1.948361363730e-02 3.9187719e-06
357 -0.50 2.179492667228e-02 2.6169671e-06
361 -0.50 2.076422188939e-02 3.3529932e-06
365 -0.50 2.110525348017e-02 5.0713918e-06
369 -0.50 2.040928219098e-02 1.8267944e-06
373 -0.50 2.084117115387e-02 2.3323481e-06
377 -0.50 2.029116286843e-02 4.2945175e-06
381 -0.50 2.043090283460e-02 4.4261314e-06
385 -0.50 1.980641389401e-02 1.5362187e-06
389 -0.50 2.509745431016e-02 6.3352399e-06
393 -0.50 2.242624390975e-02 3.6261378e-06
397 -0.50 1.927334272980e-02 4.7940313e-06
401 -0.50 2.290739608110e-02 4.7803149e-06
405 -0.50 2.168302169125e-02 2.3731898e-06
409 -0.50 2.202232700553e-02 4.1618416e-06
413 -0.50 2.194034829196e-02 3.3129338e-06
417 -0.50 1.794862234863e-02 3.0236472e-06
421 -0.50 2.046791573671e-02 2.4491892e-06
425 -0.50 2.193592706966e-02 9.2543597e-07
429 -0.50 2.108367596945e-02 4.6873495e-06
433 -0.50 2.169560468911e-02 4.7123942e-06
437 -0.50 1.809999935545e-02 1.1943172e-06
441 -0.50 2.017432299935e-02 5.5517478e-06
445 -0.50 2.112005146002e-02 2.5592891e-06
449 -0.50 2.252112005168e-02 2.5569163e-06
453 -0.50 1.973548126715e-02 4.0485875e-06
457 -0.50 2.163521617497e-02 3.8589117e-06
461 -0.50 2.125854376802e-02 2.7485289e-06
465 -0.50 1.903327471863e-02 1.7102483e-06
469 -0.50 2.149212696656e-02 2.2685080e-06
473 -0.50 1.939680726918e-02 1.2890435e-06
477 -0.50 2.009407807074e-02 1.1063141e-06
481 -0.50 1.810416392118e-02 4.8388965e-06
485 -0.50 1.846734710132e-02 2.4819445e-06
489 -0.50 1.799752175675e-02 1.2674838e-06
493 -0.50 1.869136688056e-02 2.6109474e-06
497 -0.50 2.403452724239e-02 6.1401957e-06
301 -0.25 2.071078505971e-02 5.3900169e-06
305 -0.25 1.943550976658e-02 1.3475666e-06
309 -0.25 1.977309254403e-02 4.4432384e-06
313 -0.25 2.187049416178e-02 2.3610223e-06
317 -0.25 2.071595442718e-02 4.2638526e-06
321 -0.25 2.155250562396e-02 3.4609381e-06
325 -0.25 2.125773195273e-02 1.6683489e-06
329 -0.25 2.047458437421e-02 2.0932849e-06
333 -0.25 1.783564214187e-02 1.6592877e-06
337 -0.25 1.918154131725e-02 3.0519816e-06
341 -0.25 1.945409857573e-02 2.1659064e-06
345 -0.25 2.159605212507e-02 2.1581509e-06
349 -0.25 2.211264437499e-02 9.5584366e-06
353 -0.25 1.978706798697e-02 1.5203452e-06
357 -0.25 2.063930422213e-02 1.9228633e-06
361 -0.25 2.095388504483e-02 7.3222593e-06
365 -0.25 1.999304420982e-02 1.9946868e-06
369 -0.25 1.968370560885e-02 1.4238433e-06
373 -0.25 2.138851643523e-02 1.4576548e-06
377 -0.25 1.954585583530e-02 2.5113255e-06
381 -0.25 1.840564256759e-02 8.6215915e-07
385 -0.25 1.962281932926e-02 1.1323997e-06
389 -0.25 2.423184098105e-02 1.6441950e-06
393 -0.25 2.188057809226e-02 2.9362945e-06
397 -0.25 1.980236738656e-02 6.0425772e-06
401 -0.25 2.208673550707e-02 1.8942317e-06
405 -0.25 2.084733326795e-02 3.7354589e-06
409 -0.25 2.286638148783e-02 7.2242912e-06
413 -0.25 2.088365168017e-02 1.5015820e-06
417 -0.25 1.889710165978e-02 3.7052919e-06
421 -0.25 1.937257043444e-02 4.4269583e-06
425 -0.25 2.158592076732e-02 4.5652144e-06
429 -0.25 1.938131993090e-02 1.6875815e-06
433 -0.25 2.099350438268e-02 2.4475675e-06
437 -0.25 1.918750613121e-02 2.2601466e-06
441 -0.25 1.965736832797e-02 2.7128042e-06
445 -0.25 2.131397471824e-02 7.8436583e-06
449 -0.25 2.191517623627e-02 4.2562323e-06
453 -0.25 1.999257575353e-02 3.2230427e-06
457 -0.25 2.066469376353e-02 3.1367023e-06
461 -0.25 2.238657371251e-02 4.1893196e-06
465 -0.25 1.880208605092e-02 4.8725004e-06
469 -0.25 1.859376045934e-02 5.2378774e-06
473 -0.25 1.958420217890e-02 6.3910804e-06
477 -0.25 1.902899885047e-02 2.7743938e-06
481 -0.25 1.712705718067e-02 1.7093137e-06
485 -0.25 1.791050103503e-02 3.0610561e-06
489 -0.25 1.882236354510e-02 1.2677753e-06
493 -0.25 2.030761751630e-02 5.4945751e-06
497 -0.25 2.350644247815e-02 1.0006848e-06
301 0.00 2.126434440230e-02 3.1679391e-06
305 0.00 2.069198746350e-02 2.9910809e-06
309 0.00 1.906663437209e-02 3.7837230e-06
313 0.00 2.166456526907e-02 4.4121136e-06
317 0.00 2.151269651961e-02 4.3540762e-06
321 0.00 1.988411481757e-02 2.7441349e-06
325 0.00 2.199519210262e-02 4.0170792e-06
329 0.00 2.041369557499e-02 2.3745079e-06
333 0.00 1.714114603680e-02 2.4007712e-06
337 0.00 1.859743394908e-02 2.4490074e-06
341 0.00 1.971565310265e-02 3.8258764e-06
345 0.00 2.142428912144e-02 4.1846414e-06
349 0.00 2.029590031118e-02 3.8154813e-06
353 0.00 1.870645527012e-02 4.1144380e-06
357 0.00 2.136586066962e-02 3.2790017e-06
361 0.00 2.005016262208e-02 1.3938706e-06
365 0.00 2.086866458397e-02 3.9029252e-06
369 0.00 1.989331003552e-02 4.2792571e-06
373 0.00 2.112475454278e-02 5.8161787e-06
377 0.00 2.037036532017e-02 2.2024443e-06
381 0.00 1.975281967939e-02 2.2547864e-06
385 0.00 1.962338029968e-02 3.4144350e-06
389 0.00 2.302206783588e-02 4.0236434e-06
393 0.00 2.091887801489e-02 2.3772185e-06
397 0.00 1.952401147097e-02 8.8082221e-06
401 0.00 2.161779231832e-02 1.2061395e-06
405 0.00 2.102195438201e-02 3.9387365e-07
409 0.00 2.188226214499e-02 2.9132443e-06
413 0.00 2.165878954123e-02 2.1498641e-06
417 0.00 1.799419764529e-02 3.9510131e-06
421 0.00 1.976245051506e-02 1.3036965e-06
425 0.00 2.144252393871e-02 1.4912113e-06
429 0.00 1.902048725360e-02 2.7494936e-06
433 0.00 2.063790073621e-02 3.8838854e-06
437 0.00 1.869525302920e-02 2.2739515e-06
441 0.00 2.046710031936e-02 4.4225118e-06
445 0.00 1.929306659860e-02 1.8350649e-06
449 0.00 2.246362462493e-02 2.8870522e-06
453 0.00 1.866703209091e-02 1.6075793e-06
457 0.00 2.107106145218e-02 1.4148031e-05
461 0.00 2.268296864025e-02 3.8914464e-06
465 0.00 1.806770318184e-02 2.4365647e-06
469 0.00 1.831159166969e-02 2.3587897e-06
473 0.00 1.921511922652e-02 2.8140844e-06
477 0.00 1.883506550189e-02 1.4385213e-06
481 0.00 1.778787187631e-02 2.3034737e-06
485 0.00 1.751692840218e-02 2.2989691e-06
489 0.00 2.011079673937e-02 4.4490362e-06
493 0.00 1.898160468496e-02 3.0223973e-06
497 0.00 2.519433353222e-02 5.7622519e-06
301 0.25 2.136498007595e-02 3.6849429e-06
305 0.25 2.021390665603e-02 2.6782882e-06
309 0.25 1.854186777407e-02 8.8478913e-07
313 0.25 2.201648973556e-02 4.0095820e-06
317 0.25 2.046495465420e-02 4.6578038e-06
321 0.25 1.950909754004e-02 4.5531450e-06
325 0.25 1.968896201472e-02 1.0148887e-06
329 0.25 2.027946354943e-02 5.5940308e-06
333 0.25 1.735870681888e-02 1.6063087e-06
337 0.25 1.869317089036e-02 3.8283541e-06
341 0.25 1.876864082889e-02 3.4895624e-06
345 0.25 2.275848633825e-02 3.4781882e-06
349 0.25 2.045131349095e-02 2.6193304e-06
353 0.25 1.816251710166e-02 1.5389735e-06
357 0.25 2.054186357659e-02 2.9125838e-06
361 0.25 2.226719186884e-02 3.6771555e-06
365 0.25 2.048096040151e-02 1.1026930e-06
369 0.25 2.043868051377e-02 2.0174996e-06
373 0.25 2.107240080535e-02 5.5316456e-06
377 0.25 1.936507752065e-02 3.4941385e-06
381 0.25 1.952069930385e-02 1.6494276e-06
385 0.25 1.964198730633e-02 2.7788241e-06
389 0.25 2.365173343263e-02 2.6704446e-06
393 0.25 2.036693664332e-02 7.4147009e-06
397 0.25 1.936793993816e-02 7.8398214e-06
401 0.25 2.220725035166e-02 3.4936210e-06
405 0.25 2.133327930243e-02 4.4585029e-06
409 0.25 2.139824378912e-02 5.5151311e-06
413 0.25 2.037226136369e-02 4.1028435e-06
417 0.25 1.777939449620e-02 5.3251654e-06
421 0.25 2.005843824739e-02 3.6604447e-06
425 0.25 2.133041570718e-02 1.9068192e-06
429 0.25 1.945133818550e-02 5.3910843e-06
433 0.25 2.020487668653e-02 5.0083170e-06
437 0.25 1.860749784209e-02 2.0215037e-06
441 0.25 1.897960442525e-02 1.8562084e-06
445 0.25 1.918899630693e-02 3.4951202e-06
449 0.25 2.197171711548e-02 1.1620749e-05
453 0.25 1.903797112560e-02 4.9630952e-06
457 0.25 1.900494200673e-02 2.8591799e-06
461 0.25 2.182550274154e-02 4.0738401e-06
465 0.25 1.971912683090e-02 3.7217599e-06
469 0.25 1.999032554177e-02 4.5127914e-06
473 0.25 1.909458780082e-02 1.7988853e-06
477 0.25 1.957091397105e-02 1.3511564e-06
481 0.25 1.811484471992e-02 3.2895709e-06
485 0.25 1.764676750970e-02 3.1485026e-06
489 0.25 1.851187604041e-02 2.2353089e-06
493 0.25 1.873531502759e-02 5.6000033e-06
497 0.25 2.297385535199e-02 2.1444223e-06
301 0.50 2.000440997288e-02 3.4946969e-06
305 0.50 1.999371863350e-02 3.9759151e-06
309 0.50 1.854794194348e-02 2.7492207e-06
313 0.50 2.080363938560e-02 4.4150138e-06
317 0.50 2.012346094766e-02 3.4298097e-06
321 0.50 2.069042281980e-02 7.4983461e-06
325 0.50 2.048673286968e-02 1.9896958e-06
329 0.50 1.914698245037e-02 2.8618632e-06
333 0.50 1.752283032593e-02 3.4964601e-06
337 0.50 1.914002974205e-02 6.3520354e-06
341 0.50 1.937936647546e-02 4.6062665e-06
345 0.50 2.057254896255e-02 2.1791721e-06
349 0.50 2.114672830840e-02 3.2392271e-06
353 0.50 1.899175191509e-02 2.0738602e-06
357 0.50 2.209405095782e-02 2.8660974e-06
361 0.50 2.018376842711e-02 6.3585453e-06
365 0.50 2.141911227838e-02 4.9801165e-06
369 0.50 2.035625659191e-02 4.5658868e-06
373 0.50 2.230476188224e-02 4.5836724e-06
377 0.50 1.898638721803e-02 2.3368296e-06
381 0.50 2.004555697592e-02 2.2532377e-06
385 0.50 1.985390749419e-02 4.2062212e-06
389 0.50 2.178145671914e-02 5.8323938e-06
393 0.50 1.961143694225e-02 2.6699730e-06
397 0.50 1.905425219657e-02 1.7562436e-06
401 0.50 2.191432823934e-02 4.4044192e-06
405 0.50 2.200120205678e-02 5.5272671e-06
409 0.50 2.048992454609e-02 4.1476437e-06
413 0.50 2.006451930900e-02 3.6801255e-06
417 0.50 1.731002707523e-02 3.4411284e-06
421 0.50 1.878404013644e-02 1.3032215e-06
425 0.50 2.322448883693e-02 3.1643052e-06
429 0.50 1.983889804607e-02 4.6224899e-06
433 0.50 1.989224708940e-02 2.8074906e-06
437 0.50 1.948508793290e-02 1.0950461e-06
441 0.50 1.998279462445e-02 4.5207919e-06
445 0.50 1.896842365353e-02 8.8046580e-07
449 0.50 2.131246383703e-02 1.9291457e-06
453 0.50 1.897807170378e-02 4.7367382e-06
457 0.50 1.976550591616e-02 2.2983195e-06
461 0.50 2.021490141036e-02 3.3171058e-06
465 0.50 1.735389877161e-02 2.0187975e-06
469 0.50 1.926390984348e-02 2.2733249e-06
473 0.50 1.878421496263e-02 2.7002046e-06
477 0.50 1.865432961902e-02 5.1668497e-06
481 0.50 1.759460883184e-02 3.7305418e-06
485 0.50 1.798736122950e-02 4.2395436e-06
489 0.50 1.803988320570e-02 1.9917889e-06
493 0.50 1.778665548788e-02 4.9338092e-06
497 0.50 2.234276276554e-02 5.2409390e-06
301 0.75 1.983919215972e-02 2.1442571e-06
305 0.75 1.999647562546e-02 7.1338834e-06
309 0.75 1.911127383118e-02 1.7543458e-06
313 0.75 2.171102703408e-02 4.3235885e-06
317 0.75 1.896501006760e-02 2.1929567e-06
321 0.75 2.092277686012e-02 5.0730583e-06
325 0.75 2.028298445430e-02 1.6865777e-06
329 0.75 2.011252110303e-02 1.5066307e-06
333 0.75 1.713837509542e-02 2.8647750e-06
337 0.75 1.870063589696e-02 4.5946388e-06
341 0.75 1.959577884251e-02 1.9581175e-06
345 0.75 2.151698993226e-02 3.9222014e-06
349 0.75 2.036267068133e-02 3.8124984e-06
353 0.75 2.004161298869e-02 8.4037114e-06
357 0.75 2.141956757959e-02 5.7943261e-06
361 0.75 1.960159489900e-02 3.8403740e-06
365 0.75 1.981666654561e-02 3.5804333e-06
369 0.75 2.000171266978e-02 3.4979198e-06
373 0.75 2.297221710405e-02 8.2148726e-06
377 0.75 2.021111058293e-02 8.4915765e-06
381 0.75 1.960620936903e-02 5.5063618e-06
385 0.75 1.993654365895e-02 3.3318348e-06
389 0.75 2.226244790730e-02 5.2466705e-06
393 0.75 1.960297004934e-02 7.9899224e-06
397 0.75 1.984540884762e-02 6.3266195e-06
401 0.75 2.247159355713e-02 3.5856567e-06
405 0.75 2.125772850304e-02 3.4038880e-06
409 0.75 2.077752598645e-02 7.3676007e-06
413 0.75 1.894374727167e-02 4.1242864e-06
417 0.75 1.819452550121e-02 5.5744903e-06
421 0.75 1.861259242704e-02 8.5255253e-06
425 0.75 2.200266098993e-02 5.5898402e-06
429 0.75 1.838620745465e-02 4.5756204e-06
433 0.75 2.104758810139e-02 2.6724103e-06
437 0.75 1.891235131302e-02 4.2367158e-06
441 0.75 1.978701754251e-02 3.8528430e-06
445 0.75 1.920761079187e-02 2.2379281e-06
449 0.75 2.115073297960e-02 3.5405569e-06
453 0.75 1.844636444590e-02 1.9913669e-06
457 0.75 2.014099421388e-02 1.0539585e-06
461 0.75 2.112918162415e-02 4.4800722e-06
465 0.75 1.835408667195e-02 2.6425928e-06
469 0.75 1.898190771206e-02 2.3329797e-06
473 0.75 1.966163990748e-02 4.1641174e-06
477 0.75 1.829347939109e-02 2.3540177e-06
481 0.75 1.702388217518e-02 1.7281828e-06
485 0.75 1.813699348244e-02 4.2019237e-06
489 0.75 1.867038224788e-02 3.8582902e-06
493 0.75 1.925537422882e-02 8.5142126e-06
497 0.75 2.315391233317e-02 4.0560707e-06
301 1.00 2.040502015478e-02 2.7449102e-06
305 1.00 1.920964721248e-02 2.7342837e-06
309 1.00 2.014556494947e-02 7.3759338e-06
313 1.00 2.149146552304e-02 8.3515608e-06
317 1.00 1.888190664967e-02 2.0230314e-06
321 1.00 1.981632827737e-02 2.5347449e-06
325 1.00 2.176917810538e-02 3.2533715e-06
329 1.00 1.851960023758e-02 3.0738234e-06
333 1.00 1.776809509485e-02 1.6366520e-06
337 1.00 1.815117409376e-02 7.6372658e-06
341 1.00 1.813396776631e-02 4.4080485e-06
345 1.00 2.186573930225e-02 4.2030276e-06
349 1.00 1.956475250767e-02 7.9821005e-06
353 1.00 1.956101616247e-02 2.6371854e-06
357 1.00 2.158633038929e-02 5.8941224e-06
361 1.00 1.973102824727e-02 2.4659815e-06
365 1.00 1.889322933606e-02 1.7403814e-06
369 1.00 1.963932486610e-02 1.9499528e-06
373 1.00 2.165307953430e-02 4.9989619e-06
377 1.00 1.890316763503e-02 3.4385517e-06
381 1.00 1.924282615781e-02 4.3525987e-06
385 1.00 2.018390906126e-02 2.2902941e-06
389 1.00 2.095088756810e-02 4.3477365e-06
393 1.00 2.035053750398e-02 1.4853273e-06
397 1.00 1.952538587706e-02 4.1327368e-06
401 1.00 2.216072807820e-02 2.6488386e-06
405 1.00 2.289286140893e-02 8.7170020e-06
409 1.00 2.087856620292e-02 1.3259704e-05
413 1.00 2.089066701739e-02 4.8226577e-06
417 1.00 1.735591627735e-02 3.3753914e-06
421 1.00 2.042444977370e-02 8.0328458e-06
425 1.00 2.187360674695e-02 7.5388605e-07
429 1.00 1.936461910001e-02 4.0980712e-06
433 1.00 2.139684370818e-02 8.7304480e-06
437 1.00 1.949996707590e-02 7.3457226e-06
441 1.00 1.994596373219e-02 5.2511849e-06
445 1.00 1.899697166057e-02 7.0416198e-06
449 1.00 2.225093855980e-02 1.4423941e-06
453 1.00 2.134582497675e-02 1.5712204e-05
457 1.00 1.883176717853e-02 4.7622083e-06
461 1.00 1.918195443691e-02 6.8123949e-06
465 1.00 1.798037419598e-02 1.1107617e-06
469 1.00 1.867078279244e-02 3.9279302e-06
473 1.00 1.775170130535e-02 3.4741517e-06
477 1.00 1.878383492396e-02 3.1290799e-06
481 1.00 1.938752376502e-02 9.2697447e-06
485 1.00 1.866641482307e-02 2.6709640e-06
489 1.00 1.800266997039e-02 2.2992758e-06
493 1.00 1.848783271120e-02 4.7119207e-06
497 1.00 2.380760627840e-02 2.0406873e-06
302 -1.00 2.063781382175e-02 2.3429928e-06
306 -1.00 2.156326648973e-02 3.5878014e-06
310 -1.00 2.205088322788e-02 1.3093350e-06
314 -1.00 2.249734652400e-02 4.1944434e-06
318 -1.00 2.021497476769e-02 9.3818642e-07
322 -1.00 1.956515052602e-02 3.1996303e-06
326 -1.00 2.437998808292e-02 6.2593176e-06
330 -1.00 2.186262585049e-02 3.2202954e-06
334 -1.00 2.078205616937e-02 2.0757992e-06
338 -1.00 2.164225919900e-02 3.5981214e-06
342 -1.00 2.274734732612e-02 6.5817974e-06
346 -1.00 1.964472118183e-02 7.9281973e-07
350 -1.00 2.057477489835e-02 2.5832943e-06
354 -1.00 2.423346823125e-02 4.6433695e-06
358 -1.00 2.296399669472e-02 6.2588807e-06
362 -1.00 2.097840396253e-02 2.3103717e-06
366 -1.00 1.942221871845e-02 3.0572487e-06
370 -1.00 2.155752150378e-02 1.4484186e-06
374 -1.00 2.095251096810e-02 2.3316839e-06
378 -1.00 2.451442038910e-02 6.7626080e-06
382 -1.00 2.199431240992e-02 2.9041986e-06
386 -1.00 2.188635292840e-02 2.4296809e-06
390 -1.00 2.264103545414e-02 3.2236973e-06
394 -1.00 2.293625988799e-02 3.5440061e-06
398 -1.00 1.948897414512e-02 1.3274213e-06
402 -1.00 2.085194304436e-02 2.2050761e-06
406 -1.00 2.231166617959e-02 5.5636885e-06
410 -1.00 1.868276311908e-02 1.8745176e-06
414 -1.00 2.146267232604e-02 4.5852594e-06
418 -1.00 2.122084978740e-02 3.5303671e-06
422 -1.00 2.158895076622e-02 1.6525426e-06
426 -1.00 2.081019243793e-02 2.6628325e-06
430 -1.00 2.059869935763e-02 2.8309837e-06
434 -1.00 1.944297153582e-02 2.8903404e-06
438 -1.00 1.954405956434e-02 2.3972435e-06
442 -1.00 1.946707434681e-02 1.5472107e-06
446 -1.00 1.913151703584e-02 2.3354605e-06
450 -1.00 2.140590716349e-02 4.3476404e-06
454 -1.00 2.181349726875e-02 3.7658060e-06
458 -1.00 2.207310151656e-02 3.9568844e-06
462 -1.00 1.936416472094e-02 9.3197668e-07
466 -1.00 1.778834073479e-02 1.2568760e-06
470 -1.00 2.270440212151e-02 3.9464553e-06
474 -1.00 2.384889008665e-02 3.3742011e-06
478 -1.00 2.006608362516e-02 4.8213651e-06
482 -1.00 1.961759044821e-02 4.6075150e-06
486 -1.00 2.433880849303e-02 4.0374766e-06
490 -1.00 1.908010024646e-02 1.7257741e-06
494 -1.00 2.021267624137e-02 2.5872529e-06
498 -1.00 1.941526041319e-02 2.2502855e-06
302 -0.75 1.923055889809e-02 3.9512425e-06
306 -0.75 2.180324974767e-02 2.5642368e-06
310 -0.75 2.178889912105e-02 3.1462138e-06
314 -0.75 2.187950007549e-02 4.9122241e-06
318 -0.75 1.978558662353e-02 1.5317089e-06
322 -0.75 1.835005912668e-02 7.5318894e-07
326 -0.75 2.336821797291e-02 1.7808211e-06
330 -0.75 2.262574790627e-02 9.7276451e-06
334 -0.75 2.071708520771e-02 1.8840324e-06
338 -0.75 2.200436401080e-02 1.5888965e-06
342 -0.75 2.260018476522e-02 4.7961727e-06
346 -0.75 1.886514897075e-02 2.1682033e-06
350 -0.75 1.981352775213e-02 2.0060777e-06
354 -0.75 2.090462866023e-02 1.7092659e-06
358 -0.75 2.379305442306e-02 5.1379285e-06
362 -0.75 2.174692817709e-02 5.5880785e-06
366 -0.75 2.066620699704e-02 2.8490708e-06
370 -0.75 2.128485457522e-02 6.0275462e-07
374 -0.75 1.948107829157e-02 2.2171633e-06
378 -0.75 2.345758950256e-02 2.5072088e-06
382 -0.75 2.141011049438e-02 3.6734785e-06
386 -0.75 2.092130962418e-02 3.9777697e-06
390 -0.75 2.303899508153e-02 2.5847461e-06
394 -0.75 2.300894844186e-02 1.0730031e-06
398 -0.75 1.829594812514e-02 4.0947450e-06
402 -0.75 2.048056121815e-02 1.8277846e-06
406 -0.75 2.156307459756e-02 1.7349691e-06
410 -0.75 1.954095380302e-02 2.2598702e-06
414 -0.75 2.082836934415e-02 2.2522941e-06
418 -0.75 2.082958452336e-02 3.5617690e-06
422 -0.75 2.095592740093e-02 1.2852884e-06
426 -0.75 2.047186613374e-02 1.2772819e-06
430 -0.75 2.014248407604e-02 2.6918290e-06
434 -0.75 2.007737570201e-02 5.0107838e-06
438 -0.75 1.863439477644e-02 2.2096593e-06
442 -0.75 1.840218205299e-02 1.1934433e-06
446 -0.75 1.995698264498e-02 1.6678547e-06
450 -0.75 2.054556572419e-02 1.0565471e-06
454 -0.75 2.096444617661e-02 2.8807728e-06
458 -0.75 2.127506273024e-02 1.6995059e-06
462 -0.75 1.912706590668e-02 2.6765068e-06
466 -0.75 1.917050876002e-02 4.7121298e-06
470 -0.75 2.116259738217e-02 2.1690505e-06
474 -0.75 2.415390603665e-02 6.6671314e-06
478 -0.75 2.026438292552e-02 4.0995177e-06
482 -0.75 2.000841244312e-02 2.1575062e-06
486 -0.75 2.316808566905e-02 5.0779511e-06
490 -0.75 1.992081612612e-02 8.3631090e-06
494 -0.75 2.038588955395e-02 2.0040523e-06
498 -0.75 1.921389707194e-02 1.9012099e-06
302 -0.50 1.949189386586e-02 2.8005849e-06
306 -0.50 2.032735690717e-02 3.1696189e-06
310 -0.50 2.154684750266e-02 2.8402829e-07
314 -0.50 2.100605277605e-02 1.4427735e-06
318 -0.50 1.959092579270e-02 3.3064261e-06
322 -0.50 1.927961396306e-02 2.4017786e-06
326 -0.50 2.276913391923e-02 1.2884702e-06
330 -0.50 2.204055860942e-02 3.6179853e-06
334 -0.50 2.095052659121e-02 2.1593659e-06
338 -0.50 2.226376392806e-02 2.1747043e-06
342 -0.50 2.151611059583e-02 4.7654396e-06
346 -0.50 1.953161067939e-02 1.1415486e-06
350 -0.50 1.963300720118e-02 2.2213812e-06
354 -0.50 2.199472066746e-02 2.7372158e-06
358 -0.50 2.216471490553e-02 4.0802466e-06
362 -0.50 2.142100944875e-02 3.9396963e-06
366 -0.50 2.049301016226e-02 2.9869234e-06
370 -0.50 2.159009908365e-02 1.2936869e-06
374 -0.50 1.974161801516e-02 1.9054828e-06
378 -0.50 2.287042786790e-02 4.2717255e-06
382 -0.50 2.055547575751e-02 3.6214653e-06
386 -0.50 2.242595858296e-02 5.1206004e-06
390 -0.50 2.241391161767e-02 1.8858082e-06
394 -0.50 2.258650245537e-02 8.5379800e-06
398 -0.50 1.801325764115e-02 1.4056593e-06
402 -0.50 2.078251362404e-02 2.4305474e-06
406 -0.50 2.075866706995e-02 1.3017084e-06
410 -0.50 1.807326728850e-02 1.4705048e-06
414 -0.50 2.063822780148e-02 3.9738104e-06
418 -0.50 2.038356847781e-02 2.6454728e-06
422 -0.50 2.148423898741e-02 2.7736175e-06
426 -0.50 2.109291880713e-02 4.3017430e-06
430 -0.50 2.024291623817e-02 3.0500539e-06
434 -0.50 1.884093170346e-02 2.6466666e-06
438 -0.50 1.796664300157e-02 3.1467266e-06
442 -0.50 1.967656699888e-02 1.7556575e-06
446 -0.50 1.997482689053e-02 3.8054488e-06
450 -0.50 2.047792575518e-02 2.5771933e-06
454 -0.50 2.177314899483e-02 3.1618685e-06
458 -0.50 2.046120919994e-02 2.2385150e-06
462 -0.50 1.787728582181e-02 2.2092428e-06
466 -0.50 1.898215447405e-02 3.1303093e-06
470 -0.50 2.131350183125e-02 2.8759537e-06
474 -0.50 2.353925363312e-02 3.1812057e-06
478 -0.50 2.088262954905e-02 3.3348264e-06
482 -0.50 1.929018177200e-02 4.4700508e-06
486 -0.50 2.355965573764e-02 4.0797052e-06
490 -0.50 1.941229438738e-02 3.3681972e-06
494 -0.50 2.049895051307e-02 5.0302293e-06
498 -0.50 1.865180958273e-02 2.8450217e-06
302 -0.25 1.930665056051e-02 2.6258531e-06
306 -0.25 2.104343406233e-02 4.5093399e-06
310 -0.25 2.082395365575e-02 3.8015754e-06
314 -0.25 2.065234931325e-02 3.4321727e-06
318 -0.25 1.883988861263e-02 3.0224767e-06
322 -0.25 1.959867454144e-02 2.8348840e-06
326 -0.25 2.251032267910e-02 9.5978808e-07
330 -0.25 2.129701187917e-02 3.2430234e-06
334 -0.25 2.202049569915e-02 5.2890240e-06
338 -0.25 2.073447308429e-02 1.9450988e-06
342 -0.25 2.089442326817e-02 1.7332455e-06
346 -0.25 1.895806851604e-02 3.4719044e-06
350 -0.25 1.981057666998e-02 5.3104132e-06
354 -0.25 2.236475989197e-02 1.4229394e-05
358 -0.25 2.135219072146e-02 2.8146106e-06
362 -0.25 2.079082723231e-02 1.3976909e-06
366 -0.25 2.014097315739e-02 1.9895546e-06
370 -0.25 2.239684425766e-02 4.5566183e-06
374 -0.25 2.044822117487e-02 5.7448995e-06
378 -0.25 2.298659260122e-02 6.0962447e-06
382 -0.25 2.179861720533e-02 2.7075641e-06
386 -0.25 2.137708277795e-02 6.5976805e-06
390 -0.25 2.228226598210e-02 2.2709280e-06
394 -0.25 2.250026604468e-02 4.6240585e-06
398 -0.25 1.882413620957e-02 2.7608616e-06
402 -0.25 1.982706948275e-02 2.3775350e-06
406 -0.25 2.198693066501e-02 4.8608667e-06
410 -0.25 1.872997881764e-02 6.8536791e-06
414 -0.25 1.963010345471e-02 1.5795344e-06
418 -0.25 1.995140718666e-02 3.5282703e-06
422 -0.25 2.110657738902e-02 9.4331541e-06
426 -0.25 2.036676820174e-02 1.8101034e-06
430 -0.25 1.931573857266e-02 1.0944713e-06
434 -0.25 1.867361563039e-02 4.1380686e-06
438 -0.25 1.871807568052e-02 5.4568588e-06
442 -0.25 1.802392379386e-02 1.6049976e-06
446 -0.25 1.920407166403e-02 4.2559912e-06
450 -0.25 2.082041710562e-02 4.2241895e-06
454 -0.25 2.128492977775e-02 6.3809453e-06
458 -0.25 2.008372791605e-02 3.1831910e-06
462 -0.25 1.835941125589e-02 1.3743395e-06
466 -0.25 1.835524132324e-02 2.0978114e-06
470 -0.25 1.982976636685e-02 1.9014313e-06
474 -0.25 2.336093275685e-02 4.2873553e-06
478 -0.25 1.810092003750e-02 3.3337172e-06
482 -0.25 2.071864672845e-02 6.8508458e-06
486 -0.25 2.180841147792e-02 1.6151873e-06
490 -0.25 1.827752188264e-02 2.9899551e-06
494 -0.25 2.119717596556e-02 4.9073866e-06
498 -0.25 1.907616362403e-02 8.7233426e-07
302 0.00 2.023696521084e-02 2.8537053e-06
306 0.00 2.139341669152e-02 2.6936568e-06
310 0.00 2.267168033031e-02 1.5487735e-06
314 0.00 2.185170383861e-02 3.2746436e-06
318 0.00 1.769669106053e-02 3.4724593e-06
322 0.00 1.984700714407e-02 2.4119813e-06
326 0.00 2.356950191657e-02 6.1063767e-06
330 0.00 2.164431125565e-02 1.6428915e-06
334 0.00 2.075603768875e-02 3.5346671e-06
338 0.00 2.154344419055e-02 3.2316246e-06
342 0.00 2.140469473100e-02 2.9569243e-06
346 0.00 1.911834436497e-02 4.0321704e-06
350 0.00 1.922233554781e-02 2.0171082e-06
354 0.00 2.187816251849e-02 5.7955535e-06
358 0.00 2.150357661810e-02 3.2914717e-06
362 0.00 2.065001129303e-02 2.7747434e-06
366 0.00 2.044462975838e-02 4.9971565e-06
370 0.00 2.095783585398e-02 3.5726731e-06
374 0.00 1.946316996033e-02 2.1370965e-06
378 0.00 2.321388615372e-02 2.3423331e-06
382 0.00 2.188716223777e-02 2.5572505e-06
386 0.00 2.176852117002e-02 3.5801929e-06
390 0.00 2.205443071967e-02 1.3532351e-06
394 0.00 2.088213259422e-02 3.3662193e-06
398 0.00 1.751104233783e-02 3.5311120e-06
402 0.00 1.896964636394e-02 2.1385617e-06
406 0.00 2.079104771248e-02 2.3089316e-06
410 0.00 1.776680425040e-02 6.8340045e-07
414 0.00 2.102807868237e-02 1.9822675e-06
418 0.00 1.969378245709e-02 2.6757533e-06
422 0.00 1.977448091930e-02 2.4247617e-06
426 0.00 1.974388141301e-02 1.4194322e-06
430 0.00 1.967459981036e-02 2.6949392e-06
434 0.00 1.911997430795e-02 1.7716804e-06
438 0.00 1.881223610790e-02 2.8624481e-06
442 0.00 1.895221176057e-02 3.4636531e-06
446 0.00 1.884318596106e-02 2.0682441e-06
450 0.00 1.989901285966e-02 1.6514823e-06
454 0.00 2.089677332324e-02 5.1604101e-06
458 0.00 2.057749788164e-02 2.7427367e-06
462 0.00 1.860502385640e-02 3.9235688e-06
466 0.00 1.921918779425e-02 3.5272492e-06
470 0.00 2.197198470922e-02 5.4209799e-06
474 0.00 2.188514233840e-02 3.4952638e-06
478 0.00 1.901944245233e-02 6.5159305e-06
482 0.00 1.917814837425e-02 9.3795989e-07
486 0.00 2.398203820817e-02 7.7826666e-06
490 0.00 1.886323056605e-02 6.5125872e-06
494 0.00 1.897798644566e-02 4.5658938e-06
498 0.00 1.943077967467e-02 4.2315199e-06
302 0.25 1.851162546926e-02 1.0081320e-06
306 0.25 1.974920003791e-02 7.8236647e-06
310 0.25 2.155321381847e-02 1.6852175e-06
314 0.25 1.982272471490e-02 3.5863218e-06
318 0.25 1.819884277344e-02 1.5715010e-06
322 0.25 1.941207155853e-02 3.1903533e-06
326 0.25 2.194199247532e-02 1.4161534e-06
330 0.25 2.155931709964e-02 2.2930546e-06
334 0.25 2.070974470814e-02 2.7551213e-06
338 0.25 2.080388204546e-02 4.6238130e-06
342 0.25 2.158858734146e-02 1.4146755e-06
346 0.25 1.904592294801e-02 2.0601366e-06
350 0.25 2.004363779976e-02 8.7657458e-06
354 0.25 2.230775285022e-02 3.7706549e-06
358 0.25 2.151303409378e-02 8.1211147e-06
362 0.25 2.055543703022e-02 7.2413032e-06
366 0.25 2.164737881691e-02 4.6922385e-06
370 0.25 2.069770293615e-02 4.4985783e-06
374 0.25 2.020411049174e-02 2.9557511e-06
378 0.25 2.281587741444e-02 4.5010923e-06
382 0.25 2.204236777036e-02 1.1634183e-06
386 0.25 2.010510285687e-02 1.8614336e-06
390 0.25 2.025265834742e-02 2.4684617e-06
394 0.25 2.136055445574e-02 3.2519701e-06
398 0.25 1.676088058879e-02 2.5285691e-06
402 0.25 1.923023000611e-02 8.2525151e-06
406 0.25 2.042756363765e-02 7.5126788e-06
410 0.25 1.753858324770e-02 3.1670261e-06
414 0.25 2.044073744648e-02 1.9829548e-06
418 0.25 1.812423268437e-02 9.1898064e-07
422 0.25 2.013354763642e-02 8.2925160e-06
426 0.25 2.165261697158e-02 5.6919603e-06
430 0.25 1.940154780012e-02 3.6999501e-06
434 0.25 1.904777607359e-02 2.2129092e-06
438 0.25 1.735011544500e-02 2.9193729e-06
442 0.25 1.859788990527e-02 3.2015388e-06
446 0.25 1.984954767049e-02 1.7662018e-06
450 0.25 2.175566383805e-02 6.4213411e-06
454 0.25 2.047893605144e-02 2.0082546e-06
458 0.25 2.067181731525e-02 3.1847729e-06
462 0.25 1.736107464338e-02 2.0986536e-06
466 0.25 1.930816593725e-02 2.8796595e-06
470 0.25 2.187160789690e-02 4.9406858e-06
474 0.25 2.299097344972e-02 1.3101080e-06
478 0.25 1.801690881080e-02 3.0465980e-06
482 0.25 1.918692892940e-02 2.3717566e-06
486 0.25 2.191891755671e-02 6.1170738e-06
490 0.25 1.969540874581e-02 1.2779403e-05
494 0.25 2.029537278827e-02 3.2456900e-06
498 0.25 1.974016547801e-02 5.3703546e-06
302 0.50 1.949286048302e-02 4.1582264e-06
306 0.50 2.054966907180e-02 3.0159232e-06
310 0.50 2.212497919132e-02 2.2464405e-06
314 0.50 1.909489292502e-02 6.0054896e-06
318 0.50 1.793754334160e-02 2.7130167e-06
322 0.50 1.904472209702e-02 1.9949737e-06
326 0.50 2.199633127516e-02 1.6767411e-06
330 0.50 2.106977664295e-02 3.2370913e-06
334 0.50 2.040104775579e-02 2.1707009e-06
338 0.50 2.011291583976e-02 1.6819999e-06
342 0.50 2.155938158573e-02 2.6173044e-06
346 0.50 2.081545848817e-02 2.3659925e-06
350 0.50 1.959168556899e-02 1.0665676e-06
354 0.50 2.171689819148e-02 5.3237401e-06
358 0.50 2.133374100329e-02 4.2075351e-06
362 0.50 2.075471712974e-02 3.7588677e-06
366 0.50 2.051022975671e-02 5.2362773e-06
370 0.50 2.102935242871e-02 5.9408395e-06
374 0.50 1.912367645524e-02 2.2333554e-06
378 0.50 2.242743025814e-02 3.5749804e-06
382 0.50 2.194383669957e-02 5.0366245e-06
386 0.50 2.385701919779e-02 8.3581569e-06
390 0.50 2.172084527069e-02 4.1184066e-06
394 0.50 2.061188457046e-02 1.8693114e-06
398 0.50 1.809218887371e-02 3.0835376e-06
402 0.50 1.891916545268e-02 2.1445920e-06
406 0.50 1.958894622507e-02 1.7459260e-06
410 0.50 1.733746878363e-02 1.9646841e-06
414 0.50 1.895228143312e-02 2.9213024e-06
418 0.50 1.992914358098e-02 8.0044192e-06
422 0.50 2.021999033698e-02 2.6308217e-06
426 0.50 1.853248183984e-02 3.6940850e-06
430 0.50 1.921377069722e-02 2.9467961e-06
434 0.50 1.835341915322e-02 3.5336768e-06
438 0.50 1.850007647431e-02 1.4690444e-06
442 0.50 1.973068394070e-02 3.0966267e-06
446 0.50 1.856585006891e-02 2.1617232e-06
450 0.50 2.065405809520e-02 1.9120910e-06
454 0.50 2.108403993791e-02 3.2109132e-06
458 0.50 2.043871127083e-02 6.1827408e-06
462 0.50 1.848047862259e-02 7.9818293e-06
466 0.50 1.759626951314e-02 3.4188782e-06
470 0.50 2.338661897286e-02 7.8048940e-06
474 0.50 2.240598670009e-02 6.1263691e-06
478 0.50 1.936294763464e-02 3.6254558e-06
482 0.50 1.819930462071e-02 2.8215120e-06
486 0.50 2.360966030769e-02 5.5707235e-06
490 0.50 1.923532779181e-02 2.2163237e-06
494 0.50 2.024604524725e-02 1.5432054e-06
498 0.50 1.800517759399e-02 4.5090697e-06
302 0.75 1.930696304794e-02 7.2454316e-06
306 0.75 1.734944574643e-02 3.1816517e-06
310 0.75 2.153386180112e-02 2.9104275e-06
314 0.75 1.976737543815e-02 4.3910787e-06
318 0.75 1.871323911485e-02 1.4919319e-06
322 0.75 1.971747065237e-02 4.3347886e-06
326 0.75 2.076298711766e-02 1.0075091e-06
330 0.75 2.183783369555e-02 6.7522658e-06
334 0.75 2.033183767802e-02 1.0540482e-05
338 0.75 1.956905691770e-02 3.6556160e-06
342 0.75 2.145496267150e-02 1.1083626e-06
346 0.75 2.044459524752e-02 1.9009579e-06
350 0.75 1.876047591134e-02 7.1839294e-06
354 0.75 2.087743112573e-02 4.4103313e-06
358 0.75 1.991115618902e-02 2.5143909e-06
362 0.75 2.048618661221e-02 8.9542410e-06
366 0.75 2.110703096769e-02 4.1637980e-06
370 0.75 2.127126472523e-02 2.9708431e-06
374 0.75 1.996971465578e-02 1.4585575e-06
378 0.75 2.219139693448e-02 6.1865314e-06
382 0.75 1.975503899336e-02 3.5719755e-06
386 0.75 1.981924496809e-02 3.7607246e-06
390 0.75 2.022381155568e-02 3.5918927e-06
394 0.75 2.051540313786e-02 8.0841634e-06
398 0.75 1.689392101699e-02 3.5469656e-06
402 0.75 1.972454434011e-02 8.0012181e-06
406 0.75 2.145213601561e-02 3.7570700e-06
410 0.75 1.809494402277e-02 1.6480811e-06
414 0.75 2.185080814861e-02 7.3729702e-06
418 0.75 2.119099184124e-02 2.0272607e-06
422 0.75 1.864308880134e-02 6.1599368e-06
426 0.75 2.042249884885e-02 1.2019217e-06
430 0.75 1.803674615172e-02 3.5238371e-06
434 0.75 1.785948285999e-02 7.6243564e-07
438 0.75 1.872040397901e-02 4.6779381e-06
442 0.75 1.912799518541e-02 6.5157566e-06
446 0.75 1.853694511236e-02 3.8064296e-06
450 0.75 1.961682457660e-02 7.2113378e-06
454 0.75 2.013361496612e-02 1.6623209e-06
458 0.75 2.066281111217e-02 8.1871139e-06
462 0.75 1.816253559256e-02 7.0778564e-06
466 0.75 1.773131924390e-02 5.8254915e-06
470 0.75 2.134876296088e-02 3.5323987e-06
474 0.75 2.265628890478e-02 4.6690340e-06
478 0.75 1.816935249696e-02 2.6444786e-06
482 0.75 1.949218387052e-02 1.5835207e-06
486 0.75 2.276981560737e-02 3.6319499e-06
490 0.75 1.890469274924e-02 4.1139360e-06
494 0.75 2.028311480449e-02 3.7487758e-06
498 0.75 1.883096019946e-02 3.1526376e-06
302 1.00 2.051794129068e-02 4.2235721e-06
306 1.00 1.957416351260e-02 1.1748294e-06
310 1.00 2.236596963358e-02 8.4949407e-06
314 1.00 1.799396317237e-02 5.0814514e-06
318 1.00 1.702104721707e-02 1.1787719e-06
322 1.00 1.931341221488e-02 2.1840591e-06
326 1.00 2.234171161094e-02 3.3953614e-06
330 1.00 2.055803013342e-02 1.6937734e-06
334 1.00 2.149841361209e-02 6.5604372e-06
338 1.00 1.851591089770e-02 3.5638077e-06
342 1.00 2.197876841992e-02 2.7574724e-06
346 1.00 2.086757098947e-02 7.6539645e-06
350 1.00 1.871650999651e-02 3.7432405e-06
354 1.00 2.098559704806e-02 8.7663092e-06
358 1.00 1.942299168721e-02 2.3320867e-06
362 1.00 2.103641482295e-02 3.4624981e-06
366 1.00 2.084330936429e-02 5.2948464e-06
370 1.00 2.116287415236e-02 3.4872219e-06
374 1.00 1.992152558647e-02 1.8588829e-06
378 1.00 2.293277995185e-02 5.5961324e-06
382 1.00 2.166163904130e-02 1.0455231e-05
386 1.00 2.088865450498e-02 5.9704960e-06
390 1.00 2.187454134636e-02 5.3363645e-06
394 1.00 2.089406525696e-02 5.7540284e-06
398 1.00 1.924845645171e-02 1.9174896e-06
402 1.00 1.798256666931e-02 1.2440176e-06
406 1.00 1.922805782851e-02 2.2265090e-06
410 1.00 1.782777877214e-02 5.2005771e-06
414 1.00 2.147606113930e-02 5.2906763e-06
418 1.00 1.898912263442e-02 3.3415976e-06
422 1.00 1.942755018447e-02 3.8376391e-06
426 1.00 1.827669532980e-02 2.8571078e-06
430 1.00 1.825794729079e-02 3.9660624e-06
434 1.00 1.970402070936e-02 1.7814906e-05
438 1.00 1.677272576846e-02 2.0459582e-06
442 1.00 1.989143434440e-02 6.5079056e-06
446 1.00 1.914300240916e-02 5.7753666e-06
450 1.00 2.072070731360e-02 9.6033603e-06
454 1.00 2.035693212035e-02 1.4587713e-06
458 1.00 1.981077538742e-02 1.3237863e-05
462 1.00 1.866755455670e-02 4.9720766e-06
466 1.00 1.841291666590e-02 2.9964957e-06
470 1.00 2.229306267610e-02 1.9829602e-06
474 1.00 2.088412156269e-02 4.5546152e-06
478 1.00 1.768864079006e-02 2.8624180e-06
482 1.00 1.880398978245e-02 2.5092108e-06
486 1.00 2.154019945928e-02 4.4807336e-06
490 1.00 1.711961570602e-02 3.2515780e-06
494 1.00 2.107827535365e-02 3.5121233e-06
498 1.00 1.885559037272e-02 2.8371048e-06
