10 -1.00 2.20012e-02 2.07257e-05
30 -1.00 2.18577e-02 9.17689e-06
50 -1.00 2.19404e-02 1.56026e-05
70 -1.00 2.17458e-02 7.36411e-06
90 -1.00 2.28530e-02 9.20921e-06
110 -1.00 2.23057e-02 1.46643e-05
130 -1.00 2.18511e-02 8.84840e-06
150 -1.00 2.23613e-02 1.07703e-05
170 -1.00 2.32520e-02 1.60563e-05
190 -1.00 2.03135e-02 1.16680e-05
210 -1.00 2.39896e-02 1.47236e-05
230 -1.00 2.00904e-02 6.07574e-06
250 -1.00 2.15682e-02 9.13628e-06
270 -1.00 2.23862e-02 1.29339e-05
290 -1.00 2.23525e-02 1.32726e-05
10 -0.75 1.96347e-02 4.58797e-06
30 -0.75 2.16100e-02 1.03251e-05
50 -0.75 2.16521e-02 7.50702e-06
70 -0.75 2.27517e-02 8.36137e-06
90 -0.75 2.21478e-02 1.30782e-05
110 -0.75 2.17657e-02 1.54065e-05
130 -0.75 2.20612e-02 1.05193e-05
150 -0.75 2.22044e-02 1.93840e-05
170 -0.75 2.21006e-02 1.11050e-05
190 -0.75 2.01601e-02 8.71501e-06
210 -0.75 2.20479e-02 5.83091e-06
230 -0.75 2.10872e-02 1.12564e-05
250 -0.75 2.08740e-02 8.55490e-06
270 -0.75 2.26074e-02 1.18581e-05
290 -0.75 2.19530e-02 1.06300e-05
10 -0.50 2.04594e-02 1.10995e-05
30 -0.50 2.15185e-02 1.55951e-05
50 -0.50 2.14013e-02 1.01966e-05
70 -0.50 2.19414e-02 8.15330e-06
90 -0.50 2.22300e-02 1.17035e-05
110 -0.50 2.09446e-02 9.69251e-06
130 -0.50 2.18395e-02 8.60582e-06
150 -0.50 2.22791e-02 1.16974e-05
170 -0.50 2.30067e-02 1.38836e-05
190 -0.50 1.99847e-02 8.62493e-06
210 -0.50 2.29369e-02 1.24218e-05
230 -0.50 2.07464e-02 7.58774e-06
250 -0.50 2.02229e-02 7.84995e-06
270 -0.50 2.22528e-02 1.18305e-05
290 -0.50 2.07617e-02 8.80801e-06
10 -0.25 2.06025e-02 8.41449e-06
30 -0.25 2.04021e-02 1.02237e-05
50 -0.25 2.20286e-02 1.37013e-05
70 -0.25 2.19164e-02 1.55929e-05
90 -0.25 2.21608e-02 1.53346e-05
110 -0.25 2.22139e-02 1.85966e-05
130 -0.25 2.16939e-02 8.08368e-06
150 -0.25 2.10773e-02 9.78489e-06
170 -0.25 2.31733e-02 1.11058e-05
190 -0.25 2.06799e-02 9.42906e-06
210 -0.25 2.23741e-02 1.14646e-05
230 -0.25 2.03369e-02 1.51855e-05
250 -0.25 2.03470e-02 7.93960e-06
270 -0.25 2.21128e-02 9.69418e-06
290 -0.25 2.19273e-02 1.61643e-05
10 0.00 2.05869e-02 4.72472e-06
30 0.00 1.94575e-02 8.30884e-06
50 0.00 2.09873e-02 1.03937e-05
70 0.00 2.21458e-02 1.13384e-05
90 0.00 2.11650e-02 1.04200e-05
110 0.00 2.09239e-02 1.15888e-05
130 0.00 2.20473e-02 1.16766e-05
150 0.00 2.12157e-02 1.44963e-05
170 0.00 2.25327e-02 1.56968e-05
190 0.00 2.06268e-02 1.09155e-05
210 0.00 2.12632e-02 9.40700e-06
230 0.00 2.08519e-02 1.01148e-05
250 0.00 2.06471e-02 1.24603e-05
270 0.00 2.17110e-02 1.26923e-05
290 0.00 2.10851e-02 1.11620e-05
10 0.25 2.08375e-02 1.98188e-05
30 0.25 2.07379e-02 1.30911e-05
50 0.25 2.15014e-02 1.57802e-05
70 0.25 2.24047e-02 1.66242e-05
90 0.25 2.18969e-02 1.39236e-05
110 0.25 2.01965e-02 9.84280e-06
130 0.25 2.15927e-02 1.23038e-05
150 0.25 2.09102e-02 1.02005e-05
170 0.25 2.30043e-02 3.83453e-05
190 0.25 1.97961e-02 1.24096e-05
210 0.25 2.21727e-02 1.24622e-05
230 0.25 2.08946e-02 1.60469e-05
250 0.25 1.98636e-02 8.32480e-06
270 0.25 2.15967e-02 1.19034e-05
290 0.25 2.17270e-02 1.76693e-05
10 0.50 1.97289e-02 9.95271e-06
30 0.50 1.95328e-02 1.01460e-05
50 0.50 2.17599e-02 1.31840e-05
70 0.50 2.28236e-02 1.90292e-05
90 0.50 2.15913e-02 1.27893e-05
110 0.50 2.10630e-02 1.20246e-05
130 0.50 2.09672e-02 9.93493e-06
150 0.50 2.05542e-02 7.52825e-06
170 0.50 2.23178e-02 1.89164e-05
190 0.50 2.01913e-02 1.00098e-05
210 0.50 2.22256e-02 1.46504e-05
230 0.50 1.95841e-02 6.83804e-06
250 0.50 1.97711e-02 1.04264e-05
270 0.50 2.18827e-02 2.31074e-05
290 0.50 2.05948e-02 1.34469e-05
10 0.75 1.99192e-02 9.59643e-06
30 0.75 2.08120e-02 1.85611e-05
50 0.75 2.11048e-02 1.29550e-05
70 0.75 2.14108e-02 1.54542e-05
90 0.75 2.22693e-02 2.11050e-05
110 0.75 2.04665e-02 1.01726e-05
130 0.75 2.06416e-02 9.53797e-06
150 0.75 2.10779e-02 1.69404e-05
170 0.75 2.17103e-02 1.63050e-05
190 0.75 1.98557e-02 8.02886e-06
210 0.75 2.19851e-02 1.83602e-05
230 0.75 2.01556e-02 7.11147e-06
250 0.75 2.05648e-02 1.65688e-05
270 0.75 2.29396e-02 1.91370e-05
290 0.75 2.04688e-02 1.30495e-05
10 1.00 1.98973e-02 9.88212e-06
30 1.00 2.08361e-02 1.32507e-05
50 1.00 2.15856e-02 1.31266e-05
70 1.00 2.14914e-02 1.14068e-05
90 1.00 2.23362e-02 1.77444e-05
110 1.00 1.99592e-02 1.48165e-05
130 1.00 2.09378e-02 1.58509e-05
150 1.00 2.05277e-02 2.23506e-05
170 1.00 2.12896e-02 1.35857e-05
190 1.00 1.99843e-02 1.06567e-05
210 1.00 2.06094e-02 1.20649e-05
230 1.00 2.03093e-02 1.57469e-05
250 1.00 1.99759e-02 1.09123e-05
270 1.00 2.07335e-02 2.08471e-05
290 1.00 2.03124e-02 1.04739e-05
11 -1.00 2.30713e-02 9.43366e-06
31 -1.00 2.20270e-02 9.70710e-06
51 -1.00 2.18372e-02 7.21351e-06
71 -1.00 2.06626e-02 6.93110e-06
91 -1.00 2.14638e-02 6.35212e-06
111 -1.00 2.15469e-02 6.67880e-06
131 -1.00 2.22971e-02 1.48633e-05
151 -1.00 2.07047e-02 1.05542e-05
171 -1.00 2.17384e-02 1.02639e-05
191 -1.00 2.17183e-02 6.70994e-06
211 -1.00 2.20140e-02 1.50323e-05
231 -1.00 2.16805e-02 5.59684e-06
251 -1.00 2.33616e-02 1.01384e-05
271 -1.00 2.15796e-02 1.08881e-05
291 -1.00 2.21013e-02 7.32081e-06
11 -0.75 2.05667e-02 1.48768e-05
31 -0.75 2.25421e-02 1.16425e-05
51 -0.75 2.20475e-02 9.82267e-06
71 -0.75 2.10704e-02 8.48488e-06
91 -0.75 2.15804e-02 9.53789e-06
111 -0.75 2.15457e-02 1.22620e-05
131 -0.75 2.09988e-02 7.02913e-06
151 -0.75 2.10948e-02 1.08743e-05
171 -0.75 2.17949e-02 1.64163e-05
191 -0.75 2.13201e-02 7.20021e-06
211 -0.75 2.14831e-02 9.52575e-06
231 -0.75 2.18157e-02 1.11185e-05
251 -0.75 2.38412e-02 1.05619e-05
271 -0.75 2.22207e-02 1.99803e-05
291 -0.75 2.14111e-02 5.20973e-06
11 -0.50 1.90609e-02 8.66843e-06
31 -0.50 2.34372e-02 1.63824e-05
51 -0.50 2.26481e-02 1.20517e-05
71 -0.50 2.06245e-02 8.58312e-06
91 -0.50 2.19190e-02 2.77119e-05
111 -0.50 2.09254e-02 9.36016e-06
131 -0.50 2.11168e-02 1.00129e-05
151 -0.50 2.11862e-02 1.69560e-05
171 -0.50 2.15091e-02 1.03575e-05
191 -0.50 2.16058e-02 7.89410e-06
211 -0.50 2.16731e-02 1.36494e-05
231 -0.50 2.23802e-02 2.22085e-05
251 -0.50 2.28605e-02 7.84895e-06
271 -0.50 2.18943e-02 9.62696e-06
291 -0.50 2.17432e-02 1.20532e-05
11 -0.25 1.94600e-02 7.53417e-06
31 -0.25 2.22327e-02 9.20057e-06
51 -0.25 2.13406e-02 7.46042e-06
71 -0.25 2.08669e-02 6.74864e-06
91 -0.25 2.26965e-02 1.71560e-05
111 -0.25 2.01435e-02 5.31479e-06
131 -0.25 2.10225e-02 8.02941e-06
151 -0.25 2.09764e-02 2.08224e-05
171 -0.25 2.06615e-02 1.20676e-05
191 -0.25 2.13946e-02 1.01279e-05
211 -0.25 2.15991e-02 1.14789e-05
231 -0.25 2.14319e-02 9.95787e-06
251 -0.25 2.28919e-02 9.61785e-06
271 -0.25 2.21130e-02 1.40420e-05
291 -0.25 2.10489e-02 9.31660e-06
11 0.00 2.02251e-02 1.16234e-05
31 0.00 2.22356e-02 9.84518e-06
51 0.00 2.16379e-02 9.62175e-06
71 0.00 2.19908e-02 2.05763e-05
91 0.00 2.25186e-02 9.90041e-06
111 0.00 2.12093e-02 1.12453e-05
131 0.00 2.09094e-02 1.32700e-05
151 0.00 1.94774e-02 9.58532e-06
171 0.00 2.11855e-02 1.20492e-05
191 0.00 2.13311e-02 1.31757e-05
211 0.00 2.13883e-02 9.18085e-06
231 0.00 2.17866e-02 1.08704e-05
251 0.00 2.29754e-02 1.91996e-05
271 0.00 2.10153e-02 1.44027e-05
291 0.00 2.18240e-02 1.13546e-05
11 0.25 2.03544e-02 1.13968e-05
31 0.25 2.22689e-02 1.10267e-05
51 0.25 2.10117e-02 1.57864e-05
71 0.25 2.16172e-02 1.77619e-05
91 0.25 2.25079e-02 1.56514e-05
111 0.25 2.05067e-02 1.17039e-05
131 0.25 2.08845e-02 7.76893e-06
151 0.25 1.97000e-02 8.26611e-06
171 0.25 2.07510e-02 1.06791e-05
191 0.25 2.19187e-02 1.56251e-05
211 0.25 2.08144e-02 8.03259e-06
231 0.25 2.16530e-02 1.04454e-05
251 0.25 2.20932e-02 1.04956e-05
271 0.25 2.05059e-02 7.72507e-06
291 0.25 2.09688e-02 5.67540e-06
11 0.50 2.01011e-02 1.59767e-05
31 0.50 2.24695e-02 1.42754e-05
51 0.50 2.19075e-02 9.30015e-06
71 0.50 1.99048e-02 6.27712e-06
91 0.50 2.27302e-02 2.74550e-05
111 0.50 2.10202e-02 1.75974e-05
131 0.50 2.15234e-02 9.71151e-06
151 0.50 2.03494e-02 1.08221e-05
171 0.50 2.15391e-02 1.81335e-05
191 0.50 2.12442e-02 1.47481e-05
211 0.50 2.01278e-02 8.40318e-06
231 0.50 2.07633e-02 1.09124e-05
251 0.50 2.23340e-02 1.33201e-05
271 0.50 2.05349e-02 1.46879e-05
291 0.50 2.15374e-02 1.36255e-05
11 0.75 2.07328e-02 1.08546e-05
31 0.75 2.21190e-02 2.13987e-05
51 0.75 2.14245e-02 1.40173e-05
71 0.75 1.97153e-02 1.11834e-05
91 0.75 2.15924e-02 1.73488e-05
111 0.75 2.03975e-02 8.77785e-06
131 0.75 2.12196e-02 1.56922e-05
151 0.75 1.99049e-02 1.67610e-05
171 0.75 2.03958e-02 1.47073e-05
191 0.75 2.07296e-02 1.79664e-05
211 0.75 2.07375e-02 1.43528e-05
231 0.75 2.10795e-02 9.18177e-06
251 0.75 2.24292e-02 1.43573e-05
271 0.75 2.03364e-02 8.78757e-06
291 0.75 2.16568e-02 2.16180e-05
11 1.00 1.93140e-02 1.40176e-05
31 1.00 2.19749e-02 1.10010e-05
51 1.00 2.15099e-02 1.11398e-05
71 1.00 2.01238e-02 1.68307e-05
91 1.00 2.08828e-02 1.30018e-05
111 1.00 2.04056e-02 1.29383e-05
131 1.00 2.12988e-02 1.99220e-05
151 1.00 2.02173e-02 1.64250e-05
171 1.00 2.20701e-02 3.36408e-05
191 1.00 2.13428e-02 1.60756e-05
211 1.00 2.10378e-02 1.74789e-05
231 1.00 2.17813e-02 2.76612e-05
251 1.00 2.28435e-02 2.84310e-05
271 1.00 2.17564e-02 1.33111e-05
291 1.00 2.22390e-02 2.04208e-05
12 -1.00 2.17955e-02 8.07239e-06
32 -1.00 2.10010e-02 5.52507e-06
52 -1.00 1.98239e-02 4.48015e-06
72 -1.00 2.06662e-02 6.08405e-06
92 -1.00 1.87521e-02 5.89793e-06
112 -1.00 2.14538e-02 1.08313e-05
132 -1.00 2.27226e-02 1.72627e-05
152 -1.00 2.15528e-02 6.40618e-06
172 -1.00 2.17999e-02 1.13599e-05
192 -1.00 2.25070e-02 1.40048e-05
212 -1.00 2.11045e-02 5.36983e-06
232 -1.00 2.07717e-02 1.03555e-05
252 -1.00 2.30327e-02 1.37351e-05
272 -1.00 1.98213e-02 7.38494e-06
292 -1.00 2.16282e-02 6.43744e-06
12 -0.75 2.20813e-02 1.04472e-05
32 -0.75 2.11006e-02 4.47193e-06
52 -0.75 2.04334e-02 7.82707e-06
72 -0.75 2.09687e-02 7.29918e-06
92 -0.75 1.91115e-02 8.34484e-06
112 -0.75 2.16491e-02 8.93083e-06
132 -0.75 2.36386e-02 1.27171e-05
152 -0.75 2.20414e-02 1.17569e-05
172 -0.75 2.20850e-02 1.06915e-05
192 -0.75 2.22752e-02 7.95480e-06
212 -0.75 2.16940e-02 1.22090e-05
232 -0.75 2.00736e-02 9.09923e-06
252 -0.75 2.25500e-02 1.01580e-05
272 -0.75 2.02658e-02 7.90710e-06
292 -0.75 2.19388e-02 9.69864e-06
12 -0.50 2.12589e-02 6.12320e-06
32 -0.50 2.14534e-02 7.39247e-06
52 -0.50 1.96307e-02 9.17617e-06
72 -0.50 2.11029e-02 6.71603e-06
92 -0.50 1.98721e-02 8.94919e-06
112 -0.50 2.12749e-02 8.61450e-06
132 -0.50 2.30147e-02 1.18820e-05
152 -0.50 2.16605e-02 1.06830e-05
172 -0.50 2.04524e-02 5.60137e-06
192 -0.50 2.27084e-02 1.24003e-05
212 -0.50 2.18149e-02 2.60830e-05
232 -0.50 2.00179e-02 1.42876e-05
252 -0.50 2.24081e-02 7.15198e-06
272 -0.50 1.99205e-02 1.89324e-05
292 -0.50 2.29082e-02 1.64218e-05
12 -0.25 2.21177e-02 1.67643e-05
32 -0.25 2.15317e-02 1.12102e-05
52 -0.25 2.06279e-02 1.08310e-05
72 -0.25 2.17456e-02 1.59391e-05
92 -0.25 2.02482e-02 1.53022e-05
112 -0.25 2.10202e-02 7.41320e-06
132 -0.25 2.27604e-02 1.04322e-05
152 -0.25 2.21487e-02 1.34050e-05
172 -0.25 2.08674e-02 1.18233e-05
192 -0.25 2.24352e-02 1.23573e-05
212 -0.25 2.13494e-02 1.42526e-05
232 -0.25 1.98690e-02 1.02877e-05
252 -0.25 2.17890e-02 7.34318e-06
272 -0.25 1.99855e-02 7.27265e-06
292 -0.25 2.15413e-02 1.16893e-05
12 0.00 2.11073e-02 1.24253e-05
32 0.00 2.08895e-02 1.04855e-05
52 0.00 2.00618e-02 1.25346e-05
72 0.00 2.10955e-02 9.58758e-06
92 0.00 1.90360e-02 8.62660e-06
112 0.00 2.23471e-02 1.21095e-05
132 0.00 2.21538e-02 1.39819e-05
152 0.00 2.20735e-02 1.21182e-05
172 0.00 2.18906e-02 1.42878e-05
192 0.00 2.21935e-02 1.28417e-05
212 0.00 2.14817e-02 8.70049e-06
232 0.00 2.04327e-02 1.20293e-05
252 0.00 2.14782e-02 1.27555e-05
272 0.00 2.02556e-02 1.21619e-05
292 0.00 2.28929e-02 1.30015e-05
12 0.25 2.25032e-02 1.57913e-05
32 0.25 2.11551e-02 1.23634e-05
52 0.25 1.97226e-02 1.52915e-05
72 0.25 2.11829e-02 1.60696e-05
92 0.25 1.86750e-02 1.60833e-05
112 0.25 2.22112e-02 1.66391e-05
132 0.25 2.15570e-02 9.51896e-06
152 0.25 2.16274e-02 1.70971e-05
172 0.25 2.09649e-02 1.77139e-05
192 0.25 2.32036e-02 1.87627e-05
212 0.25 2.22759e-02 1.74689e-05
232 0.25 1.97005e-02 1.15970e-05
252 0.25 2.29960e-02 1.31819e-05
272 0.25 1.97579e-02 9.28360e-06
292 0.25 2.11665e-02 1.45210e-05
12 0.50 2.16301e-02 9.21615e-06
32 0.50 2.06440e-02 8.70149e-06
52 0.50 1.98964e-02 1.68222e-05
72 0.50 2.08806e-02 1.03738e-05
92 0.50 1.87228e-02 9.93603e-06
112 0.50 2.14834e-02 2.23508e-05
132 0.50 2.17745e-02 1.51070e-05
152 0.50 2.20932e-02 9.50319e-06
172 0.50 2.11409e-02 9.61438e-06
192 0.50 2.26419e-02 1.32614e-05
212 0.50 2.14749e-02 1.35290e-05
232 0.50 1.92368e-02 8.98132e-06
252 0.50 2.18708e-02 1.54544e-05
272 0.50 1.98666e-02 1.60521e-05
292 0.50 2.08735e-02 1.24772e-05
12 0.75 2.28940e-02 2.93456e-05
32 0.75 2.10884e-02 1.59734e-05
52 0.75 2.03720e-02 2.45644e-05
72 0.75 2.16320e-02 1.72077e-05
92 0.75 1.77626e-02 6.29284e-06
112 0.75 2.15751e-02 2.01354e-05
132 0.75 2.10887e-02 1.16619e-05
152 0.75 2.11586e-02 1.01642e-05
172 0.75 2.11000e-02 7.12103e-06
192 0.75 2.21206e-02 1.02269e-05
212 0.75 2.18830e-02 1.22209e-05
232 0.75 2.01036e-02 1.96748e-05
252 0.75 2.18848e-02 1.06233e-05
272 0.75 1.90450e-02 1.01378e-05
292 0.75 2.31255e-02 2.65940e-05
12 1.00 2.30060e-02 2.32127e-05
32 1.00 2.13478e-02 2.54381e-05
52 1.00 1.97633e-02 1.54233e-05
72 1.00 2.02856e-02 9.93534e-06
92 1.00 2.01999e-02 3.79530e-05
112 1.00 2.10713e-02 1.23518e-05
132 1.00 2.05569e-02 1.15266e-05
152 1.00 2.18825e-02 2.60375e-05
172 1.00 2.09593e-02 1.46939e-05
192 1.00 2.22726e-02 2.64973e-05
212 1.00 2.21639e-02 1.01213e-05
232 1.00 1.95098e-02 9.58769e-06
252 1.00 2.16329e-02 1.37729e-05
272 1.00 2.02491e-02 1.53247e-05
292 1.00 2.13883e-02 1.40448e-05
13 -1.00 2.03259e-02 8.28447e-06
33 -1.00 2.19255e-02 1.27363e-05
53 -1.00 2.19379e-02 1.07312e-05
73 -1.00 2.10971e-02 1.01954e-05
93 -1.00 2.07370e-02 1.56718e-05
113 -1.00 2.29616e-02 1.36722e-05
133 -1.00 2.19434e-02 6.29268e-06
153 -1.00 2.22846e-02 9.90863e-06
173 -1.00 2.25100e-02 8.71280e-06
193 -1.00 2.07195e-02 9.82165e-06
213 -1.00 2.18153e-02 1.03498e-05
233 -1.00 2.39520e-02 1.24325e-05
253 -1.00 2.25054e-02 1.49808e-05
273 -1.00 2.18916e-02 1.30597e-05
293 -1.00 2.07795e-02 1.12810e-05
13 -0.75 2.24128e-02 9.67165e-06
33 -0.75 2.13625e-02 5.74645e-06
53 -0.75 2.10147e-02 7.32879e-06
73 -0.75 2.21980e-02 1.57596e-05
93 -0.75 2.02136e-02 9.50521e-06
113 -0.75 2.20744e-02 7.81154e-06
133 -0.75 2.12296e-02 5.92643e-06
153 -0.75 2.20424e-02 1.63169e-05
173 -0.75 2.37856e-02 1.13673e-05
193 -0.75 1.93597e-02 8.35161e-06
213 -0.75 2.15796e-02 2.06012e-05
233 -0.75 2.29159e-02 1.62785e-05
253 -0.75 2.21057e-02 9.39437e-06
273 -0.75 2.08960e-02 9.84715e-06
293 -0.75 2.05698e-02 7.21028e-06
13 -0.50 2.25466e-02 1.70750e-05
33 -0.50 2.14576e-02 1.04905e-05
53 -0.50 2.17861e-02 7.80652e-06
73 -0.50 2.19365e-02 1.06935e-05
93 -0.50 1.98752e-02 1.16935e-05
113 -0.50 2.27458e-02 2.22941e-05
133 -0.50 2.15193e-02 1.08992e-05
153 -0.50 2.19669e-02 1.21149e-05
173 -0.50 2.31292e-02 1.01969e-05
193 -0.50 1.97922e-02 8.46137e-06
213 -0.50 2.08361e-02 1.50922e-05
233 -0.50 2.31636e-02 1.13800e-05
253 -0.50 2.31679e-02 2.01067e-05
273 -0.50 2.03407e-02 1.04577e-05
293 -0.50 2.06613e-02 1.88930e-05
13 -0.25 2.24775e-02 1.55803e-05
33 -0.25 2.16091e-02 1.17382e-05
53 -0.25 2.07722e-02 7.60294e-06
73 -0.25 2.12491e-02 1.23519e-05
93 -0.25 2.06148e-02 8.15957e-06
113 -0.25 2.22728e-02 1.32366e-05
133 -0.25 2.11293e-02 1.28281e-05
153 -0.25 2.23420e-02 1.24622e-05
173 -0.25 2.24965e-02 1.77978e-05
193 -0.25 1.90873e-02 7.49742e-06
213 -0.25 2.13389e-02 9.30845e-06
233 -0.25 2.24655e-02 1.13082e-05
253 -0.25 2.15908e-02 1.16480e-05
273 -0.25 2.12753e-02 9.86846e-06
293 -0.25 1.96157e-02 1.42298e-05
13 0.00 2.12621e-02 9.58808e-06
33 0.00 2.12744e-02 1.39978e-05
53 0.00 2.25215e-02 9.68426e-06
73 0.00 2.16587e-02 1.88339e-05
93 0.00 1.97218e-02 1.22960e-05
113 0.00 2.12038e-02 8.87176e-06
133 0.00 2.17966e-02 1.48944e-05
153 0.00 2.19679e-02 1.20130e-05
173 0.00 2.26874e-02 1.09888e-05
193 0.00 1.94282e-02 1.26012e-05
213 0.00 2.22200e-02 2.43753e-05
233 0.00 2.15166e-02 6.53039e-06
253 0.00 2.05557e-02 1.26962e-05
273 0.00 2.10011e-02 1.54065e-05
293 0.00 2.06847e-02 1.09753e-05
13 0.25 2.16582e-02 1.17795e-05
33 0.25 2.14219e-02 1.52046e-05
53 0.25 2.15405e-02 1.10272e-05
73 0.25 2.09360e-02 7.66788e-06
93 0.25 2.02016e-02 1.96321e-05
113 0.25 2.09127e-02 1.24845e-05
133 0.25 2.13264e-02 1.26095e-05
153 0.25 2.10931e-02 4.64128e-06
173 0.25 2.20981e-02 1.03921e-05
193 0.25 1.92995e-02 1.58069e-05
213 0.25 2.11875e-02 2.11054e-05
233 0.25 2.16073e-02 1.27659e-05
253 0.25 2.14870e-02 3.01031e-05
273 0.25 2.06373e-02 1.29295e-05
293 0.25 1.96752e-02 9.52066e-06
13 0.50 2.24214e-02 1.61221e-05
33 0.50 2.14504e-02 2.02827e-05
53 0.50 2.12274e-02 9.76272e-06
73 0.50 2.16042e-02 2.27700e-05
93 0.50 1.86345e-02 7.01101e-06
113 0.50 2.15440e-02 1.82913e-05
133 0.50 2.18952e-02 1.19344e-05
153 0.50 2.26077e-02 1.73373e-05
173 0.50 2.27653e-02 8.39626e-06
193 0.50 1.88230e-02 1.34284e-05
213 0.50 2.04847e-02 1.02891e-05
233 0.50 2.25407e-02 1.22154e-05
253 0.50 2.08962e-02 1.20525e-05
273 0.50 2.07929e-02 1.34070e-05
293 0.50 2.04681e-02 8.28121e-06
13 0.75 2.27655e-02 2.75332e-05
33 0.75 2.12339e-02 1.18109e-05
53 0.75 2.12447e-02 1.11567e-05
73 0.75 2.02913e-02 1.40024e-05
93 0.75 2.02371e-02 1.90517e-05
113 0.75 2.25682e-02 2.70588e-05
133 0.75 2.06502e-02 1.58778e-05
153 0.75 2.16024e-02 1.78069e-05
173 0.75 2.24489e-02 9.38371e-06
193 0.75 1.81310e-02 1.10577e-05
213 0.75 2.08652e-02 1.67787e-05
233 0.75 2.13865e-02 1.17226e-05
253 0.75 1.99860e-02 8.15657e-06
273 0.75 2.09264e-02 1.49760e-05
293 0.75 2.07663e-02 1.22073e-05
13 1.00 2.22971e-02 2.51118e-05
33 1.00 2.08494e-02 2.09981e-05
53 1.00 2.33170e-02 1.40374e-05
73 1.00 2.04894e-02 1.64542e-05
93 1.00 1.93230e-02 1.05903e-05
113 1.00 2.05497e-02 9.20513e-06
133 1.00 2.13891e-02 2.08037e-05
153 1.00 2.02434e-02 9.82994e-06
173 1.00 2.30126e-02 1.57680e-05
193 1.00 1.95057e-02 1.22838e-05
213 1.00 2.13227e-02 1.07024e-05
233 1.00 2.16790e-02 1.82818e-05
253 1.00 1.98383e-02 1.05140e-05
273 1.00 2.08721e-02 2.02103e-05
293 1.00 2.01222e-02 1.39470e-05
14 -1.00 2.32241e-02 1.22962e-05
34 -1.00 2.21865e-02 8.29675e-06
54 -1.00 2.22618e-02 1.22881e-05
74 -1.00 2.07876e-02 7.60325e-06
94 -1.00 2.07944e-02 9.28654e-06
114 -1.00 2.21577e-02 9.07461e-06
134 -1.00 2.16166e-02 7.03571e-06
154 -1.00 2.25024e-02 9.09177e-06
174 -1.00 2.17642e-02 7.03579e-06
194 -1.00 2.11285e-02 1.62750e-05
214 -1.00 2.06001e-02 8.65146e-06
234 -1.00 1.98989e-02 5.38898e-06
254 -1.00 2.15720e-02 6.20495e-06
274 -1.00 2.07716e-02 1.26465e-05
294 -1.00 2.23169e-02 1.47277e-05
14 -0.75 2.19019e-02 8.17382e-06
34 -0.75 2.21311e-02 1.25709e-05
54 -0.75 2.15590e-02 9.95145e-06
74 -0.75 2.01721e-02 6.52327e-06
94 -0.75 2.17187e-02 2.11016e-05
114 -0.75 2.23539e-02 1.10905e-05
134 -0.75 2.11954e-02 9.24341e-06
154 -0.75 2.21666e-02 9.90271e-06
174 -0.75 2.17970e-02 1.54617e-05
194 -0.75 2.01113e-02 4.78966e-06
214 -0.75 2.01045e-02 8.29904e-06
234 -0.75 2.00136e-02 6.20940e-06
254 -0.75 2.17765e-02 1.81041e-05
274 -0.75 2.02869e-02 9.76103e-06
294 -0.75 2.21736e-02 1.36077e-05
14 -0.50 2.14892e-02 1.23663e-05
34 -0.50 2.14103e-02 8.02712e-06
54 -0.50 2.17838e-02 2.06349e-05
74 -0.50 2.04187e-02 9.00623e-06
94 -0.50 2.07305e-02 7.52283e-06
114 -0.50 2.11449e-02 7.95887e-06
134 -0.50 2.24237e-02 1.78001e-05
154 -0.50 2.32037e-02 1.38199e-05
174 -0.50 2.29139e-02 1.26154e-05
194 -0.50 2.03341e-02 1.11589e-05
214 -0.50 2.00548e-02 1.39981e-05
234 -0.50 1.99511e-02 8.64431e-06
254 -0.50 2.06982e-02 6.85756e-06
274 -0.50 2.03927e-02 9.09508e-06
294 -0.50 2.18457e-02 1.47346e-05
14 -0.25 2.10393e-02 9.41217e-06
34 -0.25 2.19974e-02 2.00086e-05
54 -0.25 2.04871e-02 7.34643e-06
74 -0.25 2.03563e-02 1.28024e-05
94 -0.25 2.05282e-02 1.13579e-05
114 -0.25 2.17796e-02 1.24750e-05
134 -0.25 2.16572e-02 1.12516e-05
154 -0.25 2.21046e-02 6.52399e-06
174 -0.25 2.20651e-02 1.01349e-05
194 -0.25 2.05505e-02 1.49737e-05
214 -0.25 1.96071e-02 7.24836e-06
234 -0.25 1.97660e-02 7.98218e-06
254 -0.25 2.10623e-02 8.53910e-06
274 -0.25 2.03612e-02 8.51299e-06
294 -0.25 2.26578e-02 1.14491e-05
14 0.00 2.10011e-02 1.44040e-05
34 0.00 2.18741e-02 1.37759e-05
54 0.00 2.09477e-02 1.16459e-05
74 0.00 2.03889e-02 4.87228e-06
94 0.00 2.08791e-02 8.65961e-06
114 0.00 2.15426e-02 1.72085e-05
134 0.00 2.04025e-02 7.77348e-06
154 0.00 2.14343e-02 8.66465e-06
174 0.00 2.27754e-02 1.21149e-05
194 0.00 1.93209e-02 1.01756e-05
214 0.00 1.96946e-02 9.26858e-06
234 0.00 1.98624e-02 1.00634e-05
254 0.00 2.12474e-02 6.63461e-06
274 0.00 2.03109e-02 9.84880e-06
294 0.00 2.24559e-02 2.32888e-05
14 0.25 2.01187e-02 6.45741e-06
34 0.25 2.17099e-02 2.04027e-05
54 0.25 2.11991e-02 1.51217e-05
74 0.25 2.07095e-02 9.19533e-06
94 0.25 2.05836e-02 1.04924e-05
114 0.25 2.21870e-02 2.81002e-05
134 0.25 2.10594e-02 1.26509e-05
154 0.25 2.14688e-02 7.98805e-06
174 0.25 2.20714e-02 8.19415e-06
194 0.25 2.03269e-02 1.69240e-05
214 0.25 2.01250e-02 7.96966e-06
234 0.25 1.94590e-02 1.10175e-05
254 0.25 2.19716e-02 1.56222e-05
274 0.25 2.04353e-02 8.65622e-06
294 0.25 2.17630e-02 1.70145e-05
14 0.50 2.09127e-02 2.51518e-05
34 0.50 2.14958e-02 1.62157e-05
54 0.50 2.04758e-02 1.31687e-05
74 0.50 2.10666e-02 1.54304e-05
94 0.50 2.05359e-02 1.42057e-05
114 0.50 2.15056e-02 1.47702e-05
134 0.50 2.08127e-02 1.25219e-05
154 0.50 2.22081e-02 1.01517e-05
174 0.50 2.23595e-02 1.45063e-05
194 0.50 1.94421e-02 1.24648e-05
214 0.50 1.94200e-02 1.06093e-05
234 0.50 2.08444e-02 1.91730e-05
254 0.50 2.09974e-02 1.72931e-05
274 0.50 2.14873e-02 1.30989e-05
294 0.50 2.08930e-02 1.09572e-05
14 0.75 2.02183e-02 1.03363e-05
34 0.75 2.18404e-02 1.81651e-05
54 0.75 2.06805e-02 1.26286e-05
74 0.75 2.04955e-02 8.42505e-06
94 0.75 2.12357e-02 1.52214e-05
114 0.75 1.94395e-02 1.08229e-05
134 0.75 2.08591e-02 7.33184e-06
154 0.75 2.17333e-02 1.19115e-05
174 0.75 2.22273e-02 1.72300e-05
194 0.75 1.96121e-02 1.50373e-05
214 0.75 1.97668e-02 1.00332e-05
234 0.75 1.99410e-02 1.42762e-05
254 0.75 2.00016e-02 8.26942e-06
274 0.75 1.96428e-02 1.18205e-05
294 0.75 2.18355e-02 1.69130e-05
14 1.00 2.03739e-02 1.78206e-05
34 1.00 2.09655e-02 1.72464e-05
54 1.00 2.10325e-02 1.77926e-05
74 1.00 2.12394e-02 1.61495e-05
94 1.00 2.11660e-02 1.52206e-05
114 1.00 2.06651e-02 1.03545e-05
134 1.00 2.09675e-02 1.06934e-05
154 1.00 2.07432e-02 1.08372e-05
174 1.00 2.14687e-02 1.45454e-05
194 1.00 1.93816e-02 1.32546e-05
214 1.00 2.09653e-02 2.05198e-05
234 1.00 1.93322e-02 1.45253e-05
254 1.00 2.09508e-02 1.36528e-05
274 1.00 1.98956e-02 9.91348e-06
294 1.00 2.06926e-02 1.56459e-05
15 -1.00 2.15580e-02 1.07261e-05
35 -1.00 2.07388e-02 7.83641e-06
55 -1.00 2.02999e-02 9.48364e-06
75 -1.00 2.09012e-02 1.58211e-05
95 -1.00 2.13054e-02 9.35556e-06
115 -1.00 2.13693e-02 8.30949e-06
135 -1.00 2.03300e-02 9.98770e-06
155 -1.00 2.29420e-02 7.99267e-06
175 -1.00 2.17989e-02 1.11842e-05
195 -1.00 2.29102e-02 1.80107e-05
215 -1.00 2.30380e-02 1.38163e-05
235 -1.00 1.96730e-02 6.88567e-06
255 -1.00 1.96629e-02 7.46779e-06
275 -1.00 2.11157e-02 1.40846e-05
295 -1.00 2.42519e-02 8.63409e-06
15 -0.75 1.91107e-02 9.95332e-06
35 -0.75 2.05851e-02 7.17506e-06
55 -0.75 2.04760e-02 7.29437e-06
75 -0.75 2.00228e-02 8.20717e-06
95 -0.75 2.06070e-02 6.25389e-06
115 -0.75 2.20609e-02 7.33856e-06
135 -0.75 2.04858e-02 1.44473e-05
155 -0.75 2.36370e-02 1.70535e-05
175 -0.75 2.14501e-02 8.57123e-06
195 -0.75 2.14570e-02 7.77200e-06
215 -0.75 2.28134e-02 1.17412e-05
235 -0.75 2.04724e-02 1.97117e-05
255 -0.75 1.99462e-02 1.09253e-05
275 -0.75 2.13265e-02 1.48383e-05
295 -0.75 2.37841e-02 1.69625e-05
15 -0.50 1.99568e-02 8.69036e-06
35 -0.50 2.08331e-02 1.17712e-05
55 -0.50 2.04264e-02 1.53372e-05
75 -0.50 2.01613e-02 1.16256e-05
95 -0.50 2.22087e-02 8.58923e-06
115 -0.50 2.25435e-02 1.35826e-05
135 -0.50 2.02193e-02 6.73810e-06
155 -0.50 2.25616e-02 1.79861e-05
175 -0.50 2.17178e-02 9.56078e-06
195 -0.50 2.13149e-02 1.21285e-05
215 -0.50 2.20945e-02 1.10723e-05
235 -0.50 1.99725e-02 1.06979e-05
255 -0.50 1.91938e-02 5.71883e-06
275 -0.50 2.08457e-02 9.34965e-06
295 -0.50 2.34602e-02 1.11986e-05
15 -0.25 1.95659e-02 1.04547e-05
35 -0.25 2.11775e-02 1.45950e-05
55 -0.25 2.02729e-02 8.64570e-06
75 -0.25 2.00654e-02 1.03777e-05
95 -0.25 2.11365e-02 5.97469e-06
115 -0.25 2.13495e-02 5.06376e-06
135 -0.25 2.01473e-02 9.56058e-06
155 -0.25 2.33581e-02 1.43888e-05
175 -0.25 2.09544e-02 8.87491e-06
195 -0.25 2.02429e-02 6.16426e-06
215 -0.25 2.20120e-02 8.08145e-06
235 -0.25 1.98369e-02 7.62777e-06
255 -0.25 1.94570e-02 1.69889e-05
275 -0.25 2.18036e-02 1.45488e-05
295 -0.25 2.30561e-02 1.17387e-05
15 0.00 1.84591e-02 5.84242e-06
35 0.00 2.10272e-02 1.03947e-05
55 0.00 2.10793e-02 1.46809e-05
75 0.00 1.97165e-02 7.95809e-06
95 0.00 2.21793e-02 1.41004e-05
115 0.00 2.11130e-02 1.16073e-05
135 0.00 1.98262e-02 1.26216e-05
155 0.00 2.26158e-02 7.67977e-06
175 0.00 2.17879e-02 1.45177e-05
195 0.00 2.15751e-02 1.54478e-05
215 0.00 2.18236e-02 1.65568e-05
235 0.00 1.95239e-02 7.18184e-06
255 0.00 1.92017e-02 8.79343e-06
275 0.00 2.06469e-02 1.28003e-05
295 0.00 2.29217e-02 1.72971e-05
15 0.25 1.97931e-02 1.21630e-05
35 0.25 2.01399e-02 1.38343e-05
55 0.25 2.04350e-02 1.08592e-05
75 0.25 1.92124e-02 1.54774e-05
95 0.25 2.14938e-02 1.41135e-05
115 0.25 2.11384e-02 1.41464e-05
135 0.25 1.94563e-02 9.06612e-06
155 0.25 2.25214e-02 1.46962e-05
175 0.25 2.14636e-02 2.16631e-05
195 0.25 2.09849e-02 1.71080e-05
215 0.25 2.20825e-02 1.20562e-05
235 0.25 1.99188e-02 1.16838e-05
255 0.25 1.86357e-02 5.49657e-06
275 0.25 2.08045e-02 1.33562e-05
295 0.25 2.31275e-02 1.21354e-05
15 0.50 1.88586e-02 1.13374e-05
35 0.50 2.05164e-02 1.57933e-05
55 0.50 2.00824e-02 1.04455e-05
75 0.50 1.95913e-02 9.90412e-06
95 0.50 2.09032e-02 1.24168e-05
115 0.50 2.25618e-02 3.50812e-05
135 0.50 1.97671e-02 1.02360e-05
155 0.50 2.24814e-02 1.31717e-05
175 0.50 2.10312e-02 1.27592e-05
195 0.50 2.01243e-02 9.15705e-06
215 0.50 2.19792e-02 1.22860e-05
235 0.50 1.85326e-02 7.70254e-06
255 0.50 1.86552e-02 9.48204e-06
275 0.50 2.11909e-02 1.70977e-05
295 0.50 2.28594e-02 1.23284e-05
15 0.75 1.89056e-02 8.94037e-06
35 0.75 2.00200e-02 6.03684e-06
55 0.75 1.99536e-02 1.01957e-05
75 0.75 2.01247e-02 1.83209e-05
95 0.75 2.08104e-02 1.97134e-05
115 0.75 2.08232e-02 1.45261e-05
135 0.75 1.94429e-02 9.33683e-06
155 0.75 2.24451e-02 1.46747e-05
175 0.75 2.14947e-02 2.86056e-05
195 0.75 2.04570e-02 1.35305e-05
215 0.75 2.20616e-02 1.16424e-05
235 0.75 1.91443e-02 1.04700e-05
255 0.75 1.99398e-02 1.28194e-05
275 0.75 2.24729e-02 2.66844e-05
295 0.75 2.31727e-02 1.63040e-05
15 1.00 1.91688e-02 1.71717e-05
35 1.00 2.08310e-02 1.24232e-05
55 1.00 2.01450e-02 4.72275e-06
75 1.00 1.97612e-02 1.19952e-05
95 1.00 2.05615e-02 1.10237e-05
115 1.00 2.10800e-02 1.83319e-05
135 1.00 2.01097e-02 1.41907e-05
155 1.00 2.26478e-02 1.54824e-05
175 1.00 2.17985e-02 1.39337e-05
195 1.00 2.01718e-02 2.27679e-05
215 1.00 2.23867e-02 1.70833e-05
235 1.00 1.89477e-02 1.15861e-05
255 1.00 1.93977e-02 1.42268e-05
275 1.00 2.08277e-02 1.11902e-05
295 1.00 2.19831e-02 8.30913e-06
16 -1.00 2.24462e-02 8.66020e-06
36 -1.00 1.92759e-02 7.26470e-06
56 -1.00 2.19090e-02 8.11429e-06
76 -1.00 2.17113e-02 8.71493e-06
96 -1.00 2.18658e-02 8.63064e-06
116 -1.00 2.04049e-02 1.50401e-05
136 -1.00 2.13238e-02 1.17234e-05
156 -1.00 2.07492e-02 5.15392e-06
176 -1.00 2.28130e-02 9.44646e-06
196 -1.00 2.32270e-02 1.08114e-05
216 -1.00 2.16442e-02 1.03672e-05
236 -1.00 2.18360e-02 9.53813e-06
256 -1.00 2.13262e-02 7.07929e-06
276 -1.00 2.14387e-02 1.37168e-05
296 -1.00 2.06453e-02 8.24527e-06
16 -0.75 2.15339e-02 8.49013e-06
36 -0.75 1.89749e-02 7.14672e-06
56 -0.75 2.08496e-02 6.37861e-06
76 -0.75 2.24110e-02 2.34624e-05
96 -0.75 2.20265e-02 1.43700e-05
116 -0.75 2.15197e-02 1.87457e-05
136 -0.75 2.15338e-02 1.18942e-05
156 -0.75 2.14744e-02 1.14123e-05
176 -0.75 2.20201e-02 1.02751e-05
196 -0.75 2.34581e-02 1.57011e-05
216 -0.75 2.22808e-02 1.10939e-05
236 -0.75 2.04069e-02 1.37606e-05
256 -0.75 2.08984e-02 1.77098e-05
276 -0.75 2.09500e-02 1.69990e-05
296 -0.75 2.00267e-02 1.16863e-05
16 -0.50 2.08479e-02 1.11614e-05
36 -0.50 1.94189e-02 8.36539e-06
56 -0.50 2.06679e-02 7.52848e-06
76 -0.50 2.09302e-02 9.94765e-06
96 -0.50 2.06070e-02 1.15759e-05
116 -0.50 2.04234e-02 7.55367e-06
136 -0.50 2.06473e-02 1.02919e-05
156 -0.50 2.16170e-02 7.50586e-06
176 -0.50 2.22697e-02 1.06421e-05
196 -0.50 2.34164e-02 1.89954e-05
216 -0.50 2.15927e-02 1.19229e-05
236 -0.50 1.98418e-02 9.04971e-06
256 -0.50 2.11437e-02 1.45842e-05
276 -0.50 2.16815e-02 2.94225e-05
296 -0.50 2.06031e-02 8.82311e-06
16 -0.25 2.04880e-02 1.53843e-05
36 -0.25 1.95361e-02 1.15346e-05
56 -0.25 1.99012e-02 6.73515e-06
76 -0.25 2.15809e-02 9.87441e-06
96 -0.25 2.11435e-02 8.08822e-06
116 -0.25 1.99833e-02 9.90253e-06
136 -0.25 2.06648e-02 6.03748e-06
156 -0.25 2.01435e-02 6.11652e-06
176 -0.25 2.23407e-02 1.05405e-05
196 -0.25 2.24102e-02 9.76415e-06
216 -0.25 2.14873e-02 9.86468e-06
236 -0.25 2.01575e-02 1.02171e-05
256 -0.25 2.07782e-02 1.25281e-05
276 -0.25 2.07244e-02 1.00849e-05
296 -0.25 2.02183e-02 1.43116e-05
16 0.00 2.04261e-02 8.03630e-06
36 0.00 1.86779e-02 1.21977e-05
56 0.00 2.02384e-02 1.02023e-05
76 0.00 2.07416e-02 1.27869e-05
96 0.00 2.12743e-02 8.92040e-06
116 0.00 1.99859e-02 8.59232e-06
136 0.00 2.09501e-02 1.11294e-05
156 0.00 2.06989e-02 9.22900e-06
176 0.00 2.06478e-02 7.30809e-06
196 0.00 2.20717e-02 9.73598e-06
216 0.00 2.13863e-02 1.04647e-05
236 0.00 1.96552e-02 4.94912e-06
256 0.00 2.11510e-02 1.17036e-05
276 0.00 2.14701e-02 1.41300e-05
296 0.00 2.07938e-02 1.86784e-05
16 0.25 2.07418e-02 1.57658e-05
36 0.25 1.88992e-02 1.76023e-05
56 0.25 1.99899e-02 7.81945e-06
76 0.25 2.17793e-02 1.56846e-05
96 0.25 2.11723e-02 1.34110e-05
116 0.25 1.95209e-02 5.82960e-06
136 0.25 2.21008e-02 1.19799e-05
156 0.25 2.17341e-02 8.63736e-06
176 0.25 2.23548e-02 1.63487e-05
196 0.25 2.12371e-02 1.27337e-05
216 0.25 2.17591e-02 1.65630e-05
236 0.25 2.08138e-02 1.13530e-05
256 0.25 2.08720e-02 1.49344e-05
276 0.25 2.06880e-02 8.36028e-06
296 0.25 2.00493e-02 1.54032e-05
16 0.50 2.11292e-02 1.50554e-05
36 0.50 1.92270e-02 9.82183e-06
56 0.50 2.13530e-02 2.12669e-05
76 0.50 2.13407e-02 1.10336e-05
96 0.50 2.14112e-02 1.13727e-05
116 0.50 2.01006e-02 1.05091e-05
136 0.50 2.19166e-02 3.37365e-05
156 0.50 2.04874e-02 8.63545e-06
176 0.50 2.16136e-02 9.91071e-06
196 0.50 2.11549e-02 1.53411e-05
216 0.50 2.12518e-02 1.12625e-05
236 0.50 1.99926e-02 8.54630e-06
256 0.50 2.01142e-02 1.37000e-05
276 0.50 2.07806e-02 1.20244e-05
296 0.50 2.08266e-02 1.68331e-05
16 0.75 2.02617e-02 1.22019e-05
36 0.75 1.92669e-02 9.69688e-06
56 0.75 2.01531e-02 1.09336e-05
76 0.75 2.11258e-02 1.34601e-05
96 0.75 2.11751e-02 9.73187e-06
116 0.75 1.98119e-02 1.58900e-05
136 0.75 2.13495e-02 1.39870e-05
156 0.75 2.11613e-02 1.10029e-05
176 0.75 2.07656e-02 1.02875e-05
196 0.75 2.14421e-02 1.63547e-05
216 0.75 2.07054e-02 1.89783e-05
236 0.75 2.02392e-02 6.95660e-06
256 0.75 2.11249e-02 1.68457e-05
276 0.75 2.16412e-02 2.16252e-05
296 0.75 1.97281e-02 1.50048e-05
16 1.00 2.01510e-02 1.68266e-05
36 1.00 1.89846e-02 1.28661e-05
56 1.00 2.14171e-02 1.89351e-05
76 1.00 2.11250e-02 2.22882e-05
96 1.00 2.31668e-02 2.05166e-05
116 1.00 1.96428e-02 9.16169e-06
136 1.00 2.10740e-02 1.94756e-05
156 1.00 2.15095e-02 1.98908e-05
176 1.00 2.12735e-02 1.02230e-05
196 1.00 2.06096e-02 1.54940e-05
216 1.00 2.13689e-02 1.34485e-05
236 1.00 2.01281e-02 1.38899e-05
256 1.00 2.09843e-02 1.28666e-05
276 1.00 2.06089e-02 1.31871e-05
296 1.00 2.02835e-02 1.79959e-05
17 -1.00 2.19440e-02 8.90065e-06
37 -1.00 2.11161e-02 1.50193e-05
57 -1.00 2.08575e-02 1.07920e-05
77 -1.00 2.07489e-02 1.43581e-05
97 -1.00 1.99253e-02 7.55440e-06
117 -1.00 2.24459e-02 1.68828e-05
137 -1.00 2.19727e-02 1.15495e-05
157 -1.00 2.10204e-02 9.37539e-06
177 -1.00 2.33073e-02 1.23993e-05
197 -1.00 2.21048e-02 8.66225e-06
217 -1.00 2.14280e-02 1.11050e-05
237 -1.00 2.13772e-02 1.02669e-05
257 -1.00 2.07615e-02 1.32684e-05
277 -1.00 2.02764e-02 5.29202e-06
297 -1.00 2.11454e-02 6.73951e-06
17 -0.75 2.25772e-02 1.16544e-05
37 -0.75 2.07767e-02 5.86137e-06
57 -0.75 2.07249e-02 1.03237e-05
77 -0.75 2.12769e-02 1.58323e-05
97 -0.75 2.03915e-02 6.74191e-06
117 -0.75 2.15018e-02 1.18018e-05
137 -0.75 2.14974e-02 1.27683e-05
157 -0.75 2.12609e-02 7.14397e-06
177 -0.75 2.28980e-02 1.95107e-05
197 -0.75 2.22908e-02 7.10337e-06
217 -0.75 2.01530e-02 7.17537e-06
237 -0.75 2.23663e-02 9.97143e-06
257 -0.75 1.96187e-02 8.70233e-06
277 -0.75 2.01766e-02 7.41650e-06
297 -0.75 2.11250e-02 1.40986e-05
17 -0.50 2.24311e-02 1.19085e-05
37 -0.50 2.09773e-02 9.35096e-06
57 -0.50 2.03267e-02 7.92732e-06
77 -0.50 1.99887e-02 1.00862e-05
97 -0.50 1.90246e-02 5.21751e-06
117 -0.50 2.10309e-02 1.56530e-05
137 -0.50 2.15422e-02 2.12878e-05
157 -0.50 2.09262e-02 1.02975e-05
177 -0.50 2.21271e-02 1.01289e-05
197 -0.50 2.26178e-02 1.54289e-05
217 -0.50 2.07476e-02 9.89489e-06
237 -0.50 2.05660e-02 9.99887e-06
257 -0.50 2.02118e-02 1.06622e-05
277 -0.50 2.05815e-02 1.05953e-05
297 -0.50 2.11308e-02 1.43184e-05
17 -0.25 2.25184e-02 1.41514e-05
37 -0.25 2.12273e-02 2.97276e-05
57 -0.25 2.00582e-02 1.22157e-05
77 -0.25 1.93884e-02 6.89024e-06
97 -0.25 2.08427e-02 1.98718e-05
117 -0.25 2.08425e-02 1.29048e-05
137 -0.25 2.14459e-02 1.33083e-05
157 -0.25 2.12545e-02 1.59925e-05
177 -0.25 2.22531e-02 2.01779e-05
197 -0.25 2.20791e-02 8.72009e-06
217 -0.25 2.02842e-02 8.55669e-06
237 -0.25 2.13130e-02 1.41783e-05
257 -0.25 1.97380e-02 1.14695e-05
277 -0.25 1.95950e-02 1.11340e-05
297 -0.25 2.08969e-02 9.29516e-06
17 0.00 2.24634e-02 1.11731e-05
37 0.00 2.11361e-02 2.75812e-05
57 0.00 1.99815e-02 7.45483e-06
77 0.00 2.01434e-02 2.01613e-05
97 0.00 2.03859e-02 8.79856e-06
117 0.00 2.03754e-02 9.57887e-06
137 0.00 2.09021e-02 9.71105e-06
157 0.00 2.24515e-02 1.21603e-05
177 0.00 2.15857e-02 6.47816e-06
197 0.00 2.12925e-02 1.32937e-05
217 0.00 2.03534e-02 8.52278e-06
237 0.00 2.06742e-02 9.07818e-06
257 0.00 1.89262e-02 6.63977e-06
277 0.00 1.98536e-02 1.36763e-05
297 0.00 2.04602e-02 6.99505e-06
17 0.25 2.20622e-02 9.17162e-06
37 0.25 2.10470e-02 1.75680e-05
57 0.25 2.15634e-02 1.56877e-05
77 0.25 1.99148e-02 1.06808e-05
97 0.25 1.98179e-02 9.92558e-06
117 0.25 2.13522e-02 1.18564e-05
137 0.25 2.07477e-02 1.03420e-05
157 0.25 2.03572e-02 8.12539e-06
177 0.25 2.17168e-02 1.30200e-05
197 0.25 2.19151e-02 1.11620e-05
217 0.25 2.07437e-02 1.11318e-05
237 0.25 2.06273e-02 1.68357e-05
257 0.25 2.00392e-02 1.11221e-05
277 0.25 1.93931e-02 1.25195e-05
297 0.25 2.06523e-02 1.66174e-05
17 0.50 2.20870e-02 1.75224e-05
37 0.50 2.01515e-02 1.29202e-05
57 0.50 2.09822e-02 1.36491e-05
77 0.50 2.02818e-02 1.38840e-05
97 0.50 1.96652e-02 1.18239e-05
117 0.50 2.03502e-02 7.02215e-06
137 0.50 2.05037e-02 1.05688e-05
157 0.50 2.11123e-02 1.34593e-05
177 0.50 2.10965e-02 1.41006e-05
197 0.50 2.14607e-02 1.33472e-05
217 0.50 2.06275e-02 1.23813e-05
237 0.50 2.03663e-02 1.16843e-05
257 0.50 1.90616e-02 1.18902e-05
277 0.50 1.94930e-02 1.29442e-05
297 0.50 1.98275e-02 1.57776e-05
17 0.75 2.21186e-02 1.05028e-05
37 0.75 1.95663e-02 1.36827e-05
57 0.75 2.13350e-02 1.85078e-05
77 0.75 2.00562e-02 1.45644e-05
97 0.75 1.96150e-02 1.30339e-05
117 0.75 1.95920e-02 1.19203e-05
137 0.75 2.12855e-02 1.53150e-05
157 0.75 2.01807e-02 1.00087e-05
177 0.75 2.25143e-02 1.30508e-05
197 0.75 2.14523e-02 8.13067e-06
217 0.75 1.97083e-02 1.40569e-05
237 0.75 2.06946e-02 1.21499e-05
257 0.75 1.99890e-02 1.28697e-05
277 0.75 1.90273e-02 9.90530e-06
297 0.75 2.04732e-02 8.86773e-06
17 1.00 2.26708e-02 1.49602e-05
37 1.00 2.05338e-02 1.99554e-05
57 1.00 2.08376e-02 1.40859e-05
77 1.00 1.95214e-02 1.05955e-05
97 1.00 2.14475e-02 1.12620e-05
117 1.00 1.98772e-02 1.79222e-05
137 1.00 2.14470e-02 1.58501e-05
157 1.00 2.01536e-02 1.43813e-05
177 1.00 2.16235e-02 1.66857e-05
197 1.00 2.07332e-02 1.09843e-05
217 1.00 1.93383e-02 1.18787e-05
237 1.00 2.07664e-02 1.60016e-05
257 1.00 1.97184e-02 1.24376e-05
277 1.00 1.87776e-02 8.19356e-06
297 1.00 1.91281e-02 9.35831e-06
18 -1.00 2.10675e-02 9.14457e-06
38 -1.00 2.08796e-02 8.42480e-06
58 -1.00 2.02410e-02 8.79377e-06
78 -1.00 2.13397e-02 1.31932e-05
98 -1.00 2.16898e-02 1.07456e-05
118 -1.00 2.08119e-02 6.20218e-06
138 -1.00 2.15114e-02 1.09018e-05
158 -1.00 2.12043e-02 8.76621e-06
178 -1.00 2.18054e-02 1.18369e-05
198 -1.00 2.26123e-02 2.08638e-05
218 -1.00 2.15095e-02 8.63128e-06
238 -1.00 1.98394e-02 5.78889e-06
258 -1.00 1.98805e-02 5.65839e-06
278 -1.00 2.12399e-02 1.56092e-05
298 -1.00 2.22591e-02 1.12375e-05
18 -0.75 2.06542e-02 1.21815e-05
38 -0.75 2.12604e-02 9.32754e-06
58 -0.75 2.00972e-02 9.08831e-06
78 -0.75 2.08819e-02 1.12642e-05
98 -0.75 2.24183e-02 6.18997e-06
118 -0.75 2.20918e-02 1.36764e-05
138 -0.75 2.16476e-02 1.56181e-05
158 -0.75 2.20468e-02 2.09028e-05
178 -0.75 2.04902e-02 5.24106e-06
198 -0.75 2.11424e-02 8.87403e-06
218 -0.75 2.14116e-02 9.98000e-06
238 -0.75 1.99046e-02 7.67032e-06
258 -0.75 2.01113e-02 1.09998e-05
278 -0.75 2.08624e-02 1.37536e-05
298 -0.75 2.23683e-02 1.06229e-05
18 -0.50 2.08854e-02 1.09639e-05
38 -0.50 2.13365e-02 5.87322e-06
58 -0.50 2.03039e-02 1.22881e-05
78 -0.50 1.93387e-02 6.36394e-06
98 -0.50 2.24770e-02 9.84371e-06
118 -0.50 2.15712e-02 9.81450e-06
138 -0.50 2.09793e-02 1.20359e-05
158 -0.50 2.05053e-02 8.29769e-06
178 -0.50 2.05247e-02 8.21524e-06
198 -0.50 2.14743e-02 1.34194e-05
218 -0.50 2.25179e-02 1.26550e-05
238 -0.50 2.01489e-02 7.71687e-06
258 -0.50 2.04404e-02 1.36864e-05
278 -0.50 2.11452e-02 9.42526e-06
298 -0.50 2.11106e-02 1.09375e-05
18 -0.25 2.03477e-02 1.03096e-05
38 -0.25 2.13967e-02 8.10704e-06
58 -0.25 1.89765e-02 6.08803e-06
78 -0.25 2.01777e-02 1.12009e-05
98 -0.25 2.16022e-02 9.61562e-06
118 -0.25 2.08849e-02 8.87524e-06
138 -0.25 2.07003e-02 1.31851e-05
158 -0.25 2.08012e-02 9.48979e-06
178 -0.25 2.06680e-02 9.18434e-06
198 -0.25 2.03291e-02 6.30059e-06
218 -0.25 2.15924e-02 1.69278e-05
238 -0.25 1.96679e-02 9.55705e-06
258 -0.25 1.98603e-02 1.11271e-05
278 -0.25 2.11468e-02 8.72950e-06
298 -0.25 2.26804e-02 1.78586e-05
18 0.00 2.02867e-02 8.84376e-06
38 0.00 2.09045e-02 9.36589e-06
58 0.00 1.94855e-02 1.02194e-05
78 0.00 2.06093e-02 1.59415e-05
98 0.00 2.24771e-02 1.34002e-05
118 0.00 2.05669e-02 7.20217e-06
138 0.00 1.96715e-02 7.68080e-06
158 0.00 2.12681e-02 1.40702e-05
178 0.00 2.08632e-02 1.11057e-05
198 0.00 2.10609e-02 8.36877e-06
218 0.00 2.09913e-02 1.74805e-05
238 0.00 1.99328e-02 6.35934e-06
258 0.00 2.04183e-02 1.37931e-05
278 0.00 2.14336e-02 1.87506e-05
298 0.00 2.17041e-02 1.36642e-05
18 0.25 2.12349e-02 2.06501e-05
38 0.25 2.11068e-02 9.65905e-06
58 0.25 1.91850e-02 1.18871e-05
78 0.25 2.09544e-02 1.77484e-05
98 0.25 2.05595e-02 9.10239e-06
118 0.25 2.03416e-02 8.56725e-06
138 0.25 2.06629e-02 1.44511e-05
158 0.25 2.10500e-02 1.13462e-05
178 0.25 2.04790e-02 1.59968e-05
198 0.25 2.06914e-02 1.76621e-05
218 0.25 2.03231e-02 7.20077e-06
238 0.25 2.00780e-02 1.05381e-05
258 0.25 2.03118e-02 1.00541e-05
278 0.25 1.98564e-02 1.07961e-05
298 0.25 2.09109e-02 1.31837e-05
18 0.50 2.00065e-02 9.37811e-06
38 0.50 2.13965e-02 9.40950e-06
58 0.50 2.02483e-02 1.65739e-05
78 0.50 2.04038e-02 1.37534e-05
98 0.50 2.18680e-02 1.57904e-05
118 0.50 2.13002e-02 8.72257e-06
138 0.50 2.08111e-02 1.94580e-05
158 0.50 2.04892e-02 1.12998e-05
178 0.50 1.92141e-02 1.54949e-05
198 0.50 1.95929e-02 1.11332e-05
218 0.50 2.09511e-02 9.01379e-06
238 0.50 1.94950e-02 6.86425e-06
258 0.50 2.04307e-02 1.21824e-05
278 0.50 2.12114e-02 1.16715e-05
298 0.50 2.07064e-02 1.59539e-05
18 0.75 2.03205e-02 1.82518e-05
38 0.75 2.15977e-02 2.19635e-05
58 0.75 1.95597e-02 1.11641e-05
78 0.75 1.92146e-02 1.45507e-05
98 0.75 2.15985e-02 1.18533e-05
118 0.75 2.10768e-02 1.16900e-05
138 0.75 2.12929e-02 1.63972e-05
158 0.75 2.19500e-02 1.69758e-05
178 0.75 1.97424e-02 7.21523e-06
198 0.75 1.96662e-02 8.67669e-06
218 0.75 2.04463e-02 2.33140e-05
238 0.75 2.11407e-02 1.50070e-05
258 0.75 2.08188e-02 1.37015e-05
278 0.75 2.04843e-02 1.64423e-05
298 0.75 2.11390e-02 1.22144e-05
18 1.00 2.18046e-02 2.34208e-05
38 1.00 2.11567e-02 1.43073e-05
58 1.00 1.93701e-02 1.20568e-05
78 1.00 2.04648e-02 1.30690e-05
98 1.00 2.16805e-02 1.79799e-05
118 1.00 2.05695e-02 1.31510e-05
138 1.00 2.02310e-02 1.29684e-05
158 1.00 2.07622e-02 1.73168e-05
178 1.00 2.02451e-02 1.49788e-05
198 1.00 1.91406e-02 1.36888e-05
218 1.00 1.98474e-02 1.09981e-05
238 1.00 1.95075e-02 1.43474e-05
258 1.00 2.07623e-02 1.44569e-05
278 1.00 2.06217e-02 1.09653e-05
298 1.00 2.04328e-02 7.30074e-06
19 -1.00 1.98460e-02 8.19166e-06
39 -1.00 1.99967e-02 8.30919e-06
59 -1.00 1.95215e-02 1.05828e-05
79 -1.00 2.24397e-02 1.00920e-05
99 -1.00 2.27951e-02 1.05344e-05
119 -1.00 2.10527e-02 1.30187e-05
139 -1.00 2.05578e-02 1.43568e-05
159 -1.00 2.04912e-02 6.11551e-06
179 -1.00 2.10602e-02 9.58802e-06
199 -1.00 2.02280e-02 7.67288e-06
219 -1.00 2.25060e-02 1.17519e-05
239 -1.00 2.11140e-02 6.41222e-06
259 -1.00 2.13835e-02 2.00122e-05
279 -1.00 2.05806e-02 1.69875e-05
299 -1.00 2.00823e-02 6.71061e-06
19 -0.75 2.15788e-02 9.41467e-06
39 -0.75 1.94118e-02 6.57435e-06
59 -0.75 2.07067e-02 1.87242e-05
79 -0.75 2.23564e-02 8.37968e-06
99 -0.75 2.35170e-02 1.32815e-05
119 -0.75 2.04657e-02 8.52038e-06
139 -0.75 2.03407e-02 9.14132e-06
159 -0.75 2.17029e-02 6.80490e-06
179 -0.75 2.04839e-02 9.20821e-06
199 -0.75 1.99355e-02 6.71029e-06
219 -0.75 2.27153e-02 1.18073e-05
239 -0.75 2.12009e-02 1.36424e-05
259 -0.75 2.22841e-02 1.09753e-05
279 -0.75 2.13991e-02 1.57895e-05
299 -0.75 2.11333e-02 1.26703e-05
19 -0.50 2.18010e-02 1.00712e-05
39 -0.50 1.95608e-02 8.94762e-06
59 -0.50 1.92949e-02 8.73708e-06
79 -0.50 2.25876e-02 9.81400e-06
99 -0.50 2.34556e-02 2.61101e-05
119 -0.50 2.09801e-02 2.13302e-05
139 -0.50 2.02067e-02 1.27541e-05
159 -0.50 2.12396e-02 8.62912e-06
179 -0.50 2.04539e-02 6.76296e-06
199 -0.50 1.96633e-02 8.03421e-06
219 -0.50 2.18161e-02 1.53781e-05
239 -0.50 2.03778e-02 1.43338e-05
259 -0.50 2.11626e-02 8.98214e-06
279 -0.50 2.02558e-02 1.09994e-05
299 -0.50 1.92474e-02 6.40635e-06
19 -0.25 2.28836e-02 1.18064e-05
39 -0.25 1.98986e-02 1.29855e-05
59 -0.25 1.98446e-02 8.92153e-06
79 -0.25 2.19063e-02 1.02645e-05
99 -0.25 2.23974e-02 7.06452e-06
119 -0.25 2.07071e-02 1.71015e-05
139 -0.25 1.95088e-02 8.78893e-06
159 -0.25 2.08318e-02 1.13950e-05
179 -0.25 2.04969e-02 1.02869e-05
199 -0.25 1.95887e-02 1.09918e-05
219 -0.25 2.18196e-02 1.41956e-05
239 -0.25 2.06005e-02 9.19431e-06
259 -0.25 2.12204e-02 6.37599e-06
279 -0.25 2.01148e-02 1.58059e-05
299 -0.25 1.95688e-02 1.55639e-05
19 0.00 2.12363e-02 1.11678e-05
39 0.00 1.98682e-02 1.35027e-05
59 0.00 1.84645e-02 7.66509e-06
79 0.00 2.26831e-02 1.44411e-05
99 0.00 2.22535e-02 1.89846e-05
119 0.00 1.96119e-02 8.45840e-06
139 0.00 1.90703e-02 6.49189e-06
159 0.00 2.03979e-02 1.19696e-05
179 0.00 1.96051e-02 8.27954e-06
199 0.00 1.95972e-02 1.39704e-05
219 0.00 2.14363e-02 8.50432e-06
239 0.00 2.01956e-02 1.40149e-05
259 0.00 2.17138e-02 1.07391e-05
279 0.00 2.00536e-02 1.24956e-05
299 0.00 2.00057e-02 9.56091e-06
19 0.25 2.17912e-02 1.35219e-05
39 0.25 2.02364e-02 8.63502e-06
59 0.25 1.86364e-02 6.06727e-06
79 0.25 2.14517e-02 1.25378e-05
99 0.25 2.20963e-02 1.38150e-05
119 0.25 2.10653e-02 1.88506e-05
139 0.25 1.96314e-02 1.11737e-05
159 0.25 2.01327e-02 1.36196e-05
179 0.25 1.94810e-02 9.41435e-06
199 0.25 1.96413e-02 9.82720e-06
219 0.25 2.12317e-02 1.20615e-05
239 0.25 2.03835e-02 8.66480e-06
259 0.25 1.98715e-02 1.30966e-05
279 0.25 2.04523e-02 1.91633e-05
299 0.25 1.98125e-02 1.22370e-05
19 0.50 2.11433e-02 1.47233e-05
39 0.50 1.94183e-02 1.13398e-05
59 0.50 1.90427e-02 1.12587e-05
79 0.50 2.17650e-02 9.89114e-06
99 0.50 2.23090e-02 1.33972e-05
119 0.50 1.91884e-02 9.59761e-06
139 0.50 2.01834e-02 1.42580e-05
159 0.50 2.05008e-02 1.30980e-05
179 0.50 1.92652e-02 9.29281e-06
199 0.50 1.97952e-02 1.16927e-05
219 0.50 2.27044e-02 1.34396e-05
239 0.50 2.12368e-02 1.84906e-05
259 0.50 2.16372e-02 1.48105e-05
279 0.50 1.98175e-02 1.49912e-05
299 0.50 1.98343e-02 7.10380e-06
19 0.75 2.08949e-02 1.27816e-05
39 0.75 1.92699e-02 1.01732e-05
59 0.75 1.94100e-02 1.33161e-05
79 0.75 2.23522e-02 1.48431e-05
99 0.75 2.13512e-02 1.35425e-05
119 0.75 1.96574e-02 1.27244e-05
139 0.75 1.96995e-02 7.28755e-06
159 0.75 1.99475e-02 1.13800e-05
179 0.75 2.00655e-02 1.13090e-05
199 0.75 2.11523e-02 1.56739e-05
219 0.75 2.20998e-02 1.49909e-05
239 0.75 2.03829e-02 1.51877e-05
259 0.75 2.08687e-02 1.45177e-05
279 0.75 1.99625e-02 2.06628e-05
299 0.75 1.96211e-02 1.57683e-05
19 1.00 2.06319e-02 1.23107e-05
39 1.00 1.96005e-02 1.16749e-05
59 1.00 1.87628e-02 6.62436e-06
79 1.00 2.23258e-02 2.70607e-05
99 1.00 2.10710e-02 1.36087e-05
119 1.00 1.99071e-02 2.41922e-05
139 1.00 2.03836e-02 1.57096e-05
159 1.00 2.00833e-02 8.65962e-06
179 1.00 2.06639e-02 2.16721e-05
199 1.00 2.00430e-02 1.77184e-05
219 1.00 2.22361e-02 1.51254e-05
239 1.00 2.00109e-02 1.11727e-05
259 1.00 2.11727e-02 1.41415e-05
279 1.00 2.00856e-02 2.29289e-05
299 1.00 1.93847e-02 1.13562e-05
1 -1.00 2.38066e-02 1.03736e-05
21 -1.00 2.07042e-02 7.54883e-06
41 -1.00 1.99019e-02 9.42904e-06
61 -1.00 2.16765e-02 1.25949e-05
81 -1.00 2.31145e-02 1.41977e-05
101 -1.00 2.02586e-02 4.86980e-06
121 -1.00 2.25717e-02 1.14119e-05
141 -1.00 2.09093e-02 1.30029e-05
161 -1.00 2.21550e-02 1.35150e-05
181 -1.00 2.25450e-02 1.11814e-05
201 -1.00 2.23183e-02 7.19440e-06
221 -1.00 2.13840e-02 8.61014e-06
241 -1.00 2.15108e-02 1.01613e-05
261 -1.00 1.93631e-02 6.50254e-06
281 -1.00 2.12997e-02 6.80862e-06
1 -0.75 2.21486e-02 1.24959e-05
21 -0.75 1.98933e-02 1.14597e-05
41 -0.75 2.10636e-02 2.05185e-05
61 -0.75 2.04377e-02 1.02691e-05
81 -0.75 2.31624e-02 1.34175e-05
101 -0.75 2.14780e-02 1.31307e-05
121 -0.75 2.20493e-02 6.26399e-06
141 -0.75 2.10652e-02 8.98892e-06
161 -0.75 2.13025e-02 6.31025e-06
181 -0.75 2.21098e-02 1.69106e-05
201 -0.75 2.27160e-02 1.36223e-05
221 -0.75 2.20147e-02 1.29757e-05
241 -0.75 2.07792e-02 6.17520e-06
261 -0.75 2.01914e-02 8.20823e-06
281 -0.75 2.26334e-02 1.57107e-05
1 -0.50 2.19000e-02 1.07816e-05
21 -0.50 2.02687e-02 9.18693e-06
41 -0.50 1.94574e-02 1.04591e-05
61 -0.50 1.99974e-02 6.73168e-06
81 -0.50 2.33406e-02 1.09773e-05
101 -0.50 2.07534e-02 1.45992e-05
121 -0.50 2.23552e-02 1.33319e-05
141 -0.50 1.99224e-02 6.79839e-06
161 -0.50 2.17001e-02 9.16117e-06
181 -0.50 2.13328e-02 6.85921e-06
201 -0.50 2.35744e-02 2.09907e-05
221 -0.50 2.17292e-02 1.49011e-05
241 -0.50 2.19314e-02 1.65655e-05
261 -0.50 1.91078e-02 4.57302e-06
281 -0.50 2.09302e-02 7.66011e-06
1 -0.25 2.23576e-02 1.42791e-05
21 -0.25 2.04676e-02 9.82586e-06
41 -0.25 1.95847e-02 1.01527e-05
61 -0.25 1.99328e-02 5.45538e-06
81 -0.25 2.23489e-02 1.04932e-05
101 -0.25 2.09060e-02 1.19833e-05
121 -0.25 2.20288e-02 1.01085e-05
141 -0.25 1.98170e-02 9.45224e-06
161 -0.25 2.17090e-02 1.75958e-05
181 -0.25 2.12284e-02 8.58579e-06
201 -0.25 2.17634e-02 8.46102e-06
221 -0.25 2.18217e-02 1.20059e-05
241 -0.25 2.09135e-02 1.19901e-05
261 -0.25 1.99720e-02 1.09445e-05
281 -0.25 2.13406e-02 1.20251e-05
1 0.00 2.24434e-02 1.47631e-05
21 0.00 1.99815e-02 1.06742e-05
41 0.00 1.88546e-02 5.66243e-06
61 0.00 1.98004e-02 7.23383e-06
81 0.00 2.23733e-02 9.34117e-06
101 0.00 2.02679e-02 1.01554e-05
121 0.00 2.27179e-02 1.81229e-05
141 0.00 1.99256e-02 6.52839e-06
161 0.00 2.08250e-02 8.14907e-06
181 0.00 2.20433e-02 7.62705e-06
201 0.00 2.21011e-02 1.45486e-05
221 0.00 2.15577e-02 1.30652e-05
241 0.00 1.95323e-02 5.14780e-06
261 0.00 1.96704e-02 8.14228e-06
281 0.00 2.04562e-02 9.82284e-06
1 0.25 2.09368e-02 1.12990e-05
21 0.25 1.95940e-02 6.65865e-06
41 0.25 1.94207e-02 9.02951e-06
61 0.25 2.08024e-02 9.15518e-06
81 0.25 2.24080e-02 9.44152e-06
101 0.25 2.11254e-02 2.40416e-05
121 0.25 2.24500e-02 1.63885e-05
141 0.25 1.98566e-02 9.40465e-06
161 0.25 2.19355e-02 8.94124e-06
181 0.25 2.18827e-02 1.23241e-05
201 0.25 2.10639e-02 1.21095e-05
221 0.25 2.12726e-02 1.20432e-05
241 0.25 2.08663e-02 1.51852e-05
261 0.25 1.93385e-02 1.04586e-05
281 0.25 2.23484e-02 2.58006e-05
1 0.50 2.03585e-02 1.56328e-05
21 0.50 2.04341e-02 1.43318e-05
41 0.50 1.96121e-02 1.43144e-05
61 0.50 1.97000e-02 1.36651e-05
81 0.50 2.28110e-02 1.39346e-05
101 0.50 2.05340e-02 1.73684e-05
121 0.50 2.21972e-02 1.28185e-05
141 0.50 1.90738e-02 1.00273e-05
161 0.50 2.20035e-02 9.09776e-06
181 0.50 2.02485e-02 1.54024e-05
201 0.50 2.16963e-02 1.53200e-05
221 0.50 2.10485e-02 1.25701e-05
241 0.50 2.07352e-02 1.39378e-05
261 0.50 1.90667e-02 9.88419e-06
281 0.50 2.22330e-02 1.89256e-05
1 0.75 2.16915e-02 1.27869e-05
21 0.75 2.02644e-02 1.18088e-05
41 0.75 1.91733e-02 8.09644e-06
61 0.75 1.99761e-02 7.89730e-06
81 0.75 2.23741e-02 8.94799e-06
101 0.75 1.94663e-02 1.19617e-05
121 0.75 2.14449e-02 1.66435e-05
141 0.75 2.00918e-02 1.05696e-05
161 0.75 2.15137e-02 1.07743e-05
181 0.75 2.06994e-02 2.25261e-05
201 0.75 2.12621e-02 1.10669e-05
221 0.75 2.15918e-02 1.00546e-05
241 0.75 2.03695e-02 1.36688e-05
261 0.75 1.84799e-02 1.08316e-05
281 0.75 2.21451e-02 2.97548e-05
1 1.00 2.00586e-02 1.32364e-05
21 1.00 2.08751e-02 8.95391e-06
41 1.00 1.87586e-02 1.47150e-05
61 1.00 2.02801e-02 2.03691e-05
81 1.00 2.19564e-02 7.86910e-06
101 1.00 1.95412e-02 1.07752e-05
121 1.00 2.16605e-02 9.61851e-06
141 1.00 1.91360e-02 1.16928e-05
161 1.00 2.13601e-02 1.40855e-05
181 1.00 2.07664e-02 1.41147e-05
201 1.00 2.11684e-02 9.26942e-06
221 1.00 2.23830e-02 2.04880e-05
241 1.00 2.06201e-02 1.10179e-05
261 1.00 1.86290e-02 8.90041e-06
281 1.00 2.02671e-02 8.20720e-06
20 -1.00 2.13265e-02 1.32944e-05
40 -1.00 2.15529e-02 1.42768e-05
60 -1.00 2.29543e-02 6.48498e-06
80 -1.00 2.16858e-02 7.31189e-06
100 -1.00 2.34172e-02 7.18460e-06
120 -1.00 2.27045e-02 6.35027e-06
140 -1.00 2.14007e-02 1.59673e-05
160 -1.00 1.87808e-02 6.50798e-06
180 -1.00 2.25281e-02 1.37510e-05
200 -1.00 2.16550e-02 7.93985e-06
220 -1.00 2.25832e-02 1.15186e-05
240 -1.00 2.26153e-02 1.17185e-05
260 -1.00 2.27777e-02 1.95627e-05
280 -1.00 2.16468e-02 9.38557e-06
300 -1.00 2.22743e-02 8.53808e-06
20 -0.75 2.30079e-02 6.96354e-06
40 -0.75 2.08554e-02 8.92496e-06
60 -0.75 2.24632e-02 7.37373e-06
80 -0.75 2.20092e-02 4.78553e-06
100 -0.75 2.30276e-02 9.58263e-06
120 -0.75 2.22332e-02 1.46717e-05
140 -0.75 2.06318e-02 7.31988e-06
160 -0.75 1.90148e-02 1.16921e-05
180 -0.75 2.17066e-02 6.41019e-06
200 -0.75 2.07266e-02 7.92520e-06
220 -0.75 2.23612e-02 7.38460e-06
240 -0.75 2.35256e-02 1.71505e-05
260 -0.75 2.25198e-02 1.66370e-05
280 -0.75 2.14474e-02 7.55380e-06
300 -0.75 2.20738e-02 5.36286e-06
20 -0.50 2.35613e-02 1.68992e-05
40 -0.50 2.08946e-02 8.50808e-06
60 -0.50 2.25844e-02 7.48266e-06
80 -0.50 2.19022e-02 2.15345e-05
100 -0.50 2.19256e-02 8.91488e-06
120 -0.50 2.19729e-02 2.28682e-05
140 -0.50 2.02089e-02 7.66806e-06
160 -0.50 1.87292e-02 8.11156e-06
180 -0.50 2.11740e-02 1.22088e-05
200 -0.50 2.21760e-02 2.23640e-05
220 -0.50 2.31274e-02 1.76287e-05
240 -0.50 2.24618e-02 1.57508e-05
260 -0.50 2.24690e-02 1.29260e-05
280 -0.50 2.17843e-02 8.04084e-06
300 -0.50 2.16256e-02 6.81904e-06
20 -0.25 2.25808e-02 1.27302e-05
40 -0.25 1.99960e-02 4.88581e-06
60 -0.25 2.21239e-02 1.20321e-05
80 -0.25 2.14671e-02 1.73021e-05
100 -0.25 2.15101e-02 7.46475e-06
120 -0.25 2.19955e-02 9.77764e-06
140 -0.25 2.10338e-02 1.33150e-05
160 -0.25 1.93344e-02 9.96783e-06
180 -0.25 2.13235e-02 1.58894e-05
200 -0.25 2.14377e-02 7.44885e-06
220 -0.25 2.15060e-02 1.51047e-05
240 -0.25 2.20453e-02 1.06759e-05
260 -0.25 2.15308e-02 1.42126e-05
280 -0.25 2.09980e-02 5.63032e-06
300 -0.25 2.13205e-02 6.53162e-06
20 0.00 2.25903e-02 1.18105e-05
40 0.00 2.14512e-02 1.54536e-05
60 0.00 2.27826e-02 8.65972e-06
80 0.00 2.19441e-02 9.46564e-06
100 0.00 2.29049e-02 1.94125e-05
120 0.00 2.22054e-02 2.29311e-05
140 0.00 1.94380e-02 7.95173e-06
160 0.00 1.88291e-02 6.71488e-06
180 0.00 2.05109e-02 7.23377e-06
200 0.00 2.02039e-02 5.78863e-06
220 0.00 2.21944e-02 1.12228e-05
240 0.00 2.28659e-02 1.18282e-05
260 0.00 2.23477e-02 1.69378e-05
280 0.00 2.10217e-02 1.16064e-05
300 0.00 2.22624e-02 1.03120e-05
20 0.25 2.29882e-02 1.84161e-05
40 0.25 2.03687e-02 1.05845e-05
60 0.25 2.25370e-02 1.37779e-05
80 0.25 2.15519e-02 1.33617e-05
100 0.25 2.29163e-02 1.61974e-05
120 0.25 2.09881e-02 5.50519e-06
140 0.25 2.07572e-02 1.33881e-05
160 0.25 1.89917e-02 1.69858e-05
180 0.25 2.19847e-02 1.73813e-05
200 0.25 2.13644e-02 1.25129e-05
220 0.25 2.14461e-02 1.10258e-05
240 0.25 2.18953e-02 1.00523e-05
260 0.25 2.20116e-02 1.22465e-05
280 0.25 2.18090e-02 9.30817e-06
300 0.25 2.18268e-02 1.21499e-05
20 0.50 2.17902e-02 1.91137e-05
40 0.50 2.03841e-02 1.17576e-05
60 0.50 2.20128e-02 8.86086e-06
80 0.50 2.19345e-02 1.76796e-05
100 0.50 2.12217e-02 1.17795e-05
120 0.50 2.14381e-02 1.13436e-05
140 0.50 2.05322e-02 1.62101e-05
160 0.50 1.77323e-02 1.21158e-05
180 0.50 2.12361e-02 1.04985e-05
200 0.50 2.12003e-02 1.82503e-05
220 0.50 2.34345e-02 1.68904e-05
240 0.50 2.17359e-02 1.26707e-05
260 0.50 2.19472e-02 1.70928e-05
280 0.50 2.14225e-02 1.11455e-05
300 0.50 2.06577e-02 8.82553e-06
20 0.75 2.17816e-02 1.67646e-05
40 0.75 1.99870e-02 6.40284e-06
60 0.75 2.29730e-02 1.31962e-05
80 0.75 2.03598e-02 1.51497e-05
100 0.75 2.24584e-02 1.51216e-05
120 0.75 2.05375e-02 8.37924e-06
140 0.75 2.04665e-02 1.39868e-05
160 0.75 1.90797e-02 1.14002e-05
180 0.75 2.18180e-02 1.01584e-05
200 0.75 2.15537e-02 2.63896e-05
220 0.75 2.21557e-02 2.03927e-05
240 0.75 2.25397e-02 1.61586e-05
260 0.75 2.15194e-02 1.91783e-05
280 0.75 2.09786e-02 1.14386e-05
300 0.75 2.24915e-02 1.41140e-05
20 1.00 2.26162e-02 1.13878e-05
40 1.00 2.03737e-02 1.15915e-05
60 1.00 2.22230e-02 1.19245e-05
80 1.00 2.07277e-02 1.33955e-05
100 1.00 2.16266e-02 1.20384e-05
120 1.00 2.11607e-02 1.85201e-05
140 1.00 2.04368e-02 1.35375e-05
160 1.00 1.89956e-02 1.51169e-05
180 1.00 2.04974e-02 8.24450e-06
200 1.00 1.92509e-02 1.22789e-05
220 1.00 2.23021e-02 1.85639e-05
240 1.00 2.11633e-02 1.58435e-05
260 1.00 2.12054e-02 1.12382e-05
280 1.00 2.08697e-02 1.30697e-05
300 1.00 2.19877e-02 1.14957e-05
2 -1.00 2.05105e-02 8.27123e-06
22 -1.00 2.14083e-02 7.96086e-06
42 -1.00 2.01593e-02 7.57816e-06
62 -1.00 2.14567e-02 6.91603e-06
82 -1.00 2.36716e-02 2.01309e-05
102 -1.00 2.09424e-02 1.52112e-05
122 -1.00 2.23844e-02 8.24221e-06
142 -1.00 2.09036e-02 1.15980e-05
162 -1.00 2.24122e-02 1.37113e-05
182 -1.00 2.00554e-02 8.83295e-06
202 -1.00 2.03758e-02 1.40149e-05
222 -1.00 2.23910e-02 1.60456e-05
242 -1.00 2.17857e-02 1.27524e-05
262 -1.00 1.98208e-02 4.61312e-06
282 -1.00 2.16887e-02 8.30265e-06
2 -0.75 2.01596e-02 1.55352e-05
22 -0.75 2.11403e-02 8.84566e-06
42 -0.75 1.95711e-02 7.57292e-06
62 -0.75 2.15495e-02 1.18590e-05
82 -0.75 2.17614e-02 1.11016e-05
102 -0.75 2.01174e-02 6.81421e-06
122 -0.75 2.35878e-02 2.83122e-05
142 -0.75 2.05740e-02 1.58311e-05
162 -0.75 2.14670e-02 1.22561e-05
182 -0.75 2.03116e-02 1.30182e-05
202 -0.75 1.99949e-02 8.09489e-06
222 -0.75 2.20263e-02 1.18004e-05
242 -0.75 2.19694e-02 1.59317e-05
262 -0.75 2.13800e-02 1.53627e-05
282 -0.75 2.26596e-02 1.28252e-05
2 -0.50 2.00921e-02 9.98602e-06
22 -0.50 2.07611e-02 1.34916e-05
42 -0.50 2.00978e-02 9.54344e-06
62 -0.50 2.08466e-02 1.03967e-05
82 -0.50 2.21636e-02 1.29728e-05
102 -0.50 1.97707e-02 5.80014e-06
122 -0.50 2.22792e-02 8.26004e-06
142 -0.50 2.04866e-02 9.78220e-06
162 -0.50 2.24497e-02 1.46312e-05
182 -0.50 2.04111e-02 7.90198e-06
202 -0.50 2.04943e-02 6.13818e-06
222 -0.50 2.16617e-02 1.60678e-05
242 -0.50 2.11719e-02 8.76248e-06
262 -0.50 2.09789e-02 1.09339e-05
282 -0.50 2.21474e-02 1.21688e-05
2 -0.25 1.99653e-02 1.22050e-05
22 -0.25 2.01043e-02 1.16580e-05
42 -0.25 1.97413e-02 1.28190e-05
62 -0.25 2.10929e-02 1.20288e-05
82 -0.25 2.04821e-02 5.15261e-06
102 -0.25 2.04700e-02 6.67616e-06
122 -0.25 2.21476e-02 1.06295e-05
142 -0.25 1.98533e-02 1.57116e-05
162 -0.25 2.29252e-02 2.34170e-05
182 -0.25 1.93547e-02 6.66680e-06
202 -0.25 2.00627e-02 7.51682e-06
222 -0.25 2.16004e-02 8.94527e-06
242 -0.25 2.05262e-02 1.45463e-05
262 -0.25 2.12608e-02 1.93350e-05
282 -0.25 2.12977e-02 1.40929e-05
2 0.00 2.03216e-02 1.66210e-05
22 0.00 1.96432e-02 1.09104e-05
42 0.00 1.89554e-02 8.05872e-06
62 0.00 2.16277e-02 1.45773e-05
82 0.00 2.12495e-02 8.12153e-06
102 0.00 2.01981e-02 9.29614e-06
122 0.00 2.25031e-02 1.58886e-05
142 0.00 2.05977e-02 1.07661e-05
162 0.00 2.07016e-02 9.88959e-06
182 0.00 2.05046e-02 1.04152e-05
202 0.00 2.07109e-02 1.58415e-05
222 0.00 2.08543e-02 1.10404e-05
242 0.00 2.16659e-02 2.38437e-05
262 0.00 1.97261e-02 9.53285e-06
282 0.00 2.14890e-02 9.68640e-06
2 0.25 1.94657e-02 1.30498e-05
22 0.25 1.87936e-02 8.41990e-06
42 0.25 1.95977e-02 9.85611e-06
62 0.25 2.06478e-02 1.02004e-05
82 0.25 2.14939e-02 1.22545e-05
102 0.25 1.94470e-02 7.91738e-06
122 0.25 2.22688e-02 1.27961e-05
142 0.25 2.02828e-02 1.14898e-05
162 0.25 2.14829e-02 1.47147e-05
182 0.25 1.98568e-02 1.31156e-05
202 0.25 2.03412e-02 1.28149e-05
222 0.25 2.13862e-02 9.62932e-06
242 0.25 2.10676e-02 1.44807e-05
262 0.25 2.03373e-02 1.18831e-05
282 0.25 2.13585e-02 1.49456e-05
2 0.50 2.00639e-02 1.37165e-05
22 0.50 1.90800e-02 9.23001e-06
42 0.50 1.95227e-02 7.90316e-06
62 0.50 2.09532e-02 1.60558e-05
82 0.50 2.09152e-02 1.23067e-05
102 0.50 2.00084e-02 1.10788e-05
122 0.50 2.18665e-02 1.09334e-05
142 0.50 2.02950e-02 1.94510e-05
162 0.50 2.12452e-02 9.79672e-06
182 0.50 1.93987e-02 1.06736e-05
202 0.50 1.96305e-02 1.18148e-05
222 0.50 2.15911e-02 1.80076e-05
242 0.50 2.06762e-02 1.66103e-05
262 0.50 2.00043e-02 1.03074e-05
282 0.50 2.17584e-02 1.01512e-05
2 0.75 2.06067e-02 1.70068e-05
22 0.75 1.97139e-02 1.89638e-05
42 0.75 1.98788e-02 2.55183e-05
62 0.75 2.03936e-02 1.15766e-05
82 0.75 2.15374e-02 1.24986e-05
102 0.75 1.99533e-02 1.90696e-05
122 0.75 2.15235e-02 1.34768e-05
142 0.75 2.13778e-02 2.09266e-05
162 0.75 2.00319e-02 1.38785e-05
182 0.75 2.01033e-02 9.11462e-06
202 0.75 2.06536e-02 1.78363e-05
222 0.75 2.07004e-02 1.71557e-05
242 0.75 2.11582e-02 2.05148e-05
262 0.75 2.00926e-02 1.30490e-05
282 0.75 2.04878e-02 1.05410e-05
2 1.00 1.99100e-02 1.83841e-05
22 1.00 2.00216e-02 2.99657e-05
42 1.00 1.98013e-02 1.25211e-05
62 1.00 2.11721e-02 1.81318e-05
82 1.00 2.26707e-02 2.53795e-05
102 1.00 1.99514e-02 1.93602e-05
122 1.00 2.29140e-02 1.10938e-05
142 1.00 1.99825e-02 1.23897e-05
162 1.00 2.14966e-02 1.86952e-05
182 1.00 2.05791e-02 1.03646e-05
202 1.00 1.99868e-02 1.76484e-05
222 1.00 2.12836e-02 2.13609e-05
242 1.00 2.05214e-02 1.83534e-05
262 1.00 1.95765e-02 1.53265e-05
282 1.00 2.07886e-02 1.24657e-05
3 -1.00 2.11239e-02 8.46171e-06
23 -1.00 2.07438e-02 5.13160e-06
43 -1.00 2.17338e-02 7.84235e-06
63 -1.00 2.32875e-02 1.03985e-05
83 -1.00 2.08617e-02 1.47057e-05
103 -1.00 2.12610e-02 5.08067e-06
123 -1.00 1.86045e-02 9.02813e-06
143 -1.00 2.06324e-02 9.81039e-06
163 -1.00 2.11537e-02 1.51495e-05
183 -1.00 2.28178e-02 1.53585e-05
203 -1.00 2.18043e-02 1.01205e-05
223 -1.00 2.25590e-02 2.27915e-05
243 -1.00 2.26500e-02 9.76911e-06
263 -1.00 2.11813e-02 1.05559e-05
283 -1.00 2.11836e-02 1.02059e-05
3 -0.75 2.03433e-02 9.59095e-06
23 -0.75 2.05286e-02 7.00788e-06
43 -0.75 2.12492e-02 7.63534e-06
63 -0.75 2.29503e-02 8.02909e-06
83 -0.75 2.09139e-02 5.43860e-06
103 -0.75 2.18419e-02 1.30171e-05
123 -0.75 1.87443e-02 1.08150e-05
143 -0.75 2.08631e-02 1.35665e-05
163 -0.75 1.99239e-02 1.39511e-05
183 -0.75 2.23580e-02 9.47127e-06
203 -0.75 2.14919e-02 5.19603e-06
223 -0.75 2.12798e-02 4.94382e-06
243 -0.75 2.17625e-02 7.91008e-06
263 -0.75 2.10611e-02 1.11299e-05
283 -0.75 2.07228e-02 1.04026e-05
3 -0.50 2.05034e-02 1.74123e-05
23 -0.50 2.02833e-02 7.46549e-06
43 -0.50 2.21628e-02 1.00355e-05
63 -0.50 2.38254e-02 1.44804e-05
83 -0.50 2.19059e-02 1.12847e-05
103 -0.50 2.09920e-02 1.24771e-05
123 -0.50 1.85592e-02 1.20639e-05
143 -0.50 1.99648e-02 1.01236e-05
163 -0.50 1.94098e-02 6.74770e-06
183 -0.50 2.21470e-02 1.10592e-05
203 -0.50 2.18129e-02 1.39274e-05
223 -0.50 2.21240e-02 2.59251e-05
243 -0.50 2.21009e-02 9.28919e-06
263 -0.50 2.15101e-02 1.21877e-05
283 -0.50 1.99716e-02 6.72460e-06
3 -0.25 1.98888e-02 6.61811e-06
23 -0.25 2.03291e-02 6.71223e-06
43 -0.25 2.14652e-02 6.90675e-06
63 -0.25 2.22334e-02 1.27740e-05
83 -0.25 2.06555e-02 1.05144e-05
103 -0.25 2.13000e-02 9.60937e-06
123 -0.25 1.84002e-02 9.33087e-06
143 -0.25 1.91813e-02 7.93107e-06
163 -0.25 1.86555e-02 5.47207e-06
183 -0.25 2.26741e-02 2.11585e-05
203 -0.25 2.14402e-02 1.46990e-05
223 -0.25 2.14190e-02 1.39692e-05
243 -0.25 2.26584e-02 1.19568e-05
263 -0.25 2.20175e-02 1.63087e-05
283 -0.25 2.13066e-02 1.47523e-05
3 0.00 2.01606e-02 7.99776e-06
23 0.00 2.15287e-02 2.15820e-05
43 0.00 2.16063e-02 1.82801e-05
63 0.00 2.30819e-02 3.07993e-05
83 0.00 2.10025e-02 1.12028e-05
103 0.00 2.06304e-02 1.17244e-05
123 0.00 1.83248e-02 1.08068e-05
143 0.00 1.96421e-02 1.14642e-05
163 0.00 1.93574e-02 1.28367e-05
183 0.00 2.21333e-02 1.41990e-05
203 0.00 2.13464e-02 1.10851e-05
223 0.00 2.10741e-02 8.11755e-06
243 0.00 2.15998e-02 1.51242e-05
263 0.00 2.15448e-02 1.12685e-05
283 0.00 2.06712e-02 5.55562e-06
3 0.25 2.04246e-02 8.26916e-06
23 0.25 2.02266e-02 1.38295e-05
43 0.25 2.13981e-02 1.04342e-05
63 0.25 2.17785e-02 1.00754e-05
83 0.25 2.04487e-02 7.85260e-06
103 0.25 2.16569e-02 1.55509e-05
123 0.25 1.83032e-02 1.11783e-05
143 0.25 1.87995e-02 9.56780e-06
163 0.25 1.92019e-02 7.69270e-06
183 0.25 2.17847e-02 1.34769e-05
203 0.25 2.21734e-02 1.36399e-05
223 0.25 2.03090e-02 7.49367e-06
243 0.25 2.09457e-02 1.38734e-05
263 0.25 2.11504e-02 1.69725e-05
283 0.25 2.10320e-02 2.10198e-05
3 0.50 2.09505e-02 1.68542e-05
23 0.50 2.05434e-02 1.41282e-05
43 0.50 2.13534e-02 1.25285e-05
63 0.50 2.19761e-02 1.14150e-05
83 0.50 2.02500e-02 1.23838e-05
103 0.50 2.02013e-02 1.04411e-05
123 0.50 1.77266e-02 1.37014e-05
143 0.50 1.97983e-02 1.69212e-05
163 0.50 2.03363e-02 1.04974e-05
183 0.50 2.18622e-02 2.17910e-05
203 0.50 2.00060e-02 8.68665e-06
223 0.50 2.03863e-02 9.43987e-06
243 0.50 2.09433e-02 1.35492e-05
263 0.50 2.13933e-02 2.31382e-05
283 0.50 2.00333e-02 8.96168e-06
3 0.75 2.09757e-02 1.90055e-05
23 0.75 2.09626e-02 1.69451e-05
43 0.75 2.15829e-02 1.39598e-05
63 0.75 2.16230e-02 1.40891e-05
83 0.75 2.17414e-02 2.87425e-05
103 0.75 2.07636e-02 1.09894e-05
123 0.75 1.80082e-02 1.58991e-05
143 0.75 2.00713e-02 1.28202e-05
163 0.75 2.02175e-02 1.15934e-05
183 0.75 2.07292e-02 1.34249e-05
203 0.75 1.94285e-02 1.05644e-05
223 0.75 2.06443e-02 1.03441e-05
243 0.75 2.14089e-02 1.16744e-05
263 0.75 2.12800e-02 1.71739e-05
283 0.75 2.09598e-02 2.22967e-05
3 1.00 2.05907e-02 2.73704e-05
23 1.00 2.00727e-02 1.76198e-05
43 1.00 2.03818e-02 9.59021e-06
63 1.00 2.27996e-02 1.78975e-05
83 1.00 2.21381e-02 1.64162e-05
103 1.00 2.06310e-02 8.95606e-06
123 1.00 1.69445e-02 4.94375e-06
143 1.00 1.98902e-02 2.14172e-05
163 1.00 1.92876e-02 2.09379e-05
183 1.00 2.10727e-02 1.38015e-05
203 1.00 2.09704e-02 1.59438e-05
223 1.00 2.06978e-02 1.51872e-05
243 1.00 2.17324e-02 1.48161e-05
263 1.00 2.05134e-02 1.60339e-05
283 1.00 2.11608e-02 1.56297e-05
4 -1.00 2.20469e-02 1.10913e-05
24 -1.00 2.12823e-02 1.12918e-05
44 -1.00 2.08472e-02 6.05553e-06
64 -1.00 2.20396e-02 5.19690e-06
84 -1.00 2.07468e-02 7.00351e-06
104 -1.00 2.38124e-02 2.35418e-05
124 -1.00 2.09746e-02 7.97811e-06
144 -1.00 2.06908e-02 5.83194e-06
164 -1.00 2.08961e-02 5.25603e-06
184 -1.00 2.19267e-02 1.77267e-05
204 -1.00 2.19997e-02 1.15046e-05
224 -1.00 2.07492e-02 1.10393e-05
244 -1.00 2.14413e-02 8.14474e-06
264 -1.00 2.12216e-02 4.50802e-06
284 -1.00 2.12057e-02 1.02650e-05
4 -0.75 2.32946e-02 1.62305e-05
24 -0.75 2.15171e-02 1.35481e-05
44 -0.75 2.07861e-02 6.01384e-06
64 -0.75 2.19394e-02 1.38398e-05
84 -0.75 2.09112e-02 7.97973e-06
104 -0.75 2.20972e-02 1.13876e-05
124 -0.75 2.19225e-02 7.50012e-06
144 -0.75 2.06983e-02 9.18085e-06
164 -0.75 2.14792e-02 9.51187e-06
184 -0.75 2.12737e-02 1.37848e-05
204 -0.75 2.17627e-02 1.32757e-05
224 -0.75 2.01505e-02 1.40533e-05
244 -0.75 2.14730e-02 6.65404e-06
264 -0.75 2.12765e-02 7.44136e-06
284 -0.75 2.16984e-02 8.13055e-06
4 -0.50 2.35919e-02 9.58614e-06
24 -0.50 2.06753e-02 9.05223e-06
44 -0.50 2.03819e-02 7.72889e-06
64 -0.50 2.17214e-02 1.26493e-05
84 -0.50 2.23924e-02 1.22244e-05
104 -0.50 2.41653e-02 1.86560e-05
124 -0.50 2.18014e-02 2.08344e-05
144 -0.50 2.04763e-02 9.35981e-06
164 -0.50 2.07269e-02 4.92030e-06
184 -0.50 2.15088e-02 1.13342e-05
204 -0.50 2.08449e-02 6.18626e-06
224 -0.50 2.02540e-02 1.15213e-05
244 -0.50 2.18292e-02 6.95003e-06
264 -0.50 2.11731e-02 9.10418e-06
284 -0.50 2.25381e-02 1.66638e-05
4 -0.25 2.29471e-02 1.92799e-05
24 -0.25 1.98205e-02 5.48618e-06
44 -0.25 2.08020e-02 1.27203e-05
64 -0.25 2.11762e-02 1.09071e-05
84 -0.25 2.11552e-02 6.24937e-06
104 -0.25 2.30555e-02 2.17065e-05
124 -0.25 2.08895e-02 1.51130e-05
144 -0.25 1.97771e-02 5.44844e-06
164 -0.25 2.13241e-02 1.11351e-05
184 -0.25 2.10115e-02 9.67051e-06
204 -0.25 2.08322e-02 1.22282e-05
224 -0.25 1.83884e-02 6.92580e-06
244 -0.25 2.24629e-02 1.30221e-05
264 -0.25 2.23079e-02 9.94309e-06
284 -0.25 2.16489e-02 8.90141e-06
4 0.00 2.19935e-02 1.16540e-05
24 0.00 2.09878e-02 1.48806e-05
44 0.00 1.96344e-02 7.31209e-06
64 0.00 2.17066e-02 1.60584e-05
84 0.00 2.00429e-02 8.48804e-06
104 0.00 2.21364e-02 1.44276e-05
124 0.00 2.01809e-02 1.22988e-05
144 0.00 1.98016e-02 5.65183e-06
164 0.00 2.11024e-02 1.34341e-05
184 0.00 2.18589e-02 1.42201e-05
204 0.00 2.12220e-02 1.17585e-05
224 0.00 2.04344e-02 1.92467e-05
244 0.00 2.22706e-02 1.29845e-05
264 0.00 2.14504e-02 1.61279e-05
284 0.00 2.10607e-02 1.19761e-05
4 0.25 2.22057e-02 9.37402e-06
24 0.25 2.08117e-02 1.56427e-05
44 0.25 2.08188e-02 1.46076e-05
64 0.25 2.09070e-02 2.01777e-05
84 0.25 2.07891e-02 1.21848e-05
104 0.25 2.26358e-02 1.39042e-05
124 0.25 2.07959e-02 1.30982e-05
144 0.25 2.07599e-02 8.24194e-06
164 0.25 2.05906e-02 1.39361e-05
184 0.25 2.11456e-02 1.11548e-05
204 0.25 2.12368e-02 1.45511e-05
224 0.25 1.88805e-02 1.61560e-05
244 0.25 2.18901e-02 1.97900e-05
264 0.25 2.11917e-02 1.22509e-05
284 0.25 2.12418e-02 1.01426e-05
4 0.50 2.29189e-02 9.74755e-06
24 0.50 2.04187e-02 1.12655e-05
44 0.50 2.09643e-02 1.75357e-05
64 0.50 2.12862e-02 1.13195e-05
84 0.50 2.02072e-02 2.01138e-05
104 0.50 2.22812e-02 1.42888e-05
124 0.50 2.09399e-02 2.05830e-05
144 0.50 2.04426e-02 1.58763e-05
164 0.50 2.03518e-02 1.02621e-05
184 0.50 2.05061e-02 1.53997e-05
204 0.50 2.16098e-02 1.62431e-05
224 0.50 1.83122e-02 9.89919e-06
244 0.50 2.15448e-02 1.08898e-05
264 0.50 2.13613e-02 1.38487e-05
284 0.50 2.06904e-02 9.10681e-06
4 0.75 2.22896e-02 1.26213e-05
24 0.75 2.05004e-02 1.02707e-05
44 0.75 1.94425e-02 5.61403e-06
64 0.75 2.15428e-02 1.04563e-05
84 0.75 2.05069e-02 1.08995e-05
104 0.75 2.17977e-02 1.11093e-05
124 0.75 2.03702e-02 1.14291e-05
144 0.75 2.16808e-02 1.48829e-05
164 0.75 2.00871e-02 1.36136e-05
184 0.75 2.05803e-02 1.36671e-05
204 0.75 2.16310e-02 1.42004e-05
224 0.75 1.91022e-02 2.29109e-05
244 0.75 2.18201e-02 1.62711e-05
264 0.75 2.15946e-02 1.52643e-05
284 0.75 2.11991e-02 1.64171e-05
4 1.00 2.13891e-02 1.12974e-05
24 1.00 2.06080e-02 7.76226e-06
44 1.00 2.01617e-02 1.38648e-05
64 1.00 2.11815e-02 1.55882e-05
84 1.00 2.07786e-02 1.22616e-05
104 1.00 2.23151e-02 2.02411e-05
124 1.00 2.02022e-02 1.39696e-05
144 1.00 2.11704e-02 1.75086e-05
164 1.00 2.14211e-02 1.60085e-05
184 1.00 2.11379e-02 1.42965e-05
204 1.00 2.20891e-02 2.43043e-05
224 1.00 1.87043e-02 2.06642e-05
244 1.00 2.14101e-02 1.30570e-05
264 1.00 2.05694e-02 1.55403e-05
284 1.00 2.12620e-02 1.26432e-05
5 -1.00 2.02500e-02 6.94196e-06
25 -1.00 2.15505e-02 1.97911e-05
45 -1.00 2.18936e-02 1.61170e-05
65 -1.00 2.18055e-02 7.12111e-06
85 -1.00 2.06111e-02 7.25469e-06
105 -1.00 2.08932e-02 4.85867e-06
125 -1.00 2.32510e-02 1.68336e-05
145 -1.00 2.19861e-02 6.68436e-06
165 -1.00 2.24881e-02 1.88013e-05
185 -1.00 2.24598e-02 8.46249e-06
205 -1.00 2.12534e-02 8.04222e-06
225 -1.00 2.32819e-02 1.56387e-05
245 -1.00 2.08480e-02 7.10313e-06
265 -1.00 2.11171e-02 1.40040e-05
285 -1.00 2.11325e-02 8.87097e-06
5 -0.75 2.30567e-02 1.36037e-05
25 -0.75 2.15019e-02 1.59818e-05
45 -0.75 2.22284e-02 1.11951e-05
65 -0.75 2.16700e-02 9.64623e-06
85 -0.75 2.05415e-02 1.55041e-05
105 -0.75 2.08644e-02 1.13728e-05
125 -0.75 2.25810e-02 1.29256e-05
145 -0.75 2.14973e-02 1.06477e-05
165 -0.75 2.12246e-02 9.90973e-06
185 -0.75 2.26701e-02 8.44601e-06
205 -0.75 2.12706e-02 1.13078e-05
225 -0.75 2.34066e-02 1.52036e-05
245 -0.75 2.04428e-02 5.86213e-06
265 -0.75 2.08113e-02 1.12855e-05
285 -0.75 2.04619e-02 4.94425e-06
5 -0.50 2.32909e-02 1.17594e-05
25 -0.50 2.09068e-02 1.49112e-05
45 -0.50 2.12978e-02 7.65427e-06
65 -0.50 2.23159e-02 1.13659e-05
85 -0.50 2.04869e-02 1.55519e-05
105 -0.50 2.17691e-02 3.14022e-05
125 -0.50 2.14310e-02 7.64340e-06
145 -0.50 2.15007e-02 9.90855e-06
165 -0.50 2.18309e-02 1.24871e-05
185 -0.50 2.29096e-02 1.15892e-05
205 -0.50 2.12182e-02 1.19000e-05
225 -0.50 2.26458e-02 1.13487e-05
245 -0.50 1.99002e-02 1.07347e-05
265 -0.50 2.08411e-02 9.67695e-06
285 -0.50 2.09365e-02 8.85672e-06
5 -0.25 2.22266e-02 1.43395e-05
25 -0.25 2.07905e-02 1.61951e-05
45 -0.25 2.12780e-02 1.64566e-05
65 -0.25 2.07945e-02 7.01888e-06
85 -0.25 2.04235e-02 1.24545e-05
105 -0.25 2.09132e-02 7.98745e-06
125 -0.25 2.21714e-02 1.15943e-05
145 -0.25 2.22606e-02 1.64302e-05
165 -0.25 2.19379e-02 9.08889e-06
185 -0.25 2.27946e-02 1.48089e-05
205 -0.25 2.08519e-02 1.34210e-05
225 -0.25 2.27677e-02 1.30154e-05
245 -0.25 1.95479e-02 9.42107e-06
265 -0.25 2.05475e-02 1.08855e-05
285 -0.25 2.03834e-02 8.44253e-06
5 0.00 2.23982e-02 9.11150e-06
25 0.00 2.07275e-02 1.75854e-05
45 0.00 2.11606e-02 1.64268e-05
65 0.00 2.12806e-02 8.78889e-06
85 0.00 2.02929e-02 1.20666e-05
105 0.00 2.02237e-02 1.18402e-05
125 0.00 2.18737e-02 1.85994e-05
145 0.00 2.17979e-02 1.24358e-05
165 0.00 2.13864e-02 1.46898e-05
185 0.00 2.23539e-02 1.71782e-05
205 0.00 2.04829e-02 7.35280e-06
225 0.00 2.20583e-02 1.03291e-05
245 0.00 2.00544e-02 1.01573e-05
265 0.00 2.06055e-02 1.04431e-05
285 0.00 2.04707e-02 8.55485e-06
5 0.25 2.29620e-02 2.33996e-05
25 0.25 1.97486e-02 1.07503e-05
45 0.25 2.25649e-02 2.67997e-05
65 0.25 2.15407e-02 1.31130e-05
85 0.25 2.09236e-02 1.57936e-05
105 0.25 2.08341e-02 7.71156e-06
125 0.25 2.08985e-02 1.14494e-05
145 0.25 2.09472e-02 9.18586e-06
165 0.25 2.11929e-02 1.10899e-05
185 0.25 2.16857e-02 1.08265e-05
205 0.25 2.13881e-02 7.44805e-06
225 0.25 2.19296e-02 8.15978e-06
245 0.25 2.03463e-02 1.01008e-05
265 0.25 2.12735e-02 1.10027e-05
285 0.25 2.01612e-02 8.17838e-06
5 0.50 2.27486e-02 1.43324e-05
25 0.50 2.09620e-02 1.11843e-05
45 0.50 1.95369e-02 9.68730e-06
65 0.50 2.07922e-02 1.08662e-05
85 0.50 2.00011e-02 9.84807e-06
105 0.50 2.00756e-02 1.13456e-05
125 0.50 2.14977e-02 1.42896e-05
145 0.50 2.18622e-02 1.64607e-05
165 0.50 2.23230e-02 1.22126e-05
185 0.50 2.24869e-02 1.55978e-05
205 0.50 2.11668e-02 1.52191e-05
225 0.50 2.26316e-02 1.37715e-05
245 0.50 2.03741e-02 9.40895e-06
265 0.50 2.06502e-02 8.69568e-06
285 0.50 2.10363e-02 1.07000e-05
5 0.75 2.24752e-02 1.93606e-05
25 0.75 2.01606e-02 9.99569e-06
45 0.75 2.09340e-02 1.82024e-05
65 0.75 2.20451e-02 1.24858e-05
85 0.75 1.95571e-02 1.57394e-05
105 0.75 1.94546e-02 5.47543e-06
125 0.75 2.15326e-02 1.38962e-05
145 0.75 2.16874e-02 1.20427e-05
165 0.75 2.16258e-02 1.26957e-05
185 0.75 2.22300e-02 1.54987e-05
205 0.75 2.19608e-02 1.78284e-05
225 0.75 2.29939e-02 1.32005e-05
245 0.75 2.09251e-02 1.79336e-05
265 0.75 1.99308e-02 1.42688e-05
285 0.75 2.05473e-02 1.47817e-05
5 1.00 2.20662e-02 1.33722e-05
25 1.00 2.10682e-02 1.33321e-05
45 1.00 2.10977e-02 1.93481e-05
65 1.00 2.24530e-02 2.46040e-05
85 1.00 2.03380e-02 2.23400e-05
105 1.00 2.02175e-02 1.37748e-05
125 1.00 2.10956e-02 1.51468e-05
145 1.00 2.13880e-02 1.31599e-05
165 1.00 2.22951e-02 2.20818e-05
185 1.00 2.23173e-02 1.56128e-05
205 1.00 2.07534e-02 8.10057e-06
225 1.00 2.12338e-02 1.43930e-05
245 1.00 1.97294e-02 1.01253e-05
265 1.00 2.12878e-02 1.79410e-05
285 1.00 2.07364e-02 1.38647e-05
6 -1.00 2.23717e-02 2.15687e-05
26 -1.00 2.17651e-02 1.28923e-05
46 -1.00 2.06391e-02 6.57384e-06
66 -1.00 2.24558e-02 1.47528e-05
86 -1.00 2.77570e-02 3.05065e-05
106 -1.00 2.34888e-02 1.35960e-05
126 -1.00 2.38192e-02 9.47027e-06
146 -1.00 1.98108e-02 9.32019e-06
166 -1.00 2.32349e-02 1.48212e-05
186 -1.00 2.10402e-02 8.13702e-06
206 -1.00 2.29293e-02 1.35014e-05
226 -1.00 2.31301e-02 1.58006e-05
246 -1.00 2.14301e-02 1.34850e-05
266 -1.00 2.29392e-02 9.85732e-06
286 -1.00 2.19887e-02 9.80646e-06
6 -0.75 2.12866e-02 7.34966e-06
26 -0.75 2.13232e-02 9.69453e-06
46 -0.75 1.99912e-02 4.30307e-06
66 -0.75 2.20691e-02 6.00090e-06
86 -0.75 2.77642e-02 1.17200e-05
106 -0.75 2.23617e-02 1.25816e-05
126 -0.75 2.49481e-02 2.31862e-05
146 -0.75 1.95787e-02 5.24447e-06
166 -0.75 2.31034e-02 1.17263e-05
186 -0.75 2.10516e-02 5.83365e-06
206 -0.75 2.37270e-02 1.27762e-05
226 -0.75 2.21697e-02 7.12853e-06
246 -0.75 1.99040e-02 5.36284e-06
266 -0.75 2.14329e-02 5.08619e-06
286 -0.75 2.10167e-02 7.57722e-06
6 -0.50 2.06287e-02 6.64821e-06
26 -0.50 2.13750e-02 1.29355e-05
46 -0.50 2.04785e-02 1.41041e-05
66 -0.50 2.32574e-02 1.69837e-05
86 -0.50 2.80356e-02 1.50835e-05
106 -0.50 2.30261e-02 1.54249e-05
126 -0.50 2.38082e-02 2.87835e-05
146 -0.50 2.01108e-02 9.04716e-06
166 -0.50 2.27452e-02 1.06146e-05
186 -0.50 2.08113e-02 7.18955e-06
206 -0.50 2.40607e-02 1.66810e-05
226 -0.50 2.21320e-02 9.34895e-06
246 -0.50 2.11839e-02 6.89752e-06
266 -0.50 2.28147e-02 2.43542e-05
286 -0.50 2.03479e-02 6.15064e-06
6 -0.25 2.06497e-02 8.27100e-06
26 -0.25 2.10271e-02 1.71611e-05
46 -0.25 2.05965e-02 1.04336e-05
66 -0.25 2.20651e-02 1.30647e-05
86 -0.25 2.66600e-02 1.24398e-05
106 -0.25 2.24476e-02 1.08828e-05
126 -0.25 2.42809e-02 1.53234e-05
146 -0.25 1.97565e-02 6.87878e-06
166 -0.25 2.33919e-02 1.26281e-05
186 -0.25 2.14143e-02 1.39742e-05
206 -0.25 2.14644e-02 1.16116e-05
226 -0.25 2.33460e-02 1.96574e-05
246 -0.25 2.05703e-02 8.81141e-06
266 -0.25 2.17718e-02 9.44845e-06
286 -0.25 2.08988e-02 1.57445e-05
6 0.00 2.14771e-02 2.25445e-05
26 0.00 2.05300e-02 1.02888e-05
46 0.00 2.01278e-02 7.95891e-06
66 0.00 2.17774e-02 1.18726e-05
86 0.00 2.71637e-02 2.43840e-05
106 0.00 2.23312e-02 8.14221e-06
126 0.00 2.27932e-02 1.87026e-05
146 0.00 2.00974e-02 1.01108e-05
166 0.00 2.16355e-02 9.06755e-06
186 0.00 2.15558e-02 1.90783e-05
206 0.00 2.24091e-02 1.73461e-05
226 0.00 2.15736e-02 8.13598e-06
246 0.00 2.13120e-02 1.09339e-05
266 0.00 2.25318e-02 1.62243e-05
286 0.00 2.18826e-02 2.46715e-05
6 0.25 2.19739e-02 1.55098e-05
26 0.25 2.08579e-02 1.35072e-05
46 0.25 2.04573e-02 9.33865e-06
66 0.25 2.23239e-02 1.25873e-05
86 0.25 2.62545e-02 1.99196e-05
106 0.25 2.22896e-02 1.08596e-05
126 0.25 2.33237e-02 1.76297e-05
146 0.25 2.02814e-02 9.75330e-06
166 0.25 2.30360e-02 1.11593e-05
186 0.25 2.04685e-02 8.81598e-06
206 0.25 2.13722e-02 1.10391e-05
226 0.25 2.30729e-02 1.36544e-05
246 0.25 2.06646e-02 6.48036e-06
266 0.25 2.24317e-02 1.41745e-05
286 0.25 1.99128e-02 1.03238e-05
6 0.50 2.08054e-02 1.53269e-05
26 0.50 2.08912e-02 1.38552e-05
46 0.50 2.06037e-02 1.42051e-05
66 0.50 2.09750e-02 1.00816e-05
86 0.50 2.53490e-02 1.48541e-05
106 0.50 2.27456e-02 1.43493e-05
126 0.50 2.16060e-02 6.95801e-06
146 0.50 1.99841e-02 9.10151e-06
166 0.50 2.44781e-02 2.35303e-05
186 0.50 2.02185e-02 6.23750e-06
206 0.50 2.21620e-02 2.28233e-05
226 0.50 2.22814e-02 1.28204e-05
246 0.50 2.16648e-02 1.33562e-05
266 0.50 2.30332e-02 2.08725e-05
286 0.50 2.06056e-02 1.12143e-05
6 0.75 2.09167e-02 2.09088e-05
26 0.75 2.07275e-02 1.20171e-05
46 0.75 2.00833e-02 1.26431e-05
66 0.75 2.09711e-02 8.99275e-06
86 0.75 2.63858e-02 2.54371e-05
106 0.75 2.29179e-02 1.94296e-05
126 0.75 2.18422e-02 1.33004e-05
146 0.75 1.98733e-02 1.09602e-05
166 0.75 2.30868e-02 1.37843e-05
186 0.75 2.07875e-02 7.51548e-06
206 0.75 2.27677e-02 2.36283e-05
226 0.75 2.27980e-02 1.50116e-05
246 0.75 2.07266e-02 1.42347e-05
266 0.75 2.41227e-02 4.64712e-05
286 0.75 2.10798e-02 1.53675e-05
6 1.00 2.08745e-02 9.63940e-06
26 1.00 2.06648e-02 1.04641e-05
46 1.00 2.13142e-02 2.02828e-05
66 1.00 2.20677e-02 1.86860e-05
86 1.00 2.48602e-02 1.53435e-05
106 1.00 2.21730e-02 2.00369e-05
126 1.00 2.27074e-02 1.83397e-05
146 1.00 1.97538e-02 1.32894e-05
166 1.00 2.33367e-02 2.06717e-05
186 1.00 1.99726e-02 9.36394e-06
206 1.00 2.02089e-02 1.01856e-05
226 1.00 2.25082e-02 1.72207e-05
246 1.00 2.09581e-02 7.78569e-06
266 1.00 2.20039e-02 1.81871e-05
286 1.00 2.02725e-02 1.37345e-05
7 -1.00 2.09407e-02 1.14259e-05
27 -1.00 2.00252e-02 9.19903e-06
47 -1.00 2.17440e-02 7.33662e-06
67 -1.00 2.15375e-02 1.30188e-05
87 -1.00 2.04776e-02 5.52602e-06
107 -1.00 2.13063e-02 6.07899e-06
127 -1.00 2.20222e-02 9.25371e-06
147 -1.00 2.11121e-02 1.01645e-05
167 -1.00 2.13741e-02 7.00811e-06
187 -1.00 2.07983e-02 5.40737e-06
207 -1.00 1.98942e-02 9.13013e-06
227 -1.00 2.20479e-02 8.27024e-06
247 -1.00 2.23798e-02 2.18752e-05
267 -1.00 2.08459e-02 8.04236e-06
287 -1.00 2.08775e-02 7.07357e-06
7 -0.75 2.12727e-02 8.81034e-06
27 -0.75 1.94846e-02 1.04457e-05
47 -0.75 2.22452e-02 1.31603e-05
67 -0.75 2.06780e-02 1.32905e-05
87 -0.75 2.09826e-02 1.02359e-05
107 -0.75 2.10808e-02 1.08879e-05
127 -0.75 2.18624e-02 1.05116e-05
147 -0.75 2.11624e-02 1.06535e-05
167 -0.75 2.19272e-02 2.27883e-05
187 -0.75 2.10489e-02 7.80029e-06
207 -0.75 1.96041e-02 5.99169e-06
227 -0.75 2.16506e-02 1.04156e-05
247 -0.75 2.19410e-02 8.65806e-06
267 -0.75 2.03233e-02 8.34329e-06
287 -0.75 2.12878e-02 1.05569e-05
7 -0.50 2.05704e-02 5.86156e-06
27 -0.50 1.99321e-02 1.16339e-05
47 -0.50 2.21746e-02 1.79066e-05
67 -0.50 1.96539e-02 8.85500e-06
87 -0.50 2.13549e-02 1.07949e-05
107 -0.50 2.05972e-02 1.24461e-05
127 -0.50 2.03445e-02 5.22961e-06
147 -0.50 2.15565e-02 1.40132e-05
167 -0.50 2.08654e-02 4.21007e-06
187 -0.50 2.10179e-02 1.23152e-05
207 -0.50 2.08231e-02 2.45628e-05
227 -0.50 2.27016e-02 1.63239e-05
247 -0.50 2.03481e-02 7.15289e-06
267 -0.50 2.08638e-02 6.93952e-06
287 -0.50 2.14192e-02 8.94648e-06
7 -0.25 2.12422e-02 9.86506e-06
27 -0.25 1.92510e-02 1.23711e-05
47 -0.25 2.30043e-02 2.02613e-05
67 -0.25 1.99144e-02 7.76086e-06
87 -0.25 2.10056e-02 1.37497e-05
107 -0.25 2.14410e-02 1.38455e-05
127 -0.25 2.23607e-02 2.10551e-05
147 -0.25 2.07648e-02 8.67465e-06
167 -0.25 2.19623e-02 7.07913e-06
187 -0.25 2.08370e-02 1.22669e-05
207 -0.25 2.06074e-02 1.94639e-05
227 -0.25 2.15293e-02 1.40523e-05
247 -0.25 2.11967e-02 8.94223e-06
267 -0.25 2.05796e-02 8.23583e-06
287 -0.25 2.05092e-02 5.83126e-06
7 0.00 2.09299e-02 9.99772e-06
27 0.00 1.87870e-02 1.19520e-05
47 0.00 2.09019e-02 9.39056e-06
67 0.00 2.04795e-02 1.35025e-05
87 0.00 2.00271e-02 5.75753e-06
107 0.00 2.17477e-02 1.96587e-05
127 0.00 2.05809e-02 1.54984e-05
147 0.00 1.95422e-02 8.68139e-06
167 0.00 2.14300e-02 9.50572e-06
187 0.00 2.04792e-02 9.55232e-06
207 0.00 1.91892e-02 8.92993e-06
227 0.00 2.17444e-02 8.48118e-06
247 0.00 2.14363e-02 2.00299e-05
267 0.00 2.12972e-02 9.97002e-06
287 0.00 2.04524e-02 1.37964e-05
7 0.25 2.06525e-02 1.36151e-05
27 0.25 1.91329e-02 9.45800e-06
47 0.25 2.10105e-02 1.01576e-05
67 0.25 1.97820e-02 1.00552e-05
87 0.25 2.02034e-02 1.50947e-05
107 0.25 2.05763e-02 9.56107e-06
127 0.25 2.13723e-02 1.13672e-05
147 0.25 1.99658e-02 6.56727e-06
167 0.25 2.17811e-02 1.44572e-05
187 0.25 2.04423e-02 1.09619e-05
207 0.25 1.96186e-02 1.45716e-05
227 0.25 2.16324e-02 1.29112e-05
247 0.25 2.04360e-02 8.13085e-06
267 0.25 2.25502e-02 9.83240e-06
287 0.25 2.12428e-02 9.57745e-06
7 0.50 1.98025e-02 1.52341e-05
27 0.50 1.89430e-02 1.56967e-05
47 0.50 2.11815e-02 1.66820e-05
67 0.50 2.08564e-02 1.49006e-05
87 0.50 2.09299e-02 2.00173e-05
107 0.50 2.04052e-02 1.03192e-05
127 0.50 2.18579e-02 1.43035e-05
147 0.50 2.05865e-02 8.47165e-06
167 0.50 2.17921e-02 2.29591e-05
187 0.50 2.07801e-02 1.86329e-05
207 0.50 1.99653e-02 1.54927e-05
227 0.50 2.06918e-02 7.80832e-06
247 0.50 2.02702e-02 1.59480e-05
267 0.50 2.16086e-02 1.04086e-05
287 0.50 2.12541e-02 1.39896e-05
7 0.75 2.08843e-02 1.31135e-05
27 0.75 1.98320e-02 1.27683e-05
47 0.75 2.18490e-02 3.82068e-05
67 0.75 2.02768e-02 1.76137e-05
87 0.75 1.97785e-02 1.45795e-05
107 0.75 2.16804e-02 1.40520e-05
127 0.75 2.04613e-02 1.29557e-05
147 0.75 1.98640e-02 1.24409e-05
167 0.75 2.12587e-02 1.65970e-05
187 0.75 2.19610e-02 2.00412e-05
207 0.75 1.97435e-02 1.43276e-05
227 0.75 2.14141e-02 1.39647e-05
247 0.75 2.16278e-02 2.16476e-05
267 0.75 2.20448e-02 2.26529e-05
287 0.75 2.05482e-02 8.61264e-06
7 1.00 2.04325e-02 9.81473e-06
27 1.00 1.95452e-02 1.56412e-05
47 1.00 2.12858e-02 1.98174e-05
67 1.00 1.92487e-02 8.57190e-06
87 1.00 2.08883e-02 2.16783e-05
107 1.00 2.05855e-02 1.12160e-05
127 1.00 2.12788e-02 1.53075e-05
147 1.00 1.97623e-02 1.10154e-05
167 1.00 2.02726e-02 1.83157e-05
187 1.00 2.21433e-02 2.62695e-05
207 1.00 1.94679e-02 1.41776e-05
227 1.00 2.23272e-02 3.34516e-05
247 1.00 2.09406e-02 1.47648e-05
267 1.00 2.10157e-02 1.42552e-05
287 1.00 2.08226e-02 1.25855e-05
8 -1.00 2.03544e-02 6.19968e-06
28 -1.00 2.16910e-02 1.07314e-05
48 -1.00 2.03875e-02 4.71310e-06
68 -1.00 2.03265e-02 4.71132e-06
88 -1.00 2.03677e-02 1.06334e-05
108 -1.00 2.27789e-02 1.66274e-05
128 -1.00 2.36858e-02 1.06319e-05
148 -1.00 2.04554e-02 7.33225e-06
168 -1.00 2.22971e-02 9.15766e-06
188 -1.00 1.99829e-02 1.46349e-05
208 -1.00 2.15071e-02 4.92270e-06
228 -1.00 2.05410e-02 1.06795e-05
248 -1.00 2.22123e-02 1.13497e-05
268 -1.00 2.03665e-02 1.34676e-05
288 -1.00 2.22283e-02 4.41542e-06
8 -0.75 2.14640e-02 1.44303e-05
28 -0.75 2.22162e-02 1.94121e-05
48 -0.75 2.04075e-02 8.42202e-06
68 -0.75 2.02567e-02 1.36242e-05
88 -0.75 1.87724e-02 8.07044e-06
108 -0.75 2.19264e-02 1.13789e-05
128 -0.75 2.21126e-02 7.28592e-06
148 -0.75 2.05369e-02 1.09547e-05
168 -0.75 2.24748e-02 1.59739e-05
188 -0.75 2.07355e-02 1.94268e-05
208 -0.75 2.20077e-02 8.25780e-06
228 -0.75 2.06418e-02 1.16625e-05
248 -0.75 2.14530e-02 9.02523e-06
268 -0.75 2.05426e-02 7.42967e-06
288 -0.75 2.31738e-02 7.50845e-06
8 -0.50 2.33537e-02 1.86424e-05
28 -0.50 2.12732e-02 8.37870e-06
48 -0.50 1.96278e-02 3.65859e-06
68 -0.50 2.04976e-02 5.76194e-06
88 -0.50 1.94701e-02 5.52281e-06
108 -0.50 2.30823e-02 1.57821e-05
128 -0.50 2.22606e-02 9.80105e-06
148 -0.50 2.16097e-02 1.02714e-05
168 -0.50 2.28398e-02 1.34888e-05
188 -0.50 1.99638e-02 7.94264e-06
208 -0.50 2.19141e-02 1.17588e-05
228 -0.50 2.06344e-02 1.23222e-05
248 -0.50 2.21152e-02 1.63667e-05
268 -0.50 1.98817e-02 1.49482e-05
288 -0.50 2.31299e-02 1.85036e-05
8 -0.25 2.13257e-02 1.28918e-05
28 -0.25 2.10309e-02 8.35127e-06
48 -0.25 2.06072e-02 6.88777e-06
68 -0.25 1.96732e-02 1.81111e-05
88 -0.25 1.93451e-02 1.14021e-05
108 -0.25 2.26025e-02 2.22726e-05
128 -0.25 2.21068e-02 1.54729e-05
148 -0.25 2.09754e-02 1.05319e-05
168 -0.25 2.19607e-02 1.18732e-05
188 -0.25 1.95504e-02 8.94645e-06
208 -0.25 2.19119e-02 1.21663e-05
228 -0.25 2.05277e-02 7.49552e-06
248 -0.25 2.21741e-02 2.05229e-05
268 -0.25 2.02123e-02 1.01114e-05
288 -0.25 2.12971e-02 7.98569e-06
8 0.00 2.16783e-02 1.55999e-05
28 0.00 2.09784e-02 1.06479e-05
48 0.00 2.12210e-02 2.21822e-05
68 0.00 2.01450e-02 9.39287e-06
88 0.00 1.90263e-02 1.35456e-05
108 0.00 2.18033e-02 1.13694e-05
128 0.00 2.09215e-02 1.44528e-05
148 0.00 2.03229e-02 6.11311e-06
168 0.00 2.31166e-02 1.69789e-05
188 0.00 2.01758e-02 8.15824e-06
208 0.00 2.12898e-02 1.76723e-05
228 0.00 2.03732e-02 1.53369e-05
248 0.00 2.23661e-02 1.21275e-05
268 0.00 2.09065e-02 1.93525e-05
288 0.00 2.34660e-02 1.25807e-05
8 0.25 2.23505e-02 2.64613e-05
28 0.25 2.20138e-02 1.33921e-05
48 0.25 2.01839e-02 7.74001e-06
68 0.25 2.06235e-02 1.56330e-05
88 0.25 1.88032e-02 8.58547e-06
108 0.25 2.16196e-02 2.68536e-05
128 0.25 2.18257e-02 1.14668e-05
148 0.25 2.12271e-02 1.33837e-05
168 0.25 2.33714e-02 2.30468e-05
188 0.25 1.97997e-02 1.35305e-05
208 0.25 2.19620e-02 1.43205e-05
228 0.25 1.99979e-02 1.07939e-05
248 0.25 2.23744e-02 1.79916e-05
268 0.25 2.01130e-02 1.88987e-05
288 0.25 2.24553e-02 6.76143e-06
8 0.50 2.13318e-02 1.62220e-05
28 0.50 2.18677e-02 1.73326e-05
48 0.50 1.99498e-02 9.28899e-06
68 0.50 2.09410e-02 1.00802e-05
88 0.50 2.00203e-02 1.82140e-05
108 0.50 2.11348e-02 1.16284e-05
128 0.50 2.12679e-02 1.45622e-05
148 0.50 2.06511e-02 1.28431e-05
168 0.50 2.30413e-02 1.42965e-05
188 0.50 2.04884e-02 9.85132e-06
208 0.50 2.13133e-02 1.23485e-05
228 0.50 1.95362e-02 1.08601e-05
248 0.50 2.11252e-02 1.22092e-05
268 0.50 2.07927e-02 3.49053e-05
288 0.50 2.27826e-02 1.31543e-05
8 0.75 2.01617e-02 1.43609e-05
28 0.75 2.16352e-02 1.42232e-05
48 0.75 2.03496e-02 8.26290e-06
68 0.75 2.09631e-02 1.61272e-05
88 0.75 1.87954e-02 1.36921e-05
108 0.75 2.10492e-02 1.37163e-05
128 0.75 2.30346e-02 2.07695e-05
148 0.75 2.00724e-02 1.00093e-05
168 0.75 2.30736e-02 1.57690e-05
188 0.75 2.01652e-02 1.16441e-05
208 0.75 2.19504e-02 1.95882e-05
228 0.75 1.97578e-02 1.33208e-05
248 0.75 2.17747e-02 1.11598e-05
268 0.75 2.04134e-02 1.28683e-05
288 0.75 2.27942e-02 1.23287e-05
8 1.00 2.11986e-02 2.68881e-05
28 1.00 2.19829e-02 1.77086e-05
48 1.00 2.07259e-02 1.72821e-05
68 1.00 2.06953e-02 1.43973e-05
88 1.00 1.83036e-02 7.84460e-06
108 1.00 2.10388e-02 1.04019e-05
128 1.00 2.14214e-02 1.68368e-05
148 1.00 2.10333e-02 1.56540e-05
168 1.00 2.32106e-02 2.14739e-05
188 1.00 1.97192e-02 1.32681e-05
208 1.00 2.21245e-02 1.38964e-05
228 1.00 1.99150e-02 2.22722e-05
248 1.00 2.25346e-02 1.50236e-05
268 1.00 1.96910e-02 1.48112e-05
288 1.00 2.38967e-02 1.78665e-05
9 -1.00 2.07072e-02 1.06298e-05
29 -1.00 2.19317e-02 9.83806e-06
49 -1.00 2.22515e-02 1.14274e-05
69 -1.00 2.33369e-02 1.04170e-05
89 -1.00 2.12298e-02 9.47045e-06
109 -1.00 2.13355e-02 7.10591e-06
129 -1.00 2.08710e-02 7.09048e-06
149 -1.00 2.22900e-02 1.25014e-05
169 -1.00 2.07750e-02 1.10211e-05
189 -1.00 2.08973e-02 1.22825e-05
209 -1.00 2.10201e-02 9.63208e-06
229 -1.00 2.10390e-02 1.41164e-05
249 -1.00 2.14531e-02 1.34123e-05
269 -1.00 1.95078e-02 6.13586e-06
289 -1.00 2.16053e-02 1.14872e-05
9 -0.75 2.22760e-02 9.28585e-06
29 -0.75 2.18038e-02 9.17757e-06
49 -0.75 2.16225e-02 1.67929e-05
69 -0.75 2.39578e-02 2.05169e-05
89 -0.75 2.08867e-02 8.20378e-06
109 -0.75 2.16794e-02 1.14550e-05
129 -0.75 2.10398e-02 1.77705e-05
149 -0.75 2.24004e-02 9.02405e-06
169 -0.75 2.10915e-02 1.12351e-05
189 -0.75 2.11693e-02 1.38886e-05
209 -0.75 2.09412e-02 8.82681e-06
229 -0.75 2.10645e-02 1.16898e-05
249 -0.75 2.07797e-02 1.03025e-05
269 -0.75 1.94731e-02 9.01670e-06
289 -0.75 2.17568e-02 1.35423e-05
9 -0.50 2.17329e-02 1.48988e-05
29 -0.50 2.09195e-02 1.03539e-05
49 -0.50 2.11713e-02 1.11072e-05
69 -0.50 2.33265e-02 1.17334e-05
89 -0.50 2.11297e-02 8.29620e-06
109 -0.50 2.11885e-02 8.15762e-06
129 -0.50 2.02885e-02 6.76139e-06
149 -0.50 2.24846e-02 1.47968e-05
169 -0.50 2.15540e-02 8.08738e-06
189 -0.50 1.97159e-02 9.85124e-06
209 -0.50 2.11464e-02 1.09881e-05
229 -0.50 2.10276e-02 1.14659e-05
249 -0.50 2.03516e-02 7.29163e-06
269 -0.50 2.04226e-02 1.68938e-05
289 -0.50 2.17129e-02 9.28168e-06
9 -0.25 2.21578e-02 1.50978e-05
29 -0.25 2.24044e-02 1.71479e-05
49 -0.25 2.28349e-02 1.44914e-05
69 -0.25 2.30253e-02 1.77118e-05
89 -0.25 2.04834e-02 6.77007e-06
109 -0.25 2.17822e-02 1.47262e-05
129 -0.25 2.11285e-02 1.69339e-05
149 -0.25 2.15367e-02 7.77468e-06
169 -0.25 2.07030e-02 1.24581e-05
189 -0.25 2.03184e-02 1.65983e-05
209 -0.25 2.20016e-02 1.66147e-05
229 -0.25 2.10706e-02 7.19364e-06
249 -0.25 2.06915e-02 1.01232e-05
269 -0.25 1.96091e-02 7.66803e-06
289 -0.25 2.15464e-02 1.12805e-05
9 0.00 2.10402e-02 1.19234e-05
29 0.00 2.13808e-02 1.11014e-05
49 0.00 2.14573e-02 1.02606e-05
69 0.00 2.29388e-02 1.67248e-05
89 0.00 2.12574e-02 3.57349e-05
109 0.00 2.07871e-02 6.52593e-06
129 0.00 1.96529e-02 7.35649e-06
149 0.00 2.18510e-02 9.68915e-06
169 0.00 2.15972e-02 2.70445e-05
189 0.00 2.00751e-02 1.86545e-05
209 0.00 2.07006e-02 8.66627e-06
229 0.00 2.11739e-02 1.27227e-05
249 0.00 2.14118e-02 2.21212e-05
269 0.00 1.91662e-02 7.68330e-06
289 0.00 2.18139e-02 2.33597e-05
9 0.25 2.20035e-02 1.52232e-05
29 0.25 2.09354e-02 1.20241e-05
49 0.25 2.14936e-02 7.96110e-06
69 0.25 2.30567e-02 1.54918e-05
89 0.25 2.15874e-02 1.22105e-05
109 0.25 2.15315e-02 1.77089e-05
129 0.25 2.00121e-02 8.22391e-06
149 0.25 2.15293e-02 9.79044e-06
169 0.25 2.05352e-02 1.13737e-05
189 0.25 2.12465e-02 1.63842e-05
209 0.25 2.03371e-02 1.13090e-05
229 0.25 2.11633e-02 1.33352e-05
249 0.25 1.96993e-02 8.21564e-06
269 0.25 1.87389e-02 7.97569e-06
289 0.25 2.17241e-02 1.23628e-05
9 0.50 2.17824e-02 1.05125e-05
29 0.50 2.14058e-02 1.76886e-05
49 0.50 2.19331e-02 2.36782e-05
69 0.50 2.39180e-02 1.38998e-05
89 0.50 2.05139e-02 1.05532e-05
109 0.50 2.15938e-02 1.79222e-05
129 0.50 2.02616e-02 1.15927e-05
149 0.50 2.10577e-02 1.26880e-05
169 0.50 2.03671e-02 7.16278e-06
189 0.50 1.98614e-02 7.00577e-06
209 0.50 1.96533e-02 8.18730e-06
229 0.50 2.11210e-02 1.27466e-05
249 0.50 1.95692e-02 5.31153e-06
269 0.50 1.96785e-02 1.11996e-05
289 0.50 2.19410e-02 2.18151e-05
9 0.75 2.23004e-02 1.72215e-05
29 0.75 2.06304e-02 1.39919e-05
49 0.75 2.07914e-02 1.03619e-05
69 0.75 2.42017e-02 2.24546e-05
89 0.75 2.17541e-02 2.08642e-05
109 0.75 2.12375e-02 1.29984e-05
129 0.75 2.07298e-02 1.02947e-05
149 0.75 2.12100e-02 1.44922e-05
169 0.75 2.06134e-02 1.07720e-05
189 0.75 1.99380e-02 1.25589e-05
209 0.75 2.10006e-02 1.77040e-05
229 0.75 2.11283e-02 1.43790e-05
249 0.75 2.10725e-02 1.29488e-05
269 0.75 1.91951e-02 1.57638e-05
289 0.75 2.14617e-02 1.72714e-05
9 1.00 2.20118e-02 1.80404e-05
29 1.00 2.11450e-02 1.35698e-05
49 1.00 2.10261e-02 8.87720e-06
69 1.00 2.17908e-02 2.28439e-05
89 1.00 2.05778e-02 1.31390e-05
109 1.00 2.06017e-02 9.28842e-06
129 1.00 2.02479e-02 1.26117e-05
149 1.00 2.11005e-02 1.08905e-05
169 1.00 2.08184e-02 1.84862e-05
189 1.00 1.91239e-02 2.26332e-05
209 1.00 2.04039e-02 1.52938e-05
229 1.00 2.09963e-02 1.60191e-05
249 1.00 2.17467e-02 2.15033e-05
269 1.00 2.11423e-02 4.67600e-05
289 1.00 2.18364e-02 1.72568e-05
303 -1.00 2.024146878609e-02 2.1941476e-06
307 -1.00 2.235469145442e-02 1.7714696e-06
311 -1.00 2.205786342047e-02 5.1696905e-06
315 -1.00 2.014099400138e-02 1.6475357e-06
319 -1.00 2.155670450289e-02 1.6222205e-06
323 -1.00 1.962721277959e-02 1.8004603e-06
327 -1.00 2.166327810278e-02 1.4937882e-06
331 -1.00 2.238057212957e-02 1.9651787e-06
335 -1.00 2.227860298951e-02 1.3981967e-06
339 -1.00 2.209444034351e-02 1.2314442e-06
343 -1.00 2.090017280146e-02 1.0320084e-06
347 -1.00 2.135435807141e-02 1.3964094e-06
351 -1.00 2.200805404481e-02 2.0126600e-06
355 -1.00 2.217199647742e-02 1.8767876e-06
359 -1.00 2.293358138411e-02 2.7103422e-06
363 -1.00 2.157604287047e-02 1.2499860e-06
367 -1.00 2.261082826546e-02 1.7027885e-06
371 -1.00 2.068912957862e-02 3.0943039e-06
375 -1.00 2.209982266173e-02 1.1968061e-06
379 -1.00 2.228699462744e-02 4.0545796e-06
383 -1.00 1.961102153556e-02 1.3026325e-06
387 -1.00 2.093522860634e-02 1.7565951e-06
391 -1.00 2.104363684274e-02 1.2940516e-06
395 -1.00 2.087324033570e-02 5.9832303e-06
399 -1.00 2.141308119944e-02 3.7035229e-06
403 -1.00 2.134555769797e-02 2.7689856e-06
407 -1.00 2.108420999536e-02 1.6324732e-06
411 -1.00 2.201668214345e-02 1.0128021e-06
415 -1.00 2.264332474648e-02 3.1011848e-06
419 -1.00 2.342713670477e-02 2.9368024e-06
423 -1.00 2.158923417803e-02 2.3741187e-06
427 -1.00 1.957395042847e-02 6.8287982e-07
431 -1.00 2.137181930192e-02 2.9405239e-06
435 -1.00 2.153695036598e-02 2.0507556e-06
439 -1.00 2.117340981121e-02 1.4678302e-06
443 -1.00 2.174366141339e-02 2.5323015e-06
447 -1.00 2.358206202591e-02 2.4890127e-06
451 -1.00 1.946344445121e-02 1.1985388e-06
455 -1.00 2.188663351402e-02 2.4672920e-06
459 -1.00 2.290696852298e-02 5.0954009e-06
463 -1.00 2.166994038064e-02 1.8889999e-06
467 -1.00 2.265752857142e-02 3.4280358e-06
471 -1.00 2.116186995732e-02 8.3936148e-07
475 -1.00 2.126209974312e-02 1.2397503e-06
479 -1.00 2.343915006697e-02 4.9667171e-06
483 -1.00 2.175662206202e-02 1.6363026e-06
487 -1.00 2.064056556732e-02 2.2849401e-06
491 -1.00 1.842421951075e-02 7.1923795e-07
495 -1.00 1.980524396268e-02 7.1271303e-07
499 -1.00 2.197475684264e-02 1.5591022e-06
303 -0.75 2.156777259348e-02 1.4639375e-06
307 -0.75 2.200694585126e-02 1.8184859e-06
311 -0.75 2.091288555732e-02 1.7186984e-06
315 -0.75 2.008300451005e-02 3.1146137e-06
319 -0.75 2.078202361892e-02 1.2002146e-06
323 -0.75 1.994377781323e-02 3.0983437e-06
327 -0.75 2.096813617849e-02 3.0816216e-06
331 -0.75 2.145290563084e-02 4.3676684e-06
335 -0.75 2.117033954488e-02 1.7988444e-06
339 -0.75 2.186493163798e-02 2.1654329e-06
343 -0.75 2.131574356860e-02 2.9361228e-06
347 -0.75 2.107481329103e-02 1.1417395e-06
351 -0.75 2.237443568035e-02 3.8345849e-06
355 -0.75 2.134359023531e-02 1.2192956e-06
359 -0.75 2.220231946287e-02 2.0402229e-06
363 -0.75 2.090066027095e-02 9.3759057e-07
367 -0.75 2.171957943865e-02 1.8669587e-06
371 -0.75 1.968946764897e-02 7.5064620e-07
375 -0.75 2.246827389346e-02 6.0930274e-06
379 -0.75 2.241545231080e-02 4.1299673e-06
383 -0.75 2.048816154082e-02 3.3547272e-06
387 -0.75 2.072637539792e-02 1.7871612e-06
391 -0.75 2.240739629712e-02 3.2073217e-06
395 -0.75 2.066093940463e-02 8.9429000e-07
399 -0.75 1.961984262710e-02 9.3071588e-07
403 -0.75 2.062078954609e-02 1.3614868e-06
407 -0.75 1.994113004880e-02 9.4280778e-07
411 -0.75 2.211848942242e-02 4.6121467e-06
415 -0.75 2.161949805042e-02 3.6202412e-06
419 -0.75 2.206116936042e-02 3.8533184e-06
423 -0.75 2.136291116647e-02 3.7390181e-06
427 -0.75 1.965083065624e-02 3.3630571e-06
431 -0.75 2.056295896996e-02 9.2063866e-07
435 -0.75 2.163906952959e-02 2.8997003e-06
439 -0.75 1.994842469524e-02 1.2413258e-06
443 -0.75 2.196113848786e-02 2.9401311e-06
447 -0.75 2.231601699127e-02 1.6409669e-06
451 -0.75 1.877617710086e-02 1.7845482e-06
455 -0.75 2.078307422677e-02 1.2280609e-06
459 -0.75 2.217152717542e-02 5.9338465e-07
463 -0.75 2.120111565518e-02 1.5155471e-06
467 -0.75 2.276599845675e-02 3.8916091e-06
471 -0.75 2.224442402574e-02 2.1839141e-06
475 -0.75 2.244633469363e-02 1.8337646e-06
479 -0.75 2.268433687088e-02 4.1812111e-06
483 -0.75 2.243657158406e-02 5.7003903e-06
487 -0.75 2.119688573682e-02 8.8557303e-07
491 -0.75 2.023162415054e-02 4.7129636e-06
495 -0.75 2.152292556355e-02 5.0820797e-06
499 -0.75 2.112848530741e-02 1.9156926e-06
303 -0.50 2.063716004045e-02 1.3935441e-06
307 -0.50 2.144453636351e-02 1.1492714e-06
311 -0.50 2.153525730242e-02 3.6991647e-06
315 -0.50 1.980509075655e-02 1.2293236e-06
319 -0.50 2.182977665360e-02 1.1350908e-06
323 -0.50 1.903739566988e-02 2.1866083e-06
327 -0.50 2.062184299746e-02 2.4200139e-06
331 -0.50 2.206921556069e-02 3.0879725e-06
335 -0.50 2.175586065407e-02 4.5710124e-06
339 -0.50 2.134572912133e-02 2.2175940e-06
343 -0.50 2.050562790373e-02 3.2645248e-06
347 -0.50 2.146290865464e-02 2.6251694e-06
351 -0.50 2.160051155991e-02 5.9550207e-07
355 -0.50 2.234708592512e-02 3.1474968e-06
359 -0.50 2.267985486094e-02 5.3784959e-06
363 -0.50 2.067156011947e-02 9.6496092e-07
367 -0.50 2.193209030877e-02 1.5422136e-06
371 -0.50 2.049658046968e-02 7.9287896e-07
375 -0.50 2.208294626378e-02 1.1833712e-06
379 -0.50 2.123929220061e-02 2.3886633e-06
383 -0.50 2.063213082053e-02 1.4558191e-06
387 -0.50 2.037602889855e-02 1.5356949e-06
391 -0.50 2.067057745000e-02 5.8271922e-07
395 -0.50 2.073030702113e-02 1.9643078e-06
399 -0.50 2.054912752081e-02 8.0030189e-07
403 -0.50 1.985157319426e-02 6.4120164e-07
407 -0.50 2.154471857179e-02 2.5269908e-06
411 -0.50 2.159504246483e-02 1.0834894e-06
415 -0.50 2.194265510032e-02 1.2475457e-06
419 -0.50 2.162500418729e-02 7.5365299e-07
423 -0.50 2.205534983970e-02 2.7343741e-06
427 -0.50 2.015449811990e-02 2.3001939e-06
431 -0.50 1.972720456711e-02 2.0931375e-06
435 -0.50 2.052113617994e-02 1.5660063e-06
439 -0.50 2.041333618139e-02 2.3778843e-06
443 -0.50 2.135722436822e-02 2.4973443e-06
447 -0.50 2.406048103410e-02 2.6392033e-06
451 -0.50 1.888383621218e-02 1.9475316e-06
455 -0.50 2.099266440170e-02 2.6071143e-06
459 -0.50 2.118659186775e-02 1.8132420e-06
463 -0.50 2.032374491568e-02 7.1808677e-07
467 -0.50 2.194647779232e-02 3.1288747e-06
471 -0.50 2.161268805926e-02 1.5769165e-06
475 -0.50 2.235664760712e-02 1.4603637e-06
479 -0.50 2.188174477098e-02 1.3818903e-06
483 -0.50 2.153007753025e-02 1.7898705e-06
487 -0.50 2.078043361982e-02 9.4614021e-07
491 -0.50 1.951350974838e-02 3.1362820e-06
495 -0.50 2.058676406086e-02 2.7293525e-06
499 -0.50 2.128065799480e-02 1.9067087e-06
303 -0.25 2.148635506983e-02 1.8252559e-06
307 -0.25 2.136968750158e-02 3.8974874e-06
311 -0.25 1.975955928494e-02 1.3059253e-06
315 -0.25 1.989173475857e-02 1.7295934e-06
319 -0.25 2.107477317921e-02 6.6393497e-06
323 -0.25 2.031963193920e-02 2.6693644e-06
327 -0.25 2.081900391077e-02 2.0591179e-06
331 -0.25 2.145419929766e-02 2.4416677e-06
335 -0.25 2.102198381231e-02 1.6870954e-06
339 -0.25 2.196666517273e-02 1.0270157e-06
343 -0.25 2.117210931402e-02 3.3565670e-06
347 -0.25 1.979165602077e-02 5.6169235e-07
351 -0.25 2.161604985839e-02 2.0944779e-06
355 -0.25 2.146616678091e-02 1.3027197e-06
359 -0.25 2.214869872983e-02 3.2042961e-06
363 -0.25 2.039934681122e-02 1.2374430e-06
367 -0.25 2.127754836846e-02 1.3560490e-06
371 -0.25 1.963202650855e-02 9.6420836e-07
375 -0.25 2.228879692252e-02 1.4288986e-06
379 -0.25 2.088660253419e-02 1.7973446e-06
383 -0.25 1.952987601738e-02 1.6617119e-06
387 -0.25 2.082329878798e-02 3.7997828e-07
391 -0.25 2.150028592587e-02 5.2800017e-06
395 -0.25 2.143128255517e-02 2.3284898e-06
399 -0.25 2.020186834380e-02 3.0165070e-06
403 -0.25 2.149337179783e-02 1.3957687e-06
407 -0.25 2.028423691054e-02 1.8928792e-06
411 -0.25 2.240076650914e-02 2.9466437e-06
415 -0.25 2.173209439714e-02 2.5169846e-06
419 -0.25 2.127382980185e-02 1.8578805e-06
423 -0.25 2.085046281854e-02 1.8163262e-06
427 -0.25 1.951632083001e-02 2.4701536e-06
431 -0.25 2.044273700031e-02 1.2062330e-06
435 -0.25 2.070525929755e-02 2.3652561e-06
439 -0.25 2.033089068244e-02 1.3346720e-06
443 -0.25 2.077375551241e-02 8.9558824e-07
447 -0.25 2.229710007560e-02 2.7426767e-06
451 -0.25 1.942133872128e-02 2.2125324e-06
455 -0.25 2.074989200030e-02 4.3939507e-06
459 -0.25 2.216044112652e-02 9.4915712e-07
463 -0.25 2.126725857769e-02 1.6904099e-06
467 -0.25 2.135167973654e-02 1.2473536e-06
471 -0.25 2.141305591226e-02 2.6899305e-06
475 -0.25 2.171236589545e-02 3.9707746e-06
479 -0.25 2.148611700758e-02 2.7389855e-06
483 -0.25 2.209354962498e-02 1.8740254e-06
487 -0.25 2.100734517990e-02 2.2410864e-06
491 -0.25 1.930422866544e-02 3.1719555e-06
495 -0.25 1.998411739875e-02 1.3349145e-06
499 -0.25 2.119836327420e-02 6.6182351e-07
303 0.00 2.194812566095e-02 2.8959287e-06
307 0.00 2.130102883462e-02 1.2387135e-06
311 0.00 2.028569717612e-02 1.5125602e-06
315 0.00 2.055113470392e-02 2.5885283e-06
319 0.00 2.098024134442e-02 2.7683209e-06
323 0.00 1.999252465986e-02 3.4154772e-06
327 0.00 2.056773199883e-02 2.5579362e-06
331 0.00 2.132420621227e-02 1.5525527e-06
335 0.00 2.146517890687e-02 2.9340994e-06
339 0.00 2.138672866109e-02 1.2184293e-06
343 0.00 2.136622957094e-02 3.3095678e-06
347 0.00 2.104882074113e-02 1.9619082e-06
351 0.00 2.126273801772e-02 1.7720666e-06
355 0.00 2.058078990425e-02 5.3480217e-07
359 0.00 2.278577968524e-02 7.7868987e-06
363 0.00 2.143240827210e-02 2.1030568e-06
367 0.00 2.184831535656e-02 1.1611302e-06
371 0.00 1.952696922487e-02 1.0098772e-06
375 0.00 2.148940774569e-02 2.0112710e-06
379 0.00 2.185420126476e-02 4.0303354e-06
383 0.00 1.937634556413e-02 2.6724034e-06
387 0.00 2.010951587168e-02 1.6753983e-06
391 0.00 2.109202594894e-02 1.0398134e-06
395 0.00 2.146430802914e-02 1.3260818e-06
399 0.00 2.030869362949e-02 8.5960748e-07
403 0.00 2.062541742770e-02 2.0600807e-06
407 0.00 2.059917634549e-02 1.8489572e-06
411 0.00 2.274886840983e-02 5.8200768e-06
415 0.00 2.141698875163e-02 3.2135544e-06
419 0.00 2.082066729316e-02 1.3199704e-06
423 0.00 2.083762190649e-02 4.7111317e-06
427 0.00 1.922157628766e-02 2.1370547e-06
431 0.00 2.054755877165e-02 1.1855899e-06
435 0.00 2.036358204424e-02 2.5699097e-06
439 0.00 1.960155278949e-02 1.8364873e-06
443 0.00 2.202475721147e-02 1.4571874e-06
447 0.00 2.221348078856e-02 2.0533545e-06
451 0.00 1.899163305392e-02 1.8069199e-06
455 0.00 2.060705342734e-02 5.8293005e-06
459 0.00 2.103932331243e-02 3.4053479e-06
463 0.00 2.040136980389e-02 1.9514934e-06
467 0.00 2.243585705371e-02 9.4522878e-07
471 0.00 2.173087731023e-02 1.6764475e-06
475 0.00 2.237693393999e-02 4.2045579e-06
479 0.00 2.152189777394e-02 2.8242344e-06
483 0.00 2.123828895950e-02 1.6279687e-06
487 0.00 2.108317324220e-02 1.3851465e-06
491 0.00 1.890709153261e-02 1.5902641e-06
495 0.00 2.052603517225e-02 1.8261191e-06
499 0.00 2.245260553935e-02 1.0496780e-06
303 0.25 2.078160808750e-02 1.5050610e-06
307 0.25 2.200874705220e-02 1.4726318e-06
311 0.25 2.085338095891e-02 4.3054898e-06
315 0.25 1.985216782522e-02 2.2982667e-06
319 0.25 2.051097134508e-02 1.5915600e-06
323 0.25 1.933696683257e-02 1.7367335e-06
327 0.25 2.065778416795e-02 3.0278331e-06
331 0.25 2.113213755993e-02 4.3679950e-06
335 0.25 2.117386829261e-02 3.7083609e-06
339 0.25 2.112255859060e-02 1.0934038e-06
343 0.25 2.079962886765e-02 1.6257533e-06
347 0.25 2.135288831538e-02 2.1416252e-06
351 0.25 2.214176760525e-02 1.9447711e-06
355 0.25 2.121568598013e-02 1.0462301e-06
359 0.25 2.204950879525e-02 3.2157448e-06
363 0.25 2.153936594916e-02 4.2053406e-06
367 0.25 2.159005025043e-02 5.3907698e-06
371 0.25 2.035848630010e-02 1.0346381e-06
375 0.25 2.145746782962e-02 8.7480733e-07
379 0.25 2.272243433440e-02 4.8444943e-06
383 0.25 1.943062095293e-02 1.6883684e-06
387 0.25 2.103941310438e-02 4.3937008e-06
391 0.25 2.039093195818e-02 2.3650935e-06
395 0.25 2.011585172193e-02 7.3151571e-07
399 0.25 2.030393372610e-02 2.0533544e-06
403 0.25 2.170876746171e-02 7.2763177e-06
407 0.25 2.042175865464e-02 5.8658556e-07
411 0.25 2.280866363823e-02 2.9610456e-06
415 0.25 2.213903755716e-02 2.7882374e-06
419 0.25 2.159263881893e-02 9.4116921e-07
423 0.25 2.081834634673e-02 2.4781556e-06
427 0.25 1.902321982186e-02 3.0721120e-06
431 0.25 2.015434476853e-02 2.9798874e-06
435 0.25 2.049651974245e-02 1.1365753e-06
439 0.25 1.950168489523e-02 3.7394232e-06
443 0.25 2.067058717871e-02 3.2304578e-06
447 0.25 2.236175158950e-02 2.0714499e-06
451 0.25 1.906552695342e-02 1.0852555e-06
455 0.25 2.003175326041e-02 1.0113047e-06
459 0.25 2.114844475025e-02 7.3149651e-07
463 0.25 2.129058791472e-02 2.0108571e-06
467 0.25 2.155092485049e-02 4.7309124e-06
471 0.25 2.135878710435e-02 1.3843433e-06
475 0.25 2.161897152688e-02 1.2844391e-06
479 0.25 2.169250829234e-02 1.8784988e-06
483 0.25 2.180221219837e-02 8.0586287e-07
487 0.25 2.118539534577e-02 1.9898377e-06
491 0.25 1.896352934482e-02 1.7173728e-06
495 0.25 1.979754597289e-02 1.2078445e-06
499 0.25 2.215997541648e-02 4.1335776e-06
303 0.50 2.047284405133e-02 1.1228583e-06
307 0.50 2.131692014977e-02 7.4870046e-06
311 0.50 2.125985127694e-02 2.9903314e-06
315 0.50 1.964743231815e-02 1.6291965e-06
319 0.50 1.955509463266e-02 3.8334262e-06
323 0.50 1.945886589455e-02 9.3622686e-07
327 0.50 1.942593837486e-02 1.0174196e-06
331 0.50 2.163874153712e-02 1.9569106e-06
335 0.50 2.096786338163e-02 2.7435163e-06
339 0.50 2.120261667815e-02 2.8694111e-06
343 0.50 2.026928436873e-02 1.7798621e-06
347 0.50 2.135217873156e-02 2.0474261e-06
351 0.50 2.109475722768e-02 2.6324031e-06
355 0.50 2.091429341463e-02 3.2985078e-06
359 0.50 2.141976268894e-02 4.7773194e-06
363 0.50 2.106562997098e-02 7.8324702e-07
367 0.50 2.119221956854e-02 1.1186873e-06
371 0.50 1.964786342144e-02 1.4478562e-06
375 0.50 2.238065629029e-02 1.3748939e-06
379 0.50 2.198802797130e-02 2.3865075e-06
383 0.50 1.968227580318e-02 2.3468345e-06
387 0.50 1.979537139277e-02 1.5906194e-06
391 0.50 2.072802598354e-02 1.9919586e-06
395 0.50 2.090530751763e-02 1.4823226e-06
399 0.50 2.102257887903e-02 4.2301838e-06
403 0.50 1.982941623168e-02 2.8819992e-06
407 0.50 2.050409847541e-02 2.0893883e-06
411 0.50 2.124117598465e-02 2.7278647e-06
415 0.50 2.159327323260e-02 1.1649517e-06
419 0.50 2.209838455626e-02 3.8377517e-06
423 0.50 2.068865703079e-02 1.1802418e-06
427 0.50 1.995414811418e-02 2.1208940e-06
431 0.50 1.995309178075e-02 1.5366655e-06
435 0.50 1.999636259292e-02 1.4977700e-06
439 0.50 1.908666990356e-02 1.6075376e-06
443 0.50 2.122912262725e-02 2.8725278e-06
447 0.50 2.326241183420e-02 2.7335837e-06
451 0.50 2.019959287935e-02 5.0666236e-06
455 0.50 2.031827798533e-02 3.0563517e-06
459 0.50 2.080328532374e-02 6.1909904e-07
463 0.50 2.071033379408e-02 1.5207018e-06
467 0.50 2.206130215223e-02 6.8834743e-06
471 0.50 2.132394911592e-02 4.4339940e-06
475 0.50 2.123386649941e-02 1.9499418e-06
479 0.50 2.149085984925e-02 1.7286794e-06
483 0.50 2.121829111198e-02 1.1103982e-06
487 0.50 2.140160025205e-02 2.7523975e-06
491 0.50 2.022719437362e-02 1.4688899e-06
495 0.50 2.100092501864e-02 2.7532201e-06
499 0.50 2.167263582561e-02 1.8229922e-06
303 0.75 2.174363004270e-02 3.3233952e-06
307 0.75 2.122366256809e-02 2.5164802e-06
311 0.75 1.973197350565e-02 2.6594234e-06
315 0.75 2.005450901916e-02 3.8548058e-06
319 0.75 2.214614049585e-02 3.4207733e-06
323 0.75 1.930267286474e-02 4.3059891e-06
327 0.75 2.029158904945e-02 7.0180436e-07
331 0.75 2.086479639280e-02 1.2247253e-06
335 0.75 2.093216789456e-02 5.3056947e-06
339 0.75 2.103523004380e-02 2.1617680e-06
343 0.75 1.940683883415e-02 2.1118308e-06
347 0.75 2.132566139310e-02 1.8872102e-06
351 0.75 2.117315790503e-02 2.0656224e-06
355 0.75 2.186423629152e-02 1.2610851e-06
359 0.75 2.194511076848e-02 1.3189340e-06
363 0.75 2.042350722155e-02 1.8163940e-06
367 0.75 2.023983126278e-02 1.3712588e-06
371 0.75 1.948969245149e-02 4.3657135e-06
375 0.75 2.174743934569e-02 2.0967833e-06
379 0.75 2.192513950215e-02 6.3832806e-06
383 0.75 1.981601363551e-02 1.7057553e-06
387 0.75 2.031398611134e-02 4.4488232e-06
391 0.75 2.128028499338e-02 3.2733319e-06
395 0.75 2.073490022817e-02 2.9714994e-06
399 0.75 2.035513145806e-02 9.1523360e-07
403 0.75 2.087739740104e-02 2.4882112e-06
407 0.75 2.035517545111e-02 2.4322111e-06
411 0.75 2.115642599692e-02 4.4150460e-06
415 0.75 2.203462761301e-02 2.7787836e-06
419 0.75 2.219908729779e-02 4.3695884e-06
423 0.75 2.080764970993e-02 3.1007006e-07
427 0.75 2.033799741259e-02 6.5241676e-06
431 0.75 1.945720069341e-02 1.8655805e-06
435 0.75 2.152852078679e-02 3.8526654e-06
439 0.75 2.011451689771e-02 2.2136318e-06
443 0.75 1.965145783297e-02 1.7981053e-06
447 0.75 2.238223999318e-02 1.7855154e-06
451 0.75 2.031593384292e-02 1.5685199e-06
455 0.75 2.217580909686e-02 4.0011892e-06
459 0.75 2.171960871532e-02 2.6818000e-06
463 0.75 2.033524163079e-02 5.7466849e-06
467 0.75 2.083628480250e-02 6.0129548e-06
471 0.75 2.062351627216e-02 1.3932820e-06
475 0.75 2.221872218415e-02 1.3259864e-06
479 0.75 2.066904880425e-02 1.8931770e-06
483 0.75 2.072486791692e-02 1.0861687e-06
487 0.75 2.116157919573e-02 1.7994857e-06
491 0.75 1.937045647807e-02 1.4925186e-06
495 0.75 2.036211198094e-02 1.3048924e-06
499 0.75 2.212945922155e-02 5.0676441e-07
303 1.00 2.133450060099e-02 3.2350916e-06
307 1.00 2.167839504927e-02 2.0493140e-06
311 1.00 2.125330366263e-02 2.0798537e-06
315 1.00 1.998527954808e-02 3.4403897e-06
319 1.00 2.043153147722e-02 1.9544576e-06
323 1.00 1.926305030149e-02 1.6708929e-06
327 1.00 2.017335562323e-02 1.7616970e-06
331 1.00 2.101124892351e-02 3.0882197e-06
335 1.00 2.293978187169e-02 5.5385230e-06
339 1.00 2.203995938559e-02 4.0981725e-06
343 1.00 2.197243185627e-02 6.3550716e-06
347 1.00 2.153258279740e-02 2.4227802e-06
351 1.00 2.061369392488e-02 1.2698914e-06
355 1.00 2.148792845210e-02 1.2579154e-06
359 1.00 2.268743200291e-02 9.1704238e-07
363 1.00 2.119866932198e-02 2.3745121e-06
367 1.00 2.149610780660e-02 1.8120809e-06
371 1.00 1.906570018847e-02 2.3091548e-06
375 1.00 2.161202266739e-02 1.2391033e-06
379 1.00 1.965959467563e-02 1.3636679e-06
383 1.00 2.015794454022e-02 3.3655467e-06
387 1.00 2.100876780818e-02 3.1679411e-06
391 1.00 2.079678882619e-02 2.8256595e-06
395 1.00 2.004120165999e-02 1.1495620e-06
399 1.00 2.071630827974e-02 1.7378943e-06
403 1.00 1.967440157049e-02 3.8565302e-06
407 1.00 2.074409379156e-02 2.8295602e-06
411 1.00 2.225625511508e-02 2.0175452e-06
415 1.00 2.157490310428e-02 2.3783778e-06
419 1.00 2.103470945897e-02 1.8538217e-06
423 1.00 2.055935293439e-02 2.4855156e-06
427 1.00 1.814926385830e-02 2.1933357e-06
431 1.00 1.946291967018e-02 1.3111265e-06
435 1.00 1.992341402877e-02 9.7145392e-07
439 1.00 1.969916352726e-02 1.3585640e-06
443 1.00 1.898995373726e-02 6.3040168e-07
447 1.00 2.210630942376e-02 5.7206010e-06
451 1.00 1.998609882993e-02 2.7869376e-06
455 1.00 2.047250402384e-02 1.1348036e-06
459 1.00 2.100754256581e-02 2.2950219e-06
463 1.00 2.170504844410e-02 5.2628396e-06
467 1.00 2.210760859292e-02 2.3507573e-06
471 1.00 2.133316972295e-02 1.7964202e-06
475 1.00 2.083685579113e-02 1.7988182e-06
479 1.00 2.190693799445e-02 3.2143568e-06
483 1.00 2.090265425244e-02 1.2857410e-06
487 1.00 2.098523024754e-02 7.9885362e-07
491 1.00 1.916798905324e-02 3.3721236e-06
495 1.00 1.983045658299e-02 4.0425754e-06
499 1.00 2.218060530943e-02 3.0681469e-06
304 -1.00 2.324683346999e-02 3.4761105e-06
308 -1.00 2.103401315978e-02 6.8777549e-07
312 -1.00 2.194658586118e-02 2.1678937e-06
316 -1.00 2.200733429313e-02 1.6613612e-06
320 -1.00 2.083461617387e-02 8.7450535e-07
324 -1.00 2.365965206614e-02 3.4835053e-06
328 -1.00 2.091567067308e-02 2.6013146e-06
332 -1.00 2.048753012049e-02 8.8833212e-07
336 -1.00 2.186277119533e-02 4.3615083e-06
340 -1.00 2.316988048702e-02 3.2498624e-06
344 -1.00 2.028586307585e-02 2.4433482e-06
348 -1.00 2.154849336971e-02 1.7870928e-06
352 -1.00 2.286657239311e-02 3.3799115e-06
356 -1.00 2.203174523688e-02 2.3018321e-06
360 -1.00 2.236320050929e-02 1.5040653e-06
364 -1.00 2.144432017563e-02 3.2213035e-06
368 -1.00 2.118643804113e-02 2.0208922e-06
372 -1.00 2.074329397053e-02 2.6627662e-06
376 -1.00 2.235589255107e-02 1.5079767e-06
380 -1.00 2.328765822819e-02 3.2584880e-06
384 -1.00 2.252800584256e-02 1.7537161e-06
388 -1.00 2.200298169996e-02 2.4480049e-06
392 -1.00 2.184611123562e-02 2.6199091e-06
396 -1.00 1.992165108964e-02 6.1843930e-07
400 -1.00 2.170690897392e-02 1.7662515e-06
404 -1.00 2.449866831061e-02 2.4254668e-06
408 -1.00 2.190326758015e-02 4.1847948e-07
412 -1.00 2.035476428824e-02 7.3517281e-07
416 -1.00 2.197575780919e-02 1.0706001e-06
420 -1.00 2.045481099308e-02 1.6563956e-06
424 -1.00 2.048863593927e-02 1.2051454e-06
428 -1.00 2.061997756367e-02 2.2210314e-06
432 -1.00 2.166807839519e-02 9.9987405e-07
436 -1.00 2.117355985486e-02 5.3891031e-06
440 -1.00 2.164078699876e-02 2.1487402e-06
444 -1.00 2.116595154822e-02 7.0487586e-07
448 -1.00 2.184641088738e-02 2.3375689e-06
452 -1.00 2.251238713329e-02 1.4031433e-06
456 -1.00 2.113315181881e-02 2.7299152e-06
460 -1.00 2.164775890376e-02 3.5966714e-06
464 -1.00 2.037869100443e-02 2.1068384e-06
468 -1.00 2.148257313988e-02 1.2186497e-06
472 -1.00 2.298842132305e-02 4.0788483e-06
476 -1.00 2.197690060124e-02 1.5169303e-06
480 -1.00 2.041105878559e-02 1.6846874e-06
484 -1.00 2.150536922741e-02 1.6529295e-06
488 -1.00 1.970426494312e-02 1.7322571e-06
492 -1.00 2.148711816419e-02 1.0164065e-06
496 -1.00 2.215564568295e-02 2.9511054e-06
500 -1.00 2.146598005390e-02 1.0636689e-06
304 -0.75 2.189247702111e-02 2.5210988e-06
308 -0.75 2.026349008446e-02 5.2796565e-07
312 -0.75 2.131393410188e-02 3.0533128e-06
316 -0.75 2.121259457704e-02 1.5710225e-06
320 -0.75 2.041079656486e-02 2.8137433e-06
324 -0.75 2.272088228419e-02 9.1651676e-07
328 -0.75 2.007077776830e-02 1.1112508e-06
332 -0.75 2.095351321117e-02 3.1810479e-06
336 -0.75 2.135676974557e-02 1.2720932e-06
340 -0.75 2.256294333753e-02 1.6914634e-06
344 -0.75 2.116530674421e-02 1.1155455e-06
348 -0.75 2.151398406856e-02 1.3959405e-06
352 -0.75 2.375621838446e-02 3.6665127e-06
356 -0.75 2.205046009588e-02 1.7929279e-06
360 -0.75 2.195799669946e-02 5.5516438e-07
364 -0.75 2.147211423085e-02 2.2518656e-06
368 -0.75 2.079725534109e-02 5.8229738e-07
372 -0.75 2.054028045765e-02 8.3119171e-07
376 -0.75 2.221865371055e-02 1.2752810e-06
380 -0.75 2.257897385971e-02 5.1407240e-06
384 -0.75 2.236023717321e-02 7.0790701e-07
388 -0.75 2.089906332747e-02 1.5234982e-06
392 -0.75 2.250667959572e-02 1.3697824e-06
396 -0.75 1.942658208547e-02 1.4644338e-06
400 -0.75 2.336855222512e-02 1.1409363e-06
404 -0.75 2.429429798403e-02 1.0129758e-06
408 -0.75 2.223237794797e-02 1.6280676e-06
412 -0.75 2.043230821915e-02 6.8718454e-07
416 -0.75 2.254459431068e-02 9.8577124e-07
420 -0.75 1.967561504114e-02 9.1846233e-07
424 -0.75 2.117099809434e-02 1.1430077e-06
428 -0.75 2.092841274740e-02 1.7935647e-06
432 -0.75 2.183773979283e-02 3.0729577e-06
436 -0.75 2.019387548865e-02 2.0118451e-06
440 -0.75 2.153318550539e-02 4.9120226e-07
444 -0.75 2.052347623935e-02 2.4716987e-06
448 -0.75 2.168610095431e-02 1.5669432e-06
452 -0.75 2.191014364662e-02 2.3866744e-06
456 -0.75 2.022326863398e-02 1.8960643e-06
460 -0.75 2.117456738370e-02 2.2360428e-06
464 -0.75 2.080997203953e-02 7.6814777e-06
468 -0.75 2.153241121894e-02 1.2360182e-06
472 -0.75 2.204851678188e-02 2.2970669e-06
476 -0.75 2.124145812071e-02 1.5250051e-06
480 -0.75 2.088788716545e-02 2.1369947e-06
484 -0.75 2.145482822973e-02 1.5233735e-06
488 -0.75 2.009269081404e-02 2.1917027e-06
492 -0.75 2.141301653403e-02 1.6270429e-06
496 -0.75 2.114073346970e-02 6.7899444e-07
500 -0.75 2.224193032911e-02 1.2331592e-06
304 -0.50 2.338976288179e-02 1.9372439e-06
308 -0.50 2.004864646056e-02 1.2334009e-06
312 -0.50 2.270554262422e-02 3.1248566e-06
316 -0.50 2.189998174013e-02 1.6029384e-06
320 -0.50 1.986355494631e-02 1.6194110e-06
324 -0.50 2.291816288353e-02 1.9624969e-06
328 -0.50 2.041649744654e-02 1.2213459e-06
332 -0.50 1.938520276045e-02 7.6092952e-07
336 -0.50 2.189271134681e-02 4.2128779e-06
340 -0.50 2.238659902442e-02 1.1986208e-06
344 -0.50 2.056587786111e-02 1.4674050e-06
348 -0.50 2.254705042117e-02 3.1142710e-06
352 -0.50 2.344654904356e-02 3.1309659e-06
356 -0.50 2.085121953890e-02 2.3373237e-06
360 -0.50 2.260492278977e-02 4.9259658e-06
364 -0.50 2.097739900005e-02 1.0370168e-06
368 -0.50 2.124500202351e-02 1.4981051e-06
372 -0.50 2.087349455963e-02 2.5491341e-06
376 -0.50 2.264020345628e-02 7.9302648e-07
380 -0.50 2.127190691987e-02 7.6145294e-07
384 -0.50 2.213395813614e-02 9.1527184e-07
388 -0.50 2.213362376972e-02 1.4445295e-06
392 -0.50 2.155825611232e-02 9.3138128e-07
396 -0.50 1.988055568215e-02 1.3769860e-06
400 -0.50 2.146040679668e-02 1.5551704e-06
404 -0.50 2.464975589846e-02 2.6316993e-06
408 -0.50 2.124969301347e-02 4.5076183e-06
412 -0.50 2.032736446344e-02 9.3668269e-07
416 -0.50 2.208049935580e-02 3.7689717e-06
420 -0.50 1.956930353013e-02 2.0067592e-06
424 -0.50 2.108404419598e-02 2.7422972e-06
428 -0.50 1.970416237735e-02 1.4416416e-06
432 -0.50 2.221247265070e-02 2.8044293e-06
436 -0.50 2.104767289723e-02 4.2256033e-06
440 -0.50 2.082631228739e-02 7.0692558e-07
444 -0.50 2.153297117691e-02 9.9855183e-07
448 -0.50 2.264798463884e-02 2.0544204e-06
452 -0.50 2.249272236564e-02 2.5407954e-06
456 -0.50 2.032669652054e-02 2.1684307e-06
460 -0.50 2.111150991127e-02 1.3684173e-06
464 -0.50 2.155807830386e-02 8.9619633e-06
468 -0.50 2.119600767087e-02 6.8552900e-07
472 -0.50 2.224281164851e-02 6.0040427e-07
476 -0.50 2.189376671192e-02 3.2511410e-06
480 -0.50 1.940633013900e-02 6.8224722e-07
484 -0.50 2.158867540250e-02 1.3221108e-06
488 -0.50 1.956557168170e-02 1.5865129e-06
492 -0.50 2.127851015061e-02 7.9749216e-07
496 -0.50 2.099888244654e-02 1.8351762e-06
500 -0.50 2.237550034190e-02 5.7712078e-06
304 -0.25 2.166106262698e-02 2.6464695e-06
308 -0.25 2.080254615341e-02 2.6948175e-06
312 -0.25 2.269396888368e-02 3.4200013e-06
316 -0.25 2.161014198333e-02 1.3585121e-06
320 -0.25 2.120703318451e-02 4.1401749e-06
324 -0.25 2.276956872859e-02 1.2856251e-06
328 -0.25 2.057777336940e-02 1.3891085e-06
332 -0.25 2.015471076134e-02 1.6532861e-06
336 -0.25 2.211696913049e-02 2.8648400e-06
340 -0.25 2.283470486995e-02 2.6542454e-06
344 -0.25 2.079381805842e-02 1.4197704e-06
348 -0.25 2.185722477507e-02 2.4859907e-06
352 -0.25 2.216015578593e-02 1.8135120e-06
356 -0.25 2.118187169075e-02 3.7979062e-06
360 -0.25 2.132411815151e-02 1.5931194e-06
364 -0.25 2.101649082750e-02 1.0375297e-06
368 -0.25 2.156642755257e-02 2.9106475e-06
372 -0.25 2.032494979842e-02 3.2785054e-07
376 -0.25 2.187346632991e-02 1.3183293e-06
380 -0.25 2.257603459842e-02 3.6157006e-06
384 -0.25 2.260896095423e-02 2.3245000e-06
388 -0.25 2.100988629889e-02 1.2417387e-06
392 -0.25 2.285114877014e-02 2.7518658e-06
396 -0.25 2.055408217050e-02 2.1444525e-06
400 -0.25 2.174349897036e-02 7.2247840e-07
404 -0.25 2.408851247921e-02 2.5151787e-06
408 -0.25 2.131739343802e-02 1.2154437e-06
412 -0.25 2.066267290555e-02 1.5910984e-06
416 -0.25 2.144719043174e-02 3.2796778e-06
420 -0.25 2.015115233031e-02 1.2512687e-06
424 -0.25 2.032171963073e-02 1.9169262e-06
428 -0.25 2.007952470554e-02 1.7856460e-06
432 -0.25 2.141479628007e-02 9.8440330e-07
436 -0.25 2.081757235377e-02 2.0560236e-06
440 -0.25 2.104603952191e-02 3.0566885e-06
444 -0.25 2.107029685788e-02 1.1707281e-06
448 -0.25 2.222227855275e-02 4.1857467e-06
452 -0.25 2.156714508335e-02 2.1618213e-06
456 -0.25 2.072961552710e-02 3.0673823e-06
460 -0.25 2.200895828702e-02 5.3813917e-06
464 -0.25 1.939790442865e-02 2.8687103e-06
468 -0.25 2.207556685929e-02 1.2967072e-06
472 -0.25 2.292620535782e-02 2.1444900e-06
476 -0.25 2.193109073266e-02 2.4437136e-06
480 -0.25 2.063584103445e-02 1.2115024e-06
484 -0.25 2.202493613940e-02 1.8974042e-06
488 -0.25 1.928033197894e-02 9.2350466e-07
492 -0.25 1.987055137671e-02 1.3389996e-06
496 -0.25 2.166781170441e-02 8.6788894e-07
500 -0.25 2.161761270684e-02 2.7287482e-06
304 0.00 2.167622624011e-02 2.5427016e-06
308 0.00 2.072191905842e-02 1.0933931e-06
312 0.00 2.123963671755e-02 1.2570193e-06
316 0.00 2.104280978113e-02 1.8100954e-06
320 0.00 1.970620631346e-02 1.5928808e-06
324 0.00 2.361444283399e-02 4.7842525e-06
328 0.00 2.025337228135e-02 7.9911096e-07
332 0.00 1.910491256489e-02 1.1496783e-06
336 0.00 2.118611182781e-02 2.0173702e-06
340 0.00 2.217720618999e-02 5.2210510e-07
344 0.00 1.880809468417e-02 7.9811897e-07
348 0.00 2.155020405401e-02 3.6382556e-06
352 0.00 2.206966828054e-02 8.6259080e-07
356 0.00 2.132605649599e-02 4.1204034e-06
360 0.00 2.139115344060e-02 1.0962247e-06
364 0.00 2.080543336478e-02 2.2758391e-06
368 0.00 2.131472546810e-02 3.2192640e-06
372 0.00 2.096763511153e-02 1.3839886e-06
376 0.00 2.200639076103e-02 2.4070602e-06
380 0.00 2.118514183884e-02 1.8379529e-06
384 0.00 2.184130825904e-02 3.0756205e-06
388 0.00 2.086378198384e-02 2.4307556e-06
392 0.00 2.166241738646e-02 2.8377146e-06
396 0.00 2.001293630876e-02 6.4435206e-06
400 0.00 2.135863231880e-02 1.7359836e-06
404 0.00 2.328967433757e-02 3.1041409e-06
408 0.00 2.198618376041e-02 2.1937681e-06
412 0.00 2.092599247873e-02 4.0757441e-06
416 0.00 2.142051938871e-02 1.5597039e-06
420 0.00 2.000532697844e-02 3.1031044e-06
424 0.00 2.067659110196e-02 8.0607212e-07
428 0.00 2.030291927380e-02 1.9081649e-06
432 0.00 2.205911348747e-02 1.0301200e-06
436 0.00 1.992527588097e-02 1.6333719e-06
440 0.00 2.063123253265e-02 1.7165004e-06
444 0.00 2.118212987953e-02 1.2251783e-06
448 0.00 2.186020662661e-02 2.4870624e-06
452 0.00 2.256212136633e-02 2.9839915e-06
456 0.00 2.004530074357e-02 1.8616360e-06
460 0.00 2.077152576331e-02 2.1413859e-06
464 0.00 2.001938801716e-02 1.4011011e-06
468 0.00 2.077234584657e-02 3.3498179e-06
472 0.00 2.211150072729e-02 4.0189232e-06
476 0.00 2.112416655872e-02 2.3564507e-06
480 0.00 1.989138178380e-02 2.0398101e-06
484 0.00 2.175319161427e-02 3.2018802e-06
488 0.00 1.957333490319e-02 1.5093459e-06
492 0.00 2.079071231277e-02 1.0840394e-06
496 0.00 2.163397685954e-02 2.2610480e-06
500 0.00 2.099667302954e-02 9.0208932e-07
304 0.25 2.172471241578e-02 1.7895379e-06
308 0.25 2.039788024252e-02 1.1751818e-06
312 0.25 2.159066388688e-02 9.0771004e-07
316 0.25 2.071188615131e-02 1.5079843e-06
320 0.25 2.056496648175e-02 6.1419332e-06
324 0.25 2.285034686633e-02 1.0903231e-06
328 0.25 2.098022453673e-02 1.4612483e-06
332 0.25 2.014644486066e-02 1.7910344e-06
336 0.25 2.089304709190e-02 1.9204894e-06
340 0.25 2.220908587277e-02 2.6374197e-06
344 0.25 1.896516803233e-02 2.4059055e-06
348 0.25 2.157845309520e-02 5.6274516e-07
352 0.25 2.263686539490e-02 2.8633375e-06
356 0.25 2.047064662225e-02 2.5928703e-06
360 0.25 2.215085441246e-02 2.5216747e-06
364 0.25 2.075426920710e-02 1.8586821e-06
368 0.25 2.061116076375e-02 2.4050085e-06
372 0.25 2.065039516203e-02 7.5759554e-07
376 0.25 2.156607263070e-02 2.5559709e-06
380 0.25 2.181261163851e-02 1.8143953e-06
384 0.25 2.170684874489e-02 1.8925695e-06
388 0.25 1.980328472806e-02 2.0496964e-06
392 0.25 2.234101728055e-02 1.0300541e-06
396 0.25 2.019531111430e-02 2.2435501e-06
400 0.25 2.230228673455e-02 2.6842734e-06
404 0.25 2.307676546909e-02 2.7682455e-06
408 0.25 2.127751486461e-02 5.1282523e-06
412 0.25 2.097557022852e-02 1.9774119e-06
416 0.25 2.163740279581e-02 1.3910629e-06
420 0.25 1.956925964792e-02 4.1786062e-06
424 0.25 1.990301073990e-02 1.3468730e-06
428 0.25 2.061424927588e-02 6.1868347e-06
432 0.25 2.149177889866e-02 2.1307176e-06
436 0.25 1.967004153435e-02 2.4774503e-06
440 0.25 2.141873684554e-02 4.8407172e-06
444 0.25 2.079113970986e-02 1.2433518e-06
448 0.25 2.177533627834e-02 2.6756772e-06
452 0.25 2.161035786478e-02 2.0310946e-06
456 0.25 1.921458241648e-02 1.5707096e-06
460 0.25 2.181287585145e-02 3.5254861e-06
464 0.25 1.909727341419e-02 1.6915809e-06
468 0.25 2.108562475298e-02 1.7851759e-06
472 0.25 2.156084782082e-02 2.9397850e-06
476 0.25 2.125999275811e-02 1.7044848e-06
480 0.25 2.044817778853e-02 2.0772222e-06
484 0.25 2.194414408004e-02 2.6211037e-06
488 0.25 1.905034367384e-02 1.9137689e-06
492 0.25 2.065781422438e-02 1.8695280e-06
496 0.25 2.178264541705e-02 2.1165249e-06
500 0.25 2.249558829103e-02 1.4140981e-06
304 0.50 2.189002503290e-02 2.0654880e-06
308 0.50 2.076995307415e-02 5.4526675e-06
312 0.50 2.236513545375e-02 4.0849996e-06
316 0.50 2.135322581554e-02 3.3278301e-06
320 0.50 2.045577163219e-02 1.9694723e-06
324 0.50 2.207476187065e-02 1.3175002e-06
328 0.50 2.059815774389e-02 3.6617289e-06
332 0.50 2.039834283502e-02 2.3502317e-06
336 0.50 2.122974003707e-02 1.7330015e-06
340 0.50 2.211608754712e-02 8.8481472e-07
344 0.50 1.906916332161e-02 5.8049086e-07
348 0.50 2.236630765271e-02 4.2746704e-06
352 0.50 2.265821017829e-02 3.1813798e-06
356 0.50 2.012116240410e-02 2.0354783e-06
360 0.50 2.115939269427e-02 9.6353989e-07
364 0.50 2.064641582452e-02 1.9127890e-06
368 0.50 2.075593386533e-02 2.9091504e-06
372 0.50 2.002333248474e-02 7.5790167e-07
376 0.50 2.140508513346e-02 3.2558177e-06
380 0.50 2.209251275308e-02 1.1887767e-06
384 0.50 2.206534273342e-02 2.7524207e-06
388 0.50 2.111861197665e-02 4.5237450e-06
392 0.50 2.149443765884e-02 3.7346201e-06
396 0.50 2.036781408525e-02 5.7100068e-06
400 0.50 2.155754753914e-02 1.7647722e-06
404 0.50 2.390293444805e-02 3.6484956e-06
408 0.50 2.143522810803e-02 2.3530946e-06
412 0.50 2.125690855613e-02 3.3910469e-06
416 0.50 2.193154809221e-02 8.7241607e-07
420 0.50 1.970965014448e-02 8.5746650e-07
424 0.50 1.968380351671e-02 1.6013781e-06
428 0.50 2.083926673907e-02 2.6414971e-06
432 0.50 2.166209597043e-02 2.7393249e-06
436 0.50 1.930967480718e-02 1.3724242e-06
440 0.50 2.081373589148e-02 2.4342860e-06
444 0.50 2.054646079319e-02 1.1228401e-06
448 0.50 2.146311642438e-02 8.4105788e-07
452 0.50 2.246990809946e-02 3.7955110e-06
456 0.50 1.995516855409e-02 9.3589591e-07
460 0.50 2.093236750860e-02 3.5961024e-06
464 0.50 1.926461738843e-02 3.8031256e-06
468 0.50 2.136087004375e-02 2.2139846e-06
472 0.50 2.336225717969e-02 2.3982504e-06
476 0.50 2.121552024701e-02 8.2629595e-07
480 0.50 2.045530315799e-02 4.4409271e-06
484 0.50 2.174763560698e-02 1.5084708e-06
488 0.50 1.916139184618e-02 3.5508868e-06
492 0.50 2.030258372104e-02 4.3549920e-07
496 0.50 2.058810505859e-02 2.3384653e-06
500 0.50 2.249921590116e-02 4.9880348e-06
304 0.75 2.138363427470e-02 2.7934765e-06
308 0.75 2.032720914925e-02 1.2641446e-06
312 0.75 2.116270628022e-02 2.8635826e-06
316 0.75 2.112359863759e-02 8.9518854e-07
320 0.75 2.006466263243e-02 1.1992826e-06
324 0.75 2.125179556779e-02 1.9203909e-06
328 0.75 2.005111493400e-02 2.2037563e-06
332 0.75 1.977348806899e-02 2.4234398e-06
336 0.75 2.092701503159e-02 1.2728327e-06
340 0.75 2.189817631674e-02 1.2127979e-06
344 0.75 1.860251269354e-02 2.0791491e-06
348 0.75 2.196950003740e-02 4.0128760e-06
352 0.75 2.273752058977e-02 2.3088776e-06
356 0.75 2.077023751923e-02 2.6719206e-06
360 0.75 2.133968771523e-02 1.6893224e-06
364 0.75 2.047483840359e-02 1.8104551e-06
368 0.75 2.210295623547e-02 3.2756610e-06
372 0.75 2.071541690693e-02 5.3885514e-06
376 0.75 2.138473639935e-02 2.0668033e-06
380 0.75 2.205822744027e-02 3.3931977e-06
384 0.75 2.163588578709e-02 2.1213099e-06
388 0.75 2.026620646341e-02 2.7223384e-06
392 0.75 2.284403733104e-02 6.0125774e-06
396 0.75 2.027869794432e-02 2.2033427e-06
400 0.75 2.294993331264e-02 3.2449574e-06
404 0.75 2.358867759999e-02 6.8735067e-06
408 0.75 2.052326912281e-02 9.7620832e-07
412 0.75 2.053858986084e-02 3.0762861e-06
416 0.75 2.178858770552e-02 3.1643950e-06
420 0.75 2.034499721833e-02 2.4733114e-06
424 0.75 2.060492450472e-02 7.1307380e-06
428 0.75 2.080081298455e-02 6.2163181e-06
432 0.75 2.206885301159e-02 2.2382650e-06
436 0.75 1.899049666421e-02 1.5595796e-06
440 0.75 2.139876771558e-02 3.3088247e-06
444 0.75 2.142544346330e-02 4.8416062e-06
448 0.75 2.180733922101e-02 1.7778327e-06
452 0.75 2.145234401304e-02 8.2919914e-07
456 0.75 1.956199528734e-02 3.1773768e-06
460 0.75 2.059046464072e-02 9.8378536e-07
464 0.75 2.031876534352e-02 4.7381978e-07
468 0.75 2.084254305048e-02 9.5164452e-07
472 0.75 2.247199283625e-02 4.6481246e-06
476 0.75 2.084766936472e-02 1.6980423e-06
480 0.75 2.084730682594e-02 9.9734997e-07
484 0.75 2.123126122856e-02 2.5701777e-06
488 0.75 1.780841596511e-02 9.6246907e-07
492 0.75 1.950756725223e-02 1.6203235e-06
496 0.75 2.088630102701e-02 2.9660016e-06
500 0.75 2.282034768519e-02 2.1145522e-06
304 1.00 2.144130592326e-02 6.1445100e-06
308 1.00 2.053692086433e-02 1.7074433e-06
312 1.00 2.260460964134e-02 4.7517659e-06
316 1.00 2.175453373654e-02 1.6499140e-06
320 1.00 1.984961931118e-02 2.1355450e-06
324 1.00 2.261741554992e-02 7.7967834e-06
328 1.00 2.015078703642e-02 1.1142568e-06
332 1.00 1.912100867688e-02 2.8598157e-06
336 1.00 2.223365860749e-02 1.9811773e-06
340 1.00 2.254417561263e-02 1.7905301e-06
344 1.00 1.924491343818e-02 3.5792606e-06
348 1.00 2.160565559963e-02 5.4507945e-07
352 1.00 2.274564786690e-02 4.4830979e-06
356 1.00 2.114558589576e-02 6.7287225e-07
360 1.00 2.341203415924e-02 5.5516211e-06
364 1.00 2.079615701666e-02 3.6495279e-06
368 1.00 2.145205140477e-02 2.7558545e-06
372 1.00 1.913303378828e-02 1.6991457e-06
376 1.00 2.150420450474e-02 2.1412167e-06
380 1.00 2.153485217127e-02 1.7899333e-06
384 1.00 2.319439816259e-02 4.8241535e-06
388 1.00 2.117360478013e-02 1.9342858e-06
392 1.00 2.100191855882e-02 1.8409662e-06
396 1.00 2.065809497511e-02 2.4064849e-06
400 1.00 2.158764799989e-02 3.1401164e-06
404 1.00 2.282849440329e-02 4.0285381e-06
408 1.00 2.152250603130e-02 1.7442790e-06
412 1.00 2.104669837783e-02 1.9491878e-06
416 1.00 2.129238645980e-02 2.1981180e-06
420 1.00 2.000306267905e-02 2.8107894e-06
424 1.00 1.969397697171e-02 3.3493291e-06
428 1.00 2.014179515421e-02 1.9647460e-06
432 1.00 2.248789935950e-02 5.6451459e-06
436 1.00 1.869868046854e-02 1.6710838e-06
440 1.00 2.126871344491e-02 1.9028380e-06
444 1.00 2.210161658369e-02 8.0899307e-06
448 1.00 2.225378923713e-02 3.9092790e-06
452 1.00 2.206197082813e-02 1.3181720e-06
456 1.00 1.867394580781e-02 1.3577779e-06
460 1.00 2.029742532911e-02 2.2190108e-06
464 1.00 1.954813781593e-02 3.8513333e-06
468 1.00 2.238911417584e-02 4.8274995e-06
472 1.00 2.216381802708e-02 4.7549126e-06
476 1.00 2.118325882085e-02 1.8004817e-06
480 1.00 2.031964173213e-02 3.1353005e-06
484 1.00 2.141873586638e-02 1.5094738e-06
488 1.00 1.982703328732e-02 1.1374752e-06
492 1.00 2.041789305406e-02 4.8550449e-06
496 1.00 2.218252878102e-02 2.9384716e-06
500 1.00 2.116531332262e-02 1.1880694e-06
301 -1.00 2.158525252446e-02 9.2039479e-07
305 -1.00 2.091005714403e-02 5.6710255e-07
309 -1.00 2.088389158295e-02 1.2702849e-06
313 -1.00 2.200456574801e-02 1.8075985e-06
317 -1.00 2.129589669053e-02 9.9641970e-07
321 -1.00 2.193549548950e-02 8.7772535e-07
325 -1.00 2.082443826116e-02 1.2790192e-06
329 -1.00 2.218264254934e-02 2.2841952e-06
333 -1.00 1.971854044277e-02 4.3366516e-06
337 -1.00 2.354318379093e-02 1.8442682e-06
341 -1.00 1.973823724029e-02 5.8464275e-07
345 -1.00 2.192080100516e-02 1.3409905e-06
349 -1.00 1.999802505850e-02 8.0230841e-07
353 -1.00 2.033146198853e-02 2.8612851e-06
357 -1.00 2.039400933341e-02 2.7279887e-06
361 -1.00 2.169478446790e-02 2.1763816e-06
365 -1.00 2.260014834292e-02 1.1065922e-06
369 -1.00 2.115838620235e-02 1.3347465e-06
373 -1.00 2.272239738210e-02 1.5053660e-06
377 -1.00 2.091673858294e-02 2.4217626e-06
381 -1.00 2.151863943889e-02 1.9317147e-06
385 -1.00 2.260065806092e-02 1.9728832e-06
389 -1.00 1.992322625125e-02 2.0211169e-06
393 -1.00 2.057329083267e-02 7.6348022e-07
397 -1.00 2.341804897202e-02 2.4919010e-06
401 -1.00 2.110999607535e-02 3.4767229e-06
405 -1.00 2.136709578004e-02 1.5708446e-06
409 -1.00 2.318032910457e-02 1.7426220e-06
413 -1.00 2.032265067575e-02 9.4470436e-07
417 -1.00 2.169660365550e-02 8.1011101e-07
421 -1.00 2.185090760407e-02 1.6381196e-06
425 -1.00 2.266567845663e-02 2.9327118e-06
429 -1.00 2.212645628764e-02 2.5037358e-06
433 -1.00 2.188774761001e-02 2.2130348e-06
437 -1.00 2.043870975012e-02 1.7632885e-06
441 -1.00 2.238427600930e-02 5.2480460e-06
445 -1.00 2.009864106130e-02 2.7213476e-06
449 -1.00 1.989999004276e-02 1.8089917e-06
453 -1.00 2.195844723974e-02 1.5567414e-06
457 -1.00 2.274119830111e-02 1.4497058e-06
461 -1.00 2.193381467697e-02 4.1560604e-07
465 -1.00 2.226652377829e-02 2.0073344e-06
469 -1.00 2.203242586818e-02 2.6285965e-06
473 -1.00 2.011612269268e-02 1.2033263e-06
477 -1.00 2.156530998604e-02 1.4636394e-06
481 -1.00 2.055945775916e-02 1.3278570e-06
485 -1.00 2.283443148800e-02 4.3301934e-06
489 -1.00 2.219883547914e-02 1.4817788e-06
493 -1.00 2.515983939296e-02 2.8588755e-06
497 -1.00 2.141501606254e-02 9.6546023e-07
301 -0.75 2.184725105682e-02 2.2890698e-06
305 -0.75 2.122879576140e-02 1.9817599e-06
309 -0.75 2.070826195349e-02 3.2443941e-06
313 -0.75 2.258834590371e-02 3.0012855e-06
317 -0.75 2.160877034784e-02 1.1580526e-06
321 -0.75 2.189952014630e-02 1.8008168e-06
325 -0.75 2.094436078815e-02 2.0508460e-06
329 -0.75 2.282258424264e-02 1.3139838e-06
333 -0.75 1.989628002804e-02 1.3538724e-06
337 -0.75 2.262341976164e-02 2.0739896e-06
341 -0.75 2.009180525497e-02 1.6101852e-06
345 -0.75 2.069748837488e-02 2.8977385e-06
349 -0.75 1.903749675416e-02 1.0021799e-06
353 -0.75 2.013498349895e-02 1.7219039e-06
357 -0.75 1.990290591993e-02 3.1987445e-06
361 -0.75 2.004447076366e-02 2.2472433e-06
365 -0.75 2.155617993878e-02 6.7217958e-07
369 -0.75 2.100202361648e-02 1.2637245e-06
373 -0.75 2.230501610713e-02 1.4358277e-06
377 -0.75 2.126579562396e-02 4.1379500e-06
381 -0.75 2.120224478879e-02 1.4712369e-06
385 -0.75 2.106465101405e-02 2.9924157e-06
389 -0.75 2.032981099561e-02 9.6659090e-07
393 -0.75 2.103908129070e-02 8.4707956e-07
397 -0.75 2.314447301733e-02 2.1060952e-06
401 -0.75 2.068071670982e-02 1.7829589e-06
405 -0.75 2.119479944987e-02 2.6866993e-06
409 -0.75 2.254916039834e-02 2.3666719e-06
413 -0.75 2.079480886318e-02 1.3603972e-06
417 -0.75 2.226727693664e-02 4.8384503e-06
421 -0.75 2.125365022657e-02 1.7990013e-06
425 -0.75 2.282069812051e-02 6.1157438e-07
429 -0.75 2.195558892082e-02 1.3559405e-06
433 -0.75 2.194471041320e-02 2.8236003e-06
437 -0.75 2.040260956784e-02 7.6745439e-07
441 -0.75 2.258024776539e-02 1.6781144e-06
445 -0.75 1.895975387084e-02 5.9702427e-07
449 -0.75 1.995501030698e-02 1.9289341e-06
453 -0.75 2.153499358137e-02 9.5941372e-07
457 -0.75 2.293189186130e-02 3.9277620e-06
461 -0.75 2.191883158456e-02 9.1238223e-07
465 -0.75 2.329254496515e-02 5.1471329e-06
469 -0.75 2.135412602847e-02 3.6345083e-06
473 -0.75 1.964442166216e-02 7.4763868e-07
477 -0.75 2.182667817193e-02 3.2333357e-06
481 -0.75 2.063516624642e-02 1.1625261e-06
485 -0.75 2.201157118668e-02 2.6740413e-06
489 -0.75 2.079502031888e-02 2.2127828e-06
493 -0.75 2.397820853542e-02 4.6827539e-06
497 -0.75 2.029117380993e-02 5.9313394e-07
301 -0.50 2.207373542574e-02 1.7195064e-06
305 -0.50 2.118784731662e-02 1.5127680e-06
309 -0.50 2.067461387892e-02 2.7302871e-06
313 -0.50 2.148149629448e-02 1.5742408e-06
317 -0.50 2.182820685988e-02 3.0326655e-06
321 -0.50 2.261703383377e-02 3.7041045e-06
325 -0.50 2.087963540984e-02 2.9010099e-06
329 -0.50 2.149132601629e-02 1.0292105e-06
333 -0.50 1.894996728793e-02 1.2683511e-06
337 -0.50 2.364554779925e-02 2.4118808e-06
341 -0.50 1.980692463735e-02 7.5237382e-07
345 -0.50 2.093378795733e-02 4.4841249e-06
349 -0.50 1.883106421623e-02 1.4652123e-06
353 -0.50 1.991460604995e-02 1.6717317e-06
357 -0.50 2.009817390679e-02 9.7827075e-07
361 -0.50 2.077568524454e-02 2.0106696e-06
365 -0.50 2.213593594489e-02 2.1047536e-06
369 -0.50 2.116727017410e-02 1.2995468e-06
373 -0.50 2.244217176104e-02 3.8454555e-06
377 -0.50 2.167275205264e-02 2.3762874e-06
381 -0.50 2.023621847759e-02 2.0286538e-06
385 -0.50 2.162634703383e-02 2.4029793e-06
389 -0.50 2.143319268698e-02 3.8437362e-06
393 -0.50 2.010116366583e-02 8.1940953e-07
397 -0.50 2.218019535593e-02 2.2741912e-06
401 -0.50 2.166450224657e-02 3.6505576e-06
405 -0.50 2.161802473584e-02 1.3460155e-06
409 -0.50 2.165207843795e-02 2.8687828e-07
413 -0.50 2.062516240546e-02 1.6625476e-06
417 -0.50 2.124377965854e-02 1.7295930e-06
421 -0.50 2.232681632852e-02 2.1478937e-06
425 -0.50 2.309372418680e-02 3.7082383e-06
429 -0.50 2.172103209328e-02 1.3909654e-06
433 -0.50 2.190147662650e-02 1.9529331e-06
437 -0.50 2.013651057135e-02 1.3763615e-06
441 -0.50 2.162169339760e-02 1.8703767e-06
445 -0.50 1.937909363265e-02 8.5823592e-07
449 -0.50 2.054470927447e-02 1.9913708e-06
453 -0.50 2.253041433857e-02 1.8293050e-06
457 -0.50 2.321446361500e-02 2.3141346e-06
461 -0.50 2.227459829952e-02 2.7121846e-06
465 -0.50 2.214665861488e-02 3.4975914e-06
469 -0.50 2.217132631374e-02 7.0217928e-06
473 -0.50 1.962472846751e-02 6.3094269e-07
477 -0.50 2.018355112006e-02 1.0789071e-06
481 -0.50 2.033778875796e-02 2.6046099e-06
485 -0.50 2.161167138420e-02 1.8135576e-06
489 -0.50 2.143381060150e-02 1.2970311e-06
493 -0.50 2.422602382950e-02 2.6109671e-06
497 -0.50 2.152758348008e-02 2.8451151e-06
301 -0.25 2.066517457008e-02 1.4304759e-06
305 -0.25 2.022398641131e-02 1.2143935e-06
309 -0.25 1.993081111761e-02 1.0029606e-06
313 -0.25 2.194168735445e-02 2.0034105e-06
317 -0.25 2.103575124316e-02 1.4394750e-06
321 -0.25 2.199691928410e-02 2.3557546e-06
325 -0.25 2.104128797439e-02 1.7297703e-06
329 -0.25 2.262012605851e-02 5.9748985e-07
333 -0.25 1.895279299077e-02 4.6946323e-06
337 -0.25 2.353610201079e-02 1.0872807e-06
341 -0.25 2.060417500086e-02 1.5092040e-06
345 -0.25 1.981493021129e-02 2.4271965e-06
349 -0.25 1.925370291091e-02 9.9581063e-07
353 -0.25 1.976526558115e-02 8.1908672e-07
357 -0.25 2.066673352585e-02 1.3453843e-06
361 -0.25 2.084464301611e-02 2.0183853e-06
365 -0.25 2.170452923364e-02 1.0994597e-06
369 -0.25 2.132892616229e-02 2.5117535e-06
373 -0.25 2.198744772572e-02 8.7445542e-07
377 -0.25 2.056610242877e-02 8.3485337e-07
381 -0.25 2.085417190240e-02 4.0851334e-06
385 -0.25 2.144716850942e-02 7.9774628e-07
389 -0.25 2.110948126492e-02 2.2809854e-06
393 -0.25 2.051613947556e-02 1.4889535e-06
397 -0.25 2.208526350136e-02 4.5204131e-06
401 -0.25 2.110141806023e-02 1.7339134e-06
405 -0.25 2.135064594370e-02 1.5885051e-06
409 -0.25 2.165374824297e-02 1.1138147e-06
413 -0.25 1.998888925197e-02 1.2329153e-06
417 -0.25 2.155559775035e-02 2.7844674e-06
421 -0.25 2.168773112668e-02 4.9045060e-06
425 -0.25 2.139111779902e-02 1.6779186e-06
429 -0.25 2.210764607130e-02 2.0846592e-06
433 -0.25 2.199175295358e-02 4.9772791e-06
437 -0.25 2.022389247134e-02 1.8016048e-06
441 -0.25 2.179094692397e-02 1.0320092e-06
445 -0.25 1.963144154941e-02 1.2345405e-06
449 -0.25 2.082311915294e-02 2.7017622e-06
453 -0.25 2.167090015879e-02 9.6059980e-07
457 -0.25 2.206282888518e-02 9.1812968e-07
461 -0.25 2.153093400247e-02 6.7746774e-07
465 -0.25 2.159560383006e-02 1.9683598e-06
469 -0.25 2.199591210866e-02 2.3610332e-06
473 -0.25 2.020461970636e-02 2.0444577e-06
477 -0.25 2.000283167816e-02 1.7124781e-06
481 -0.25 2.160895537694e-02 4.2208123e-06
485 -0.25 2.211924759516e-02 2.0519367e-06
489 -0.25 2.161494461282e-02 1.3311606e-06
493 -0.25 2.483649565098e-02 1.9525962e-06
497 -0.25 2.181310838217e-02 3.1433529e-07
301 0.00 2.018929056181e-02 1.0371366e-06
305 0.00 2.052757917733e-02 2.2811708e-06
309 0.00 1.950846595581e-02 1.7123302e-06
313 0.00 2.124287438295e-02 2.4729255e-06
317 0.00 2.115628263326e-02 2.9867492e-06
321 0.00 2.229674021417e-02 5.0309941e-06
325 0.00 2.082935754463e-02 2.0243931e-06
329 0.00 2.239440311854e-02 5.7647854e-07
333 0.00 1.806349958017e-02 1.9607338e-06
337 0.00 2.314213086350e-02 2.5849810e-06
341 0.00 2.018659547168e-02 1.4466143e-06
345 0.00 2.177436098360e-02 3.1679629e-06
349 0.00 2.052826043662e-02 2.6887395e-06
353 0.00 1.958799599682e-02 2.2326033e-06
357 0.00 2.028414554450e-02 2.8682254e-06
361 0.00 2.048489774521e-02 1.4943817e-06
365 0.00 2.127109868866e-02 3.1251372e-06
369 0.00 2.219168051570e-02 1.2318056e-06
373 0.00 2.191021183407e-02 2.5573877e-06
377 0.00 2.147754697779e-02 4.0306583e-06
381 0.00 2.046140200984e-02 3.4578624e-06
385 0.00 2.155828748340e-02 9.8247733e-07
389 0.00 1.979627418491e-02 8.8639751e-07
393 0.00 2.056614832706e-02 1.5333560e-06
397 0.00 2.236271014491e-02 1.2358221e-06
401 0.00 2.074240598067e-02 1.8584926e-06
405 0.00 2.094724819342e-02 1.0095703e-06
409 0.00 2.222466343596e-02 5.0719733e-06
413 0.00 2.056876576549e-02 3.9142088e-06
417 0.00 2.065642138269e-02 2.8669540e-06
421 0.00 2.157204005293e-02 2.6475012e-06
425 0.00 2.233189652449e-02 3.1317022e-06
429 0.00 2.200800657279e-02 1.6149131e-06
433 0.00 2.283799867857e-02 3.1663208e-06
437 0.00 2.008912690392e-02 2.3986459e-06
441 0.00 2.141563308762e-02 2.9065602e-06
445 0.00 1.971844829322e-02 9.4859228e-07
449 0.00 1.942346124629e-02 1.7879473e-06
453 0.00 2.170938165646e-02 2.1171184e-06
457 0.00 2.223447325296e-02 2.1365447e-06
461 0.00 2.130711415380e-02 5.0436362e-07
465 0.00 2.135900616736e-02 1.8972700e-06
469 0.00 2.133795681202e-02 1.2522527e-06
473 0.00 1.949505841939e-02 7.2728406e-07
477 0.00 2.043580450464e-02 2.2341965e-06
481 0.00 2.069653626312e-02 1.5802324e-06
485 0.00 2.200769220944e-02 6.5396408e-07
489 0.00 2.185464928160e-02 4.7623866e-06
493 0.00 2.290456526041e-02 2.9722858e-06
497 0.00 2.104062524392e-02 1.6764957e-06
301 0.25 2.038107296917e-02 1.6871973e-06
305 0.25 2.043440359382e-02 1.7602261e-06
309 0.25 1.952845829275e-02 6.6677452e-07
313 0.25 2.131511726085e-02 5.1682299e-06
317 0.25 2.164103821633e-02 1.2901540e-06
321 0.25 2.122456896882e-02 3.3530266e-06
325 0.25 1.975106355337e-02 2.1059675e-06
329 0.25 2.365979464404e-02 1.6312979e-06
333 0.25 1.914690600370e-02 2.4074412e-06
337 0.25 2.281914666768e-02 1.2373013e-06
341 0.25 1.976405326777e-02 6.2048177e-07
345 0.25 1.999396361275e-02 1.7337584e-06
349 0.25 1.976026969293e-02 2.6340951e-06
353 0.25 1.963994790031e-02 1.5768475e-06
357 0.25 1.996398579078e-02 2.0502500e-06
361 0.25 2.003217236428e-02 2.6102926e-06
365 0.25 2.241652555800e-02 3.6323744e-06
369 0.25 2.079038745502e-02 2.5478097e-06
373 0.25 2.150051146956e-02 3.7618275e-06
377 0.25 2.147585267302e-02 3.0297255e-06
381 0.25 2.089034565927e-02 2.6683439e-06
385 0.25 2.122777238148e-02 1.6363201e-06
389 0.25 1.990407744975e-02 2.2845844e-06
393 0.25 2.022770378763e-02 2.3619156e-06
397 0.25 2.186432852278e-02 2.0563777e-06
401 0.25 1.978752346809e-02 1.6141943e-06
405 0.25 2.087582618916e-02 1.3053017e-06
409 0.25 2.186208313256e-02 3.4126424e-06
413 0.25 2.073888301690e-02 9.7549673e-07
417 0.25 2.056502261993e-02 2.3978492e-06
421 0.25 2.150482647199e-02 3.1833488e-06
425 0.25 2.164312465587e-02 1.2736355e-06
429 0.25 2.146537083975e-02 1.9172405e-06
433 0.25 2.231392302464e-02 5.5138751e-07
437 0.25 2.125859921557e-02 2.4926818e-06
441 0.25 2.171906924035e-02 1.9094618e-06
445 0.25 1.972195040255e-02 2.9383372e-06
449 0.25 1.870395532725e-02 1.9926135e-06
453 0.25 2.216051664851e-02 1.6046577e-06
457 0.25 2.368074060358e-02 4.0577609e-06
461 0.25 2.216554260399e-02 2.5167513e-06
465 0.25 2.190034905434e-02 3.0717727e-06
469 0.25 2.161075875861e-02 3.6415823e-06
473 0.25 1.996037383453e-02 2.0160957e-06
477 0.25 1.997337147264e-02 1.3112266e-06
481 0.25 1.983290139371e-02 8.6698749e-07
485 0.25 2.183038870942e-02 1.7789191e-06
489 0.25 2.140853549312e-02 3.0437097e-06
493 0.25 2.404395708627e-02 4.5950255e-06
497 0.25 2.068101720916e-02 1.3945736e-06
301 0.50 2.092147831651e-02 1.6397507e-06
305 0.50 2.035341372268e-02 1.6401024e-06
309 0.50 1.998016474132e-02 2.9641035e-06
313 0.50 2.248675275617e-02 3.5403230e-06
317 0.50 2.138045692523e-02 3.0763680e-06
321 0.50 2.098004005897e-02 2.4026382e-06
325 0.50 2.071882038229e-02 1.0619774e-06
329 0.50 2.182312629123e-02 2.9828554e-06
333 0.50 1.892880420100e-02 1.7890907e-06
337 0.50 2.291542925954e-02 3.4532558e-06
341 0.50 1.934023869514e-02 1.8496114e-06
345 0.50 2.099252395528e-02 1.1438271e-06
349 0.50 1.920287064474e-02 1.9758882e-06
353 0.50 1.895248932762e-02 1.6043712e-06
357 0.50 2.089443093380e-02 6.0218370e-06
361 0.50 2.125062759921e-02 7.3399388e-06
365 0.50 2.144013769403e-02 2.6760705e-06
369 0.50 2.120381628562e-02 9.8700007e-07
373 0.50 2.074650351155e-02 6.2968435e-07
377 0.50 2.174452885622e-02 1.4803769e-06
381 0.50 2.016244814691e-02 3.3197863e-06
385 0.50 2.131223873381e-02 1.7574359e-06
389 0.50 2.138187380087e-02 2.2233818e-06
393 0.50 2.005050419048e-02 4.1894944e-06
397 0.50 2.284321054519e-02 6.4036457e-06
401 0.50 2.040852987782e-02 1.5885352e-06
405 0.50 2.233997040542e-02 5.4553896e-06
409 0.50 2.236399103584e-02 2.9007511e-06
413 0.50 2.095750312091e-02 3.4281162e-06
417 0.50 2.030789226572e-02 1.7352437e-06
421 0.50 2.066191602543e-02 2.7666423e-06
425 0.50 2.184952991577e-02 2.1019705e-06
429 0.50 2.243891546290e-02 1.7384675e-06
433 0.50 2.197558870047e-02 2.5743257e-06
437 0.50 2.075423744173e-02 1.2886337e-06
441 0.50 2.120375869107e-02 2.0149164e-06
445 0.50 1.942081259038e-02 1.8046534e-06
449 0.50 2.018301770364e-02 2.0318702e-06
453 0.50 2.224502452820e-02 3.4976749e-06
457 0.50 2.370414576431e-02 2.8725284e-06
461 0.50 2.129991193621e-02 1.4665495e-06
465 0.50 2.105698968938e-02 2.2557051e-06
469 0.50 2.090676499538e-02 1.3878205e-06
473 0.50 1.887171474765e-02 1.3670779e-06
477 0.50 2.053032144907e-02 2.5103390e-06
481 0.50 1.979410141901e-02 1.2171550e-06
485 0.50 2.139591779658e-02 7.9927250e-07
489 0.50 2.185740599859e-02 1.6844193e-06
493 0.50 2.343356374549e-02 2.9702868e-06
497 0.50 2.108442281384e-02 1.4544346e-06
301 0.75 2.143825646142e-02 1.0371181e-06
305 0.75 2.028856022125e-02 1.6650755e-06
309 0.75 2.035260745487e-02 2.5031796e-06
313 0.75 2.182149283713e-02 4.5727837e-06
317 0.75 2.072450961249e-02 2.4759411e-06
321 0.75 2.111749421912e-02 2.1285620e-06
325 0.75 2.057920425215e-02 1.7507103e-06
329 0.75 2.275972781249e-02 3.2997691e-06
333 0.75 1.784110798157e-02 1.3072486e-06
337 0.75 2.220193092731e-02 3.1851379e-06
341 0.75 2.101412025633e-02 4.2709542e-06
345 0.75 2.005890983796e-02 7.0200861e-07
349 0.75 2.041423257373e-02 2.7531138e-06
353 0.75 1.875776043824e-02 8.3397294e-07
357 0.75 2.132724366635e-02 9.2487291e-07
361 0.75 2.000075630021e-02 2.6619806e-06
365 0.75 2.276543217882e-02 5.7709842e-06
369 0.75 2.119906413240e-02 3.1634174e-06
373 0.75 2.111665408015e-02 1.2053339e-06
377 0.75 2.185606280511e-02 3.6508654e-06
381 0.75 1.977072618213e-02 2.0913244e-06
385 0.75 2.112176335047e-02 1.2610415e-06
389 0.75 2.026582506554e-02 3.2662678e-06
393 0.75 2.011066883296e-02 2.3179626e-06
397 0.75 2.169986624808e-02 2.0634870e-06
401 0.75 2.071801094802e-02 1.2123547e-06
405 0.75 2.071226175705e-02 9.8383687e-07
409 0.75 2.218738773671e-02 3.0186140e-06
413 0.75 2.078607993919e-02 1.3708921e-06
417 0.75 1.976950548531e-02 1.5307419e-06
421 0.75 2.229605835942e-02 2.7462746e-06
425 0.75 2.173897944450e-02 3.6661404e-06
429 0.75 2.173763952511e-02 7.7561920e-07
433 0.75 2.269994455287e-02 1.4586715e-06
437 0.75 1.975120181268e-02 2.0181888e-06
441 0.75 2.094075440732e-02 3.2306932e-06
445 0.75 1.951055507692e-02 3.2115780e-06
449 0.75 1.878617369431e-02 1.9215445e-06
453 0.75 2.144792954654e-02 1.8455587e-06
457 0.75 2.266497376904e-02 2.4686258e-06
461 0.75 2.143159658389e-02 1.4886425e-06
465 0.75 2.188942132906e-02 3.6954111e-06
469 0.75 2.243622844870e-02 4.2727752e-06
473 0.75 1.973850049076e-02 4.7687711e-06
477 0.75 2.110819847520e-02 8.4702001e-06
481 0.75 1.976358127550e-02 3.6345320e-06
485 0.75 2.088458758887e-02 2.1751040e-06
489 0.75 2.071321683943e-02 1.8104449e-06
493 0.75 2.298538717223e-02 7.7997012e-06
497 0.75 2.117952069775e-02 3.1332435e-06
301 1.00 2.129652465748e-02 5.0041311e-06
305 1.00 2.077905100191e-02 3.2308244e-06
309 1.00 1.943852857060e-02 1.2102989e-06
313 1.00 2.194554648522e-02 3.5726511e-06
317 1.00 2.037387708375e-02 2.3071208e-06
321 1.00 2.057273304615e-02 3.9064439e-06
325 1.00 1.973605157123e-02 1.8131332e-06
329 1.00 2.315090620270e-02 1.6485974e-06
333 1.00 1.806404845848e-02 1.9349448e-06
337 1.00 2.256395150975e-02 1.1792639e-06
341 1.00 1.941254445974e-02 1.4627710e-06
345 1.00 2.189900169268e-02 2.1137369e-06
349 1.00 1.962003230184e-02 3.0877217e-06
353 1.00 1.928910242853e-02 1.4665012e-06
357 1.00 1.948138700170e-02 1.9122598e-06
361 1.00 2.042955030213e-02 1.0800138e-06
365 1.00 2.111397722838e-02 1.2442869e-06
369 1.00 2.122091870665e-02 4.0201035e-06
373 1.00 2.226917654262e-02 2.2471785e-06
377 1.00 2.125318180684e-02 3.3659515e-06
381 1.00 2.132021667498e-02 4.7387213e-06
385 1.00 2.101578895032e-02 3.6982575e-06
389 1.00 2.055433846341e-02 3.3057884e-06
393 1.00 1.957491730681e-02 2.5941039e-06
397 1.00 2.156488507984e-02 2.1123362e-06
401 1.00 2.099951819972e-02 2.1254770e-06
405 1.00 2.116976010525e-02 1.0508125e-06
409 1.00 2.216814106263e-02 3.4264634e-06
413 1.00 2.060699665883e-02 7.1855718e-07
417 1.00 1.981038425214e-02 1.5713370e-06
421 1.00 2.133482594438e-02 2.7744448e-06
425 1.00 2.139735577186e-02 3.8579858e-06
429 1.00 2.090563735217e-02 5.9449762e-07
433 1.00 2.287682032440e-02 2.0873890e-06
437 1.00 2.087198804841e-02 1.6401951e-06
441 1.00 2.026012937156e-02 2.3362918e-06
445 1.00 1.963891768716e-02 1.3085446e-06
449 1.00 1.997277716807e-02 5.5731885e-06
453 1.00 2.195921191534e-02 1.6217132e-06
457 1.00 2.199576852368e-02 1.3421788e-06
461 1.00 2.214437359261e-02 5.8604863e-06
465 1.00 2.075481570618e-02 1.1400231e-06
469 1.00 2.142843428152e-02 3.3378349e-06
473 1.00 1.940800378286e-02 1.8472186e-06
477 1.00 2.092029298379e-02 4.5467197e-06
481 1.00 1.892609413283e-02 4.9782709e-07
485 1.00 2.098404799982e-02 1.1407979e-06
489 1.00 2.167598623116e-02 1.4132374e-06
493 1.00 2.286915029246e-02 1.9072656e-06
497 1.00 2.092474623846e-02 2.9041532e-06
302 -1.00 1.979435295579e-02 1.3082122e-06
306 -1.00 2.123072193053e-02 9.9737046e-07
310 -1.00 2.188223317630e-02 2.2439588e-06
314 -1.00 2.235446065565e-02 2.5579374e-06
318 -1.00 2.314678127006e-02 1.2094683e-06
322 -1.00 2.021068665247e-02 2.0170866e-06
326 -1.00 1.973610862850e-02 1.2378916e-06
330 -1.00 2.472367817582e-02 4.5575253e-06
334 -1.00 2.233227056679e-02 7.0927126e-07
338 -1.00 2.201500675882e-02 2.6501149e-06
342 -1.00 2.148786566201e-02 2.4218764e-06
346 -1.00 2.030463285449e-02 2.4297343e-06
350 -1.00 2.002799806186e-02 1.4520845e-06
354 -1.00 2.047341744171e-02 1.2313765e-06
358 -1.00 2.363675270063e-02 7.3850793e-07
362 -1.00 2.048403726819e-02 1.4399128e-06
366 -1.00 2.134485666945e-02 1.8784850e-06
370 -1.00 2.239158575162e-02 6.9830112e-07
374 -1.00 2.089346069677e-02 1.0923951e-06
378 -1.00 2.068440542764e-02 8.9178162e-07
382 -1.00 2.178886577128e-02 1.5684892e-06
386 -1.00 2.287534655688e-02 1.3522321e-06
390 -1.00 2.170769476537e-02 1.3913253e-06
394 -1.00 2.103750213661e-02 1.1406388e-06
398 -1.00 2.122446417787e-02 1.2716467e-06
402 -1.00 2.228863447467e-02 2.9112313e-06
406 -1.00 2.124699038494e-02 5.7132942e-07
410 -1.00 2.301554296321e-02 1.7901021e-06
414 -1.00 1.887825393072e-02 5.5270772e-07
418 -1.00 2.089692084596e-02 2.8300869e-06
422 -1.00 2.218259681026e-02 3.1660321e-06
426 -1.00 2.158434127040e-02 2.4897592e-06
430 -1.00 2.095138935253e-02 1.9146466e-06
434 -1.00 2.169499114352e-02 2.3542321e-06
438 -1.00 2.128116740951e-02 1.2679415e-06
442 -1.00 2.141934531437e-02 8.3938637e-07
446 -1.00 2.227819579576e-02 1.0272651e-06
450 -1.00 2.192123179442e-02 4.3341548e-06
454 -1.00 2.158740517930e-02 1.1250229e-06
458 -1.00 2.177092639697e-02 1.2335564e-06
462 -1.00 2.207679645704e-02 2.0748909e-06
466 -1.00 2.196138944439e-02 2.3213920e-06
470 -1.00 2.241530678524e-02 3.9276714e-07
474 -1.00 2.088447358876e-02 1.3427751e-06
478 -1.00 2.177490922055e-02 6.3378819e-07
482 -1.00 2.453624846079e-02 1.0367578e-05
486 -1.00 2.144468628679e-02 1.7971780e-06
490 -1.00 2.222649525082e-02 3.1335425e-06
494 -1.00 2.300329923076e-02 2.3915794e-06
498 -1.00 2.293017256949e-02 1.1597436e-06
302 -0.75 2.048408848026e-02 2.1281804e-06
306 -0.75 2.139161466703e-02 2.4650996e-06
310 -0.75 2.177586659517e-02 1.2606319e-06
314 -0.75 2.153425699537e-02 1.0887578e-06
318 -0.75 2.226466650212e-02 5.1790475e-07
322 -0.75 2.048692522442e-02 5.2460936e-06
326 -0.75 1.952777227903e-02 3.8250196e-07
330 -0.75 2.418426761964e-02 4.1869274e-06
334 -0.75 2.278821325897e-02 1.7689014e-06
338 -0.75 2.080217373324e-02 1.1288889e-06
342 -0.75 2.036972500459e-02 2.7724308e-06
346 -0.75 2.041121411900e-02 5.3058026e-06
350 -0.75 2.110835781251e-02 4.7372236e-06
354 -0.75 2.169879496809e-02 2.4057803e-06
358 -0.75 2.363518191355e-02 1.6562804e-06
362 -0.75 1.994476956909e-02 1.9028320e-06
366 -0.75 2.126407164396e-02 2.3785414e-06
370 -0.75 2.344746167820e-02 2.2751827e-06
374 -0.75 2.061153260830e-02 2.1385512e-06
378 -0.75 2.058903838889e-02 3.9750345e-06
382 -0.75 2.190134946339e-02 3.9788188e-06
386 -0.75 2.393902093026e-02 2.2423250e-06
390 -0.75 2.117737460495e-02 1.6042016e-06
394 -0.75 2.130121833138e-02 1.9797300e-06
398 -0.75 2.234754203635e-02 1.8736797e-06
402 -0.75 2.198534923996e-02 2.7115242e-06
406 -0.75 2.155345600379e-02 8.7491672e-07
410 -0.75 2.283077996163e-02 2.3196207e-06
414 -0.75 1.976330130174e-02 1.7100343e-06
418 -0.75 2.166598840820e-02 2.6398003e-06
422 -0.75 2.237647561094e-02 7.2119757e-07
426 -0.75 2.126095543884e-02 1.9029968e-06
430 -0.75 1.996801116199e-02 1.0324455e-06
434 -0.75 2.070138041824e-02 5.8064021e-07
438 -0.75 2.037210707574e-02 1.8195673e-06
442 -0.75 2.174774368617e-02 8.2086658e-07
446 -0.75 2.248727778961e-02 2.5903185e-06
450 -0.75 2.174310069253e-02 9.1141288e-07
454 -0.75 2.100189527277e-02 6.9217146e-07
458 -0.75 2.121861357856e-02 2.2138603e-06
462 -0.75 2.231807545328e-02 1.8079097e-06
466 -0.75 2.152167740548e-02 3.4274483e-06
470 -0.75 2.114724266716e-02 5.9349399e-07
474 -0.75 2.171370714519e-02 2.3101482e-06
478 -0.75 2.248391962155e-02 1.8567120e-06
482 -0.75 2.345797163100e-02 2.1832722e-06
486 -0.75 2.094581942108e-02 1.4694155e-06
490 -0.75 2.179941730324e-02 3.4015050e-06
494 -0.75 2.100479976447e-02 9.8085471e-07
498 -0.75 2.266071510734e-02 3.3731010e-06
302 -0.50 2.025164666746e-02 2.9529640e-06
306 -0.50 2.156612017830e-02 2.3691665e-06
310 -0.50 2.131910896405e-02 2.0076065e-06
314 -0.50 2.173273490892e-02 1.9736129e-06
318 -0.50 2.322216506859e-02 5.0584423e-06
322 -0.50 1.971856251810e-02 1.7319886e-06
326 -0.50 1.990371694494e-02 2.0933928e-06
330 -0.50 2.399334015786e-02 3.3229950e-06
334 -0.50 2.261473347201e-02 3.3026831e-06
338 -0.50 2.190405646817e-02 1.7737234e-06
342 -0.50 2.094499053888e-02 2.4572284e-06
346 -0.50 2.026026578853e-02 1.4863311e-06
350 -0.50 1.975905110681e-02 2.8542308e-06
354 -0.50 2.111542822166e-02 2.8819824e-06
358 -0.50 2.274083416698e-02 4.3117491e-06
362 -0.50 1.973439245684e-02 1.2896430e-06
366 -0.50 2.107423662766e-02 1.2594788e-06
370 -0.50 2.195098932212e-02 1.8031441e-06
374 -0.50 2.105402162664e-02 1.6460845e-06
378 -0.50 2.016530447367e-02 3.1746292e-06
382 -0.50 2.066624143007e-02 2.7553630e-06
386 -0.50 2.293504764329e-02 2.5139749e-06
390 -0.50 2.072278290454e-02 1.1950260e-06
394 -0.50 2.101803572987e-02 2.4747488e-06
398 -0.50 2.290421131287e-02 2.7038149e-06
402 -0.50 2.188051753770e-02 6.0064578e-06
406 -0.50 2.116791895354e-02 3.9687004e-06
410 -0.50 2.183878830790e-02 1.1185964e-06
414 -0.50 1.873099552033e-02 1.0565956e-06
418 -0.50 2.093063432420e-02 8.7272531e-07
422 -0.50 2.201458613837e-02 2.2413043e-06
426 -0.50 2.116894520478e-02 4.4646492e-06
430 -0.50 2.061984824049e-02 1.8271556e-06
434 -0.50 2.050714514118e-02 2.5870339e-06
438 -0.50 2.066179659611e-02 1.4674772e-06
442 -0.50 2.203387279781e-02 1.1554801e-06
446 -0.50 2.250118018608e-02 1.3478960e-06
450 -0.50 2.254738480313e-02 1.6387004e-06
454 -0.50 2.116760582357e-02 2.7179275e-06
458 -0.50 2.105560612133e-02 2.5305260e-06
462 -0.50 2.154998803039e-02 5.6502980e-07
466 -0.50 2.055136185507e-02 1.1688064e-06
470 -0.50 2.152864427807e-02 1.1655417e-06
474 -0.50 2.067988602528e-02 5.7571270e-06
478 -0.50 2.142473236328e-02 2.1783310e-06
482 -0.50 2.272410569595e-02 5.9899250e-06
486 -0.50 2.109576190226e-02 1.6320921e-06
490 -0.50 2.078951794822e-02 7.1303769e-07
494 -0.50 2.060673711832e-02 8.4788462e-07
498 -0.50 2.257024306068e-02 2.7746996e-06
302 -0.25 1.961953891376e-02 5.3903366e-07
306 -0.25 2.122684632713e-02 1.6989387e-06
310 -0.25 2.201489555665e-02 2.0521799e-06
314 -0.25 2.077949782343e-02 1.1893270e-06
318 -0.25 2.237499550443e-02 1.8380485e-06
322 -0.25 1.978578686779e-02 4.2648903e-06
326 -0.25 1.968536585959e-02 1.1064657e-06
330 -0.25 2.355804709630e-02 2.9194591e-06
334 -0.25 2.268188086335e-02 2.3566287e-06
338 -0.25 2.100349564129e-02 1.1298006e-06
342 -0.25 2.139868187012e-02 1.5560759e-06
346 -0.25 2.029901384620e-02 1.7717508e-06
350 -0.25 2.031707050758e-02 2.5269779e-06
354 -0.25 2.040485599397e-02 6.8892436e-07
358 -0.25 2.252191496980e-02 2.9649821e-06
362 -0.25 1.975843525923e-02 9.3045475e-07
366 -0.25 2.102485169325e-02 9.4416955e-07
370 -0.25 2.233578931356e-02 2.5905898e-06
374 -0.25 2.093598037070e-02 1.1167145e-06
378 -0.25 1.982186422008e-02 1.1693395e-06
382 -0.25 2.051832766432e-02 2.4233327e-06
386 -0.25 2.233897241593e-02 1.4107536e-06
390 -0.25 2.046856351439e-02 2.2146401e-06
394 -0.25 2.121220436930e-02 2.9801573e-06
398 -0.25 2.108619242003e-02 2.5895078e-06
402 -0.25 2.139008361190e-02 1.4387212e-06
406 -0.25 1.999442889104e-02 8.2107976e-07
410 -0.25 2.216719216047e-02 1.4517299e-06
414 -0.25 1.868197496360e-02 1.6120802e-06
418 -0.25 2.073103928178e-02 1.6597093e-06
422 -0.25 2.287083960324e-02 4.1374823e-06
426 -0.25 2.033027988843e-02 4.6012218e-06
430 -0.25 1.994404145883e-02 7.8035123e-07
434 -0.25 2.119134035499e-02 8.9493137e-07
438 -0.25 2.092749898850e-02 1.9891047e-06
442 -0.25 2.208376890885e-02 1.4138292e-06
446 -0.25 2.146231960232e-02 1.1039600e-06
450 -0.25 2.112587066367e-02 7.9021976e-07
454 -0.25 2.143612192927e-02 1.3897163e-06
458 -0.25 2.133721429144e-02 1.0431127e-06
462 -0.25 2.229964811560e-02 3.8817880e-06
466 -0.25 2.055237347141e-02 9.8894713e-07
470 -0.25 2.245965086306e-02 3.3721185e-06
474 -0.25 2.075013906079e-02 2.0684698e-06
478 -0.25 2.153718598057e-02 1.1225007e-06
482 -0.25 2.332496052094e-02 3.6899704e-06
486 -0.25 2.157038866445e-02 7.1167747e-06
490 -0.25 2.150708380402e-02 1.6804751e-06
494 -0.25 2.126386083540e-02 4.0610920e-06
498 -0.25 2.201747268165e-02 2.4058454e-06
302 0.00 2.035746397573e-02 1.8436897e-06
306 0.00 2.175758216600e-02 1.7930797e-06
310 0.00 2.077347710344e-02 1.6691250e-06
314 0.00 2.067553649106e-02 1.7114400e-06
318 0.00 2.218527679299e-02 2.9767188e-06
322 0.00 1.882765320554e-02 9.0885231e-07
326 0.00 1.969568794480e-02 2.2916426e-06
330 0.00 2.310870830295e-02 3.1994536e-06
334 0.00 2.150914441589e-02 2.1899274e-06
338 0.00 2.017236272741e-02 1.2422243e-06
342 0.00 1.968432136897e-02 3.9483957e-06
346 0.00 1.970444268271e-02 1.4020203e-06
350 0.00 2.050131894943e-02 1.5991164e-06
354 0.00 2.105366552684e-02 3.8415170e-06
358 0.00 2.179855724136e-02 1.1363580e-06
362 0.00 1.928510270507e-02 1.1785085e-06
366 0.00 2.120485289549e-02 2.8743549e-06
370 0.00 2.202291096796e-02 1.8142307e-06
374 0.00 2.087608389617e-02 4.0848051e-06
378 0.00 2.029215430207e-02 2.0784106e-06
382 0.00 2.049456890028e-02 1.9191227e-06
386 0.00 2.357977800504e-02 2.9221571e-06
390 0.00 2.023463791363e-02 1.0494865e-06
394 0.00 2.090994350824e-02 3.4764918e-06
398 0.00 2.164982179158e-02 1.6244097e-06
402 0.00 2.077754652021e-02 1.8608161e-06
406 0.00 2.105407788051e-02 4.9025776e-06
410 0.00 2.211269602282e-02 3.3259446e-06
414 0.00 1.875094588265e-02 1.9267290e-06
418 0.00 2.067771569659e-02 9.3759996e-07
422 0.00 2.259879856829e-02 3.3186134e-06
426 0.00 2.004689520259e-02 1.6215350e-06
430 0.00 2.059257663984e-02 7.8322322e-07
434 0.00 2.028049777152e-02 2.5699925e-06
438 0.00 2.021686050612e-02 2.3708097e-06
442 0.00 2.243318025510e-02 2.7349753e-06
446 0.00 2.263512147517e-02 2.4551876e-06
450 0.00 2.082192522465e-02 1.8485526e-06
454 0.00 2.059135802570e-02 2.4743546e-06
458 0.00 2.055262454619e-02 1.3722782e-06
462 0.00 2.150098060064e-02 3.9877980e-06
466 0.00 2.037722005123e-02 1.3460221e-06
470 0.00 2.166846301009e-02 1.9560456e-06
474 0.00 2.024944830700e-02 1.7354866e-06
478 0.00 2.255594114782e-02 4.4440162e-06
482 0.00 2.366782210495e-02 4.6427604e-06
486 0.00 2.101779662230e-02 1.0992906e-06
490 0.00 2.117691154321e-02 8.9906815e-07
494 0.00 2.183781590391e-02 5.5145195e-06
498 0.00 2.222964631446e-02 2.0961924e-06
302 0.25 1.983061316562e-02 2.7764090e-07
306 0.25 2.178047631147e-02 2.0042037e-06
310 0.25 2.030466190551e-02 1.2634596e-06
314 0.25 2.149649318814e-02 3.9319274e-06
318 0.25 2.195254565959e-02 1.6112481e-06
322 0.25 1.915269924895e-02 1.2905741e-06
326 0.25 2.013485856724e-02 1.4732990e-06
330 0.25 2.329517740031e-02 5.2974945e-06
334 0.25 2.310486562477e-02 3.6356342e-06
338 0.25 2.109090369122e-02 1.8323364e-06
342 0.25 2.027331420022e-02 1.9022180e-06
346 0.25 2.037323005664e-02 1.6041042e-06
350 0.25 2.025861148063e-02 4.6020539e-06
354 0.25 2.063716405051e-02 3.3866698e-06
358 0.25 2.229040743601e-02 5.1189960e-06
362 0.25 1.984523431066e-02 2.3928253e-06
366 0.25 2.095435780015e-02 1.5484370e-06
370 0.25 2.226559740321e-02 2.5866561e-06
374 0.25 2.065791374200e-02 1.3465551e-06
378 0.25 2.184171807211e-02 2.8066148e-06
382 0.25 2.088255915346e-02 3.0981037e-06
386 0.25 2.352319132749e-02 2.8992568e-06
390 0.25 2.077124792076e-02 1.4110669e-06
394 0.25 2.104284304799e-02 3.6475563e-06
398 0.25 2.191257869505e-02 3.4663666e-06
402 0.25 2.018952515900e-02 1.9347097e-06
406 0.25 2.097546600234e-02 1.4280719e-06
410 0.25 2.236702035910e-02 7.7777054e-06
414 0.25 1.858696549358e-02 1.6003304e-06
418 0.25 1.999058395459e-02 2.9750711e-06
422 0.25 2.300049979706e-02 5.6724285e-06
426 0.25 1.964463178132e-02 2.0754562e-06
430 0.25 2.006308769669e-02 2.5834105e-06
434 0.25 2.065417095447e-02 1.5348275e-06
438 0.25 1.971528672219e-02 3.4602772e-06
442 0.25 2.231476347809e-02 7.4862246e-07
446 0.25 2.246791768972e-02 7.9739765e-07
450 0.25 2.113596993565e-02 1.4390771e-06
454 0.25 2.005978951265e-02 1.0364098e-06
458 0.25 2.091523935948e-02 5.2055450e-06
462 0.25 2.103343869314e-02 1.4120900e-06
466 0.25 2.132543023835e-02 5.7192438e-06
470 0.25 2.206264407870e-02 6.4403215e-07
474 0.25 2.079687232495e-02 1.9026386e-06
478 0.25 2.153462466140e-02 2.3438930e-06
482 0.25 2.271150947169e-02 2.1171510e-06
486 0.25 2.153447481792e-02 1.6815144e-06
490 0.25 2.085898592359e-02 1.7563457e-06
494 0.25 2.060112358996e-02 2.1968397e-06
498 0.25 2.247469056629e-02 2.9657614e-06
302 0.50 2.038808079128e-02 1.3104493e-06
306 0.50 2.135231998255e-02 3.7023779e-06
310 0.50 2.141890318302e-02 3.0245732e-06
314 0.50 2.071886609583e-02 2.9547557e-06
318 0.50 2.177218348567e-02 2.3189650e-06
322 0.50 1.888986828228e-02 1.7040103e-06
326 0.50 1.972057396284e-02 3.2955307e-06
330 0.50 2.334082902964e-02 4.6314597e-06
334 0.50 2.270990056061e-02 4.2135500e-06
338 0.50 2.101834023548e-02 3.5286457e-06
342 0.50 2.040470794737e-02 1.7736160e-06
346 0.50 2.024034116656e-02 1.5574257e-06
350 0.50 1.972077245711e-02 2.3390296e-06
354 0.50 2.036467555263e-02 1.5083772e-06
358 0.50 2.221031923665e-02 8.4655943e-06
362 0.50 1.917481993602e-02 1.0470110e-06
366 0.50 2.107994832941e-02 6.9653670e-07
370 0.50 2.204411454756e-02 2.3861429e-06
374 0.50 2.098548735315e-02 4.6003429e-06
378 0.50 2.099352971813e-02 1.9380303e-06
382 0.50 2.166566240141e-02 5.3757189e-06
386 0.50 2.370281738001e-02 4.0734341e-06
390 0.50 2.091595381777e-02 2.1119426e-06
394 0.50 2.118405608213e-02 3.8479817e-06
398 0.50 2.140645542438e-02 8.6233423e-07
402 0.50 2.043697527510e-02 2.9909787e-06
406 0.50 2.049516759788e-02 2.0891540e-06
410 0.50 2.082510813881e-02 3.1708435e-06
414 0.50 1.830794216338e-02 6.1243776e-07
418 0.50 1.964204746335e-02 2.2411235e-06
422 0.50 2.139476261084e-02 1.4998812e-06
426 0.50 1.979119581134e-02 1.5296025e-06
430 0.50 1.995805472439e-02 2.0161718e-06
434 0.50 1.994999170323e-02 1.0426577e-06
438 0.50 1.939676473438e-02 2.1611656e-06
442 0.50 2.215217943102e-02 3.6489469e-06
446 0.50 2.200917482768e-02 3.5926630e-06
450 0.50 2.123242633005e-02 1.9519764e-06
454 0.50 2.118294282425e-02 6.7398683e-07
458 0.50 2.003852411476e-02 8.3442369e-07
462 0.50 2.211999587205e-02 4.8613454e-06
466 0.50 2.027122363272e-02 2.0092529e-06
470 0.50 2.247907532756e-02 5.1583035e-06
474 0.50 2.028292787992e-02 4.1243788e-06
478 0.50 2.149179549055e-02 2.7379187e-06
482 0.50 2.313084363468e-02 5.4310601e-07
486 0.50 2.099411905051e-02 3.1537129e-06
490 0.50 2.159192217851e-02 4.8622203e-06
494 0.50 2.082933059600e-02 1.8538176e-06
498 0.50 2.151183308021e-02 3.8223430e-07
302 0.75 1.970411229682e-02 1.3252825e-06
306 0.75 2.145135613919e-02 2.8309466e-06
310 0.75 2.151839102797e-02 1.9355625e-06
314 0.75 2.048109642552e-02 2.0080211e-06
318 0.75 2.295999913696e-02 2.0667391e-06
322 0.75 1.949599862442e-02 2.8955316e-06
326 0.75 2.011492515035e-02 5.6388245e-06
330 0.75 2.210590529422e-02 1.8362686e-06
334 0.75 2.245557822244e-02 1.8693528e-06
338 0.75 2.092579003730e-02 3.2222275e-06
342 0.75 2.108972944985e-02 4.2528217e-06
346 0.75 2.000536153276e-02 1.6581617e-06
350 0.75 1.966556579599e-02 4.0072496e-06
354 0.75 2.157795518580e-02 2.8300840e-06
358 0.75 2.295481112866e-02 2.5783131e-06
362 0.75 1.878914923198e-02 3.4824336e-06
366 0.75 2.027507280868e-02 3.9500407e-06
370 0.75 2.196158316143e-02 4.1115688e-06
374 0.75 1.998627713171e-02 1.0842106e-06
378 0.75 2.001519933372e-02 2.8531686e-06
382 0.75 1.987162241382e-02 2.8763813e-06
386 0.75 2.250448849075e-02 1.8137700e-06
390 0.75 2.078075268148e-02 2.1421614e-06
394 0.75 2.146186306711e-02 2.1635104e-06
398 0.75 2.245293075795e-02 2.9446475e-06
402 0.75 2.050076620716e-02 2.3059411e-06
406 0.75 2.016116753471e-02 1.2415361e-06
410 0.75 2.141180002056e-02 2.7098364e-06
414 0.75 1.829864863538e-02 1.2343486e-06
418 0.75 2.040116946878e-02 9.7577505e-06
422 0.75 2.256995800981e-02 5.1089084e-06
426 0.75 2.044778604218e-02 5.3316502e-06
430 0.75 2.060364425060e-02 2.8442592e-06
434 0.75 2.013012793877e-02 3.7185948e-06
438 0.75 1.981624292475e-02 3.8511817e-06
442 0.75 2.204096563525e-02 2.0702530e-06
446 0.75 2.195610771025e-02 2.3052528e-06
450 0.75 2.132741600506e-02 9.1125456e-07
454 0.75 2.058736816581e-02 3.5086812e-06
458 0.75 2.042939872617e-02 3.0966621e-06
462 0.75 2.214441013684e-02 4.3099241e-06
466 0.75 2.025063670950e-02 2.4455488e-06
470 0.75 2.186162956938e-02 3.9938189e-06
474 0.75 2.062034615035e-02 1.4996790e-06
478 0.75 2.162088485145e-02 2.3535735e-06
482 0.75 2.410457456649e-02 2.6926006e-06
486 0.75 2.054926564641e-02 1.3619232e-06
490 0.75 2.040731923210e-02 2.2711657e-06
494 0.75 2.137586391330e-02 1.9635123e-06
498 0.75 2.291973135894e-02 1.5726194e-06
302 1.00 1.954397342012e-02 2.6982582e-06
306 1.00 2.020210938941e-02 3.3167430e-06
310 1.00 2.090161114656e-02 2.2885908e-06
314 1.00 2.001474848185e-02 1.8850196e-06
318 1.00 2.209289665686e-02 1.6706944e-06
322 1.00 1.841624399505e-02 2.6857985e-06
326 1.00 1.971329902342e-02 2.9245607e-06
330 1.00 2.468738146526e-02 8.1850717e-06
334 1.00 2.202053813626e-02 3.9184874e-06
338 1.00 2.184907178338e-02 6.6396172e-07
342 1.00 2.015748684528e-02 1.1600970e-06
346 1.00 1.889821513806e-02 5.4003176e-07
350 1.00 2.030343217999e-02 1.6977538e-06
354 1.00 2.090745663823e-02 2.5049671e-06
358 1.00 2.208489533605e-02 4.1475031e-06
362 1.00 1.844839588949e-02 7.1937435e-07
366 1.00 2.139554393937e-02 6.1356614e-07
370 1.00 2.169215927330e-02 1.8475979e-06
374 1.00 2.039757476050e-02 1.2415631e-06
378 1.00 2.053514013205e-02 3.0842098e-06
382 1.00 1.952271505437e-02 2.5094216e-06
386 1.00 2.358531164247e-02 2.6217536e-06
390 1.00 2.032092894297e-02 1.6299994e-06
394 1.00 2.099334440663e-02 5.8010051e-06
398 1.00 2.360525463282e-02 3.4855454e-06
402 1.00 2.106465683868e-02 2.4575296e-06
406 1.00 2.116503018652e-02 3.0903733e-06
410 1.00 2.162054536824e-02 2.2412689e-06
414 1.00 1.902307338851e-02 3.8979432e-06
418 1.00 1.950760302755e-02 9.9430236e-07
422 1.00 2.121153615150e-02 6.9237901e-06
426 1.00 2.044353824608e-02 2.0745786e-06
430 1.00 2.000772194790e-02 1.6238341e-06
434 1.00 2.092244117321e-02 2.2369495e-06
438 1.00 1.935041977036e-02 1.0767046e-06
442 1.00 2.193751900706e-02 2.8762796e-06
446 1.00 2.149691052211e-02 4.3389165e-06
450 1.00 2.088245957672e-02 2.5390602e-06
454 1.00 2.101457104777e-02 2.3214599e-06
458 1.00 2.039343159755e-02 3.2821360e-06
462 1.00 2.153746840421e-02 4.8650480e-06
466 1.00 2.110115004283e-02 4.2477637e-06
470 1.00 2.181714039875e-02 3.4341112e-06
474 1.00 2.014683346650e-02 4.1689199e-06
478 1.00 2.226951535799e-02 3.9256361e-06
482 1.00 2.285330053903e-02 2.6151434e-06
486 1.00 2.151192107628e-02 4.4196790e-06
490 1.00 2.180585351179e-02 2.6449180e-06
494 1.00 2.048112453761e-02 2.5327474e-06
498 1.00 2.189571625189e-02 2.0104884e-06
