1 -1.00 1.490302702945e-01 9.3853193e-06
2 -1.00 1.451100350363e-01 8.1530192e-06
3 -1.00 1.452514126036e-01 7.4971397e-06
4 -1.00 1.505399759227e-01 7.8283172e-06
5 -1.00 1.426483325526e-01 8.5812673e-06
6 -1.00 1.528201418136e-01 7.2803949e-06
7 -1.00 1.487485024945e-01 3.2298434e-06
8 -1.00 1.502529870851e-01 7.0708332e-06
9 -1.00 1.467813909255e-01 8.6280562e-06
10 -1.00 1.466201262715e-01 7.5550388e-06
11 -1.00 1.504883475534e-01 9.7441477e-06
12 -1.00 1.499271058198e-01 8.3186797e-06
13 -1.00 1.495574848429e-01 7.6755508e-06
14 -1.00 1.485146489832e-01 1.8993760e-05
15 -1.00 1.498089841444e-01 1.5872827e-05
16 -1.00 1.516079233171e-01 5.1454231e-06
17 -1.00 1.450356620415e-01 6.5966856e-06
18 -1.00 1.471155097564e-01 3.7406745e-06
19 -1.00 1.478952576302e-01 9.4102807e-06
20 -1.00 1.465188920164e-01 6.4387966e-06
21 -1.00 1.496018761661e-01 7.6666545e-06
22 -1.00 1.500460134597e-01 1.5064615e-05
23 -1.00 1.497156625771e-01 8.2186124e-06
24 -1.00 1.510873954963e-01 1.2324244e-05
25 -1.00 1.488837176098e-01 1.2791142e-05
26 -1.00 1.461108617853e-01 7.3352602e-06
27 -1.00 1.414906786791e-01 8.4656330e-06
28 -1.00 1.466678301779e-01 4.6727749e-06
29 -1.00 1.473099928130e-01 9.8948798e-06
30 -1.00 1.499732477186e-01 7.1047463e-06
31 -1.00 1.461902802534e-01 4.3479479e-06
32 -1.00 1.459084496096e-01 7.1887457e-06
33 -1.00 1.461037921587e-01 9.0832222e-06
34 -1.00 1.461551649767e-01 7.8734966e-06
35 -1.00 1.506757187082e-01 1.4698873e-05
36 -1.00 1.524881835751e-01 6.9237592e-06
37 -1.00 1.494414464421e-01 1.9825907e-06
38 -1.00 1.441360347263e-01 8.8208907e-06
39 -1.00 1.450317118235e-01 4.7107474e-06
40 -1.00 1.475506694471e-01 1.1242796e-05
41 -1.00 1.511678493414e-01 4.1406905e-06
42 -1.00 1.482121548441e-01 1.5158595e-05
43 -1.00 1.471121285747e-01 2.3356644e-06
44 -1.00 1.464359255025e-01 1.2953571e-05
45 -1.00 1.457345402574e-01 1.4004207e-05
46 -1.00 1.447274304547e-01 7.3062293e-06
47 -1.00 1.488236831665e-01 1.2359386e-05
48 -1.00 1.462397573208e-01 1.4899176e-05
49 -1.00 1.516227979411e-01 4.6159483e-06
50 -1.00 1.473698306137e-01 1.2238969e-05
51 -1.00 1.480311877056e-01 1.3209104e-05
52 -1.00 1.465481651783e-01 8.4522374e-06
53 -1.00 1.464485333699e-01 8.9830736e-06
54 -1.00 1.490581408252e-01 6.7972945e-06
55 -1.00 1.450185734509e-01 7.9523215e-06
56 -1.00 1.463547259874e-01 1.4412727e-05
57 -1.00 1.477273090746e-01 5.8269477e-06
58 -1.00 1.501150357482e-01 1.2135154e-05
59 -1.00 1.489289399879e-01 1.3397403e-05
60 -1.00 1.500142592512e-01 4.7074674e-06
61 -1.00 1.470434694565e-01 7.0983739e-06
62 -1.00 1.498734820713e-01 9.3628395e-06
63 -1.00 1.487738020240e-01 1.9230898e-05
64 -1.00 1.487279863065e-01 4.5541980e-06
65 -1.00 1.488820745087e-01 1.0867775e-05
66 -1.00 1.442054020652e-01 1.4519127e-05
67 -1.00 1.534523482357e-01 7.9280226e-06
68 -1.00 1.452722602327e-01 4.7370654e-06
69 -1.00 1.498374307999e-01 5.4206938e-06
70 -1.00 1.415793272515e-01 1.2741089e-05
71 -1.00 1.521885099362e-01 9.8695483e-06
72 -1.00 1.473646099713e-01 1.0492233e-05
73 -1.00 1.502331272965e-01 1.9653915e-05
74 -1.00 1.518270779496e-01 3.5197919e-06
75 -1.00 1.469970822179e-01 1.5025796e-05
76 -1.00 1.493875422859e-01 1.0328228e-05
77 -1.00 1.498167697767e-01 4.3763892e-06
78 -1.00 1.502116748765e-01 9.0526312e-06
79 -1.00 1.486221532740e-01 1.0182726e-05
80 -1.00 1.526023625493e-01 1.4400120e-05
81 -1.00 1.437208813512e-01 1.3280904e-05
82 -1.00 1.458848266440e-01 1.0704605e-05
83 -1.00 1.404468171466e-01 4.1860967e-06
84 -1.00 1.486154569831e-01 4.0077374e-06
85 -1.00 1.498170860055e-01 8.9006491e-06
86 -1.00 1.525744891446e-01 6.9068799e-06
87 -1.00 1.497089133664e-01 9.5729115e-06
88 -1.00 1.464186614680e-01 3.6628077e-06
89 -1.00 1.474068373660e-01 1.1389340e-05
90 -1.00 1.466028959767e-01 2.1829726e-05
91 -1.00 1.477621402860e-01 2.6347748e-06
92 -1.00 1.488878819412e-01 5.5222754e-06
93 -1.00 1.506783840661e-01 5.3257515e-06
94 -1.00 1.452537554114e-01 8.8776583e-06
95 -1.00 1.487384324426e-01 6.2671931e-06
96 -1.00 1.456851544998e-01 6.6341182e-06
97 -1.00 1.496561386924e-01 6.7063756e-06
98 -1.00 1.509741381007e-01 1.4184052e-05
99 -1.00 1.447757427033e-01 5.0758032e-06
100 -1.00 1.458811819143e-01 7.5341840e-06
101 -1.00 1.477917853714e-01 1.1215441e-05
102 -1.00 1.488097872346e-01 1.1549584e-05
103 -1.00 1.473859386694e-01 5.6084316e-06
104 -1.00 1.466126200752e-01 6.6655066e-06
105 -1.00 1.456529800220e-01 1.0567920e-05
106 -1.00 1.466520703260e-01 8.0325327e-06
107 -1.00 1.402201653136e-01 5.6506906e-06
108 -1.00 1.475593990719e-01 1.2593592e-05
109 -1.00 1.519697820699e-01 1.3549603e-05
110 -1.00 1.434507877142e-01 3.9973364e-06
111 -1.00 1.506391975935e-01 8.4347772e-06
112 -1.00 1.474623672212e-01 7.1257726e-06
113 -1.00 1.488870700582e-01 4.5820190e-06
114 -1.00 1.502263930980e-01 1.5156373e-05
115 -1.00 1.401998277987e-01 6.7767650e-06
116 -1.00 1.545183542449e-01 1.2844468e-05
117 -1.00 1.486217642483e-01 9.8772300e-06
118 -1.00 1.517761277781e-01 8.5323687e-06
119 -1.00 1.453905881101e-01 4.3589672e-06
120 -1.00 1.489076344209e-01 5.5811849e-06
121 -1.00 1.503849548428e-01 8.5681536e-06
122 -1.00 1.502698345293e-01 4.2835830e-06
123 -1.00 1.446654855534e-01 4.5554351e-06
124 -1.00 1.493447072121e-01 3.8726458e-06
125 -1.00 1.474871115374e-01 6.0719432e-06
126 -1.00 1.505903546586e-01 1.2621434e-05
127 -1.00 1.477525265698e-01 1.0507951e-05
128 -1.00 1.516746104427e-01 1.0086803e-05
129 -1.00 1.479611228879e-01 8.9360727e-06
130 -1.00 1.526354931167e-01 7.4822168e-06
131 -1.00 1.508665608135e-01 4.6288242e-06
132 -1.00 1.471236252302e-01 7.8017410e-06
133 -1.00 1.526765371184e-01 2.1503288e-05
134 -1.00 1.496263892228e-01 9.1639349e-06
135 -1.00 1.477672618103e-01 1.0484579e-05
136 -1.00 1.507289254230e-01 9.3153376e-06
137 -1.00 1.471056561058e-01 7.2229651e-06
138 -1.00 1.486148203180e-01 1.4732353e-05
139 -1.00 1.478010054001e-01 3.1334427e-06
140 -1.00 1.461531672850e-01 9.4772327e-06
141 -1.00 1.492278482503e-01 1.2659580e-05
142 -1.00 1.499874510757e-01 1.0400536e-05
143 -1.00 1.471303323153e-01 3.6869572e-06
144 -1.00 1.447807109971e-01 1.1293982e-05
145 -1.00 1.482918584928e-01 1.0457559e-05
146 -1.00 1.508057808806e-01 3.2170299e-06
147 -1.00 1.511470070896e-01 7.8813564e-06
148 -1.00 1.477194149563e-01 1.1145979e-05
149 -1.00 1.463455559481e-01 6.9684588e-06
150 -1.00 1.493411950832e-01 1.1082108e-05
151 -1.00 1.476183702007e-01 3.3960996e-06
152 -1.00 1.500563054921e-01 7.7033590e-06
153 -1.00 1.440500766482e-01 1.8525254e-05
154 -1.00 1.488161979945e-01 1.5452739e-05
155 -1.00 1.506990733712e-01 9.1521962e-06
156 -1.00 1.460162913356e-01 1.0343123e-05
157 -1.00 1.482920202648e-01 9.4609370e-06
158 -1.00 1.466757144484e-01 2.3207595e-06
159 -1.00 1.476131912624e-01 6.1394386e-06
160 -1.00 1.480334908540e-01 3.6313387e-06
161 -1.00 1.513741871974e-01 1.3197428e-05
162 -1.00 1.431865913022e-01 9.8236170e-06
163 -1.00 1.486942984950e-01 1.0078160e-05
164 -1.00 1.500360435111e-01 7.8375343e-06
165 -1.00 1.456408542710e-01 5.3623362e-06
166 -1.00 1.516780725536e-01 1.6552146e-05
167 -1.00 1.439758742945e-01 6.9964588e-06
168 -1.00 1.483786493448e-01 4.7431345e-06
169 -1.00 1.480540314890e-01 6.1672754e-06
170 -1.00 1.514664137791e-01 4.3029573e-06
171 -1.00 1.450276676661e-01 2.7327657e-06
172 -1.00 1.494459404836e-01 1.2841757e-05
173 -1.00 1.474470584612e-01 9.5743191e-06
174 -1.00 1.539008235910e-01 4.7835222e-06
175 -1.00 1.433297984933e-01 8.4831167e-06
176 -1.00 1.482967620460e-01 8.8562890e-06
177 -1.00 1.487170772183e-01 1.5654886e-05
178 -1.00 1.542977878583e-01 1.5397038e-05
179 -1.00 1.432666274406e-01 3.5838497e-06
180 -1.00 1.504425565447e-01 1.1047661e-05
181 -1.00 1.458186513721e-01 5.9040719e-06
182 -1.00 1.515940954715e-01 9.4346712e-06
183 -1.00 1.457529320384e-01 4.9839528e-06
184 -1.00 1.476225033514e-01 3.9112532e-06
185 -1.00 1.513218582893e-01 7.0146975e-06
186 -1.00 1.490088809502e-01 5.0511729e-06
187 -1.00 1.437558696472e-01 1.0192941e-05
188 -1.00 1.473510791718e-01 6.8827786e-06
189 -1.00 1.449468711305e-01 7.3160251e-06
190 -1.00 1.469144484216e-01 2.9766572e-06
191 -1.00 1.475960215117e-01 5.9009447e-06
192 -1.00 1.521412804432e-01 5.4608120e-06
193 -1.00 1.450662050422e-01 9.3757629e-06
194 -1.00 1.519441096323e-01 7.3193363e-06
195 -1.00 1.488308867038e-01 1.1039338e-05
196 -1.00 1.485343182158e-01 1.6336151e-05
197 -1.00 1.470795136987e-01 1.0523967e-05
198 -1.00 1.492001904246e-01 1.4499361e-05
199 -1.00 1.485369268468e-01 5.3959929e-06
200 -1.00 1.520293213812e-01 7.7659690e-06
201 -1.00 1.456201847230e-01 3.6851443e-06
202 -1.00 1.432256078482e-01 4.3811501e-06
203 -1.00 1.438433349570e-01 6.7846164e-06
204 -1.00 1.562624994806e-01 6.4790081e-06
205 -1.00 1.512764028161e-01 9.9876595e-06
206 -1.00 1.453320212775e-01 7.6883822e-06
207 -1.00 1.467932523367e-01 5.9213629e-06
208 -1.00 1.518834036711e-01 7.5076935e-06
209 -1.00 1.477023847740e-01 5.4577834e-06
210 -1.00 1.517484977685e-01 1.6814335e-05
211 -1.00 1.498325801768e-01 6.5045138e-06
212 -1.00 1.434919094114e-01 8.8287169e-06
213 -1.00 1.567250705600e-01 1.4303532e-05
214 -1.00 1.467809072790e-01 1.0066194e-05
215 -1.00 1.496279763795e-01 1.3792000e-05
216 -1.00 1.516566856227e-01 9.7640658e-06
217 -1.00 1.524780947649e-01 1.4147487e-05
218 -1.00 1.465708063210e-01 1.5215216e-05
219 -1.00 1.496328657417e-01 1.4615273e-05
220 -1.00 1.462141774660e-01 5.6800202e-06
221 -1.00 1.470753796015e-01 5.6968996e-06
222 -1.00 1.474618362105e-01 2.8336057e-06
223 -1.00 1.472193067387e-01 6.6255020e-06
224 -1.00 1.442121628298e-01 7.5057467e-06
225 -1.00 1.478584670931e-01 1.6428536e-05
226 -1.00 1.477206308282e-01 1.5569005e-05
227 -1.00 1.521062484895e-01 9.9147561e-06
228 -1.00 1.494929720391e-01 6.7900065e-06
229 -1.00 1.456774869341e-01 1.1475102e-05
230 -1.00 1.494521961402e-01 7.0646770e-06
231 -1.00 1.497381164705e-01 4.6554207e-06
232 -1.00 1.488137688845e-01 1.5154693e-05
233 -1.00 1.506671463955e-01 1.2202266e-05
234 -1.00 1.515121392488e-01 1.9273709e-05
235 -1.00 1.444812812753e-01 7.3482835e-06
236 -1.00 1.450983050182e-01 9.7817345e-06
237 -1.00 1.493047699521e-01 8.4265116e-06
238 -1.00 1.453053878463e-01 7.4982277e-06
239 -1.00 1.491023734398e-01 9.6047128e-06
240 -1.00 1.519237258962e-01 8.2882628e-06
241 -1.00 1.507909260200e-01 5.4634097e-06
242 -1.00 1.481819959468e-01 1.2313108e-05
243 -1.00 1.478265673659e-01 8.4302868e-06
244 -1.00 1.498533000398e-01 1.6753256e-05
245 -1.00 1.522128708787e-01 1.2491382e-05
246 -1.00 1.502284609585e-01 6.7272070e-06
247 -1.00 1.425681536761e-01 7.3145361e-06
248 -1.00 1.483477563848e-01 1.0793493e-05
249 -1.00 1.475531648645e-01 1.0467804e-05
250 -1.00 1.450301160356e-01 8.7646614e-06
251 -1.00 1.478866834551e-01 5.8456338e-06
252 -1.00 1.495229222429e-01 3.5692010e-06
253 -1.00 1.445353656630e-01 8.1481547e-06
254 -1.00 1.454422168787e-01 1.0696522e-05
255 -1.00 1.459748983927e-01 5.0757765e-06
256 -1.00 1.508565183219e-01 1.6901315e-05
257 -1.00 1.436199397537e-01 3.7508573e-06
258 -1.00 1.494658357640e-01 3.9667439e-06
259 -1.00 1.434637052295e-01 6.3545205e-06
260 -1.00 1.507841784721e-01 7.6453962e-06
261 -1.00 1.439421349548e-01 2.9854181e-06
262 -1.00 1.479870966511e-01 6.1943002e-06
263 -1.00 1.461116798092e-01 4.2136364e-06
264 -1.00 1.488007871757e-01 6.5152216e-06
265 -1.00 1.492101735054e-01 4.4855881e-06
266 -1.00 1.470394591490e-01 7.2245789e-06
267 -1.00 1.480433396165e-01 8.5390713e-06
268 -1.00 1.527960570632e-01 3.6912049e-06
269 -1.00 1.484782484140e-01 7.3391868e-06
270 -1.00 1.489890689264e-01 1.8897098e-05
271 -1.00 1.456459806494e-01 7.0159999e-06
272 -1.00 1.498830309867e-01 1.1924549e-05
273 -1.00 1.485010424669e-01 1.1233951e-05
274 -1.00 1.483950505546e-01 9.1907870e-06
275 -1.00 1.527432132943e-01 9.2096965e-06
276 -1.00 1.484671045261e-01 6.0214149e-06
277 -1.00 1.460127875195e-01 4.5739560e-06
278 -1.00 1.478499791898e-01 5.1286223e-06
279 -1.00 1.453754375130e-01 7.1177058e-06
280 -1.00 1.424011671684e-01 1.6118167e-05
281 -1.00 1.434627368095e-01 9.1886154e-06
282 -1.00 1.481696792668e-01 5.8288703e-06
283 -1.00 1.458241273997e-01 5.1439257e-06
284 -1.00 1.448728369943e-01 1.3141839e-05
285 -1.00 1.498375228795e-01 1.9714422e-05
286 -1.00 1.462321216085e-01 5.2693223e-06
287 -1.00 1.468163308242e-01 6.4322363e-06
288 -1.00 1.427096529627e-01 6.2067345e-06
289 -1.00 1.467721356469e-01 1.0169039e-05
290 -1.00 1.510075067382e-01 1.0212472e-05
291 -1.00 1.487181421418e-01 6.5936161e-06
292 -1.00 1.450825888166e-01 2.3656795e-06
293 -1.00 1.480024971098e-01 9.8110901e-06
294 -1.00 1.491679607274e-01 5.1789136e-06
295 -1.00 1.517237213392e-01 1.2092086e-05
296 -1.00 1.492849881861e-01 1.6150877e-05
297 -1.00 1.471428133539e-01 6.2558506e-06
298 -1.00 1.467807785060e-01 8.3064757e-06
299 -1.00 1.539228127237e-01 8.3817505e-06
300 -1.00 1.468779944703e-01 9.8796049e-06
301 -1.00 1.495533541289e-01 1.1148007e-05
302 -1.00 1.513854036674e-01 7.1376842e-06
303 -1.00 1.467679735022e-01 9.3277005e-06
304 -1.00 1.511123020418e-01 1.7197076e-05
305 -1.00 1.430671133858e-01 9.4793792e-06
306 -1.00 1.503560328852e-01 6.5652091e-06
307 -1.00 1.415263686205e-01 3.7764673e-06
308 -1.00 1.467036109103e-01 7.2318494e-06
309 -1.00 1.494551636312e-01 1.1920151e-05
310 -1.00 1.492983714384e-01 9.8732667e-06
311 -1.00 1.488894421252e-01 5.8021767e-06
312 -1.00 1.488400652731e-01 6.5715294e-06
313 -1.00 1.468277001544e-01 4.9862131e-06
314 -1.00 1.478963531883e-01 5.2419330e-06
315 -1.00 1.466568789765e-01 4.3647987e-06
316 -1.00 1.479148515364e-01 1.1070870e-05
317 -1.00 1.456837412278e-01 1.3502956e-05
318 -1.00 1.507034704626e-01 7.6079710e-06
319 -1.00 1.468709277503e-01 9.5838560e-06
320 -1.00 1.450047944918e-01 9.7793906e-06
321 -1.00 1.521487852614e-01 3.8775682e-06
322 -1.00 1.440470855998e-01 5.6081446e-06
323 -1.00 1.457321709196e-01 3.4276387e-06
324 -1.00 1.485352331788e-01 1.0736544e-05
325 -1.00 1.526769883207e-01 6.3383558e-06
326 -1.00 1.488246018850e-01 8.7025735e-06
327 -1.00 1.537049992406e-01 9.4940458e-06
328 -1.00 1.478691288354e-01 1.1703487e-05
329 -1.00 1.490711648815e-01 1.3760613e-05
330 -1.00 1.530736238699e-01 8.2059700e-06
331 -1.00 1.482007150721e-01 6.6856570e-06
332 -1.00 1.522169497715e-01 1.1523648e-05
333 -1.00 1.464501933644e-01 4.9068804e-06
334 -1.00 1.471241975536e-01 1.4249264e-05
335 -1.00 1.498559472064e-01 8.7566348e-06
336 -1.00 1.482810883128e-01 5.1454451e-06
337 -1.00 1.467158577124e-01 6.6863152e-06
338 -1.00 1.486531830166e-01 4.0091968e-06
339 -1.00 1.467939747813e-01 1.1007737e-05
340 -1.00 1.499996150494e-01 1.0987308e-05
341 -1.00 1.460425156949e-01 8.9920170e-06
342 -1.00 1.476549644315e-01 1.7194749e-05
343 -1.00 1.457018627893e-01 7.3369271e-06
344 -1.00 1.442702607894e-01 7.1844412e-06
345 -1.00 1.494176554713e-01 8.6937567e-06
346 -1.00 1.478004351842e-01 7.0396240e-06
347 -1.00 1.488857404976e-01 1.5443686e-05
348 -1.00 1.464448784637e-01 5.2452138e-06
349 -1.00 1.460430505928e-01 1.1134065e-05
350 -1.00 1.495494617628e-01 1.5256572e-05
351 -1.00 1.510654398583e-01 9.3568774e-06
352 -1.00 1.446568808730e-01 5.5450487e-06
353 -1.00 1.467262474224e-01 7.1693218e-06
354 -1.00 1.454734929965e-01 1.7502535e-05
355 -1.00 1.477012228307e-01 1.1151422e-05
356 -1.00 1.512196547954e-01 1.1683674e-05
357 -1.00 1.469537983234e-01 3.0070612e-06
358 -1.00 1.486912434645e-01 4.3513485e-06
359 -1.00 1.477185402498e-01 1.0481129e-05
360 -1.00 1.495242386311e-01 1.5254092e-05
361 -1.00 1.434807181365e-01 8.0029819e-06
362 -1.00 1.479284461290e-01 2.5594908e-06
363 -1.00 1.417206642944e-01 2.6763897e-06
364 -1.00 1.500019254023e-01 7.7930871e-06
365 -1.00 1.484130834543e-01 8.5830759e-06
366 -1.00 1.482850577459e-01 1.2002546e-05
367 -1.00 1.469175101375e-01 4.6316039e-06
368 -1.00 1.505155098537e-01 1.1200168e-05
369 -1.00 1.487553388044e-01 2.6660632e-05
370 -1.00 1.535944423305e-01 1.5189386e-05
371 -1.00 1.479872851723e-01 1.0735448e-05
372 -1.00 1.480180155993e-01 8.6830261e-06
373 -1.00 1.461637563110e-01 7.9887169e-06
374 -1.00 1.485758324052e-01 1.0386238e-05
375 -1.00 1.481857572886e-01 8.6408725e-06
376 -1.00 1.439407208844e-01 3.7601331e-06
377 -1.00 1.513847379998e-01 1.2565971e-05
378 -1.00 1.466364151766e-01 9.7516745e-06
379 -1.00 1.509327968320e-01 1.6573640e-05
380 -1.00 1.448887692310e-01 1.3564583e-05
381 -1.00 1.488988911453e-01 7.9453675e-06
382 -1.00 1.500199584700e-01 5.9773255e-06
383 -1.00 1.452089025495e-01 2.8494382e-06
384 -1.00 1.500070828139e-01 3.9547193e-06
385 -1.00 1.477566639203e-01 1.2968441e-05
386 -1.00 1.483609506803e-01 1.4068859e-05
387 -1.00 1.469884359325e-01 5.4594525e-06
388 -1.00 1.497312472992e-01 1.1179032e-05
389 -1.00 1.493979190471e-01 7.8002049e-06
390 -1.00 1.449006062858e-01 6.2056057e-06
391 -1.00 1.534313344371e-01 1.4882053e-05
392 -1.00 1.457486261349e-01 4.8845170e-06
393 -1.00 1.499975442115e-01 1.1134912e-05
394 -1.00 1.483618515970e-01 7.3269026e-06
395 -1.00 1.502433021602e-01 1.5255510e-05
396 -1.00 1.459897417766e-01 8.6425151e-06
397 -1.00 1.514532052664e-01 7.9177376e-06
398 -1.00 1.501654161949e-01 1.7198438e-05
399 -1.00 1.449945260053e-01 1.1786307e-05
400 -1.00 1.497699084677e-01 8.4015902e-06
401 -1.00 1.536323925818e-01 6.4194231e-06
402 -1.00 1.460302459731e-01 3.3544817e-06
403 -1.00 1.476561282190e-01 5.9088337e-06
404 -1.00 1.486714194261e-01 4.3944729e-06
405 -1.00 1.492080308601e-01 8.7303702e-06
406 -1.00 1.486619445366e-01 8.7745296e-06
407 -1.00 1.428659630646e-01 8.4231093e-06
408 -1.00 1.443630461966e-01 5.7800373e-06
409 -1.00 1.451326999272e-01 6.6536512e-06
410 -1.00 1.542195878029e-01 9.9867268e-06
411 -1.00 1.456389834640e-01 9.4705295e-06
412 -1.00 1.476392509485e-01 5.2698399e-06
413 -1.00 1.504826743097e-01 6.0555257e-06
414 -1.00 1.503697397127e-01 9.7799305e-06
415 -1.00 1.446837471542e-01 9.3924779e-06
416 -1.00 1.459788217590e-01 8.3758818e-06
417 -1.00 1.525957697714e-01 7.9765955e-06
418 -1.00 1.448793493154e-01 3.0179861e-06
419 -1.00 1.485670574294e-01 5.8430297e-06
420 -1.00 1.442188270177e-01 1.2903740e-05
421 -1.00 1.481282229915e-01 6.4906371e-06
422 -1.00 1.535085567855e-01 1.2054136e-05
423 -1.00 1.446436379756e-01 9.9291985e-06
424 -1.00 1.467768518349e-01 9.0277967e-06
425 -1.00 1.464703614569e-01 1.8059859e-05
426 -1.00 1.568145440795e-01 1.0212019e-05
427 -1.00 1.508537477799e-01 5.8181488e-06
428 -1.00 1.446554390425e-01 4.4988681e-06
429 -1.00 1.475068828161e-01 1.5934318e-05
430 -1.00 1.478267280893e-01 4.6200776e-06
431 -1.00 1.530078505032e-01 6.5911286e-06
432 -1.00 1.455343857710e-01 9.1077224e-06
433 -1.00 1.466924120429e-01 9.3172259e-06
434 -1.00 1.472287978535e-01 9.6809558e-06
435 -1.00 1.479397434073e-01 5.0381388e-06
436 -1.00 1.499179020671e-01 9.2672623e-06
437 -1.00 1.482206443307e-01 8.5623200e-06
438 -1.00 1.450610933784e-01 6.8710141e-06
439 -1.00 1.447228007349e-01 1.0732849e-05
440 -1.00 1.560652797588e-01 8.6750000e-06
441 -1.00 1.529129394325e-01 7.3934985e-06
442 -1.00 1.489119578438e-01 1.5201009e-05
443 -1.00 1.491467985926e-01 6.8864391e-06
444 -1.00 1.498014975868e-01 3.1841940e-06
445 -1.00 1.488752311876e-01 9.7380136e-06
446 -1.00 1.460482487771e-01 1.2751335e-05
447 -1.00 1.523818295256e-01 7.4015140e-06
448 -1.00 1.502992673242e-01 4.3877589e-06
449 -1.00 1.491760841240e-01 9.3959640e-06
450 -1.00 1.505022211547e-01 4.8288957e-06
451 -1.00 1.476644395155e-01 4.5905195e-06
452 -1.00 1.459656363834e-01 6.4687471e-06
453 -1.00 1.473638446537e-01 3.1491893e-06
454 -1.00 1.464975886822e-01 4.3840961e-06
455 -1.00 1.429759840928e-01 7.2145680e-06
456 -1.00 1.480092212867e-01 1.3548303e-05
457 -1.00 1.481071904314e-01 6.1071955e-06
458 -1.00 1.424592691116e-01 5.4164129e-06
459 -1.00 1.476977997340e-01 8.8583841e-06
460 -1.00 1.483625822801e-01 1.2756806e-05
461 -1.00 1.477572461572e-01 5.5395280e-06
462 -1.00 1.449232465858e-01 8.9863365e-06
463 -1.00 1.461389319723e-01 3.9189579e-06
464 -1.00 1.423864007459e-01 4.5730165e-06
465 -1.00 1.490006609571e-01 5.6658785e-06
466 -1.00 1.475124383515e-01 8.0876470e-06
467 -1.00 1.476042661141e-01 1.8943134e-05
468 -1.00 1.505390428536e-01 7.7406127e-06
469 -1.00 1.431411028198e-01 1.1197485e-05
470 -1.00 1.500417979740e-01 2.2958000e-06
471 -1.00 1.473850757618e-01 6.7425707e-06
472 -1.00 1.464897655350e-01 4.5889673e-06
473 -1.00 1.443398405782e-01 3.6007331e-06
474 -1.00 1.490738744809e-01 7.9880487e-06
475 -1.00 1.430754991675e-01 6.5678611e-06
476 -1.00 1.467827236859e-01 5.2949317e-06
477 -1.00 1.507288329526e-01 4.9202391e-06
478 -1.00 1.460098422778e-01 5.9892719e-06
479 -1.00 1.456003840686e-01 7.5026735e-06
480 -1.00 1.474234620934e-01 6.3815911e-06
481 -1.00 1.484737448768e-01 1.4580881e-05
482 -1.00 1.455231947421e-01 5.9782520e-06
483 -1.00 1.500693200154e-01 1.2617282e-05
484 -1.00 1.484301091103e-01 3.8887807e-06
485 -1.00 1.493234248610e-01 9.6014974e-06
486 -1.00 1.506233853141e-01 7.4095047e-06
487 -1.00 1.472413583618e-01 6.6048076e-06
488 -1.00 1.478331473235e-01 1.3545802e-05
489 -1.00 1.506863167111e-01 6.0687217e-06
490 -1.00 1.465510999684e-01 5.8964857e-06
491 -1.00 1.492959664971e-01 5.9242692e-06
492 -1.00 1.489370449171e-01 6.8977751e-06
493 -1.00 1.460447173256e-01 1.2315749e-05
494 -1.00 1.482863462821e-01 1.3192218e-05
495 -1.00 1.469405059596e-01 3.5271310e-06
496 -1.00 1.504171602180e-01 2.7671127e-06
497 -1.00 1.507709745507e-01 6.5170634e-06
498 -1.00 1.465333627825e-01 7.8917997e-06
499 -1.00 1.518568372789e-01 8.1813775e-06
500 -1.00 1.429153885661e-01 4.5406301e-06
1 -0.75 1.483990349048e-01 9.8013817e-06
2 -0.75 1.451787025898e-01 4.9392748e-06
3 -0.75 1.439522047361e-01 2.7141073e-06
4 -0.75 1.465447616379e-01 6.4522537e-06
5 -0.75 1.406011193993e-01 5.4403305e-06
6 -0.75 1.505719222092e-01 1.2291125e-05
7 -0.75 1.472944695135e-01 7.6859271e-06
8 -0.75 1.490293733727e-01 2.8838451e-06
9 -0.75 1.455343759874e-01 8.2110430e-06
10 -0.75 1.435799345481e-01 7.2922320e-06
11 -0.75 1.477351852194e-01 2.0605839e-05
12 -0.75 1.495702638957e-01 1.2562486e-05
13 -0.75 1.445172189823e-01 8.1989444e-06
14 -0.75 1.458628151360e-01 9.6349812e-06
15 -0.75 1.448733611279e-01 2.6382841e-06
16 -0.75 1.474946749126e-01 2.9237650e-06
17 -0.75 1.423077671604e-01 5.6290285e-06
18 -0.75 1.431480937994e-01 1.0929496e-05
19 -0.75 1.466224620552e-01 9.1414383e-06
20 -0.75 1.456904204223e-01 1.0469727e-05
21 -0.75 1.466796065488e-01 1.0232524e-05
22 -0.75 1.475906115237e-01 1.1163073e-05
23 -0.75 1.503166031561e-01 8.6863241e-06
24 -0.75 1.493635561994e-01 5.6778117e-06
25 -0.75 1.466311686827e-01 3.6030912e-06
26 -0.75 1.454061086069e-01 7.6362492e-06
27 -0.75 1.410537123664e-01 5.3766119e-06
28 -0.75 1.467996798984e-01 3.0904241e-06
29 -0.75 1.452016094245e-01 1.7013839e-05
30 -0.75 1.473881900118e-01 5.6597224e-06
31 -0.75 1.465399052504e-01 9.6737738e-06
32 -0.75 1.423492034686e-01 2.6342118e-06
33 -0.75 1.448721036766e-01 1.3288424e-05
34 -0.75 1.476436329994e-01 1.2855813e-05
35 -0.75 1.486041516474e-01 1.4641652e-05
36 -0.75 1.490311544760e-01 7.5758010e-06
37 -0.75 1.454604861676e-01 6.4080948e-06
38 -0.75 1.415709344887e-01 4.5160476e-06
39 -0.75 1.436100430127e-01 1.3252675e-05
40 -0.75 1.431656472645e-01 1.2522598e-05
41 -0.75 1.469679899890e-01 6.5121737e-06
42 -0.75 1.458977356477e-01 6.7698470e-06
43 -0.75 1.458113210424e-01 8.1441329e-06
44 -0.75 1.435756014198e-01 4.6149124e-06
45 -0.75 1.448948397373e-01 1.2486808e-05
46 -0.75 1.431698426781e-01 1.1644369e-05
47 -0.75 1.435358550872e-01 8.7161394e-06
48 -0.75 1.434692759421e-01 6.2510686e-06
49 -0.75 1.501427044415e-01 5.7639245e-06
50 -0.75 1.439807846658e-01 7.8653351e-06
51 -0.75 1.457643607994e-01 1.1749362e-05
52 -0.75 1.455992430783e-01 1.0415418e-05
53 -0.75 1.443533733651e-01 8.4184920e-06
54 -0.75 1.476573944975e-01 3.2454269e-06
55 -0.75 1.430933322321e-01 2.9854573e-06
56 -0.75 1.439488449599e-01 3.5924258e-06
57 -0.75 1.451584431222e-01 6.2649891e-06
58 -0.75 1.480668687009e-01 8.3332129e-06
59 -0.75 1.445199139063e-01 6.8290551e-06
60 -0.75 1.482034527378e-01 4.8722945e-06
61 -0.75 1.459960327161e-01 5.9620070e-06
62 -0.75 1.473522625079e-01 5.4482066e-06
63 -0.75 1.458342189621e-01 3.7306390e-06
64 -0.75 1.476971242378e-01 8.0954287e-06
65 -0.75 1.461676969276e-01 5.9009130e-06
66 -0.75 1.395944048961e-01 7.9702997e-06
67 -0.75 1.508199417774e-01 1.2897487e-05
68 -0.75 1.445150320878e-01 7.4707905e-06
69 -0.75 1.479793926433e-01 1.9264021e-05
70 -0.75 1.391141164686e-01 6.8210827e-06
71 -0.75 1.466832920097e-01 1.2275521e-05
72 -0.75 1.451434247071e-01 1.3540548e-05
73 -0.75 1.473057608895e-01 1.2228643e-05
74 -0.75 1.490770721556e-01 6.3862233e-06
75 -0.75 1.444493572779e-01 6.7707517e-06
76 -0.75 1.460732197484e-01 7.6055649e-06
77 -0.75 1.469743777155e-01 7.3685461e-06
78 -0.75 1.493187416351e-01 1.5113025e-05
79 -0.75 1.498284349105e-01 1.3961199e-05
80 -0.75 1.517928812618e-01 1.3146074e-05
81 -0.75 1.432304461555e-01 9.3789708e-06
82 -0.75 1.430203246977e-01 1.2960563e-05
83 -0.75 1.391420792856e-01 1.2216184e-05
84 -0.75 1.458078107074e-01 5.0141818e-06
85 -0.75 1.465329682087e-01 7.4273208e-06
86 -0.75 1.471690899552e-01 1.7421738e-05
87 -0.75 1.471635953775e-01 5.9972299e-06
88 -0.75 1.469941383285e-01 5.7907976e-06
89 -0.75 1.455148743026e-01 7.6254146e-06
90 -0.75 1.433614219043e-01 5.4136039e-06
91 -0.75 1.451354938143e-01 8.0097791e-06
92 -0.75 1.461354183531e-01 5.6401975e-06
93 -0.75 1.452256863448e-01 1.4943377e-05
94 -0.75 1.437637007371e-01 6.8324112e-06
95 -0.75 1.453203167123e-01 7.0285079e-06
96 -0.75 1.444790402803e-01 1.2278576e-05
97 -0.75 1.473872237701e-01 9.3770084e-06
98 -0.75 1.472862690490e-01 1.0791855e-05
99 -0.75 1.408760888767e-01 1.1349302e-05
100 -0.75 1.436675183172e-01 5.2322931e-06
101 -0.75 1.474152530627e-01 7.5471750e-06
102 -0.75 1.471300466919e-01 1.6877793e-05
103 -0.75 1.455576933301e-01 1.4381079e-05
104 -0.75 1.456047178884e-01 5.1609541e-06
105 -0.75 1.407393939266e-01 5.2213131e-06
106 -0.75 1.458874744629e-01 6.8605176e-06
107 -0.75 1.397193605832e-01 5.2596651e-06
108 -0.75 1.439271310560e-01 3.3824178e-06
109 -0.75 1.504824685390e-01 1.2013169e-05
110 -0.75 1.413488459764e-01 9.6976572e-06
111 -0.75 1.470383166492e-01 7.9768033e-06
112 -0.75 1.464382240358e-01 5.0794680e-06
113 -0.75 1.453992237330e-01 2.6403482e-06
114 -0.75 1.489528942279e-01 1.0785875e-05
115 -0.75 1.391369608956e-01 6.6360069e-06
116 -0.75 1.529966728654e-01 3.9887263e-06
117 -0.75 1.455170544092e-01 6.2351875e-06
118 -0.75 1.480173039660e-01 4.9593410e-06
119 -0.75 1.447605564556e-01 5.2450312e-06
120 -0.75 1.512790665329e-01 1.1524763e-05
121 -0.75 1.467190884924e-01 4.6450600e-06
122 -0.75 1.463917159412e-01 7.1300840e-06
123 -0.75 1.423362638700e-01 7.0119930e-06
124 -0.75 1.496358108128e-01 1.2609477e-05
125 -0.75 1.451875203511e-01 4.5810903e-06
126 -0.75 1.471668699440e-01 5.9883077e-06
127 -0.75 1.470211869588e-01 5.7349827e-06
128 -0.75 1.486373217164e-01 9.5470572e-06
129 -0.75 1.456409481714e-01 1.2150097e-05
130 -0.75 1.490873626903e-01 6.3268336e-06
131 -0.75 1.485272426729e-01 3.1183696e-06
132 -0.75 1.445177537277e-01 3.5038826e-06
133 -0.75 1.502809577598e-01 1.3389855e-05
134 -0.75 1.426694267987e-01 1.0228192e-05
135 -0.75 1.456219176850e-01 7.3323597e-06
136 -0.75 1.477426081645e-01 5.8648006e-06
137 -0.75 1.460916447921e-01 9.4847478e-06
138 -0.75 1.452179163495e-01 3.2527006e-06
139 -0.75 1.442829580940e-01 6.1079771e-06
140 -0.75 1.463962406403e-01 7.1061922e-06
141 -0.75 1.484257229451e-01 6.5887973e-06
142 -0.75 1.485948168226e-01 1.2323443e-05
143 -0.75 1.447655649893e-01 2.2991866e-05
144 -0.75 1.423576902922e-01 4.1449746e-06
145 -0.75 1.448542258984e-01 4.3168836e-06
146 -0.75 1.475271870606e-01 3.5676603e-06
147 -0.75 1.489681751631e-01 9.8822755e-06
148 -0.75 1.450750042624e-01 1.3473364e-05
149 -0.75 1.435093209800e-01 6.0557829e-06
150 -0.75 1.459728133846e-01 9.6019850e-06
151 -0.75 1.454650748473e-01 1.3201289e-05
152 -0.75 1.485022198035e-01 8.9144620e-06
153 -0.75 1.434095801870e-01 7.3574711e-06
154 -0.75 1.462923772630e-01 2.1505996e-05
155 -0.75 1.496358365199e-01 5.1496207e-06
156 -0.75 1.439000885890e-01 6.7105734e-06
157 -0.75 1.483407125227e-01 1.4643557e-05
158 -0.75 1.450199305446e-01 6.5854614e-06
159 -0.75 1.476356246031e-01 8.6889130e-06
160 -0.75 1.479264981459e-01 1.9246082e-05
161 -0.75 1.492636996312e-01 7.1414313e-06
162 -0.75 1.405689998237e-01 5.9460296e-06
163 -0.75 1.478966681791e-01 2.3514699e-06
164 -0.75 1.474977456011e-01 5.1546122e-06
165 -0.75 1.458936248499e-01 9.3502987e-06
166 -0.75 1.480187548271e-01 1.5663829e-05
167 -0.75 1.429841989389e-01 3.4107826e-06
168 -0.75 1.463245244177e-01 1.1637565e-05
169 -0.75 1.454394967782e-01 9.5517311e-06
170 -0.75 1.483083951882e-01 6.8684842e-06
171 -0.75 1.429729160670e-01 4.2235566e-06
172 -0.75 1.475120458151e-01 7.7573978e-06
173 -0.75 1.451470051680e-01 1.2538088e-05
174 -0.75 1.518690336032e-01 6.6327901e-06
175 -0.75 1.427305518954e-01 8.3130338e-06
176 -0.75 1.507271165440e-01 7.0264485e-06
177 -0.75 1.454499191158e-01 6.3720569e-06
178 -0.75 1.501049638353e-01 5.7682844e-06
179 -0.75 1.421598518006e-01 6.2275684e-06
180 -0.75 1.458213162339e-01 5.2044833e-06
181 -0.75 1.442641481799e-01 1.0800571e-05
182 -0.75 1.480242305800e-01 3.7748082e-06
183 -0.75 1.460663291009e-01 1.2184644e-05
184 -0.75 1.417883646598e-01 6.7625853e-06
185 -0.75 1.489173459580e-01 1.4352094e-05
186 -0.75 1.478591407494e-01 4.9414717e-06
187 -0.75 1.446589741766e-01 6.4205604e-06
188 -0.75 1.464556651730e-01 3.6421352e-06
189 -0.75 1.427127857809e-01 1.0425546e-05
190 -0.75 1.459873529861e-01 6.0162324e-06
191 -0.75 1.453561009808e-01 7.5322825e-06
192 -0.75 1.503063030007e-01 9.5721087e-06
193 -0.75 1.445462576059e-01 8.8263459e-06
194 -0.75 1.472967493949e-01 7.7403880e-06
195 -0.75 1.487978951414e-01 1.9013254e-05
196 -0.75 1.465267345569e-01 5.5961273e-06
197 -0.75 1.453320455836e-01 7.8951317e-06
198 -0.75 1.464367117959e-01 1.4075224e-05
199 -0.75 1.459966942761e-01 6.5223229e-06
200 -0.75 1.500967584391e-01 1.4026117e-05
201 -0.75 1.426289889761e-01 8.0920052e-06
202 -0.75 1.450040438262e-01 1.1448650e-05
203 -0.75 1.505315847818e-01 6.6877273e-06
204 -0.75 1.411649377187e-01 7.2355673e-06
205 -0.75 1.487686503356e-01 1.0392022e-05
206 -0.75 1.448888146615e-01 9.1548988e-06
207 -0.75 1.485846509747e-01 9.0394751e-06
208 -0.75 1.497492574117e-01 8.5932163e-06
209 -0.75 1.467857979443e-01 7.5128461e-06
210 -0.75 1.478256934344e-01 9.2470086e-06
211 -0.75 1.473178125712e-01 2.6340534e-06
212 -0.75 1.410039701317e-01 5.9899624e-06
213 -0.75 1.524422786503e-01 8.6143912e-06
214 -0.75 1.428209704711e-01 1.1175409e-05
215 -0.75 1.472437858288e-01 9.7451897e-06
216 -0.75 1.491975787952e-01 1.1986217e-05
217 -0.75 1.504223086001e-01 7.9801316e-06
218 -0.75 1.456760481845e-01 6.0857037e-06
219 -0.75 1.470738597220e-01 1.2696145e-05
220 -0.75 1.449305793689e-01 2.4028385e-06
221 -0.75 1.444241041877e-01 8.8267857e-06
222 -0.75 1.468438975301e-01 1.0308519e-05
223 -0.75 1.461139145745e-01 1.0761404e-05
224 -0.75 1.409755929029e-01 1.0183398e-05
225 -0.75 1.431969973680e-01 5.5574169e-06
226 -0.75 1.446254665248e-01 1.0558733e-05
227 -0.75 1.493610182432e-01 1.0329735e-05
228 -0.75 1.498420600534e-01 9.0540929e-06
229 -0.75 1.463942871361e-01 8.0172687e-06
230 -0.75 1.478523107780e-01 6.1388267e-06
231 -0.75 1.442484948035e-01 1.1227581e-05
232 -0.75 1.468442105368e-01 8.5735711e-06
233 -0.75 1.483701131394e-01 1.6484727e-05
234 -0.75 1.500422402428e-01 7.9932158e-06
235 -0.75 1.422081808497e-01 6.8156324e-06
236 -0.75 1.439242865290e-01 1.4045531e-05
237 -0.75 1.431087310352e-01 5.6334665e-06
238 -0.75 1.429941152232e-01 7.3252418e-06
239 -0.75 1.477618862344e-01 1.0032777e-05
240 -0.75 1.481191128290e-01 8.9644240e-06
241 -0.75 1.491775394705e-01 2.7504299e-06
242 -0.75 1.460522500869e-01 1.1058464e-05
243 -0.75 1.472942415288e-01 1.2947651e-05
244 -0.75 1.479909099954e-01 5.5189973e-06
245 -0.75 1.467101776030e-01 4.7304488e-06
246 -0.75 1.471506307347e-01 7.5795908e-06
247 -0.75 1.411096474797e-01 1.2265451e-05
248 -0.75 1.458092398529e-01 7.0731558e-06
249 -0.75 1.462121899055e-01 1.2445583e-05
250 -0.75 1.438994850781e-01 3.9842587e-06
251 -0.75 1.471610315104e-01 1.2954237e-05
252 -0.75 1.474598612142e-01 4.3985141e-06
253 -0.75 1.419604496439e-01 4.7186468e-06
254 -0.75 1.437746981867e-01 1.7713664e-05
255 -0.75 1.471428062531e-01 3.2930513e-06
256 -0.75 1.474020148422e-01 9.6239818e-06
257 -0.75 1.425977352163e-01 8.1407488e-06
258 -0.75 1.464397266166e-01 1.0475348e-05
259 -0.75 1.418686066725e-01 2.2601509e-06
260 -0.75 1.484583661027e-01 2.0870716e-06
261 -0.75 1.431042476912e-01 6.4565856e-06
262 -0.75 1.467500930746e-01 5.9174462e-06
263 -0.75 1.466075086433e-01 3.5204413e-06
264 -0.75 1.462082814130e-01 7.5452312e-06
265 -0.75 1.483115324286e-01 3.6422994e-06
266 -0.75 1.438995673400e-01 4.4629187e-06
267 -0.75 1.471332299851e-01 6.5778981e-06
268 -0.75 1.498489520787e-01 1.1050612e-05
269 -0.75 1.448263536914e-01 1.3656205e-05
270 -0.75 1.440264426958e-01 2.0136444e-05
271 -0.75 1.413174981029e-01 7.8627257e-06
272 -0.75 1.479883740612e-01 9.3767653e-06
273 -0.75 1.453000264652e-01 7.4760996e-06
274 -0.75 1.462614290806e-01 1.1292288e-05
275 -0.75 1.490482547065e-01 1.0393400e-05
276 -0.75 1.467090975908e-01 1.5509023e-05
277 -0.75 1.433772464936e-01 7.9755005e-06
278 -0.75 1.470410053727e-01 1.2578896e-05
279 -0.75 1.453647253174e-01 2.0583252e-05
280 -0.75 1.439052209467e-01 1.2552892e-05
281 -0.75 1.424838680966e-01 1.1130158e-05
282 -0.75 1.469886364593e-01 8.1508836e-06
283 -0.75 1.447817343163e-01 5.2666351e-06
284 -0.75 1.423179860417e-01 8.7858831e-06
285 -0.75 1.459641502189e-01 1.4271155e-05
286 -0.75 1.437916521860e-01 7.6671077e-06
287 -0.75 1.459003623678e-01 1.0381907e-05
288 -0.75 1.407464272532e-01 9.1592118e-07
289 -0.75 1.434082646814e-01 9.3384112e-06
290 -0.75 1.493151578122e-01 4.3038999e-06
291 -0.75 1.467648813253e-01 1.0331531e-05
292 -0.75 1.451704350602e-01 3.9551545e-06
293 -0.75 1.479874330215e-01 4.7723346e-06
294 -0.75 1.473784856798e-01 8.2512452e-06
295 -0.75 1.492995052763e-01 3.9734806e-06
296 -0.75 1.456418042989e-01 8.3889949e-06
297 -0.75 1.461812475622e-01 4.3336505e-06
298 -0.75 1.438533552279e-01 2.4118244e-06
299 -0.75 1.503324428221e-01 1.3201556e-05
300 -0.75 1.465618268639e-01 9.1469252e-06
301 -0.75 1.438141449335e-01 3.2731738e-06
302 -0.75 1.516903340002e-01 3.5037378e-06
303 -0.75 1.428441656308e-01 2.0851080e-06
304 -0.75 1.470604093713e-01 1.2225811e-05
305 -0.75 1.414461171630e-01 5.2982022e-06
306 -0.75 1.479528037471e-01 1.2818461e-05
307 -0.75 1.408071593942e-01 4.1619551e-06
308 -0.75 1.429814068417e-01 5.6832435e-06
309 -0.75 1.461476862429e-01 8.8047481e-06
310 -0.75 1.444938342633e-01 1.0485719e-05
311 -0.75 1.476839140663e-01 9.2291987e-06
312 -0.75 1.457939890175e-01 9.0385119e-06
313 -0.75 1.472663244447e-01 6.7546122e-06
314 -0.75 1.456577611837e-01 8.7841136e-06
315 -0.75 1.449586677415e-01 1.4150106e-05
316 -0.75 1.465790932245e-01 7.2024595e-06
317 -0.75 1.437693813126e-01 8.2665383e-06
318 -0.75 1.467884168074e-01 9.4424683e-06
319 -0.75 1.436054241929e-01 3.6086658e-05
320 -0.75 1.433709407208e-01 7.3267595e-06
321 -0.75 1.487879598645e-01 1.7184016e-05
322 -0.75 1.427105905473e-01 5.5351236e-06
323 -0.75 1.452828394440e-01 9.8493365e-06
324 -0.75 1.449914563341e-01 9.2808927e-06
325 -0.75 1.491689343599e-01 7.0485233e-06
326 -0.75 1.476602632490e-01 1.1329813e-05
327 -0.75 1.510883008015e-01 5.3838095e-06
328 -0.75 1.458434277153e-01 6.3294900e-06
329 -0.75 1.448731992607e-01 9.7972970e-06
330 -0.75 1.500419610461e-01 8.4839276e-06
331 -0.75 1.463301497393e-01 9.0945274e-06
332 -0.75 1.484007402411e-01 1.4609405e-05
333 -0.75 1.445994540036e-01 1.0365846e-05
334 -0.75 1.446417773327e-01 1.2512596e-05
335 -0.75 1.469322894678e-01 7.8359545e-06
336 -0.75 1.458630723017e-01 1.2066507e-05
337 -0.75 1.464369877138e-01 9.2704474e-06
338 -0.75 1.463521393614e-01 9.4985603e-06
339 -0.75 1.452337496981e-01 1.0037471e-05
340 -0.75 1.472431585573e-01 6.7502519e-06
341 -0.75 1.460476536413e-01 3.9544121e-06
342 -0.75 1.441668954885e-01 1.3127914e-05
343 -0.75 1.451741725223e-01 5.1612236e-06
344 -0.75 1.445140768367e-01 4.3415067e-06
345 -0.75 1.454996242758e-01 5.2268806e-06
346 -0.75 1.450423128522e-01 1.9451690e-06
347 -0.75 1.460800621287e-01 8.8188961e-06
348 -0.75 1.451097689768e-01 7.0494343e-06
349 -0.75 1.454946947598e-01 1.0620761e-05
350 -0.75 1.470738482042e-01 7.6517397e-06
351 -0.75 1.486086451578e-01 9.5425984e-06
352 -0.75 1.446083397279e-01 7.4905300e-06
353 -0.75 1.460560299400e-01 1.0539963e-05
354 -0.75 1.435470661421e-01 7.1917758e-06
355 -0.75 1.448233978651e-01 1.4524131e-05
356 -0.75 1.485209783799e-01 1.3109399e-05
357 -0.75 1.459587853742e-01 7.4246080e-06
358 -0.75 1.432192490907e-01 5.3794323e-06
359 -0.75 1.447089062669e-01 4.0062965e-06
360 -0.75 1.483899463691e-01 4.8931046e-06
361 -0.75 1.417854935543e-01 1.5836440e-06
362 -0.75 1.452651747944e-01 7.8877339e-06
363 -0.75 1.412532101826e-01 1.9349538e-05
364 -0.75 1.483943659325e-01 8.4895857e-06
365 -0.75 1.442042251871e-01 9.7768382e-06
366 -0.75 1.487318485088e-01 4.8636264e-06
367 -0.75 1.452844113778e-01 4.5160086e-06
368 -0.75 1.468436958201e-01 4.6720605e-06
369 -0.75 1.458370444895e-01 8.1018994e-06
370 -0.75 1.520046466989e-01 1.1477053e-05
371 -0.75 1.484551285700e-01 1.0168067e-05
372 -0.75 1.438711483425e-01 6.6853028e-06
373 -0.75 1.438668509281e-01 8.7845437e-06
374 -0.75 1.461914298574e-01 4.8979048e-06
375 -0.75 1.440171195881e-01 1.0380198e-05
376 -0.75 1.424888836156e-01 5.4373924e-06
377 -0.75 1.505154984044e-01 9.6992562e-06
378 -0.75 1.466214322484e-01 1.6468496e-05
379 -0.75 1.497676382311e-01 5.7795227e-06
380 -0.75 1.434399645059e-01 3.7257616e-06
381 -0.75 1.466891725046e-01 5.5118936e-06
382 -0.75 1.472011845808e-01 1.7351196e-05
383 -0.75 1.435232431835e-01 4.9180062e-06
384 -0.75 1.496257081492e-01 1.2993341e-05
385 -0.75 1.461517149998e-01 1.4393769e-05
386 -0.75 1.476515133434e-01 9.7122423e-06
387 -0.75 1.472534610846e-01 1.1752280e-05
388 -0.75 1.481257060254e-01 6.4512168e-06
389 -0.75 1.510424664894e-01 1.0796436e-05
390 -0.75 1.440913222794e-01 3.7287904e-06
391 -0.75 1.502661955175e-01 2.8330582e-06
392 -0.75 1.437437503440e-01 3.4712210e-06
393 -0.75 1.470990671952e-01 3.2584819e-06
394 -0.75 1.444798253292e-01 1.0199787e-05
395 -0.75 1.459768370375e-01 8.1003100e-06
396 -0.75 1.452202147682e-01 8.6878765e-06
397 -0.75 1.496211831894e-01 8.6694925e-06
398 -0.75 1.463357994498e-01 5.2114502e-06
399 -0.75 1.427227769285e-01 5.7297457e-06
400 -0.75 1.485211274314e-01 6.2158892e-06
401 -0.75 1.500055653472e-01 4.4830505e-06
402 -0.75 1.413541359831e-01 4.3711142e-06
403 -0.75 1.460803728703e-01 9.0230346e-06
404 -0.75 1.463773388597e-01 1.0292404e-05
405 -0.75 1.462383794883e-01 7.4740271e-06
406 -0.75 1.461647335518e-01 7.3418859e-06
407 -0.75 1.427139804252e-01 5.2964936e-06
408 -0.75 1.432821616913e-01 7.7326681e-06
409 -0.75 1.449097893541e-01 6.9327625e-06
410 -0.75 1.523581161449e-01 2.6409896e-06
411 -0.75 1.427414201697e-01 6.3995932e-06
412 -0.75 1.436039296894e-01 1.1498753e-05
413 -0.75 1.479124034554e-01 1.5682030e-05
414 -0.75 1.475325116349e-01 1.6513024e-05
415 -0.75 1.426753831503e-01 1.1133069e-05
416 -0.75 1.443499385694e-01 1.2523123e-05
417 -0.75 1.483437397195e-01 7.7831590e-06
418 -0.75 1.423620459922e-01 2.9435237e-06
419 -0.75 1.467431943009e-01 1.0281738e-05
420 -0.75 1.409898370180e-01 3.5346484e-06
421 -0.75 1.476521963007e-01 3.6008407e-06
422 -0.75 1.500680977071e-01 7.0570407e-06
423 -0.75 1.438730258092e-01 9.6890373e-06
424 -0.75 1.461852674841e-01 2.6573177e-06
425 -0.75 1.459936762519e-01 9.4877777e-06
426 -0.75 1.546744952161e-01 2.1855768e-05
427 -0.75 1.479302350766e-01 3.9336253e-06
428 -0.75 1.432841068257e-01 1.0142267e-05
429 -0.75 1.439669006134e-01 1.0209591e-05
430 -0.75 1.445648859293e-01 3.6476625e-06
431 -0.75 1.510636935907e-01 6.6947737e-06
432 -0.75 1.448014981381e-01 1.1392494e-06
433 -0.75 1.453154274526e-01 7.5135760e-06
434 -0.75 1.431367126392e-01 1.3757988e-05
435 -0.75 1.470412598973e-01 4.2381375e-06
436 -0.75 1.474327461579e-01 1.0003799e-05
437 -0.75 1.459052732815e-01 9.8934235e-06
438 -0.75 1.452301368612e-01 9.5236281e-06
439 -0.75 1.433147842031e-01 6.8757250e-06
440 -0.75 1.542412569614e-01 1.5118303e-05
441 -0.75 1.503323126767e-01 5.7948651e-06
442 -0.75 1.459616527689e-01 1.1720331e-05
443 -0.75 1.469773505112e-01 1.1902674e-05
444 -0.75 1.469339338215e-01 7.6068988e-06
445 -0.75 1.454816544807e-01 8.1052393e-06
446 -0.75 1.440743426882e-01 6.4619401e-06
447 -0.75 1.498547605120e-01 9.8926253e-06
448 -0.75 1.482009087403e-01 1.0344185e-05
449 -0.75 1.462480286827e-01 1.1703306e-05
450 -0.75 1.484071028490e-01 8.4057479e-06
451 -0.75 1.465077693001e-01 6.1405903e-06
452 -0.75 1.451748286705e-01 1.7415160e-05
453 -0.75 1.455019303330e-01 9.9372638e-06
454 -0.75 1.433052671439e-01 4.5909640e-06
455 -0.75 1.390068791103e-01 3.8961921e-06
456 -0.75 1.455939366139e-01 1.2683619e-05
457 -0.75 1.447865196859e-01 7.1184940e-06
458 -0.75 1.403988623204e-01 7.6791817e-06
459 -0.75 1.459010762860e-01 7.6445912e-06
460 -0.75 1.445789324523e-01 6.4902716e-06
461 -0.75 1.462424480340e-01 9.8067567e-06
462 -0.75 1.411769249665e-01 1.7974819e-06
463 -0.75 1.442985261338e-01 1.0052557e-05
464 -0.75 1.425861205118e-01 1.1092443e-05
465 -0.75 1.467031881797e-01 2.0180312e-05
466 -0.75 1.445310163844e-01 7.6860231e-06
467 -0.75 1.448497783031e-01 3.7395707e-06
468 -0.75 1.500200907077e-01 5.0262186e-06
469 -0.75 1.412698014879e-01 1.3291373e-05
470 -0.75 1.461947527753e-01 4.9697493e-06
471 -0.75 1.468549470924e-01 7.4472118e-06
472 -0.75 1.428302047234e-01 1.1843615e-05
473 -0.75 1.432812172458e-01 7.9108047e-06
474 -0.75 1.489727372993e-01 5.8567076e-06
475 -0.75 1.418580133957e-01 9.9610852e-06
476 -0.75 1.440165924396e-01 8.5175991e-06
477 -0.75 1.468015867512e-01 1.2406065e-05
478 -0.75 1.439163817538e-01 1.2252352e-05
479 -0.75 1.434173111285e-01 1.9830875e-05
480 -0.75 1.442505636923e-01 7.9158058e-06
481 -0.75 1.461750611226e-01 6.1271287e-06
482 -0.75 1.442428903926e-01 6.6113730e-06
483 -0.75 1.465038581375e-01 4.3745509e-06
484 -0.75 1.480594147779e-01 1.0031062e-05
485 -0.75 1.483548885308e-01 1.0392994e-05
486 -0.75 1.501448669984e-01 1.2488566e-05
487 -0.75 1.467307804589e-01 1.2203633e-05
488 -0.75 1.474213595844e-01 6.7585181e-06
489 -0.75 1.486430817692e-01 6.9457340e-06
490 -0.75 1.461881944649e-01 4.2608147e-06
491 -0.75 1.481045745868e-01 1.0241511e-05
492 -0.75 1.459808061217e-01 5.2416100e-06
493 -0.75 1.435901367997e-01 5.9071471e-06
494 -0.75 1.446789692020e-01 1.5004309e-06
495 -0.75 1.453006269249e-01 1.5229761e-05
496 -0.75 1.462960781480e-01 6.5065859e-06
497 -0.75 1.495155982787e-01 2.5468327e-06
498 -0.75 1.439010344917e-01 1.4201630e-05
499 -0.75 1.487307111722e-01 1.1591196e-05
500 -0.75 1.439247637000e-01 1.0332919e-05
1 -0.50 1.467617883860e-01 4.4951078e-06
2 -0.50 1.438742229101e-01 7.1749802e-06
3 -0.50 1.411192838889e-01 3.8626062e-06
4 -0.50 1.448881876652e-01 7.5467174e-06
5 -0.50 1.404360676444e-01 7.3869248e-06
6 -0.50 1.479735382655e-01 1.5013926e-05
7 -0.50 1.455394148668e-01 1.8114052e-05
8 -0.50 1.475533074242e-01 1.3736651e-05
9 -0.50 1.445492332636e-01 7.1034463e-06
10 -0.50 1.428071186200e-01 8.8887105e-06
11 -0.50 1.452215937107e-01 6.0977932e-06
12 -0.50 1.467861714724e-01 1.0554885e-05
13 -0.50 1.436253803124e-01 1.3511080e-05
14 -0.50 1.432495785393e-01 2.3141877e-06
15 -0.50 1.424902147916e-01 9.3451656e-06
16 -0.50 1.467208319014e-01 6.6710734e-06
17 -0.50 1.417327226476e-01 1.3984956e-05
18 -0.50 1.416432313053e-01 8.6131895e-06
19 -0.50 1.434029613854e-01 7.3319618e-06
20 -0.50 1.435776877843e-01 5.8582754e-06
21 -0.50 1.449445496196e-01 1.0162640e-05
22 -0.50 1.434920600024e-01 7.1403780e-06
23 -0.50 1.462539567586e-01 8.2684585e-06
24 -0.50 1.453372862766e-01 1.2076953e-05
25 -0.50 1.456514589378e-01 1.2059686e-05
26 -0.50 1.454525094754e-01 1.3959519e-05
27 -0.50 1.379128127930e-01 8.1132012e-06
28 -0.50 1.454099442696e-01 9.1122498e-06
29 -0.50 1.403944230455e-01 7.3888413e-06
30 -0.50 1.478691295450e-01 9.7041213e-06
31 -0.50 1.426079248253e-01 1.4449955e-05
32 -0.50 1.435697279978e-01 8.4173302e-06
33 -0.50 1.432734302037e-01 1.0211176e-05
34 -0.50 1.442366119974e-01 5.0870506e-06
35 -0.50 1.446317328432e-01 3.6404059e-06
36 -0.50 1.468895942094e-01 5.2402608e-06
37 -0.50 1.442148703933e-01 4.9542867e-06
38 -0.50 1.429338965899e-01 1.2729854e-05
39 -0.50 1.408108431725e-01 3.4778370e-06
40 -0.50 1.445215336641e-01 5.5968508e-06
41 -0.50 1.454461899243e-01 9.9759758e-06
42 -0.50 1.453688568574e-01 6.0719648e-06
43 -0.50 1.412099105493e-01 4.4132401e-06
44 -0.50 1.411565223018e-01 3.7869319e-06
45 -0.50 1.425757391052e-01 9.5556939e-06
46 -0.50 1.412866164494e-01 6.9282309e-06
47 -0.50 1.426417730741e-01 6.9596053e-06
48 -0.50 1.416824093230e-01 1.3094170e-05
49 -0.50 1.479292383441e-01 1.1122387e-05
50 -0.50 1.430478395082e-01 6.7224092e-06
51 -0.50 1.446979496986e-01 8.4030524e-06
52 -0.50 1.425916643821e-01 9.1603089e-06
53 -0.50 1.426485699585e-01 5.6312490e-06
54 -0.50 1.445695104393e-01 8.9483703e-06
55 -0.50 1.392601266451e-01 9.1784475e-06
56 -0.50 1.427576280921e-01 9.1575735e-06
57 -0.50 1.428985195644e-01 5.9903543e-06
58 -0.50 1.457682930832e-01 5.6630571e-06
59 -0.50 1.453773092469e-01 3.5682509e-06
60 -0.50 1.446535117613e-01 9.5814164e-06
61 -0.50 1.429537994663e-01 1.0388991e-05
62 -0.50 1.459533574166e-01 7.9524433e-06
63 -0.50 1.447915393614e-01 3.2720333e-06
64 -0.50 1.424456087330e-01 6.3136275e-06
65 -0.50 1.443443621479e-01 1.7782800e-05
66 -0.50 1.404987698932e-01 2.9760970e-06
67 -0.50 1.494677570688e-01 1.9979054e-05
68 -0.50 1.422148204389e-01 8.2597516e-06
69 -0.50 1.440543834075e-01 7.0151307e-06
70 -0.50 1.376528061226e-01 1.1871363e-05
71 -0.50 1.447331022443e-01 7.5551675e-06
72 -0.50 1.415344303897e-01 1.4833651e-05
73 -0.50 1.446078389456e-01 1.0117147e-05
74 -0.50 1.483431167573e-01 1.4989093e-05
75 -0.50 1.429029518659e-01 6.1639911e-06
76 -0.50 1.449698995272e-01 9.1303000e-06
77 -0.50 1.454804568430e-01 7.1919619e-06
78 -0.50 1.450915200386e-01 6.0758253e-06
79 -0.50 1.458492182273e-01 5.1811792e-06
80 -0.50 1.483644523371e-01 1.3359832e-05
81 -0.50 1.394135479892e-01 6.8739600e-06
82 -0.50 1.420896780644e-01 5.7612300e-06
83 -0.50 1.381970559350e-01 1.1329362e-05
84 -0.50 1.440375442066e-01 6.0339984e-06
85 -0.50 1.441338423141e-01 4.2400676e-06
86 -0.50 1.496050531245e-01 7.0658038e-06
87 -0.50 1.448518338258e-01 7.0420011e-06
88 -0.50 1.422763472418e-01 5.7081935e-06
89 -0.50 1.430223740228e-01 7.9348727e-06
90 -0.50 1.409097977416e-01 8.6346883e-06
91 -0.50 1.435692457561e-01 1.1430166e-05
92 -0.50 1.438182065325e-01 2.9403486e-06
93 -0.50 1.447525956412e-01 1.2117673e-05
94 -0.50 1.425383771936e-01 1.1262262e-05
95 -0.50 1.440267203206e-01 5.3394220e-06
96 -0.50 1.411864949325e-01 9.0381605e-06
97 -0.50 1.472651920224e-01 4.7975816e-06
98 -0.50 1.453490714494e-01 4.7514614e-06
99 -0.50 1.394442891305e-01 1.2791059e-05
100 -0.50 1.437974965591e-01 1.6468479e-05
101 -0.50 1.437819155348e-01 6.8428640e-06
102 -0.50 1.440536144447e-01 1.0006598e-05
103 -0.50 1.432363015497e-01 1.6898657e-05
104 -0.50 1.449763417383e-01 2.5342066e-05
105 -0.50 1.427265529376e-01 5.8851208e-06
106 -0.50 1.424805688374e-01 1.1744406e-05
107 -0.50 1.398234541685e-01 8.0457892e-06
108 -0.50 1.414002678998e-01 8.2951895e-06
109 -0.50 1.470024454076e-01 8.6309531e-06
110 -0.50 1.412417925732e-01 7.5145645e-06
111 -0.50 1.463913756285e-01 9.1385638e-06
112 -0.50 1.444301791354e-01 1.0170126e-05
113 -0.50 1.433090898550e-01 1.9212492e-05
114 -0.50 1.460375673422e-01 2.2560789e-05
115 -0.50 1.391891592335e-01 7.7710054e-06
116 -0.50 1.495557964602e-01 4.7586866e-06
117 -0.50 1.439438208669e-01 2.6897839e-06
118 -0.50 1.464391900481e-01 9.3760307e-06
119 -0.50 1.409709034366e-01 6.7759697e-06
120 -0.50 1.466612641106e-01 1.1111815e-05
121 -0.50 1.453898332658e-01 4.7580789e-06
122 -0.50 1.449211252473e-01 3.7216698e-06
123 -0.50 1.416508039599e-01 8.8082321e-06
124 -0.50 1.459954307393e-01 6.3012570e-06
125 -0.50 1.420011775805e-01 1.1887616e-05
126 -0.50 1.471469307601e-01 6.8394374e-06
127 -0.50 1.436208009682e-01 1.6710008e-05
128 -0.50 1.462758150516e-01 7.1246737e-06
129 -0.50 1.425078499302e-01 5.0704098e-06
130 -0.50 1.464322743816e-01 3.0623463e-06
131 -0.50 1.463347643301e-01 1.8005174e-05
132 -0.50 1.425634994244e-01 1.1755498e-05
133 -0.50 1.478810241622e-01 9.6902966e-06
134 -0.50 1.431544724187e-01 1.0888963e-05
135 -0.50 1.433417239872e-01 4.6632760e-06
136 -0.50 1.450908219815e-01 1.1409236e-05
137 -0.50 1.450945778545e-01 8.8703332e-06
138 -0.50 1.448667107093e-01 1.1303379e-05
139 -0.50 1.446059523300e-01 1.4428937e-05
140 -0.50 1.437281506425e-01 4.6613801e-06
141 -0.50 1.453661562424e-01 5.6528167e-06
142 -0.50 1.473685428220e-01 3.1832272e-06
143 -0.50 1.415928934858e-01 4.3914928e-06
144 -0.50 1.409944451711e-01 1.0100821e-05
145 -0.50 1.418311010726e-01 1.4309306e-05
146 -0.50 1.448650041011e-01 7.4811016e-06
147 -0.50 1.449836187257e-01 1.6662874e-05
148 -0.50 1.438598015534e-01 8.1006035e-06
149 -0.50 1.446886183349e-01 8.4029252e-06
150 -0.50 1.424668431968e-01 2.5756233e-06
151 -0.50 1.423170123073e-01 1.8239617e-05
152 -0.50 1.444240002827e-01 2.1381381e-05
153 -0.50 1.422013143868e-01 5.3613468e-06
154 -0.50 1.420881445569e-01 5.0379387e-06
155 -0.50 1.465513118790e-01 2.3092881e-05
156 -0.50 1.421911388173e-01 1.2737012e-05
157 -0.50 1.439781396334e-01 9.8594447e-06
158 -0.50 1.443628716698e-01 1.1921681e-05
159 -0.50 1.455661960687e-01 1.2281801e-05
160 -0.50 1.441816336369e-01 8.9648177e-06
161 -0.50 1.454722694700e-01 7.7062810e-06
162 -0.50 1.380601544802e-01 7.8470309e-06
163 -0.50 1.445355683105e-01 1.1936337e-05
164 -0.50 1.458168699516e-01 5.2784201e-06
165 -0.50 1.439779377419e-01 3.4938451e-06
166 -0.50 1.470697917626e-01 7.5677856e-06
167 -0.50 1.422242746662e-01 2.7737127e-06
168 -0.50 1.448409747433e-01 6.7441052e-06
169 -0.50 1.426419125195e-01 7.0230152e-06
170 -0.50 1.464633929347e-01 5.6475514e-06
171 -0.50 1.397892628342e-01 9.0667365e-06
172 -0.50 1.455274501733e-01 2.8112688e-05
173 -0.50 1.432717641734e-01 1.6311072e-06
174 -0.50 1.470030305683e-01 7.4370475e-06
175 -0.50 1.414730025753e-01 7.6343518e-06
176 -0.50 1.466781403828e-01 5.0073947e-06
177 -0.50 1.420640819933e-01 4.2576114e-06
178 -0.50 1.480780974193e-01 8.9794973e-06
179 -0.50 1.395504936184e-01 5.5561082e-06
180 -0.50 1.448307404065e-01 1.5298251e-05
181 -0.50 1.432914666100e-01 7.2459300e-06
182 -0.50 1.463730362729e-01 1.3050986e-05
183 -0.50 1.414525870470e-01 1.6581057e-05
184 -0.50 1.412097643138e-01 5.2106333e-06
185 -0.50 1.465349409560e-01 2.4051335e-06
186 -0.50 1.450272849397e-01 1.0911843e-05
187 -0.50 1.426797759245e-01 6.5483507e-06
188 -0.50 1.438720431852e-01 5.2376400e-06
189 -0.50 1.410551072461e-01 1.5302979e-05
190 -0.50 1.431360519252e-01 8.7527330e-06
191 -0.50 1.440286744031e-01 8.2901328e-06
192 -0.50 1.461922229466e-01 7.1042511e-06
193 -0.50 1.412324019421e-01 9.9781850e-06
194 -0.50 1.460029079307e-01 3.8786965e-06
195 -0.50 1.461825802731e-01 1.1838113e-05
196 -0.50 1.450317893763e-01 2.2147593e-06
197 -0.50 1.422694849284e-01 1.2768623e-05
198 -0.50 1.439374625660e-01 8.2491934e-06
199 -0.50 1.438313470906e-01 5.7505593e-06
200 -0.50 1.461180313126e-01 4.6035875e-06
201 -0.50 1.412994121494e-01 1.7262988e-05
202 -0.50 1.437765655671e-01 1.3101770e-05
203 -0.50 1.462012140794e-01 1.7989311e-05
204 -0.50 1.399637586671e-01 8.3701422e-06
205 -0.50 1.461130831024e-01 1.0701893e-05
206 -0.50 1.414130408866e-01 9.7402342e-06
207 -0.50 1.450375301678e-01 4.7521299e-06
208 -0.50 1.477215064543e-01 1.0429212e-05
209 -0.50 1.439199080737e-01 8.2421490e-06
210 -0.50 1.450245662911e-01 5.5468626e-06
211 -0.50 1.465815981882e-01 1.1253407e-05
212 -0.50 1.388607044152e-01 4.8890317e-06
213 -0.50 1.500749563811e-01 3.8586612e-06
214 -0.50 1.417277291718e-01 5.7360647e-06
215 -0.50 1.447417263784e-01 1.9883371e-05
216 -0.50 1.466561535044e-01 1.3323978e-05
217 -0.50 1.478477518729e-01 1.4873066e-05
218 -0.50 1.438249267358e-01 6.9574193e-06
219 -0.50 1.458662213405e-01 1.0281310e-05
220 -0.50 1.425362300600e-01 7.1246114e-06
221 -0.50 1.437636407382e-01 1.1364652e-05
222 -0.50 1.425755047281e-01 5.0953166e-06
223 -0.50 1.442150104511e-01 9.1617227e-06
224 -0.50 1.397861099274e-01 7.9402215e-06
225 -0.50 1.427058317993e-01 1.1736199e-05
226 -0.50 1.435813147593e-01 1.2807125e-05
227 -0.50 1.463970132049e-01 1.0459786e-05
228 -0.50 1.458599396730e-01 6.7801849e-06
229 -0.50 1.435220592070e-01 3.5887920e-06
230 -0.50 1.468410675971e-01 4.8847900e-06
231 -0.50 1.438545683996e-01 5.1772333e-06
232 -0.50 1.451547774198e-01 5.1365505e-06
233 -0.50 1.453652321410e-01 1.2038412e-05
234 -0.50 1.482932001095e-01 5.4638609e-06
235 -0.50 1.391229544952e-01 1.2061154e-05
236 -0.50 1.438040140684e-01 1.1378288e-05
237 -0.50 1.427928045692e-01 8.8380076e-06
238 -0.50 1.409322610711e-01 4.4229324e-06
239 -0.50 1.451560469666e-01 2.2406879e-06
240 -0.50 1.459295249746e-01 9.9058185e-06
241 -0.50 1.469609751098e-01 4.0533412e-06
242 -0.50 1.461599468033e-01 4.9367905e-06
243 -0.50 1.446414797563e-01 5.8659042e-06
244 -0.50 1.458607973871e-01 1.1802828e-05
245 -0.50 1.480831878358e-01 1.8305974e-05
246 -0.50 1.449725188649e-01 9.7526492e-06
247 -0.50 1.391669964424e-01 6.6759351e-06
248 -0.50 1.407544559748e-01 9.6722292e-06
249 -0.50 1.415835767691e-01 4.7000451e-06
250 -0.50 1.433692242708e-01 9.6195704e-06
251 -0.50 1.446407602286e-01 1.1425749e-05
252 -0.50 1.464402180319e-01 2.1779874e-05
253 -0.50 1.401561011310e-01 1.1028571e-05
254 -0.50 1.408297574696e-01 4.8417908e-06
255 -0.50 1.439227929146e-01 8.9820184e-06
256 -0.50 1.457679347394e-01 4.2928323e-06
257 -0.50 1.394974512654e-01 4.0209423e-06
258 -0.50 1.437310442703e-01 7.9198536e-06
259 -0.50 1.416496728216e-01 9.7101794e-06
260 -0.50 1.480959326591e-01 1.9435187e-05
261 -0.50 1.412121012385e-01 5.7053401e-06
262 -0.50 1.438835611768e-01 3.3682895e-06
263 -0.50 1.432396444826e-01 1.2901153e-05
264 -0.50 1.436970362284e-01 1.4363214e-05
265 -0.50 1.438662189057e-01 8.4255824e-06
266 -0.50 1.426973192125e-01 5.4874808e-06
267 -0.50 1.433888217187e-01 8.6315319e-06
268 -0.50 1.466866224328e-01 6.6321805e-06
269 -0.50 1.431634652539e-01 5.9556703e-06
270 -0.50 1.433598104416e-01 1.0603120e-05
271 -0.50 1.398918281698e-01 9.1946675e-06
272 -0.50 1.456381074022e-01 4.9724276e-06
273 -0.50 1.441084912565e-01 5.2947115e-06
274 -0.50 1.429433963969e-01 1.2055461e-06
275 -0.50 1.471957746347e-01 8.1914229e-06
276 -0.50 1.462691133399e-01 1.3872327e-05
277 -0.50 1.420686446677e-01 1.2264036e-05
278 -0.50 1.439255676417e-01 6.8689094e-06
279 -0.50 1.409763036225e-01 8.6991428e-06
280 -0.50 1.385476753439e-01 3.4675537e-06
281 -0.50 1.409188583633e-01 6.7887525e-06
282 -0.50 1.440678338855e-01 1.6500228e-05
283 -0.50 1.441451152795e-01 1.2352550e-05
284 -0.50 1.412987875068e-01 1.3910960e-05
285 -0.50 1.460619985212e-01 1.2488079e-05
286 -0.50 1.442094249804e-01 1.5730788e-05
287 -0.50 1.435812524091e-01 5.7963919e-06
288 -0.50 1.400051685356e-01 6.4306289e-06
289 -0.50 1.413851873791e-01 6.6969513e-06
290 -0.50 1.443533447139e-01 6.7256670e-06
291 -0.50 1.450655500462e-01 1.5001015e-05
292 -0.50 1.422035964311e-01 3.3283601e-06
293 -0.50 1.471503951676e-01 7.8146218e-06
294 -0.50 1.424852498107e-01 7.8036983e-06
295 -0.50 1.474449950650e-01 6.0154376e-06
296 -0.50 1.428079598615e-01 7.6584596e-06
297 -0.50 1.446784687677e-01 1.2548052e-05
298 -0.50 1.422293346979e-01 5.5075572e-06
299 -0.50 1.484232228154e-01 9.1798210e-06
300 -0.50 1.452161322403e-01 6.3502448e-06
301 -0.50 1.416374059766e-01 1.6780035e-06
302 -0.50 1.458477414018e-01 7.6546466e-06
303 -0.50 1.416139642387e-01 1.6208052e-05
304 -0.50 1.466354581076e-01 7.8313232e-06
305 -0.50 1.407801825760e-01 7.2191204e-06
306 -0.50 1.464205735720e-01 1.2069117e-05
307 -0.50 1.383794442066e-01 3.5724089e-06
308 -0.50 1.437195910224e-01 1.8861963e-05
309 -0.50 1.422500199358e-01 1.8073207e-05
310 -0.50 1.445232466339e-01 1.0656845e-05
311 -0.50 1.445552140850e-01 6.5019798e-06
312 -0.50 1.451645119375e-01 3.3853479e-06
313 -0.50 1.451798288672e-01 4.3174203e-06
314 -0.50 1.427747217496e-01 3.2142572e-06
315 -0.50 1.431526836923e-01 1.4857503e-05
316 -0.50 1.429154013262e-01 1.0365456e-05
317 -0.50 1.408215672190e-01 3.3802518e-06
318 -0.50 1.463030396515e-01 2.1122006e-05
319 -0.50 1.404591292902e-01 5.7677798e-06
320 -0.50 1.417483419237e-01 6.1009851e-06
321 -0.50 1.471016770131e-01 8.4320259e-06
322 -0.50 1.409546480803e-01 8.8418078e-06
323 -0.50 1.435959838591e-01 1.1150803e-05
324 -0.50 1.433599574520e-01 1.3685040e-05
325 -0.50 1.472337464164e-01 6.7264994e-06
326 -0.50 1.440185148531e-01 4.6770761e-06
327 -0.50 1.493777458993e-01 8.4792211e-06
328 -0.50 1.445387323795e-01 6.7761090e-06
329 -0.50 1.435916755494e-01 1.0686370e-05
330 -0.50 1.466878326143e-01 6.5136747e-06
331 -0.50 1.439721146573e-01 2.5821492e-05
332 -0.50 1.454117740625e-01 8.9257912e-06
333 -0.50 1.442450902645e-01 1.0914311e-05
334 -0.50 1.428612063713e-01 6.5063739e-06
335 -0.50 1.433257697182e-01 6.5554852e-06
336 -0.50 1.466245148775e-01 1.2733235e-05
337 -0.50 1.429996711250e-01 7.7354050e-06
338 -0.50 1.457407335346e-01 1.6462406e-05
339 -0.50 1.423337340598e-01 1.0107024e-05
340 -0.50 1.438220517884e-01 3.9908666e-06
341 -0.50 1.453440596661e-01 7.8707313e-06
342 -0.50 1.425665818978e-01 5.9601249e-06
343 -0.50 1.430436697373e-01 1.0191671e-05
344 -0.50 1.428958296534e-01 9.6731104e-06
345 -0.50 1.450198700475e-01 1.5526213e-05
346 -0.50 1.446561515603e-01 7.7845215e-06
347 -0.50 1.436012490709e-01 1.9508196e-05
348 -0.50 1.430854284822e-01 1.0048858e-05
349 -0.50 1.428031833681e-01 6.9035211e-06
350 -0.50 1.451618237205e-01 5.6667153e-06
351 -0.50 1.489158647264e-01 1.2130193e-05
352 -0.50 1.430351528774e-01 6.9678145e-06
353 -0.50 1.424174737688e-01 9.1851544e-06
354 -0.50 1.413855076603e-01 7.9620348e-06
355 -0.50 1.423119651628e-01 4.8396137e-06
356 -0.50 1.476199317601e-01 1.2570659e-05
357 -0.50 1.427223816156e-01 7.0667588e-06
358 -0.50 1.426024654525e-01 8.3645235e-06
359 -0.50 1.432427225071e-01 3.2099143e-06
360 -0.50 1.452686463902e-01 1.9474395e-05
361 -0.50 1.399408947729e-01 9.1909758e-06
362 -0.50 1.437958765413e-01 1.2967727e-05
363 -0.50 1.386559539776e-01 1.6528799e-05
364 -0.50 1.466900191665e-01 4.1415171e-06
365 -0.50 1.441199208796e-01 1.0474432e-05
366 -0.50 1.437304166672e-01 5.1728243e-06
367 -0.50 1.443055043375e-01 4.2572662e-06
368 -0.50 1.450947433066e-01 5.7297705e-06
369 -0.50 1.436209951772e-01 1.6351955e-05
370 -0.50 1.484578417278e-01 9.4880574e-06
371 -0.50 1.433218956345e-01 9.5780514e-06
372 -0.50 1.445896971236e-01 5.4897509e-06
373 -0.50 1.421621074308e-01 4.1235650e-06
374 -0.50 1.439804663593e-01 1.7423168e-05
375 -0.50 1.435746396719e-01 6.4370591e-06
376 -0.50 1.398860653398e-01 3.0897842e-06
377 -0.50 1.464275690223e-01 9.8509485e-06
378 -0.50 1.419889528307e-01 8.2913031e-06
379 -0.50 1.473012404283e-01 1.6240806e-05
380 -0.50 1.411492545482e-01 1.1434404e-05
381 -0.50 1.443145122769e-01 7.3586896e-06
382 -0.50 1.467665304692e-01 1.1293143e-05
383 -0.50 1.409755228581e-01 6.7392076e-06
384 -0.50 1.451720128734e-01 1.0636113e-05
385 -0.50 1.426299460868e-01 1.1287977e-05
386 -0.50 1.460818162467e-01 1.0306216e-05
387 -0.50 1.459479269550e-01 1.7046651e-05
388 -0.50 1.464875244747e-01 6.2669797e-06
389 -0.50 1.472361849645e-01 8.6800660e-06
390 -0.50 1.392713313553e-01 4.0373911e-06
391 -0.50 1.504701787103e-01 1.1224132e-05
392 -0.50 1.430925974399e-01 6.5946722e-06
393 -0.50 1.455320282850e-01 3.0488411e-06
394 -0.50 1.444116829663e-01 7.8139325e-06
395 -0.50 1.467280090548e-01 7.2562682e-06
396 -0.50 1.414826669008e-01 2.0632803e-06
397 -0.50 1.449323844560e-01 6.0435791e-06
398 -0.50 1.469469133553e-01 2.2560837e-05
399 -0.50 1.412536102612e-01 9.4252408e-06
400 -0.50 1.475511487754e-01 1.1931868e-05
401 -0.50 1.497831466033e-01 1.9608356e-05
402 -0.50 1.413958766932e-01 7.9866397e-06
403 -0.50 1.430324909909e-01 8.5741751e-06
404 -0.50 1.421695059695e-01 5.3364287e-06
405 -0.50 1.450527616557e-01 9.1980795e-06
406 -0.50 1.476078575580e-01 1.2534968e-05
407 -0.50 1.385622058737e-01 3.0149593e-06
408 -0.50 1.422920456530e-01 4.8148512e-06
409 -0.50 1.429496551053e-01 1.1582246e-05
410 -0.50 1.487489837245e-01 1.4315356e-05
411 -0.50 1.432224021006e-01 1.0119399e-05
412 -0.50 1.431648117862e-01 9.7803283e-06
413 -0.50 1.450828457944e-01 1.9899382e-06
414 -0.50 1.443973946779e-01 9.2479216e-06
415 -0.50 1.405631425460e-01 9.5070895e-06
416 -0.50 1.446125786490e-01 1.3043061e-05
417 -0.50 1.465649409150e-01 5.9857753e-06
418 -0.50 1.410584248465e-01 5.2322977e-06
419 -0.50 1.423846191120e-01 5.2786396e-06
420 -0.50 1.413690753089e-01 1.4320428e-05
421 -0.50 1.456070553299e-01 8.6507570e-06
422 -0.50 1.475203825087e-01 4.7806385e-06
423 -0.50 1.411148586711e-01 4.9118620e-06
424 -0.50 1.445478705173e-01 8.1054083e-06
425 -0.50 1.437066910295e-01 5.8422579e-06
426 -0.50 1.506102359421e-01 1.4281457e-05
427 -0.50 1.451654707540e-01 4.0986266e-06
428 -0.50 1.402543999992e-01 9.6213865e-06
429 -0.50 1.418483063275e-01 4.3194914e-06
430 -0.50 1.418649276387e-01 2.1573547e-05
431 -0.50 1.486669527510e-01 8.1249166e-06
432 -0.50 1.421739604781e-01 1.0692840e-05
433 -0.50 1.421621950407e-01 1.2861905e-05
434 -0.50 1.420209034044e-01 7.9100041e-06
435 -0.50 1.422830872245e-01 9.6994859e-06
436 -0.50 1.455942027067e-01 1.0596397e-05
437 -0.50 1.437638059164e-01 2.0497245e-06
438 -0.50 1.400260210180e-01 4.6310891e-06
439 -0.50 1.426815697589e-01 5.9225918e-06
440 -0.50 1.534252443342e-01 7.3841137e-06
441 -0.50 1.477865858128e-01 3.5792527e-06
442 -0.50 1.442300308594e-01 5.3834633e-06
443 -0.50 1.443146515083e-01 6.7306526e-06
444 -0.50 1.455146516872e-01 8.1244273e-06
445 -0.50 1.440977579776e-01 1.2676044e-05
446 -0.50 1.427629222152e-01 6.7755904e-06
447 -0.50 1.478537912508e-01 1.0357347e-05
448 -0.50 1.464477688118e-01 1.0328563e-05
449 -0.50 1.451694778483e-01 1.5474633e-05
450 -0.50 1.473717206260e-01 1.4199671e-05
451 -0.50 1.436795267048e-01 3.7138017e-06
452 -0.50 1.416127485294e-01 8.9448519e-06
453 -0.50 1.459608952728e-01 2.1665701e-05
454 -0.50 1.443451801822e-01 1.0411547e-05
455 -0.50 1.397828404216e-01 7.6742687e-06
456 -0.50 1.447178958356e-01 1.4299972e-05
457 -0.50 1.438710452118e-01 7.4604659e-06
458 -0.50 1.398698520605e-01 1.0806734e-05
459 -0.50 1.437350674741e-01 7.9058592e-06
460 -0.50 1.435643170496e-01 1.7445312e-05
461 -0.50 1.430406830922e-01 8.4611439e-06
462 -0.50 1.406049133060e-01 5.6219937e-06
463 -0.50 1.436448797202e-01 4.9728380e-06
464 -0.50 1.391303245326e-01 7.9029573e-06
465 -0.50 1.456182736380e-01 1.4272511e-05
466 -0.50 1.432491071582e-01 5.0472890e-06
467 -0.50 1.431083709345e-01 8.8445452e-06
468 -0.50 1.476737271808e-01 4.4359992e-06
469 -0.50 1.387970885055e-01 1.5009848e-05
470 -0.50 1.442173611008e-01 4.8385195e-06
471 -0.50 1.449506846057e-01 8.8882626e-06
472 -0.50 1.420081537338e-01 1.3331148e-05
473 -0.50 1.426406230200e-01 8.2874307e-06
474 -0.50 1.450491481869e-01 6.1959073e-06
475 -0.50 1.387785153350e-01 7.8185386e-06
476 -0.50 1.453075627714e-01 1.0365793e-05
477 -0.50 1.447678301598e-01 9.0780650e-06
478 -0.50 1.395557590134e-01 8.7626003e-06
479 -0.50 1.402956301698e-01 4.4177099e-06
480 -0.50 1.409407394109e-01 1.4694811e-05
481 -0.50 1.450256811168e-01 3.3913574e-06
482 -0.50 1.411989132911e-01 1.4074236e-05
483 -0.50 1.460427137477e-01 1.2192741e-05
484 -0.50 1.440988024051e-01 1.2758739e-05
485 -0.50 1.467426969246e-01 1.0369660e-05
486 -0.50 1.477654818045e-01 1.6592889e-05
487 -0.50 1.461539305126e-01 1.1130889e-05
488 -0.50 1.445562109583e-01 6.2425061e-06
489 -0.50 1.441064705603e-01 8.8050235e-06
490 -0.50 1.457144275883e-01 7.4285052e-06
491 -0.50 1.441466421165e-01 1.0497617e-05
492 -0.50 1.448953619425e-01 1.1739163e-05
493 -0.50 1.427215700707e-01 1.1278533e-05
494 -0.50 1.456225507088e-01 1.5832898e-05
495 -0.50 1.453306002477e-01 8.4791538e-06
496 -0.50 1.464835974840e-01 7.3559825e-06
497 -0.50 1.455244251774e-01 9.7494597e-06
498 -0.50 1.406175581470e-01 7.5239780e-06
499 -0.50 1.460474542690e-01 5.6904021e-06
500 -0.50 1.411573178428e-01 6.6540301e-06
1 -0.25 1.446553448277e-01 7.7843649e-06
2 -0.25 1.420619616545e-01 8.0235878e-06
3 -0.25 1.393852463149e-01 2.4445252e-06
4 -0.25 1.423438314471e-01 1.4493093e-05
5 -0.25 1.392952865945e-01 1.4916718e-05
6 -0.25 1.449628642443e-01 1.7412688e-05
7 -0.25 1.424105173535e-01 4.9496049e-06
8 -0.25 1.448050949475e-01 2.1337623e-05
9 -0.25 1.413001907776e-01 9.3718195e-06
10 -0.25 1.390671555414e-01 6.7896254e-06
11 -0.25 1.442079838564e-01 1.0734520e-05
12 -0.25 1.441423920560e-01 7.1087469e-06
13 -0.25 1.404944313919e-01 9.5601888e-06
14 -0.25 1.446302220219e-01 2.1045618e-05
15 -0.25 1.425751392427e-01 9.3375976e-06
16 -0.25 1.434028975509e-01 4.3931206e-06
17 -0.25 1.399518141399e-01 9.8485482e-06
18 -0.25 1.398727924565e-01 3.7599283e-06
19 -0.25 1.417419574368e-01 7.3757880e-06
20 -0.25 1.407634619017e-01 8.7587831e-06
21 -0.25 1.435839881901e-01 8.3106087e-06
22 -0.25 1.424635971285e-01 1.1872904e-05
23 -0.25 1.451964885401e-01 2.5214901e-05
24 -0.25 1.457486949525e-01 1.4596908e-05
25 -0.25 1.427569111190e-01 1.1034053e-05
26 -0.25 1.410433932956e-01 2.9213085e-06
27 -0.25 1.348376792212e-01 8.4725205e-06
28 -0.25 1.419374039477e-01 4.3154194e-06
29 -0.25 1.395335984719e-01 6.8676215e-06
30 -0.25 1.471653627207e-01 1.7548862e-05
31 -0.25 1.413532152657e-01 1.0505890e-05
32 -0.25 1.397940434284e-01 4.5230762e-06
33 -0.25 1.413517716646e-01 9.7240757e-06
34 -0.25 1.419423396942e-01 2.0303676e-05
35 -0.25 1.427746845674e-01 1.0831536e-05
36 -0.25 1.447478268997e-01 6.3626373e-06
37 -0.25 1.416806395081e-01 7.4788192e-06
38 -0.25 1.384501782938e-01 7.4749341e-06
39 -0.25 1.387583375643e-01 8.1932310e-06
40 -0.25 1.394279808411e-01 2.7473241e-06
41 -0.25 1.443985577593e-01 5.1715887e-06
42 -0.25 1.429263635282e-01 1.2459567e-05
43 -0.25 1.417218556748e-01 8.4565416e-06
44 -0.25 1.405126308291e-01 9.1221652e-06
45 -0.25 1.407490507402e-01 1.1160397e-05
46 -0.25 1.406250164728e-01 4.7311925e-06
47 -0.25 1.423941862105e-01 8.7687499e-06
48 -0.25 1.403033400094e-01 1.2413624e-05
49 -0.25 1.449774465262e-01 1.0023682e-05
50 -0.25 1.407983732586e-01 1.3479015e-05
51 -0.25 1.444768643420e-01 2.0087132e-05
52 -0.25 1.401268543451e-01 1.8962322e-05
53 -0.25 1.398056908742e-01 7.7225232e-06
54 -0.25 1.428590648847e-01 1.4553287e-05
55 -0.25 1.397090326901e-01 7.2596912e-06
56 -0.25 1.407115410110e-01 1.0477230e-05
57 -0.25 1.420257992645e-01 4.5029523e-06
58 -0.25 1.426416378730e-01 5.4988878e-06
59 -0.25 1.396260679136e-01 4.7447594e-06
60 -0.25 1.428741574965e-01 5.8852000e-06
61 -0.25 1.417541008441e-01 9.9932770e-06
62 -0.25 1.438443416230e-01 1.4431468e-05
63 -0.25 1.406088890095e-01 1.8756118e-05
64 -0.25 1.421007300464e-01 1.0255719e-05
65 -0.25 1.440581789090e-01 8.6948093e-06
66 -0.25 1.385630287850e-01 5.7556824e-06
67 -0.25 1.462681508347e-01 1.3490172e-05
68 -0.25 1.405409374594e-01 4.3915064e-06
69 -0.25 1.431092179564e-01 3.6872984e-06
70 -0.25 1.357735010457e-01 5.8811778e-06
71 -0.25 1.437389301718e-01 1.4250230e-05
72 -0.25 1.409639990788e-01 9.8990821e-06
73 -0.25 1.428249948666e-01 7.1434028e-06
74 -0.25 1.463212109823e-01 5.5075739e-06
75 -0.25 1.405478454970e-01 3.5602262e-06
76 -0.25 1.418980539934e-01 9.7265375e-06
77 -0.25 1.423455623323e-01 9.0636563e-06
78 -0.25 1.442030576173e-01 1.0192972e-05
79 -0.25 1.428655728296e-01 6.0019429e-06
80 -0.25 1.479021208895e-01 1.0907773e-05
81 -0.25 1.384204617124e-01 5.7682694e-06
82 -0.25 1.398170125468e-01 5.1450633e-06
83 -0.25 1.366646754041e-01 1.0959132e-05
84 -0.25 1.433205671590e-01 8.0797160e-06
85 -0.25 1.422212681894e-01 4.2539414e-06
86 -0.25 1.439107954268e-01 1.5653634e-05
87 -0.25 1.417931951168e-01 1.2299128e-05
88 -0.25 1.416344242739e-01 7.6646422e-06
89 -0.25 1.415798304301e-01 1.2854445e-05
90 -0.25 1.428056772263e-01 7.9583305e-06
91 -0.25 1.400351309973e-01 5.3350851e-06
92 -0.25 1.443829620239e-01 6.7685258e-06
93 -0.25 1.413618082178e-01 9.7921524e-06
94 -0.25 1.416515741829e-01 3.6868918e-06
95 -0.25 1.431292537465e-01 1.3097974e-05
96 -0.25 1.400218865171e-01 1.0004953e-05
97 -0.25 1.413887042780e-01 1.1064868e-05
98 -0.25 1.392857209573e-01 9.8526381e-06
99 -0.25 1.381033228992e-01 6.1466058e-06
100 -0.25 1.409035765693e-01 1.0291037e-05
101 -0.25 1.407056467466e-01 5.4973020e-06
102 -0.25 1.427681759025e-01 9.4202858e-06
103 -0.25 1.415949143075e-01 1.7182918e-05
104 -0.25 1.405697472481e-01 3.5030209e-06
105 -0.25 1.397430129202e-01 1.1938605e-05
106 -0.25 1.420451070476e-01 1.4735198e-05
107 -0.25 1.374718891538e-01 7.3429721e-06
108 -0.25 1.408355159427e-01 1.2887151e-05
109 -0.25 1.414362011446e-01 8.8157495e-06
110 -0.25 1.368796979223e-01 7.1690345e-06
111 -0.25 1.421604777192e-01 3.1758811e-06
112 -0.25 1.420046295178e-01 1.4122108e-05
113 -0.25 1.414388379828e-01 4.5874367e-06
114 -0.25 1.429546979740e-01 5.4053242e-06
115 -0.25 1.365362951991e-01 6.1267572e-06
116 -0.25 1.478776205583e-01 1.1153068e-05
117 -0.25 1.405365999027e-01 1.2044965e-05
118 -0.25 1.432087908204e-01 7.8144418e-06
119 -0.25 1.411143663881e-01 5.5022982e-06
120 -0.25 1.433222705573e-01 9.0432114e-06
121 -0.25 1.437047140407e-01 9.2250670e-06
122 -0.25 1.424163078860e-01 9.5118090e-06
123 -0.25 1.379957571832e-01 4.7837562e-06
124 -0.25 1.442976430916e-01 7.1231828e-06
125 -0.25 1.408327859357e-01 6.6371767e-06
126 -0.25 1.441908927491e-01 5.6207410e-06
127 -0.25 1.411928912485e-01 4.3629817e-06
128 -0.25 1.433383040864e-01 8.1337584e-06
129 -0.25 1.417199604309e-01 9.3710369e-06
130 -0.25 1.445362344311e-01 5.3800233e-06
131 -0.25 1.454697187252e-01 5.0394391e-06
132 -0.25 1.406215560232e-01 7.2425264e-06
133 -0.25 1.436004686173e-01 6.4750001e-06
134 -0.25 1.414041577387e-01 9.5582047e-06
135 -0.25 1.422300723554e-01 2.2709539e-05
136 -0.25 1.435970207016e-01 7.5946164e-06
137 -0.25 1.414480494288e-01 3.9618445e-06
138 -0.25 1.425422484567e-01 8.2780269e-06
139 -0.25 1.400484904207e-01 1.3664939e-05
140 -0.25 1.388729992658e-01 7.7860323e-06
141 -0.25 1.444507145981e-01 7.9230429e-06
142 -0.25 1.442957246010e-01 6.6728973e-06
143 -0.25 1.407954259481e-01 4.2179109e-06
144 -0.25 1.415972128881e-01 1.8125904e-05
145 -0.25 1.413093134211e-01 8.3750633e-06
146 -0.25 1.438719977489e-01 8.0750909e-06
147 -0.25 1.430617252095e-01 9.3834815e-06
148 -0.25 1.412778300281e-01 1.5633111e-05
149 -0.25 1.429963417655e-01 6.6896278e-06
150 -0.25 1.418796369295e-01 1.0612531e-05
151 -0.25 1.410175742588e-01 2.7976926e-05
152 -0.25 1.442609159123e-01 1.4544994e-05
153 -0.25 1.398002723806e-01 7.0040928e-06
154 -0.25 1.405175761648e-01 7.6206630e-06
155 -0.25 1.439433172079e-01 5.6577576e-06
156 -0.25 1.418680219524e-01 2.9170044e-05
157 -0.25 1.416183867507e-01 5.6800864e-06
158 -0.25 1.395280063204e-01 4.3890534e-06
159 -0.25 1.419303442206e-01 4.6053391e-06
160 -0.25 1.423737514511e-01 2.6224729e-06
161 -0.25 1.421295302843e-01 1.7209711e-05
162 -0.25 1.368155653457e-01 9.1753587e-06
163 -0.25 1.422798348651e-01 6.8182400e-06
164 -0.25 1.433744524051e-01 5.9143150e-06
165 -0.25 1.394828560996e-01 7.1943794e-06
166 -0.25 1.460664672859e-01 8.2548830e-06
167 -0.25 1.391285951947e-01 1.4474404e-05
168 -0.25 1.436983294366e-01 8.7377561e-06
169 -0.25 1.421536035092e-01 1.0705602e-05
170 -0.25 1.451942424131e-01 3.7718444e-06
171 -0.25 1.387243215173e-01 4.6307533e-06
172 -0.25 1.445083854258e-01 1.0112600e-05
173 -0.25 1.425279107610e-01 9.5230988e-06
174 -0.25 1.462478143858e-01 1.3279534e-05
175 -0.25 1.395950426933e-01 2.7797885e-06
176 -0.25 1.441508571883e-01 7.3711868e-06
177 -0.25 1.410238582180e-01 9.7496205e-06
178 -0.25 1.451400974410e-01 4.3514561e-06
179 -0.25 1.359854711087e-01 1.8706477e-06
180 -0.25 1.449621748882e-01 1.7112167e-05
181 -0.25 1.396786290968e-01 1.7511030e-05
182 -0.25 1.439907893389e-01 5.0092384e-06
183 -0.25 1.403682201475e-01 8.0581966e-06
184 -0.25 1.416210150298e-01 2.0323790e-05
185 -0.25 1.457584230626e-01 6.2139797e-06
186 -0.25 1.425557747569e-01 1.0909616e-05
187 -0.25 1.385178742170e-01 1.7239454e-05
188 -0.25 1.429772260642e-01 5.3467007e-06
189 -0.25 1.410914283968e-01 6.4483414e-06
190 -0.25 1.416032782964e-01 1.3265449e-05
191 -0.25 1.403276205264e-01 5.7654542e-06
192 -0.25 1.445414540694e-01 1.0547170e-05
193 -0.25 1.399002140306e-01 9.2627321e-06
194 -0.25 1.434095515005e-01 2.0452254e-06
195 -0.25 1.427063168537e-01 4.9008521e-06
196 -0.25 1.423810358059e-01 5.5855636e-06
197 -0.25 1.399878685144e-01 1.3011566e-05
198 -0.25 1.463239064072e-01 1.6258218e-05
199 -0.25 1.422502873172e-01 1.0479546e-05
200 -0.25 1.435008004160e-01 6.6887438e-06
201 -0.25 1.408397898484e-01 4.5278036e-06
202 -0.25 1.395694196927e-01 8.7236449e-06
203 -0.25 1.463032761990e-01 1.4661923e-05
204 -0.25 1.389268152360e-01 9.5650177e-06
205 -0.25 1.450760756703e-01 8.1169149e-06
206 -0.25 1.398440029977e-01 4.6255656e-06
207 -0.25 1.430747265124e-01 4.4556974e-06
208 -0.25 1.447348257240e-01 5.9251067e-06
209 -0.25 1.442933511037e-01 2.0196648e-05
210 -0.25 1.446991089215e-01 4.6039983e-06
211 -0.25 1.430592438899e-01 8.9802190e-06
212 -0.25 1.368875130736e-01 1.6309137e-05
213 -0.25 1.484159169723e-01 7.3072965e-06
214 -0.25 1.394109181803e-01 8.8262870e-06
215 -0.25 1.410771826664e-01 5.4244746e-06
216 -0.25 1.439454816664e-01 5.0963625e-06
217 -0.25 1.441664506109e-01 9.7329630e-06
218 -0.25 1.411478985026e-01 1.0954786e-05
219 -0.25 1.437686182634e-01 4.7769285e-06
220 -0.25 1.414378083601e-01 8.4922293e-06
221 -0.25 1.420346792967e-01 1.5988147e-05
222 -0.25 1.430525526689e-01 6.4701030e-06
223 -0.25 1.398696123846e-01 1.2195694e-05
224 -0.25 1.385054837028e-01 1.0456665e-05
225 -0.25 1.403461314207e-01 7.6150810e-06
226 -0.25 1.392745689789e-01 7.8577595e-06
227 -0.25 1.458454089811e-01 7.3987454e-06
228 -0.25 1.437985636786e-01 1.4148959e-05
229 -0.25 1.382203721862e-01 1.5808785e-05
230 -0.25 1.434704849249e-01 4.7288427e-06
231 -0.25 1.411270264388e-01 4.7186324e-06
232 -0.25 1.422746437284e-01 9.3878561e-06
233 -0.25 1.435226008893e-01 1.0150914e-05
234 -0.25 1.465465897185e-01 1.8192038e-05
235 -0.25 1.383263769575e-01 3.5774616e-06
236 -0.25 1.410812719425e-01 6.2928484e-06
237 -0.25 1.402044497035e-01 1.6003515e-05
238 -0.25 1.377205568099e-01 7.5876674e-06
239 -0.25 1.439674720639e-01 1.3972533e-05
240 -0.25 1.437450878942e-01 1.0106499e-05
241 -0.25 1.455785035203e-01 4.1740202e-06
242 -0.25 1.425994321826e-01 3.4538163e-06
243 -0.25 1.420676679225e-01 8.5361993e-06
244 -0.25 1.442386223900e-01 6.7265130e-06
245 -0.25 1.464768346066e-01 8.1341447e-06
246 -0.25 1.420053978749e-01 9.9304747e-06
247 -0.25 1.398095321784e-01 8.6918035e-06
248 -0.25 1.419349993426e-01 1.9305911e-05
249 -0.25 1.400713636442e-01 1.3953383e-05
250 -0.25 1.427207554052e-01 1.1990686e-05
251 -0.25 1.434496023627e-01 7.4830974e-06
252 -0.25 1.447326170751e-01 1.0919101e-05
253 -0.25 1.382741779998e-01 6.2555964e-06
254 -0.25 1.397927764819e-01 3.3026807e-06
255 -0.25 1.407953512863e-01 6.9402465e-06
256 -0.25 1.439124579454e-01 1.1141276e-05
257 -0.25 1.377361659224e-01 9.4777919e-06
258 -0.25 1.430457930791e-01 8.9306691e-06
259 -0.25 1.391276441776e-01 1.1242667e-05
260 -0.25 1.440743343085e-01 1.0196299e-05
261 -0.25 1.401159070950e-01 1.0503931e-05
262 -0.25 1.425995009051e-01 2.2346777e-05
263 -0.25 1.406132193765e-01 9.4011772e-06
264 -0.25 1.420598116123e-01 1.5675879e-06
265 -0.25 1.434570552159e-01 5.2679436e-06
266 -0.25 1.400053207892e-01 5.4895613e-06
267 -0.25 1.419547994300e-01 1.2355368e-05
268 -0.25 1.467191898298e-01 3.9094931e-06
269 -0.25 1.410980978822e-01 5.1128859e-06
270 -0.25 1.424903574645e-01 4.2702178e-06
271 -0.25 1.387987688071e-01 1.1363626e-05
272 -0.25 1.449720408333e-01 7.6273727e-06
273 -0.25 1.422075826285e-01 3.4017987e-06
274 -0.25 1.442285311082e-01 1.9611264e-05
275 -0.25 1.438145695505e-01 4.9012182e-06
276 -0.25 1.434174078055e-01 4.4177747e-06
277 -0.25 1.386070347409e-01 7.7877407e-06
278 -0.25 1.389844983391e-01 4.7646785e-06
279 -0.25 1.393850850973e-01 5.5432038e-06
280 -0.25 1.389928285206e-01 5.1582940e-06
281 -0.25 1.406891116450e-01 5.2279001e-06
282 -0.25 1.427105138210e-01 1.0750079e-05
283 -0.25 1.409032611020e-01 1.2689902e-05
284 -0.25 1.386277791569e-01 1.4453816e-05
285 -0.25 1.422380799293e-01 9.7890389e-06
286 -0.25 1.414176019987e-01 7.6925910e-06
287 -0.25 1.423133218813e-01 5.0800910e-06
288 -0.25 1.385737864873e-01 9.2595249e-06
289 -0.25 1.395693599603e-01 7.1243940e-06
290 -0.25 1.446427596792e-01 7.3088008e-06
291 -0.25 1.422626622285e-01 2.2037423e-06
292 -0.25 1.397340452438e-01 5.6190479e-06
293 -0.25 1.427256122477e-01 5.3702117e-06
294 -0.25 1.422692579792e-01 8.6084507e-06
295 -0.25 1.454461360532e-01 4.5353749e-06
296 -0.25 1.415704346052e-01 6.3839507e-06
297 -0.25 1.408883353976e-01 5.7504223e-06
298 -0.25 1.405861523084e-01 4.0816034e-06
299 -0.25 1.451405323344e-01 1.2219854e-05
300 -0.25 1.427700823441e-01 4.4075726e-06
301 -0.25 1.398588277401e-01 4.4801870e-06
302 -0.25 1.432358252001e-01 3.7623463e-06
303 -0.25 1.386476871469e-01 4.8091592e-06
304 -0.25 1.445395603962e-01 9.0026361e-06
305 -0.25 1.377682872434e-01 3.1898033e-06
306 -0.25 1.445447467553e-01 4.4436278e-06
307 -0.25 1.365345005444e-01 5.8618098e-06
308 -0.25 1.394968635903e-01 3.1456629e-06
309 -0.25 1.412958730059e-01 6.1854769e-06
310 -0.25 1.424235136003e-01 4.7748365e-06
311 -0.25 1.427202748495e-01 6.5207358e-06
312 -0.25 1.402772893664e-01 2.2709060e-06
313 -0.25 1.435025343975e-01 8.9414437e-06
314 -0.25 1.422233689719e-01 1.2671241e-05
315 -0.25 1.434546358278e-01 8.3263798e-06
316 -0.25 1.406144778856e-01 1.7778309e-05
317 -0.25 1.409141374702e-01 3.4674880e-06
318 -0.25 1.432966907232e-01 3.0970619e-06
319 -0.25 1.404889255680e-01 1.0827301e-05
320 -0.25 1.387245623305e-01 1.3286225e-05
321 -0.25 1.451696581742e-01 5.7725223e-06
322 -0.25 1.398877517806e-01 8.1989407e-06
323 -0.25 1.417825144619e-01 8.8369747e-06
324 -0.25 1.421461462592e-01 1.2631842e-05
325 -0.25 1.438581803187e-01 1.5106761e-05
326 -0.25 1.430952271307e-01 1.0980978e-05
327 -0.25 1.462249791076e-01 1.8066178e-05
328 -0.25 1.426998353284e-01 3.9301231e-06
329 -0.25 1.427587780093e-01 1.0277609e-05
330 -0.25 1.430815586665e-01 5.7485028e-06
331 -0.25 1.407374271275e-01 5.9227204e-06
332 -0.25 1.436414464596e-01 5.8203062e-06
333 -0.25 1.424552600632e-01 3.5175969e-06
334 -0.25 1.401989765982e-01 2.2999706e-06
335 -0.25 1.422741266338e-01 7.4504745e-06
336 -0.25 1.418309833154e-01 4.3316342e-06
337 -0.25 1.406030248687e-01 8.0866000e-06
338 -0.25 1.430888400576e-01 7.3694631e-06
339 -0.25 1.428659080933e-01 1.5162996e-05
340 -0.25 1.426822624560e-01 9.8636386e-06
341 -0.25 1.408413491019e-01 2.2980841e-05
342 -0.25 1.410913795947e-01 6.7966661e-06
343 -0.25 1.412686008287e-01 7.2311447e-06
344 -0.25 1.401196576906e-01 1.3057813e-05
345 -0.25 1.443065784507e-01 2.6363277e-05
346 -0.25 1.411517917056e-01 1.0237409e-05
347 -0.25 1.410784198613e-01 1.0758829e-05
348 -0.25 1.425553655231e-01 2.3444083e-05
349 -0.25 1.413848993076e-01 7.2782937e-06
350 -0.25 1.422460060336e-01 5.8904025e-06
351 -0.25 1.454734775070e-01 1.0396330e-05
352 -0.25 1.392061090668e-01 1.3355138e-05
353 -0.25 1.419556205350e-01 2.5678051e-06
354 -0.25 1.374581190452e-01 7.9265466e-06
355 -0.25 1.414391106004e-01 9.9967305e-06
356 -0.25 1.453055768468e-01 3.3647725e-06
357 -0.25 1.398016274593e-01 8.2251766e-06
358 -0.25 1.420381263757e-01 6.8360546e-06
359 -0.25 1.419092766046e-01 1.3431229e-05
360 -0.25 1.433614146008e-01 8.6152209e-06
361 -0.25 1.375062737278e-01 4.8296238e-06
362 -0.25 1.424032471702e-01 1.2618500e-05
363 -0.25 1.370863620804e-01 6.9683198e-06
364 -0.25 1.435759899221e-01 7.5689744e-06
365 -0.25 1.408415892130e-01 9.0649336e-06
366 -0.25 1.421805426707e-01 2.2458346e-06
367 -0.25 1.420158554116e-01 1.0122046e-05
368 -0.25 1.435566884856e-01 1.1435801e-05
369 -0.25 1.412236533296e-01 8.3185385e-06
370 -0.25 1.480109547275e-01 1.6367894e-05
371 -0.25 1.431205575110e-01 8.9832267e-06
372 -0.25 1.409428120663e-01 4.8332227e-06
373 -0.25 1.401529472328e-01 1.2404293e-05
374 -0.25 1.417669351427e-01 8.5625456e-06
375 -0.25 1.405931796313e-01 8.0761539e-06
376 -0.25 1.384712570708e-01 3.5045229e-06
377 -0.25 1.457125238252e-01 7.7110370e-06
378 -0.25 1.425318861442e-01 1.4070907e-05
379 -0.25 1.439287516120e-01 1.0369367e-05
380 -0.25 1.387896366742e-01 6.0275087e-06
381 -0.25 1.432759078039e-01 8.5291472e-06
382 -0.25 1.436297128841e-01 1.0432572e-05
383 -0.25 1.394218189120e-01 8.2255362e-06
384 -0.25 1.450077764832e-01 6.1547246e-06
385 -0.25 1.418912136481e-01 3.1346993e-06
386 -0.25 1.414703238598e-01 8.4019606e-06
387 -0.25 1.447058397708e-01 1.8395132e-05
388 -0.25 1.438093233858e-01 7.3841365e-06
389 -0.25 1.455859839614e-01 6.1640486e-06
390 -0.25 1.399055908786e-01 3.7673641e-06
391 -0.25 1.458642049464e-01 1.5155275e-05
392 -0.25 1.405720414387e-01 1.2186681e-05
393 -0.25 1.435763936819e-01 6.8451244e-06
394 -0.25 1.412756440517e-01 4.8385511e-06
395 -0.25 1.428222990550e-01 8.1896972e-06
396 -0.25 1.387054966483e-01 6.3936840e-06
397 -0.25 1.443380632628e-01 5.3010789e-06
398 -0.25 1.428326140844e-01 8.6497904e-06
399 -0.25 1.397266162831e-01 2.0494904e-06
400 -0.25 1.432606617908e-01 3.5150314e-06
401 -0.25 1.461118215507e-01 5.5431887e-06
402 -0.25 1.399368083637e-01 7.6466637e-06
403 -0.25 1.406093113448e-01 6.3636296e-06
404 -0.25 1.416205714924e-01 1.5938651e-05
405 -0.25 1.417653687701e-01 1.2919456e-05
406 -0.25 1.456879295635e-01 9.8841039e-06
407 -0.25 1.380992636849e-01 3.2097888e-06
408 -0.25 1.396086570474e-01 4.6015648e-06
409 -0.25 1.410989954543e-01 5.1843209e-06
410 -0.25 1.473974706197e-01 3.4838734e-06
411 -0.25 1.398223840845e-01 3.0414693e-06
412 -0.25 1.402024102544e-01 8.1834112e-06
413 -0.25 1.414449646694e-01 7.5277349e-06
414 -0.25 1.450732174193e-01 9.8489575e-06
415 -0.25 1.383780497807e-01 4.4979387e-06
416 -0.25 1.412874462806e-01 1.6015324e-05
417 -0.25 1.440894713890e-01 1.4993082e-05
418 -0.25 1.396050466929e-01 4.8399706e-06
419 -0.25 1.407837010530e-01 9.2783727e-06
420 -0.25 1.390670498487e-01 1.8847491e-05
421 -0.25 1.455856530012e-01 1.0382344e-05
422 -0.25 1.452374973845e-01 1.2540552e-05
423 -0.25 1.409320112848e-01 3.5254919e-06
424 -0.25 1.402519519944e-01 4.6657343e-06
425 -0.25 1.407982694747e-01 3.8203042e-06
426 -0.25 1.458667061473e-01 6.2782019e-06
427 -0.25 1.442069194920e-01 1.1788312e-05
428 -0.25 1.393476622960e-01 9.9894047e-06
429 -0.25 1.394910630635e-01 6.8600291e-06
430 -0.25 1.414662217001e-01 3.6015817e-06
431 -0.25 1.463528459647e-01 5.2991033e-06
432 -0.25 1.408363596858e-01 1.3765548e-05
433 -0.25 1.425460541039e-01 7.8586478e-06
434 -0.25 1.380908012077e-01 4.7491145e-06
435 -0.25 1.415931144716e-01 2.0049698e-05
436 -0.25 1.444131893015e-01 1.0500408e-05
437 -0.25 1.405073139045e-01 1.8848349e-06
438 -0.25 1.383987497153e-01 5.5584758e-06
439 -0.25 1.380541738582e-01 2.7910193e-06
440 -0.25 1.486151121086e-01 7.8876053e-06
441 -0.25 1.446440850051e-01 1.2679833e-05
442 -0.25 1.424744724681e-01 4.0638930e-06
443 -0.25 1.423977287958e-01 6.8181741e-06
444 -0.25 1.424134985273e-01 7.4544082e-06
445 -0.25 1.433262256102e-01 1.2595008e-05
446 -0.25 1.410159372389e-01 6.5131093e-06
447 -0.25 1.439318232316e-01 1.5039540e-05
448 -0.25 1.450241619092e-01 9.7097729e-06
449 -0.25 1.427665314549e-01 9.9350335e-06
450 -0.25 1.437545211523e-01 4.0517289e-06
451 -0.25 1.416246106219e-01 6.9111740e-06
452 -0.25 1.403630278340e-01 9.3457368e-06
453 -0.25 1.428255704652e-01 2.3795784e-05
454 -0.25 1.398844739452e-01 6.2146949e-06
455 -0.25 1.365270053746e-01 4.7719936e-06
456 -0.25 1.409447055184e-01 8.0667433e-06
457 -0.25 1.393845921248e-01 5.5169018e-06
458 -0.25 1.385208475572e-01 4.6819777e-06
459 -0.25 1.408739206507e-01 6.9025109e-06
460 -0.25 1.418835693282e-01 4.0221601e-06
461 -0.25 1.408672674884e-01 9.0248653e-06
462 -0.25 1.385043418268e-01 2.6252644e-06
463 -0.25 1.402106593869e-01 9.2458980e-06
464 -0.25 1.367887191793e-01 5.5583987e-06
465 -0.25 1.438106959212e-01 7.9531211e-06
466 -0.25 1.420108211827e-01 8.6532010e-06
467 -0.25 1.434100138213e-01 8.6706208e-06
468 -0.25 1.459902352390e-01 2.0256652e-05
469 -0.25 1.366111677011e-01 1.0723856e-05
470 -0.25 1.435936972180e-01 6.3505865e-06
471 -0.25 1.407013481034e-01 8.2851986e-06
472 -0.25 1.390688664841e-01 8.7152362e-06
473 -0.25 1.403362492375e-01 1.4657907e-05
474 -0.25 1.449562701048e-01 5.4054318e-06
475 -0.25 1.374043583354e-01 8.9956343e-06
476 -0.25 1.403050803643e-01 1.1420142e-05
477 -0.25 1.429089810133e-01 1.5570334e-06
478 -0.25 1.407717301524e-01 7.2385117e-06
479 -0.25 1.404583388860e-01 1.1752759e-05
480 -0.25 1.407057181526e-01 1.1313982e-05
481 -0.25 1.414383682744e-01 6.9374279e-06
482 -0.25 1.387396497469e-01 6.2016319e-06
483 -0.25 1.433284766975e-01 3.7694570e-06
484 -0.25 1.430054529268e-01 2.4987003e-06
485 -0.25 1.448230725171e-01 5.8222889e-06
486 -0.25 1.445412609691e-01 1.0850307e-05
487 -0.25 1.419687495076e-01 1.4886600e-05
488 -0.25 1.410228796629e-01 8.1615471e-06
489 -0.25 1.430101346449e-01 1.1142233e-05
490 -0.25 1.425568240852e-01 9.7973100e-06
491 -0.25 1.443488358625e-01 7.3810618e-06
492 -0.25 1.419636698031e-01 6.3959328e-06
493 -0.25 1.393486524334e-01 5.8869176e-06
494 -0.25 1.438122616845e-01 6.9205795e-06
495 -0.25 1.406352588470e-01 4.3736271e-06
496 -0.25 1.420783910382e-01 1.1860816e-05
497 -0.25 1.454108059922e-01 2.0952102e-06
498 -0.25 1.394295988797e-01 9.1301403e-06
499 -0.25 1.439915317146e-01 1.1237130e-05
500 -0.25 1.374586134142e-01 2.3266609e-06
1 0.00 1.446941002827e-01 1.3985951e-05
2 0.00 1.415651179188e-01 1.0052207e-05
3 0.00 1.377519349125e-01 8.1695161e-06
4 0.00 1.420778361021e-01 1.3777035e-05
5 0.00 1.364784584808e-01 8.2372719e-06
6 0.00 1.434903844579e-01 1.3246598e-05
7 0.00 1.394596765834e-01 8.2663745e-06
8 0.00 1.431753043441e-01 1.4260764e-05
9 0.00 1.381243836048e-01 5.0429771e-06
10 0.00 1.378877485364e-01 7.5724096e-06
11 0.00 1.416629096286e-01 8.8139346e-06
12 0.00 1.403702584094e-01 8.6108267e-06
13 0.00 1.370267040750e-01 6.4374863e-06
14 0.00 1.396047593940e-01 8.7210813e-06
15 0.00 1.385589517871e-01 1.0120363e-05
16 0.00 1.412596507030e-01 1.2633656e-05
17 0.00 1.380618302186e-01 8.0247158e-06
18 0.00 1.377894971321e-01 1.2752595e-05
19 0.00 1.387832028024e-01 8.2930312e-06
20 0.00 1.400325366642e-01 1.1636562e-05
21 0.00 1.425037961589e-01 1.2695785e-05
22 0.00 1.404941493115e-01 1.2807132e-05
23 0.00 1.431070442500e-01 1.0011897e-05
24 0.00 1.425912117570e-01 4.5913457e-06
25 0.00 1.404815913340e-01 1.5814360e-05
26 0.00 1.412759861269e-01 4.1983023e-06
27 0.00 1.341743027213e-01 4.7715431e-06
28 0.00 1.404635975191e-01 5.9788325e-06
29 0.00 1.393156691166e-01 7.9309260e-06
30 0.00 1.431096655803e-01 7.0723338e-06
31 0.00 1.387182062595e-01 1.3280686e-05
32 0.00 1.375764172887e-01 8.5151273e-06
33 0.00 1.390177147313e-01 8.0131208e-06
34 0.00 1.398595554930e-01 3.3077771e-06
35 0.00 1.393834792291e-01 1.0223335e-05
36 0.00 1.442721556858e-01 2.1071535e-06
37 0.00 1.400532659674e-01 1.7718943e-05
38 0.00 1.354226801178e-01 1.6799433e-05
39 0.00 1.372196464441e-01 4.6938716e-06
40 0.00 1.382436848653e-01 5.8759553e-06
41 0.00 1.423974483023e-01 1.4888644e-05
42 0.00 1.395710458222e-01 6.7622243e-06
43 0.00 1.393529500570e-01 3.4016433e-06
44 0.00 1.372799780827e-01 8.4178402e-06
45 0.00 1.380106898839e-01 1.3189217e-05
46 0.00 1.370126756093e-01 6.5721744e-06
47 0.00 1.396808797184e-01 8.6542425e-06
48 0.00 1.376530450575e-01 1.0171060e-05
49 0.00 1.412753389921e-01 6.2269343e-06
50 0.00 1.380890946949e-01 4.1626536e-06
51 0.00 1.401297206230e-01 6.9148666e-06
52 0.00 1.393496935081e-01 1.0101818e-05
53 0.00 1.390857942245e-01 9.9933082e-06
54 0.00 1.418044706851e-01 1.2757033e-05
55 0.00 1.396938532422e-01 5.8078566e-06
56 0.00 1.392608370992e-01 1.5089767e-05
57 0.00 1.400188242455e-01 1.1594157e-05
58 0.00 1.428438542975e-01 2.2071966e-05
59 0.00 1.382814656533e-01 1.0792961e-05
60 0.00 1.420758692010e-01 1.3128803e-05
61 0.00 1.399029708085e-01 6.4296465e-06
62 0.00 1.405068114310e-01 2.3720049e-06
63 0.00 1.406834229892e-01 7.0281816e-06
64 0.00 1.414613426649e-01 2.7961798e-05
65 0.00 1.392508954966e-01 4.3611661e-06
66 0.00 1.363506574812e-01 4.7479591e-06
67 0.00 1.451154792383e-01 7.8469265e-06
68 0.00 1.386418550066e-01 4.9523157e-06
69 0.00 1.423864479453e-01 8.1387685e-06
70 0.00 1.350587311161e-01 1.0171478e-05
71 0.00 1.414654533293e-01 4.5001740e-06
72 0.00 1.379054748081e-01 4.3711698e-06
73 0.00 1.401391217520e-01 1.4883546e-06
74 0.00 1.439386122033e-01 4.7623122e-06
75 0.00 1.371129751169e-01 6.2204192e-06
76 0.00 1.394789878450e-01 3.8152883e-06
77 0.00 1.428960904287e-01 1.5738954e-05
78 0.00 1.417966434819e-01 3.7908374e-06
79 0.00 1.413384618599e-01 5.5291378e-06
80 0.00 1.430735459102e-01 5.5617694e-06
81 0.00 1.362471737797e-01 1.0350094e-05
82 0.00 1.392735090906e-01 7.9222127e-06
83 0.00 1.340110258369e-01 7.8744362e-06
84 0.00 1.397931818778e-01 6.6516471e-06
85 0.00 1.414430431388e-01 7.7713990e-06
86 0.00 1.401644377946e-01 1.3534109e-05
87 0.00 1.409683022552e-01 7.0544168e-06
88 0.00 1.387938230036e-01 1.0313412e-05
89 0.00 1.396001885488e-01 5.0774564e-06
90 0.00 1.385070617439e-01 7.7791171e-06
91 0.00 1.392915172374e-01 8.4265329e-06
92 0.00 1.417909030454e-01 8.1763324e-06
93 0.00 1.413609941963e-01 4.7575468e-06
94 0.00 1.410406242883e-01 8.5985335e-06
95 0.00 1.398935409353e-01 8.9991530e-06
96 0.00 1.359149212769e-01 9.4728214e-06
97 0.00 1.408791119300e-01 1.6850834e-05
98 0.00 1.392506278784e-01 5.4529928e-06
99 0.00 1.346869018331e-01 8.5182084e-06
100 0.00 1.387154314640e-01 1.0819049e-05
101 0.00 1.402397269560e-01 9.6173746e-06
102 0.00 1.382624492751e-01 1.2970836e-05
103 0.00 1.399821292463e-01 5.3696401e-06
104 0.00 1.392085658925e-01 6.2761202e-06
105 0.00 1.358201769603e-01 6.3189612e-06
106 0.00 1.374962318142e-01 5.4961495e-06
107 0.00 1.359935708987e-01 9.4245936e-06
108 0.00 1.376974745847e-01 7.8795872e-06
109 0.00 1.422761071177e-01 7.4317198e-06
110 0.00 1.348069461267e-01 7.8972607e-06
111 0.00 1.413575362706e-01 9.0484361e-06
112 0.00 1.409667953671e-01 8.8874255e-06
113 0.00 1.389989194873e-01 1.5091804e-05
114 0.00 1.398067503826e-01 4.1844058e-06
115 0.00 1.360301368587e-01 4.9778100e-06
116 0.00 1.457128694066e-01 1.3490604e-05
117 0.00 1.385188944578e-01 1.3445568e-05
118 0.00 1.410673076969e-01 6.3718043e-06
119 0.00 1.394687207191e-01 1.3625189e-05
120 0.00 1.420675881473e-01 5.9116290e-06
121 0.00 1.410846640468e-01 7.0731449e-06
122 0.00 1.414747019643e-01 9.3227015e-06
123 0.00 1.376010353152e-01 4.9933811e-06
124 0.00 1.407329155255e-01 1.0225358e-05
125 0.00 1.373902216801e-01 9.5137977e-06
126 0.00 1.428514000679e-01 1.0017344e-05
127 0.00 1.398633430397e-01 1.5277344e-05
128 0.00 1.416011630061e-01 4.5060959e-06
129 0.00 1.404574021057e-01 1.2801196e-05
130 0.00 1.415296900333e-01 8.5055794e-06
131 0.00 1.427437926378e-01 8.8304020e-06
132 0.00 1.386396632458e-01 4.6328642e-06
133 0.00 1.441591470335e-01 3.4625702e-06
134 0.00 1.393166937030e-01 5.4614364e-06
135 0.00 1.403417532411e-01 8.8604973e-06
136 0.00 1.424729182342e-01 8.4715518e-06
137 0.00 1.409131546269e-01 9.2783189e-06
138 0.00 1.395158062651e-01 8.3910014e-06
139 0.00 1.395769786726e-01 9.4442416e-06
140 0.00 1.392021926886e-01 8.5184814e-06
141 0.00 1.435202659354e-01 7.6316744e-06
142 0.00 1.429792281591e-01 1.2823438e-05
143 0.00 1.379306129409e-01 1.5331716e-05
144 0.00 1.372859460967e-01 7.2361827e-06
145 0.00 1.387146566435e-01 3.3256071e-06
146 0.00 1.426989071010e-01 8.3952747e-06
147 0.00 1.423878936017e-01 6.1818455e-06
148 0.00 1.405789874669e-01 7.2698478e-06
149 0.00 1.395020937410e-01 2.1597981e-06
150 0.00 1.383291099688e-01 5.5266029e-06
151 0.00 1.397650851760e-01 7.0775534e-06
152 0.00 1.402723053545e-01 1.2753396e-05
153 0.00 1.365405325748e-01 6.5420051e-06
154 0.00 1.391175557748e-01 1.2943647e-05
155 0.00 1.419300686444e-01 4.9404111e-06
156 0.00 1.375500901765e-01 4.0681768e-06
157 0.00 1.393101739072e-01 1.5478714e-05
158 0.00 1.384381672431e-01 3.9117532e-06
159 0.00 1.397263288321e-01 1.4068825e-05
160 0.00 1.362139484576e-01 1.1744392e-05
161 0.00 1.424575108757e-01 1.1649479e-05
162 0.00 1.343023581751e-01 4.9361014e-06
163 0.00 1.406417965722e-01 5.6838275e-06
164 0.00 1.417599432254e-01 1.6403903e-05
165 0.00 1.378203858002e-01 9.0466192e-06
166 0.00 1.401623342518e-01 4.3582256e-06
167 0.00 1.387091176834e-01 2.0101230e-05
168 0.00 1.402995141390e-01 1.3286131e-05
169 0.00 1.399783478716e-01 1.1249361e-05
170 0.00 1.414170907240e-01 1.2328655e-05
171 0.00 1.353664677289e-01 3.3786630e-06
172 0.00 1.411298681167e-01 1.1385270e-05
173 0.00 1.403221672289e-01 3.0204237e-06
174 0.00 1.428347073810e-01 1.0225779e-05
175 0.00 1.368307044612e-01 9.4148253e-06
176 0.00 1.416443257204e-01 4.0579172e-06
177 0.00 1.379238634559e-01 1.4062071e-05
178 0.00 1.439400729949e-01 1.8719197e-05
179 0.00 1.360617302086e-01 1.3092080e-05
180 0.00 1.413600084993e-01 5.7228034e-06
181 0.00 1.382136889512e-01 4.4230853e-06
182 0.00 1.439679698998e-01 8.9969667e-06
183 0.00 1.371940263768e-01 1.1763661e-05
184 0.00 1.371799488328e-01 1.3250593e-05
185 0.00 1.430276351426e-01 8.3843788e-06
186 0.00 1.402365801849e-01 6.7916910e-06
187 0.00 1.375971743143e-01 6.0511982e-06
188 0.00 1.409563082227e-01 1.0691423e-05
189 0.00 1.389487889028e-01 7.2317072e-06
190 0.00 1.397085711218e-01 5.9743677e-06
191 0.00 1.403547721510e-01 7.1385565e-06
192 0.00 1.416294389864e-01 9.2337115e-06
193 0.00 1.381405484596e-01 1.3116907e-05
194 0.00 1.418492915704e-01 5.4573962e-06
195 0.00 1.416109614236e-01 1.1992203e-05
196 0.00 1.418213285735e-01 1.6365521e-05
197 0.00 1.372695783661e-01 1.5906562e-06
198 0.00 1.403718144229e-01 1.3558325e-05
199 0.00 1.402187206516e-01 5.8250071e-06
200 0.00 1.438624923561e-01 1.9432400e-05
201 0.00 1.381945685581e-01 2.3370062e-06
202 0.00 1.374740048239e-01 7.8188153e-06
203 0.00 1.418404511319e-01 1.0991141e-05
204 0.00 1.359813780099e-01 7.2891714e-06
205 0.00 1.410276514750e-01 7.4251043e-06
206 0.00 1.370194666240e-01 8.2019294e-06
207 0.00 1.404396273731e-01 9.0181490e-06
208 0.00 1.399843773421e-01 9.0360316e-06
209 0.00 1.406310606716e-01 4.2163554e-06
210 0.00 1.418915355103e-01 1.3226756e-05
211 0.00 1.406026557887e-01 9.5779145e-06
212 0.00 1.353892747519e-01 6.8283480e-06
213 0.00 1.468861987875e-01 7.8317979e-06
214 0.00 1.390439401838e-01 1.2221791e-05
215 0.00 1.388908471489e-01 7.8335261e-06
216 0.00 1.417354431404e-01 1.1386180e-05
217 0.00 1.426124546075e-01 1.4612274e-05
218 0.00 1.398064318414e-01 6.4108684e-06
219 0.00 1.403540613884e-01 5.8622808e-06
220 0.00 1.394831806829e-01 8.5889264e-06
221 0.00 1.399622450507e-01 4.4133320e-06
222 0.00 1.402010315555e-01 1.8391589e-05
223 0.00 1.377201537734e-01 4.9628757e-06
224 0.00 1.349271408466e-01 7.9524783e-06
225 0.00 1.392430337218e-01 5.5469635e-06
226 0.00 1.392449269379e-01 3.7227141e-06
227 0.00 1.415726351419e-01 9.1054036e-06
228 0.00 1.430254637162e-01 9.9605044e-06
229 0.00 1.373643444168e-01 1.0851255e-05
230 0.00 1.424511557337e-01 4.4673002e-06
231 0.00 1.409669572994e-01 5.8787795e-06
232 0.00 1.404936260828e-01 9.6359394e-06
233 0.00 1.414828684860e-01 8.7434584e-06
234 0.00 1.421887721913e-01 2.1413551e-06
235 0.00 1.364804136583e-01 1.0674434e-05
236 0.00 1.403090399658e-01 1.8591921e-05
237 0.00 1.368268652577e-01 5.8890555e-06
238 0.00 1.391351336289e-01 4.0875266e-06
239 0.00 1.417001404509e-01 4.9300729e-06
240 0.00 1.423731582060e-01 9.8053048e-06
241 0.00 1.424482294583e-01 5.2792620e-06
242 0.00 1.401975847207e-01 5.1933097e-06
243 0.00 1.398330809498e-01 6.3631069e-06
244 0.00 1.410344695322e-01 9.6403938e-06
245 0.00 1.429562386784e-01 1.0642069e-05
246 0.00 1.402781623257e-01 8.3840164e-06
247 0.00 1.366078628546e-01 2.2494500e-05
248 0.00 1.377725624866e-01 1.6779134e-05
249 0.00 1.385043665926e-01 1.3593930e-05
250 0.00 1.400803808490e-01 1.6421172e-05
251 0.00 1.413648837347e-01 1.5314557e-05
252 0.00 1.394734220782e-01 7.4175562e-06
253 0.00 1.384820548568e-01 4.9783973e-06
254 0.00 1.370523872973e-01 1.1637476e-05
255 0.00 1.407390269185e-01 4.5218970e-06
256 0.00 1.400007882099e-01 7.1869655e-06
257 0.00 1.362397981437e-01 6.0108141e-06
258 0.00 1.446997796055e-01 8.5147709e-06
259 0.00 1.385251873891e-01 1.0479963e-05
260 0.00 1.414450339212e-01 8.5002811e-06
261 0.00 1.375478036397e-01 6.6317923e-06
262 0.00 1.393415954106e-01 4.6508600e-06
263 0.00 1.381501173153e-01 7.4830481e-06
264 0.00 1.434079790197e-01 1.7043271e-05
265 0.00 1.410534275627e-01 1.0798445e-05
266 0.00 1.374698455854e-01 5.7878528e-06
267 0.00 1.405634287539e-01 7.8295576e-06
268 0.00 1.437545742801e-01 1.4739047e-05
269 0.00 1.381078126335e-01 1.0345120e-05
270 0.00 1.384533678421e-01 4.4134585e-06
271 0.00 1.352479378988e-01 5.3251142e-06
272 0.00 1.434437670325e-01 1.2071941e-05
273 0.00 1.417956948138e-01 1.2186149e-05
274 0.00 1.398203636349e-01 7.0631829e-06
275 0.00 1.423153218813e-01 1.2074790e-05
276 0.00 1.412083387067e-01 1.0387686e-05
277 0.00 1.379767021236e-01 6.8511719e-06
278 0.00 1.405293441645e-01 1.5386462e-05
279 0.00 1.370214108305e-01 1.0423726e-05
280 0.00 1.358186074976e-01 5.5944542e-06
281 0.00 1.359036057971e-01 4.2345775e-06
282 0.00 1.402486565269e-01 7.1602425e-06
283 0.00 1.386130550878e-01 7.6015205e-06
284 0.00 1.374560004652e-01 5.7855886e-06
285 0.00 1.388016075459e-01 1.0893196e-05
286 0.00 1.386967311056e-01 1.3378579e-05
287 0.00 1.407945692990e-01 7.7193471e-06
288 0.00 1.351356870983e-01 7.6012776e-06
289 0.00 1.382110300602e-01 4.4363985e-06
290 0.00 1.408209543352e-01 6.2156694e-06
291 0.00 1.399667383648e-01 8.4734910e-06
292 0.00 1.391024863473e-01 7.7378468e-06
293 0.00 1.422948533120e-01 9.7598539e-06
294 0.00 1.413076144295e-01 4.1925021e-06
295 0.00 1.432048763499e-01 1.8271170e-05
296 0.00 1.399082494676e-01 1.5589845e-06
297 0.00 1.417573382826e-01 1.3343471e-05
298 0.00 1.388295228042e-01 1.2928531e-05
299 0.00 1.437887878719e-01 1.1136046e-05
300 0.00 1.389763150792e-01 7.5850429e-06
301 0.00 1.379794719782e-01 6.7900973e-06
302 0.00 1.411434122101e-01 6.9140779e-06
303 0.00 1.391184514650e-01 3.9898187e-06
304 0.00 1.419742671984e-01 9.5205706e-06
305 0.00 1.363490395071e-01 8.6323570e-06
306 0.00 1.416857150497e-01 6.9171492e-06
307 0.00 1.361396338260e-01 1.0085344e-05
308 0.00 1.372382560538e-01 1.0551864e-06
309 0.00 1.392130206875e-01 1.9441102e-05
310 0.00 1.419279415382e-01 1.0586076e-05
311 0.00 1.404120232041e-01 6.1266566e-06
312 0.00 1.388067497694e-01 3.1907967e-06
313 0.00 1.392235836419e-01 7.7400167e-06
314 0.00 1.399585283966e-01 9.1014406e-06
315 0.00 1.410369900173e-01 5.8696829e-06
316 0.00 1.393017338667e-01 6.7189786e-06
317 0.00 1.379039991252e-01 6.5047465e-06
318 0.00 1.408851673526e-01 6.5681598e-06
319 0.00 1.382552313005e-01 7.4202051e-06
320 0.00 1.366903375981e-01 8.6812195e-06
321 0.00 1.473949443681e-01 2.8470041e-05
322 0.00 1.383842455913e-01 3.9263471e-06
323 0.00 1.392821288486e-01 1.1268132e-05
324 0.00 1.388256633629e-01 1.1496685e-06
325 0.00 1.419304626113e-01 1.0828320e-05
326 0.00 1.409147612713e-01 1.3533802e-06
327 0.00 1.443737223915e-01 1.4449680e-05
328 0.00 1.383289148154e-01 4.2087779e-06
329 0.00 1.395091138390e-01 5.7904868e-06
330 0.00 1.428953589824e-01 4.3845989e-06
331 0.00 1.390567171484e-01 9.6128308e-06
332 0.00 1.417266852916e-01 5.9204384e-06
333 0.00 1.400492319729e-01 8.2196410e-06
334 0.00 1.398774624584e-01 8.6188522e-06
335 0.00 1.409535313525e-01 4.7401253e-06
336 0.00 1.396593115555e-01 4.8696324e-06
337 0.00 1.382111408667e-01 7.4560137e-06
338 0.00 1.415271459846e-01 4.7964164e-06
339 0.00 1.368718214828e-01 7.8586114e-06
340 0.00 1.415721427152e-01 7.0197059e-06
341 0.00 1.401583571036e-01 1.0527836e-05
342 0.00 1.393484497330e-01 5.6860865e-06
343 0.00 1.389747563504e-01 1.0747312e-05
344 0.00 1.391701537207e-01 2.6376661e-05
345 0.00 1.415671810129e-01 1.4665401e-05
346 0.00 1.397271864798e-01 8.9817255e-06
347 0.00 1.405114871533e-01 8.9593685e-06
348 0.00 1.406752662870e-01 5.1486916e-06
349 0.00 1.393308470010e-01 7.2752452e-06
350 0.00 1.396915738951e-01 3.9423376e-06
351 0.00 1.427549978344e-01 4.1516514e-06
352 0.00 1.366376142220e-01 4.7366129e-06
353 0.00 1.398417152320e-01 8.0258890e-06
354 0.00 1.370239703429e-01 3.9813721e-06
355 0.00 1.400073005615e-01 1.8043079e-06
356 0.00 1.424217819033e-01 1.5005774e-05
357 0.00 1.399520338181e-01 1.6103601e-05
358 0.00 1.380857818025e-01 7.5272483e-06
359 0.00 1.404493966530e-01 1.1945567e-05
360 0.00 1.414700966506e-01 1.1763405e-05
361 0.00 1.372697844508e-01 1.8031235e-05
362 0.00 1.396161161037e-01 8.9093726e-06
363 0.00 1.343981029952e-01 3.6699185e-06
364 0.00 1.416082440577e-01 9.8722817e-06
365 0.00 1.395846354373e-01 1.4583565e-05
366 0.00 1.412839819144e-01 1.6673612e-06
367 0.00 1.399067501138e-01 1.0274681e-05
368 0.00 1.405543367229e-01 3.2986890e-06
369 0.00 1.397666955099e-01 9.2227953e-06
370 0.00 1.444989857871e-01 3.2857560e-06
371 0.00 1.404795727321e-01 7.6953149e-06
372 0.00 1.396964653035e-01 9.3843927e-06
373 0.00 1.401905277414e-01 1.2653583e-05
374 0.00 1.395929164967e-01 4.0240335e-06
375 0.00 1.398401137703e-01 7.2822364e-06
376 0.00 1.351389327002e-01 4.2124900e-06
377 0.00 1.417653407691e-01 3.7779771e-06
378 0.00 1.388624362613e-01 8.5483484e-06
379 0.00 1.432736614723e-01 4.1864260e-06
380 0.00 1.341861316910e-01 8.4148189e-06
381 0.00 1.401237342369e-01 8.2382293e-06
382 0.00 1.414950553819e-01 6.1578589e-06
383 0.00 1.376646712221e-01 6.2490638e-06
384 0.00 1.405403880715e-01 3.6873024e-06
385 0.00 1.394398921147e-01 2.6647486e-06
386 0.00 1.404179308902e-01 1.4369055e-05
387 0.00 1.380261696209e-01 7.9372577e-06
388 0.00 1.405201968585e-01 3.2648974e-06
389 0.00 1.431111770256e-01 2.1258400e-05
390 0.00 1.386766594998e-01 7.4814671e-06
391 0.00 1.440036553417e-01 1.0172634e-05
392 0.00 1.375200659373e-01 3.7246949e-06
393 0.00 1.418465568486e-01 9.2423335e-06
394 0.00 1.411797172807e-01 8.0276226e-06
395 0.00 1.414590179861e-01 1.0343778e-05
396 0.00 1.381993829305e-01 4.3541988e-06
397 0.00 1.422868019776e-01 3.3293011e-06
398 0.00 1.420338258616e-01 1.5283534e-05
399 0.00 1.381059051912e-01 4.0541349e-06
400 0.00 1.416806157292e-01 7.0099317e-06
401 0.00 1.433502581191e-01 1.3776931e-05
402 0.00 1.364275696391e-01 1.7912199e-05
403 0.00 1.393211513628e-01 8.2755614e-06
404 0.00 1.395076360330e-01 1.3538033e-05
405 0.00 1.387634723008e-01 3.7214250e-06
406 0.00 1.404309348205e-01 6.7958780e-06
407 0.00 1.347549065058e-01 2.3979614e-06
408 0.00 1.385057233430e-01 1.4027510e-05
409 0.00 1.382215352877e-01 7.7882847e-06
410 0.00 1.435894336809e-01 1.6860381e-05
411 0.00 1.383768192387e-01 5.8814034e-06
412 0.00 1.385787042736e-01 6.4102794e-06
413 0.00 1.406077871442e-01 1.3475083e-05
414 0.00 1.416753360653e-01 1.0977772e-05
415 0.00 1.368758219206e-01 1.2620043e-05
416 0.00 1.401205022500e-01 7.3420916e-06
417 0.00 1.415991131781e-01 8.0633659e-06
418 0.00 1.370533726015e-01 4.5513575e-06
419 0.00 1.411279325269e-01 6.4840444e-06
420 0.00 1.376564861080e-01 4.0883328e-06
421 0.00 1.423425796717e-01 5.8649545e-06
422 0.00 1.438337356881e-01 1.0211006e-05
423 0.00 1.379297338996e-01 2.7196792e-06
424 0.00 1.390548877882e-01 7.1295893e-06
425 0.00 1.385149844778e-01 1.4054370e-05
426 0.00 1.454184162662e-01 8.6321730e-06
427 0.00 1.413187663681e-01 8.2814524e-06
428 0.00 1.366246372188e-01 3.4496536e-06
429 0.00 1.399001448853e-01 7.9042901e-06
430 0.00 1.388357976855e-01 1.5972626e-05
431 0.00 1.438136131304e-01 1.8129971e-05
432 0.00 1.394671932944e-01 8.3663348e-06
433 0.00 1.372417374398e-01 6.4422428e-06
434 0.00 1.376441643196e-01 3.2688612e-06
435 0.00 1.384039891481e-01 1.4300950e-05
436 0.00 1.426625670394e-01 4.1740711e-06
437 0.00 1.399370664961e-01 1.2783399e-05
438 0.00 1.367602178358e-01 7.9722277e-06
439 0.00 1.373776521346e-01 9.2074603e-06
440 0.00 1.453315274134e-01 3.7718380e-06
441 0.00 1.432854959240e-01 1.1554464e-05
442 0.00 1.420421392696e-01 7.7959387e-06
443 0.00 1.384999227901e-01 6.1115702e-06
444 0.00 1.426602549659e-01 7.0657328e-06
445 0.00 1.416561895720e-01 8.5161176e-06
446 0.00 1.400509193030e-01 1.3752695e-05
447 0.00 1.421189833547e-01 9.3263377e-06
448 0.00 1.408934607029e-01 6.3212812e-06
449 0.00 1.408113965621e-01 8.6628331e-06
450 0.00 1.443575295504e-01 1.0947319e-05
451 0.00 1.384479316527e-01 8.9611511e-06
452 0.00 1.401461901420e-01 5.5488277e-06
453 0.00 1.416937724236e-01 9.9748321e-06
454 0.00 1.377957559730e-01 5.2058582e-06
455 0.00 1.356644240898e-01 7.7499394e-06
456 0.00 1.386616954483e-01 1.4273401e-05
457 0.00 1.401307532327e-01 5.6881367e-06
458 0.00 1.351896291568e-01 9.3283103e-06
459 0.00 1.407550819097e-01 9.4245767e-06
460 0.00 1.407009211009e-01 2.5241421e-06
461 0.00 1.381630688570e-01 5.8608798e-06
462 0.00 1.359013535947e-01 1.5167557e-05
463 0.00 1.407159375713e-01 9.0028244e-06
464 0.00 1.367205263379e-01 9.5532609e-06
465 0.00 1.410896571269e-01 1.0009783e-05
466 0.00 1.387908064694e-01 8.0179007e-06
467 0.00 1.407330286625e-01 2.6518743e-06
468 0.00 1.428849508323e-01 2.7276708e-05
469 0.00 1.343964311677e-01 6.6274259e-06
470 0.00 1.422869874983e-01 1.7165291e-05
471 0.00 1.404713807711e-01 9.7463210e-06
472 0.00 1.382270790655e-01 1.1176489e-05
473 0.00 1.363183491530e-01 7.4018854e-06
474 0.00 1.424594749660e-01 3.9710886e-06
475 0.00 1.341354700607e-01 1.1028809e-05
476 0.00 1.392198671702e-01 6.2363807e-06
477 0.00 1.409128481874e-01 4.0070029e-06
478 0.00 1.385982559422e-01 7.2324035e-06
479 0.00 1.382173593331e-01 8.6333693e-06
480 0.00 1.389441328684e-01 1.1560421e-05
481 0.00 1.412079269432e-01 7.1037859e-06
482 0.00 1.389935918863e-01 1.0680366e-05
483 0.00 1.400059620896e-01 3.6537029e-06
484 0.00 1.416125550430e-01 7.6859161e-06
485 0.00 1.406942222346e-01 7.7448207e-06
486 0.00 1.411984975401e-01 1.2785118e-05
487 0.00 1.412299483378e-01 5.3950825e-06
488 0.00 1.412899528644e-01 3.0943325e-06
489 0.00 1.427135902015e-01 4.1592141e-06
490 0.00 1.403862035143e-01 2.2062682e-06
491 0.00 1.426910436214e-01 7.9092290e-06
492 0.00 1.398559313927e-01 3.6284233e-06
493 0.00 1.383876411974e-01 1.5613757e-05
494 0.00 1.404345527731e-01 4.9996262e-06
495 0.00 1.404673508038e-01 5.3638243e-06
496 0.00 1.420430357878e-01 5.1099245e-06
497 0.00 1.432272371433e-01 1.1270704e-05
498 0.00 1.373297568161e-01 1.0201268e-05
499 0.00 1.434444216558e-01 8.0599914e-06
500 0.00 1.368051068371e-01 6.8877606e-06
1 0.25 1.402179927869e-01 5.7201418e-06
2 0.25 1.395574971840e-01 1.9525200e-05
3 0.25 1.348350461962e-01 3.2322684e-06
4 0.25 1.374785173795e-01 5.9354071e-06
5 0.25 1.352232756122e-01 9.0178016e-06
6 0.25 1.403664420504e-01 1.1082166e-05
7 0.25 1.386582980314e-01 7.3339790e-06
8 0.25 1.390580563755e-01 7.5351809e-06
9 0.25 1.364175736862e-01 3.2772285e-06
10 0.25 1.358346387793e-01 3.9237550e-06
11 0.25 1.402953683542e-01 6.0073348e-06
12 0.25 1.391557612563e-01 9.6874565e-06
13 0.25 1.379489767349e-01 1.0353461e-05
14 0.25 1.382400541310e-01 5.8664754e-06
15 0.25 1.368635844616e-01 2.6384011e-06
16 0.25 1.391339636882e-01 7.9106782e-06
17 0.25 1.360149946959e-01 1.3462693e-05
18 0.25 1.380541496672e-01 8.0303951e-06
19 0.25 1.391959825495e-01 7.4177615e-06
20 0.25 1.369521211855e-01 4.5358327e-06
21 0.25 1.403606358610e-01 7.9074599e-06
22 0.25 1.365209588974e-01 1.1260835e-05
23 0.25 1.405388230103e-01 7.8896958e-06
24 0.25 1.411982659317e-01 6.6936360e-06
25 0.25 1.372908133198e-01 2.8755015e-06
26 0.25 1.373003363135e-01 5.6028976e-06
27 0.25 1.332646858691e-01 5.6300929e-06
28 0.25 1.381577111418e-01 9.1755226e-06
29 0.25 1.369336702779e-01 9.5288120e-06
30 0.25 1.404283662175e-01 3.8536371e-06
31 0.25 1.373873388057e-01 7.0508575e-06
32 0.25 1.357617612179e-01 6.0454610e-06
33 0.25 1.384701564246e-01 1.2371814e-05
34 0.25 1.368115420618e-01 1.2405635e-05
35 0.25 1.401631751079e-01 1.1525277e-05
36 0.25 1.403691351983e-01 9.4258170e-06
37 0.25 1.374927337222e-01 7.7891312e-06
38 0.25 1.354522324221e-01 6.4907376e-06
39 0.25 1.360675037312e-01 1.2454221e-05
40 0.25 1.367309247185e-01 1.1103225e-05
41 0.25 1.392553639518e-01 8.0991569e-06
42 0.25 1.369606372938e-01 5.1783166e-06
43 0.25 1.385146988363e-01 1.0642243e-05
44 0.25 1.356194501987e-01 1.9511421e-05
45 0.25 1.377871069644e-01 2.0727373e-06
46 0.25 1.361623779913e-01 4.1947980e-06
47 0.25 1.388753802791e-01 1.1672123e-05
48 0.25 1.364246986216e-01 1.4048084e-05
49 0.25 1.392922498143e-01 7.5759405e-06
50 0.25 1.373895313856e-01 5.0174451e-06
51 0.25 1.388730032545e-01 4.2031908e-06
52 0.25 1.364692248198e-01 1.3518950e-05
53 0.25 1.370588141033e-01 1.4320347e-05
54 0.25 1.389177206987e-01 2.9722742e-06
55 0.25 1.382922312765e-01 7.9110807e-06
56 0.25 1.365455953131e-01 1.2719888e-05
57 0.25 1.366341393631e-01 1.7221990e-05
58 0.25 1.361252211818e-01 3.9124255e-06
59 0.25 1.387458701674e-01 1.5259236e-05
60 0.25 1.389054203669e-01 9.8246354e-06
61 0.25 1.388932976278e-01 1.3129414e-05
62 0.25 1.394894363357e-01 7.8545529e-06
63 0.25 1.380591222234e-01 1.2114036e-05
64 0.25 1.378647306973e-01 3.2228364e-06
65 0.25 1.394293006753e-01 9.8459599e-06
66 0.25 1.366658291117e-01 9.3361326e-06
67 0.25 1.428991655290e-01 1.3450498e-05
68 0.25 1.376670045105e-01 1.1631167e-05
69 0.25 1.390004451426e-01 1.0313439e-05
70 0.25 1.313362061233e-01 4.2290524e-06
71 0.25 1.417003348010e-01 1.6281716e-05
72 0.25 1.362789083463e-01 7.5527634e-06
73 0.25 1.382434132674e-01 7.3914496e-06
74 0.25 1.410316396930e-01 8.9230894e-06
75 0.25 1.360870114647e-01 6.7985304e-06
76 0.25 1.366259929598e-01 1.2327143e-05
77 0.25 1.392578050182e-01 1.0666113e-05
78 0.25 1.412011559660e-01 6.8185985e-06
79 0.25 1.389044097941e-01 3.6218039e-06
80 0.25 1.416934629830e-01 4.2398038e-06
81 0.25 1.343949561581e-01 3.4420745e-06
82 0.25 1.364958124845e-01 1.4088274e-05
83 0.25 1.339474669809e-01 1.5428277e-05
84 0.25 1.393982658499e-01 5.4207047e-06
85 0.25 1.384481045574e-01 4.3855372e-06
86 0.25 1.393383071382e-01 1.6090733e-05
87 0.25 1.385975357111e-01 3.8383639e-06
88 0.25 1.375099715351e-01 8.9765860e-06
89 0.25 1.390674945803e-01 9.0508264e-06
90 0.25 1.372460974361e-01 9.0300590e-06
91 0.25 1.393605882078e-01 1.1597571e-05
92 0.25 1.392974128025e-01 8.4333311e-06
93 0.25 1.371314652470e-01 1.3438023e-05
94 0.25 1.367610517038e-01 1.6751516e-05
95 0.25 1.392955630308e-01 5.9464204e-06
96 0.25 1.355829212987e-01 8.1450386e-06
97 0.25 1.387734680351e-01 1.7694266e-05
98 0.25 1.377154787446e-01 1.2808816e-05
99 0.25 1.352856150410e-01 9.3936739e-06
100 0.25 1.365876233756e-01 1.2161857e-05
101 0.25 1.368302769314e-01 6.2702631e-06
102 0.25 1.387874669976e-01 1.6664818e-05
103 0.25 1.365942455533e-01 3.7981531e-06
104 0.25 1.383271164952e-01 3.6960145e-06
105 0.25 1.361161715226e-01 2.8137231e-05
106 0.25 1.363736983544e-01 4.0783104e-06
107 0.25 1.326096871260e-01 5.4944739e-06
108 0.25 1.370747666462e-01 6.3578872e-06
109 0.25 1.404749142523e-01 7.0219703e-06
110 0.25 1.338666674229e-01 7.5115499e-06
111 0.25 1.392827445690e-01 4.4828126e-06
112 0.25 1.378209343624e-01 9.3158434e-06
113 0.25 1.369519475495e-01 1.1087496e-05
114 0.25 1.383375302682e-01 6.9551274e-06
115 0.25 1.325798318935e-01 5.0945654e-06
116 0.25 1.440710810256e-01 1.0150255e-05
117 0.25 1.373348379025e-01 9.2818428e-06
118 0.25 1.407025756820e-01 2.4993943e-06
119 0.25 1.355425806077e-01 1.8617036e-05
120 0.25 1.386966745405e-01 3.4967374e-06
121 0.25 1.403333511348e-01 3.3664083e-06
122 0.25 1.392848381525e-01 8.4702903e-06
123 0.25 1.343127469087e-01 1.1073407e-05
124 0.25 1.404086656629e-01 9.6284812e-06
125 0.25 1.367202769837e-01 1.0082678e-05
126 0.25 1.413848813951e-01 5.6307925e-06
127 0.25 1.376978051272e-01 1.5365668e-05
128 0.25 1.388430285960e-01 7.3566296e-06
129 0.25 1.385078130352e-01 5.5453613e-06
130 0.25 1.385714946910e-01 7.3377684e-06
131 0.25 1.391552261266e-01 4.3624210e-06
132 0.25 1.367755874343e-01 1.4798623e-05
133 0.25 1.399946096178e-01 6.6268518e-06
134 0.25 1.376738880694e-01 6.7873468e-06
135 0.25 1.364374980971e-01 4.4782622e-06
136 0.25 1.391250377046e-01 9.4375450e-06
137 0.25 1.379936858828e-01 1.3258499e-05
138 0.25 1.363219635861e-01 4.8120741e-06
139 0.25 1.372015664701e-01 1.7069330e-05
140 0.25 1.378198560687e-01 2.3617621e-05
141 0.25 1.410632821320e-01 4.3558528e-06
142 0.25 1.406843407781e-01 1.2451408e-05
143 0.25 1.362793114815e-01 1.0568278e-05
144 0.25 1.367388840584e-01 9.4390578e-06
145 0.25 1.378515835583e-01 9.9400447e-06
146 0.25 1.394192955577e-01 7.0203921e-06
147 0.25 1.384781841462e-01 1.1768908e-05
148 0.25 1.369226664598e-01 3.9470862e-06
149 0.25 1.376685715865e-01 7.6979431e-06
150 0.25 1.365282975841e-01 5.8499086e-06
151 0.25 1.402139043526e-01 7.7658548e-06
152 0.25 1.366659163677e-01 3.6878735e-06
153 0.25 1.353164604182e-01 1.6196582e-05
154 0.25 1.359728703046e-01 4.6163532e-06
155 0.25 1.394100297187e-01 5.1183770e-06
156 0.25 1.365983737204e-01 6.4022913e-06
157 0.25 1.350294485592e-01 5.2594562e-06
158 0.25 1.368430349180e-01 7.2211758e-06
159 0.25 1.381642776307e-01 1.0608759e-05
160 0.25 1.356921134400e-01 1.7723942e-05
161 0.25 1.415871960095e-01 1.5590842e-05
162 0.25 1.336306088485e-01 8.5878582e-06
163 0.25 1.386428484988e-01 8.8829087e-06
164 0.25 1.407731068512e-01 9.3457429e-06
165 0.25 1.392174188047e-01 1.2877880e-05
166 0.25 1.401494841446e-01 5.4638142e-06
167 0.25 1.354323915128e-01 6.8386329e-06
168 0.25 1.379862639663e-01 1.9985241e-05
169 0.25 1.388564980572e-01 4.2433938e-06
170 0.25 1.394729048532e-01 5.3902282e-06
171 0.25 1.329453303359e-01 1.8145072e-06
172 0.25 1.401293689821e-01 8.8160514e-06
173 0.25 1.375958852252e-01 4.2855637e-06
174 0.25 1.422279396833e-01 9.1369661e-06
175 0.25 1.365367133720e-01 6.2276785e-06
176 0.25 1.400647325620e-01 3.2000634e-05
177 0.25 1.369042556993e-01 8.4321590e-06
178 0.25 1.407869207054e-01 9.7871391e-06
179 0.25 1.362411321342e-01 7.8927359e-06
180 0.25 1.391884163391e-01 2.6706097e-06
181 0.25 1.371596573906e-01 1.1700450e-05
182 0.25 1.404097909554e-01 1.0500961e-05
183 0.25 1.370399627648e-01 1.1890393e-05
184 0.25 1.352184124850e-01 1.5949060e-05
185 0.25 1.412586249514e-01 1.2610529e-05
186 0.25 1.382951701069e-01 7.6642835e-06
187 0.25 1.349627139418e-01 9.7922049e-06
188 0.25 1.381644729135e-01 1.6768547e-05
189 0.25 1.354569026788e-01 3.5581628e-06
190 0.25 1.397393760761e-01 6.4578134e-06
191 0.25 1.382684655621e-01 1.1210050e-05
192 0.25 1.414869115661e-01 3.6096794e-06
193 0.25 1.360010915133e-01 8.3972079e-06
194 0.25 1.411055872657e-01 3.4845227e-06
195 0.25 1.382591811573e-01 4.8826135e-06
196 0.25 1.399938815357e-01 1.9392688e-05
197 0.25 1.374868759402e-01 1.5674677e-05
198 0.25 1.386088218173e-01 3.9949630e-06
199 0.25 1.371951535335e-01 4.7534086e-06
200 0.25 1.406619874909e-01 1.4566707e-05
201 0.25 1.375153552622e-01 9.0879496e-06
202 0.25 1.359314738787e-01 1.2682966e-05
203 0.25 1.412567512066e-01 9.3131978e-06
204 0.25 1.326960401997e-01 8.3938784e-06
205 0.25 1.385414016303e-01 3.1476364e-06
206 0.25 1.368871631917e-01 6.2531877e-06
207 0.25 1.397326735272e-01 1.6504208e-05
208 0.25 1.400714827277e-01 1.0996756e-05
209 0.25 1.368114479744e-01 4.3920884e-06
210 0.25 1.407658411883e-01 1.0021863e-05
211 0.25 1.381773341559e-01 1.0708584e-05
212 0.25 1.344203509222e-01 5.7508300e-06
213 0.25 1.435239658337e-01 6.2725625e-06
214 0.25 1.353795858836e-01 1.4036218e-05
215 0.25 1.359612017937e-01 4.2656350e-06
216 0.25 1.398350856067e-01 1.1302178e-05
217 0.25 1.395628390159e-01 8.7121281e-06
218 0.25 1.366484325586e-01 5.1202076e-06
219 0.25 1.383824205074e-01 4.2135374e-06
220 0.25 1.389434506610e-01 7.9601064e-06
221 0.25 1.377697792861e-01 5.6355827e-06
222 0.25 1.374986608392e-01 1.5997059e-05
223 0.25 1.365946091328e-01 1.1860477e-05
224 0.25 1.354622068173e-01 8.2203823e-06
225 0.25 1.373805300668e-01 8.1077644e-06
226 0.25 1.365226071401e-01 8.0440119e-06
227 0.25 1.378579220664e-01 1.2686881e-05
228 0.25 1.397516473898e-01 8.8119920e-06
229 0.25 1.364525530865e-01 1.4539432e-05
230 0.25 1.412114421582e-01 5.0963686e-06
231 0.25 1.374985842786e-01 1.0541339e-05
232 0.25 1.385811794703e-01 5.8551443e-06
233 0.25 1.393758385127e-01 1.0297251e-05
234 0.25 1.404149973703e-01 7.1372503e-06
235 0.25 1.337515150443e-01 1.0892861e-05
236 0.25 1.377089793600e-01 7.4294121e-06
237 0.25 1.353347147872e-01 7.2988873e-06
238 0.25 1.350966473904e-01 5.6128442e-06
239 0.25 1.385599823519e-01 6.6384897e-06
240 0.25 1.384054236325e-01 9.1668073e-06
241 0.25 1.407763188523e-01 1.9013440e-05
242 0.25 1.380032637529e-01 1.0623470e-05
243 0.25 1.377002815000e-01 8.8306709e-06
244 0.25 1.404555942709e-01 1.7916986e-05
245 0.25 1.418200294736e-01 3.4843619e-06
246 0.25 1.413532581505e-01 1.0532679e-05
247 0.25 1.329964431571e-01 1.8450376e-05
248 0.25 1.372363387588e-01 1.5751462e-05
249 0.25 1.356940111520e-01 5.1746064e-06
250 0.25 1.375666188387e-01 2.4407163e-06
251 0.25 1.380317399537e-01 4.1267185e-06
252 0.25 1.398282509910e-01 6.5172110e-06
253 0.25 1.356138478509e-01 6.2122767e-06
254 0.25 1.351505600801e-01 6.2533778e-06
255 0.25 1.368101384396e-01 9.5203785e-06
256 0.25 1.376327025293e-01 2.8499627e-06
257 0.25 1.354855408764e-01 9.9950772e-06
258 0.25 1.407329889441e-01 1.6967844e-05
259 0.25 1.367877432840e-01 1.4406849e-05
260 0.25 1.409091344248e-01 8.0702754e-06
261 0.25 1.356599019683e-01 5.3464764e-06
262 0.25 1.379583071172e-01 4.9134077e-06
263 0.25 1.380267727553e-01 9.6673863e-06
264 0.25 1.405716572293e-01 1.3450806e-05
265 0.25 1.413632121317e-01 8.0065308e-06
266 0.25 1.363596164125e-01 8.1662570e-06
267 0.25 1.387605913711e-01 1.4742130e-05
268 0.25 1.408895578154e-01 9.0558522e-06
269 0.25 1.376333001066e-01 1.1844287e-05
270 0.25 1.374263866791e-01 1.6330306e-05
271 0.25 1.333087331951e-01 4.1704406e-06
272 0.25 1.380713415077e-01 9.3104824e-06
273 0.25 1.385399595133e-01 6.2903214e-06
274 0.25 1.374004837723e-01 7.6720129e-06
275 0.25 1.393844683234e-01 9.0879133e-06
276 0.25 1.384042777313e-01 6.0015729e-06
277 0.25 1.346843859245e-01 1.0953244e-05
278 0.25 1.381801603110e-01 4.4810137e-06
279 0.25 1.372352925369e-01 1.7385819e-05
280 0.25 1.357093229447e-01 1.3606816e-05
281 0.25 1.349892357874e-01 7.0811890e-06
282 0.25 1.395274622529e-01 5.3474708e-06
283 0.25 1.380464692538e-01 1.4427412e-05
284 0.25 1.344847875595e-01 1.3913011e-05
285 0.25 1.387582788405e-01 1.1640880e-05
286 0.25 1.377782235780e-01 9.9063605e-06
287 0.25 1.369391072960e-01 8.1554817e-06
288 0.25 1.340741769406e-01 3.8451025e-06
289 0.25 1.361804914270e-01 1.1080507e-05
290 0.25 1.392007089188e-01 1.5006378e-05
291 0.25 1.397357975340e-01 5.1393846e-06
292 0.25 1.362628061827e-01 2.7023568e-06
293 0.25 1.383463404800e-01 8.6059301e-06
294 0.25 1.395819667866e-01 1.1891306e-05
295 0.25 1.399659908047e-01 1.6290078e-05
296 0.25 1.381025099835e-01 6.2535107e-06
297 0.25 1.379894516142e-01 8.7690228e-06
298 0.25 1.367733790959e-01 7.9403951e-06
299 0.25 1.405886318445e-01 5.6679262e-06
300 0.25 1.394149304812e-01 9.0586082e-06
301 0.25 1.379214412926e-01 5.3197556e-06
302 0.25 1.379496611357e-01 6.3252974e-06
303 0.25 1.363752451485e-01 9.9400753e-06
304 0.25 1.381799065321e-01 2.0487839e-05
305 0.25 1.356945815503e-01 1.0520308e-05
306 0.25 1.419935182503e-01 4.0697691e-06
307 0.25 1.348049331739e-01 9.1938174e-06
308 0.25 1.371645296627e-01 3.9261544e-06
309 0.25 1.357818630341e-01 4.9466392e-06
310 0.25 1.382010232944e-01 4.7061923e-06
311 0.25 1.381865626161e-01 3.0454774e-06
312 0.25 1.382164197160e-01 4.4973881e-06
313 0.25 1.379717609996e-01 5.9906420e-06
314 0.25 1.371787971729e-01 7.5246679e-06
315 0.25 1.387283332803e-01 7.4368134e-06
316 0.25 1.372936315994e-01 1.6171637e-05
317 0.25 1.354901598141e-01 4.4322744e-06
318 0.25 1.404300664247e-01 1.3665797e-05
319 0.25 1.359482755553e-01 1.0347059e-05
320 0.25 1.356318849288e-01 8.0628380e-06
321 0.25 1.413556817360e-01 8.7286968e-06
322 0.25 1.357990025525e-01 8.7969911e-06
323 0.25 1.390258952833e-01 7.8884834e-06
324 0.25 1.374989492385e-01 9.7071956e-06
325 0.25 1.404123022974e-01 5.4846684e-06
326 0.25 1.392997028838e-01 5.2252894e-06
327 0.25 1.422110594853e-01 4.3131856e-06
328 0.25 1.374120823708e-01 7.1474540e-06
329 0.25 1.367077458374e-01 4.6797028e-06
330 0.25 1.404721436281e-01 1.5491887e-05
331 0.25 1.363596732547e-01 1.1794055e-05
332 0.25 1.392190565429e-01 1.1082363e-05
333 0.25 1.380311904197e-01 1.2060736e-05
334 0.25 1.374317404055e-01 6.9457730e-06
335 0.25 1.380474916171e-01 5.1862932e-06
336 0.25 1.372053520140e-01 1.7913758e-05
337 0.25 1.384719581125e-01 6.9536101e-06
338 0.25 1.381007100997e-01 8.2967798e-06
339 0.25 1.369535667304e-01 6.3883688e-06
340 0.25 1.387845514837e-01 7.8677610e-06
341 0.25 1.382572208636e-01 1.2723262e-05
342 0.25 1.371202819285e-01 1.2176405e-05
343 0.25 1.376321123300e-01 9.4912789e-06
344 0.25 1.355425848981e-01 8.1411665e-06
345 0.25 1.390066712484e-01 1.3989679e-05
346 0.25 1.376565132026e-01 1.8721054e-05
347 0.25 1.356868908678e-01 1.2461573e-05
348 0.25 1.393735634852e-01 8.6653900e-06
349 0.25 1.386810758488e-01 1.6575472e-05
350 0.25 1.394674697497e-01 1.2842593e-05
351 0.25 1.404253235576e-01 1.4366796e-05
352 0.25 1.369777239895e-01 9.2794398e-06
353 0.25 1.373879799317e-01 1.6616522e-06
354 0.25 1.350766425526e-01 9.0387767e-06
355 0.25 1.374192572712e-01 7.8135735e-06
356 0.25 1.414305296783e-01 5.6664774e-06
357 0.25 1.391114239538e-01 1.2714342e-05
358 0.25 1.380320693670e-01 6.4590152e-06
359 0.25 1.383160597334e-01 5.5842985e-06
360 0.25 1.400312489988e-01 6.4335573e-06
361 0.25 1.362188882494e-01 5.0309989e-06
362 0.25 1.393767875700e-01 1.7372929e-05
363 0.25 1.324283487666e-01 1.3030915e-05
364 0.25 1.398465145210e-01 1.2066431e-05
365 0.25 1.373037832306e-01 1.1514123e-05
366 0.25 1.393445159423e-01 1.1551627e-05
367 0.25 1.380374664310e-01 1.1810597e-05
368 0.25 1.392079217919e-01 4.6883967e-06
369 0.25 1.382988950816e-01 1.0534955e-05
370 0.25 1.401166593031e-01 1.0949287e-05
371 0.25 1.388041348213e-01 2.1031039e-05
372 0.25 1.361615624689e-01 6.5243085e-06
373 0.25 1.363622538001e-01 3.9630906e-06
374 0.25 1.390430952245e-01 6.2306520e-06
375 0.25 1.387302921620e-01 2.1333895e-05
376 0.25 1.332097200766e-01 1.2220025e-05
377 0.25 1.388464302573e-01 2.7052469e-06
378 0.25 1.371526606943e-01 1.2818281e-05
379 0.25 1.412173172212e-01 2.4264975e-05
380 0.25 1.346635816567e-01 1.1743226e-05
381 0.25 1.397259796556e-01 1.2100354e-05
382 0.25 1.390744476240e-01 5.8069971e-06
383 0.25 1.358956885639e-01 9.5344820e-06
384 0.25 1.390847849443e-01 6.7843978e-06
385 0.25 1.381249621665e-01 8.0446785e-06
386 0.25 1.386263040739e-01 8.9066364e-06
387 0.25 1.381972892375e-01 1.1161642e-05
388 0.25 1.389052199378e-01 1.3747505e-05
389 0.25 1.394077470878e-01 1.1417652e-05
390 0.25 1.366731116107e-01 1.0841733e-05
391 0.25 1.424057049117e-01 1.1786251e-05
392 0.25 1.370960843873e-01 9.6882627e-06
393 0.25 1.383935743053e-01 6.3277919e-06
394 0.25 1.377832556148e-01 5.4465373e-06
395 0.25 1.405966452765e-01 1.2123356e-05
396 0.25 1.361664456568e-01 4.7764488e-06
397 0.25 1.414073185417e-01 1.9377495e-05
398 0.25 1.390042058382e-01 9.4532346e-06
399 0.25 1.369522162125e-01 2.0060500e-06
400 0.25 1.381144248295e-01 1.4930163e-05
401 0.25 1.436370574058e-01 5.3664090e-06
402 0.25 1.346401770328e-01 1.0211422e-05
403 0.25 1.377643809687e-01 8.2679940e-06
404 0.25 1.374403132738e-01 5.8343309e-06
405 0.25 1.383852847728e-01 7.9209695e-06
406 0.25 1.396320714520e-01 8.8617892e-06
407 0.25 1.339901538863e-01 6.8291944e-06
408 0.25 1.372154665479e-01 5.4324089e-06
409 0.25 1.357580450094e-01 2.4496624e-05
410 0.25 1.424659303534e-01 5.4479544e-06
411 0.25 1.366903946469e-01 1.2955504e-05
412 0.25 1.365217682686e-01 3.4044825e-06
413 0.25 1.393439155786e-01 1.2787229e-05
414 0.25 1.395409394025e-01 6.6282363e-06
415 0.25 1.362345784167e-01 1.2514634e-05
416 0.25 1.383034593917e-01 1.0244910e-05
417 0.25 1.389399169466e-01 7.5144698e-06
418 0.25 1.358580009323e-01 4.9652285e-06
419 0.25 1.379692295587e-01 6.0004816e-06
420 0.25 1.352560223822e-01 4.8432861e-06
421 0.25 1.399574429523e-01 1.4965279e-05
422 0.25 1.405321812257e-01 1.2908564e-05
423 0.25 1.371972633610e-01 9.1071507e-06
424 0.25 1.387869433402e-01 1.1081463e-05
425 0.25 1.389110591239e-01 1.7456075e-05
426 0.25 1.427520683089e-01 7.9119979e-06
427 0.25 1.386765493107e-01 8.5361276e-06
428 0.25 1.361747385950e-01 5.3579049e-06
429 0.25 1.363408688558e-01 5.1976140e-06
430 0.25 1.364844280629e-01 1.2260421e-05
431 0.25 1.417821284274e-01 1.8440388e-05
432 0.25 1.373324168410e-01 9.6379405e-06
433 0.25 1.374005795087e-01 4.8045383e-06
434 0.25 1.380125027817e-01 9.2240740e-06
435 0.25 1.369358562805e-01 1.3519272e-05
436 0.25 1.389543666653e-01 5.0149707e-06
437 0.25 1.359815955434e-01 1.7412766e-05
438 0.25 1.348576357678e-01 1.5068668e-05
439 0.25 1.362199026779e-01 4.1733441e-06
440 0.25 1.432654093207e-01 6.6749296e-06
441 0.25 1.411173113467e-01 9.3313475e-06
442 0.25 1.394352658891e-01 1.7767260e-05
443 0.25 1.379225133379e-01 1.1702219e-05
444 0.25 1.399172088951e-01 1.2575308e-05
445 0.25 1.383147602817e-01 5.4286857e-06
446 0.25 1.366797018094e-01 1.5090636e-05
447 0.25 1.400794406977e-01 4.5337268e-06
448 0.25 1.399412192431e-01 6.3889498e-06
449 0.25 1.376326506720e-01 1.1121760e-05
450 0.25 1.409275445682e-01 7.1807901e-06
451 0.25 1.366518973091e-01 6.3423188e-06
452 0.25 1.363486431734e-01 7.2748560e-06
453 0.25 1.368228487382e-01 6.9795270e-06
454 0.25 1.362964520467e-01 1.4194299e-05
455 0.25 1.331721780073e-01 5.5410219e-06
456 0.25 1.358901297223e-01 1.0025035e-05
457 0.25 1.379982751336e-01 1.5251488e-05
458 0.25 1.335408184514e-01 1.1616605e-05
459 0.25 1.386473191307e-01 1.8566775e-06
460 0.25 1.380632389461e-01 9.5275240e-06
461 0.25 1.372746687734e-01 4.6150729e-06
462 0.25 1.343964012547e-01 1.5443539e-05
463 0.25 1.356108803215e-01 5.4342843e-06
464 0.25 1.342587549939e-01 5.8693841e-06
465 0.25 1.380820881107e-01 3.0399454e-06
466 0.25 1.359116285340e-01 8.1340791e-06
467 0.25 1.387153694993e-01 6.5969113e-06
468 0.25 1.403653388049e-01 4.5960261e-06
469 0.25 1.342829724191e-01 5.3694407e-06
470 0.25 1.382189001161e-01 1.0370097e-05
471 0.25 1.371556312902e-01 6.7786109e-06
472 0.25 1.356414611819e-01 7.7625860e-06
473 0.25 1.359253041125e-01 1.3084061e-05
474 0.25 1.400893948492e-01 1.0460813e-05
475 0.25 1.370926756192e-01 1.0172233e-05
476 0.25 1.396232066354e-01 5.7082158e-06
477 0.25 1.385365636060e-01 2.2740034e-05
478 0.25 1.360691654926e-01 8.8887527e-06
479 0.25 1.367484995748e-01 9.0636824e-06
480 0.25 1.365417105677e-01 6.4446762e-06
481 0.25 1.398098836889e-01 8.3518107e-06
482 0.25 1.353049363764e-01 5.2420689e-06
483 0.25 1.398175085951e-01 5.5123846e-06
484 0.25 1.385754630603e-01 1.0743467e-05
485 0.25 1.403462006693e-01 1.7349578e-05
486 0.25 1.394323960442e-01 1.9142732e-05
487 0.25 1.397170368744e-01 1.8263429e-05
488 0.25 1.394481329548e-01 4.2292572e-06
489 0.25 1.377308560232e-01 7.8199658e-06
490 0.25 1.381085334783e-01 5.8486060e-06
491 0.25 1.377315917488e-01 5.3263865e-06
492 0.25 1.384149251267e-01 1.4777622e-05
493 0.25 1.377620361106e-01 6.9958071e-06
494 0.25 1.397305572022e-01 7.4484387e-06
495 0.25 1.382675892822e-01 1.7612574e-05
496 0.25 1.379652791224e-01 7.7431166e-06
497 0.25 1.413384898082e-01 8.2692701e-06
498 0.25 1.368344326218e-01 7.4834843e-06
499 0.25 1.398955683122e-01 1.1119904e-05
500 0.25 1.356113360819e-01 9.2050833e-06
1 0.50 1.390235786795e-01 2.0976850e-05
2 0.50 1.372354177668e-01 1.3258435e-05
3 0.50 1.324596489536e-01 8.6601519e-06
4 0.50 1.368593653772e-01 8.1950554e-06
5 0.50 1.312288020440e-01 6.7277074e-06
6 0.50 1.382661568680e-01 8.7418862e-06
7 0.50 1.373982107041e-01 8.9373907e-06
8 0.50 1.361831960651e-01 5.6930415e-06
9 0.50 1.349425531196e-01 1.1489264e-05
10 0.50 1.320961244116e-01 2.2426525e-06
11 0.50 1.404783697516e-01 4.5343570e-06
12 0.50 1.368233291709e-01 4.4872979e-06
13 0.50 1.368092771128e-01 1.7421386e-05
14 0.50 1.373468519363e-01 6.2613162e-06
15 0.50 1.342035086312e-01 1.4729702e-05
16 0.50 1.374272921792e-01 5.8956627e-06
17 0.50 1.343122311959e-01 5.7487029e-06
18 0.50 1.348115471640e-01 4.1654730e-06
19 0.50 1.362441258433e-01 8.5130937e-06
20 0.50 1.343231439633e-01 4.7957516e-06
21 0.50 1.379698612449e-01 2.0079206e-05
22 0.50 1.362383971032e-01 1.4715866e-05
23 0.50 1.382290015846e-01 1.4048237e-05
24 0.50 1.405890695132e-01 7.2928476e-06
25 0.50 1.343661277977e-01 5.6440643e-06
26 0.50 1.339057328868e-01 1.0215751e-05
27 0.50 1.310685805728e-01 1.2964588e-05
28 0.50 1.370685210109e-01 1.2711960e-05
29 0.50 1.347868611936e-01 1.1110946e-05
30 0.50 1.401936407574e-01 1.5050191e-05
31 0.50 1.366561771874e-01 4.5209352e-06
32 0.50 1.355670418351e-01 6.7945472e-06
33 0.50 1.361277204383e-01 1.7287615e-05
34 0.50 1.367237312442e-01 1.8356286e-05
35 0.50 1.351090141910e-01 1.0725159e-05
36 0.50 1.388840405587e-01 6.3602000e-06
37 0.50 1.381648746267e-01 1.1004997e-05
38 0.50 1.345389999406e-01 8.8183019e-06
39 0.50 1.343289772768e-01 1.3964052e-05
40 0.50 1.336848980083e-01 1.1752642e-05
41 0.50 1.365115334774e-01 1.0188865e-05
42 0.50 1.368683969915e-01 1.0215400e-05
43 0.50 1.357312076404e-01 3.5701660e-06
44 0.50 1.350344941183e-01 1.3559663e-05
45 0.50 1.344768626844e-01 8.8385519e-06
46 0.50 1.332633714723e-01 1.2294924e-05
47 0.50 1.357901417853e-01 1.4334405e-05
48 0.50 1.334516234737e-01 8.0672657e-06
49 0.50 1.390440284289e-01 7.2646129e-06
50 0.50 1.337788058168e-01 1.5472388e-05
51 0.50 1.372436500409e-01 5.4513739e-06
52 0.50 1.343393353576e-01 6.8112304e-06
53 0.50 1.336251389831e-01 1.1035222e-05
54 0.50 1.390216510160e-01 8.8514340e-06
55 0.50 1.333653477242e-01 1.1834117e-05
56 0.50 1.327498887613e-01 2.2638970e-05
57 0.50 1.350688098729e-01 4.4606907e-06
58 0.50 1.364698940892e-01 5.7274170e-06
59 0.50 1.340229030597e-01 8.6182335e-06
60 0.50 1.366004630482e-01 7.6305873e-06
61 0.50 1.378591678678e-01 8.8863794e-06
62 0.50 1.372340693659e-01 3.3188322e-06
63 0.50 1.359821454399e-01 7.2113829e-06
64 0.50 1.353859146970e-01 1.0347981e-05
65 0.50 1.382435644623e-01 7.9182979e-06
66 0.50 1.339287587300e-01 6.0883881e-06
67 0.50 1.408038500433e-01 1.7052344e-05
68 0.50 1.343143027420e-01 8.8157029e-06
69 0.50 1.372053318091e-01 9.1056008e-06
70 0.50 1.314411693968e-01 5.3759581e-06
71 0.50 1.353218674119e-01 4.5888007e-06
72 0.50 1.328931575047e-01 5.2931766e-06
73 0.50 1.366862856118e-01 1.1315426e-05
74 0.50 1.388864914383e-01 1.9625589e-05
75 0.50 1.335436079666e-01 9.3612471e-06
76 0.50 1.365914563432e-01 7.2252408e-06
77 0.50 1.379073495057e-01 4.4323148e-06
78 0.50 1.375758472432e-01 1.2821275e-05
79 0.50 1.372731354789e-01 6.3523483e-06
80 0.50 1.377609719891e-01 1.0129734e-05
81 0.50 1.344831044689e-01 6.3861418e-06
82 0.50 1.347719627205e-01 6.2091970e-06
83 0.50 1.323473342623e-01 1.4462404e-05
84 0.50 1.365572741182e-01 1.0175662e-05
85 0.50 1.346414021992e-01 6.4565747e-06
86 0.50 1.372010655061e-01 3.3546798e-06
87 0.50 1.365452434003e-01 5.0762931e-06
88 0.50 1.339690095124e-01 7.5462604e-06
89 0.50 1.361053166493e-01 7.6953065e-06
90 0.50 1.367151097388e-01 5.4449577e-06
91 0.50 1.353089847937e-01 1.0740494e-05
92 0.50 1.384742483761e-01 1.1689964e-05
93 0.50 1.363150469616e-01 2.1037172e-05
94 0.50 1.378519211616e-01 1.9246516e-05
95 0.50 1.386265460835e-01 9.3005973e-06
96 0.50 1.335420465510e-01 1.0706190e-05
97 0.50 1.378424449519e-01 8.4819325e-06
98 0.50 1.361085067960e-01 7.5283835e-06
99 0.50 1.333866475767e-01 1.6874295e-05
100 0.50 1.353736331166e-01 3.4921684e-06
101 0.50 1.369380298147e-01 7.2520200e-06
102 0.50 1.358904326446e-01 6.2844812e-06
103 0.50 1.369397762706e-01 3.6551841e-06
104 0.50 1.355356046865e-01 4.6112857e-06
105 0.50 1.333240194647e-01 3.4840306e-06
106 0.50 1.340827440873e-01 9.2933754e-06
107 0.50 1.298535218118e-01 6.5990437e-06
108 0.50 1.350701998154e-01 1.3479296e-05
109 0.50 1.392248854534e-01 6.3533867e-06
110 0.50 1.343027299050e-01 1.2376688e-05
111 0.50 1.383168257872e-01 1.0720949e-05
112 0.50 1.365731732177e-01 4.7239514e-06
113 0.50 1.345669822266e-01 1.2421817e-05
114 0.50 1.354974032094e-01 8.0202603e-06
115 0.50 1.321733870624e-01 6.6464128e-06
116 0.50 1.383464809640e-01 1.2594822e-05
117 0.50 1.352501045696e-01 5.8559744e-06
118 0.50 1.381241356650e-01 4.1344644e-06
119 0.50 1.347412766554e-01 1.1466474e-05
120 0.50 1.391238160034e-01 7.2305504e-06
121 0.50 1.358987362495e-01 3.2174666e-06
122 0.50 1.367913778608e-01 7.8665457e-06
123 0.50 1.325727162875e-01 5.4483496e-06
124 0.50 1.395563855305e-01 2.7490938e-06
125 0.50 1.353736084649e-01 2.9598345e-06
126 0.50 1.388846221730e-01 1.1864348e-05
127 0.50 1.329653224648e-01 8.0684588e-06
128 0.50 1.356409698608e-01 4.6500339e-06
129 0.50 1.368353767023e-01 8.4364402e-06
130 0.50 1.356853746744e-01 1.6481803e-05
131 0.50 1.359261835087e-01 5.4692964e-06
132 0.50 1.349553047377e-01 7.2300794e-06
133 0.50 1.373685340239e-01 1.0673612e-05
134 0.50 1.346234767419e-01 6.3491600e-06
135 0.50 1.330673213727e-01 9.3009200e-06
136 0.50 1.369715648144e-01 7.0934640e-06
137 0.50 1.393450529079e-01 1.3958545e-05
138 0.50 1.366202608251e-01 3.3112729e-06
139 0.50 1.338258894377e-01 4.9070486e-06
140 0.50 1.365031116729e-01 1.2609187e-05
141 0.50 1.394855555807e-01 5.0752437e-06
142 0.50 1.395784103909e-01 9.5487687e-06
143 0.50 1.347058164815e-01 1.1434225e-05
144 0.50 1.338446726385e-01 8.4950906e-06
145 0.50 1.350802206898e-01 6.5013423e-06
146 0.50 1.375009244971e-01 7.8888091e-06
147 0.50 1.370382352053e-01 1.1993300e-05
148 0.50 1.362255280390e-01 6.5283699e-06
149 0.50 1.367848459621e-01 8.2147207e-06
150 0.50 1.352660388532e-01 1.5000682e-05
151 0.50 1.358911669389e-01 2.7186230e-06
152 0.50 1.371494316199e-01 1.8375443e-05
153 0.50 1.338729655763e-01 6.6366298e-06
154 0.50 1.344730813217e-01 9.2012593e-06
155 0.50 1.387186120473e-01 8.2484381e-06
156 0.50 1.331756736227e-01 6.8965542e-06
157 0.50 1.365533125472e-01 1.8126720e-05
158 0.50 1.344782202410e-01 9.8106522e-06
159 0.50 1.380712914749e-01 2.3171498e-05
160 0.50 1.360275787743e-01 1.4086469e-05
161 0.50 1.394471831553e-01 1.2382824e-05
162 0.50 1.320451949639e-01 1.0235043e-05
163 0.50 1.368512399501e-01 9.6385918e-06
164 0.50 1.372975169232e-01 1.1044597e-05
165 0.50 1.356734228055e-01 7.9347455e-06
166 0.50 1.368444759734e-01 6.0158150e-06
167 0.50 1.331834552682e-01 1.2930239e-05
168 0.50 1.373614528693e-01 9.8163451e-06
169 0.50 1.358272276276e-01 6.8284616e-06
170 0.50 1.379037543773e-01 9.3983769e-06
171 0.50 1.342194884390e-01 5.9483701e-06
172 0.50 1.351956367929e-01 1.2634795e-05
173 0.50 1.357455830182e-01 7.0036982e-06
174 0.50 1.395608340577e-01 1.2476177e-05
175 0.50 1.331346086055e-01 9.4885561e-06
176 0.50 1.364943515044e-01 8.3412764e-06
177 0.50 1.347993804063e-01 5.9630930e-06
178 0.50 1.409054679030e-01 3.2053758e-05
179 0.50 1.311982503744e-01 6.6737938e-06
180 0.50 1.370757762242e-01 1.0298962e-05
181 0.50 1.344704052432e-01 1.2093454e-05
182 0.50 1.359431906305e-01 6.4137469e-06
183 0.50 1.338122949655e-01 9.0248752e-06
184 0.50 1.340491671018e-01 7.3967991e-06
185 0.50 1.392767339029e-01 4.8212602e-06
186 0.50 1.369110736605e-01 4.7999442e-06
187 0.50 1.340443626352e-01 1.3045716e-05
188 0.50 1.352378332007e-01 1.0284885e-05
189 0.50 1.355473660861e-01 1.3335819e-05
190 0.50 1.369549912617e-01 1.8582284e-05
191 0.50 1.354273419049e-01 2.3501150e-05
192 0.50 1.385812714378e-01 1.1337844e-05
193 0.50 1.327615572578e-01 4.6128518e-06
194 0.50 1.389945371067e-01 9.5104074e-06
195 0.50 1.378245288956e-01 1.6394397e-05
196 0.50 1.362154808230e-01 6.1353725e-06
197 0.50 1.333609495317e-01 6.4898190e-06
198 0.50 1.366984166560e-01 1.7674551e-05
199 0.50 1.351419672870e-01 5.3134833e-06
200 0.50 1.369656367311e-01 8.2668393e-06
201 0.50 1.325652586653e-01 1.0371582e-05
202 0.50 1.319911819465e-01 1.1452894e-05
203 0.50 1.386214081561e-01 1.9006070e-05
204 0.50 1.319977652537e-01 2.6123668e-06
205 0.50 1.363604909595e-01 8.0521641e-06
206 0.50 1.355985164157e-01 1.1885667e-05
207 0.50 1.367996395026e-01 1.1633292e-05
208 0.50 1.364236847335e-01 3.7237881e-06
209 0.50 1.365539529910e-01 8.3697888e-06
210 0.50 1.393890086312e-01 9.0665939e-06
211 0.50 1.368906154568e-01 5.8784102e-06
212 0.50 1.340047612082e-01 4.6523844e-06
213 0.50 1.422190019281e-01 2.1647836e-05
214 0.50 1.356080348044e-01 8.5333725e-06
215 0.50 1.338669806498e-01 5.2510367e-06
216 0.50 1.370013351308e-01 1.5117321e-05
217 0.50 1.378733568253e-01 5.6379932e-06
218 0.50 1.348443550751e-01 3.2647599e-06
219 0.50 1.381897775639e-01 6.7462842e-06
220 0.50 1.360675012289e-01 6.7358170e-06
221 0.50 1.353264236907e-01 6.2296760e-06
222 0.50 1.349879373836e-01 8.4882339e-06
223 0.50 1.346295322431e-01 5.2608834e-06
224 0.50 1.343855160195e-01 8.3936230e-06
225 0.50 1.352503480530e-01 9.6888170e-06
226 0.50 1.356284569981e-01 6.9855935e-06
227 0.50 1.369029939210e-01 1.7930118e-05
228 0.50 1.381659886716e-01 1.1842819e-05
229 0.50 1.342485690836e-01 7.5715208e-06
230 0.50 1.384805817628e-01 1.0308941e-05
231 0.50 1.353222145675e-01 8.8120142e-06
232 0.50 1.357205196363e-01 1.3054630e-05
233 0.50 1.366970007468e-01 3.2984236e-06
234 0.50 1.401790611784e-01 2.4581165e-05
235 0.50 1.326731738318e-01 2.4488228e-05
236 0.50 1.351447883815e-01 7.3694663e-06
237 0.50 1.332471516583e-01 1.1363724e-05
238 0.50 1.348877614509e-01 1.2574079e-05
239 0.50 1.370659103891e-01 7.7260620e-06
240 0.50 1.383610329535e-01 9.9308203e-06
241 0.50 1.382480732338e-01 8.1311018e-06
242 0.50 1.355771461222e-01 9.1509402e-06
243 0.50 1.368935069424e-01 5.0175264e-06
244 0.50 1.373872440511e-01 8.7970789e-06
245 0.50 1.382008854878e-01 7.7378981e-06
246 0.50 1.377858206337e-01 1.8612858e-05
247 0.50 1.321230348767e-01 5.3199453e-06
248 0.50 1.345811736780e-01 3.4997745e-06
249 0.50 1.332030571189e-01 1.5279633e-05
250 0.50 1.356928383810e-01 1.8959540e-05
251 0.50 1.362788897217e-01 1.4802138e-05
252 0.50 1.380203366547e-01 7.2968863e-06
253 0.50 1.347755246577e-01 6.3805488e-06
254 0.50 1.344870762482e-01 1.1408503e-05
255 0.50 1.373445056510e-01 3.2346189e-06
256 0.50 1.369713431016e-01 4.5905157e-06
257 0.50 1.334940568589e-01 5.7148762e-06
258 0.50 1.371297381171e-01 3.7967268e-06
259 0.50 1.325987861177e-01 2.4373959e-06
260 0.50 1.383530413299e-01 1.1038857e-05
261 0.50 1.333852827047e-01 1.5686430e-05
262 0.50 1.350500296602e-01 5.9848269e-06
263 0.50 1.349695572433e-01 8.2238314e-06
264 0.50 1.375084982032e-01 3.9586863e-06
265 0.50 1.362954182286e-01 4.5243823e-06
266 0.50 1.332498936431e-01 7.0542336e-06
267 0.50 1.347106357568e-01 1.2817169e-05
268 0.50 1.404283604314e-01 1.3562905e-05
269 0.50 1.365219234394e-01 1.0825289e-05
270 0.50 1.363502286849e-01 3.4740471e-06
271 0.50 1.336408932636e-01 1.0688435e-05
272 0.50 1.383906903012e-01 1.0985319e-05
273 0.50 1.365609662069e-01 8.3848012e-06
274 0.50 1.372903707013e-01 8.6155076e-06
275 0.50 1.365846161172e-01 8.8315711e-06
276 0.50 1.359273196246e-01 1.2970037e-05
277 0.50 1.341693003281e-01 2.7498355e-06
278 0.50 1.365257344594e-01 3.2935439e-06
279 0.50 1.335482262770e-01 7.6471087e-06
280 0.50 1.320189224261e-01 4.7147697e-06
281 0.50 1.352779891672e-01 9.4229165e-06
282 0.50 1.345567890782e-01 7.6585657e-06
283 0.50 1.355840413667e-01 1.0848887e-05
284 0.50 1.349526707545e-01 1.3256347e-05
285 0.50 1.356975005784e-01 4.8689005e-06
286 0.50 1.366008577040e-01 8.0654486e-06
287 0.50 1.359604714665e-01 7.1762288e-06
288 0.50 1.337915860435e-01 9.6406878e-06
289 0.50 1.346214700724e-01 5.5782332e-06
290 0.50 1.394929393333e-01 5.0463522e-06
291 0.50 1.357312877488e-01 1.1823766e-05
292 0.50 1.344225440575e-01 1.0197290e-05
293 0.50 1.368332757073e-01 4.4547454e-06
294 0.50 1.372119949060e-01 4.6358820e-06
295 0.50 1.400447376440e-01 3.9036117e-06
296 0.50 1.374629891781e-01 6.5412756e-06
297 0.50 1.359702076116e-01 1.4089104e-05
298 0.50 1.351492861461e-01 6.9270518e-06
299 0.50 1.401327569282e-01 1.6939123e-05
300 0.50 1.366087469398e-01 8.9663657e-06
301 0.50 1.357501373137e-01 7.1379309e-06
302 0.50 1.361430474971e-01 9.0999526e-06
303 0.50 1.355384379105e-01 3.4188959e-06
304 0.50 1.379973688800e-01 1.0145477e-05
305 0.50 1.314641779396e-01 8.4741317e-06
306 0.50 1.379623796239e-01 1.0568724e-05
307 0.50 1.317081149381e-01 8.9397628e-06
308 0.50 1.348498721401e-01 1.0821932e-05
309 0.50 1.352802017448e-01 5.5556183e-06
310 0.50 1.345045339446e-01 2.3677963e-06
311 0.50 1.361632434759e-01 7.6305204e-06
312 0.50 1.345763764657e-01 5.0830648e-06
313 0.50 1.356442237930e-01 2.5503061e-06
314 0.50 1.360039148155e-01 1.1543950e-05
315 0.50 1.351990837174e-01 1.8777710e-05
316 0.50 1.364777741760e-01 5.2794580e-06
317 0.50 1.358364420223e-01 9.1415250e-06
318 0.50 1.370548989259e-01 6.6554117e-06
319 0.50 1.334025860424e-01 1.3980482e-05
320 0.50 1.342920979828e-01 8.6170064e-06
321 0.50 1.392599864207e-01 7.3471137e-06
322 0.50 1.352069044341e-01 2.1990070e-05
323 0.50 1.363500034553e-01 1.0256200e-05
324 0.50 1.369323768218e-01 7.9572273e-06
325 0.50 1.364377312254e-01 1.1307810e-05
326 0.50 1.367247250309e-01 8.9189024e-06
327 0.50 1.377593394890e-01 5.8827646e-06
328 0.50 1.363214767087e-01 8.0758295e-06
329 0.50 1.358712762163e-01 4.3538565e-06
330 0.50 1.381156100900e-01 4.4571191e-06
331 0.50 1.353632908301e-01 1.7525111e-05
332 0.50 1.371014969732e-01 7.6539101e-06
333 0.50 1.359162604896e-01 3.9985001e-06
334 0.50 1.374656720912e-01 8.7715539e-06
335 0.50 1.364861931447e-01 6.7088327e-06
336 0.50 1.354601924762e-01 9.5931754e-06
337 0.50 1.357096266688e-01 1.0486768e-05
338 0.50 1.383635520749e-01 1.4091135e-05
339 0.50 1.328967327351e-01 7.1978599e-06
340 0.50 1.358949535081e-01 8.5140351e-06
341 0.50 1.353252299429e-01 4.4978998e-06
342 0.50 1.349479182138e-01 9.5102136e-06
343 0.50 1.345816972004e-01 5.4932712e-06
344 0.50 1.345086082993e-01 1.9079144e-05
345 0.50 1.371207995813e-01 1.0088046e-05
346 0.50 1.361821876473e-01 1.9073234e-06
347 0.50 1.347255060682e-01 6.6967925e-06
348 0.50 1.354891478573e-01 9.0610762e-06
349 0.50 1.382584022633e-01 1.9269042e-06
350 0.50 1.366102139783e-01 6.0505657e-06
351 0.50 1.372860884010e-01 1.7784414e-05
352 0.50 1.348990388552e-01 4.9154645e-06
353 0.50 1.351513069846e-01 9.2738781e-06
354 0.50 1.347254499735e-01 1.6198457e-05
355 0.50 1.357310932945e-01 4.2761395e-06
356 0.50 1.378868400516e-01 8.3133003e-06
357 0.50 1.358833130166e-01 1.3044190e-05
358 0.50 1.359372046592e-01 1.1309928e-05
359 0.50 1.355519389933e-01 1.2417182e-05
360 0.50 1.384341660434e-01 1.3669056e-05
361 0.50 1.357352023036e-01 1.0685687e-05
362 0.50 1.349706211241e-01 1.2793110e-05
363 0.50 1.318896830296e-01 8.7900420e-06
364 0.50 1.372961165494e-01 1.4257118e-05
365 0.50 1.351783737429e-01 1.3600860e-05
366 0.50 1.361337756354e-01 4.8976833e-06
367 0.50 1.368381451223e-01 1.7882105e-05
368 0.50 1.356734184399e-01 4.4906878e-06
369 0.50 1.346926078206e-01 1.2639628e-05
370 0.50 1.387804605833e-01 7.6088144e-06
371 0.50 1.362106840487e-01 1.5465771e-05
372 0.50 1.364622011198e-01 7.3583073e-06
373 0.50 1.342443710624e-01 1.6566611e-05
374 0.50 1.366751393487e-01 7.7998617e-06
375 0.50 1.371914222924e-01 1.2371865e-05
376 0.50 1.343594364475e-01 5.3477098e-06
377 0.50 1.374011398845e-01 9.4567688e-06
378 0.50 1.349859402299e-01 1.3108619e-05
379 0.50 1.371629166411e-01 4.7942364e-06
380 0.50 1.321436044322e-01 1.3008102e-05
381 0.50 1.380033664552e-01 1.1410570e-05
382 0.50 1.381208679905e-01 7.2956504e-06
383 0.50 1.354934808748e-01 1.0997604e-05
384 0.50 1.376881098467e-01 5.9682556e-06
385 0.50 1.352047552754e-01 1.2117770e-05
386 0.50 1.353686861579e-01 2.6763129e-06
387 0.50 1.363698233553e-01 5.7824561e-06
388 0.50 1.383952740679e-01 1.5791726e-05
389 0.50 1.383484157261e-01 1.2127742e-05
390 0.50 1.355537187133e-01 4.4785480e-06
391 0.50 1.385349693525e-01 1.0082153e-05
392 0.50 1.346568631811e-01 8.2385512e-06
393 0.50 1.367354016383e-01 8.1473296e-06
394 0.50 1.340564685715e-01 5.8268520e-06
395 0.50 1.372160167784e-01 4.3539746e-06
396 0.50 1.345478909097e-01 2.1010277e-05
397 0.50 1.382195983687e-01 7.6975437e-06
398 0.50 1.353720289076e-01 7.8825385e-06
399 0.50 1.353530071018e-01 8.1846160e-06
400 0.50 1.347291208189e-01 1.0001273e-05
401 0.50 1.382088652541e-01 6.0897602e-06
402 0.50 1.328978356839e-01 1.1823829e-05
403 0.50 1.372747503561e-01 1.0241733e-05
404 0.50 1.357899940761e-01 1.7840867e-05
405 0.50 1.355700630239e-01 1.1372884e-05
406 0.50 1.370936671194e-01 3.2474126e-06
407 0.50 1.321023347341e-01 9.0485056e-06
408 0.50 1.349184034397e-01 1.6007208e-05
409 0.50 1.335840153665e-01 7.6643312e-06
410 0.50 1.408985725912e-01 1.9901732e-05
411 0.50 1.356232265257e-01 1.6435959e-05
412 0.50 1.350586924348e-01 3.3013154e-06
413 0.50 1.372211810504e-01 4.9040938e-06
414 0.50 1.387072076709e-01 5.8634976e-06
415 0.50 1.337115058271e-01 1.0616682e-05
416 0.50 1.363754426240e-01 6.8280675e-06
417 0.50 1.370895747712e-01 9.7500429e-06
418 0.50 1.341230202574e-01 1.0613779e-05
419 0.50 1.342422296819e-01 9.0418997e-06
420 0.50 1.343548461894e-01 1.0608934e-05
421 0.50 1.356964097127e-01 9.0143330e-06
422 0.50 1.387093873310e-01 1.0244716e-05
423 0.50 1.350752983391e-01 2.4579622e-05
424 0.50 1.359856564757e-01 9.7377798e-06
425 0.50 1.362543774674e-01 9.6348346e-06
426 0.50 1.415941821554e-01 1.3786895e-05
427 0.50 1.372432834632e-01 1.5219573e-05
428 0.50 1.316874993664e-01 8.9168128e-06
429 0.50 1.336896104954e-01 1.3228371e-05
430 0.50 1.345775743963e-01 6.3220440e-06
431 0.50 1.398283505631e-01 1.4055925e-05
432 0.50 1.333853389387e-01 7.9364772e-06
433 0.50 1.363641497362e-01 1.3202866e-05
434 0.50 1.333620186647e-01 9.3238421e-06
435 0.50 1.354043165400e-01 2.6495587e-06
436 0.50 1.366361563770e-01 7.1720072e-06
437 0.50 1.361681005365e-01 5.0755783e-06
438 0.50 1.329276037056e-01 5.7562487e-06
439 0.50 1.349375161169e-01 1.1210449e-05
440 0.50 1.403445452512e-01 1.4348382e-05
441 0.50 1.379895176643e-01 6.4464718e-06
442 0.50 1.381090876398e-01 6.9044323e-06
443 0.50 1.373902183187e-01 9.9752456e-06
444 0.50 1.366543466594e-01 1.1646344e-05
445 0.50 1.367588281312e-01 1.0944871e-05
446 0.50 1.336612904106e-01 1.4060303e-05
447 0.50 1.364894697335e-01 9.2017349e-06
448 0.50 1.361950732607e-01 1.3736550e-05
449 0.50 1.365967669790e-01 2.0484309e-05
450 0.50 1.381981039273e-01 2.2360008e-06
451 0.50 1.352569712084e-01 5.2919601e-06
452 0.50 1.360876596869e-01 9.8002540e-06
453 0.50 1.371397525590e-01 4.8341709e-06
454 0.50 1.372570295714e-01 1.3144520e-05
455 0.50 1.322473583025e-01 1.7650909e-06
456 0.50 1.363975020908e-01 5.0410328e-06
457 0.50 1.358721733744e-01 8.2687537e-06
458 0.50 1.326481899440e-01 4.2920053e-06
459 0.50 1.342019872355e-01 3.7668476e-06
460 0.50 1.348249245984e-01 1.4614944e-05
461 0.50 1.352789438450e-01 4.7395737e-06
462 0.50 1.326382383148e-01 5.8091929e-06
463 0.50 1.367989253354e-01 8.2439662e-06
464 0.50 1.342916086142e-01 9.0979482e-06
465 0.50 1.386548636860e-01 2.4987892e-05
466 0.50 1.340080499915e-01 3.5725603e-06
467 0.50 1.352100468099e-01 9.6988699e-06
468 0.50 1.385896183499e-01 9.8159963e-06
469 0.50 1.332563073970e-01 8.2157696e-06
470 0.50 1.356021367021e-01 5.0056235e-06
471 0.50 1.370684729380e-01 9.1998135e-06
472 0.50 1.345328657839e-01 9.7724660e-06
473 0.50 1.333705254570e-01 5.8519302e-06
474 0.50 1.392075040055e-01 9.4698440e-06
475 0.50 1.346038001989e-01 4.2084950e-06
476 0.50 1.353329806863e-01 9.4006020e-06
477 0.50 1.342464862728e-01 3.1557234e-06
478 0.50 1.350768180980e-01 1.1078265e-05
479 0.50 1.336443278692e-01 6.0424075e-06
480 0.50 1.342844687520e-01 1.1990002e-05
481 0.50 1.363476782365e-01 9.9855347e-06
482 0.50 1.322617137418e-01 1.3310388e-05
483 0.50 1.371259734085e-01 1.4617667e-05
484 0.50 1.361620387717e-01 1.0286316e-05
485 0.50 1.376024191435e-01 1.0895125e-05
486 0.50 1.357031640210e-01 1.6915469e-05
487 0.50 1.354829483129e-01 1.3473273e-05
488 0.50 1.370393358908e-01 1.9124483e-05
489 0.50 1.361103890487e-01 5.9578877e-06
490 0.50 1.366361128854e-01 5.4159945e-06
491 0.50 1.386645895499e-01 2.6717828e-05
492 0.50 1.382013820260e-01 4.0741823e-06
493 0.50 1.334191755089e-01 8.5984900e-06
494 0.50 1.368916800572e-01 1.6517002e-05
495 0.50 1.351519395579e-01 9.1511442e-06
496 0.50 1.372840150528e-01 5.0071881e-06
497 0.50 1.394738943762e-01 6.8068898e-06
498 0.50 1.359150557464e-01 8.2264938e-06
499 0.50 1.373833718275e-01 7.2091520e-06
500 0.50 1.344195859131e-01 7.3050027e-06
1 0.75 1.351088131050e-01 1.3332020e-05
2 0.75 1.337570363510e-01 4.0631804e-06
3 0.75 1.335757505481e-01 1.8496525e-05
4 0.75 1.349763723017e-01 1.2456710e-05
5 0.75 1.322977224039e-01 1.4981819e-05
6 0.75 1.361025854990e-01 6.9250474e-06
7 0.75 1.351422264196e-01 3.0558436e-06
8 0.75 1.354493534775e-01 1.8426274e-06
9 0.75 1.365230580677e-01 1.0735339e-05
10 0.75 1.321094801139e-01 1.9192343e-05
11 0.75 1.351043103364e-01 1.4632057e-05
12 0.75 1.364004760355e-01 7.7774994e-06
13 0.75 1.332011914717e-01 4.7162648e-06
14 0.75 1.351945257900e-01 8.3833295e-06
15 0.75 1.339450346991e-01 3.3617816e-06
16 0.75 1.353715596927e-01 2.2309522e-05
17 0.75 1.325853981792e-01 1.1625072e-05
18 0.75 1.338365652964e-01 1.2718624e-05
19 0.75 1.348702989820e-01 1.2093487e-05
20 0.75 1.346707152484e-01 1.3205945e-05
21 0.75 1.347374548899e-01 4.6974168e-06
22 0.75 1.333364603198e-01 4.9496166e-06
23 0.75 1.369389600189e-01 1.1474503e-05
24 0.75 1.358055751329e-01 1.5264957e-05
25 0.75 1.348813562860e-01 1.1292633e-05
26 0.75 1.338709975916e-01 9.6801228e-06
27 0.75 1.294021122101e-01 9.5966122e-06
28 0.75 1.348510776179e-01 1.1063299e-05
29 0.75 1.322028439810e-01 9.4921448e-06
30 0.75 1.352030134899e-01 8.0935849e-06
31 0.75 1.331280170847e-01 8.1659346e-06
32 0.75 1.317686071067e-01 7.8591008e-06
33 0.75 1.345966279426e-01 3.9914214e-06
34 0.75 1.358747239978e-01 1.5805044e-05
35 0.75 1.365032720830e-01 3.0748121e-06
36 0.75 1.378676956622e-01 2.0583415e-05
37 0.75 1.351541970229e-01 9.7987425e-06
38 0.75 1.326874887151e-01 6.6036092e-06
39 0.75 1.318192566311e-01 4.5305792e-06
40 0.75 1.343111277046e-01 1.2430527e-05
41 0.75 1.354126123230e-01 9.3152258e-06
42 0.75 1.312857680270e-01 6.3177830e-06
43 0.75 1.346607060307e-01 2.8419600e-05
44 0.75 1.332837249948e-01 9.2546842e-06
45 0.75 1.318551338787e-01 9.7872043e-06
46 0.75 1.302164429553e-01 6.4562555e-06
47 0.75 1.335287201025e-01 6.5496861e-06
48 0.75 1.327406694151e-01 6.5837380e-06
49 0.75 1.365774050438e-01 1.1303219e-05
50 0.75 1.336110451069e-01 7.4848508e-06
51 0.75 1.340073335907e-01 7.6780857e-06
52 0.75 1.324689475611e-01 8.0586106e-06
53 0.75 1.326409133529e-01 3.7773728e-06
54 0.75 1.360118837351e-01 5.7080173e-06
55 0.75 1.320041665632e-01 3.3115805e-06
56 0.75 1.323552275830e-01 8.8792938e-06
57 0.75 1.319201087943e-01 1.5000954e-05
58 0.75 1.365200276492e-01 6.8946245e-06
59 0.75 1.342724596767e-01 1.2120934e-05
60 0.75 1.350400408156e-01 5.5786084e-06
61 0.75 1.341813408682e-01 1.0009237e-05
62 0.75 1.352762920849e-01 1.1242907e-05
63 0.75 1.361294260177e-01 8.5929276e-06
64 0.75 1.331982932492e-01 1.4701403e-05
65 0.75 1.375865997448e-01 5.9892456e-06
66 0.75 1.296277443191e-01 1.0878564e-05
67 0.75 1.375824496221e-01 1.0546191e-05
68 0.75 1.337723952560e-01 3.1958122e-06
69 0.75 1.351770388679e-01 6.9104865e-06
70 0.75 1.298303493568e-01 1.2170829e-05
71 0.75 1.372485172930e-01 9.5667914e-06
72 0.75 1.304450687388e-01 5.0895274e-06
73 0.75 1.322383659939e-01 6.7363955e-06
74 0.75 1.383386190112e-01 7.8213876e-06
75 0.75 1.334089993513e-01 1.4571589e-05
76 0.75 1.342590864046e-01 1.3866883e-05
77 0.75 1.368396185281e-01 9.7365613e-06
78 0.75 1.349288720844e-01 9.9479038e-06
79 0.75 1.339091290239e-01 2.5879240e-06
80 0.75 1.358780981209e-01 1.3240851e-05
81 0.75 1.304703120472e-01 2.3892052e-05
82 0.75 1.343737529597e-01 9.0662270e-06
83 0.75 1.297666742732e-01 8.6818917e-06
84 0.75 1.356142377691e-01 7.0003663e-06
85 0.75 1.346508202638e-01 1.2332897e-05
86 0.75 1.381172496630e-01 6.5585542e-06
87 0.75 1.362606058835e-01 1.7671675e-05
88 0.75 1.339636835263e-01 5.1498752e-06
89 0.75 1.324848472129e-01 4.1751078e-06
90 0.75 1.349241514000e-01 1.0114053e-05
91 0.75 1.353544784662e-01 1.7136592e-05
92 0.75 1.344745390786e-01 7.1687135e-06
93 0.75 1.334037920333e-01 5.8626056e-06
94 0.75 1.344548470058e-01 1.4878311e-05
95 0.75 1.342952577833e-01 1.1534012e-05
96 0.75 1.301789616131e-01 4.7309792e-06
97 0.75 1.363953862684e-01 6.9252003e-06
98 0.75 1.339665407093e-01 8.8565689e-06
99 0.75 1.300828396182e-01 1.0730236e-05
100 0.75 1.344370201426e-01 9.6453999e-06
101 0.75 1.351595987132e-01 1.4235001e-05
102 0.75 1.336252327752e-01 6.4901443e-06
103 0.75 1.342641438321e-01 7.3085971e-06
104 0.75 1.330300157046e-01 5.0680016e-06
105 0.75 1.329556362751e-01 1.1299086e-05
106 0.75 1.313382355363e-01 4.2096547e-06
107 0.75 1.303366462850e-01 1.1436475e-05
108 0.75 1.334904497748e-01 1.1699830e-05
109 0.75 1.366122285463e-01 1.3854841e-05
110 0.75 1.299041303175e-01 6.8013281e-06
111 0.75 1.345061081653e-01 1.1490747e-05
112 0.75 1.359616055535e-01 1.3513233e-05
113 0.75 1.334132133514e-01 9.3622978e-06
114 0.75 1.356850642436e-01 7.7008877e-06
115 0.75 1.293393056181e-01 1.0598386e-05
116 0.75 1.368804014928e-01 1.4796242e-05
117 0.75 1.341289665208e-01 9.9411124e-06
118 0.75 1.367797332301e-01 1.1835938e-05
119 0.75 1.333511599408e-01 6.8853716e-06
120 0.75 1.357223256180e-01 1.2541318e-05
121 0.75 1.354288373259e-01 5.2024021e-06
122 0.75 1.354302418431e-01 1.7636425e-05
123 0.75 1.323656813672e-01 1.2020574e-05
124 0.75 1.347478220418e-01 6.5067950e-06
125 0.75 1.320580546357e-01 9.7398324e-06
126 0.75 1.352334924053e-01 4.4714009e-06
127 0.75 1.331027497354e-01 8.2678528e-06
128 0.75 1.335141725943e-01 8.4970856e-06
129 0.75 1.340662926115e-01 1.6757419e-05
130 0.75 1.342731038868e-01 7.5792083e-06
131 0.75 1.378752340602e-01 6.2800063e-06
132 0.75 1.342640964462e-01 7.0943741e-06
133 0.75 1.348533034140e-01 1.3997317e-05
134 0.75 1.331067386205e-01 7.4304018e-06
135 0.75 1.339894678427e-01 1.2092378e-05
136 0.75 1.346105252767e-01 6.9484829e-06
137 0.75 1.346139010794e-01 6.9091988e-06
138 0.75 1.349808503703e-01 7.5871949e-06
139 0.75 1.325683376203e-01 9.2562110e-06
140 0.75 1.330014258960e-01 9.1633558e-06
141 0.75 1.357187876394e-01 7.3641175e-06
142 0.75 1.358454640208e-01 8.8343853e-06
143 0.75 1.323158448319e-01 1.3766628e-05
144 0.75 1.327093657123e-01 8.4095499e-06
145 0.75 1.349067245250e-01 5.7586016e-06
146 0.75 1.355247166287e-01 4.1684068e-06
147 0.75 1.363203146036e-01 7.9893883e-06
148 0.75 1.351913829633e-01 1.1417049e-05
149 0.75 1.354025734938e-01 1.0346438e-05
150 0.75 1.355959749485e-01 9.9890562e-06
151 0.75 1.329226960912e-01 1.1813642e-05
152 0.75 1.341598123604e-01 7.1558365e-06
153 0.75 1.311652626448e-01 1.1473694e-05
154 0.75 1.327180215381e-01 7.9615267e-06
155 0.75 1.365112953154e-01 1.2575701e-05
156 0.75 1.323078247206e-01 1.8524891e-05
157 0.75 1.337791876656e-01 1.0684344e-05
158 0.75 1.328559893338e-01 9.6671839e-06
159 0.75 1.350478215991e-01 6.6544803e-06
160 0.75 1.331628870161e-01 1.3746993e-05
161 0.75 1.342061789336e-01 6.0025590e-06
162 0.75 1.294292027691e-01 8.6151224e-06
163 0.75 1.348905370626e-01 1.0138135e-05
164 0.75 1.360226487408e-01 6.2422776e-06
165 0.75 1.319066846733e-01 5.5455407e-06
166 0.75 1.367676090017e-01 4.0606422e-06
167 0.75 1.308484205898e-01 1.4143789e-05
168 0.75 1.334518939689e-01 1.5051025e-05
169 0.75 1.334968140024e-01 1.1591251e-05
170 0.75 1.362775314488e-01 6.3571399e-06
171 0.75 1.304242003064e-01 1.3763844e-05
172 0.75 1.331477993573e-01 9.9096303e-06
173 0.75 1.353837032776e-01 7.0048687e-06
174 0.75 1.371488979502e-01 1.4614120e-05
175 0.75 1.322308233372e-01 1.3469426e-05
176 0.75 1.360038864160e-01 7.6866979e-06
177 0.75 1.323894212698e-01 6.0677478e-06
178 0.75 1.372334390515e-01 7.9815730e-06
179 0.75 1.321832700214e-01 7.3038799e-06
180 0.75 1.348454036661e-01 1.1695705e-05
181 0.75 1.323894799482e-01 1.3693347e-05
182 0.75 1.356976560733e-01 1.0354080e-05
183 0.75 1.323641349798e-01 9.6132469e-06
184 0.75 1.336913959881e-01 1.1635287e-05
185 0.75 1.384685986797e-01 7.4906537e-06
186 0.75 1.345525745940e-01 2.0756533e-05
187 0.75 1.318105281688e-01 9.1670885e-06
188 0.75 1.320700791363e-01 2.8209244e-06
189 0.75 1.336480076098e-01 1.4719362e-05
190 0.75 1.362880338069e-01 1.8534424e-05
191 0.75 1.329416064895e-01 5.0486620e-06
192 0.75 1.362532500464e-01 9.4854867e-06
193 0.75 1.323205312950e-01 1.0641678e-05
194 0.75 1.347237563466e-01 7.3312289e-06
195 0.75 1.359827553207e-01 6.8834979e-06
196 0.75 1.325112204824e-01 7.2371694e-06
197 0.75 1.332883965846e-01 2.0276037e-05
198 0.75 1.356922164945e-01 8.5438835e-06
199 0.75 1.332826156538e-01 3.1741448e-06
200 0.75 1.387107488164e-01 4.9204365e-06
201 0.75 1.314995057115e-01 1.7938131e-06
202 0.75 1.314602868916e-01 6.0850715e-06
203 0.75 1.351481903341e-01 7.3907288e-06
204 0.75 1.312365350827e-01 9.9487586e-06
205 0.75 1.359350160343e-01 1.0968813e-05
206 0.75 1.344456252582e-01 1.0835487e-05
207 0.75 1.330290162957e-01 1.1299737e-05
208 0.75 1.352773752088e-01 1.0250640e-05
209 0.75 1.350316703395e-01 6.9427560e-06
210 0.75 1.352501665679e-01 9.0989238e-06
211 0.75 1.350208599435e-01 1.3867138e-05
212 0.75 1.312258792495e-01 1.2676572e-05
213 0.75 1.398358681028e-01 4.6228756e-06
214 0.75 1.311916394276e-01 4.0447417e-06
215 0.75 1.319439901084e-01 8.0719254e-06
216 0.75 1.347560432980e-01 5.9950779e-06
217 0.75 1.368841582734e-01 2.4857145e-05
218 0.75 1.330673258862e-01 7.2181601e-06
219 0.75 1.344984027383e-01 3.8773820e-06
220 0.75 1.355354457212e-01 6.4510345e-06
221 0.75 1.336412065739e-01 6.3454018e-06
222 0.75 1.338988047813e-01 6.6757738e-06
223 0.75 1.319328743790e-01 4.1937777e-06
224 0.75 1.303700140649e-01 4.5720963e-06
225 0.75 1.310151951441e-01 5.9617618e-06
226 0.75 1.353603839284e-01 6.5802938e-06
227 0.75 1.355077141847e-01 6.0721070e-06
228 0.75 1.342006780535e-01 7.4501590e-06
229 0.75 1.311001032491e-01 6.5088284e-06
230 0.75 1.365970139308e-01 4.4474371e-06
231 0.75 1.339928504707e-01 5.2035689e-06
232 0.75 1.340732812833e-01 1.6578664e-05
233 0.75 1.339895295417e-01 1.4229795e-05
234 0.75 1.370943037392e-01 8.2332986e-06
235 0.75 1.293555778924e-01 7.5878663e-06
236 0.75 1.335585619179e-01 9.1964817e-06
237 0.75 1.330548370407e-01 1.1973368e-05
238 0.75 1.319464708026e-01 5.9393871e-06
239 0.75 1.348387619437e-01 7.5061452e-06
240 0.75 1.338614532409e-01 1.0240444e-05
241 0.75 1.371786000371e-01 9.4283825e-06
242 0.75 1.344137051977e-01 1.6423103e-05
243 0.75 1.340485408352e-01 8.4133296e-06
244 0.75 1.350150936018e-01 1.0778818e-05
245 0.75 1.375731818493e-01 1.4746926e-05
246 0.75 1.346769754988e-01 5.3253524e-06
247 0.75 1.318780085701e-01 1.1257506e-05
248 0.75 1.326302354792e-01 6.9468802e-06
249 0.75 1.319992502809e-01 9.1503692e-06
250 0.75 1.319678241538e-01 1.5826090e-05
251 0.75 1.343508241391e-01 1.0753966e-05
252 0.75 1.371358128386e-01 7.4674330e-06
253 0.75 1.329807715083e-01 1.2136028e-05
254 0.75 1.335182668042e-01 1.0832506e-05
255 0.75 1.339132424431e-01 1.0221073e-05
256 0.75 1.364746895107e-01 1.2600048e-05
257 0.75 1.299803703196e-01 3.5402566e-06
258 0.75 1.349083531000e-01 1.5344321e-05
259 0.75 1.318447807586e-01 9.9805821e-06
260 0.75 1.343915830013e-01 9.7805078e-06
261 0.75 1.309886475249e-01 7.2757851e-06
262 0.75 1.333644565926e-01 1.1941033e-05
263 0.75 1.324803762400e-01 4.1045325e-06
264 0.75 1.363900256077e-01 1.3515272e-05
265 0.75 1.343639371508e-01 6.2383568e-06
266 0.75 1.312540521932e-01 5.2929221e-06
267 0.75 1.322236266431e-01 9.3048671e-06
268 0.75 1.377778440415e-01 1.8084158e-05
269 0.75 1.341238008319e-01 6.2786754e-06
270 0.75 1.338272725880e-01 1.3698514e-05
271 0.75 1.328133198062e-01 7.4978268e-06
272 0.75 1.350190322628e-01 1.1883213e-05
273 0.75 1.335920235959e-01 1.3407052e-05
274 0.75 1.342572524098e-01 8.2435795e-06
275 0.75 1.364254479989e-01 4.2577802e-06
276 0.75 1.333860951686e-01 2.3132908e-05
277 0.75 1.335852950519e-01 2.7138383e-05
278 0.75 1.332011566964e-01 1.5002690e-05
279 0.75 1.312521092524e-01 6.3221626e-06
280 0.75 1.315929269770e-01 7.1261721e-06
281 0.75 1.324773331384e-01 9.5286036e-06
282 0.75 1.338724868743e-01 1.7795465e-05
283 0.75 1.346619870097e-01 1.4824035e-05
284 0.75 1.318572554361e-01 8.9379517e-06
285 0.75 1.346308286335e-01 3.1625636e-06
286 0.75 1.344408449032e-01 4.0737744e-06
287 0.75 1.336662730924e-01 1.1145239e-05
288 0.75 1.307595537708e-01 2.2344622e-05
289 0.75 1.327804406755e-01 4.0903522e-06
290 0.75 1.353021169218e-01 5.1694331e-06
291 0.75 1.348753172017e-01 1.5547465e-05
292 0.75 1.335477989563e-01 7.2754628e-06
293 0.75 1.348882152098e-01 1.3285011e-05
294 0.75 1.345278061632e-01 1.1677550e-05
295 0.75 1.381665992833e-01 2.4931226e-05
296 0.75 1.342348840052e-01 4.4073413e-06
297 0.75 1.345552713516e-01 8.2486349e-06
298 0.75 1.305910588528e-01 3.4966860e-06
299 0.75 1.376200772896e-01 4.6115424e-06
300 0.75 1.348547841680e-01 9.1166085e-06
301 0.75 1.338563436370e-01 5.0564030e-06
302 0.75 1.349987595383e-01 1.2071921e-05
303 0.75 1.329926157940e-01 9.5713887e-06
304 0.75 1.358298858048e-01 9.6372145e-06
305 0.75 1.290732140168e-01 5.3116010e-06
306 0.75 1.354425624695e-01 1.3529578e-05
307 0.75 1.306587771689e-01 5.6515132e-06
308 0.75 1.339111868061e-01 1.2127084e-05
309 0.75 1.330819779355e-01 5.4521968e-06
310 0.75 1.342721842557e-01 1.6077762e-05
311 0.75 1.353648852096e-01 7.1275360e-06
312 0.75 1.334190759644e-01 7.6839635e-06
313 0.75 1.343484938438e-01 8.8099821e-06
314 0.75 1.330475709828e-01 8.2525254e-06
315 0.75 1.347824058937e-01 1.2957209e-05
316 0.75 1.337524005841e-01 7.4170406e-06
317 0.75 1.330179832920e-01 6.5801479e-06
318 0.75 1.338401401908e-01 4.8791606e-06
319 0.75 1.310337301765e-01 4.1194239e-06
320 0.75 1.317379220294e-01 9.0316640e-06
321 0.75 1.381662472672e-01 1.5033025e-05
322 0.75 1.305226816943e-01 4.8600785e-06
323 0.75 1.339118179248e-01 9.0167151e-06
324 0.75 1.340939618578e-01 1.5421554e-05
325 0.75 1.361813300396e-01 1.2435137e-05
326 0.75 1.377056969968e-01 2.2293379e-05
327 0.75 1.386256404665e-01 1.8251345e-05
328 0.75 1.331447904886e-01 5.1002887e-06
329 0.75 1.334381501471e-01 5.1856386e-06
330 0.75 1.358522220644e-01 8.1076562e-06
331 0.75 1.318122327944e-01 8.8203345e-06
332 0.75 1.354827863507e-01 4.2508271e-06
333 0.75 1.355448528868e-01 5.4498221e-06
334 0.75 1.340733142136e-01 1.7038960e-05
335 0.75 1.341714714284e-01 3.2145178e-06
336 0.75 1.352561961755e-01 7.1211905e-06
337 0.75 1.338190927031e-01 9.4902518e-06
338 0.75 1.346720079007e-01 1.3999012e-05
339 0.75 1.318818277112e-01 4.4678494e-06
340 0.75 1.328830624617e-01 9.3020315e-06
341 0.75 1.337512382366e-01 3.2650969e-06
342 0.75 1.333259577833e-01 1.8624651e-05
343 0.75 1.318360014286e-01 1.8083432e-05
344 0.75 1.346358175025e-01 1.0636314e-05
345 0.75 1.342940567961e-01 4.9327841e-06
346 0.75 1.347025725907e-01 7.0376168e-06
347 0.75 1.334734594324e-01 5.1377977e-06
348 0.75 1.352442734052e-01 1.8560364e-05
349 0.75 1.344660600266e-01 1.2085711e-05
350 0.75 1.343924591968e-01 1.3544408e-05
351 0.75 1.360646839373e-01 1.4406604e-05
352 0.75 1.341760027536e-01 1.3211246e-05
353 0.75 1.308710079173e-01 8.9694208e-06
354 0.75 1.309802848786e-01 7.4015241e-06
355 0.75 1.342340543304e-01 5.6306748e-06
356 0.75 1.358638249570e-01 1.0533975e-05
357 0.75 1.321247507804e-01 4.2598272e-06
358 0.75 1.340871651474e-01 9.7068018e-06
359 0.75 1.329808061643e-01 6.3441494e-06
360 0.75 1.360021722888e-01 8.2890451e-06
361 0.75 1.322205294810e-01 5.1572811e-06
362 0.75 1.343610648449e-01 7.1892700e-06
363 0.75 1.306016937682e-01 1.2629573e-05
364 0.75 1.350825641764e-01 1.1830892e-05
365 0.75 1.333426007833e-01 2.0211809e-06
366 0.75 1.349253597448e-01 7.8509829e-06
367 0.75 1.330484389226e-01 8.0863534e-06
368 0.75 1.335937534297e-01 7.3991535e-06
369 0.75 1.325119351823e-01 8.5213484e-06
370 0.75 1.378893243062e-01 1.1713156e-05
371 0.75 1.328696230866e-01 4.1729190e-06
372 0.75 1.343148411621e-01 5.9112859e-06
373 0.75 1.322061373415e-01 8.2375401e-06
374 0.75 1.359904319664e-01 4.2359906e-06
375 0.75 1.325239906054e-01 6.5211395e-06
376 0.75 1.318548245126e-01 7.8198913e-06
377 0.75 1.353921801350e-01 7.5868873e-06
378 0.75 1.330608507131e-01 5.4720538e-06
379 0.75 1.338653678481e-01 8.9389708e-06
380 0.75 1.320040088618e-01 1.7125890e-05
381 0.75 1.376967006519e-01 7.6636672e-06
382 0.75 1.380847946484e-01 1.6114344e-05
383 0.75 1.303262105002e-01 1.0630440e-05
384 0.75 1.343764184969e-01 3.8033540e-06
385 0.75 1.347750525094e-01 1.1525925e-05
386 0.75 1.350495931144e-01 2.8813393e-06
387 0.75 1.358805738040e-01 9.2673533e-06
388 0.75 1.354163547915e-01 3.7978550e-05
389 0.75 1.364650743811e-01 5.5350342e-06
390 0.75 1.329812377175e-01 7.2252111e-06
391 0.75 1.350317279506e-01 1.4605355e-05
392 0.75 1.330648685760e-01 3.3016126e-06
393 0.75 1.342294696740e-01 9.7350229e-06
394 0.75 1.362937575829e-01 6.5515887e-06
395 0.75 1.359913582165e-01 7.2249046e-06
396 0.75 1.305505594253e-01 6.4747177e-06
397 0.75 1.361602270186e-01 1.3073441e-05
398 0.75 1.347836979852e-01 6.9931207e-06
399 0.75 1.322324023263e-01 1.0778518e-05
400 0.75 1.350459898596e-01 6.1786828e-06
401 0.75 1.370075043432e-01 2.0572400e-06
402 0.75 1.313082544860e-01 4.5933067e-06
403 0.75 1.332733600931e-01 1.8080755e-05
404 0.75 1.336910574865e-01 6.6240583e-06
405 0.75 1.339195936187e-01 8.1274288e-06
406 0.75 1.362053299827e-01 7.3330216e-06
407 0.75 1.299545492371e-01 6.6582860e-06
408 0.75 1.322826110495e-01 1.2767369e-05
409 0.75 1.329787400501e-01 6.3474940e-06
410 0.75 1.366365337640e-01 5.9634075e-06
411 0.75 1.340239505710e-01 8.1844575e-06
412 0.75 1.328870356695e-01 1.0682904e-05
413 0.75 1.359106465210e-01 3.1864023e-06
414 0.75 1.350402402426e-01 3.5592937e-06
415 0.75 1.322489949200e-01 1.0884582e-05
416 0.75 1.342621398095e-01 7.1955149e-06
417 0.75 1.326145430016e-01 5.5920778e-06
418 0.75 1.318030166679e-01 1.0789396e-05
419 0.75 1.325881657584e-01 1.3251444e-05
420 0.75 1.321569923832e-01 8.1566136e-06
421 0.75 1.356933218166e-01 2.4695537e-05
422 0.75 1.379299948680e-01 1.9547907e-05
423 0.75 1.327526896485e-01 1.5552484e-05
424 0.75 1.336434625440e-01 1.5576978e-05
425 0.75 1.340772788061e-01 1.0351728e-05
426 0.75 1.386151788552e-01 1.0997111e-05
427 0.75 1.349445795137e-01 4.9820160e-06
428 0.75 1.342002613879e-01 1.6132329e-05
429 0.75 1.335275500388e-01 1.1131926e-05
430 0.75 1.329098824967e-01 4.8432848e-06
431 0.75 1.355422570012e-01 1.0174046e-05
432 0.75 1.357644509646e-01 1.0823805e-05
433 0.75 1.315433310051e-01 1.3826778e-05
434 0.75 1.305894795941e-01 1.0078773e-05
435 0.75 1.334480610048e-01 7.1697834e-06
436 0.75 1.330305073788e-01 5.7628371e-06
437 0.75 1.338892007012e-01 1.3850344e-05
438 0.75 1.330633651054e-01 8.5506657e-06
439 0.75 1.335281762849e-01 8.9434058e-06
440 0.75 1.374714127684e-01 1.2108046e-05
441 0.75 1.376023773778e-01 1.2326797e-05
442 0.75 1.338047065157e-01 9.1686222e-06
443 0.75 1.355084239923e-01 1.0511469e-05
444 0.75 1.357885635754e-01 1.9374956e-05
445 0.75 1.349729981318e-01 9.8853418e-06
446 0.75 1.339470415088e-01 1.1387819e-05
447 0.75 1.361317183307e-01 1.4872092e-05
448 0.75 1.360154201017e-01 6.0543707e-06
449 0.75 1.344037970524e-01 1.0101494e-05
450 0.75 1.342245902577e-01 7.8293733e-06
451 0.75 1.325852439579e-01 9.3252797e-06
452 0.75 1.335334027028e-01 6.2234934e-06
453 0.75 1.342059810836e-01 8.9764402e-06
454 0.75 1.313665360141e-01 6.0457758e-06
455 0.75 1.316035739412e-01 1.1877395e-05
456 0.75 1.337805295406e-01 2.7652754e-06
457 0.75 1.317484580078e-01 2.0010488e-06
458 0.75 1.338169150908e-01 1.5054663e-05
459 0.75 1.343853483888e-01 1.7645319e-05
460 0.75 1.335789068087e-01 2.6875952e-05
461 0.75 1.346039188709e-01 3.2006312e-06
462 0.75 1.293887551212e-01 8.4709090e-06
463 0.75 1.349734385628e-01 1.0586952e-05
464 0.75 1.327014416858e-01 9.1484833e-06
465 0.75 1.344015392908e-01 5.5845245e-06
466 0.75 1.336666186708e-01 1.7517622e-05
467 0.75 1.366394989321e-01 1.1521287e-05
468 0.75 1.353838989996e-01 9.1369474e-06
469 0.75 1.293797408073e-01 6.8676569e-06
470 0.75 1.346298378019e-01 4.8811082e-06
471 0.75 1.334622733298e-01 8.9219947e-06
472 0.75 1.306761515378e-01 1.2126529e-05
473 0.75 1.325859882747e-01 6.1504606e-06
474 0.75 1.347071960298e-01 8.6668940e-06
475 0.75 1.330385585934e-01 1.5686750e-05
476 0.75 1.337470621905e-01 1.1660013e-05
477 0.75 1.325119625789e-01 6.5985461e-06
478 0.75 1.321970589673e-01 1.4145096e-05
479 0.75 1.334941851891e-01 6.8030989e-06
480 0.75 1.321786540939e-01 9.0413183e-06
481 0.75 1.336042136412e-01 5.3586448e-06
482 0.75 1.329128481496e-01 9.8047209e-06
483 0.75 1.346756635099e-01 5.3225447e-06
484 0.75 1.350074762049e-01 2.5506876e-06
485 0.75 1.340049556449e-01 6.0599813e-06
486 0.75 1.366260685167e-01 2.0529346e-05
487 0.75 1.334069753697e-01 1.1960304e-05
488 0.75 1.335486967338e-01 6.2906307e-06
489 0.75 1.355624862716e-01 4.2301187e-06
490 0.75 1.327285191431e-01 8.1733077e-06
491 0.75 1.344738186299e-01 3.9826674e-06
492 0.75 1.346408077957e-01 5.8566762e-06
493 0.75 1.339427562346e-01 2.8933522e-06
494 0.75 1.348790150546e-01 8.5874277e-06
495 0.75 1.332062975722e-01 7.9568748e-06
496 0.75 1.357196319002e-01 1.4849790e-05
497 0.75 1.357555875320e-01 1.1985360e-05
498 0.75 1.336529419070e-01 1.8077405e-05
499 0.75 1.378306852049e-01 1.5359332e-05
500 0.75 1.312987255882e-01 4.5744703e-06
1 1.00 1.330193251598e-01 4.9251187e-06
2 1.00 1.336186101376e-01 1.8127229e-05
3 1.00 1.308359425369e-01 8.9779850e-06
4 1.00 1.343363403136e-01 8.3039536e-06
5 1.00 1.296168766448e-01 8.9525388e-06
6 1.00 1.345469770244e-01 1.0807064e-05
7 1.00 1.303946626365e-01 1.0165576e-05
8 1.00 1.317424380572e-01 2.7154599e-06
9 1.00 1.316975878455e-01 3.9707330e-06
10 1.00 1.295096810597e-01 7.8301964e-06
11 1.00 1.341230533309e-01 7.5865307e-06
12 1.00 1.343822466155e-01 1.8859739e-05
13 1.00 1.291762210107e-01 2.1505453e-05
14 1.00 1.322538236354e-01 6.1528895e-06
15 1.00 1.319983847763e-01 9.2912288e-06
16 1.00 1.330964619342e-01 6.9186568e-06
17 1.00 1.289448831095e-01 5.7698701e-06
18 1.00 1.327196257502e-01 8.6713347e-06
19 1.00 1.327976628673e-01 1.2720926e-05
20 1.00 1.301342489090e-01 1.1950723e-05
21 1.00 1.331568621886e-01 8.8835608e-06
22 1.00 1.322963984702e-01 3.7980964e-06
23 1.00 1.330431033691e-01 4.9527586e-06
24 1.00 1.334290544910e-01 6.6967161e-06
25 1.00 1.324962667463e-01 3.0799341e-06
26 1.00 1.335407739298e-01 1.2578496e-05
27 1.00 1.293395169798e-01 3.9547928e-06
28 1.00 1.328314776398e-01 4.2195007e-06
29 1.00 1.294233336266e-01 7.7410047e-06
30 1.00 1.347677237523e-01 5.0937491e-06
31 1.00 1.317263246422e-01 1.2851882e-05
32 1.00 1.308627271930e-01 6.0545468e-06
33 1.00 1.317140807807e-01 1.1740292e-05
34 1.00 1.313726661577e-01 4.1529076e-06
35 1.00 1.332364561078e-01 7.3171061e-06
36 1.00 1.347727123368e-01 1.1522476e-05
37 1.00 1.322495250777e-01 1.6515884e-05
38 1.00 1.301620067323e-01 1.0785848e-05
39 1.00 1.295029235973e-01 4.0658054e-06
40 1.00 1.307804027724e-01 1.0927904e-05
41 1.00 1.312575431667e-01 1.0170208e-05
42 1.00 1.309722284832e-01 3.0794130e-06
43 1.00 1.320143476758e-01 1.7596037e-05
44 1.00 1.317504991085e-01 1.6366328e-05
45 1.00 1.310473455811e-01 6.3244288e-06
46 1.00 1.316526259851e-01 5.3816337e-06
47 1.00 1.318432452304e-01 5.7940805e-06
48 1.00 1.299047849085e-01 1.3798813e-05
49 1.00 1.339935231347e-01 1.0602222e-05
50 1.00 1.312681208821e-01 8.9149734e-06
51 1.00 1.336047133556e-01 1.2436345e-05
52 1.00 1.292788594330e-01 5.9084753e-06
53 1.00 1.319464297399e-01 7.8308701e-06
54 1.00 1.334555206475e-01 8.0668156e-06
55 1.00 1.316974852177e-01 5.6663067e-06
56 1.00 1.298793591960e-01 1.0965355e-05
57 1.00 1.309951921610e-01 6.3218737e-06
58 1.00 1.345181176750e-01 5.0915349e-06
59 1.00 1.312291484791e-01 9.4995028e-06
60 1.00 1.329686092133e-01 8.9149274e-06
61 1.00 1.330218561052e-01 8.3512349e-06
62 1.00 1.355272407569e-01 7.9819504e-06
63 1.00 1.329479993626e-01 7.9039360e-06
64 1.00 1.317408780402e-01 1.2302857e-05
65 1.00 1.332694012101e-01 1.0661031e-05
66 1.00 1.296583972961e-01 6.0615470e-06
67 1.00 1.361437921957e-01 6.8830228e-06
68 1.00 1.331905430989e-01 8.0813693e-06
69 1.00 1.347353532402e-01 3.3973666e-06
70 1.00 1.262260841864e-01 2.3557718e-06
71 1.00 1.333247876474e-01 7.3309854e-06
72 1.00 1.294751625871e-01 4.2859111e-06
73 1.00 1.323866019750e-01 5.3302665e-06
74 1.00 1.326294554362e-01 1.1088397e-05
75 1.00 1.305757983822e-01 1.2324164e-05
76 1.00 1.341541800119e-01 9.9593630e-06
77 1.00 1.330365825602e-01 9.1683912e-06
78 1.00 1.331089263295e-01 6.9210698e-06
79 1.00 1.328912837100e-01 6.4837470e-06
80 1.00 1.355927113187e-01 1.5273942e-05
81 1.00 1.300753371752e-01 2.3364959e-06
82 1.00 1.310242970873e-01 1.6068545e-05
83 1.00 1.286873816707e-01 1.0919338e-05
84 1.00 1.316626413574e-01 1.3283339e-05
85 1.00 1.303800714245e-01 7.4154019e-06
86 1.00 1.332474050088e-01 3.7094145e-06
87 1.00 1.332558332928e-01 7.0033739e-06
88 1.00 1.325762544291e-01 4.9277397e-06
89 1.00 1.321520960670e-01 7.3576536e-06
90 1.00 1.303064144752e-01 1.1828627e-05
91 1.00 1.318764655705e-01 6.7900597e-06
92 1.00 1.311858257117e-01 1.0138358e-05
93 1.00 1.319308234217e-01 9.6008431e-06
94 1.00 1.323091518205e-01 7.5318713e-06
95 1.00 1.328702660706e-01 1.6637697e-05
96 1.00 1.279968172006e-01 7.4197881e-06
97 1.00 1.333390863658e-01 6.7943050e-06
98 1.00 1.320497186273e-01 9.9536094e-06
99 1.00 1.283749415056e-01 7.1087157e-06
100 1.00 1.298553363557e-01 1.0309360e-05
101 1.00 1.351058245121e-01 1.4612359e-05
102 1.00 1.329449592886e-01 6.8044117e-06
103 1.00 1.333817261731e-01 7.3691948e-06
104 1.00 1.312484495598e-01 5.9090163e-06
105 1.00 1.285429160392e-01 5.4865615e-06
106 1.00 1.319571929306e-01 1.3705076e-05
107 1.00 1.289242528146e-01 7.3913386e-06
108 1.00 1.305739453928e-01 5.5904151e-06
109 1.00 1.361442995229e-01 2.2330745e-05
110 1.00 1.292975786683e-01 9.0984540e-06
111 1.00 1.339805269893e-01 2.3496465e-05
112 1.00 1.312700877776e-01 8.1544362e-06
113 1.00 1.304878144344e-01 7.1511551e-06
114 1.00 1.342797258217e-01 1.2282660e-05
115 1.00 1.299883148133e-01 5.8138339e-06
116 1.00 1.348755416937e-01 8.2243568e-06
117 1.00 1.321915666891e-01 2.0109199e-05
118 1.00 1.333776483019e-01 1.1778986e-05
119 1.00 1.310939416102e-01 1.0405095e-05
120 1.00 1.346065454545e-01 1.2854488e-05
121 1.00 1.341560776093e-01 1.2309636e-05
122 1.00 1.321047847043e-01 1.1873303e-05
123 1.00 1.313516325544e-01 6.6270639e-06
124 1.00 1.335802223511e-01 4.9721706e-06
125 1.00 1.304967327520e-01 8.6942494e-06
126 1.00 1.356304778905e-01 9.0771967e-06
127 1.00 1.313854716400e-01 4.5126993e-06
128 1.00 1.320048213345e-01 6.6782180e-06
129 1.00 1.304187995902e-01 1.0776140e-05
130 1.00 1.354202110967e-01 1.9550352e-05
131 1.00 1.331847055068e-01 1.2365121e-05
132 1.00 1.295849774748e-01 8.2659889e-06
133 1.00 1.329670872319e-01 3.9912293e-06
134 1.00 1.305866869205e-01 5.6541944e-06
135 1.00 1.311831667672e-01 3.2007516e-06
136 1.00 1.334366300092e-01 7.1191334e-06
137 1.00 1.313184905610e-01 2.0475828e-05
138 1.00 1.325907712244e-01 4.6180972e-06
139 1.00 1.327607445456e-01 8.2248536e-06
140 1.00 1.304324872101e-01 6.6571278e-06
141 1.00 1.344529863659e-01 1.8558937e-05
142 1.00 1.354655594288e-01 5.3387489e-06
143 1.00 1.310332658163e-01 6.8288092e-06
144 1.00 1.326639907785e-01 3.9534611e-06
145 1.00 1.335234467571e-01 8.2128967e-06
146 1.00 1.352168379064e-01 1.1132144e-05
147 1.00 1.330575682387e-01 4.4001259e-06
148 1.00 1.338632693912e-01 1.1535456e-05
149 1.00 1.318994225010e-01 1.1379182e-05
150 1.00 1.318678154312e-01 5.5822562e-06
151 1.00 1.321366212302e-01 8.6297266e-06
152 1.00 1.328799335749e-01 6.9851609e-06
153 1.00 1.312218450281e-01 1.4433423e-05
154 1.00 1.311203635206e-01 4.1720211e-06
155 1.00 1.341827103182e-01 1.5156050e-05
156 1.00 1.313037561893e-01 1.7201886e-05
157 1.00 1.309429872530e-01 6.5797304e-06
158 1.00 1.314101320347e-01 1.1711576e-05
159 1.00 1.325341720820e-01 1.4797593e-05
160 1.00 1.323705984625e-01 1.0361570e-05
161 1.00 1.343981839070e-01 1.7860919e-05
162 1.00 1.310746641649e-01 1.5732643e-05
163 1.00 1.335065151385e-01 5.6743088e-06
164 1.00 1.335501054166e-01 7.8893301e-06
165 1.00 1.316274402823e-01 1.0103551e-05
166 1.00 1.332933450089e-01 4.7267264e-06
167 1.00 1.300688237258e-01 9.4225548e-06
168 1.00 1.305635397728e-01 1.0465106e-05
169 1.00 1.330812256493e-01 1.7392055e-05
170 1.00 1.348321442748e-01 1.5473845e-05
171 1.00 1.292842644780e-01 3.6754420e-06
172 1.00 1.312741972156e-01 8.3189514e-06
173 1.00 1.313721776294e-01 4.3738083e-06
174 1.00 1.367890631959e-01 9.0679301e-06
175 1.00 1.308087936007e-01 1.5816947e-05
176 1.00 1.329983760518e-01 5.3206215e-06
177 1.00 1.319673247468e-01 1.0841428e-05
178 1.00 1.351055639994e-01 6.3793694e-06
179 1.00 1.303901518199e-01 1.6038189e-05
180 1.00 1.324484896878e-01 3.8409476e-06
181 1.00 1.299224361570e-01 6.8151268e-06
182 1.00 1.351232237343e-01 6.9635629e-06
183 1.00 1.307450611988e-01 9.2597620e-06
184 1.00 1.318522843744e-01 8.8865732e-06
185 1.00 1.352952167537e-01 1.1066941e-05
186 1.00 1.307567892289e-01 5.9884413e-06
187 1.00 1.296991170106e-01 5.7532992e-06
188 1.00 1.325567210270e-01 1.4357723e-05
189 1.00 1.306516754514e-01 9.4769446e-06
190 1.00 1.330107168078e-01 1.2592090e-05
191 1.00 1.317262969787e-01 1.2481821e-05
192 1.00 1.339456397177e-01 1.1890493e-05
193 1.00 1.322155788064e-01 1.5151966e-05
194 1.00 1.334375200089e-01 5.4680857e-06
195 1.00 1.333145894446e-01 4.8756271e-06
196 1.00 1.314153593971e-01 6.8680569e-06
197 1.00 1.310420747923e-01 1.2636581e-05
198 1.00 1.329635199992e-01 5.3303285e-06
199 1.00 1.317583610792e-01 8.2219806e-06
200 1.00 1.338876318684e-01 1.3145594e-05
201 1.00 1.307232587611e-01 8.6918186e-06
202 1.00 1.291577660270e-01 3.2714278e-06
203 1.00 1.354781592979e-01 1.4156528e-05
204 1.00 1.294468941653e-01 6.1744975e-06
205 1.00 1.346055851616e-01 2.6636866e-06
206 1.00 1.315587197265e-01 1.2186359e-05
207 1.00 1.319824499963e-01 7.0209285e-06
208 1.00 1.312231848310e-01 3.1934301e-06
209 1.00 1.335933158842e-01 1.3615792e-05
210 1.00 1.339851459535e-01 8.6755020e-06
211 1.00 1.326048060160e-01 6.9359872e-06
212 1.00 1.284522535540e-01 7.3502832e-06
213 1.00 1.350693560838e-01 1.2606801e-05
214 1.00 1.318618775045e-01 7.4031223e-06
215 1.00 1.324176283663e-01 1.5145676e-05
216 1.00 1.333293503634e-01 3.4226937e-06
217 1.00 1.336098713056e-01 7.6288122e-06
218 1.00 1.312956849103e-01 5.1380718e-06
219 1.00 1.346744882258e-01 1.1933358e-05
220 1.00 1.317330851387e-01 3.9573260e-06
221 1.00 1.334045123629e-01 7.0423424e-06
222 1.00 1.316434851587e-01 7.1973358e-06
223 1.00 1.304270741572e-01 1.1676746e-05
224 1.00 1.314856709848e-01 1.1327809e-05
225 1.00 1.326244430129e-01 5.5416457e-06
226 1.00 1.314114752235e-01 1.4263236e-05
227 1.00 1.323747456674e-01 1.0972213e-05
228 1.00 1.340933281490e-01 1.3964429e-05
229 1.00 1.317168345079e-01 8.3550966e-06
230 1.00 1.334528675810e-01 1.2461489e-05
231 1.00 1.319996327071e-01 1.2816364e-05
232 1.00 1.342819126032e-01 5.7388454e-06
233 1.00 1.331495050295e-01 1.0487466e-05
234 1.00 1.328293426540e-01 6.8387389e-06
235 1.00 1.284094181319e-01 5.9442520e-06
236 1.00 1.321545646392e-01 9.0051947e-06
237 1.00 1.305785728173e-01 2.8626883e-06
238 1.00 1.304062262162e-01 1.2600770e-05
239 1.00 1.330107066551e-01 6.7257646e-06
240 1.00 1.332621416206e-01 5.6003864e-06
241 1.00 1.350940478651e-01 1.7582034e-05
242 1.00 1.322407191193e-01 1.0046489e-05
243 1.00 1.335131558201e-01 1.1214782e-05
244 1.00 1.339508640167e-01 1.0514773e-05
245 1.00 1.343709807419e-01 3.3419683e-06
246 1.00 1.310964151947e-01 1.0829552e-05
247 1.00 1.284896856109e-01 8.6900054e-06
248 1.00 1.321873939601e-01 6.6072701e-06
249 1.00 1.310680506542e-01 8.1258395e-06
250 1.00 1.304556192404e-01 1.8443791e-06
251 1.00 1.333209931427e-01 2.8952063e-05
252 1.00 1.339207570831e-01 1.0415049e-05
253 1.00 1.317440439257e-01 5.5354662e-06
254 1.00 1.302635048701e-01 7.6475067e-06
255 1.00 1.324010785917e-01 1.2676166e-05
256 1.00 1.312996632221e-01 1.2439050e-05
257 1.00 1.293556767948e-01 8.2365625e-06
258 1.00 1.333737420125e-01 1.3797127e-05
259 1.00 1.292797423371e-01 5.7611258e-06
260 1.00 1.345637168203e-01 6.0139857e-06
261 1.00 1.323900107347e-01 4.5574583e-06
262 1.00 1.309782270514e-01 9.5613524e-06
263 1.00 1.331745208405e-01 1.1142044e-05
264 1.00 1.343668336424e-01 1.0500809e-05
265 1.00 1.331171353652e-01 5.9653786e-06
266 1.00 1.321666155927e-01 1.2223889e-05
267 1.00 1.319996730347e-01 1.4651971e-06
268 1.00 1.358687231708e-01 3.2877367e-06
269 1.00 1.331675638456e-01 1.0115712e-05
270 1.00 1.321019026374e-01 9.8462521e-06
271 1.00 1.269424265189e-01 7.6747919e-06
272 1.00 1.335944309577e-01 9.5551912e-06
273 1.00 1.339956431567e-01 7.9102265e-06
274 1.00 1.299098821997e-01 4.9457275e-06
275 1.00 1.323928940665e-01 7.8147672e-06
276 1.00 1.331411219407e-01 4.5063564e-06
277 1.00 1.308593525026e-01 5.8222000e-06
278 1.00 1.310551754450e-01 1.3143087e-05
279 1.00 1.311829256802e-01 2.3178502e-05
280 1.00 1.288770324438e-01 1.2879338e-05
281 1.00 1.312357682121e-01 1.1088135e-05
282 1.00 1.318254982793e-01 1.5162124e-05
283 1.00 1.310041108045e-01 7.6172863e-06
284 1.00 1.297834050925e-01 4.1076113e-06
285 1.00 1.315099462416e-01 4.0202797e-06
286 1.00 1.318268294604e-01 2.6498598e-06
287 1.00 1.324424659430e-01 9.9136158e-06
288 1.00 1.287754467719e-01 5.4593459e-06
289 1.00 1.302162788915e-01 9.8445872e-06
290 1.00 1.333857700933e-01 9.6933387e-06
291 1.00 1.345260659286e-01 4.9478915e-06
292 1.00 1.297156311631e-01 8.2885466e-06
293 1.00 1.337078471006e-01 9.2911317e-06
294 1.00 1.345711339436e-01 2.2090938e-05
295 1.00 1.353415465420e-01 4.1703022e-06
296 1.00 1.322376364694e-01 2.5446468e-06
297 1.00 1.332125983957e-01 2.1062372e-05
298 1.00 1.334321124508e-01 1.2147926e-05
299 1.00 1.345176108815e-01 1.8905657e-05
300 1.00 1.318656568397e-01 1.0161293e-05
301 1.00 1.335739542723e-01 1.1780955e-05
302 1.00 1.322274947335e-01 9.0391930e-06
303 1.00 1.316084005786e-01 3.4483592e-06
304 1.00 1.350023247519e-01 1.1606449e-05
305 1.00 1.294781023605e-01 1.2773209e-05
306 1.00 1.348021492623e-01 1.3751503e-05
307 1.00 1.284333043667e-01 6.4564970e-06
308 1.00 1.287596906418e-01 8.0228674e-06
309 1.00 1.319213767544e-01 1.2561648e-05
310 1.00 1.318285113429e-01 1.4625989e-05
311 1.00 1.330735499727e-01 9.3787028e-06
312 1.00 1.315111543286e-01 1.2264173e-05
313 1.00 1.332437626558e-01 1.4300796e-05
314 1.00 1.312728049728e-01 9.1616568e-06
315 1.00 1.337259623447e-01 8.5450447e-06
316 1.00 1.308821659661e-01 8.5826655e-06
317 1.00 1.293393440377e-01 9.5324130e-06
318 1.00 1.334258659386e-01 1.0280494e-05
319 1.00 1.301624102218e-01 7.7475671e-06
320 1.00 1.303860249209e-01 5.8256702e-06
321 1.00 1.350755124741e-01 9.1208740e-06
322 1.00 1.282240276967e-01 1.1133638e-05
323 1.00 1.329205811288e-01 1.1530309e-05
324 1.00 1.344187163784e-01 3.0395647e-06
325 1.00 1.323463626151e-01 9.1068170e-06
326 1.00 1.338503068053e-01 5.2893150e-06
327 1.00 1.370633012801e-01 8.9796245e-06
328 1.00 1.307097159310e-01 4.6580903e-06
329 1.00 1.326231697250e-01 1.3821918e-05
330 1.00 1.339846531421e-01 5.7636808e-06
331 1.00 1.303982854738e-01 7.8541731e-06
332 1.00 1.348028791825e-01 9.5429731e-06
333 1.00 1.316835633501e-01 8.2183154e-06
334 1.00 1.328188699391e-01 1.0360280e-05
335 1.00 1.323314647295e-01 3.6223448e-06
336 1.00 1.335308133965e-01 9.1748533e-06
337 1.00 1.304455710365e-01 3.2617520e-06
338 1.00 1.319011982166e-01 8.0700967e-06
339 1.00 1.311022635193e-01 1.2968180e-05
340 1.00 1.335787880708e-01 1.0104083e-05
341 1.00 1.341108818150e-01 6.3756812e-06
342 1.00 1.321011553180e-01 5.4232925e-06
343 1.00 1.302402063250e-01 3.5054457e-06
344 1.00 1.302554031644e-01 7.7756561e-06
345 1.00 1.334121069436e-01 2.3210550e-06
346 1.00 1.315431874509e-01 3.1126764e-06
347 1.00 1.331635138189e-01 6.8740667e-06
348 1.00 1.314947973665e-01 3.7225418e-06
349 1.00 1.305431848976e-01 1.0124791e-05
350 1.00 1.328766796624e-01 1.2786429e-05
351 1.00 1.343530389612e-01 9.2541547e-06
352 1.00 1.314926101235e-01 8.8228766e-06
353 1.00 1.315165200266e-01 3.0007427e-06
354 1.00 1.288666587549e-01 3.8492884e-06
355 1.00 1.326593477922e-01 8.7265352e-06
356 1.00 1.368852972583e-01 8.6045864e-06
357 1.00 1.329642570082e-01 1.1296866e-05
358 1.00 1.301341235058e-01 1.1362671e-05
359 1.00 1.318893092510e-01 8.7140595e-06
360 1.00 1.344181043099e-01 5.7518041e-06
361 1.00 1.323105172188e-01 1.1142906e-05
362 1.00 1.308631433706e-01 8.1151230e-06
363 1.00 1.298508670876e-01 8.3782708e-06
364 1.00 1.353332803066e-01 5.4352038e-06
365 1.00 1.315317308239e-01 9.2140492e-06
366 1.00 1.321334779504e-01 7.1795986e-06
367 1.00 1.318080423153e-01 2.1487744e-05
368 1.00 1.318698981969e-01 7.8335861e-06
369 1.00 1.313575914775e-01 7.8998024e-06
370 1.00 1.339998039115e-01 5.0643443e-06
371 1.00 1.322071806101e-01 1.5971518e-05
372 1.00 1.321261230433e-01 4.7268907e-06
373 1.00 1.303622211575e-01 6.1989645e-06
374 1.00 1.311383176357e-01 2.9716978e-06
375 1.00 1.315599728987e-01 1.6376255e-05
376 1.00 1.304508248986e-01 1.4926017e-05
377 1.00 1.319734095235e-01 2.8502388e-06
378 1.00 1.305232429067e-01 2.1996415e-05
379 1.00 1.320506660479e-01 8.1452023e-06
380 1.00 1.312754491048e-01 7.2490870e-06
381 1.00 1.340908687370e-01 7.5609279e-06
382 1.00 1.331814659436e-01 1.9703452e-05
383 1.00 1.285373555523e-01 8.1746207e-06
384 1.00 1.331479095698e-01 6.8881882e-06
385 1.00 1.319661787784e-01 5.2128051e-06
386 1.00 1.316410865879e-01 7.3161644e-06
387 1.00 1.328169513428e-01 5.9557651e-06
388 1.00 1.345207572495e-01 8.6855768e-06
389 1.00 1.343523430700e-01 1.0151431e-05
390 1.00 1.308832106975e-01 7.1742949e-06
391 1.00 1.356786914208e-01 1.0374979e-05
392 1.00 1.298019354287e-01 1.8812912e-05
393 1.00 1.332026961390e-01 1.0879752e-05
394 1.00 1.326911720926e-01 8.6114271e-06
395 1.00 1.342913689303e-01 1.3996157e-05
396 1.00 1.305401936462e-01 4.5843596e-06
397 1.00 1.360408852618e-01 1.4231174e-05
398 1.00 1.345138009574e-01 1.3957518e-05
399 1.00 1.284842703086e-01 2.8312782e-06
400 1.00 1.339616570649e-01 3.8134449e-06
401 1.00 1.356641347241e-01 1.3454601e-05
402 1.00 1.309850253456e-01 7.4986007e-06
403 1.00 1.326892597369e-01 6.9196354e-06
404 1.00 1.321572670507e-01 2.6469402e-06
405 1.00 1.334266643978e-01 4.0515587e-06
406 1.00 1.314376770702e-01 3.0627916e-06
407 1.00 1.283674115688e-01 1.3883095e-05
408 1.00 1.307659857254e-01 5.6669896e-06
409 1.00 1.314797184389e-01 1.1073668e-05
410 1.00 1.345760003912e-01 2.4351392e-06
411 1.00 1.313368631674e-01 1.8904952e-05
412 1.00 1.311852010524e-01 5.1746064e-06
413 1.00 1.338605099589e-01 5.0297712e-06
414 1.00 1.322493366719e-01 5.8945655e-06
415 1.00 1.308515902824e-01 1.1946164e-05
416 1.00 1.310292680224e-01 5.3463299e-06
417 1.00 1.312187398440e-01 6.8870846e-06
418 1.00 1.319779685772e-01 1.4015005e-05
419 1.00 1.312736354057e-01 4.0057396e-06
420 1.00 1.302484702121e-01 1.1466590e-05
421 1.00 1.321784272718e-01 1.3771601e-05
422 1.00 1.366384418094e-01 1.3535102e-05
423 1.00 1.314329496870e-01 4.4689977e-06
424 1.00 1.324146456034e-01 1.1013999e-05
425 1.00 1.317053137088e-01 3.8187467e-06
426 1.00 1.367755571576e-01 1.1074477e-05
427 1.00 1.324395811088e-01 1.8096142e-06
428 1.00 1.318061685319e-01 1.3406307e-05
429 1.00 1.293536838303e-01 1.7840704e-05
430 1.00 1.318782477565e-01 9.9177135e-06
431 1.00 1.338165833178e-01 5.3992575e-06
432 1.00 1.330723684879e-01 1.1404015e-05
433 1.00 1.313081425859e-01 1.1145685e-05
434 1.00 1.322643367111e-01 5.9390746e-06
435 1.00 1.300100505192e-01 1.0643271e-05
436 1.00 1.331013096698e-01 1.1911287e-05
437 1.00 1.311915690082e-01 8.5292702e-06
438 1.00 1.312263757099e-01 2.2022634e-05
439 1.00 1.313165109171e-01 1.3611988e-05
440 1.00 1.355735270837e-01 8.4969594e-06
441 1.00 1.344493263732e-01 5.8427780e-06
442 1.00 1.341636804929e-01 4.6948702e-06
443 1.00 1.333637974693e-01 2.9321054e-05
444 1.00 1.309013554951e-01 6.8782022e-06
445 1.00 1.340315859209e-01 3.5964381e-06
446 1.00 1.319106399416e-01 1.6147343e-05
447 1.00 1.328063302104e-01 9.8676677e-06
448 1.00 1.323621936307e-01 1.0470863e-05
449 1.00 1.335387209096e-01 1.5043718e-05
450 1.00 1.351231229939e-01 7.2106223e-06
451 1.00 1.301573868407e-01 3.6079672e-06
452 1.00 1.316842387149e-01 9.6627508e-06
453 1.00 1.326756159112e-01 1.5097907e-05
454 1.00 1.327580915833e-01 8.1410009e-06
455 1.00 1.291333029234e-01 1.2947117e-06
456 1.00 1.303693552291e-01 6.4540353e-06
457 1.00 1.328925541575e-01 1.9343634e-05
458 1.00 1.284318472165e-01 7.6814821e-06
459 1.00 1.309306476824e-01 6.6467835e-06
460 1.00 1.296010509467e-01 5.3127188e-06
461 1.00 1.329811777014e-01 2.0787129e-05
462 1.00 1.290619897229e-01 7.2257337e-06
463 1.00 1.324736140230e-01 1.1364661e-05
464 1.00 1.287303389390e-01 1.3945230e-05
465 1.00 1.329595593835e-01 5.8193089e-06
466 1.00 1.297999324328e-01 1.0109800e-05
467 1.00 1.313221825183e-01 1.9066191e-05
468 1.00 1.335681858284e-01 8.0414797e-06
469 1.00 1.287808677987e-01 5.7126971e-06
470 1.00 1.323344953157e-01 5.7255880e-06
471 1.00 1.301683862610e-01 8.4302600e-06
472 1.00 1.291097828592e-01 4.5242380e-06
473 1.00 1.295459188704e-01 1.0692720e-05
474 1.00 1.333258687001e-01 2.8535496e-06
475 1.00 1.302872361448e-01 2.3892866e-05
476 1.00 1.305952539019e-01 5.6656914e-06
477 1.00 1.321222457736e-01 8.7466238e-06
478 1.00 1.312694693029e-01 8.0170905e-06
479 1.00 1.297764608221e-01 1.0046652e-05
480 1.00 1.313695071137e-01 1.4090812e-05
481 1.00 1.324554773048e-01 5.7605950e-06
482 1.00 1.300651353319e-01 2.9326611e-06
483 1.00 1.351176122861e-01 7.1260309e-06
484 1.00 1.337142187383e-01 9.6863098e-06
485 1.00 1.346787745153e-01 3.6130041e-06
486 1.00 1.335146184229e-01 7.0882372e-06
487 1.00 1.310699197284e-01 5.0517716e-06
488 1.00 1.348412105492e-01 1.0221229e-05
489 1.00 1.331511097813e-01 7.7183351e-06
490 1.00 1.324411859225e-01 7.2490861e-06
491 1.00 1.352520695423e-01 1.1071092e-05
492 1.00 1.322833154317e-01 1.1238767e-05
493 1.00 1.318233698269e-01 1.3135663e-05
494 1.00 1.333644355618e-01 1.0321556e-05
495 1.00 1.321229152868e-01 1.1316194e-05
496 1.00 1.319501883863e-01 9.3997097e-06
497 1.00 1.344485488741e-01 8.9684970e-06
498 1.00 1.296219966693e-01 4.3575258e-06
499 1.00 1.321115505177e-01 4.0095992e-06
500 1.00 1.312673408677e-01 1.0320490e-05
