1 -1.00 1.309589413794e-01 2.3849388e-05
2 -1.00 1.235666818972e-01 7.5586042e-06
3 -1.00 1.347254481942e-01 1.1600235e-05
4 -1.00 1.430553411220e-01 2.2571701e-05
5 -1.00 1.388536064450e-01 1.0648939e-04
6 -1.00 1.377482473559e-01 2.6877605e-05
7 -1.00 1.420046141964e-01 4.5584233e-05
8 -1.00 1.396219066506e-01 1.2269731e-05
9 -1.00 1.334791175247e-01 2.6432177e-05
10 -1.00 1.304586536143e-01 3.1863540e-05
11 -1.00 1.301272219496e-01 4.8640608e-06
12 -1.00 1.345257537994e-01 1.1431033e-05
13 -1.00 1.320935022038e-01 1.2459752e-05
14 -1.00 1.395881885938e-01 9.7031149e-06
15 -1.00 1.304286194350e-01 2.2308574e-05
16 -1.00 1.396036471746e-01 1.4412122e-05
17 -1.00 1.363214767106e-01 2.3887819e-05
18 -1.00 1.296878938689e-01 2.1090965e-05
19 -1.00 1.382244401121e-01 1.1490845e-05
20 -1.00 1.289937895162e-01 1.0301437e-05
21 -1.00 1.402617657371e-01 8.7038100e-06
22 -1.00 1.195898237709e-01 5.4704709e-06
23 -1.00 1.322963333614e-01 2.2607850e-05
24 -1.00 1.372992009307e-01 2.9157117e-05
25 -1.00 1.378366285348e-01 1.0791496e-05
26 -1.00 1.353241280057e-01 3.0801180e-05
27 -1.00 1.299226092923e-01 1.7940650e-05
28 -1.00 1.268312910713e-01 1.5918675e-05
29 -1.00 1.303108603812e-01 8.4160903e-06
30 -1.00 1.308831405099e-01 8.1052959e-06
31 -1.00 1.274120034151e-01 2.3937417e-05
32 -1.00 1.372138189804e-01 2.4737978e-05
33 -1.00 1.287700318436e-01 1.8124980e-05
34 -1.00 1.380456030755e-01 4.0167064e-05
35 -1.00 1.273048339065e-01 3.6103948e-05
36 -1.00 1.369805442949e-01 3.8224336e-05
37 -1.00 1.333822237690e-01 4.6432009e-06
38 -1.00 1.463481733691e-01 1.3412544e-05
39 -1.00 1.238022537329e-01 1.9412475e-05
40 -1.00 1.291121884765e-01 1.0402507e-05
41 -1.00 1.326521442606e-01 2.3586043e-05
42 -1.00 1.235536130267e-01 1.7314284e-05
43 -1.00 1.348481045878e-01 2.0039090e-05
44 -1.00 1.373734821167e-01 1.7734724e-05
45 -1.00 1.403832047104e-01 8.2908956e-06
46 -1.00 1.328838710056e-01 3.5390449e-05
47 -1.00 1.399962537847e-01 1.3153804e-05
48 -1.00 1.309607452675e-01 6.9492648e-06
49 -1.00 1.352071586066e-01 4.3047296e-05
50 -1.00 1.405554758162e-01 1.1176997e-05
51 -1.00 1.379047834147e-01 1.7935613e-05
52 -1.00 1.275031554835e-01 2.0133680e-05
53 -1.00 1.461340818546e-01 3.7802896e-05
54 -1.00 1.450289598806e-01 2.3749259e-05
55 -1.00 1.296578801564e-01 1.6676954e-05
56 -1.00 1.313617712596e-01 2.1620993e-05
57 -1.00 1.291211379616e-01 4.5491170e-05
58 -1.00 1.335665840304e-01 2.4268891e-05
59 -1.00 1.380482059964e-01 1.2301907e-05
60 -1.00 1.372178978222e-01 3.2859147e-05
61 -1.00 1.339053506071e-01 2.7968140e-05
62 -1.00 1.484809807890e-01 1.0061261e-05
63 -1.00 1.427682465191e-01 5.1595503e-05
64 -1.00 1.286974173075e-01 1.5476395e-05
65 -1.00 1.435685688403e-01 2.0362415e-05
66 -1.00 1.345402474735e-01 2.1879546e-05
67 -1.00 1.277441195749e-01 1.2274118e-05
68 -1.00 1.412598632129e-01 1.6811531e-05
69 -1.00 1.351143169123e-01 1.5489706e-05
70 -1.00 1.325625020061e-01 1.4219790e-05
71 -1.00 1.349349013526e-01 1.4873773e-05
72 -1.00 1.353175908416e-01 1.7218276e-05
73 -1.00 1.355079454987e-01 1.9068008e-05
74 -1.00 1.356811871548e-01 3.2131132e-05
75 -1.00 1.373953287895e-01 1.3950762e-05
76 -1.00 1.413639170128e-01 4.2085314e-05
77 -1.00 1.270579467980e-01 1.2599247e-05
78 -1.00 1.280450502032e-01 2.3832791e-05
79 -1.00 1.343556392214e-01 1.8420015e-05
80 -1.00 1.340244686025e-01 3.1676145e-05
81 -1.00 1.353800928089e-01 2.5574013e-05
82 -1.00 1.312255943883e-01 1.2959356e-05
83 -1.00 1.283511951675e-01 4.1504467e-06
84 -1.00 1.322365388205e-01 1.2985733e-05
85 -1.00 1.366922378039e-01 2.0244467e-05
86 -1.00 1.481697469094e-01 1.1429410e-05
87 -1.00 1.336634958107e-01 1.9761860e-05
88 -1.00 1.291187262000e-01 1.2227826e-05
89 -1.00 1.334664559075e-01 5.6279641e-06
90 -1.00 1.422823193217e-01 7.4596243e-06
91 -1.00 1.199519221402e-01 1.2675072e-05
92 -1.00 1.389972502798e-01 1.9654021e-05
93 -1.00 1.303950105578e-01 3.3498199e-05
94 -1.00 1.380647905349e-01 2.0331917e-05
95 -1.00 1.365859289543e-01 1.6908106e-05
96 -1.00 1.424162963820e-01 7.7197742e-06
97 -1.00 1.309749669663e-01 1.0630985e-05
98 -1.00 1.393696717322e-01 2.5990224e-05
99 -1.00 1.401155470495e-01 4.2495215e-05
100 -1.00 1.276252939156e-01 1.0654410e-05
101 -1.00 1.444675474596e-01 2.4079909e-05
102 -1.00 1.409442531438e-01 1.4907198e-05
103 -1.00 1.361032945798e-01 3.5049493e-05
104 -1.00 1.308410209223e-01 8.7780975e-06
105 -1.00 1.356414574770e-01 9.2578002e-06
106 -1.00 1.455033915878e-01 2.9702520e-05
107 -1.00 1.343288633788e-01 3.1879308e-05
108 -1.00 1.425208937273e-01 1.4458378e-05
109 -1.00 1.284002410999e-01 1.2746172e-05
110 -1.00 1.394388385492e-01 1.5233969e-05
111 -1.00 1.378368945049e-01 2.2202958e-05
112 -1.00 1.331166637461e-01 3.1062010e-05
113 -1.00 1.316110446446e-01 9.3249698e-06
114 -1.00 1.447397865779e-01 1.5186662e-05
115 -1.00 1.316118805013e-01 2.8106912e-05
116 -1.00 1.353442084114e-01 3.5030126e-05
117 -1.00 1.298185616771e-01 1.4962014e-05
118 -1.00 1.415182056657e-01 2.6103456e-05
119 -1.00 1.301395928148e-01 3.3279124e-05
120 -1.00 1.407588782132e-01 4.2350905e-05
121 -1.00 1.374810880004e-01 2.0018072e-05
122 -1.00 1.388462361619e-01 1.4218404e-05
123 -1.00 1.255540014375e-01 1.1856496e-05
124 -1.00 1.297640455936e-01 1.1621375e-05
125 -1.00 1.319859066843e-01 3.1956519e-05
126 -1.00 1.440813319526e-01 3.4751023e-05
127 -1.00 1.205176081285e-01 1.6408389e-05
128 -1.00 1.391999472032e-01 2.5774656e-05
129 -1.00 1.332483267991e-01 5.4068159e-05
130 -1.00 1.424270022932e-01 3.3096868e-05
131 -1.00 1.269462359368e-01 2.5011985e-05
132 -1.00 1.501735006642e-01 2.0424900e-05
133 -1.00 1.403851278484e-01 2.1784418e-05
134 -1.00 1.369893899996e-01 2.0036013e-05
135 -1.00 1.406210433461e-01 8.0648003e-06
136 -1.00 1.353227721356e-01 1.6229202e-05
137 -1.00 1.326594832928e-01 3.3318735e-05
138 -1.00 1.351730224777e-01 2.3380501e-05
139 -1.00 1.297444210016e-01 2.5022042e-05
140 -1.00 1.189765533050e-01 1.7256132e-05
141 -1.00 1.429102991680e-01 1.7435771e-05
142 -1.00 1.209929910022e-01 1.4849973e-05
143 -1.00 1.269725826253e-01 1.2666092e-05
144 -1.00 1.459787106565e-01 2.4964857e-05
145 -1.00 1.423982609906e-01 2.1060084e-05
146 -1.00 1.284376844144e-01 1.2426855e-05
147 -1.00 1.432126826621e-01 2.1019195e-05
148 -1.00 1.338953349361e-01 2.3128348e-05
149 -1.00 1.397468223984e-01 2.7188821e-05
150 -1.00 1.429073850710e-01 4.4608542e-05
151 -1.00 1.334034644962e-01 1.7391869e-05
152 -1.00 1.297019181357e-01 2.4323935e-05
153 -1.00 1.307343205346e-01 1.7896415e-05
154 -1.00 1.429572133835e-01 1.9828262e-05
155 -1.00 1.262344699765e-01 1.9956314e-05
156 -1.00 1.361899203893e-01 6.7244433e-06
157 -1.00 1.431983128439e-01 2.6410957e-05
158 -1.00 1.255395317470e-01 1.7885563e-05
159 -1.00 1.358489935270e-01 2.4892952e-05
160 -1.00 1.267765540003e-01 7.2630305e-06
161 -1.00 1.334879656520e-01 3.0451226e-05
162 -1.00 1.202116842946e-01 2.2370662e-05
163 -1.00 1.353790998635e-01 1.9010589e-05
164 -1.00 1.349507245177e-01 2.0645328e-05
165 -1.00 1.417201913409e-01 1.2268254e-05
166 -1.00 1.299427178481e-01 1.3154106e-05
167 -1.00 1.262167604527e-01 2.1093083e-05
168 -1.00 1.439592864279e-01 2.7557897e-05
169 -1.00 1.260518942922e-01 2.3990615e-05
170 -1.00 1.289632937415e-01 2.2360874e-05
171 -1.00 1.222117944314e-01 1.6336271e-05
172 -1.00 1.337986598894e-01 6.6763504e-06
173 -1.00 1.329530522337e-01 4.3349129e-06
174 -1.00 1.306561545567e-01 2.8788809e-05
175 -1.00 1.324261774814e-01 1.2524743e-05
176 -1.00 1.380296557337e-01 1.2305556e-05
177 -1.00 1.370137690172e-01 1.8592282e-05
178 -1.00 1.404865239013e-01 2.8587076e-05
179 -1.00 1.283399197849e-01 2.4465427e-05
180 -1.00 1.285792121642e-01 2.0381736e-05
181 -1.00 1.329889173621e-01 2.4136104e-05
182 -1.00 1.270784692102e-01 9.6254326e-06
183 -1.00 1.358359812342e-01 1.8236182e-05
184 -1.00 1.337159852458e-01 2.7789777e-05
185 -1.00 1.227139789502e-01 8.6152759e-06
186 -1.00 1.338569191376e-01 1.9815676e-05
187 -1.00 1.371420666942e-01 1.8603098e-05
188 -1.00 1.276774785660e-01 2.9013469e-05
189 -1.00 1.316585607376e-01 5.0659338e-05
190 -1.00 1.378189498571e-01 1.5983623e-05
191 -1.00 1.300372787663e-01 3.0490034e-05
192 -1.00 1.495529471559e-01 5.5906672e-05
193 -1.00 1.220480151948e-01 1.1176814e-05
194 -1.00 1.364289441683e-01 1.2786434e-05
195 -1.00 1.278696473115e-01 7.9685588e-06
196 -1.00 1.323345815050e-01 1.4302997e-05
197 -1.00 1.459197624137e-01 1.9427677e-05
198 -1.00 1.271816915491e-01 9.8745457e-06
199 -1.00 1.303360753759e-01 3.3589092e-05
200 -1.00 1.391264380934e-01 2.2632021e-05
201 -1.00 1.406510679622e-01 4.1554645e-05
202 -1.00 1.249563565832e-01 1.4207204e-05
203 -1.00 1.348313952548e-01 2.9659057e-05
204 -1.00 1.393406349531e-01 1.8301018e-05
205 -1.00 1.402566385299e-01 4.5251598e-06
206 -1.00 1.281435548157e-01 2.2938839e-05
207 -1.00 1.170210488835e-01 1.9362011e-05
208 -1.00 1.308334952685e-01 1.9108416e-05
209 -1.00 1.300129905656e-01 2.0211888e-05
210 -1.00 1.429601804784e-01 3.0187902e-05
211 -1.00 1.396462730180e-01 1.6444904e-05
212 -1.00 1.321075837564e-01 2.2809335e-05
213 -1.00 1.256046613302e-01 9.9328539e-06
214 -1.00 1.308395582531e-01 1.0377752e-05
215 -1.00 1.275051404714e-01 8.4562925e-06
216 -1.00 1.440235382510e-01 2.4492764e-05
217 -1.00 1.342306578072e-01 1.3154767e-05
218 -1.00 1.362143818630e-01 2.9378760e-05
219 -1.00 1.539001974411e-01 1.3981645e-05
220 -1.00 1.525504252559e-01 8.5641707e-05
221 -1.00 1.359547627629e-01 2.7613439e-05
222 -1.00 1.295135129604e-01 2.6957518e-05
223 -1.00 1.409661736355e-01 1.4230734e-05
224 -1.00 1.232734725813e-01 1.5726162e-05
225 -1.00 1.455854589351e-01 2.1442571e-05
226 -1.00 1.411688918671e-01 2.4021073e-05
227 -1.00 1.338965601457e-01 1.4057669e-05
228 -1.00 1.425650663222e-01 1.3934049e-05
229 -1.00 1.374267501912e-01 1.6274713e-05
230 -1.00 1.370446638821e-01 1.2807267e-05
231 -1.00 1.376468420550e-01 3.1253252e-05
232 -1.00 1.214284916380e-01 3.2093795e-05
233 -1.00 1.342285000970e-01 1.1192852e-05
234 -1.00 1.275914830072e-01 4.9529991e-05
235 -1.00 1.344037172522e-01 1.0123145e-05
236 -1.00 1.326382076134e-01 2.3906708e-05
237 -1.00 1.210434500995e-01 3.3654802e-05
238 -1.00 1.346273376910e-01 3.4197642e-05
239 -1.00 1.316442610869e-01 1.0718270e-05
240 -1.00 1.488551420253e-01 2.3824892e-05
241 -1.00 1.448539969714e-01 4.5582058e-05
242 -1.00 1.301194829975e-01 2.6950030e-05
243 -1.00 1.342810390158e-01 2.9169164e-05
244 -1.00 1.399293040046e-01 3.4240081e-05
245 -1.00 1.304803481666e-01 2.9678554e-05
246 -1.00 1.431513869838e-01 3.7784417e-05
247 -1.00 1.327147337052e-01 1.7065333e-05
248 -1.00 1.426336449971e-01 1.0455543e-05
249 -1.00 1.381888362673e-01 2.1954792e-05
250 -1.00 1.347408297252e-01 1.7892602e-05
251 -1.00 1.343458567291e-01 1.4729079e-05
252 -1.00 1.411670786863e-01 1.8203447e-05
253 -1.00 1.345121780058e-01 3.0170969e-05
254 -1.00 1.434666445253e-01 2.3950056e-05
255 -1.00 1.315148346894e-01 6.2064226e-06
256 -1.00 1.344560649827e-01 2.3971862e-05
257 -1.00 1.296096851113e-01 1.0947490e-05
258 -1.00 1.303424552383e-01 8.0363758e-06
259 -1.00 1.392391119199e-01 9.4224503e-06
260 -1.00 1.257559142300e-01 1.6976869e-05
261 -1.00 1.348938439636e-01 4.4399208e-05
262 -1.00 1.252961383300e-01 1.6941318e-05
263 -1.00 1.399354923212e-01 1.2365123e-05
264 -1.00 1.271653871887e-01 3.1639824e-05
265 -1.00 1.263008268820e-01 1.2256269e-05
266 -1.00 1.439835766717e-01 3.2519594e-05
267 -1.00 1.285307696983e-01 1.4929214e-05
268 -1.00 1.311879096458e-01 3.3552224e-05
269 -1.00 1.312047748533e-01 2.1431824e-05
270 -1.00 1.326083479166e-01 2.2383685e-05
271 -1.00 1.337471338134e-01 2.0275677e-05
272 -1.00 1.267952789496e-01 8.5833715e-06
273 -1.00 1.289142553824e-01 1.7516180e-05
274 -1.00 1.307112449325e-01 2.0797101e-05
275 -1.00 1.238991233272e-01 1.8662309e-05
276 -1.00 1.394060734824e-01 1.7873042e-05
277 -1.00 1.310120892527e-01 8.0510597e-06
278 -1.00 1.407343433386e-01 3.2796133e-05
279 -1.00 1.262614599150e-01 1.3585368e-05
280 -1.00 1.370313604411e-01 4.1811163e-05
281 -1.00 1.349793269669e-01 1.1460312e-05
282 -1.00 1.412809720356e-01 1.7900868e-05
283 -1.00 1.291493021504e-01 6.3743976e-06
284 -1.00 1.305160261637e-01 2.7821169e-05
285 -1.00 1.473383681925e-01 1.0607674e-05
286 -1.00 1.330623851212e-01 1.9855314e-05
287 -1.00 1.364668751229e-01 1.8784804e-05
288 -1.00 1.383799761918e-01 3.7857390e-05
289 -1.00 1.408788889698e-01 2.1912480e-05
290 -1.00 1.422554294639e-01 3.2716172e-05
291 -1.00 1.482774962749e-01 3.3182501e-05
292 -1.00 1.387016203273e-01 2.2772112e-05
293 -1.00 1.266142065151e-01 4.5317933e-06
294 -1.00 1.447611234723e-01 3.3857613e-05
295 -1.00 1.460631703671e-01 1.1865605e-05
296 -1.00 1.343200840435e-01 2.7853621e-05
297 -1.00 1.292714083436e-01 2.7061240e-05
298 -1.00 1.364806131081e-01 7.5465346e-06
299 -1.00 1.407455394177e-01 1.8272969e-05
300 -1.00 1.434566939553e-01 2.1703178e-05
301 -1.00 1.384525300046e-01 2.3026756e-05
302 -1.00 1.389688467939e-01 3.2835030e-05
303 -1.00 1.317054251051e-01 1.1785144e-05
304 -1.00 1.376579487463e-01 2.3869310e-05
305 -1.00 1.366616661000e-01 2.0360607e-05
306 -1.00 1.325159329277e-01 1.0067244e-05
307 -1.00 1.348806781905e-01 3.7207267e-05
308 -1.00 1.277842987535e-01 3.4814168e-06
309 -1.00 1.277347836206e-01 3.6896401e-05
310 -1.00 1.351909727248e-01 2.1690394e-05
311 -1.00 1.333857826375e-01 3.7718820e-05
312 -1.00 1.396544596478e-01 1.1133072e-05
313 -1.00 1.480922744388e-01 1.7133962e-05
314 -1.00 1.289199097515e-01 1.9892781e-05
315 -1.00 1.344865767217e-01 1.4828910e-05
316 -1.00 1.443611344297e-01 3.2534381e-05
317 -1.00 1.342828831696e-01 2.7095593e-05
318 -1.00 1.355615875609e-01 3.9504031e-05
319 -1.00 1.414872631115e-01 7.5955026e-06
320 -1.00 1.316709981180e-01 1.6634617e-05
321 -1.00 1.355234931183e-01 4.1751313e-05
322 -1.00 1.483720156124e-01 2.0095860e-05
323 -1.00 1.351356488173e-01 1.3565168e-05
324 -1.00 1.334118137919e-01 1.6355918e-05
325 -1.00 1.529918136666e-01 2.1684477e-05
326 -1.00 1.349565529056e-01 9.1214942e-06
327 -1.00 1.261380351661e-01 2.5638256e-05
328 -1.00 1.419712330989e-01 1.2740147e-05
329 -1.00 1.232773053557e-01 1.3856825e-05
330 -1.00 1.406288121515e-01 2.6573131e-05
331 -1.00 1.466818032030e-01 6.4751592e-06
332 -1.00 1.379641241007e-01 3.1935612e-05
333 -1.00 1.360439115010e-01 1.4328413e-05
334 -1.00 1.248938119182e-01 1.1053910e-05
335 -1.00 1.441144550676e-01 3.6464234e-05
336 -1.00 1.247784000308e-01 7.5257398e-06
337 -1.00 1.307994287742e-01 2.1330696e-05
338 -1.00 1.325644390287e-01 2.2069885e-05
339 -1.00 1.300984534237e-01 1.4848023e-05
340 -1.00 1.313813482044e-01 1.2353486e-05
341 -1.00 1.324924548125e-01 1.3701468e-05
342 -1.00 1.371116780176e-01 1.6367475e-05
343 -1.00 1.389455157851e-01 2.3505130e-05
344 -1.00 1.351447797023e-01 2.1004037e-05
345 -1.00 1.321382538922e-01 2.7095134e-05
346 -1.00 1.372476011340e-01 1.0175318e-05
347 -1.00 1.255819783595e-01 2.2874551e-05
348 -1.00 1.401907972357e-01 1.3710749e-05
349 -1.00 1.347620944152e-01 1.4449969e-05
350 -1.00 1.329939117098e-01 2.5951610e-05
351 -1.00 1.335523372691e-01 3.3773169e-05
352 -1.00 1.329033590742e-01 3.0929536e-05
353 -1.00 1.444603102005e-01 5.1740410e-05
354 -1.00 1.301261889494e-01 7.8210751e-06
355 -1.00 1.381683829028e-01 1.2695478e-05
356 -1.00 1.374844020911e-01 1.0417799e-05
357 -1.00 1.407420399814e-01 1.1769533e-05
358 -1.00 1.409873156355e-01 1.7269572e-05
359 -1.00 1.288957010765e-01 1.4520126e-05
360 -1.00 1.266620336597e-01 2.4565191e-05
361 -1.00 1.336443574645e-01 1.4813161e-05
362 -1.00 1.323674153910e-01 2.5457460e-05
363 -1.00 1.407067935146e-01 1.5617463e-05
364 -1.00 1.445195829722e-01 2.5059119e-05
365 -1.00 1.397040924464e-01 2.1928721e-05
366 -1.00 1.445171976939e-01 3.4437214e-05
367 -1.00 1.289016584860e-01 2.1017132e-05
368 -1.00 1.404093324867e-01 2.4208462e-05
369 -1.00 1.404404575195e-01 4.0959446e-05
370 -1.00 1.377850441738e-01 3.8049859e-05
371 -1.00 1.316404071245e-01 2.6823650e-05
372 -1.00 1.230779602861e-01 1.7066152e-05
373 -1.00 1.486298825958e-01 3.1200679e-05
374 -1.00 1.422892113447e-01 3.2155206e-05
375 -1.00 1.384373778543e-01 3.9680240e-05
376 -1.00 1.459397341569e-01 3.5164949e-05
377 -1.00 1.266843817455e-01 1.2288101e-05
378 -1.00 1.432984189278e-01 2.1140670e-05
379 -1.00 1.320974262971e-01 1.9174934e-05
380 -1.00 1.309973375379e-01 1.0887333e-05
381 -1.00 1.350464356551e-01 6.7133611e-06
382 -1.00 1.477534243396e-01 2.1127917e-05
383 -1.00 1.314741681055e-01 2.7927456e-05
384 -1.00 1.386121732358e-01 1.6289118e-05
385 -1.00 1.317851064885e-01 1.7494032e-05
386 -1.00 1.311084493461e-01 2.5804103e-05
387 -1.00 1.208384141892e-01 6.2352231e-06
388 -1.00 1.253396099205e-01 1.2750046e-05
389 -1.00 1.403313974623e-01 1.0096717e-05
390 -1.00 1.316543222568e-01 1.2784793e-05
391 -1.00 1.341436426113e-01 1.2395350e-05
392 -1.00 1.453741035973e-01 1.1564970e-05
393 -1.00 1.309531873475e-01 1.1479340e-05
394 -1.00 1.367656899587e-01 3.3576369e-05
395 -1.00 1.272355023432e-01 1.5686246e-05
396 -1.00 1.394381943600e-01 3.2346384e-05
397 -1.00 1.263124337314e-01 2.0063052e-05
398 -1.00 1.373962574292e-01 2.0208453e-05
399 -1.00 1.348229642517e-01 2.4333996e-05
400 -1.00 1.325411454294e-01 2.5486748e-05
401 -1.00 1.403730805228e-01 9.8489528e-06
402 -1.00 1.288609686578e-01 3.5251356e-05
403 -1.00 1.503245225666e-01 1.8530634e-05
404 -1.00 1.341316689998e-01 2.2625617e-05
405 -1.00 1.376190455029e-01 3.1734849e-05
406 -1.00 1.394406369595e-01 1.6728877e-05
407 -1.00 1.420467259689e-01 2.1310969e-05
408 -1.00 1.455427463508e-01 4.5876629e-05
409 -1.00 1.293184639757e-01 1.1420191e-05
410 -1.00 1.238933300475e-01 3.0401583e-05
411 -1.00 1.266415982679e-01 3.0614047e-05
412 -1.00 1.365031354083e-01 1.1314179e-05
413 -1.00 1.358013327755e-01 1.5301620e-05
414 -1.00 1.322525118226e-01 2.0562282e-05
415 -1.00 1.422874237480e-01 2.4231308e-05
416 -1.00 1.327156564424e-01 1.6342900e-05
417 -1.00 1.365091597480e-01 5.6021330e-06
418 -1.00 1.374981371199e-01 1.2974021e-05
419 -1.00 1.372817857102e-01 1.1238661e-05
420 -1.00 1.354255252160e-01 2.0226662e-05
421 -1.00 1.456885815400e-01 6.8272456e-06
422 -1.00 1.402339237718e-01 2.4037596e-05
423 -1.00 1.466050204855e-01 3.7420959e-05
424 -1.00 1.318411890574e-01 2.6946427e-05
425 -1.00 1.302003324871e-01 1.8261102e-05
426 -1.00 1.358884662114e-01 1.2179844e-05
427 -1.00 1.453586980064e-01 3.0559622e-05
428 -1.00 1.324664101180e-01 3.2373748e-05
429 -1.00 1.529293160815e-01 2.3051312e-05
430 -1.00 1.432339018997e-01 2.0127032e-05
431 -1.00 1.375334237977e-01 1.5025221e-05
432 -1.00 1.306419186474e-01 1.6648771e-05
433 -1.00 1.361184011820e-01 2.1928423e-05
434 -1.00 1.238638762113e-01 1.1450849e-05
435 -1.00 1.525829433424e-01 2.0407792e-05
436 -1.00 1.305756109535e-01 2.1052733e-05
437 -1.00 1.317834806668e-01 1.7624830e-05
438 -1.00 1.263018426518e-01 2.0755994e-05
439 -1.00 1.226385533817e-01 2.2086243e-05
440 -1.00 1.288209531509e-01 2.9760163e-05
441 -1.00 1.343904214922e-01 1.6724405e-05
442 -1.00 1.449173256789e-01 1.9885705e-05
443 -1.00 1.257090914088e-01 3.1157644e-06
444 -1.00 1.340283417478e-01 1.0146771e-05
445 -1.00 1.397933918252e-01 3.2102196e-05
446 -1.00 1.349580002329e-01 2.4154598e-05
447 -1.00 1.316635430822e-01 2.7352780e-05
448 -1.00 1.326926842889e-01 2.4718753e-05
449 -1.00 1.298037315341e-01 4.4479172e-05
450 -1.00 1.386000706641e-01 3.2031091e-05
451 -1.00 1.472470588065e-01 2.3427641e-05
452 -1.00 1.433202541389e-01 1.0569375e-05
453 -1.00 1.342257985828e-01 8.3003290e-06
454 -1.00 1.390925123082e-01 1.7931145e-05
455 -1.00 1.218183698629e-01 2.7079596e-05
456 -1.00 1.424511290342e-01 1.9074017e-05
457 -1.00 1.329217173267e-01 1.2055833e-05
458 -1.00 1.275740558986e-01 1.8799674e-05
459 -1.00 1.357006911355e-01 2.4014378e-05
460 -1.00 1.427715843528e-01 3.4861308e-05
461 -1.00 1.346399092767e-01 1.0263062e-05
462 -1.00 1.336795987039e-01 1.4181213e-05
463 -1.00 1.241848844370e-01 3.2116931e-05
464 -1.00 1.410877279901e-01 1.2641014e-05
465 -1.00 1.323528291287e-01 3.2123159e-05
466 -1.00 1.249662091173e-01 1.0071597e-05
467 -1.00 1.280723125895e-01 3.6803123e-05
468 -1.00 1.425250820884e-01 1.5282728e-05
469 -1.00 1.348452468647e-01 2.8588145e-05
470 -1.00 1.331726341407e-01 1.8253604e-05
471 -1.00 1.350405036236e-01 1.3276765e-05
472 -1.00 1.239934923671e-01 1.4670410e-05
473 -1.00 1.329928908949e-01 2.5453293e-05
474 -1.00 1.310069832371e-01 1.3024207e-05
475 -1.00 1.348143079096e-01 1.3867966e-05
476 -1.00 1.368242389310e-01 2.5350939e-05
477 -1.00 1.482059892289e-01 4.1557489e-05
478 -1.00 1.372676423960e-01 1.5596953e-05
479 -1.00 1.318454252539e-01 2.3841056e-05
480 -1.00 1.257229851797e-01 1.3289831e-05
481 -1.00 1.314283463508e-01 1.4232243e-05
482 -1.00 1.402939871886e-01 2.1886045e-05
483 -1.00 1.318477998632e-01 1.0917391e-05
484 -1.00 1.232764398062e-01 1.4035247e-05
485 -1.00 1.276494815621e-01 8.1199182e-06
486 -1.00 1.395538959098e-01 1.3259412e-05
487 -1.00 1.344253334219e-01 1.4574860e-05
488 -1.00 1.256421920417e-01 2.2987723e-05
489 -1.00 1.351992968204e-01 2.6462708e-05
490 -1.00 1.186956284909e-01 9.5851274e-06
491 -1.00 1.367740966165e-01 2.9031404e-05
492 -1.00 1.300139247389e-01 3.1126907e-05
493 -1.00 1.314316087881e-01 2.7799247e-05
494 -1.00 1.290295447379e-01 1.7366808e-05
495 -1.00 1.374033784848e-01 1.6274798e-05
496 -1.00 1.342876274254e-01 1.0089728e-05
497 -1.00 1.366399021880e-01 1.6305656e-05
498 -1.00 1.264168177608e-01 3.4277326e-05
499 -1.00 1.393246321427e-01 1.1587543e-05
500 -1.00 1.336651099258e-01 3.2571638e-05
1 -0.75 1.314597017840e-01 2.0630425e-05
2 -0.75 1.284754570233e-01 1.2318248e-05
3 -0.75 1.314668569241e-01 2.0652208e-05
4 -0.75 1.391713042403e-01 3.1937796e-05
5 -0.75 1.362802140038e-01 4.1176360e-05
6 -0.75 1.326952566975e-01 3.2015913e-05
7 -0.75 1.390409340758e-01 1.1412979e-05
8 -0.75 1.345989200350e-01 2.7724840e-05
9 -0.75 1.368491802951e-01 1.4572598e-05
10 -0.75 1.266827341050e-01 3.3439183e-05
11 -0.75 1.301356676637e-01 3.7393688e-05
12 -0.75 1.335755306249e-01 2.9094488e-05
13 -0.75 1.314987890479e-01 1.0018811e-05
14 -0.75 1.411699268973e-01 2.5459442e-05
15 -0.75 1.282898872005e-01 2.2720277e-05
16 -0.75 1.342991650707e-01 1.2661562e-05
17 -0.75 1.325751837947e-01 2.3773061e-05
18 -0.75 1.266766154678e-01 1.4119214e-05
19 -0.75 1.331332990008e-01 2.7086303e-05
20 -0.75 1.231798680353e-01 1.5630126e-05
21 -0.75 1.410867298443e-01 4.1090828e-05
22 -0.75 1.202687892787e-01 5.8990085e-06
23 -0.75 1.300647049753e-01 2.8364099e-05
24 -0.75 1.356428497185e-01 1.6405752e-05
25 -0.75 1.366309234481e-01 2.4555625e-05
26 -0.75 1.308853633918e-01 8.7323576e-06
27 -0.75 1.248581535953e-01 2.8539078e-05
28 -0.75 1.232881551974e-01 1.0668319e-05
29 -0.75 1.285940215410e-01 3.7105186e-05
30 -0.75 1.278870323428e-01 1.8459451e-05
31 -0.75 1.262780797543e-01 8.1526370e-06
32 -0.75 1.330089475870e-01 1.9082330e-05
33 -0.75 1.291203691493e-01 3.0014724e-05
34 -0.75 1.342975032062e-01 5.0169010e-05
35 -0.75 1.268984191693e-01 5.1312650e-05
36 -0.75 1.346024447239e-01 9.0497011e-06
37 -0.75 1.312347761978e-01 2.1996191e-05
38 -0.75 1.445806158760e-01 5.4189104e-05
39 -0.75 1.196401485853e-01 1.7985909e-05
40 -0.75 1.257122752121e-01 1.2301641e-05
41 -0.75 1.361312462460e-01 4.1849438e-05
42 -0.75 1.209193150307e-01 1.1081047e-05
43 -0.75 1.326556138382e-01 1.8832412e-05
44 -0.75 1.345854735080e-01 2.1603385e-05
45 -0.75 1.385894046276e-01 1.7234379e-05
46 -0.75 1.333695923049e-01 2.5903399e-05
47 -0.75 1.317509207379e-01 1.0583901e-05
48 -0.75 1.294482687538e-01 3.8915467e-05
49 -0.75 1.344496807642e-01 3.8110081e-05
50 -0.75 1.381716876567e-01 4.4207538e-05
51 -0.75 1.338378445638e-01 1.4414764e-05
52 -0.75 1.251062230963e-01 9.7780663e-06
53 -0.75 1.363187655559e-01 1.2378329e-05
54 -0.75 1.432984528587e-01 2.0306315e-05
55 -0.75 1.311815307990e-01 1.4428527e-05
56 -0.75 1.290359967597e-01 1.4726851e-05
57 -0.75 1.293953046845e-01 2.8027950e-05
58 -0.75 1.313954134697e-01 1.9459998e-05
59 -0.75 1.396350326389e-01 2.0454245e-05
60 -0.75 1.363526137104e-01 2.6368407e-05
61 -0.75 1.312069578122e-01 2.7921587e-05
62 -0.75 1.425861805565e-01 6.5415264e-05
63 -0.75 1.384615460442e-01 3.1460504e-05
64 -0.75 1.262735663236e-01 2.0017603e-05
65 -0.75 1.421806998804e-01 2.1821794e-05
66 -0.75 1.314252995979e-01 1.5534534e-05
67 -0.75 1.294702466738e-01 1.9195228e-05
68 -0.75 1.344061144585e-01 2.4205402e-05
69 -0.75 1.320674343292e-01 1.1232421e-05
70 -0.75 1.307269063454e-01 1.9010061e-05
71 -0.75 1.345680195050e-01 4.8643268e-06
72 -0.75 1.284124140924e-01 8.3585097e-06
73 -0.75 1.298312741740e-01 1.2878679e-05
74 -0.75 1.315989266277e-01 2.6132815e-05
75 -0.75 1.342132547624e-01 1.7054652e-05
76 -0.75 1.371816257680e-01 1.5690385e-05
77 -0.75 1.282789997315e-01 2.5500471e-05
78 -0.75 1.234010915438e-01 1.7320528e-05
79 -0.75 1.309241896811e-01 3.5715872e-05
80 -0.75 1.295654521361e-01 4.0700820e-05
81 -0.75 1.350658877296e-01 1.3951701e-05
82 -0.75 1.285684016756e-01 2.7621719e-05
83 -0.75 1.254632888421e-01 6.8865599e-06
84 -0.75 1.283714976559e-01 1.0079018e-05
85 -0.75 1.304863176682e-01 1.3650085e-05
86 -0.75 1.411518200310e-01 4.8492002e-05
87 -0.75 1.326055884196e-01 2.3722735e-05
88 -0.75 1.228456136021e-01 2.5391899e-05
89 -0.75 1.319765370622e-01 1.6445357e-05
90 -0.75 1.376000986445e-01 5.6399431e-05
91 -0.75 1.207035110231e-01 1.4317833e-05
92 -0.75 1.334705757773e-01 1.8267238e-05
93 -0.75 1.303750705308e-01 1.4925098e-05
94 -0.75 1.343929158323e-01 6.5465774e-05
95 -0.75 1.353664015156e-01 1.2894663e-05
96 -0.75 1.370272365941e-01 2.1997593e-05
97 -0.75 1.305333410132e-01 5.2281274e-05
98 -0.75 1.336008568479e-01 1.5705058e-05
99 -0.75 1.364720109915e-01 2.2978901e-05
100 -0.75 1.247094189877e-01 1.8671755e-05
101 -0.75 1.420443343155e-01 3.3452380e-05
102 -0.75 1.399954384413e-01 8.7775038e-06
103 -0.75 1.346978896569e-01 2.3662993e-05
104 -0.75 1.255870422969e-01 2.2960236e-05
105 -0.75 1.348916762952e-01 6.2654517e-06
106 -0.75 1.359264480118e-01 1.8685413e-05
107 -0.75 1.344105632776e-01 2.9517248e-05
108 -0.75 1.418852250522e-01 9.9490998e-06
109 -0.75 1.282268488042e-01 1.4133365e-05
110 -0.75 1.356653689771e-01 1.1209991e-05
111 -0.75 1.352129906593e-01 3.2433153e-05
112 -0.75 1.299348046639e-01 7.3407068e-06
113 -0.75 1.309682582940e-01 3.4528495e-05
114 -0.75 1.418512224582e-01 1.1888866e-05
115 -0.75 1.282920719213e-01 1.5793262e-05
116 -0.75 1.275602551650e-01 1.0018563e-05
117 -0.75 1.271736202376e-01 2.6392278e-05
118 -0.75 1.360985264926e-01 6.8413788e-06
119 -0.75 1.241973697226e-01 1.4001149e-05
120 -0.75 1.378988025845e-01 1.1216585e-05
121 -0.75 1.368041957435e-01 1.9106355e-05
122 -0.75 1.344651612839e-01 1.4040221e-05
123 -0.75 1.230991631391e-01 1.9592529e-05
124 -0.75 1.285989245268e-01 2.0077609e-05
125 -0.75 1.284527793678e-01 2.2299951e-05
126 -0.75 1.394123310086e-01 1.9432505e-05
127 -0.75 1.206086736359e-01 3.0819327e-05
128 -0.75 1.378213102834e-01 1.0031909e-05
129 -0.75 1.303819674186e-01 1.5963303e-05
130 -0.75 1.404222633492e-01 1.4573079e-05
131 -0.75 1.239654231685e-01 3.3516725e-05
132 -0.75 1.466695076508e-01 1.6718501e-05
133 -0.75 1.355203190993e-01 2.0191738e-05
134 -0.75 1.393269777095e-01 1.5815197e-05
135 -0.75 1.363376840480e-01 4.8497241e-05
136 -0.75 1.319138354975e-01 3.5100162e-05
137 -0.75 1.284139470909e-01 2.5395891e-05
138 -0.75 1.330150216947e-01 2.8208316e-05
139 -0.75 1.253323074598e-01 2.1284038e-05
140 -0.75 1.191202780381e-01 2.3334076e-05
141 -0.75 1.358781150201e-01 2.4513634e-05
142 -0.75 1.214741882515e-01 6.6020344e-06
143 -0.75 1.249548804937e-01 1.5836652e-05
144 -0.75 1.413291039633e-01 2.8393597e-05
145 -0.75 1.393296772018e-01 2.7707816e-05
146 -0.75 1.261347905394e-01 3.4032968e-05
147 -0.75 1.410189837331e-01 2.0024849e-05
148 -0.75 1.289215521839e-01 1.9921025e-05
149 -0.75 1.332129582150e-01 9.2444580e-06
150 -0.75 1.384988056830e-01 2.5181167e-05
151 -0.75 1.314426371502e-01 1.3778400e-05
152 -0.75 1.278793305440e-01 2.5547517e-05
153 -0.75 1.275653573958e-01 2.3339387e-05
154 -0.75 1.391437590261e-01 1.3230390e-05
155 -0.75 1.224424675189e-01 6.4680562e-05
156 -0.75 1.371842832129e-01 5.5090805e-05
157 -0.75 1.416100403816e-01 1.4892411e-05
158 -0.75 1.251227023986e-01 1.7415789e-05
159 -0.75 1.322736892860e-01 1.0161134e-05
160 -0.75 1.258252607900e-01 1.1577211e-05
161 -0.75 1.339880771823e-01 5.4485240e-05
162 -0.75 1.192119262992e-01 1.8434646e-05
163 -0.75 1.299142800458e-01 1.1574183e-05
164 -0.75 1.327054220156e-01 2.2978713e-05
165 -0.75 1.370939223637e-01 9.4298051e-06
166 -0.75 1.271083879453e-01 1.9160673e-05
167 -0.75 1.254897751949e-01 1.9576613e-05
168 -0.75 1.414022205348e-01 2.5261351e-05
169 -0.75 1.242553630963e-01 4.2487927e-06
170 -0.75 1.229842797471e-01 4.4753619e-05
171 -0.75 1.241144319204e-01 3.2072117e-05
172 -0.75 1.310124432986e-01 2.3313127e-05
173 -0.75 1.311130295703e-01 1.6728449e-05
174 -0.75 1.279675682797e-01 1.5903413e-05
175 -0.75 1.307804963140e-01 3.2872817e-05
176 -0.75 1.379434067011e-01 1.6243949e-05
177 -0.75 1.369899330154e-01 1.5207253e-05
178 -0.75 1.369990472330e-01 1.2009407e-05
179 -0.75 1.246444871533e-01 1.7316415e-05
180 -0.75 1.303224056871e-01 5.1514070e-05
181 -0.75 1.292383812633e-01 2.4879064e-05
182 -0.75 1.226017500804e-01 4.0478403e-05
183 -0.75 1.333311881464e-01 2.2315378e-05
184 -0.75 1.279997908194e-01 1.0486089e-05
185 -0.75 1.203019316386e-01 1.0096607e-05
186 -0.75 1.319138094267e-01 2.8137817e-05
187 -0.75 1.370110493096e-01 2.2314895e-05
188 -0.75 1.269535608384e-01 2.8802828e-05
189 -0.75 1.272590598848e-01 2.3515262e-05
190 -0.75 1.387090240826e-01 2.6014659e-05
191 -0.75 1.265562445509e-01 1.3053344e-05
192 -0.75 1.432424093732e-01 3.8813680e-05
193 -0.75 1.198255069158e-01 1.0023516e-05
194 -0.75 1.358110315787e-01 1.0826942e-05
195 -0.75 1.257169424227e-01 1.5404916e-05
196 -0.75 1.324112201631e-01 2.9746920e-05
197 -0.75 1.449305356628e-01 1.7625785e-05
198 -0.75 1.257129552351e-01 2.3744441e-05
199 -0.75 1.284595450653e-01 6.7322402e-06
200 -0.75 1.368602979359e-01 1.9168329e-05
201 -0.75 1.378588555303e-01 4.2706630e-05
202 -0.75 1.307203307438e-01 3.0776095e-05
203 -0.75 1.284072530488e-01 2.2374368e-05
204 -0.75 1.303794258126e-01 1.3382295e-05
205 -0.75 1.339403213255e-01 2.8665079e-05
206 -0.75 1.258245921765e-01 1.6737361e-05
207 -0.75 1.156448151338e-01 1.4630957e-05
208 -0.75 1.290994441699e-01 1.1891329e-05
209 -0.75 1.297641109419e-01 1.4616360e-05
210 -0.75 1.340164501534e-01 4.2301163e-05
211 -0.75 1.368722705932e-01 3.1141121e-05
212 -0.75 1.284754587217e-01 5.5809445e-05
213 -0.75 1.242078662092e-01 2.4868163e-05
214 -0.75 1.245475592885e-01 1.9459554e-05
215 -0.75 1.217045493555e-01 2.7185793e-06
216 -0.75 1.383884729585e-01 1.4803191e-05
217 -0.75 1.319133304000e-01 1.9441127e-05
218 -0.75 1.346737952365e-01 2.1606716e-05
219 -0.75 1.473842819517e-01 2.7764101e-05
220 -0.75 1.471670347699e-01 2.6328962e-05
221 -0.75 1.316053987619e-01 5.6724344e-05
222 -0.75 1.264660979101e-01 1.8196114e-05
223 -0.75 1.389085150632e-01 2.3418822e-05
224 -0.75 1.194590571122e-01 1.4591899e-05
225 -0.75 1.430143306584e-01 1.0886236e-05
226 -0.75 1.393522166065e-01 1.2596572e-05
227 -0.75 1.319199369187e-01 2.0023437e-05
228 -0.75 1.345322109336e-01 1.4050877e-05
229 -0.75 1.345425533746e-01 9.1859059e-06
230 -0.75 1.345432020404e-01 1.1058633e-05
231 -0.75 1.352030395501e-01 2.6922778e-05
232 -0.75 1.231395804617e-01 2.5357813e-05
233 -0.75 1.314628627330e-01 2.7916718e-05
234 -0.75 1.255094164757e-01 2.0233310e-05
235 -0.75 1.321095821198e-01 1.6404975e-05
236 -0.75 1.338544520341e-01 2.5059540e-05
237 -0.75 1.208290509566e-01 2.7919159e-05
238 -0.75 1.341539717068e-01 1.5512487e-05
239 -0.75 1.311506542552e-01 2.7425581e-05
240 -0.75 1.438606311854e-01 1.4100319e-05
241 -0.75 1.412425138462e-01 1.5055272e-05
242 -0.75 1.302972209015e-01 3.0407350e-05
243 -0.75 1.333559323524e-01 2.5311058e-05
244 -0.75 1.357107324365e-01 4.5490431e-05
245 -0.75 1.312743935214e-01 3.8684882e-05
246 -0.75 1.397089678479e-01 3.7773655e-05
247 -0.75 1.297223014397e-01 2.7494472e-05
248 -0.75 1.397129564547e-01 1.1694953e-05
249 -0.75 1.355015765359e-01 2.7021838e-05
250 -0.75 1.297251923299e-01 1.5937473e-05
251 -0.75 1.346202608804e-01 6.0782009e-05
252 -0.75 1.370051629182e-01 1.7167867e-05
253 -0.75 1.285061295576e-01 1.8304355e-05
254 -0.75 1.368752064256e-01 1.3112056e-05
255 -0.75 1.293140275273e-01 2.3352764e-05
256 -0.75 1.345050947939e-01 3.1983911e-05
257 -0.75 1.275633887847e-01 3.4553023e-05
258 -0.75 1.281941013539e-01 5.2326590e-05
259 -0.75 1.375317057575e-01 1.6071363e-05
260 -0.75 1.255989743806e-01 8.4715456e-06
261 -0.75 1.306643734430e-01 1.6437114e-05
262 -0.75 1.225336647969e-01 1.7669471e-05
263 -0.75 1.378195650364e-01 2.1174591e-05
264 -0.75 1.267508683562e-01 2.4465916e-05
265 -0.75 1.245545649591e-01 4.6553470e-05
266 -0.75 1.427001173422e-01 2.4568960e-05
267 -0.75 1.250652248788e-01 2.2560572e-05
268 -0.75 1.315459743288e-01 1.7132842e-05
269 -0.75 1.312924425723e-01 4.6171590e-06
270 -0.75 1.302831570370e-01 2.5667523e-05
271 -0.75 1.306311703949e-01 4.4311888e-05
272 -0.75 1.201175783398e-01 2.1961730e-05
273 -0.75 1.257354716293e-01 8.0312659e-06
274 -0.75 1.267763393196e-01 1.8473307e-05
275 -0.75 1.212409544912e-01 1.5129967e-05
276 -0.75 1.375112353985e-01 3.2843640e-05
277 -0.75 1.258357254631e-01 2.2360253e-05
278 -0.75 1.341456805446e-01 3.9465506e-05
279 -0.75 1.225492067137e-01 2.8359169e-05
280 -0.75 1.346923258512e-01 9.8988027e-06
281 -0.75 1.325571132632e-01 1.8350811e-05
282 -0.75 1.373777492973e-01 2.9293334e-05
283 -0.75 1.246720241643e-01 2.3756583e-05
284 -0.75 1.241139277230e-01 2.3953185e-05
285 -0.75 1.431215730932e-01 1.3843778e-05
286 -0.75 1.313065481969e-01 1.6569867e-05
287 -0.75 1.339613041389e-01 3.9331817e-05
288 -0.75 1.382629684885e-01 1.9179243e-05
289 -0.75 1.397161746857e-01 1.9311656e-05
290 -0.75 1.345460862720e-01 1.2100917e-05
291 -0.75 1.473727537107e-01 6.0013717e-05
292 -0.75 1.375499491655e-01 1.8044967e-05
293 -0.75 1.286252089313e-01 2.7713053e-05
294 -0.75 1.404208786830e-01 3.5810908e-05
295 -0.75 1.399217857739e-01 1.9097346e-05
296 -0.75 1.331651903757e-01 2.2958553e-05
297 -0.75 1.298465199862e-01 2.7161771e-05
298 -0.75 1.320059003397e-01 2.8838427e-05
299 -0.75 1.377747246859e-01 3.6990424e-05
300 -0.75 1.370676338255e-01 2.1497639e-05
301 -0.75 1.350318256995e-01 4.2849584e-05
302 -0.75 1.350595813554e-01 3.3599158e-05
303 -0.75 1.307764790905e-01 1.9076325e-05
304 -0.75 1.328154962472e-01 1.4888250e-05
305 -0.75 1.310589917844e-01 4.9451927e-06
306 -0.75 1.304320175207e-01 1.9586545e-05
307 -0.75 1.302188633760e-01 3.1002923e-05
308 -0.75 1.278504635302e-01 2.0232973e-05
309 -0.75 1.300742072924e-01 2.0125853e-05
310 -0.75 1.329234586685e-01 1.9256820e-05
311 -0.75 1.292475892030e-01 2.2234943e-05
312 -0.75 1.358423658468e-01 5.3762643e-05
313 -0.75 1.433256151134e-01 2.3545582e-05
314 -0.75 1.309415689576e-01 3.9506418e-05
315 -0.75 1.303591156491e-01 1.5138615e-05
316 -0.75 1.357732780651e-01 3.2501251e-05
317 -0.75 1.305017502405e-01 3.6197393e-05
318 -0.75 1.354187940274e-01 1.6750382e-05
319 -0.75 1.363602202206e-01 2.8159362e-05
320 -0.75 1.277868822722e-01 2.2130662e-05
321 -0.75 1.307882908258e-01 2.2072245e-05
322 -0.75 1.444874032512e-01 2.4688158e-05
323 -0.75 1.349008754758e-01 1.3435888e-05
324 -0.75 1.321663594285e-01 1.7469997e-05
325 -0.75 1.468671035436e-01 1.4612907e-05
326 -0.75 1.346190883691e-01 1.3637980e-05
327 -0.75 1.238209110578e-01 1.9213208e-05
328 -0.75 1.350143787297e-01 3.3971353e-05
329 -0.75 1.251406981586e-01 3.5411485e-05
330 -0.75 1.362440378508e-01 8.2073922e-06
331 -0.75 1.432336101884e-01 1.7125016e-05
332 -0.75 1.325184882388e-01 1.3531571e-05
333 -0.75 1.327356713879e-01 4.8089476e-05
334 -0.75 1.226694229394e-01 2.5616371e-05
335 -0.75 1.376641235721e-01 2.6016225e-05
336 -0.75 1.239305846355e-01 1.1506656e-05
337 -0.75 1.268530576696e-01 3.1352319e-05
338 -0.75 1.317764167045e-01 3.9870112e-05
339 -0.75 1.302563550741e-01 4.5789113e-05
340 -0.75 1.284148739063e-01 4.5428203e-05
341 -0.75 1.297417360022e-01 1.6317264e-05
342 -0.75 1.359299917359e-01 2.3298761e-05
343 -0.75 1.321844719756e-01 2.9578269e-05
344 -0.75 1.283958049199e-01 1.2044062e-05
345 -0.75 1.293108153620e-01 1.0586010e-05
346 -0.75 1.322796153958e-01 2.3396828e-05
347 -0.75 1.227398378077e-01 1.5143235e-05
348 -0.75 1.337708484880e-01 2.1387553e-05
349 -0.75 1.333599642324e-01 1.1023107e-05
350 -0.75 1.274095195007e-01 1.2211213e-05
351 -0.75 1.305156946161e-01 1.6509505e-05
352 -0.75 1.310241168446e-01 1.2386793e-05
353 -0.75 1.400010261273e-01 3.1974589e-05
354 -0.75 1.299127735664e-01 1.1318460e-05
355 -0.75 1.376611612511e-01 2.3582803e-05
356 -0.75 1.410858234623e-01 2.6844231e-05
357 -0.75 1.322431932134e-01 2.4356874e-05
358 -0.75 1.364832092912e-01 2.6642524e-05
359 -0.75 1.275881804886e-01 1.9625936e-05
360 -0.75 1.250554521984e-01 1.6379830e-05
361 -0.75 1.290156856400e-01 2.5485552e-05
362 -0.75 1.295996060898e-01 1.6938989e-05
363 -0.75 1.348078948480e-01 2.5096885e-05
364 -0.75 1.425991742420e-01 2.2857720e-05
365 -0.75 1.377882543654e-01 3.3770746e-05
366 -0.75 1.419863630638e-01 3.2091138e-05
367 -0.75 1.257860002278e-01 3.3445867e-05
368 -0.75 1.373403580334e-01 1.6874198e-05
369 -0.75 1.402576273221e-01 1.1057164e-05
370 -0.75 1.293357878752e-01 7.4566997e-06
371 -0.75 1.274857838224e-01 4.6703460e-05
372 -0.75 1.223887274439e-01 1.2901117e-05
373 -0.75 1.455976766392e-01 1.5089118e-05
374 -0.75 1.399282005982e-01 5.5921979e-05
375 -0.75 1.354327137326e-01 2.1414496e-05
376 -0.75 1.413042082638e-01 1.7731643e-05
377 -0.75 1.263476659774e-01 3.9596962e-06
378 -0.75 1.408114207065e-01 3.5108495e-05
379 -0.75 1.283526295573e-01 1.5763997e-05
380 -0.75 1.282809359465e-01 1.2642834e-05
381 -0.75 1.336635903020e-01 7.4292082e-06
382 -0.75 1.431195741599e-01 2.5213679e-05
383 -0.75 1.263294615317e-01 8.6388312e-06
384 -0.75 1.350461798036e-01 1.9237356e-05
385 -0.75 1.246424514604e-01 2.3741700e-05
386 -0.75 1.298708700619e-01 1.5250431e-05
387 -0.75 1.222370045202e-01 2.3623410e-05
388 -0.75 1.255030346554e-01 2.8119204e-05
389 -0.75 1.385206867646e-01 3.8514638e-05
390 -0.75 1.284357891439e-01 2.5376465e-05
391 -0.75 1.336533462549e-01 2.2694037e-05
392 -0.75 1.382137142023e-01 2.8590736e-05
393 -0.75 1.347969219174e-01 5.4276277e-05
394 -0.75 1.351041527223e-01 3.0539019e-05
395 -0.75 1.217397478663e-01 1.1909688e-05
396 -0.75 1.394536532737e-01 5.6570945e-05
397 -0.75 1.255821141529e-01 1.7938419e-05
398 -0.75 1.352796469221e-01 4.7221762e-05
399 -0.75 1.337173021676e-01 3.5030701e-05
400 -0.75 1.307623665822e-01 2.6012684e-05
401 -0.75 1.346464920420e-01 2.6226540e-05
402 -0.75 1.283519371902e-01 1.2519160e-05
403 -0.75 1.500151555469e-01 1.8185057e-05
404 -0.75 1.341778819101e-01 4.4407941e-05
405 -0.75 1.347151819433e-01 1.3603350e-05
406 -0.75 1.371023951704e-01 1.2025282e-05
407 -0.75 1.384908711099e-01 3.0823450e-05
408 -0.75 1.441267821123e-01 4.6638120e-05
409 -0.75 1.286699400078e-01 2.8064656e-05
410 -0.75 1.236796528594e-01 1.6906046e-05
411 -0.75 1.245919089207e-01 1.4321410e-05
412 -0.75 1.353941452351e-01 3.5176791e-05
413 -0.75 1.334029814362e-01 1.8436392e-05
414 -0.75 1.325236876524e-01 1.8594817e-05
415 -0.75 1.380221161729e-01 3.4139655e-05
416 -0.75 1.325491806004e-01 1.2280705e-05
417 -0.75 1.319976154185e-01 2.7346102e-05
418 -0.75 1.335318581499e-01 4.0012318e-05
419 -0.75 1.338092176671e-01 2.5311562e-05
420 -0.75 1.325600950108e-01 2.2714534e-05
421 -0.75 1.443864771788e-01 1.1493681e-05
422 -0.75 1.378476399715e-01 1.7867861e-05
423 -0.75 1.419130656580e-01 6.1863933e-06
424 -0.75 1.296342107711e-01 1.6572576e-05
425 -0.75 1.281602635116e-01 1.1816245e-05
426 -0.75 1.340047478908e-01 4.4923061e-05
427 -0.75 1.395766665107e-01 7.4362599e-06
428 -0.75 1.318954482362e-01 1.3118853e-05
429 -0.75 1.489047727052e-01 3.5623937e-05
430 -0.75 1.382228886200e-01 2.1839451e-05
431 -0.75 1.333028889018e-01 4.7010720e-05
432 -0.75 1.328992696160e-01 5.5449141e-06
433 -0.75 1.337109555997e-01 6.3137342e-06
434 -0.75 1.240208212968e-01 3.3987812e-05
435 -0.75 1.442404654561e-01 2.6408486e-05
436 -0.75 1.263848447091e-01 9.9910288e-06
437 -0.75 1.357059008023e-01 3.7882318e-05
438 -0.75 1.266867771221e-01 3.7576231e-05
439 -0.75 1.205845123522e-01 2.8518175e-05
440 -0.75 1.252924216543e-01 4.8094995e-06
441 -0.75 1.340274211847e-01 1.2626125e-05
442 -0.75 1.406953990678e-01 5.0255488e-05
443 -0.75 1.235097927099e-01 3.1685768e-05
444 -0.75 1.293222551686e-01 1.9397346e-05
445 -0.75 1.417681480390e-01 2.8505110e-05
446 -0.75 1.353807362854e-01 2.6119427e-05
447 -0.75 1.274737287018e-01 1.9212254e-05
448 -0.75 1.324284068950e-01 5.1989392e-05
449 -0.75 1.258820041618e-01 8.8025045e-06
450 -0.75 1.370903709990e-01 2.2302288e-05
451 -0.75 1.420502497683e-01 1.8293291e-05
452 -0.75 1.382492322679e-01 2.3001738e-05
453 -0.75 1.332616232845e-01 3.9595466e-05
454 -0.75 1.357778805991e-01 4.3800255e-05
455 -0.75 1.195087539149e-01 1.6392208e-05
456 -0.75 1.392739157678e-01 2.2912166e-05
457 -0.75 1.281991904174e-01 2.3298157e-05
458 -0.75 1.297554394633e-01 8.9663383e-06
459 -0.75 1.304855931815e-01 1.1416890e-05
460 -0.75 1.415571607427e-01 3.8060920e-05
461 -0.75 1.311636352047e-01 1.8932162e-05
462 -0.75 1.310438870830e-01 1.6088827e-05
463 -0.75 1.264731131472e-01 8.2307516e-06
464 -0.75 1.425631691872e-01 3.4139512e-05
465 -0.75 1.276456018754e-01 1.7707240e-05
466 -0.75 1.212904642012e-01 3.9763680e-05
467 -0.75 1.296941236948e-01 1.7331244e-05
468 -0.75 1.413552124311e-01 1.6583967e-05
469 -0.75 1.349822721265e-01 1.7020792e-05
470 -0.75 1.284520583575e-01 2.5986337e-05
471 -0.75 1.330011098840e-01 2.2375377e-05
472 -0.75 1.228047951440e-01 7.7213482e-06
473 -0.75 1.325904706497e-01 4.7373861e-05
474 -0.75 1.295399852265e-01 1.0527515e-05
475 -0.75 1.324704767754e-01 2.7430479e-05
476 -0.75 1.307475786067e-01 2.6413466e-05
477 -0.75 1.402361062900e-01 1.8229948e-05
478 -0.75 1.348298561246e-01 1.5124324e-05
479 -0.75 1.332920740256e-01 2.5693228e-05
480 -0.75 1.235882649492e-01 2.5687621e-05
481 -0.75 1.302414355488e-01 2.0864302e-05
482 -0.75 1.353987708149e-01 2.5380811e-05
483 -0.75 1.317946094466e-01 2.4911551e-05
484 -0.75 1.259747688141e-01 1.6146921e-05
485 -0.75 1.248506571005e-01 3.8537774e-05
486 -0.75 1.370852081621e-01 2.3383096e-05
487 -0.75 1.280967214673e-01 1.0221666e-05
488 -0.75 1.234999012383e-01 2.7801227e-05
489 -0.75 1.304152371186e-01 2.0830929e-05
490 -0.75 1.161376901941e-01 2.9387553e-05
491 -0.75 1.346229186815e-01 1.2704654e-05
492 -0.75 1.274030905898e-01 2.2585313e-05
493 -0.75 1.287639277277e-01 1.7706077e-05
494 -0.75 1.296732317117e-01 1.1667263e-05
495 -0.75 1.337234041571e-01 3.0129167e-05
496 -0.75 1.316433899733e-01 3.0627279e-05
497 -0.75 1.314479123205e-01 2.4437622e-05
498 -0.75 1.236048776033e-01 1.6791948e-05
499 -0.75 1.353061872043e-01 2.4396256e-05
500 -0.75 1.327932319478e-01 1.6845128e-05
1 -0.50 1.291023836084e-01 1.4895219e-05
2 -0.50 1.245807833567e-01 7.2680002e-06
3 -0.50 1.285523120286e-01 1.9691706e-05
4 -0.50 1.343370950732e-01 1.6598969e-05
5 -0.50 1.343579392663e-01 2.4048449e-05
6 -0.50 1.322276325328e-01 9.6959834e-06
7 -0.50 1.397975432235e-01 1.9201130e-05
8 -0.50 1.319892731559e-01 2.4542445e-05
9 -0.50 1.268604741242e-01 1.5502237e-05
10 -0.50 1.249044844804e-01 2.1637946e-05
11 -0.50 1.284406493200e-01 3.9456786e-05
12 -0.50 1.327671119423e-01 3.0906257e-05
13 -0.50 1.275772919493e-01 9.5986684e-06
14 -0.50 1.386139993860e-01 3.1943224e-05
15 -0.50 1.268778897391e-01 2.2971802e-05
16 -0.50 1.313203436066e-01 1.6935670e-05
17 -0.50 1.322116272210e-01 1.3160701e-05
18 -0.50 1.275048696297e-01 1.5737467e-05
19 -0.50 1.326122248318e-01 2.1965412e-05
20 -0.50 1.223214409701e-01 3.1092037e-05
21 -0.50 1.326895553806e-01 2.2664463e-05
22 -0.50 1.195091140542e-01 1.7370248e-05
23 -0.50 1.280604441639e-01 1.8912585e-05
24 -0.50 1.323633059835e-01 4.2574136e-05
25 -0.50 1.318979724636e-01 3.7280444e-05
26 -0.50 1.301685807427e-01 3.1544356e-05
27 -0.50 1.265498513156e-01 3.1036662e-05
28 -0.50 1.222235920633e-01 1.6432551e-05
29 -0.50 1.244072784947e-01 1.5929603e-05
30 -0.50 1.267883344405e-01 2.4504164e-05
31 -0.50 1.238427788063e-01 2.7386811e-05
32 -0.50 1.309797936030e-01 3.1917185e-05
33 -0.50 1.242107547433e-01 1.5955569e-05
34 -0.50 1.327485293463e-01 2.1113409e-05
35 -0.50 1.216000905935e-01 2.0313689e-05
36 -0.50 1.350618434775e-01 4.2685324e-05
37 -0.50 1.297290199326e-01 1.4011672e-05
38 -0.50 1.369284941882e-01 2.1695223e-05
39 -0.50 1.181591090764e-01 1.7684067e-05
40 -0.50 1.208430962904e-01 1.6673205e-05
41 -0.50 1.321876072005e-01 3.8636273e-05
42 -0.50 1.202179491963e-01 1.5093965e-05
43 -0.50 1.260103609032e-01 1.3588791e-05
44 -0.50 1.314433473841e-01 1.8411256e-05
45 -0.50 1.344734313247e-01 3.3151372e-05
46 -0.50 1.334337989052e-01 1.5237963e-05
47 -0.50 1.314499950286e-01 1.4556331e-05
48 -0.50 1.278774377830e-01 3.0331515e-05
49 -0.50 1.298265784750e-01 3.9337701e-05
50 -0.50 1.356766255945e-01 1.2462427e-05
51 -0.50 1.330637327056e-01 2.0698919e-05
52 -0.50 1.249475914005e-01 4.6949009e-05
53 -0.50 1.351281088907e-01 1.1932874e-05
54 -0.50 1.414422849204e-01 5.0122352e-05
55 -0.50 1.299112269062e-01 2.6319379e-05
56 -0.50 1.265149573609e-01 2.0668999e-05
57 -0.50 1.267693582917e-01 2.0512182e-05
58 -0.50 1.275110200909e-01 2.7355147e-05
59 -0.50 1.312937572588e-01 2.6121755e-05
60 -0.50 1.327340852122e-01 3.7217597e-05
61 -0.50 1.283970097577e-01 2.0505374e-05
62 -0.50 1.376271445314e-01 1.7943714e-05
63 -0.50 1.367829285254e-01 2.0216601e-05
64 -0.50 1.264211420232e-01 3.5087868e-05
65 -0.50 1.381088346218e-01 2.8979907e-05
66 -0.50 1.320303698101e-01 6.2948033e-06
67 -0.50 1.264813744710e-01 1.8202601e-05
68 -0.50 1.334242279359e-01 6.9721968e-06
69 -0.50 1.281799289131e-01 3.9228449e-05
70 -0.50 1.293710612213e-01 4.3594744e-05
71 -0.50 1.317029763046e-01 3.8175257e-05
72 -0.50 1.286363479154e-01 4.0821571e-05
73 -0.50 1.285091655854e-01 2.0313447e-05
74 -0.50 1.335575908101e-01 2.5081745e-05
75 -0.50 1.297977042093e-01 1.0754117e-05
76 -0.50 1.318206680253e-01 3.4566537e-05
77 -0.50 1.259815024330e-01 1.2707363e-05
78 -0.50 1.206382559115e-01 1.8704919e-05
79 -0.50 1.276405132806e-01 2.3979505e-05
80 -0.50 1.262059270518e-01 1.8825285e-05
81 -0.50 1.318777673870e-01 1.5150008e-05
82 -0.50 1.253131344129e-01 2.1642710e-05
83 -0.50 1.222210749178e-01 3.8897014e-05
84 -0.50 1.283771875872e-01 4.0050471e-05
85 -0.50 1.272409786874e-01 5.2134576e-05
86 -0.50 1.416779987224e-01 2.5446039e-05
87 -0.50 1.331976836082e-01 3.5773810e-05
88 -0.50 1.230743679272e-01 4.4875758e-05
89 -0.50 1.271424430280e-01 3.7189282e-05
90 -0.50 1.350922715631e-01 2.2548795e-05
91 -0.50 1.184580290749e-01 9.3374229e-06
92 -0.50 1.316371698195e-01 1.9197061e-05
93 -0.50 1.262256929521e-01 1.5616790e-05
94 -0.50 1.343289662229e-01 1.3789727e-05
95 -0.50 1.329193694758e-01 1.4218755e-05
96 -0.50 1.350327419424e-01 3.9372174e-05
97 -0.50 1.295584797403e-01 1.1764290e-05
98 -0.50 1.338294968777e-01 3.5036702e-05
99 -0.50 1.373921129668e-01 2.4042304e-05
100 -0.50 1.233458829274e-01 7.1864592e-06
101 -0.50 1.394467107501e-01 2.3204206e-05
102 -0.50 1.364324806338e-01 8.4651506e-06
103 -0.50 1.302376556098e-01 3.7856390e-05
104 -0.50 1.266550995280e-01 8.9651260e-06
105 -0.50 1.281304065120e-01 6.1947773e-06
106 -0.50 1.385508825231e-01 3.9282052e-05
107 -0.50 1.327084505836e-01 1.6960201e-05
108 -0.50 1.377161828815e-01 3.9246407e-05
109 -0.50 1.273109887465e-01 3.6627252e-05
110 -0.50 1.319001081440e-01 1.3164348e-05
111 -0.50 1.325357852410e-01 1.7325352e-05
112 -0.50 1.263930230092e-01 1.7915833e-05
113 -0.50 1.296944662618e-01 1.0555266e-05
114 -0.50 1.414494267153e-01 3.4216288e-05
115 -0.50 1.279346968468e-01 1.0794137e-05
116 -0.50 1.280575308620e-01 1.9476999e-05
117 -0.50 1.250815530560e-01 3.0990894e-05
118 -0.50 1.343913850069e-01 6.0554780e-05
119 -0.50 1.250733966333e-01 1.2766249e-05
120 -0.50 1.357065981229e-01 1.8684037e-05
121 -0.50 1.306113168248e-01 1.4363519e-05
122 -0.50 1.332762225501e-01 5.6622903e-05
123 -0.50 1.253270853298e-01 9.4925818e-06
124 -0.50 1.309927747428e-01 1.7071871e-05
125 -0.50 1.306449643602e-01 2.0229487e-05
126 -0.50 1.396539995487e-01 2.2484128e-05
127 -0.50 1.163648816755e-01 7.7414162e-06
128 -0.50 1.351323092361e-01 2.3103315e-05
129 -0.50 1.267334796146e-01 1.9261453e-05
130 -0.50 1.332234424278e-01 1.9966713e-05
131 -0.50 1.229292995748e-01 3.0351913e-05
132 -0.50 1.409881182804e-01 1.5295249e-05
133 -0.50 1.331201729593e-01 3.5089473e-05
134 -0.50 1.362064055152e-01 6.0562693e-06
135 -0.50 1.323027962444e-01 2.0963979e-05
136 -0.50 1.333560883002e-01 3.0965166e-05
137 -0.50 1.265343861848e-01 3.0348139e-05
138 -0.50 1.282589156084e-01 1.2239115e-05
139 -0.50 1.238597676178e-01 3.3250222e-05
140 -0.50 1.156500130848e-01 1.9153041e-05
141 -0.50 1.354286982866e-01 1.4147495e-05
142 -0.50 1.177157252738e-01 2.6663524e-05
143 -0.50 1.241902837233e-01 1.7503208e-05
144 -0.50 1.373339837797e-01 4.0351026e-05
145 -0.50 1.361898725897e-01 4.5031555e-05
146 -0.50 1.284668855616e-01 2.4558919e-05
147 -0.50 1.368666377660e-01 2.6865495e-05
148 -0.50 1.251331680904e-01 2.8857272e-05
149 -0.50 1.301803161376e-01 1.0231938e-05
150 -0.50 1.379144225838e-01 2.2980863e-05
151 -0.50 1.304726072817e-01 3.3016616e-05
152 -0.50 1.239662059782e-01 4.4109293e-05
153 -0.50 1.227464089801e-01 1.5247030e-05
154 -0.50 1.340710302907e-01 1.3212591e-05
155 -0.50 1.205283584589e-01 1.8227134e-05
156 -0.50 1.317762577298e-01 3.4189944e-05
157 -0.50 1.391140424276e-01 1.2890518e-05
158 -0.50 1.218941032488e-01 1.6335715e-05
159 -0.50 1.327922512724e-01 2.3315210e-05
160 -0.50 1.203874519116e-01 2.8030563e-05
161 -0.50 1.316729955112e-01 3.5080484e-05
162 -0.50 1.179790741649e-01 1.5229753e-05
163 -0.50 1.274390735326e-01 1.0574573e-05
164 -0.50 1.316723445885e-01 2.0671855e-05
165 -0.50 1.351306295214e-01 2.9727074e-05
166 -0.50 1.297568445396e-01 1.6324321e-05
167 -0.50 1.216169529675e-01 1.4088287e-05
168 -0.50 1.360920499565e-01 3.2683928e-05
169 -0.50 1.235562276428e-01 1.5398688e-05
170 -0.50 1.218610763414e-01 2.8860618e-05
171 -0.50 1.207842877924e-01 4.3838828e-05
172 -0.50 1.296754838918e-01 1.7045710e-05
173 -0.50 1.296053193882e-01 6.3018236e-05
174 -0.50 1.243735210431e-01 9.8236928e-06
175 -0.50 1.296688125403e-01 2.7386253e-05
176 -0.50 1.311752667411e-01 9.4878383e-06
177 -0.50 1.335950069292e-01 6.2723138e-06
178 -0.50 1.328204972904e-01 9.4138829e-06
179 -0.50 1.246465434864e-01 1.6715276e-05
180 -0.50 1.232518155758e-01 7.2469854e-06
181 -0.50 1.287519673423e-01 1.2269255e-05
182 -0.50 1.238209455679e-01 4.0501998e-05
183 -0.50 1.306974818106e-01 3.1044993e-05
184 -0.50 1.294215131811e-01 2.8540151e-05
185 -0.50 1.200116815335e-01 1.7362324e-05
186 -0.50 1.283661976989e-01 3.2103280e-05
187 -0.50 1.317231689934e-01 1.6687733e-05
188 -0.50 1.293046399845e-01 2.0308217e-05
189 -0.50 1.255471298080e-01 4.8610710e-05
190 -0.50 1.315379362253e-01 1.2854947e-05
191 -0.50 1.233614122867e-01 1.7321089e-05
192 -0.50 1.391444081838e-01 2.9097496e-05
193 -0.50 1.161371370698e-01 6.8753616e-06
194 -0.50 1.347328757234e-01 1.4808131e-05
195 -0.50 1.262818399927e-01 2.2448139e-05
196 -0.50 1.268224209590e-01 1.8592624e-05
197 -0.50 1.390675350230e-01 3.1022084e-05
198 -0.50 1.215623579537e-01 2.6323820e-05
199 -0.50 1.265020966973e-01 2.9716474e-05
200 -0.50 1.347041723874e-01 1.3624458e-05
201 -0.50 1.343377792145e-01 1.8106773e-05
202 -0.50 1.272735548767e-01 3.2229599e-05
203 -0.50 1.251418214952e-01 3.3169352e-05
204 -0.50 1.301944619486e-01 2.4805670e-05
205 -0.50 1.299336266566e-01 1.4849169e-05
206 -0.50 1.194025372188e-01 2.3494191e-05
207 -0.50 1.169400700244e-01 4.0377317e-06
208 -0.50 1.259378889350e-01 2.0951832e-05
209 -0.50 1.302263835639e-01 2.0641442e-05
210 -0.50 1.299912936593e-01 2.6081562e-05
211 -0.50 1.333259272452e-01 3.5940693e-05
212 -0.50 1.237492268428e-01 1.9204579e-05
213 -0.50 1.241951876138e-01 1.1469189e-05
214 -0.50 1.278862600866e-01 2.1432855e-05
215 -0.50 1.211021186263e-01 9.3300410e-06
216 -0.50 1.361336785632e-01 3.9914076e-05
217 -0.50 1.279962257737e-01 1.5576266e-05
218 -0.50 1.287583148299e-01 2.2478470e-05
219 -0.50 1.437904406684e-01 1.0378197e-05
220 -0.50 1.419056312056e-01 1.5954780e-05
221 -0.50 1.281657572351e-01 2.5151733e-05
222 -0.50 1.244666292016e-01 1.6466166e-05
223 -0.50 1.361027583611e-01 1.6479355e-05
224 -0.50 1.199934188143e-01 1.9798956e-05
225 -0.50 1.396783382132e-01 2.9244006e-05
226 -0.50 1.362686397684e-01 3.2183314e-05
227 -0.50 1.302656289218e-01 1.7413642e-05
228 -0.50 1.363613097360e-01 1.7738446e-05
229 -0.50 1.348577811564e-01 5.3888021e-05
230 -0.50 1.294760902348e-01 3.1613087e-05
231 -0.50 1.305104148094e-01 3.4003157e-05
232 -0.50 1.176574793820e-01 2.0334029e-05
233 -0.50 1.298636582232e-01 2.9412821e-05
234 -0.50 1.205397359315e-01 2.5855897e-05
235 -0.50 1.322929981327e-01 1.6048787e-05
236 -0.50 1.296593311570e-01 2.3318624e-05
237 -0.50 1.169222468045e-01 1.7213750e-05
238 -0.50 1.318319781411e-01 2.9328254e-05
239 -0.50 1.287591667981e-01 3.9555342e-05
240 -0.50 1.419908418237e-01 1.8504835e-05
241 -0.50 1.379783773208e-01 1.1414387e-05
242 -0.50 1.290835819433e-01 2.9216884e-05
243 -0.50 1.324767583241e-01 4.2199918e-05
244 -0.50 1.346764318169e-01 4.6447286e-05
245 -0.50 1.277123591384e-01 1.3488264e-05
246 -0.50 1.349679688183e-01 8.8130343e-06
247 -0.50 1.266533124832e-01 2.3058937e-05
248 -0.50 1.381007819444e-01 1.2300133e-05
249 -0.50 1.326293243488e-01 3.7740350e-05
250 -0.50 1.318128788778e-01 4.9559084e-05
251 -0.50 1.294921723644e-01 8.7855416e-06
252 -0.50 1.364378353042e-01 6.7043747e-05
253 -0.50 1.296792929007e-01 1.4625929e-05
254 -0.50 1.358224377248e-01 4.3153299e-05
255 -0.50 1.234578602887e-01 1.7239404e-05
256 -0.50 1.309529108209e-01 1.3970143e-05
257 -0.50 1.221937649501e-01 1.3449661e-05
258 -0.50 1.277748312392e-01 1.1982657e-05
259 -0.50 1.329843929219e-01 3.0143055e-05
260 -0.50 1.260183459521e-01 1.0953449e-05
261 -0.50 1.286176744836e-01 6.3581174e-06
262 -0.50 1.229307897898e-01 1.4488212e-05
263 -0.50 1.381965327896e-01 2.3816197e-05
264 -0.50 1.218296024570e-01 1.1248750e-05
265 -0.50 1.223606622142e-01 9.0987376e-06
266 -0.50 1.395605522277e-01 1.8153986e-05
267 -0.50 1.236830943959e-01 1.7025851e-05
268 -0.50 1.292197200945e-01 2.7749064e-05
269 -0.50 1.292558980231e-01 3.2398630e-05
270 -0.50 1.276097255566e-01 1.3016861e-05
271 -0.50 1.282873578393e-01 1.6876986e-05
272 -0.50 1.209929878407e-01 1.7780178e-05
273 -0.50 1.245712820476e-01 5.0344099e-06
274 -0.50 1.246786583614e-01 1.1720195e-05
275 -0.50 1.198587945145e-01 1.2256699e-05
276 -0.50 1.391564436313e-01 2.2465664e-05
277 -0.50 1.261571447703e-01 3.4276623e-05
278 -0.50 1.325758400797e-01 7.4916032e-06
279 -0.50 1.224492599026e-01 1.6084356e-05
280 -0.50 1.327901991978e-01 1.0969479e-05
281 -0.50 1.291289455420e-01 1.2527730e-05
282 -0.50 1.374839569351e-01 2.9935892e-05
283 -0.50 1.222866480076e-01 1.7220905e-05
284 -0.50 1.231517722599e-01 2.9901807e-05
285 -0.50 1.415032392006e-01 4.2012997e-05
286 -0.50 1.288249223131e-01 1.1417625e-05
287 -0.50 1.303502492862e-01 9.6750727e-06
288 -0.50 1.340093925480e-01 4.4595151e-05
289 -0.50 1.375106430614e-01 3.7512717e-05
290 -0.50 1.338658534097e-01 5.4512124e-05
291 -0.50 1.399503531816e-01 2.1538940e-05
292 -0.50 1.320936336160e-01 3.5573465e-05
293 -0.50 1.224936971894e-01 2.8314685e-05
294 -0.50 1.346182425797e-01 1.1417320e-05
295 -0.50 1.421508193348e-01 2.4735674e-05
296 -0.50 1.294169404356e-01 1.9096100e-05
297 -0.50 1.295202320913e-01 6.2890770e-06
298 -0.50 1.297863675074e-01 2.8781232e-06
299 -0.50 1.351204470087e-01 2.1912144e-05
300 -0.50 1.354123696575e-01 2.8315290e-05
301 -0.50 1.339914582295e-01 2.2560340e-05
302 -0.50 1.359466564163e-01 1.6647008e-05
303 -0.50 1.300708942686e-01 2.3101401e-05
304 -0.50 1.285326507512e-01 2.1925822e-05
305 -0.50 1.322248477582e-01 3.9275250e-05
306 -0.50 1.255124785929e-01 1.4953717e-05
307 -0.50 1.263771816260e-01 2.9250000e-05
308 -0.50 1.283769691445e-01 2.5311496e-05
309 -0.50 1.242091420312e-01 7.9118425e-06
310 -0.50 1.319764512066e-01 2.2033603e-05
311 -0.50 1.286138644475e-01 4.4925378e-05
312 -0.50 1.309287165266e-01 3.1852622e-05
313 -0.50 1.395070030807e-01 2.0211059e-05
314 -0.50 1.268613228277e-01 2.5035125e-05
315 -0.50 1.282625068535e-01 1.2840222e-05
316 -0.50 1.359774082778e-01 2.2437167e-05
317 -0.50 1.289296831940e-01 1.3793273e-05
318 -0.50 1.285337978839e-01 2.4075848e-05
319 -0.50 1.350736107545e-01 1.7238018e-05
320 -0.50 1.258652471644e-01 1.8022562e-05
321 -0.50 1.295227088146e-01 2.7115817e-05
322 -0.50 1.423530736775e-01 2.7235924e-05
323 -0.50 1.298321508097e-01 3.1065313e-05
324 -0.50 1.295867261242e-01 1.6791718e-06
325 -0.50 1.428307357348e-01 2.5291046e-05
326 -0.50 1.293843048398e-01 1.3923905e-05
327 -0.50 1.209283214333e-01 2.0825589e-05
328 -0.50 1.380565247303e-01 3.0223308e-05
329 -0.50 1.200939743512e-01 9.0503001e-06
330 -0.50 1.316534620653e-01 2.2701739e-05
331 -0.50 1.412602079840e-01 4.1343596e-05
332 -0.50 1.300386664396e-01 1.7441867e-05
333 -0.50 1.285525097894e-01 1.4718306e-05
334 -0.50 1.225953318772e-01 2.5516435e-05
335 -0.50 1.355911831899e-01 2.8185201e-05
336 -0.50 1.261680013297e-01 2.3023510e-05
337 -0.50 1.236541248735e-01 2.0632594e-05
338 -0.50 1.276170560588e-01 1.8877730e-05
339 -0.50 1.276302268882e-01 2.1541385e-05
340 -0.50 1.242738176338e-01 1.7210681e-05
341 -0.50 1.287733164035e-01 2.2239542e-05
342 -0.50 1.314499425857e-01 1.6554138e-05
343 -0.50 1.309131484533e-01 4.6824503e-05
344 -0.50 1.295073867810e-01 2.0366909e-05
345 -0.50 1.300241264214e-01 1.1332693e-05
346 -0.50 1.301158605649e-01 8.7024295e-06
347 -0.50 1.238458323692e-01 2.4147093e-05
348 -0.50 1.356725793580e-01 2.2846562e-05
349 -0.50 1.291936117112e-01 8.5625076e-06
350 -0.50 1.264834517231e-01 1.9912068e-05
351 -0.50 1.298109507809e-01 1.1536480e-05
352 -0.50 1.279746973216e-01 1.6477389e-05
353 -0.50 1.352923220917e-01 2.0490327e-05
354 -0.50 1.235426224577e-01 1.5315100e-05
355 -0.50 1.322973315809e-01 2.0183902e-05
356 -0.50 1.377326313083e-01 2.7882046e-05
357 -0.50 1.389868874044e-01 1.9627770e-05
358 -0.50 1.314352930763e-01 2.4911448e-05
359 -0.50 1.273849167376e-01 1.0025028e-05
360 -0.50 1.231441864506e-01 1.3334881e-05
361 -0.50 1.256643813185e-01 2.4759172e-05
362 -0.50 1.281693511341e-01 3.9067010e-05
363 -0.50 1.348082617575e-01 1.7896282e-05
364 -0.50 1.401051967994e-01 3.6657796e-05
365 -0.50 1.367623073883e-01 9.1791312e-06
366 -0.50 1.393116226002e-01 2.2732443e-05
367 -0.50 1.230577739627e-01 1.3807809e-05
368 -0.50 1.330313817191e-01 2.9274467e-05
369 -0.50 1.364964704922e-01 3.3350800e-05
370 -0.50 1.285720344936e-01 3.2180403e-05
371 -0.50 1.257866009523e-01 2.2325214e-05
372 -0.50 1.202164227010e-01 4.9262371e-05
373 -0.50 1.404374160268e-01 4.0230178e-05
374 -0.50 1.371450863738e-01 2.0926614e-05
375 -0.50 1.326575095139e-01 3.5667926e-05
376 -0.50 1.398367131886e-01 4.4359019e-05
377 -0.50 1.260717055938e-01 1.4759554e-05
378 -0.50 1.341155222907e-01 1.1499617e-05
379 -0.50 1.284375944149e-01 2.2757045e-05
380 -0.50 1.271533288034e-01 2.0980379e-05
381 -0.50 1.319251998255e-01 1.2476851e-05
382 -0.50 1.430273351955e-01 1.9150438e-05
383 -0.50 1.256545480820e-01 1.3562306e-05
384 -0.50 1.338115060850e-01 2.7172592e-05
385 -0.50 1.267222981783e-01 2.7350945e-05
386 -0.50 1.291088168027e-01 2.1911784e-05
387 -0.50 1.167662804999e-01 2.8428916e-05
388 -0.50 1.236931729681e-01 1.8128245e-05
389 -0.50 1.342012734367e-01 3.3452219e-05
390 -0.50 1.210598049095e-01 1.5251027e-05
391 -0.50 1.294908185917e-01 5.9962365e-05
392 -0.50 1.355861687401e-01 2.2389583e-05
393 -0.50 1.339389055584e-01 3.3201038e-05
394 -0.50 1.334719082592e-01 1.3764830e-05
395 -0.50 1.208016464347e-01 1.1473851e-05
396 -0.50 1.351302471815e-01 4.2950522e-05
397 -0.50 1.248736310257e-01 2.6238531e-05
398 -0.50 1.288444999271e-01 1.3820969e-05
399 -0.50 1.284142812853e-01 3.6953672e-05
400 -0.50 1.280315962999e-01 2.3409665e-05
401 -0.50 1.331773276547e-01 2.5773509e-05
402 -0.50 1.248080089575e-01 1.8143783e-05
403 -0.50 1.446293130562e-01 2.0770467e-05
404 -0.50 1.323217930867e-01 1.9721355e-05
405 -0.50 1.326435712620e-01 3.6184108e-05
406 -0.50 1.365947565151e-01 1.7393227e-05
407 -0.50 1.354644487271e-01 6.4188516e-05
408 -0.50 1.423446665125e-01 2.7280348e-05
409 -0.50 1.262716328241e-01 1.2953341e-05
410 -0.50 1.192988876856e-01 1.7272569e-05
411 -0.50 1.231139629905e-01 2.8741139e-05
412 -0.50 1.348274672203e-01 2.5048474e-05
413 -0.50 1.310837280760e-01 1.8312250e-05
414 -0.50 1.290771759777e-01 1.5735311e-05
415 -0.50 1.319194889261e-01 5.3904272e-05
416 -0.50 1.314326117279e-01 3.2939741e-05
417 -0.50 1.285611880861e-01 4.9331561e-05
418 -0.50 1.288696230567e-01 3.0793477e-05
419 -0.50 1.311042260575e-01 2.1955155e-05
420 -0.50 1.321268178586e-01 1.9949235e-05
421 -0.50 1.393442580240e-01 4.1964426e-05
422 -0.50 1.387051079396e-01 2.4664633e-05
423 -0.50 1.368877753753e-01 2.9649938e-05
424 -0.50 1.254941323084e-01 3.0646749e-05
425 -0.50 1.291210351273e-01 1.1922127e-05
426 -0.50 1.318775547455e-01 1.8560598e-05
427 -0.50 1.386870366889e-01 2.2336266e-05
428 -0.50 1.262103742163e-01 1.9789968e-05
429 -0.50 1.426815708608e-01 4.5823509e-05
430 -0.50 1.347221976953e-01 1.2793052e-05
431 -0.50 1.313226166531e-01 1.3190924e-05
432 -0.50 1.289896801295e-01 2.2399511e-05
433 -0.50 1.312386901480e-01 1.6883421e-05
434 -0.50 1.233361419962e-01 2.1962271e-05
435 -0.50 1.446445519653e-01 2.3352063e-05
436 -0.50 1.243172030060e-01 5.6074986e-06
437 -0.50 1.278498980066e-01 3.1251386e-05
438 -0.50 1.211711574366e-01 2.2096526e-05
439 -0.50 1.189558566389e-01 1.3144900e-05
440 -0.50 1.244881468581e-01 2.4053908e-05
441 -0.50 1.316433124508e-01 1.3455131e-05
442 -0.50 1.385136457866e-01 1.4094056e-05
443 -0.50 1.226742828577e-01 2.8279607e-05
444 -0.50 1.272715821229e-01 3.0983912e-05
445 -0.50 1.336962458587e-01 3.1023796e-05
446 -0.50 1.322741156073e-01 2.5934559e-05
447 -0.50 1.253438260049e-01 2.2401881e-05
448 -0.50 1.244599009277e-01 2.0690011e-05
449 -0.50 1.225909737953e-01 1.0705485e-05
450 -0.50 1.337944278102e-01 1.6339472e-05
451 -0.50 1.413118494757e-01 2.0135312e-05
452 -0.50 1.342638488959e-01 1.6378572e-05
453 -0.50 1.348195177913e-01 2.9381979e-05
454 -0.50 1.340382258396e-01 1.7601311e-05
455 -0.50 1.156464539490e-01 2.0280570e-05
456 -0.50 1.346593680256e-01 1.6681730e-05
457 -0.50 1.272154324891e-01 1.6865407e-05
458 -0.50 1.209366636815e-01 1.5760154e-05
459 -0.50 1.276054143153e-01 5.1534955e-05
460 -0.50 1.357951563372e-01 1.6749671e-05
461 -0.50 1.309640869689e-01 2.8641471e-05
462 -0.50 1.317635781704e-01 2.4829354e-05
463 -0.50 1.227465283395e-01 1.5902584e-05
464 -0.50 1.364450155616e-01 1.2880393e-05
465 -0.50 1.248911515314e-01 2.9188531e-05
466 -0.50 1.198159227026e-01 1.7197467e-05
467 -0.50 1.250940514595e-01 3.6117626e-05
468 -0.50 1.398140783707e-01 4.2644738e-05
469 -0.50 1.303005853429e-01 1.5931537e-05
470 -0.50 1.252443259257e-01 1.1072942e-05
471 -0.50 1.323970686890e-01 1.0605790e-05
472 -0.50 1.226852371768e-01 2.2599753e-05
473 -0.50 1.284737798152e-01 2.3638529e-05
474 -0.50 1.231057437504e-01 1.1441903e-05
475 -0.50 1.306390002013e-01 2.0639793e-05
476 -0.50 1.299118817064e-01 3.2148818e-06
477 -0.50 1.399931507232e-01 1.1556467e-05
478 -0.50 1.346917451972e-01 3.5580164e-05
479 -0.50 1.305357052842e-01 2.0617139e-05
480 -0.50 1.167539898021e-01 1.7599612e-05
481 -0.50 1.288486248972e-01 1.4026571e-05
482 -0.50 1.346650960921e-01 2.4856954e-05
483 -0.50 1.241332482527e-01 1.5030141e-05
484 -0.50 1.198365746323e-01 2.4324617e-05
485 -0.50 1.226007431532e-01 1.0122884e-05
486 -0.50 1.347100076933e-01 3.0395369e-05
487 -0.50 1.276392753025e-01 2.5884834e-05
488 -0.50 1.231682365754e-01 7.9338864e-06
489 -0.50 1.258081847036e-01 1.4483967e-05
490 -0.50 1.171042276204e-01 1.2054554e-05
491 -0.50 1.316624479437e-01 2.3955862e-05
492 -0.50 1.253841574797e-01 1.2868076e-05
493 -0.50 1.265530720307e-01 1.3004657e-05
494 -0.50 1.283196530087e-01 3.8271762e-05
495 -0.50 1.304284934633e-01 1.4031781e-05
496 -0.50 1.251885888326e-01 3.1534004e-05
497 -0.50 1.286523015512e-01 2.2140929e-05
498 -0.50 1.237264389050e-01 2.4762779e-05
499 -0.50 1.302310099027e-01 1.5225908e-05
500 -0.50 1.318851920175e-01 2.3539106e-05
1 -0.25 1.252581664796e-01 3.1679346e-05
2 -0.25 1.263604572900e-01 3.8829955e-05
3 -0.25 1.245934213633e-01 4.9728705e-05
4 -0.25 1.320813126707e-01 1.3386505e-05
5 -0.25 1.309466595841e-01 3.5385433e-05
6 -0.25 1.290075110572e-01 3.3094539e-05
7 -0.25 1.326200054062e-01 3.3541570e-05
8 -0.25 1.302133962603e-01 1.9906754e-05
9 -0.25 1.318873209603e-01 2.5950480e-05
10 -0.25 1.223162474613e-01 2.6073364e-05
11 -0.25 1.289007633262e-01 2.0032463e-05
12 -0.25 1.293729857936e-01 4.0883297e-05
13 -0.25 1.253493265542e-01 3.7945551e-05
14 -0.25 1.336631827690e-01 8.2358963e-06
15 -0.25 1.252473428180e-01 1.3806314e-05
16 -0.25 1.322349566479e-01 3.8491370e-05
17 -0.25 1.309278186215e-01 3.0829283e-05
18 -0.25 1.265109357646e-01 2.7918571e-05
19 -0.25 1.257567318101e-01 4.3427303e-05
20 -0.25 1.223033125310e-01 1.2797559e-05
21 -0.25 1.325534422096e-01 1.7825555e-05
22 -0.25 1.184011061820e-01 1.5976108e-05
23 -0.25 1.259370796050e-01 1.1825268e-05
24 -0.25 1.317350380385e-01 2.5980536e-05
25 -0.25 1.296072253330e-01 1.4959041e-05
26 -0.25 1.250509606883e-01 1.1724697e-05
27 -0.25 1.218066296354e-01 9.5049912e-06
28 -0.25 1.238378945413e-01 1.1672294e-05
29 -0.25 1.238186774146e-01 2.4184439e-05
30 -0.25 1.251921275318e-01 9.7554160e-06
31 -0.25 1.220630513680e-01 9.1314595e-06
32 -0.25 1.311796637373e-01 1.3420059e-05
33 -0.25 1.254827712984e-01 2.7158578e-05
34 -0.25 1.311821266759e-01 1.3306991e-05
35 -0.25 1.183243981672e-01 1.8530158e-05
36 -0.25 1.308158379609e-01 3.3169736e-05
37 -0.25 1.294907471238e-01 1.5551696e-05
38 -0.25 1.367350424708e-01 2.6696670e-05
39 -0.25 1.181706352912e-01 1.6671972e-05
40 -0.25 1.208632534717e-01 2.3224631e-05
41 -0.25 1.269545548558e-01 3.6363618e-05
42 -0.25 1.199765115051e-01 2.5416296e-05
43 -0.25 1.251605642940e-01 2.5872379e-05
44 -0.25 1.300793427449e-01 2.9664764e-05
45 -0.25 1.336810994931e-01 2.3528013e-05
46 -0.25 1.275614463741e-01 1.1572099e-05
47 -0.25 1.291323246359e-01 2.9792726e-05
48 -0.25 1.262739775249e-01 9.1930474e-06
49 -0.25 1.264250634935e-01 1.8436783e-05
50 -0.25 1.309203604461e-01 2.3134811e-05
51 -0.25 1.307820353768e-01 3.3066793e-05
52 -0.25 1.201227210554e-01 3.4564593e-05
53 -0.25 1.382646749675e-01 2.5317284e-05
54 -0.25 1.354098696097e-01 3.3937699e-05
55 -0.25 1.279242450647e-01 4.0582277e-05
56 -0.25 1.217910288786e-01 2.0958364e-05
57 -0.25 1.263823516624e-01 4.0518955e-05
58 -0.25 1.300181425571e-01 3.4925518e-05
59 -0.25 1.319116636016e-01 3.4239181e-05
60 -0.25 1.321119019744e-01 1.5715675e-05
61 -0.25 1.270772746346e-01 3.7418291e-05
62 -0.25 1.354266904492e-01 4.1163599e-05
63 -0.25 1.306274862452e-01 1.8052938e-05
64 -0.25 1.234796066191e-01 1.8452717e-05
65 -0.25 1.376435572547e-01 2.2640042e-05
66 -0.25 1.276297895236e-01 2.7037385e-05
67 -0.25 1.196798394771e-01 3.3676597e-05
68 -0.25 1.309173737415e-01 2.5265613e-05
69 -0.25 1.285819842332e-01 3.0185392e-05
70 -0.25 1.281657489334e-01 5.8342856e-06
71 -0.25 1.272496884852e-01 3.8746557e-05
72 -0.25 1.266475804835e-01 1.7876708e-05
73 -0.25 1.277357316640e-01 1.3842547e-05
74 -0.25 1.303650408811e-01 2.5515387e-05
75 -0.25 1.313562342280e-01 3.2471628e-05
76 -0.25 1.284785334956e-01 4.7065677e-05
77 -0.25 1.237854391776e-01 1.3788600e-05
78 -0.25 1.181635004583e-01 1.9461254e-05
79 -0.25 1.251154780468e-01 1.3739074e-05
80 -0.25 1.270529248503e-01 7.9078331e-06
81 -0.25 1.267770992532e-01 2.2316818e-05
82 -0.25 1.241420719779e-01 1.7799105e-05
83 -0.25 1.226819152905e-01 1.7183602e-05
84 -0.25 1.259111636996e-01 2.5590703e-05
85 -0.25 1.256946047383e-01 2.1818288e-05
86 -0.25 1.362547886270e-01 6.8541267e-05
87 -0.25 1.295076221759e-01 4.7948072e-05
88 -0.25 1.198670236690e-01 9.6285056e-06
89 -0.25 1.281181810961e-01 1.5323244e-05
90 -0.25 1.336590233796e-01 1.5553782e-05
91 -0.25 1.153799590630e-01 1.9234739e-05
92 -0.25 1.271446820708e-01 1.8428371e-05
93 -0.25 1.253486387072e-01 1.2502963e-05
94 -0.25 1.334788605009e-01 2.0914139e-05
95 -0.25 1.296715211638e-01 1.0513841e-05
96 -0.25 1.302926255881e-01 2.5022359e-05
97 -0.25 1.266203920772e-01 1.7682800e-05
98 -0.25 1.309694573786e-01 1.3997255e-05
99 -0.25 1.329816065153e-01 3.7678435e-05
100 -0.25 1.202944134015e-01 1.4096257e-05
101 -0.25 1.390214723790e-01 3.0874144e-05
102 -0.25 1.343101588471e-01 3.0175967e-05
103 -0.25 1.262552056303e-01 2.3842819e-05
104 -0.25 1.241080732026e-01 2.2048083e-05
105 -0.25 1.288121245798e-01 2.8762397e-05
106 -0.25 1.325670083196e-01 3.8920729e-05
107 -0.25 1.296098432339e-01 2.6624535e-05
108 -0.25 1.337333089514e-01 3.8399914e-05
109 -0.25 1.263021775000e-01 2.9979921e-05
110 -0.25 1.299572948989e-01 2.2041398e-05
111 -0.25 1.270615968390e-01 2.0052228e-05
112 -0.25 1.218579511084e-01 2.6569119e-05
113 -0.25 1.270318744518e-01 1.6826714e-05
114 -0.25 1.386189713174e-01 6.2061373e-05
115 -0.25 1.240410645260e-01 1.0577295e-05
116 -0.25 1.246342526662e-01 3.5181882e-05
117 -0.25 1.233424405860e-01 3.1440912e-05
118 -0.25 1.308383358874e-01 7.9506358e-06
119 -0.25 1.229892112082e-01 2.9344983e-05
120 -0.25 1.337359898095e-01 2.7998124e-05
121 -0.25 1.294311005087e-01 2.4137246e-05
122 -0.25 1.252720271712e-01 2.2114205e-05
123 -0.25 1.227229108452e-01 1.2223217e-05
124 -0.25 1.219022575226e-01 2.7051397e-05
125 -0.25 1.254587814188e-01 1.2933279e-05
126 -0.25 1.362125458300e-01 3.5223312e-05
127 -0.25 1.179958637338e-01 1.3337739e-05
128 -0.25 1.285208624552e-01 2.1688633e-05
129 -0.25 1.247591669801e-01 2.2830970e-05
130 -0.25 1.293201166756e-01 3.5560837e-05
131 -0.25 1.205370788745e-01 1.3665968e-05
132 -0.25 1.447616294923e-01 5.7706325e-05
133 -0.25 1.271233917119e-01 6.8756132e-06
134 -0.25 1.327495264556e-01 3.7091686e-05
135 -0.25 1.278603553972e-01 3.0313816e-05
136 -0.25 1.307034674742e-01 2.6111324e-05
137 -0.25 1.226523413253e-01 1.6856975e-05
138 -0.25 1.230616773067e-01 1.6251178e-05
139 -0.25 1.247150576714e-01 1.2861019e-05
140 -0.25 1.161087439125e-01 1.4367106e-05
141 -0.25 1.303979047690e-01 2.8170650e-05
142 -0.25 1.195676548704e-01 1.5382842e-05
143 -0.25 1.245003340162e-01 1.2674920e-05
144 -0.25 1.346979509378e-01 1.7774746e-05
145 -0.25 1.311432379373e-01 1.3170677e-05
146 -0.25 1.238834996894e-01 7.2425296e-06
147 -0.25 1.382600356400e-01 1.4082650e-05
148 -0.25 1.229109431774e-01 1.8966387e-05
149 -0.25 1.298890341360e-01 1.2563455e-05
150 -0.25 1.349607254102e-01 2.0741610e-05
151 -0.25 1.304938234642e-01 1.0985316e-05
152 -0.25 1.245569925369e-01 3.2380692e-05
153 -0.25 1.190749988260e-01 2.2540503e-05
154 -0.25 1.353285128825e-01 3.3171057e-05
155 -0.25 1.215500451076e-01 1.9168884e-05
156 -0.25 1.302480769121e-01 1.1767905e-05
157 -0.25 1.349432936417e-01 1.8681600e-05
158 -0.25 1.204327766004e-01 2.3907979e-05
159 -0.25 1.278524686586e-01 2.6905448e-05
160 -0.25 1.213197258443e-01 3.4749066e-05
161 -0.25 1.255842445931e-01 1.1866384e-05
162 -0.25 1.172865051558e-01 2.3232551e-05
163 -0.25 1.273904711118e-01 2.5575550e-05
164 -0.25 1.303696254872e-01 2.9455908e-05
165 -0.25 1.321358532489e-01 3.7981111e-05
166 -0.25 1.259890393825e-01 2.0466024e-05
167 -0.25 1.202461796410e-01 3.4189684e-05
168 -0.25 1.303297897725e-01 1.7700886e-05
169 -0.25 1.209016644479e-01 5.7378674e-06
170 -0.25 1.205234990091e-01 2.3959714e-05
171 -0.25 1.167740652141e-01 8.4441188e-06
172 -0.25 1.305347551308e-01 2.7409982e-05
173 -0.25 1.270542966393e-01 1.2239941e-05
174 -0.25 1.249562560307e-01 2.8710875e-05
175 -0.25 1.290815517765e-01 3.2042357e-05
176 -0.25 1.321535827557e-01 3.6558036e-05
177 -0.25 1.316847222888e-01 3.0919866e-05
178 -0.25 1.338940131514e-01 1.4335712e-05
179 -0.25 1.194356296034e-01 3.8232366e-05
180 -0.25 1.239288824064e-01 2.5149374e-05
181 -0.25 1.285768636797e-01 2.6539961e-05
182 -0.25 1.213823975627e-01 8.4994818e-06
183 -0.25 1.251591969489e-01 2.6402894e-05
184 -0.25 1.242107419314e-01 1.2165204e-05
185 -0.25 1.182086864704e-01 3.3982113e-05
186 -0.25 1.297661119999e-01 4.3480142e-05
187 -0.25 1.310400681407e-01 3.0441521e-05
188 -0.25 1.238767270657e-01 1.1668508e-05
189 -0.25 1.268531776202e-01 1.8097609e-05
190 -0.25 1.302856157268e-01 2.6483810e-05
191 -0.25 1.202089489836e-01 2.4243318e-05
192 -0.25 1.368434185234e-01 2.9165312e-05
193 -0.25 1.160315186767e-01 5.1123093e-06
194 -0.25 1.340977171665e-01 3.1135211e-05
195 -0.25 1.217075741227e-01 3.0164179e-05
196 -0.25 1.262529752549e-01 2.9575972e-05
197 -0.25 1.376301133504e-01 1.5440134e-05
198 -0.25 1.233547857987e-01 3.6170214e-05
199 -0.25 1.244562873623e-01 4.5036975e-05
200 -0.25 1.335919247862e-01 1.2312317e-05
201 -0.25 1.290229915252e-01 2.3228015e-05
202 -0.25 1.273847986040e-01 1.9926071e-05
203 -0.25 1.240671813217e-01 2.8028109e-05
204 -0.25 1.276719731784e-01 4.9526655e-05
205 -0.25 1.270791793827e-01 1.7658641e-05
206 -0.25 1.188754294336e-01 2.2798525e-05
207 -0.25 1.151860920062e-01 3.2059129e-05
208 -0.25 1.249104789548e-01 1.1613300e-05
209 -0.25 1.243541607247e-01 1.9670275e-05
210 -0.25 1.308156827372e-01 2.2072996e-05
211 -0.25 1.308709727043e-01 3.0778560e-05
212 -0.25 1.250554237609e-01 3.2272565e-05
213 -0.25 1.197448150286e-01 8.8335938e-06
214 -0.25 1.252741728569e-01 1.3145958e-05
215 -0.25 1.198987168724e-01 2.4676203e-05
216 -0.25 1.302782796062e-01 3.1648531e-05
217 -0.25 1.259970523464e-01 1.9436050e-05
218 -0.25 1.252948492354e-01 1.1519505e-05
219 -0.25 1.383130473332e-01 2.6573867e-05
220 -0.25 1.351113062578e-01 1.2016769e-05
221 -0.25 1.258229286158e-01 2.0271781e-05
222 -0.25 1.225152926331e-01 1.8774820e-05
223 -0.25 1.308782550891e-01 2.4890885e-05
224 -0.25 1.190563847576e-01 2.3039196e-05
225 -0.25 1.403895779602e-01 3.9280468e-05
226 -0.25 1.292152203956e-01 2.6764537e-05
227 -0.25 1.286234131826e-01 4.4992188e-05
228 -0.25 1.286141764440e-01 1.8147082e-05
229 -0.25 1.315321184753e-01 3.2658526e-05
230 -0.25 1.311212321947e-01 3.3750470e-05
231 -0.25 1.283612065278e-01 1.6602073e-05
232 -0.25 1.162643264897e-01 1.3890391e-05
233 -0.25 1.250277649961e-01 3.8877234e-05
234 -0.25 1.209344872178e-01 1.7695799e-05
235 -0.25 1.284588750478e-01 1.8001905e-05
236 -0.25 1.256115940076e-01 1.6304404e-05
237 -0.25 1.173865037026e-01 9.2803115e-06
238 -0.25 1.265841323615e-01 1.7928288e-05
239 -0.25 1.257724108107e-01 5.8989593e-05
240 -0.25 1.365304024695e-01 3.5201580e-05
241 -0.25 1.387797596782e-01 3.2859730e-05
242 -0.25 1.234553643290e-01 2.0321377e-05
243 -0.25 1.262899217219e-01 3.4874155e-05
244 -0.25 1.331158142504e-01 1.9069251e-05
245 -0.25 1.257736232177e-01 3.9584467e-05
246 -0.25 1.324394756358e-01 1.9976345e-05
247 -0.25 1.216373369504e-01 2.7163221e-05
248 -0.25 1.348202851849e-01 5.1700479e-05
249 -0.25 1.286878058155e-01 1.9180582e-05
250 -0.25 1.305654223307e-01 4.0951431e-05
251 -0.25 1.281393207364e-01 1.3191348e-05
252 -0.25 1.337010145303e-01 2.9899305e-05
253 -0.25 1.250407616052e-01 2.5527999e-05
254 -0.25 1.335532261053e-01 1.1407821e-05
255 -0.25 1.242586821760e-01 2.5259672e-05
256 -0.25 1.270262809798e-01 1.6617356e-05
257 -0.25 1.201977090538e-01 2.8489120e-05
258 -0.25 1.244382989360e-01 3.1317706e-05
259 -0.25 1.329309413444e-01 2.9069094e-05
260 -0.25 1.209051914197e-01 1.3565242e-05
261 -0.25 1.275546652003e-01 3.1165959e-05
262 -0.25 1.199714075766e-01 1.3752962e-05
263 -0.25 1.334408283217e-01 2.4792123e-05
264 -0.25 1.214419611469e-01 8.6325570e-06
265 -0.25 1.203693335333e-01 2.0128210e-05
266 -0.25 1.365677422348e-01 2.3663586e-05
267 -0.25 1.205999395109e-01 2.2008041e-05
268 -0.25 1.277264118111e-01 2.1246805e-05
269 -0.25 1.240143928335e-01 1.6209121e-05
270 -0.25 1.283330437383e-01 2.3218442e-05
271 -0.25 1.291134067726e-01 3.9018706e-05
272 -0.25 1.174873392812e-01 1.9709037e-05
273 -0.25 1.211836857627e-01 2.8718035e-05
274 -0.25 1.246378624991e-01 2.1996139e-05
275 -0.25 1.172703370631e-01 2.1557570e-05
276 -0.25 1.343531759873e-01 2.3757205e-05
277 -0.25 1.242569111000e-01 1.4400366e-05
278 -0.25 1.302631059516e-01 2.6300963e-05
279 -0.25 1.189593192126e-01 1.1456700e-05
280 -0.25 1.323996012749e-01 1.9090814e-05
281 -0.25 1.275658583899e-01 2.1655795e-05
282 -0.25 1.339254512794e-01 2.5657525e-05
283 -0.25 1.219499057640e-01 1.4917887e-05
284 -0.25 1.204470912111e-01 2.6281680e-05
285 -0.25 1.352403181862e-01 1.4580693e-05
286 -0.25 1.213540643269e-01 2.2432211e-05
287 -0.25 1.274435198797e-01 3.2448691e-05
288 -0.25 1.308901727475e-01 3.1788427e-05
289 -0.25 1.311246157709e-01 6.4295190e-05
290 -0.25 1.297997039142e-01 1.8730060e-05
291 -0.25 1.420505897809e-01 1.5486650e-05
292 -0.25 1.335536103592e-01 2.3262613e-05
293 -0.25 1.245435397073e-01 2.7142587e-05
294 -0.25 1.324572635029e-01 2.4763380e-05
295 -0.25 1.349358628807e-01 1.3837245e-05
296 -0.25 1.263560225946e-01 3.4761664e-05
297 -0.25 1.281064480045e-01 1.1374046e-05
298 -0.25 1.297473735903e-01 2.1269504e-05
299 -0.25 1.328057083760e-01 2.7726442e-05
300 -0.25 1.322892048510e-01 4.6259843e-05
301 -0.25 1.327026128642e-01 3.3673471e-05
302 -0.25 1.291513940123e-01 2.1364759e-05
303 -0.25 1.266887596631e-01 4.4715832e-05
304 -0.25 1.310400593655e-01 4.9217026e-05
305 -0.25 1.304798996854e-01 2.6847250e-05
306 -0.25 1.217615861250e-01 1.4955840e-05
307 -0.25 1.251556609944e-01 1.4851568e-05
308 -0.25 1.230503869498e-01 3.8109184e-05
309 -0.25 1.240503274847e-01 2.9399670e-05
310 -0.25 1.269397127678e-01 3.2174555e-05
311 -0.25 1.243452130795e-01 2.7801254e-05
312 -0.25 1.243188892433e-01 1.7861648e-05
313 -0.25 1.381042427147e-01 3.2858967e-05
314 -0.25 1.240049080664e-01 3.0255435e-05
315 -0.25 1.240032983177e-01 2.3525339e-05
316 -0.25 1.318948051471e-01 2.6667425e-05
317 -0.25 1.254595886788e-01 2.1440433e-05
318 -0.25 1.303994010551e-01 3.8501069e-05
319 -0.25 1.348040190962e-01 1.7273170e-05
320 -0.25 1.209773413198e-01 1.2479836e-05
321 -0.25 1.267184921338e-01 4.3667219e-05
322 -0.25 1.387636165056e-01 2.3494633e-05
323 -0.25 1.288999876323e-01 3.8886436e-05
324 -0.25 1.258629674324e-01 1.9306336e-05
325 -0.25 1.410779825768e-01 2.2978488e-05
326 -0.25 1.295407413393e-01 1.8841994e-05
327 -0.25 1.198846515137e-01 6.4502756e-06
328 -0.25 1.292434468199e-01 3.0731628e-05
329 -0.25 1.200391967786e-01 1.8325539e-05
330 -0.25 1.267376205184e-01 2.1081664e-05
331 -0.25 1.370535647859e-01 1.0100569e-05
332 -0.25 1.286410581121e-01 2.2942219e-05
333 -0.25 1.261488133007e-01 1.8182145e-05
334 -0.25 1.197329411201e-01 1.8528910e-05
335 -0.25 1.342343446485e-01 2.3655909e-05
336 -0.25 1.196994457097e-01 2.1272687e-05
337 -0.25 1.236570884668e-01 1.3296360e-05
338 -0.25 1.243703046432e-01 9.6474773e-06
339 -0.25 1.253939522084e-01 3.8654324e-05
340 -0.25 1.210591416842e-01 1.9018197e-05
341 -0.25 1.271569540382e-01 1.3539483e-05
342 -0.25 1.275486673760e-01 9.8771198e-06
343 -0.25 1.264168777109e-01 1.3153781e-05
344 -0.25 1.262116862358e-01 2.2565526e-05
345 -0.25 1.268618001392e-01 2.6067785e-05
346 -0.25 1.287526953323e-01 3.8308242e-05
347 -0.25 1.178229453116e-01 2.0785340e-05
348 -0.25 1.264206882252e-01 1.5946431e-05
349 -0.25 1.288983550007e-01 1.5096499e-05
350 -0.25 1.239779197526e-01 2.5083554e-05
351 -0.25 1.279672480921e-01 1.6323522e-05
352 -0.25 1.282553246738e-01 2.9932023e-05
353 -0.25 1.369353348356e-01 1.7453076e-05
354 -0.25 1.249443243737e-01 1.0632733e-05
355 -0.25 1.327755099118e-01 2.9562102e-05
356 -0.25 1.321252739868e-01 2.6671562e-05
357 -0.25 1.355536450638e-01 1.8277387e-05
358 -0.25 1.286711329287e-01 1.4699894e-05
359 -0.25 1.253048125940e-01 4.2486629e-06
360 -0.25 1.208550764085e-01 1.8643950e-05
361 -0.25 1.280694362434e-01 3.4264284e-05
362 -0.25 1.281733803995e-01 1.5966354e-05
363 -0.25 1.312162630089e-01 1.6938878e-05
364 -0.25 1.364393708085e-01 1.1024631e-05
365 -0.25 1.352893944947e-01 1.6403212e-05
366 -0.25 1.327208399464e-01 1.8063778e-05
367 -0.25 1.213169484684e-01 1.7184096e-05
368 -0.25 1.316087240427e-01 4.2769937e-05
369 -0.25 1.337809069558e-01 2.7157056e-05
370 -0.25 1.280313369241e-01 1.0772377e-05
371 -0.25 1.234197896820e-01 1.4235702e-05
372 -0.25 1.200064676653e-01 3.5394812e-05
373 -0.25 1.375828699610e-01 2.9206379e-05
374 -0.25 1.361411165446e-01 1.9257655e-05
375 -0.25 1.300070956804e-01 1.3045787e-05
376 -0.25 1.337798780021e-01 2.0687952e-05
377 -0.25 1.240494429268e-01 2.3293296e-05
378 -0.25 1.374895537040e-01 2.2656168e-05
379 -0.25 1.231266693172e-01 7.5893707e-06
380 -0.25 1.237368843740e-01 1.1123522e-05
381 -0.25 1.235015061666e-01 2.7638946e-05
382 -0.25 1.345401789302e-01 2.0277946e-05
383 -0.25 1.210690825958e-01 4.3052340e-05
384 -0.25 1.270759430067e-01 2.0396340e-05
385 -0.25 1.248141220302e-01 4.6296863e-06
386 -0.25 1.291835515061e-01 1.0755239e-05
387 -0.25 1.173485708779e-01 1.5532803e-05
388 -0.25 1.190789191049e-01 1.8602065e-05
389 -0.25 1.347865981264e-01 3.0018796e-05
390 -0.25 1.218008880126e-01 8.2319671e-06
391 -0.25 1.280792219586e-01 2.1010625e-05
392 -0.25 1.309042016299e-01 5.1643336e-06
393 -0.25 1.315986312741e-01 3.5379041e-05
394 -0.25 1.268206746144e-01 1.0194558e-05
395 -0.25 1.233162814028e-01 1.6502249e-05
396 -0.25 1.308223932931e-01 2.9988928e-05
397 -0.25 1.183450573105e-01 1.0688585e-05
398 -0.25 1.245020472535e-01 3.6063193e-05
399 -0.25 1.266827106377e-01 1.9513063e-05
400 -0.25 1.225326966658e-01 1.4649961e-05
401 -0.25 1.343875359036e-01 3.0543284e-05
402 -0.25 1.246641772319e-01 4.5080103e-05
403 -0.25 1.449256269612e-01 2.9177681e-05
404 -0.25 1.271976828141e-01 2.4954147e-05
405 -0.25 1.322129821827e-01 2.6644679e-05
406 -0.25 1.307003906965e-01 3.5113001e-05
407 -0.25 1.336336475036e-01 3.9720208e-05
408 -0.25 1.338817831324e-01 2.2461881e-05
409 -0.25 1.261139249167e-01 2.2637046e-05
410 -0.25 1.205897253377e-01 1.6959491e-05
411 -0.25 1.222982327710e-01 8.3398916e-06
412 -0.25 1.298906596073e-01 1.0412134e-05
413 -0.25 1.277373791531e-01 1.6868257e-05
414 -0.25 1.291250226861e-01 1.7646966e-05
415 -0.25 1.303100335623e-01 4.6578085e-05
416 -0.25 1.281032779139e-01 1.8049859e-05
417 -0.25 1.289850800328e-01 3.7282218e-05
418 -0.25 1.285346706426e-01 3.4176153e-05
419 -0.25 1.280394929119e-01 3.6682461e-05
420 -0.25 1.239235701434e-01 2.5492823e-05
421 -0.25 1.368651915235e-01 1.6650224e-05
422 -0.25 1.345092688494e-01 3.5473756e-05
423 -0.25 1.365411285022e-01 2.6032358e-05
424 -0.25 1.245657279578e-01 8.4229431e-06
425 -0.25 1.234217915707e-01 1.6577411e-05
426 -0.25 1.262576587456e-01 3.0676027e-05
427 -0.25 1.339822693175e-01 9.5390136e-06
428 -0.25 1.241499776082e-01 1.3437400e-05
429 -0.25 1.416740420723e-01 1.3986176e-05
430 -0.25 1.317351075155e-01 4.0089235e-05
431 -0.25 1.299183624507e-01 2.4706050e-05
432 -0.25 1.296574669686e-01 5.0663928e-05
433 -0.25 1.299500574552e-01 8.6013794e-06
434 -0.25 1.203172060299e-01 4.2440976e-05
435 -0.25 1.364938920955e-01 3.1280352e-05
436 -0.25 1.225620685591e-01 2.1419259e-05
437 -0.25 1.250724199416e-01 1.4676311e-05
438 -0.25 1.200396807034e-01 1.8938861e-05
439 -0.25 1.170720158522e-01 5.4349163e-06
440 -0.25 1.226869757577e-01 1.6205532e-05
441 -0.25 1.295990777545e-01 2.3344621e-05
442 -0.25 1.347660913347e-01 2.7435500e-05
443 -0.25 1.207181542418e-01 1.7110192e-05
444 -0.25 1.280744469852e-01 2.1113330e-05
445 -0.25 1.344805918482e-01 2.5832940e-05
446 -0.25 1.254672069484e-01 1.3987295e-05
447 -0.25 1.224877183760e-01 1.6510469e-05
448 -0.25 1.228165691645e-01 2.2635624e-05
449 -0.25 1.186486502830e-01 1.4614813e-05
450 -0.25 1.279864457136e-01 2.9123972e-05
451 -0.25 1.360532589113e-01 3.9596880e-05
452 -0.25 1.345510301642e-01 2.3714565e-05
453 -0.25 1.304996686839e-01 2.9124000e-05
454 -0.25 1.328397185820e-01 3.0283639e-05
455 -0.25 1.158799176481e-01 3.2393266e-05
456 -0.25 1.358762012537e-01 2.0694079e-05
457 -0.25 1.234113477075e-01 4.3953863e-05
458 -0.25 1.252560128062e-01 2.5815990e-05
459 -0.25 1.237393348580e-01 3.2394453e-05
460 -0.25 1.338926661245e-01 1.5852116e-05
461 -0.25 1.286874281353e-01 1.1308406e-05
462 -0.25 1.250702895616e-01 2.9443143e-05
463 -0.25 1.201841004053e-01 2.5324910e-05
464 -0.25 1.357311955897e-01 5.2663316e-05
465 -0.25 1.228613321158e-01 2.2091053e-05
466 -0.25 1.213820541692e-01 9.7370504e-06
467 -0.25 1.232517633997e-01 1.4849774e-05
468 -0.25 1.333536735292e-01 1.8458613e-05
469 -0.25 1.318758514623e-01 4.1265426e-05
470 -0.25 1.281205065932e-01 2.7519342e-05
471 -0.25 1.279110881771e-01 1.8679473e-05
472 -0.25 1.212092542369e-01 2.0982475e-05
473 -0.25 1.275494724903e-01 2.6487057e-05
474 -0.25 1.229120735714e-01 1.4089314e-05
475 -0.25 1.291344100336e-01 3.1715509e-05
476 -0.25 1.282047738195e-01 1.9893254e-05
477 -0.25 1.344510166008e-01 1.2545497e-05
478 -0.25 1.309565857303e-01 8.8626073e-06
479 -0.25 1.301619037371e-01 2.7481156e-05
480 -0.25 1.192319242738e-01 2.0237940e-05
481 -0.25 1.273086920234e-01 9.0241151e-06
482 -0.25 1.295422558622e-01 1.6818356e-05
483 -0.25 1.204742553130e-01 1.8553500e-05
484 -0.25 1.184662841247e-01 2.3311658e-05
485 -0.25 1.239458824879e-01 2.2157021e-05
486 -0.25 1.322419936651e-01 3.2453623e-05
487 -0.25 1.218423537022e-01 9.4361899e-06
488 -0.25 1.201640647729e-01 2.6750237e-05
489 -0.25 1.271456129508e-01 2.1348632e-05
490 -0.25 1.131549754383e-01 1.7035583e-05
491 -0.25 1.289238259315e-01 3.5429563e-05
492 -0.25 1.278690937453e-01 3.7090984e-05
493 -0.25 1.230438516236e-01 3.6485623e-05
494 -0.25 1.232208456203e-01 1.8363715e-05
495 -0.25 1.299944494595e-01 2.6919330e-05
496 -0.25 1.240849744487e-01 7.8909357e-06
497 -0.25 1.255004360508e-01 1.5055699e-05
498 -0.25 1.225819503154e-01 1.5143147e-05
499 -0.25 1.286979206987e-01 9.5843277e-06
500 -0.25 1.282882804771e-01 3.5849174e-05
1 0.00 1.236913738311e-01 2.6760560e-05
2 0.00 1.228864620038e-01 2.0614387e-05
3 0.00 1.246793457195e-01 1.9224103e-05
4 0.00 1.296574947263e-01 1.5930149e-05
5 0.00 1.303342470262e-01 1.4055473e-05
6 0.00 1.279350898888e-01 2.1431068e-06
7 0.00 1.322992954567e-01 1.5679154e-05
8 0.00 1.243860761038e-01 1.9827847e-05
9 0.00 1.256268177898e-01 2.1874241e-05
10 0.00 1.226595734909e-01 2.8720583e-05
11 0.00 1.228536518278e-01 2.6485372e-05
12 0.00 1.304678449303e-01 2.6197903e-05
13 0.00 1.260502045106e-01 2.5054848e-05
14 0.00 1.294529668624e-01 4.6153319e-05
15 0.00 1.228401779206e-01 6.7179128e-06
16 0.00 1.298086095000e-01 9.7767453e-06
17 0.00 1.266228522979e-01 1.4439478e-05
18 0.00 1.235305188644e-01 2.9761461e-05
19 0.00 1.241944688976e-01 1.7350328e-05
20 0.00 1.200337171794e-01 2.9657182e-05
21 0.00 1.327959376511e-01 1.9640345e-05
22 0.00 1.166762179393e-01 6.2262304e-05
23 0.00 1.237121920211e-01 2.8094288e-05
24 0.00 1.277873354996e-01 3.6595260e-05
25 0.00 1.261602778769e-01 3.3888153e-05
26 0.00 1.203825112853e-01 2.0872671e-05
27 0.00 1.199961142707e-01 2.6981252e-05
28 0.00 1.197327925435e-01 1.1778975e-05
29 0.00 1.230357300449e-01 5.0061687e-05
30 0.00 1.260632119790e-01 3.3478100e-05
31 0.00 1.227439805488e-01 2.4208146e-05
32 0.00 1.259882862516e-01 1.6803684e-05
33 0.00 1.223137466773e-01 9.4131775e-06
34 0.00 1.257800127561e-01 2.2528851e-05
35 0.00 1.176811684011e-01 2.1148544e-05
36 0.00 1.278345718684e-01 1.1345793e-05
37 0.00 1.263098111804e-01 4.2968534e-05
38 0.00 1.353911223102e-01 2.3196505e-05
39 0.00 1.155416144852e-01 2.0448503e-05
40 0.00 1.226463717231e-01 1.7560871e-05
41 0.00 1.226940509686e-01 2.4837681e-05
42 0.00 1.208447600147e-01 1.5283589e-05
43 0.00 1.240624791346e-01 2.2102981e-05
44 0.00 1.242670069207e-01 2.8542192e-05
45 0.00 1.257365519995e-01 2.9779083e-05
46 0.00 1.276089086888e-01 8.3629196e-06
47 0.00 1.273775244864e-01 2.3994833e-05
48 0.00 1.237085523181e-01 1.2321219e-05
49 0.00 1.258451002891e-01 1.5266510e-05
50 0.00 1.305034057526e-01 3.7921701e-05
51 0.00 1.251869315524e-01 4.9922638e-05
52 0.00 1.211049311696e-01 3.1779986e-05
53 0.00 1.308368164370e-01 3.8881445e-05
54 0.00 1.358854772687e-01 3.3172434e-05
55 0.00 1.249978104214e-01 3.8976489e-05
56 0.00 1.199805192449e-01 2.5551531e-05
57 0.00 1.207932374894e-01 1.3753647e-05
58 0.00 1.263635782790e-01 1.6985643e-05
59 0.00 1.254815042574e-01 2.1402111e-05
60 0.00 1.286104784086e-01 3.1354303e-05
61 0.00 1.191641951889e-01 1.7666590e-05
62 0.00 1.340662015703e-01 4.6665353e-05
63 0.00 1.278278599771e-01 2.9697606e-05
64 0.00 1.176598807226e-01 2.5951989e-05
65 0.00 1.338709736872e-01 2.2477741e-05
66 0.00 1.287830428692e-01 2.2913712e-05
67 0.00 1.197313962112e-01 2.5391767e-05
68 0.00 1.292455285302e-01 3.1971746e-05
69 0.00 1.246218646084e-01 2.2310452e-05
70 0.00 1.225449780193e-01 8.9253359e-06
71 0.00 1.243287496969e-01 3.9486580e-05
72 0.00 1.270568943956e-01 3.4630774e-05
73 0.00 1.230836349334e-01 4.4997548e-05
74 0.00 1.259314695620e-01 2.2576464e-05
75 0.00 1.266486593107e-01 5.4845089e-05
76 0.00 1.247041085432e-01 3.0161694e-05
77 0.00 1.208527420169e-01 2.5733168e-05
78 0.00 1.181765293882e-01 3.0558071e-05
79 0.00 1.260313642217e-01 1.0817555e-05
80 0.00 1.212929964800e-01 1.2297835e-05
81 0.00 1.234489865898e-01 3.4098095e-05
82 0.00 1.217489040661e-01 2.2351519e-05
83 0.00 1.167413426525e-01 2.3630048e-05
84 0.00 1.238980119488e-01 4.3883968e-05
85 0.00 1.227700358577e-01 2.5437449e-05
86 0.00 1.277354133906e-01 2.9189183e-05
87 0.00 1.244583013752e-01 2.4739349e-05
88 0.00 1.208363158869e-01 1.2647969e-05
89 0.00 1.213156468240e-01 2.2968909e-05
90 0.00 1.239166849474e-01 5.3989295e-05
91 0.00 1.146155683222e-01 3.0419313e-05
92 0.00 1.260470486175e-01 2.5177468e-05
93 0.00 1.253749835699e-01 2.0122746e-05
94 0.00 1.321823840235e-01 1.9895689e-05
95 0.00 1.267900498172e-01 1.5683898e-05
96 0.00 1.289204797275e-01 4.1684379e-05
97 0.00 1.265285204055e-01 2.5064629e-05
98 0.00 1.329123387525e-01 8.8028384e-06
99 0.00 1.318028053706e-01 2.7095378e-05
100 0.00 1.216411039088e-01 1.5147388e-05
101 0.00 1.316924521914e-01 2.0523942e-05
102 0.00 1.285470756590e-01 2.3006126e-05
103 0.00 1.288651884645e-01 4.5611698e-05
104 0.00 1.218635882778e-01 1.6104503e-05
105 0.00 1.251130978852e-01 1.2125695e-05
106 0.00 1.271540559367e-01 2.3308424e-05
107 0.00 1.220499357581e-01 5.1698174e-05
108 0.00 1.311311601800e-01 2.5695571e-05
109 0.00 1.211983027967e-01 3.2303828e-05
110 0.00 1.230051734137e-01 2.1509140e-05
111 0.00 1.227932067501e-01 1.8217553e-05
112 0.00 1.214978008966e-01 4.6975720e-05
113 0.00 1.188468413404e-01 1.4868828e-05
114 0.00 1.326789201120e-01 2.3740889e-05
115 0.00 1.236198491506e-01 4.9956057e-05
116 0.00 1.262782925369e-01 3.3945201e-05
117 0.00 1.175595121760e-01 1.8278632e-05
118 0.00 1.325845789458e-01 1.3985396e-05
119 0.00 1.203002414949e-01 1.3362086e-05
120 0.00 1.269115576109e-01 1.1513699e-05
121 0.00 1.285992219584e-01 2.7856482e-05
122 0.00 1.250842081309e-01 3.3949169e-05
123 0.00 1.193458809360e-01 2.7045242e-05
124 0.00 1.202856591416e-01 9.2569666e-06
125 0.00 1.208221125689e-01 3.6719759e-05
126 0.00 1.342012353730e-01 1.1653879e-05
127 0.00 1.165758263275e-01 1.9657697e-05
128 0.00 1.285755081445e-01 4.5095972e-05
129 0.00 1.213864579779e-01 1.1717844e-05
130 0.00 1.259113054776e-01 1.3618326e-05
131 0.00 1.181771302666e-01 2.7692300e-05
132 0.00 1.365889001609e-01 3.0273774e-05
133 0.00 1.301183650632e-01 1.8114821e-05
134 0.00 1.258586653658e-01 3.7482565e-05
135 0.00 1.256381752610e-01 2.1733342e-05
136 0.00 1.279274649805e-01 1.3633988e-05
137 0.00 1.195729009465e-01 1.8430271e-05
138 0.00 1.240013653512e-01 2.6207300e-05
139 0.00 1.249441839332e-01 2.1913241e-05
140 0.00 1.133324497045e-01 2.1639630e-05
141 0.00 1.250347368559e-01 2.5301813e-05
142 0.00 1.152633958238e-01 2.9296417e-05
143 0.00 1.177290221546e-01 1.9828513e-05
144 0.00 1.333534729855e-01 1.3801486e-05
145 0.00 1.293014899206e-01 3.0806163e-05
146 0.00 1.187707746919e-01 1.5576887e-05
147 0.00 1.315994593444e-01 3.0595185e-05
148 0.00 1.243900370664e-01 5.1186998e-05
149 0.00 1.278640555207e-01 2.7015146e-05
150 0.00 1.321490053127e-01 1.1229617e-05
151 0.00 1.251317257917e-01 6.5243314e-05
152 0.00 1.231031631768e-01 1.1736521e-05
153 0.00 1.197048139565e-01 1.9783917e-05
154 0.00 1.311064387123e-01 2.8455458e-05
155 0.00 1.190475959807e-01 3.5558142e-05
156 0.00 1.258045895791e-01 1.1351779e-05
157 0.00 1.351944736236e-01 3.2764594e-05
158 0.00 1.202141149644e-01 1.8395933e-05
159 0.00 1.274761888059e-01 2.8308576e-05
160 0.00 1.186086565786e-01 1.2212203e-05
161 0.00 1.247377669298e-01 4.4710918e-05
162 0.00 1.161586990906e-01 2.3347719e-05
163 0.00 1.204324699386e-01 1.6273236e-05
164 0.00 1.257323951219e-01 1.2165248e-05
165 0.00 1.272959663274e-01 2.8939576e-05
166 0.00 1.254437876321e-01 5.1893997e-05
167 0.00 1.210662516742e-01 2.6269155e-05
168 0.00 1.345599705377e-01 2.8652536e-05
169 0.00 1.188883483905e-01 1.7972762e-05
170 0.00 1.189705281605e-01 2.1210943e-05
171 0.00 1.145769230300e-01 1.4417965e-05
172 0.00 1.279214870777e-01 3.7061659e-05
173 0.00 1.243396455987e-01 1.7246591e-05
174 0.00 1.228375832783e-01 1.7363528e-05
175 0.00 1.267262030907e-01 2.2149463e-05
176 0.00 1.263542235035e-01 2.5920384e-05
177 0.00 1.322942259313e-01 3.0287805e-05
178 0.00 1.325216474831e-01 1.4734669e-05
179 0.00 1.196305144225e-01 4.2401798e-05
180 0.00 1.211743801499e-01 3.8279672e-05
181 0.00 1.219403041791e-01 2.4426520e-05
182 0.00 1.201399159075e-01 3.0732979e-05
183 0.00 1.190163482398e-01 2.6876554e-05
184 0.00 1.226236598568e-01 1.1294114e-05
185 0.00 1.143237619549e-01 2.6373581e-05
186 0.00 1.273189990029e-01 3.9347925e-05
187 0.00 1.281999619006e-01 4.4900059e-05
188 0.00 1.225724599932e-01 2.7085410e-05
189 0.00 1.198892279745e-01 2.9556737e-05
190 0.00 1.292487443405e-01 2.2210160e-05
191 0.00 1.223213361815e-01 3.5945986e-05
192 0.00 1.315901401958e-01 1.3200639e-05
193 0.00 1.147075313094e-01 2.4943748e-05
194 0.00 1.289675006000e-01 2.0697682e-05
195 0.00 1.246346141256e-01 1.0943096e-05
196 0.00 1.228555994038e-01 4.9234650e-06
197 0.00 1.331647705783e-01 2.9633710e-05
198 0.00 1.179620098164e-01 1.6213209e-05
199 0.00 1.205615169449e-01 1.7942814e-05
200 0.00 1.315077825260e-01 5.4245405e-05
201 0.00 1.280160378223e-01 2.1246563e-05
202 0.00 1.258660753913e-01 1.2021518e-05
203 0.00 1.200546494347e-01 2.0130722e-05
204 0.00 1.268830337274e-01 4.0649142e-05
205 0.00 1.243735926256e-01 2.1948954e-05
206 0.00 1.166714556365e-01 2.5349820e-05
207 0.00 1.141458785658e-01 4.7027491e-05
208 0.00 1.219592124411e-01 1.5633732e-05
209 0.00 1.240560711662e-01 3.6309306e-05
210 0.00 1.233338705234e-01 2.7531911e-05
211 0.00 1.268905209592e-01 2.3928700e-05
212 0.00 1.203233267612e-01 4.6478907e-05
213 0.00 1.200895485169e-01 3.3178731e-05
214 0.00 1.227984149571e-01 1.7935670e-05
215 0.00 1.209832544716e-01 9.1349655e-06
216 0.00 1.288539999607e-01 1.4616908e-05
217 0.00 1.257954691463e-01 1.7365688e-05
218 0.00 1.220592105533e-01 1.9692982e-05
219 0.00 1.346361005093e-01 4.1316816e-05
220 0.00 1.313048346107e-01 2.6210588e-05
221 0.00 1.216691210214e-01 2.0581641e-05
222 0.00 1.222593907013e-01 1.1430203e-05
223 0.00 1.304173385584e-01 1.7516195e-05
224 0.00 1.169124734295e-01 1.3606607e-05
225 0.00 1.332938599083e-01 2.1906265e-05
226 0.00 1.312758235879e-01 3.7700729e-05
227 0.00 1.260999288186e-01 4.0985916e-05
228 0.00 1.250454351590e-01 2.2507940e-05
229 0.00 1.276233862902e-01 2.0641405e-05
230 0.00 1.260428472395e-01 2.6551544e-05
231 0.00 1.233100424043e-01 7.5822811e-06
232 0.00 1.192418289749e-01 2.5555942e-05
233 0.00 1.240959545338e-01 2.8528023e-05
234 0.00 1.180282208959e-01 1.4455883e-05
235 0.00 1.279260615822e-01 4.7487776e-06
236 0.00 1.263063344491e-01 2.6725638e-05
237 0.00 1.129092975018e-01 1.7876865e-05
238 0.00 1.262527769872e-01 2.5965529e-05
239 0.00 1.245163106887e-01 1.1527510e-05
240 0.00 1.342005141208e-01 2.5777425e-05
241 0.00 1.312044779524e-01 1.9417406e-05
242 0.00 1.260359694809e-01 9.8718349e-06
243 0.00 1.245538499035e-01 2.7232740e-05
244 0.00 1.272985069588e-01 3.3434586e-05
245 0.00 1.256827532373e-01 7.4669956e-06
246 0.00 1.328265750814e-01 2.9301495e-05
247 0.00 1.221972396753e-01 3.3458828e-05
248 0.00 1.340736508741e-01 2.5176206e-05
249 0.00 1.242779597344e-01 2.3182152e-05
250 0.00 1.270503779411e-01 2.7553814e-05
251 0.00 1.227287735055e-01 3.3357607e-05
252 0.00 1.270684188170e-01 1.3717291e-05
253 0.00 1.276805647203e-01 3.1712371e-05
254 0.00 1.244086033628e-01 2.7620729e-05
255 0.00 1.225800299552e-01 9.7267252e-06
256 0.00 1.269449180583e-01 1.1884399e-05
257 0.00 1.168197363678e-01 6.2386241e-06
258 0.00 1.235096435526e-01 1.6823140e-05
259 0.00 1.296458937106e-01 1.0858963e-05
260 0.00 1.227073045188e-01 3.7583515e-05
261 0.00 1.261532824211e-01 3.0009584e-05
262 0.00 1.192813158057e-01 2.4579214e-05
263 0.00 1.334727640007e-01 1.1313502e-05
264 0.00 1.188018220678e-01 1.6084043e-05
265 0.00 1.215792114783e-01 4.2695387e-05
266 0.00 1.344906829477e-01 2.1403654e-05
267 0.00 1.200226225201e-01 2.9184999e-05
268 0.00 1.243167480947e-01 1.2919940e-05
269 0.00 1.246955798813e-01 4.1086905e-05
270 0.00 1.225277509785e-01 2.4177276e-05
271 0.00 1.252839174119e-01 2.4797375e-05
272 0.00 1.172065009286e-01 2.1069319e-05
273 0.00 1.202668196909e-01 1.2426894e-05
274 0.00 1.184429240013e-01 7.2414672e-06
275 0.00 1.141255120784e-01 1.9451778e-05
276 0.00 1.290877875706e-01 3.4941103e-05
277 0.00 1.216180694801e-01 2.7472787e-05
278 0.00 1.256161506272e-01 2.0173499e-05
279 0.00 1.195001954561e-01 1.8336145e-05
280 0.00 1.290342616648e-01 1.5549623e-05
281 0.00 1.279570626102e-01 1.4049393e-05
282 0.00 1.303522780293e-01 1.7247379e-05
283 0.00 1.198512922256e-01 1.6411925e-05
284 0.00 1.170167839073e-01 3.1287534e-05
285 0.00 1.332449953860e-01 2.1553874e-05
286 0.00 1.191231972996e-01 3.4801109e-05
287 0.00 1.283409013054e-01 3.7704464e-05
288 0.00 1.281903020665e-01 2.3987289e-05
289 0.00 1.285969476262e-01 2.6794591e-05
290 0.00 1.258991256890e-01 1.4673955e-05
291 0.00 1.362126096205e-01 6.4981889e-05
292 0.00 1.280216533631e-01 1.6398430e-05
293 0.00 1.212633495717e-01 3.0533024e-05
294 0.00 1.282035921201e-01 4.0826153e-05
295 0.00 1.318803355729e-01 4.6248533e-05
296 0.00 1.237416744758e-01 2.1095566e-05
297 0.00 1.232941645920e-01 1.3018173e-05
298 0.00 1.265893960415e-01 1.3020413e-05
299 0.00 1.296634814522e-01 2.8310172e-05
300 0.00 1.277787750060e-01 3.3493968e-05
301 0.00 1.274190464741e-01 5.7784117e-05
302 0.00 1.269469114887e-01 4.2489295e-05
303 0.00 1.254959440018e-01 3.3910139e-05
304 0.00 1.273251872530e-01 2.5912218e-05
305 0.00 1.271068561405e-01 1.8382369e-05
306 0.00 1.228087036516e-01 3.0831921e-05
307 0.00 1.243226090144e-01 2.3646608e-05
308 0.00 1.229193630286e-01 4.8037792e-05
309 0.00 1.223245413405e-01 6.5897032e-05
310 0.00 1.250655054455e-01 7.0663638e-06
311 0.00 1.206384727690e-01 3.2677575e-05
312 0.00 1.268996753341e-01 2.3520211e-05
313 0.00 1.298674310936e-01 5.6844812e-05
314 0.00 1.216290727673e-01 2.7886428e-05
315 0.00 1.246745890597e-01 1.7651545e-05
316 0.00 1.332860409642e-01 4.3934363e-05
317 0.00 1.217394797208e-01 2.5263997e-06
318 0.00 1.272306301415e-01 1.4264028e-05
319 0.00 1.263683343494e-01 1.0427060e-05
320 0.00 1.197148077307e-01 3.6368668e-05
321 0.00 1.254437351753e-01 2.8696696e-05
322 0.00 1.339379213314e-01 2.4495720e-05
323 0.00 1.301359067213e-01 1.3860234e-05
324 0.00 1.260550274496e-01 2.3905644e-05
325 0.00 1.374242735972e-01 2.7935998e-05
326 0.00 1.278796962177e-01 2.2205588e-05
327 0.00 1.149403358076e-01 1.4243165e-05
328 0.00 1.292800337200e-01 2.9733930e-05
329 0.00 1.164642969023e-01 6.4830527e-06
330 0.00 1.259855634892e-01 3.5685670e-05
331 0.00 1.325348622740e-01 4.5355706e-05
332 0.00 1.273441706326e-01 2.9499842e-05
333 0.00 1.281973857288e-01 5.5427335e-05
334 0.00 1.189768060894e-01 8.2354371e-06
335 0.00 1.277091386256e-01 2.7777383e-05
336 0.00 1.202158460928e-01 1.3032748e-05
337 0.00 1.261727953098e-01 2.9914253e-05
338 0.00 1.226921036943e-01 1.7433630e-05
339 0.00 1.220433148172e-01 2.9839951e-05
340 0.00 1.233826212369e-01 4.9092032e-05
341 0.00 1.196077120332e-01 2.1457706e-05
342 0.00 1.251446748474e-01 1.3057313e-05
343 0.00 1.219443129871e-01 1.7404408e-05
344 0.00 1.223939861767e-01 2.4317137e-05
345 0.00 1.242382007724e-01 1.3150045e-05
346 0.00 1.282676289337e-01 1.3138927e-05
347 0.00 1.186694360555e-01 5.6011242e-06
348 0.00 1.276925482590e-01 2.3173688e-05
349 0.00 1.267255607331e-01 1.4397619e-05
350 0.00 1.221326886442e-01 2.8281844e-05
351 0.00 1.263765395058e-01 2.5801749e-05
352 0.00 1.229635442928e-01 1.7388642e-05
353 0.00 1.294999939829e-01 1.7260744e-05
354 0.00 1.222249252444e-01 2.9156450e-05
355 0.00 1.276433546425e-01 3.1206059e-05
356 0.00 1.328279075166e-01 1.2873490e-05
357 0.00 1.280812567286e-01 2.5510590e-05
358 0.00 1.296116422372e-01 5.0893669e-05
359 0.00 1.246206182131e-01 1.6168627e-05
360 0.00 1.203902264744e-01 1.9377696e-05
361 0.00 1.201370583363e-01 3.3238337e-05
362 0.00 1.258104198229e-01 4.5165327e-05
363 0.00 1.309947103918e-01 7.8371932e-06
364 0.00 1.328970843960e-01 4.2859241e-05
365 0.00 1.286928361720e-01 3.3879212e-05
366 0.00 1.322226953266e-01 1.5143452e-05
367 0.00 1.214873401680e-01 2.8850472e-05
368 0.00 1.281933964514e-01 4.0411377e-05
369 0.00 1.278178720004e-01 1.7331733e-05
370 0.00 1.239677830732e-01 9.0183417e-06
371 0.00 1.237730207627e-01 3.1940921e-05
372 0.00 1.168337661999e-01 3.1818699e-05
373 0.00 1.356935758204e-01 1.7524698e-05
374 0.00 1.331485695329e-01 2.2338227e-05
375 0.00 1.307591667257e-01 1.7270391e-05
376 0.00 1.276853537896e-01 2.5586396e-05
377 0.00 1.247391074303e-01 3.0848476e-05
378 0.00 1.302751764957e-01 2.1554220e-05
379 0.00 1.236224503025e-01 1.6207855e-05
380 0.00 1.237556621822e-01 4.0924086e-05
381 0.00 1.261480624446e-01 7.2819844e-06
382 0.00 1.344841814536e-01 2.3980777e-05
383 0.00 1.209887642162e-01 3.1942642e-05
384 0.00 1.285738673362e-01 6.8991609e-05
385 0.00 1.232163044185e-01 3.0968158e-05
386 0.00 1.282015047214e-01 2.6186555e-05
387 0.00 1.127433715272e-01 1.6415076e-05
388 0.00 1.170817971904e-01 2.4451179e-05
389 0.00 1.331295479612e-01 4.2922648e-05
390 0.00 1.204419191396e-01 2.1731065e-05
391 0.00 1.262995105673e-01 2.9514648e-05
392 0.00 1.327236263053e-01 2.4163648e-05
393 0.00 1.293079531977e-01 3.7449450e-05
394 0.00 1.282584061774e-01 5.4745418e-05
395 0.00 1.191412683186e-01 1.7770566e-05
396 0.00 1.273007037360e-01 1.6501499e-05
397 0.00 1.159471352162e-01 2.3766689e-05
398 0.00 1.202155310619e-01 1.4413708e-05
399 0.00 1.260351279690e-01 2.8676572e-05
400 0.00 1.241791279074e-01 3.5456282e-05
401 0.00 1.300519769323e-01 2.3682113e-05
402 0.00 1.271675652677e-01 2.9838313e-05
403 0.00 1.385859589413e-01 2.7488108e-05
404 0.00 1.302293574764e-01 2.6496508e-05
405 0.00 1.300877582954e-01 5.1864822e-05
406 0.00 1.316450683809e-01 2.5341918e-05
407 0.00 1.309214661423e-01 2.2354769e-05
408 0.00 1.307067144927e-01 3.6022598e-05
409 0.00 1.218289642578e-01 3.1258734e-05
410 0.00 1.163048952598e-01 1.3964329e-05
411 0.00 1.186385864371e-01 3.3647870e-05
412 0.00 1.285661296379e-01 3.0740324e-05
413 0.00 1.230476632664e-01 1.3372756e-05
414 0.00 1.239642089746e-01 8.2160785e-06
415 0.00 1.261281532090e-01 1.1932148e-05
416 0.00 1.285439144585e-01 3.5035146e-05
417 0.00 1.244768071747e-01 1.7818131e-05
418 0.00 1.257755178397e-01 3.3863140e-05
419 0.00 1.249993633327e-01 2.3004379e-05
420 0.00 1.244922476914e-01 1.0727217e-05
421 0.00 1.345216469776e-01 2.7784909e-05
422 0.00 1.352032765534e-01 1.3014862e-05
423 0.00 1.341659579224e-01 3.8079871e-05
424 0.00 1.213060776505e-01 3.9507455e-05
425 0.00 1.237152076473e-01 1.6508673e-05
426 0.00 1.234261854442e-01 7.9310601e-06
427 0.00 1.328340558309e-01 2.3597497e-05
428 0.00 1.236466909392e-01 1.7603843e-05
429 0.00 1.364875315111e-01 2.7671192e-05
430 0.00 1.255497794684e-01 2.0936627e-05
431 0.00 1.236967460041e-01 3.4593745e-05
432 0.00 1.275119294808e-01 1.6392288e-05
433 0.00 1.275200822967e-01 2.7735730e-05
434 0.00 1.210287944748e-01 2.8944296e-05
435 0.00 1.352363335662e-01 1.8663358e-05
436 0.00 1.195186690565e-01 3.5721062e-05
437 0.00 1.233628591401e-01 3.1114548e-05
438 0.00 1.153159952267e-01 1.1881141e-05
439 0.00 1.173577543486e-01 1.9710714e-05
440 0.00 1.180791346369e-01 9.0680729e-06
441 0.00 1.247126161147e-01 2.6182704e-05
442 0.00 1.325084988065e-01 3.2607628e-05
443 0.00 1.190569164241e-01 2.0145171e-05
444 0.00 1.269710818626e-01 2.9843344e-05
445 0.00 1.321793176747e-01 2.9579152e-05
446 0.00 1.286608885362e-01 2.4035249e-05
447 0.00 1.238260158583e-01 1.8189512e-05
448 0.00 1.193940606567e-01 3.0584631e-05
449 0.00 1.202697301187e-01 1.6469558e-05
450 0.00 1.286455451197e-01 4.0978384e-05
451 0.00 1.333617295364e-01 4.8825347e-05
452 0.00 1.341430177489e-01 6.5627784e-05
453 0.00 1.266615190977e-01 3.7282195e-05
454 0.00 1.295615766410e-01 2.3600003e-05
455 0.00 1.124552968067e-01 3.2424895e-05
456 0.00 1.324023562710e-01 1.9426294e-05
457 0.00 1.228269670598e-01 3.5004724e-05
458 0.00 1.203467387347e-01 1.5471096e-05
459 0.00 1.251926725358e-01 8.3986337e-06
460 0.00 1.322117128959e-01 1.4912748e-05
461 0.00 1.244281426852e-01 1.5836451e-05
462 0.00 1.221719214093e-01 3.9814376e-05
463 0.00 1.202229871679e-01 6.2248951e-05
464 0.00 1.302570368152e-01 3.3163717e-05
465 0.00 1.201493659565e-01 3.1779944e-05
466 0.00 1.192025128475e-01 2.2440990e-05
467 0.00 1.206778857769e-01 1.2445596e-05
468 0.00 1.288039264896e-01 1.5319273e-05
469 0.00 1.259126743788e-01 1.2473263e-05
470 0.00 1.236736529229e-01 9.2533462e-06
471 0.00 1.253524644861e-01 3.2109787e-05
472 0.00 1.210199033588e-01 1.3881005e-05
473 0.00 1.233127976075e-01 1.8362104e-05
474 0.00 1.225531652133e-01 1.7863609e-05
475 0.00 1.239992209449e-01 1.9673452e-05
476 0.00 1.241720650133e-01 1.3419238e-05
477 0.00 1.303188012868e-01 5.2321967e-05
478 0.00 1.289112832988e-01 2.2320967e-05
479 0.00 1.248990679173e-01 2.8944502e-05
480 0.00 1.171456013612e-01 3.1269564e-05
481 0.00 1.233459172718e-01 2.2477525e-05
482 0.00 1.268552418710e-01 3.2296532e-05
483 0.00 1.189368182403e-01 3.4004012e-05
484 0.00 1.191312207236e-01 3.6138066e-05
485 0.00 1.220459538887e-01 4.0360230e-05
486 0.00 1.270754177755e-01 4.4042670e-05
487 0.00 1.240986793393e-01 1.7333399e-05
488 0.00 1.191850394567e-01 3.4185482e-05
489 0.00 1.227814389942e-01 2.0052451e-05
490 0.00 1.142997666265e-01 1.9661452e-05
491 0.00 1.254144722498e-01 3.1102410e-05
492 0.00 1.248361455188e-01 5.3681327e-05
493 0.00 1.241331275667e-01 8.8608441e-06
494 0.00 1.212655254292e-01 2.0059172e-05
495 0.00 1.250371511866e-01 2.1880775e-05
496 0.00 1.228510267346e-01 1.0268870e-05
497 0.00 1.218312680866e-01 4.4238377e-05
498 0.00 1.202570629891e-01 1.5597045e-05
499 0.00 1.281634065610e-01 2.1082288e-05
500 0.00 1.248164408196e-01 4.8814376e-05
1 0.25 1.199823153464e-01 2.1710783e-05
2 0.25 1.180430544861e-01 8.4147830e-06
3 0.25 1.209598803896e-01 3.2762066e-05
4 0.25 1.285896253712e-01 4.4041612e-05
5 0.25 1.278308698185e-01 2.5960661e-05
6 0.25 1.256878789359e-01 2.3544945e-05
7 0.25 1.258965369904e-01 2.4907063e-05
8 0.25 1.270481952642e-01 2.1833567e-05
9 0.25 1.261218529992e-01 1.5571136e-05
10 0.25 1.201528594008e-01 2.9968421e-05
11 0.25 1.271076266027e-01 3.9041895e-05
12 0.25 1.243694254048e-01 2.9989227e-05
13 0.25 1.232494914792e-01 2.2388836e-05
14 0.25 1.259122329421e-01 2.0939636e-05
15 0.25 1.239045252248e-01 2.7939032e-05
16 0.25 1.258220860609e-01 3.6572457e-05
17 0.25 1.251106118863e-01 4.4689320e-05
18 0.25 1.200524596219e-01 3.1982630e-05
19 0.25 1.244736334361e-01 1.8988620e-05
20 0.25 1.172266938767e-01 2.0662309e-05
21 0.25 1.285444211647e-01 2.5140828e-05
22 0.25 1.156559429836e-01 8.4958665e-06
23 0.25 1.198529432112e-01 3.6924426e-05
24 0.25 1.236696759757e-01 3.3177923e-05
25 0.25 1.221825804047e-01 7.7931285e-06
26 0.25 1.160456449775e-01 2.2371637e-05
27 0.25 1.201365087779e-01 2.4969267e-05
28 0.25 1.230258664241e-01 2.9979138e-05
29 0.25 1.173475357792e-01 1.7935414e-05
30 0.25 1.208211887466e-01 5.0872721e-06
31 0.25 1.191893621020e-01 1.4391919e-05
32 0.25 1.229555979121e-01 3.3378334e-05
33 0.25 1.223606903840e-01 2.4383209e-05
34 0.25 1.245694876880e-01 1.4881336e-05
35 0.25 1.131427762737e-01 1.2596778e-05
36 0.25 1.235996779560e-01 1.8207789e-05
37 0.25 1.243307656109e-01 3.4703920e-05
38 0.25 1.284690954491e-01 1.8345480e-05
39 0.25 1.150215873229e-01 1.6347927e-05
40 0.25 1.186602396513e-01 2.3476908e-05
41 0.25 1.211600748369e-01 4.4820290e-05
42 0.25 1.191534635076e-01 5.1978872e-05
43 0.25 1.187296384403e-01 1.3596549e-05
44 0.25 1.234594304801e-01 3.6118167e-05
45 0.25 1.235616725841e-01 2.3149283e-05
46 0.25 1.274883275905e-01 3.6646213e-05
47 0.25 1.252637352451e-01 1.8013663e-05
48 0.25 1.243117545117e-01 2.4964747e-05
49 0.25 1.220198055051e-01 1.2153018e-05
50 0.25 1.272980798059e-01 1.9307502e-05
51 0.25 1.240956653012e-01 3.7408880e-05
52 0.25 1.205295917984e-01 2.0566700e-05
53 0.25 1.321019288960e-01 2.1687877e-05
54 0.25 1.344230429631e-01 3.6742843e-05
55 0.25 1.255558532142e-01 3.9573590e-05
56 0.25 1.199736039816e-01 5.1851075e-06
57 0.25 1.179733761570e-01 5.6443445e-05
58 0.25 1.207213482176e-01 2.4100019e-05
59 0.25 1.258412078581e-01 2.2470243e-05
60 0.25 1.259872956754e-01 3.1579823e-05
61 0.25 1.178813421648e-01 4.5450228e-05
62 0.25 1.283853581414e-01 2.8412790e-05
63 0.25 1.256265361373e-01 2.7914557e-05
64 0.25 1.150977672888e-01 3.1369628e-05
65 0.25 1.332628782177e-01 4.1571127e-05
66 0.25 1.223880013368e-01 1.5241323e-05
67 0.25 1.219813131246e-01 2.3472665e-05
68 0.25 1.247785764625e-01 1.5114143e-05
69 0.25 1.211816160118e-01 2.1118114e-05
70 0.25 1.229484142428e-01 6.1962328e-05
71 0.25 1.228112040108e-01 1.8468747e-05
72 0.25 1.203797449109e-01 2.0928178e-05
73 0.25 1.186453712077e-01 1.5466339e-05
74 0.25 1.229021258565e-01 3.6691447e-05
75 0.25 1.250403820084e-01 1.2078498e-05
76 0.25 1.220047738110e-01 5.2925076e-05
77 0.25 1.219967034912e-01 2.8325349e-05
78 0.25 1.174387793114e-01 4.5487279e-05
79 0.25 1.229443926082e-01 2.5059239e-05
80 0.25 1.217781073786e-01 4.7056408e-05
81 0.25 1.220555367572e-01 3.3439978e-05
82 0.25 1.212651826324e-01 9.5931450e-06
83 0.25 1.205252470404e-01 1.8543822e-05
84 0.25 1.228192120808e-01 4.9032633e-05
85 0.25 1.182187536267e-01 4.1458687e-05
86 0.25 1.256615530307e-01 9.6198356e-06
87 0.25 1.246947560114e-01 4.3673186e-05
88 0.25 1.178140289706e-01 3.4594215e-05
89 0.25 1.191389419696e-01 2.1165176e-05
90 0.25 1.219608205439e-01 1.7858994e-05
91 0.25 1.119240638596e-01 1.9305330e-05
92 0.25 1.235575974610e-01 1.1151866e-05
93 0.25 1.183401740665e-01 1.2819321e-05
94 0.25 1.256019289059e-01 2.7699442e-05
95 0.25 1.246665260838e-01 9.2337189e-06
96 0.25 1.283303891514e-01 3.8542450e-05
97 0.25 1.210881719922e-01 2.6075685e-05
98 0.25 1.265412169448e-01 3.0024572e-05
99 0.25 1.286817416528e-01 4.1648126e-05
100 0.25 1.162568437307e-01 2.0480668e-05
101 0.25 1.275364057712e-01 2.7266797e-05
102 0.25 1.275888107131e-01 1.9263611e-05
103 0.25 1.257586078750e-01 2.0902682e-05
104 0.25 1.230779906038e-01 4.8892108e-05
105 0.25 1.263521719293e-01 5.8412134e-05
106 0.25 1.276543805732e-01 1.7256934e-05
107 0.25 1.215509807074e-01 2.2583414e-05
108 0.25 1.276538300225e-01 2.3356672e-05
109 0.25 1.229554189941e-01 1.6560462e-05
110 0.25 1.236746506031e-01 3.9225818e-05
111 0.25 1.190975559048e-01 2.5454797e-05
112 0.25 1.184875888268e-01 2.2932795e-05
113 0.25 1.233539249682e-01 1.3472832e-05
114 0.25 1.275180480560e-01 9.3118528e-06
115 0.25 1.245974798926e-01 2.2278690e-05
116 0.25 1.201484122829e-01 2.0728445e-05
117 0.25 1.158237962510e-01 3.1077404e-05
118 0.25 1.291465997590e-01 2.9238013e-05
119 0.25 1.203367852717e-01 7.1547102e-06
120 0.25 1.254670651370e-01 4.3969070e-05
121 0.25 1.214884713349e-01 3.2906797e-05
122 0.25 1.209923003187e-01 2.7940393e-05
123 0.25 1.203607573858e-01 2.4458965e-05
124 0.25 1.191934077304e-01 2.7070739e-05
125 0.25 1.164219115862e-01 3.3645423e-05
126 0.25 1.295449716572e-01 2.6612694e-05
127 0.25 1.166131612770e-01 8.3588854e-06
128 0.25 1.255066911610e-01 3.6949493e-05
129 0.25 1.195171320276e-01 2.2115772e-05
130 0.25 1.247301663302e-01 2.7043630e-05
131 0.25 1.163241532364e-01 2.6898557e-05
132 0.25 1.340987231104e-01 2.7310024e-05
133 0.25 1.250129848975e-01 2.7254438e-05
134 0.25 1.271062087694e-01 1.9537279e-05
135 0.25 1.253459326879e-01 1.3871616e-05
136 0.25 1.259334173713e-01 1.1448858e-05
137 0.25 1.184914547579e-01 3.3171192e-05
138 0.25 1.229253923047e-01 4.3664134e-05
139 0.25 1.211618575815e-01 1.1462767e-05
140 0.25 1.103549496994e-01 3.6477659e-05
141 0.25 1.277915530525e-01 4.5003886e-05
142 0.25 1.158285483989e-01 2.7663808e-05
143 0.25 1.183966712416e-01 1.5791445e-05
144 0.25 1.268363995998e-01 1.2328492e-05
145 0.25 1.289706308458e-01 3.1746764e-05
146 0.25 1.191301353086e-01 2.3762475e-05
147 0.25 1.298840519828e-01 2.2253409e-05
148 0.25 1.208319942782e-01 1.7027113e-05
149 0.25 1.304481017139e-01 2.1951118e-05
150 0.25 1.267531682681e-01 2.7040428e-05
151 0.25 1.203817963852e-01 3.2336583e-05
152 0.25 1.238381406454e-01 1.3588737e-05
153 0.25 1.160152025684e-01 2.1723545e-05
154 0.25 1.268145367188e-01 4.0736106e-05
155 0.25 1.185442910858e-01 1.9036309e-05
156 0.25 1.219719783656e-01 3.6296096e-05
157 0.25 1.297268061186e-01 1.2058933e-05
158 0.25 1.160809347412e-01 1.9566154e-05
159 0.25 1.292695161950e-01 3.4487926e-05
160 0.25 1.176466709288e-01 1.3218149e-05
161 0.25 1.220758465083e-01 3.6725909e-05
162 0.25 1.170894033242e-01 1.7797546e-05
163 0.25 1.181025578871e-01 3.4246035e-05
164 0.25 1.255390852920e-01 2.0522836e-05
165 0.25 1.250745661852e-01 1.5601076e-05
166 0.25 1.215659185390e-01 1.9428917e-05
167 0.25 1.147519241162e-01 2.2307985e-05
168 0.25 1.289956942390e-01 4.7935602e-05
169 0.25 1.170610714227e-01 1.3462715e-05
170 0.25 1.222831086951e-01 4.5399639e-05
171 0.25 1.134678179121e-01 2.4443616e-05
172 0.25 1.268818965616e-01 1.6123886e-05
173 0.25 1.230077416429e-01 2.3525068e-05
174 0.25 1.198992163022e-01 2.3570254e-05
175 0.25 1.240840153855e-01 1.9420713e-05
176 0.25 1.244749341638e-01 1.8849448e-05
177 0.25 1.329610246313e-01 2.4228390e-05
178 0.25 1.267525739348e-01 1.9685098e-05
179 0.25 1.188195499554e-01 2.6066639e-05
180 0.25 1.207916088057e-01 2.2213255e-05
181 0.25 1.224529002747e-01 4.8940402e-05
182 0.25 1.176836842628e-01 1.2267062e-05
183 0.25 1.167894431831e-01 3.4638740e-05
184 0.25 1.200389897476e-01 1.4694415e-05
185 0.25 1.136963835698e-01 2.4835371e-05
186 0.25 1.243534216660e-01 3.3516512e-05
187 0.25 1.289982206503e-01 1.9231843e-05
188 0.25 1.191678671843e-01 4.7813200e-05
189 0.25 1.184448792791e-01 1.4979014e-05
190 0.25 1.258144422199e-01 1.9775944e-05
191 0.25 1.217965379308e-01 1.6679807e-05
192 0.25 1.279593038311e-01 2.9643605e-05
193 0.25 1.140659274150e-01 3.3863529e-05
194 0.25 1.257885163927e-01 2.6794898e-05
195 0.25 1.226689103122e-01 2.3671556e-05
196 0.25 1.205875483367e-01 2.0832317e-05
197 0.25 1.304706526033e-01 3.8560861e-05
198 0.25 1.160330282630e-01 4.5754308e-05
199 0.25 1.164491765846e-01 1.3332245e-05
200 0.25 1.292839063889e-01 2.5901285e-05
201 0.25 1.292823309561e-01 1.0053338e-05
202 0.25 1.206198240147e-01 1.6362432e-05
203 0.25 1.179252520555e-01 4.3606995e-05
204 0.25 1.235208350177e-01 9.7889116e-06
205 0.25 1.222255358822e-01 1.7742596e-05
206 0.25 1.142355946169e-01 1.0912330e-05
207 0.25 1.140681715244e-01 2.5270426e-05
208 0.25 1.186570189554e-01 3.3005040e-05
209 0.25 1.229814147821e-01 6.1890110e-05
210 0.25 1.207023612482e-01 2.6568896e-05
211 0.25 1.256480570700e-01 2.3441789e-05
212 0.25 1.206830679965e-01 2.2445777e-05
213 0.25 1.181826669732e-01 3.6106950e-05
214 0.25 1.193950967997e-01 2.5522468e-05
215 0.25 1.144819211217e-01 8.8212652e-06
216 0.25 1.250997206487e-01 2.3946121e-05
217 0.25 1.223601985176e-01 1.2173803e-05
218 0.25 1.227557344973e-01 2.8320427e-05
219 0.25 1.323525504569e-01 4.0782212e-05
220 0.25 1.228216954513e-01 4.0372914e-05
221 0.25 1.180473709955e-01 8.6287804e-06
222 0.25 1.212677409186e-01 9.4844731e-06
223 0.25 1.288698334295e-01 1.5565952e-05
224 0.25 1.171989635646e-01 2.3693990e-05
225 0.25 1.300573395074e-01 2.1998253e-05
226 0.25 1.284431391003e-01 2.7564547e-05
227 0.25 1.228258753653e-01 4.1867026e-05
228 0.25 1.235995974783e-01 1.7137402e-05
229 0.25 1.223037792853e-01 3.7856118e-05
230 0.25 1.237521334594e-01 1.5217851e-05
231 0.25 1.248180184605e-01 6.4318947e-05
232 0.25 1.154296950476e-01 3.8282570e-05
233 0.25 1.201399547341e-01 3.3110949e-05
234 0.25 1.152348016938e-01 1.1765937e-05
235 0.25 1.253884704319e-01 1.2798184e-05
236 0.25 1.257447811332e-01 1.8444728e-05
237 0.25 1.116106152581e-01 2.8541374e-05
238 0.25 1.296366398135e-01 1.7883118e-05
239 0.25 1.227931741714e-01 1.8239448e-05
240 0.25 1.322266520738e-01 4.6208067e-05
241 0.25 1.278647018883e-01 4.3254023e-05
242 0.25 1.175643166370e-01 1.5460216e-05
243 0.25 1.229877787234e-01 3.8785036e-05
244 0.25 1.286243902431e-01 1.2680534e-05
245 0.25 1.243167081103e-01 8.0014352e-06
246 0.25 1.290061028676e-01 2.0123007e-05
247 0.25 1.143212655886e-01 2.1626086e-05
248 0.25 1.332082846638e-01 3.1966087e-05
249 0.25 1.221018697963e-01 2.0587190e-05
250 0.25 1.256162073471e-01 3.3344851e-05
251 0.25 1.190139048147e-01 2.1094069e-05
252 0.25 1.276466104936e-01 1.1858757e-05
253 0.25 1.208761225421e-01 3.2277240e-05
254 0.25 1.243338705441e-01 2.4060793e-05
255 0.25 1.174623784783e-01 4.6159237e-05
256 0.25 1.239273558186e-01 2.8459052e-05
257 0.25 1.175085594139e-01 2.7042543e-05
258 0.25 1.222841362243e-01 3.1677044e-05
259 0.25 1.280505147717e-01 3.6648129e-05
260 0.25 1.201713571118e-01 2.6441918e-05
261 0.25 1.247802603119e-01 1.8733449e-05
262 0.25 1.144464653183e-01 1.9971653e-05
263 0.25 1.311761920808e-01 5.7852397e-05
264 0.25 1.217234961183e-01 2.6675714e-05
265 0.25 1.168125716054e-01 7.2713363e-06
266 0.25 1.286153650953e-01 2.3958377e-05
267 0.25 1.161743187723e-01 1.9977860e-05
268 0.25 1.215952166300e-01 1.8650642e-05
269 0.25 1.223976465020e-01 2.0611934e-05
270 0.25 1.226371515025e-01 1.1089320e-05
271 0.25 1.177286866389e-01 3.4255129e-05
272 0.25 1.166923294794e-01 1.7422576e-05
273 0.25 1.181471233501e-01 9.9711962e-06
274 0.25 1.218539713113e-01 2.2603290e-05
275 0.25 1.158230352890e-01 2.3930674e-05
276 0.25 1.276542200400e-01 1.6818457e-05
277 0.25 1.206303933182e-01 7.3671293e-06
278 0.25 1.250352699362e-01 5.1522128e-05
279 0.25 1.165997855992e-01 2.8589443e-05
280 0.25 1.269759542250e-01 2.5599123e-05
281 0.25 1.214812629376e-01 1.3976973e-05
282 0.25 1.282622964089e-01 3.8186685e-05
283 0.25 1.182458603070e-01 2.9105326e-05
284 0.25 1.190381528451e-01 2.9313101e-05
285 0.25 1.276860048276e-01 3.7241251e-05
286 0.25 1.190056315406e-01 9.3715671e-06
287 0.25 1.258194412254e-01 2.2590300e-05
288 0.25 1.279741761260e-01 1.4952703e-05
289 0.25 1.257224026215e-01 3.2241447e-05
290 0.25 1.267055838562e-01 2.5299362e-05
291 0.25 1.338578292385e-01 2.0360407e-05
292 0.25 1.283967265791e-01 9.4810689e-06
293 0.25 1.199894072869e-01 3.9405809e-05
294 0.25 1.224014638160e-01 2.4098512e-05
295 0.25 1.258938617413e-01 3.9361751e-05
296 0.25 1.226641076856e-01 1.7813474e-05
297 0.25 1.229718266717e-01 2.1523052e-05
298 0.25 1.213919955783e-01 2.1581494e-05
299 0.25 1.288690637909e-01 1.8636908e-05
300 0.25 1.236266852991e-01 3.8155551e-05
301 0.25 1.252498434879e-01 3.6168634e-05
302 0.25 1.218867421375e-01 4.2421877e-05
303 0.25 1.231333322969e-01 3.3539687e-05
304 0.25 1.220632045871e-01 6.5947441e-05
305 0.25 1.244468960280e-01 1.3923288e-05
306 0.25 1.201781716588e-01 3.9074129e-05
307 0.25 1.220073095687e-01 1.3197749e-05
308 0.25 1.208808244898e-01 1.9863712e-05
309 0.25 1.204617434735e-01 1.9634403e-05
310 0.25 1.226848129371e-01 9.8540871e-06
311 0.25 1.193458542784e-01 2.9723213e-05
312 0.25 1.193289603512e-01 4.0562862e-05
313 0.25 1.294004262063e-01 5.3133182e-05
314 0.25 1.194934580679e-01 3.4452133e-05
315 0.25 1.212071103668e-01 2.9363239e-05
316 0.25 1.254130396207e-01 2.0764750e-05
317 0.25 1.209720386347e-01 2.6058144e-05
318 0.25 1.251358445908e-01 2.4090593e-05
319 0.25 1.277618083355e-01 2.1900323e-05
320 0.25 1.182455702449e-01 6.7467428e-06
321 0.25 1.247676845156e-01 2.8133498e-05
322 0.25 1.322517251833e-01 1.6038637e-05
323 0.25 1.254252642067e-01 3.0647707e-05
324 0.25 1.199263843027e-01 8.7345942e-06
325 0.25 1.344980927997e-01 2.2074422e-05
326 0.25 1.229865294945e-01 1.8904407e-05
327 0.25 1.150865802339e-01 1.1545240e-05
328 0.25 1.283656866022e-01 1.4347349e-05
329 0.25 1.166375623722e-01 2.0059271e-05
330 0.25 1.238810056109e-01 3.8327332e-05
331 0.25 1.272302791055e-01 2.4217940e-05
332 0.25 1.246699715275e-01 3.8609258e-05
333 0.25 1.219904833309e-01 2.4631714e-05
334 0.25 1.177258748545e-01 2.2118635e-05
335 0.25 1.257865300775e-01 5.2250708e-05
336 0.25 1.149878538570e-01 1.1176689e-05
337 0.25 1.208571226281e-01 4.7751332e-05
338 0.25 1.180605321023e-01 1.8076098e-05
339 0.25 1.199736404786e-01 4.2917713e-05
340 0.25 1.170679888416e-01 2.0948116e-05
341 0.25 1.219445164528e-01 3.9480297e-05
342 0.25 1.235193840625e-01 1.3078092e-05
343 0.25 1.238940418548e-01 1.5259594e-05
344 0.25 1.224749723035e-01 4.0776506e-05
345 0.25 1.223045938327e-01 2.5210938e-05
346 0.25 1.263743343304e-01 1.9227090e-05
347 0.25 1.186245504609e-01 3.0630215e-05
348 0.25 1.240934470715e-01 4.7562543e-05
349 0.25 1.261975029261e-01 2.8257978e-05
350 0.25 1.196077072688e-01 2.9571043e-05
351 0.25 1.219473317132e-01 2.8198303e-05
352 0.25 1.235637763147e-01 6.7461184e-05
353 0.25 1.255265674259e-01 1.2434380e-05
354 0.25 1.197463835455e-01 1.0632678e-05
355 0.25 1.233220592078e-01 1.9875372e-05
356 0.25 1.301871428265e-01 5.5713031e-05
357 0.25 1.246976638287e-01 3.6244752e-05
358 0.25 1.247692541234e-01 2.4294217e-05
359 0.25 1.245473966723e-01 1.9208431e-05
360 0.25 1.194119308959e-01 2.6351804e-05
361 0.25 1.197018659885e-01 4.6348100e-05
362 0.25 1.252512417712e-01 4.0399617e-05
363 0.25 1.271393934279e-01 3.6220969e-05
364 0.25 1.300079379830e-01 3.4687555e-05
365 0.25 1.266677489121e-01 2.7719108e-05
366 0.25 1.315545283775e-01 4.1137947e-05
367 0.25 1.177060611113e-01 2.5524392e-05
368 0.25 1.233797184696e-01 1.6279562e-05
369 0.25 1.260927490095e-01 4.6485018e-06
370 0.25 1.188474368400e-01 1.4007285e-05
371 0.25 1.213635812995e-01 1.3114714e-05
372 0.25 1.163762017166e-01 3.2555014e-05
373 0.25 1.322340202763e-01 1.8001842e-05
374 0.25 1.293682469640e-01 1.2224879e-05
375 0.25 1.302992576708e-01 1.6217217e-05
376 0.25 1.260639342226e-01 2.0012130e-05
377 0.25 1.208122818569e-01 1.6756836e-05
378 0.25 1.296031327957e-01 1.9461662e-05
379 0.25 1.199373881213e-01 1.3028698e-05
380 0.25 1.186566945439e-01 1.5857499e-05
381 0.25 1.207756907858e-01 2.3781287e-05
382 0.25 1.314438423320e-01 1.9774225e-05
383 0.25 1.148929119460e-01 1.0391825e-05
384 0.25 1.315156215628e-01 4.9158413e-05
385 0.25 1.223091483967e-01 3.2875433e-05
386 0.25 1.227301716906e-01 2.7574143e-05
387 0.25 1.122100227259e-01 2.4822061e-05
388 0.25 1.163582020011e-01 1.9162220e-05
389 0.25 1.305365804748e-01 3.5156159e-05
390 0.25 1.156963293277e-01 6.3903409e-05
391 0.25 1.232241665818e-01 2.2715717e-05
392 0.25 1.325111024265e-01 9.4884589e-06
393 0.25 1.256216292769e-01 1.4348204e-05
394 0.25 1.273893461879e-01 3.3257630e-05
395 0.25 1.168557720284e-01 1.9122490e-05
396 0.25 1.259572407949e-01 2.7100329e-05
397 0.25 1.148516250538e-01 2.9598713e-05
398 0.25 1.176689446173e-01 1.0343153e-05
399 0.25 1.238285980666e-01 1.4604883e-05
400 0.25 1.206956826285e-01 2.1405916e-05
401 0.25 1.278152471607e-01 2.1372347e-05
402 0.25 1.202370792586e-01 5.0119945e-06
403 0.25 1.364868000403e-01 3.5999690e-05
404 0.25 1.267610328826e-01 2.0423418e-05
405 0.25 1.269425510445e-01 1.6962884e-05
406 0.25 1.339037780491e-01 1.7557578e-05
407 0.25 1.301042955803e-01 2.1156207e-05
408 0.25 1.268410010154e-01 6.7446366e-05
409 0.25 1.206106395234e-01 3.1482870e-05
410 0.25 1.146620144535e-01 2.3518232e-05
411 0.25 1.170808802187e-01 1.6579500e-05
412 0.25 1.243645053964e-01 2.7866036e-05
413 0.25 1.232823215170e-01 3.2405236e-05
414 0.25 1.216380119720e-01 9.2702597e-06
415 0.25 1.192825242265e-01 3.4871023e-05
416 0.25 1.253335042536e-01 2.0350376e-05
417 0.25 1.234565612497e-01 2.0201806e-05
418 0.25 1.209891643558e-01 1.7097142e-05
419 0.25 1.210234098346e-01 2.6959100e-05
420 0.25 1.274181480852e-01 1.3230341e-05
421 0.25 1.316323319544e-01 8.2248374e-06
422 0.25 1.316618611999e-01 1.3857312e-05
423 0.25 1.285956538567e-01 1.8181081e-05
424 0.25 1.204476973630e-01 3.9759639e-05
425 0.25 1.205867883660e-01 1.3416159e-05
426 0.25 1.243978569134e-01 1.6134626e-05
427 0.25 1.303049678170e-01 2.2021312e-05
428 0.25 1.215795261388e-01 2.1404137e-05
429 0.25 1.368171127942e-01 2.9841691e-05
430 0.25 1.237158667933e-01 2.1315344e-05
431 0.25 1.226695199627e-01 4.2983963e-05
432 0.25 1.269300198605e-01 4.4023812e-05
433 0.25 1.269247281519e-01 1.0186628e-05
434 0.25 1.179357221851e-01 3.2908641e-05
435 0.25 1.316042423511e-01 1.1996265e-05
436 0.25 1.218120617598e-01 3.1289111e-05
437 0.25 1.209729481691e-01 1.3484319e-05
438 0.25 1.129208333375e-01 1.0904492e-05
439 0.25 1.144699693863e-01 1.7435470e-05
440 0.25 1.193038636811e-01 2.4509094e-05
441 0.25 1.223592242633e-01 2.1673921e-05
442 0.25 1.266212085834e-01 4.1358936e-05
443 0.25 1.177403413190e-01 1.9379944e-05
444 0.25 1.227942828234e-01 8.8528421e-06
445 0.25 1.284136545860e-01 2.3173838e-05
446 0.25 1.252435059146e-01 3.2785940e-05
447 0.25 1.208233487683e-01 4.5105064e-05
448 0.25 1.190780046791e-01 1.9508424e-05
449 0.25 1.169408603494e-01 1.3024405e-05
450 0.25 1.277448013830e-01 9.0860772e-06
451 0.25 1.328299116117e-01 1.9173735e-05
452 0.25 1.250054112449e-01 3.4281785e-05
453 0.25 1.255659383994e-01 2.1966051e-05
454 0.25 1.296904017001e-01 1.8624599e-05
455 0.25 1.133114358080e-01 2.5089377e-05
456 0.25 1.288009601458e-01 1.8362934e-05
457 0.25 1.186780463582e-01 7.2239138e-06
458 0.25 1.194572439616e-01 1.5455438e-05
459 0.25 1.238864882000e-01 2.9803918e-05
460 0.25 1.296782950506e-01 2.7967109e-05
461 0.25 1.192366149245e-01 3.9962161e-05
462 0.25 1.241362808733e-01 2.0525437e-05
463 0.25 1.183099593771e-01 2.2904718e-05
464 0.25 1.253920024526e-01 2.1283093e-05
465 0.25 1.184633841926e-01 2.9978289e-05
466 0.25 1.157700937511e-01 1.3881870e-05
467 0.25 1.172867199672e-01 2.6966326e-05
468 0.25 1.302925629192e-01 7.1473696e-05
469 0.25 1.208907921003e-01 2.5776164e-05
470 0.25 1.214369657691e-01 2.0930724e-05
471 0.25 1.244750446563e-01 3.1166237e-05
472 0.25 1.195184457404e-01 2.7008772e-05
473 0.25 1.212060700970e-01 1.7733772e-05
474 0.25 1.191202020592e-01 1.2262433e-05
475 0.25 1.256103143128e-01 1.3953197e-05
476 0.25 1.229685417260e-01 2.2923398e-05
477 0.25 1.282339624653e-01 2.4851835e-05
478 0.25 1.267863260924e-01 2.1287921e-05
479 0.25 1.221608834759e-01 4.6568142e-05
480 0.25 1.132433691992e-01 2.8391831e-05
481 0.25 1.230522392578e-01 1.5709693e-05
482 0.25 1.236686178905e-01 2.4194769e-05
483 0.25 1.207384770324e-01 6.1887489e-05
484 0.25 1.183947618541e-01 2.7853665e-05
485 0.25 1.190893253384e-01 2.9909166e-05
486 0.25 1.250104028790e-01 3.5716144e-05
487 0.25 1.175833978734e-01 8.0918060e-06
488 0.25 1.159132346869e-01 3.5222080e-05
489 0.25 1.225486697645e-01 1.7854535e-05
490 0.25 1.109282553964e-01 2.8714519e-05
491 0.25 1.235896703519e-01 3.2960983e-05
492 0.25 1.253368174188e-01 1.6691737e-05
493 0.25 1.216840476269e-01 1.5731001e-05
494 0.25 1.192130148595e-01 1.9479384e-05
495 0.25 1.225501199395e-01 2.9342367e-05
496 0.25 1.248014165197e-01 4.1552566e-05
497 0.25 1.168065287011e-01 1.6905798e-05
498 0.25 1.180397996192e-01 3.2256986e-05
499 0.25 1.269977090232e-01 3.5514200e-05
500 0.25 1.283179641919e-01 3.1554007e-05
1 0.50 1.202422224472e-01 2.9615555e-05
2 0.50 1.164064409681e-01 1.1287903e-05
3 0.50 1.175554472763e-01 1.3574681e-05
4 0.50 1.262682384052e-01 1.1784499e-05
5 0.50 1.268348140837e-01 8.4993637e-06
6 0.50 1.267112216388e-01 2.3076912e-05
7 0.50 1.240076386588e-01 4.1670428e-05
8 0.50 1.243973203769e-01 2.7696755e-05
9 0.50 1.228714638193e-01 4.6164478e-05
10 0.50 1.220631516889e-01 6.3714413e-05
11 0.50 1.221649986980e-01 2.6904853e-05
12 0.50 1.266465677861e-01 1.2260049e-05
13 0.50 1.217019173184e-01 3.4822926e-05
14 0.50 1.252070647746e-01 6.7307449e-06
15 0.50 1.187452376716e-01 3.2269095e-05
16 0.50 1.221203079568e-01 2.2129913e-05
17 0.50 1.228707078946e-01 4.4548768e-05
18 0.50 1.182883318796e-01 2.0650109e-05
19 0.50 1.207968658609e-01 3.8090728e-05
20 0.50 1.160672080754e-01 3.4161335e-05
21 0.50 1.283442828756e-01 1.7963922e-05
22 0.50 1.122467387878e-01 3.4850160e-05
23 0.50 1.195376032826e-01 1.7784516e-05
24 0.50 1.248349743116e-01 5.4320337e-05
25 0.50 1.210360782558e-01 5.8374770e-05
26 0.50 1.154701148762e-01 4.5893335e-05
27 0.50 1.178334628517e-01 2.7813638e-05
28 0.50 1.189289835879e-01 1.8213370e-05
29 0.50 1.162153845636e-01 2.2438469e-05
30 0.50 1.178417048867e-01 3.7246477e-05
31 0.50 1.207235104684e-01 2.9174262e-05
32 0.50 1.216362730518e-01 6.0942158e-05
33 0.50 1.194241609632e-01 2.7336019e-05
34 0.50 1.276767997937e-01 1.8293474e-05
35 0.50 1.100343798586e-01 8.1853356e-06
36 0.50 1.193610488341e-01 3.1173783e-05
37 0.50 1.197425829052e-01 2.3737779e-05
38 0.50 1.294520028208e-01 4.2656604e-05
39 0.50 1.138129423727e-01 4.4312538e-05
40 0.50 1.156544890936e-01 1.4470961e-05
41 0.50 1.185513285831e-01 2.6892136e-05
42 0.50 1.163131214784e-01 3.2039315e-05
43 0.50 1.219906611413e-01 1.7919390e-05
44 0.50 1.192793494334e-01 2.0827017e-05
45 0.50 1.188214004304e-01 4.5716719e-05
46 0.50 1.239313236190e-01 4.1049981e-05
47 0.50 1.217100502827e-01 4.7137273e-05
48 0.50 1.174688360873e-01 3.4286069e-05
49 0.50 1.194853491941e-01 3.1551020e-05
50 0.50 1.199740900267e-01 3.2542753e-05
51 0.50 1.254451278407e-01 3.8073024e-05
52 0.50 1.186574672712e-01 4.2261831e-05
53 0.50 1.288735990868e-01 4.0471327e-05
54 0.50 1.310866959670e-01 3.9078565e-05
55 0.50 1.244881513874e-01 3.3572497e-05
56 0.50 1.170624115045e-01 1.7308531e-05
57 0.50 1.185398758502e-01 5.0359651e-05
58 0.50 1.250175489185e-01 1.3280682e-05
59 0.50 1.243532519341e-01 4.7279682e-05
60 0.50 1.241487474056e-01 2.2968553e-05
61 0.50 1.185324256800e-01 1.4634031e-05
62 0.50 1.230334803221e-01 3.5634658e-05
63 0.50 1.248050157006e-01 8.6811261e-06
64 0.50 1.111377260028e-01 1.6434082e-05
65 0.50 1.257122766123e-01 2.8419419e-05
66 0.50 1.255297774841e-01 3.8672257e-05
67 0.50 1.153237303860e-01 4.6471546e-05
68 0.50 1.264952824106e-01 2.6333020e-05
69 0.50 1.194646062290e-01 2.7762146e-05
70 0.50 1.193496476812e-01 3.6931753e-05
71 0.50 1.173535456722e-01 4.9106859e-05
72 0.50 1.175839314798e-01 7.6749350e-06
73 0.50 1.173784502060e-01 1.3606034e-05
74 0.50 1.245080251913e-01 1.5165032e-05
75 0.50 1.214122785278e-01 1.4131699e-05
76 0.50 1.173114589552e-01 2.2261493e-05
77 0.50 1.226442954379e-01 2.2788401e-05
78 0.50 1.169354653283e-01 3.2769463e-05
79 0.50 1.210355323386e-01 2.0595297e-05
80 0.50 1.192355109943e-01 4.5994753e-05
81 0.50 1.181710555168e-01 7.1333753e-05
82 0.50 1.182712568353e-01 3.6556827e-05
83 0.50 1.197970937918e-01 2.6445790e-05
84 0.50 1.232442993396e-01 2.3669795e-05
85 0.50 1.164440759649e-01 3.1063126e-05
86 0.50 1.232767264883e-01 3.7163732e-05
87 0.50 1.215169405653e-01 1.9442413e-05
88 0.50 1.129492845139e-01 1.9956678e-05
89 0.50 1.179215269999e-01 2.9509117e-05
90 0.50 1.206342269915e-01 2.1406101e-05
91 0.50 1.106117122188e-01 2.2924206e-05
92 0.50 1.207931272001e-01 1.5279197e-05
93 0.50 1.172074104766e-01 2.1557581e-05
94 0.50 1.277059900942e-01 2.3881440e-05
95 0.50 1.220888271438e-01 5.2387572e-05
96 0.50 1.257080907271e-01 2.5011798e-05
97 0.50 1.192478360097e-01 1.8847238e-05
98 0.50 1.256041623508e-01 3.0659310e-05
99 0.50 1.256376169888e-01 3.5787485e-05
100 0.50 1.159690485391e-01 1.6965104e-05
101 0.50 1.255697412199e-01 3.2246260e-05
102 0.50 1.318794038932e-01 3.1573805e-05
103 0.50 1.212392508565e-01 3.2673733e-05
104 0.50 1.196717865325e-01 2.5934483e-05
105 0.50 1.232048196214e-01 2.9794870e-05
106 0.50 1.250014149052e-01 3.0565444e-05
107 0.50 1.208378838847e-01 3.3747050e-05
108 0.50 1.207903689300e-01 2.5078126e-05
109 0.50 1.201303131375e-01 3.2238250e-05
110 0.50 1.154027978464e-01 2.3151887e-05
111 0.50 1.185865804441e-01 7.4762273e-05
112 0.50 1.184980303415e-01 2.4628714e-05
113 0.50 1.212833132223e-01 2.2482627e-05
114 0.50 1.275416405603e-01 3.7501828e-05
115 0.50 1.169438335452e-01 3.6089136e-05
116 0.50 1.184632369871e-01 1.9883706e-05
117 0.50 1.134380353424e-01 1.3933381e-05
118 0.50 1.260213444763e-01 3.4394743e-05
119 0.50 1.163619542233e-01 2.5437515e-05
120 0.50 1.217598212861e-01 2.0967667e-05
121 0.50 1.189730464532e-01 2.7383636e-05
122 0.50 1.189241024800e-01 2.6295330e-05
123 0.50 1.206387240931e-01 1.0686541e-05
124 0.50 1.160352972832e-01 1.1188516e-05
125 0.50 1.136923994009e-01 3.2282769e-05
126 0.50 1.294616576016e-01 1.9674113e-05
127 0.50 1.103348686521e-01 2.8011904e-05
128 0.50 1.234884075195e-01 2.4095320e-05
129 0.50 1.192185536250e-01 1.9923204e-05
130 0.50 1.255769564134e-01 3.7205435e-05
131 0.50 1.097764795444e-01 3.6477095e-05
132 0.50 1.311176630673e-01 4.4539547e-05
133 0.50 1.243575630541e-01 2.0269135e-05
134 0.50 1.199628935195e-01 7.5879700e-05
135 0.50 1.205627268608e-01 3.3159755e-05
136 0.50 1.261446544949e-01 2.6291615e-05
137 0.50 1.176143309084e-01 2.9648805e-05
138 0.50 1.182089671680e-01 3.4023123e-05
139 0.50 1.213643262461e-01 2.9161122e-05
140 0.50 1.124647700411e-01 2.5528930e-05
141 0.50 1.177860503398e-01 3.8251246e-05
142 0.50 1.164013101469e-01 3.7453992e-05
143 0.50 1.181655133834e-01 2.8401236e-05
144 0.50 1.231312625402e-01 1.7855267e-05
145 0.50 1.279421814342e-01 2.0022679e-05
146 0.50 1.203202695262e-01 3.7633772e-05
147 0.50 1.258545683944e-01 7.8155750e-05
148 0.50 1.147050205017e-01 1.4937510e-05
149 0.50 1.229198480537e-01 3.1984057e-05
150 0.50 1.298227485700e-01 2.7424162e-05
151 0.50 1.182636028695e-01 4.9821427e-06
152 0.50 1.192513435636e-01 1.6916440e-05
153 0.50 1.152980175807e-01 4.3795348e-05
154 0.50 1.265601587554e-01 3.3861356e-05
155 0.50 1.190041372037e-01 1.6362152e-05
156 0.50 1.190996636867e-01 6.4210579e-05
157 0.50 1.295349755950e-01 3.4974183e-05
158 0.50 1.168825417246e-01 3.6508038e-05
159 0.50 1.259749825396e-01 1.8061722e-05
160 0.50 1.173995978157e-01 4.2060623e-05
161 0.50 1.203168846078e-01 1.3657607e-05
162 0.50 1.184719538166e-01 2.3509403e-05
163 0.50 1.195842400180e-01 1.4446925e-05
164 0.50 1.231929623772e-01 3.5062502e-05
165 0.50 1.210601205692e-01 2.7405659e-05
166 0.50 1.214710978134e-01 4.8853451e-05
167 0.50 1.137485202381e-01 2.2885092e-05
168 0.50 1.204570297120e-01 3.9868116e-05
169 0.50 1.183179210654e-01 1.3131800e-05
170 0.50 1.191159332118e-01 3.5282866e-05
171 0.50 1.140515812011e-01 2.3288357e-05
172 0.50 1.229357069011e-01 6.0247009e-06
173 0.50 1.241184475261e-01 2.2759607e-05
174 0.50 1.212694887496e-01 1.4461480e-05
175 0.50 1.237945874018e-01 2.3791433e-05
176 0.50 1.245853096002e-01 3.6408668e-05
177 0.50 1.314186912956e-01 3.5103363e-05
178 0.50 1.261020559761e-01 1.7588161e-05
179 0.50 1.132576232050e-01 2.2067663e-05
180 0.50 1.184335308456e-01 2.6373868e-05
181 0.50 1.198724921799e-01 2.2893299e-05
182 0.50 1.156643665536e-01 2.7212698e-05
183 0.50 1.150928192081e-01 3.9467052e-06
184 0.50 1.180695647192e-01 3.4972534e-05
185 0.50 1.146979099995e-01 2.2470671e-05
186 0.50 1.226197482884e-01 2.5290957e-05
187 0.50 1.242114862333e-01 1.8251160e-05
188 0.50 1.154429473973e-01 2.9704688e-05
189 0.50 1.170050515147e-01 2.2940145e-05
190 0.50 1.215635717637e-01 2.2764385e-05
191 0.50 1.214228857480e-01 3.7056732e-05
192 0.50 1.257742720889e-01 4.6706890e-05
193 0.50 1.115837877987e-01 1.5052921e-05
194 0.50 1.277721474266e-01 4.5371865e-05
195 0.50 1.217773835575e-01 3.2631041e-05
196 0.50 1.169830317119e-01 2.7927395e-05
197 0.50 1.266849549948e-01 3.4678512e-05
198 0.50 1.160076903943e-01 3.0339022e-05
199 0.50 1.171331591435e-01 2.3829762e-05
200 0.50 1.239116743628e-01 4.0353476e-05
201 0.50 1.275579866929e-01 1.5718381e-05
202 0.50 1.218650156637e-01 2.6052677e-05
203 0.50 1.171898324363e-01 3.4936252e-05
204 0.50 1.235022277125e-01 1.7599960e-05
205 0.50 1.192891868399e-01 2.4161610e-05
206 0.50 1.114652175713e-01 2.2156343e-05
207 0.50 1.166192773801e-01 3.5677480e-05
208 0.50 1.208794546094e-01 1.7899563e-05
209 0.50 1.182682583097e-01 1.9361554e-05
210 0.50 1.179496242566e-01 4.8063035e-05
211 0.50 1.232810033146e-01 1.4167732e-05
212 0.50 1.157093372948e-01 3.5890620e-05
213 0.50 1.217425558787e-01 1.1941606e-05
214 0.50 1.182704679891e-01 1.8973469e-05
215 0.50 1.104958577771e-01 1.7332270e-05
216 0.50 1.194263006810e-01 2.5899469e-05
217 0.50 1.210999869384e-01 1.4390587e-05
218 0.50 1.195945801995e-01 2.2857318e-05
219 0.50 1.283183179065e-01 2.6082665e-05
220 0.50 1.180719143390e-01 4.6214372e-05
221 0.50 1.172465057829e-01 2.2687140e-05
222 0.50 1.167495329031e-01 2.6025712e-05
223 0.50 1.263239083014e-01 3.6206655e-05
224 0.50 1.136801784231e-01 1.4764060e-05
225 0.50 1.296342979049e-01 2.4130842e-05
226 0.50 1.226019965472e-01 4.7677859e-05
227 0.50 1.208438461920e-01 1.9927748e-05
228 0.50 1.212198620539e-01 2.5554972e-05
229 0.50 1.186966858602e-01 4.1026344e-05
230 0.50 1.185580790659e-01 2.0398077e-05
231 0.50 1.255726197497e-01 3.2834504e-05
232 0.50 1.112646406338e-01 1.3852870e-05
233 0.50 1.175032586528e-01 9.8035009e-06
234 0.50 1.178297213495e-01 4.2797706e-05
235 0.50 1.258761901346e-01 1.6834694e-05
236 0.50 1.217518916218e-01 2.2220478e-05
237 0.50 1.157567501838e-01 1.1159211e-05
238 0.50 1.228151193898e-01 3.2493328e-05
239 0.50 1.186667510469e-01 2.9960770e-05
240 0.50 1.258706385006e-01 3.5150279e-05
241 0.50 1.273377583135e-01 2.5299111e-05
242 0.50 1.205973092611e-01 4.7229924e-05
243 0.50 1.189752054931e-01 1.1470510e-05
244 0.50 1.253407874404e-01 3.6182409e-05
245 0.50 1.232144078167e-01 2.2515192e-05
246 0.50 1.234804576542e-01 1.7296345e-05
247 0.50 1.155606177886e-01 1.8455301e-05
248 0.50 1.300175215644e-01 2.5353850e-05
249 0.50 1.203429411473e-01 2.7664069e-05
250 0.50 1.203483660739e-01 2.3272830e-05
251 0.50 1.193765729506e-01 2.6408056e-05
252 0.50 1.271099379689e-01 2.1286523e-05
253 0.50 1.212533218161e-01 2.1641776e-05
254 0.50 1.269627035914e-01 2.2802819e-05
255 0.50 1.126462446392e-01 1.4416732e-05
256 0.50 1.255996016999e-01 1.5308986e-05
257 0.50 1.136914081321e-01 3.0129081e-05
258 0.50 1.212291755480e-01 5.3736662e-05
259 0.50 1.228365420374e-01 3.5833231e-05
260 0.50 1.212616209065e-01 4.1139510e-05
261 0.50 1.244513746689e-01 3.0872554e-05
262 0.50 1.155111444063e-01 4.3101423e-05
263 0.50 1.253728805613e-01 1.2477791e-05
264 0.50 1.174234252920e-01 3.6379667e-05
265 0.50 1.195958636593e-01 1.4367117e-05
266 0.50 1.251503452734e-01 1.7068006e-05
267 0.50 1.158749209751e-01 2.2398594e-05
268 0.50 1.206182546510e-01 3.0972388e-05
269 0.50 1.194741883102e-01 4.7691322e-05
270 0.50 1.189390910666e-01 1.8335170e-05
271 0.50 1.185073976264e-01 1.8715417e-05
272 0.50 1.120660316142e-01 1.2753773e-05
273 0.50 1.176182507069e-01 1.2677896e-05
274 0.50 1.155561049628e-01 1.8015476e-05
275 0.50 1.152598034471e-01 7.5262595e-06
276 0.50 1.229475546438e-01 1.9682942e-05
277 0.50 1.194163746382e-01 2.0789268e-05
278 0.50 1.243213689829e-01 4.9888659e-05
279 0.50 1.176686345876e-01 3.1333792e-05
280 0.50 1.225702396902e-01 2.1590365e-05
281 0.50 1.223431871443e-01 2.6638668e-05
282 0.50 1.215675424451e-01 1.8014397e-05
283 0.50 1.244118152196e-01 2.2249028e-05
284 0.50 1.178575449755e-01 1.9644548e-05
285 0.50 1.253055619949e-01 2.9890964e-05
286 0.50 1.126029317150e-01 3.1428925e-05
287 0.50 1.187426618252e-01 1.7521378e-05
288 0.50 1.231166703925e-01 1.9657614e-05
289 0.50 1.271976966273e-01 5.1183153e-05
290 0.50 1.187259565069e-01 5.2477196e-05
291 0.50 1.292950979168e-01 6.3292658e-05
292 0.50 1.232639702612e-01 2.3566016e-05
293 0.50 1.203349195451e-01 1.8059531e-05
294 0.50 1.252391674530e-01 2.8779268e-05
295 0.50 1.259002146053e-01 3.2017018e-05
296 0.50 1.212102572048e-01 2.1880137e-05
297 0.50 1.217426476810e-01 2.2530028e-05
298 0.50 1.206190738239e-01 4.1179332e-05
299 0.50 1.278300648142e-01 3.5257143e-05
300 0.50 1.199030840017e-01 5.1999253e-05
301 0.50 1.219441624416e-01 2.8547827e-05
302 0.50 1.245022196555e-01 1.7369080e-05
303 0.50 1.205716068075e-01 3.6114280e-05
304 0.50 1.208722766405e-01 2.9453837e-05
305 0.50 1.201505968663e-01 1.4228366e-05
306 0.50 1.172249709232e-01 4.4299046e-05
307 0.50 1.187142797201e-01 1.1350075e-05
308 0.50 1.175497017958e-01 1.6466265e-05
309 0.50 1.164596221608e-01 3.7850276e-05
310 0.50 1.199937893148e-01 2.8626902e-05
311 0.50 1.130596143426e-01 2.5337621e-05
312 0.50 1.182409667813e-01 3.7191749e-05
313 0.50 1.259118816363e-01 3.9999995e-05
314 0.50 1.182578872781e-01 2.5890593e-05
315 0.50 1.184813433122e-01 2.4568420e-05
316 0.50 1.229071850880e-01 1.2402835e-05
317 0.50 1.161005490402e-01 1.8578655e-05
318 0.50 1.247141800897e-01 1.2361420e-05
319 0.50 1.261506392829e-01 4.9854037e-05
320 0.50 1.140817803973e-01 1.6635143e-05
321 0.50 1.207278716228e-01 2.1819343e-05
322 0.50 1.261120702552e-01 1.9450526e-05
323 0.50 1.238465449023e-01 2.7397449e-05
324 0.50 1.212299968765e-01 2.0904932e-05
325 0.50 1.317141286186e-01 4.0755535e-05
326 0.50 1.199896297172e-01 1.6396370e-05
327 0.50 1.132432086123e-01 3.0381196e-05
328 0.50 1.268412982708e-01 3.9209377e-05
329 0.50 1.152089226942e-01 1.6414739e-05
330 0.50 1.213118311039e-01 2.1679962e-05
331 0.50 1.261555040371e-01 1.5998000e-05
332 0.50 1.257289853252e-01 1.5178577e-05
333 0.50 1.188922491221e-01 1.1710104e-05
334 0.50 1.147127244822e-01 4.1326836e-05
335 0.50 1.234570533510e-01 1.9465571e-05
336 0.50 1.136503866534e-01 3.8530278e-05
337 0.50 1.210294492613e-01 3.2408573e-05
338 0.50 1.169740593882e-01 2.4794980e-05
339 0.50 1.181349321614e-01 5.6737691e-05
340 0.50 1.179032588479e-01 4.2234545e-05
341 0.50 1.236079085456e-01 1.6537972e-05
342 0.50 1.186439391893e-01 1.3887089e-05
343 0.50 1.195103764287e-01 9.4370102e-06
344 0.50 1.207074651250e-01 2.4214789e-05
345 0.50 1.184897263528e-01 3.3052890e-05
346 0.50 1.241310131773e-01 1.6505334e-05
347 0.50 1.177045454535e-01 2.6121228e-05
348 0.50 1.223039792378e-01 2.7447285e-05
349 0.50 1.262580065954e-01 1.5955563e-05
350 0.50 1.172651425409e-01 2.2312478e-05
351 0.50 1.213774820175e-01 2.6584730e-05
352 0.50 1.217981110566e-01 3.4000895e-05
353 0.50 1.230488128736e-01 1.9644165e-05
354 0.50 1.209492183966e-01 2.7200915e-05
355 0.50 1.236870280307e-01 2.4279238e-05
356 0.50 1.271994286090e-01 1.4744457e-05
357 0.50 1.215625393799e-01 2.4449050e-05
358 0.50 1.212941871426e-01 1.8579470e-05
359 0.50 1.194760749818e-01 8.6459360e-06
360 0.50 1.189976017959e-01 2.4529238e-05
361 0.50 1.152798534533e-01 2.6667395e-05
362 0.50 1.232219826749e-01 2.5338876e-05
363 0.50 1.232422084416e-01 1.2154309e-05
364 0.50 1.283514137939e-01 5.7870270e-05
365 0.50 1.201428233981e-01 2.8479843e-05
366 0.50 1.223125633454e-01 2.3125344e-05
367 0.50 1.178508647183e-01 1.0026802e-05
368 0.50 1.266671576519e-01 3.0473938e-05
369 0.50 1.211194312315e-01 3.2349490e-05
370 0.50 1.184766245058e-01 3.6790372e-05
371 0.50 1.174205561636e-01 5.9449171e-06
372 0.50 1.163102788609e-01 2.1561611e-05
373 0.50 1.298481449572e-01 2.9771932e-05
374 0.50 1.296730501552e-01 1.0232975e-05
375 0.50 1.259742910827e-01 3.6258221e-06
376 0.50 1.208798517450e-01 2.7095396e-05
377 0.50 1.228416001838e-01 2.3483207e-05
378 0.50 1.279097444226e-01 4.6956351e-05
379 0.50 1.239026181422e-01 2.7782618e-05
380 0.50 1.169967709482e-01 4.2358584e-05
381 0.50 1.201329762443e-01 3.4593383e-05
382 0.50 1.246907040932e-01 2.2737163e-05
383 0.50 1.160823646421e-01 1.9224083e-05
384 0.50 1.228841852198e-01 1.5628835e-05
385 0.50 1.176674429786e-01 4.7263517e-05
386 0.50 1.214812632707e-01 5.2156327e-05
387 0.50 1.112881780342e-01 1.4820206e-05
388 0.50 1.134812323112e-01 6.9495192e-06
389 0.50 1.295106556682e-01 3.1049771e-05
390 0.50 1.144769654477e-01 3.2107252e-05
391 0.50 1.210922452797e-01 5.3599286e-05
392 0.50 1.260595678708e-01 4.2684147e-05
393 0.50 1.267861873708e-01 2.5582025e-05
394 0.50 1.233322401484e-01 7.7506637e-06
395 0.50 1.159163661318e-01 5.1996462e-05
396 0.50 1.229528260143e-01 2.7695489e-05
397 0.50 1.148261268268e-01 1.0043125e-05
398 0.50 1.095709558732e-01 2.6971457e-05
399 0.50 1.197579637454e-01 4.7136530e-05
400 0.50 1.175382639873e-01 3.2414723e-05
401 0.50 1.248869984476e-01 2.2280031e-05
402 0.50 1.246663224186e-01 5.3632631e-05
403 0.50 1.347216998263e-01 3.3379020e-05
404 0.50 1.208103876717e-01 1.5022623e-05
405 0.50 1.254906317554e-01 1.9813671e-05
406 0.50 1.273596384343e-01 3.7121272e-05
407 0.50 1.312205745407e-01 3.0100610e-05
408 0.50 1.213715778929e-01 2.6127516e-05
409 0.50 1.183321825921e-01 2.1399131e-05
410 0.50 1.119036118555e-01 2.3094675e-05
411 0.50 1.144432699579e-01 4.1130568e-05
412 0.50 1.201588066508e-01 3.7177246e-05
413 0.50 1.202263285178e-01 3.0609823e-05
414 0.50 1.214676890714e-01 1.9188908e-05
415 0.50 1.183979398882e-01 2.1305386e-05
416 0.50 1.215617582032e-01 2.4840439e-05
417 0.50 1.219918865613e-01 4.4435682e-05
418 0.50 1.193250452628e-01 1.9091836e-05
419 0.50 1.225852349590e-01 3.6430377e-05
420 0.50 1.244923189154e-01 1.6917311e-05
421 0.50 1.259272092325e-01 3.2960144e-05
422 0.50 1.297965753688e-01 2.3802510e-05
423 0.50 1.276741739422e-01 4.4166322e-05
424 0.50 1.172099700333e-01 1.6397687e-05
425 0.50 1.157262610795e-01 2.1887885e-05
426 0.50 1.196513317678e-01 1.3714285e-05
427 0.50 1.309031597877e-01 2.9600823e-05
428 0.50 1.204864904766e-01 3.8972955e-05
429 0.50 1.298272340291e-01 3.5092575e-05
430 0.50 1.207135770429e-01 1.9304749e-05
431 0.50 1.210923284423e-01 1.5816482e-05
432 0.50 1.243692492161e-01 3.5450360e-05
433 0.50 1.275267250159e-01 1.9982409e-05
434 0.50 1.135620653691e-01 2.5536107e-05
435 0.50 1.260531640040e-01 2.1366591e-05
436 0.50 1.168365517726e-01 4.0655506e-05
437 0.50 1.228450477849e-01 3.5248059e-05
438 0.50 1.140763173462e-01 3.5920133e-05
439 0.50 1.162995561229e-01 1.6451665e-05
440 0.50 1.146074342472e-01 2.9987212e-05
441 0.50 1.198503840006e-01 2.7487548e-05
442 0.50 1.265591795766e-01 3.7093670e-05
443 0.50 1.180434554510e-01 2.1243879e-05
444 0.50 1.214527285528e-01 4.6238107e-05
445 0.50 1.232652637046e-01 3.6540574e-05
446 0.50 1.240541065733e-01 3.7330946e-05
447 0.50 1.214487939237e-01 1.7516539e-05
448 0.50 1.168756194028e-01 1.1742040e-05
449 0.50 1.137298058975e-01 2.3318318e-05
450 0.50 1.250468511992e-01 1.2390972e-05
451 0.50 1.274764281242e-01 4.4892819e-05
452 0.50 1.220004174969e-01 3.4346055e-05
453 0.50 1.216003240319e-01 2.0034572e-05
454 0.50 1.277405127596e-01 4.5375135e-05
455 0.50 1.108667765345e-01 1.3114872e-05
456 0.50 1.292397937732e-01 2.7798698e-05
457 0.50 1.169765126181e-01 2.5655073e-05
458 0.50 1.175378826615e-01 1.5209119e-05
459 0.50 1.214224423511e-01 1.8201985e-05
460 0.50 1.326552284827e-01 7.4659271e-05
461 0.50 1.178432098609e-01 2.5119782e-05
462 0.50 1.195821173435e-01 3.5832843e-05
463 0.50 1.170689726018e-01 1.4008127e-05
464 0.50 1.228536370855e-01 2.4918819e-05
465 0.50 1.124377788000e-01 1.6822127e-05
466 0.50 1.180992107361e-01 1.6951423e-05
467 0.50 1.149249296414e-01 2.5110601e-05
468 0.50 1.232132092958e-01 3.5067391e-05
469 0.50 1.204149337510e-01 2.6408781e-05
470 0.50 1.211126982470e-01 1.1506843e-05
471 0.50 1.218493818977e-01 4.7093005e-05
472 0.50 1.183378792461e-01 2.3595574e-05
473 0.50 1.198535799834e-01 1.5969154e-05
474 0.50 1.151019914547e-01 2.0630184e-05
475 0.50 1.190444968705e-01 1.9599744e-05
476 0.50 1.177411475089e-01 1.6941415e-05
477 0.50 1.257245646699e-01 2.1541467e-05
478 0.50 1.223339318888e-01 3.5979707e-05
479 0.50 1.228496151639e-01 4.0161642e-05
480 0.50 1.094063328682e-01 7.5072952e-05
481 0.50 1.151159623094e-01 3.2803987e-05
482 0.50 1.209995924386e-01 1.2906776e-05
483 0.50 1.169778325930e-01 2.7686917e-05
484 0.50 1.147605062046e-01 2.5465581e-05
485 0.50 1.206463886751e-01 1.2967521e-05
486 0.50 1.213070588578e-01 8.9985553e-05
487 0.50 1.150905986518e-01 2.7915561e-05
488 0.50 1.166935507858e-01 4.0085483e-05
489 0.50 1.170856057009e-01 1.5275215e-05
490 0.50 1.118756402989e-01 5.1134349e-05
491 0.50 1.204384971525e-01 1.5974953e-05
492 0.50 1.207324480463e-01 1.3761440e-05
493 0.50 1.202225980132e-01 1.2482994e-05
494 0.50 1.186133492059e-01 1.5508012e-05
495 0.50 1.259150803531e-01 2.6961792e-05
496 0.50 1.189689283018e-01 1.8886918e-05
497 0.50 1.179075354551e-01 2.1542097e-05
498 0.50 1.172311404725e-01 2.4681257e-05
499 0.50 1.244091764634e-01 1.3307956e-05
500 0.50 1.241281482345e-01 1.7880731e-05
1 0.75 1.156147154501e-01 3.1368561e-05
2 0.75 1.160492828334e-01 3.2858498e-05
3 0.75 1.165729314847e-01 1.7936006e-05
4 0.75 1.224830997985e-01 3.3822831e-05
5 0.75 1.237592639841e-01 2.8073349e-05
6 0.75 1.235233649775e-01 2.8100462e-05
7 0.75 1.211262248991e-01 1.3021016e-05
8 0.75 1.233000536575e-01 2.0464026e-05
9 0.75 1.188258847340e-01 2.6392610e-05
10 0.75 1.168805244057e-01 4.8223429e-05
11 0.75 1.193722061218e-01 2.5000210e-05
12 0.75 1.248607370763e-01 4.3552776e-05
13 0.75 1.204295466534e-01 3.4065532e-05
14 0.75 1.219913345321e-01 4.1716206e-05
15 0.75 1.188602855324e-01 4.1751742e-05
16 0.75 1.225845047882e-01 3.3209323e-05
17 0.75 1.214905115428e-01 4.0856182e-05
18 0.75 1.151978148937e-01 8.7430139e-06
19 0.75 1.159089844853e-01 2.9747694e-05
20 0.75 1.148860659010e-01 2.6463874e-05
21 0.75 1.229330284104e-01 5.1833256e-05
22 0.75 1.138228174696e-01 1.3275765e-05
23 0.75 1.159299664752e-01 3.1296820e-05
24 0.75 1.227230490547e-01 2.1219695e-05
25 0.75 1.165909344636e-01 2.7868901e-05
26 0.75 1.115259121426e-01 1.7386974e-05
27 0.75 1.151548054825e-01 3.8986102e-05
28 0.75 1.175556247054e-01 4.0317546e-05
29 0.75 1.171441384456e-01 3.9197931e-05
30 0.75 1.142673499675e-01 2.9340784e-05
31 0.75 1.153425419393e-01 2.4224945e-05
32 0.75 1.232701949750e-01 5.4573883e-05
33 0.75 1.192444125525e-01 1.9436316e-05
34 0.75 1.186711793485e-01 3.9789977e-05
35 0.75 1.097088193007e-01 1.8121237e-05
36 0.75 1.195483497204e-01 5.5434065e-05
37 0.75 1.234257645759e-01 1.7256621e-05
38 0.75 1.272211597091e-01 1.7627257e-05
39 0.75 1.141440595073e-01 1.7283386e-05
40 0.75 1.157536190492e-01 1.2245266e-05
41 0.75 1.168958727600e-01 2.3875654e-05
42 0.75 1.139855563357e-01 1.7789820e-05
43 0.75 1.209515410636e-01 1.7021967e-05
44 0.75 1.174730376540e-01 2.5627590e-05
45 0.75 1.178643401549e-01 4.0413689e-05
46 0.75 1.200280350140e-01 2.3392463e-05
47 0.75 1.178129152340e-01 4.5961974e-05
48 0.75 1.189986229607e-01 1.6901119e-05
49 0.75 1.137818628018e-01 9.5425978e-06
50 0.75 1.199503405501e-01 3.9086346e-05
51 0.75 1.183458907039e-01 2.4979743e-05
52 0.75 1.200964367051e-01 4.0713188e-05
53 0.75 1.288093903845e-01 3.3019019e-05
54 0.75 1.280318671450e-01 2.8069323e-05
55 0.75 1.193886959187e-01 2.1342342e-05
56 0.75 1.154493663531e-01 2.6494755e-05
57 0.75 1.184721213601e-01 2.5826731e-05
58 0.75 1.215836261513e-01 3.7291540e-05
59 0.75 1.199954216235e-01 2.8236719e-05
60 0.75 1.254057728817e-01 1.8730846e-05
61 0.75 1.125439441847e-01 4.9723187e-05
62 0.75 1.235796724426e-01 3.3494829e-05
63 0.75 1.205966445859e-01 1.7626091e-05
64 0.75 1.139776780720e-01 9.0273326e-06
65 0.75 1.264808056539e-01 2.9006062e-05
66 0.75 1.236309137584e-01 2.6615021e-05
67 0.75 1.167471594265e-01 2.5621650e-05
68 0.75 1.215038907022e-01 5.8663381e-05
69 0.75 1.215001372760e-01 3.1635022e-05
70 0.75 1.195763864249e-01 2.7648022e-05
71 0.75 1.164049949137e-01 7.2463959e-06
72 0.75 1.156448889113e-01 9.4470784e-06
73 0.75 1.141716581667e-01 3.6926732e-05
74 0.75 1.195536180003e-01 2.7895065e-05
75 0.75 1.201690012377e-01 1.1821242e-05
76 0.75 1.173159882690e-01 3.4203994e-05
77 0.75 1.142448184988e-01 3.2214144e-05
78 0.75 1.163998238462e-01 1.7160150e-05
79 0.75 1.196356711457e-01 2.1757924e-05
80 0.75 1.174286519710e-01 3.7072968e-05
81 0.75 1.163847826162e-01 1.2269948e-05
82 0.75 1.166645622470e-01 5.3879232e-05
83 0.75 1.153888311326e-01 1.4980320e-05
84 0.75 1.207094528760e-01 2.1818873e-05
85 0.75 1.164008689156e-01 2.9622317e-05
86 0.75 1.196782587888e-01 2.0365388e-05
87 0.75 1.216954424575e-01 1.7284836e-05
88 0.75 1.092870812513e-01 2.4219868e-05
89 0.75 1.130942460431e-01 2.7710770e-05
90 0.75 1.181716716504e-01 6.4929209e-05
91 0.75 1.061842972561e-01 2.4046946e-05
92 0.75 1.139134688761e-01 3.9402567e-06
93 0.75 1.185853514803e-01 3.4711235e-05
94 0.75 1.271369481490e-01 3.8533992e-05
95 0.75 1.237983120155e-01 2.2473918e-05
96 0.75 1.207191770267e-01 1.1148758e-05
97 0.75 1.178664526037e-01 2.4977149e-05
98 0.75 1.236700554682e-01 6.7428833e-05
99 0.75 1.225884848850e-01 1.5553079e-05
100 0.75 1.150393962849e-01 1.3803791e-05
101 0.75 1.218734100381e-01 2.1708416e-05
102 0.75 1.243273989699e-01 1.9949912e-05
103 0.75 1.225999877155e-01 5.8139221e-05
104 0.75 1.168990527960e-01 1.3855094e-05
105 0.75 1.182335330562e-01 4.1043231e-06
106 0.75 1.189462068689e-01 2.5061706e-05
107 0.75 1.196540746025e-01 2.6774796e-05
108 0.75 1.262094069872e-01 3.1301281e-05
109 0.75 1.236276350310e-01 3.8892868e-05
110 0.75 1.140607098387e-01 1.2414184e-05
111 0.75 1.171359322884e-01 2.6392061e-05
112 0.75 1.143661195448e-01 3.2725483e-05
113 0.75 1.162941498719e-01 1.3607493e-05
114 0.75 1.212935876896e-01 2.0196605e-05
115 0.75 1.207871854938e-01 1.5121184e-05
116 0.75 1.166824685160e-01 9.3687331e-06
117 0.75 1.124006053285e-01 3.1906928e-05
118 0.75 1.266197811795e-01 4.0063097e-05
119 0.75 1.125417686282e-01 3.1371507e-05
120 0.75 1.179555691220e-01 6.2954425e-05
121 0.75 1.188926096209e-01 2.3904953e-05
122 0.75 1.169891866574e-01 1.4351876e-05
123 0.75 1.171453039049e-01 1.6822621e-05
124 0.75 1.154969468537e-01 1.6492451e-05
125 0.75 1.171871015980e-01 3.0122762e-05
126 0.75 1.203067519984e-01 1.2026220e-05
127 0.75 1.137575854671e-01 1.8276275e-05
128 0.75 1.194999118069e-01 8.7814514e-05
129 0.75 1.151464085234e-01 1.7266932e-05
130 0.75 1.187605102356e-01 3.1594260e-05
131 0.75 1.062463596633e-01 1.8240024e-05
132 0.75 1.282153571860e-01 8.9459594e-05
133 0.75 1.182688427123e-01 2.2062404e-05
134 0.75 1.178567995574e-01 1.9956608e-05
135 0.75 1.193689121549e-01 7.5798325e-06
136 0.75 1.208852552240e-01 7.0900645e-05
137 0.75 1.146166937781e-01 2.7802394e-05
138 0.75 1.145249675916e-01 4.9520426e-05
139 0.75 1.197687801133e-01 2.3008162e-05
140 0.75 1.091034760562e-01 1.8468101e-05
141 0.75 1.164035176867e-01 2.6541835e-05
142 0.75 1.171477040649e-01 3.1056605e-05
143 0.75 1.150492200931e-01 3.5028004e-05
144 0.75 1.258591904010e-01 1.4268933e-05
145 0.75 1.225124969489e-01 4.4469712e-05
146 0.75 1.168643364649e-01 1.6687040e-05
147 0.75 1.210087319942e-01 4.7932062e-05
148 0.75 1.169292453557e-01 1.5148537e-05
149 0.75 1.243501482268e-01 5.9963826e-05
150 0.75 1.233306281034e-01 1.1468690e-05
151 0.75 1.144488499629e-01 1.5580738e-05
152 0.75 1.215511001892e-01 5.4286294e-05
153 0.75 1.137001817901e-01 1.2900528e-05
154 0.75 1.195209791692e-01 2.8253310e-05
155 0.75 1.157897492507e-01 2.1934644e-05
156 0.75 1.179856388478e-01 1.7953125e-05
157 0.75 1.241105592350e-01 1.1283224e-05
158 0.75 1.125228741278e-01 5.1657887e-05
159 0.75 1.230137079491e-01 2.5823541e-05
160 0.75 1.138864021004e-01 4.1908879e-05
161 0.75 1.240790990431e-01 4.6908060e-05
162 0.75 1.131520786592e-01 4.1516243e-05
163 0.75 1.157600165146e-01 1.3166450e-05
164 0.75 1.202597161751e-01 3.1330891e-05
165 0.75 1.178865472802e-01 3.4248791e-05
166 0.75 1.157707541429e-01 1.4586689e-05
167 0.75 1.101109994422e-01 1.4329055e-05
168 0.75 1.173488523029e-01 3.7038545e-05
169 0.75 1.162033875660e-01 1.3329311e-05
170 0.75 1.154458074608e-01 2.0255263e-05
171 0.75 1.084865190979e-01 1.3709661e-05
172 0.75 1.216754600429e-01 3.9592365e-05
173 0.75 1.227486661889e-01 6.2660512e-05
174 0.75 1.151701308971e-01 4.6250556e-05
175 0.75 1.216624208430e-01 2.9954615e-05
176 0.75 1.231584691569e-01 6.1978922e-05
177 0.75 1.282612612375e-01 8.3932766e-06
178 0.75 1.260575384409e-01 2.5421197e-05
179 0.75 1.132289284193e-01 2.4368066e-05
180 0.75 1.185708049581e-01 2.0358976e-05
181 0.75 1.180449530754e-01 3.2954749e-05
182 0.75 1.143174247526e-01 3.0627424e-05
183 0.75 1.132532936112e-01 1.2536261e-05
184 0.75 1.151412527696e-01 1.1706263e-05
185 0.75 1.095162081276e-01 3.4976366e-05
186 0.75 1.225398957206e-01 1.8088766e-05
187 0.75 1.178098363197e-01 2.6642148e-05
188 0.75 1.120601926833e-01 2.7644150e-05
189 0.75 1.124078416221e-01 3.2957321e-05
190 0.75 1.174468552482e-01 3.0233161e-05
191 0.75 1.214691961518e-01 3.6337008e-05
192 0.75 1.242608655659e-01 4.9494506e-05
193 0.75 1.119541976614e-01 2.3618884e-05
194 0.75 1.221193444881e-01 3.7708582e-05
195 0.75 1.181051738488e-01 2.5112460e-05
196 0.75 1.166006598330e-01 4.0668132e-05
197 0.75 1.250816530161e-01 5.6831009e-05
198 0.75 1.151961395881e-01 2.1366997e-05
199 0.75 1.165864155469e-01 2.3677802e-05
200 0.75 1.219522650058e-01 2.6099557e-05
201 0.75 1.278599308377e-01 4.3062403e-05
202 0.75 1.190233813987e-01 3.5813809e-05
203 0.75 1.133082265109e-01 1.6344635e-05
204 0.75 1.220136940811e-01 8.5380593e-05
205 0.75 1.139116177535e-01 3.2046762e-05
206 0.75 1.083793861255e-01 3.8043499e-05
207 0.75 1.102522037448e-01 7.6903319e-06
208 0.75 1.177554670609e-01 2.3853869e-05
209 0.75 1.176314573622e-01 1.0434934e-05
210 0.75 1.116626570786e-01 5.8935542e-06
211 0.75 1.247702503454e-01 1.6861661e-05
212 0.75 1.122280191649e-01 3.3492970e-05
213 0.75 1.180294643978e-01 2.9872488e-05
214 0.75 1.126841997704e-01 4.0623360e-05
215 0.75 1.127350864482e-01 2.5499294e-05
216 0.75 1.173668280900e-01 8.1450166e-05
217 0.75 1.190165656433e-01 2.9069274e-05
218 0.75 1.126676072531e-01 2.1302677e-05
219 0.75 1.231333562159e-01 3.6185792e-05
220 0.75 1.160686672099e-01 2.5831240e-05
221 0.75 1.138543589004e-01 3.0583617e-05
222 0.75 1.132395406920e-01 1.8589743e-05
223 0.75 1.253211518222e-01 4.3298069e-05
224 0.75 1.156264302859e-01 2.6533609e-05
225 0.75 1.265887121270e-01 3.8868605e-05
226 0.75 1.229701529250e-01 2.3263252e-05
227 0.75 1.147703282658e-01 3.8259495e-05
228 0.75 1.211686876356e-01 4.7592366e-05
229 0.75 1.191509757291e-01 2.6194475e-05
230 0.75 1.141651915945e-01 1.3617236e-05
231 0.75 1.142956940512e-01 2.4354792e-05
232 0.75 1.123304791062e-01 2.2177990e-05
233 0.75 1.186033470121e-01 3.8842179e-05
234 0.75 1.173566993351e-01 2.2511943e-05
235 0.75 1.183217352905e-01 7.1448658e-05
236 0.75 1.214293065159e-01 1.0947906e-05
237 0.75 1.119250042632e-01 1.6884683e-05
238 0.75 1.255462657409e-01 1.6270330e-05
239 0.75 1.191090016735e-01 2.2219231e-05
240 0.75 1.265736998224e-01 3.4724058e-05
241 0.75 1.206718863606e-01 1.9987191e-05
242 0.75 1.170709603384e-01 1.6052882e-05
243 0.75 1.181507163247e-01 3.2186668e-05
244 0.75 1.262931312435e-01 1.2167715e-05
245 0.75 1.196773380510e-01 2.7687553e-05
246 0.75 1.268536018697e-01 5.6744426e-05
247 0.75 1.137608588276e-01 3.0578883e-05
248 0.75 1.202012159840e-01 2.1564648e-05
249 0.75 1.218140719784e-01 3.2165182e-05
250 0.75 1.214586553140e-01 8.1024387e-06
251 0.75 1.147150064607e-01 1.7907075e-05
252 0.75 1.202423816206e-01 2.8450315e-05
253 0.75 1.149517304552e-01 1.2642697e-05
254 0.75 1.198825045147e-01 4.9010590e-05
255 0.75 1.159512590069e-01 1.3844646e-05
256 0.75 1.214179011323e-01 2.3870955e-05
257 0.75 1.099563907350e-01 5.2687745e-05
258 0.75 1.179341701276e-01 3.7432152e-05
259 0.75 1.224837576615e-01 1.5915676e-05
260 0.75 1.174463168852e-01 3.4087346e-05
261 0.75 1.202074110468e-01 1.7628073e-05
262 0.75 1.117329507683e-01 1.9618198e-05
263 0.75 1.244678898747e-01 1.6559276e-05
264 0.75 1.129552674580e-01 3.5619812e-05
265 0.75 1.200593134316e-01 5.4987363e-05
266 0.75 1.272433653624e-01 2.3956726e-05
267 0.75 1.111764856457e-01 2.0921810e-05
268 0.75 1.194238098553e-01 3.8402852e-05
269 0.75 1.188837397090e-01 5.4330808e-05
270 0.75 1.202920719086e-01 2.2076289e-05
271 0.75 1.173591789441e-01 6.2098253e-05
272 0.75 1.132286925963e-01 2.9865000e-05
273 0.75 1.120279086993e-01 1.3739418e-05
274 0.75 1.150842790418e-01 3.6814517e-05
275 0.75 1.130966103069e-01 4.7946278e-06
276 0.75 1.205032654805e-01 3.4302244e-05
277 0.75 1.178424116189e-01 2.4304168e-05
278 0.75 1.217030848270e-01 2.8798951e-05
279 0.75 1.163523521939e-01 1.3239362e-05
280 0.75 1.283369290656e-01 8.4400694e-05
281 0.75 1.172978324870e-01 1.6966903e-05
282 0.75 1.209711903588e-01 1.4245316e-05
283 0.75 1.157360705902e-01 1.4700722e-05
284 0.75 1.154420105707e-01 2.1133042e-05
285 0.75 1.176108884477e-01 8.4550978e-05
286 0.75 1.110587816256e-01 4.2867002e-05
287 0.75 1.185882276414e-01 1.6618775e-05
288 0.75 1.187336590660e-01 5.1790497e-05
289 0.75 1.182465090988e-01 2.8638587e-05
290 0.75 1.193713534168e-01 1.3254005e-05
291 0.75 1.282537861120e-01 3.6820510e-05
292 0.75 1.232448275954e-01 2.0861374e-05
293 0.75 1.128662471136e-01 6.0710514e-05
294 0.75 1.228236249971e-01 3.5017069e-05
295 0.75 1.234209845204e-01 1.2759027e-05
296 0.75 1.203984971970e-01 1.9633951e-05
297 0.75 1.177535308103e-01 1.9390145e-05
298 0.75 1.196568455632e-01 4.5585790e-05
299 0.75 1.254325672142e-01 3.7917820e-05
300 0.75 1.209231257485e-01 5.5695292e-05
301 0.75 1.196005801885e-01 3.3578985e-05
302 0.75 1.212764708113e-01 1.5508381e-05
303 0.75 1.176576072904e-01 9.5292788e-06
304 0.75 1.189304164098e-01 2.4961887e-05
305 0.75 1.176785769426e-01 3.3890321e-05
306 0.75 1.138997970960e-01 3.5073787e-05
307 0.75 1.188255701824e-01 3.3810046e-05
308 0.75 1.217852644087e-01 1.9371027e-05
309 0.75 1.202732263048e-01 4.9283643e-05
310 0.75 1.224529430714e-01 1.8359155e-05
311 0.75 1.167563419824e-01 2.6764061e-05
312 0.75 1.148014983642e-01 2.5867666e-05
313 0.75 1.222067726821e-01 3.6422574e-05
314 0.75 1.147207234197e-01 2.7486150e-05
315 0.75 1.184048414277e-01 2.0049197e-05
316 0.75 1.212656723824e-01 1.8640779e-05
317 0.75 1.141836955559e-01 3.2338140e-05
318 0.75 1.222363125495e-01 4.1753816e-05
319 0.75 1.212994807633e-01 3.0289984e-05
320 0.75 1.133744900104e-01 4.0965243e-05
321 0.75 1.184197503300e-01 3.6035656e-06
322 0.75 1.271793204039e-01 3.1386985e-05
323 0.75 1.215617993496e-01 2.4495566e-05
324 0.75 1.205757527541e-01 6.7198576e-05
325 0.75 1.306477864653e-01 8.7696942e-06
326 0.75 1.200904052634e-01 3.1050545e-05
327 0.75 1.120944005364e-01 3.3053503e-05
328 0.75 1.179545082510e-01 2.4131198e-05
329 0.75 1.134232918607e-01 7.2893350e-05
330 0.75 1.180491907681e-01 1.3514563e-05
331 0.75 1.205601064284e-01 1.3360290e-05
332 0.75 1.260754959987e-01 3.7992616e-05
333 0.75 1.164320938822e-01 2.1473777e-05
334 0.75 1.091563400049e-01 1.9705302e-05
335 0.75 1.206969165634e-01 4.1157441e-05
336 0.75 1.125267585131e-01 1.9812338e-05
337 0.75 1.194340032085e-01 2.4778209e-05
338 0.75 1.125639712554e-01 2.2366684e-05
339 0.75 1.193988479061e-01 3.4085525e-05
340 0.75 1.159329976604e-01 3.2525685e-05
341 0.75 1.183310008964e-01 2.8224988e-05
342 0.75 1.186385687109e-01 1.5662855e-05
343 0.75 1.214302712172e-01 3.5226948e-05
344 0.75 1.161878261611e-01 4.1860764e-05
345 0.75 1.201399354561e-01 2.8014352e-05
346 0.75 1.224725605845e-01 2.2739858e-05
347 0.75 1.147074248447e-01 1.6652034e-05
348 0.75 1.138408927810e-01 1.6588642e-05
349 0.75 1.267399799912e-01 2.4464991e-05
350 0.75 1.148287281172e-01 1.5239671e-05
351 0.75 1.202803709962e-01 4.9244541e-05
352 0.75 1.200064318550e-01 2.3154826e-05
353 0.75 1.200100477978e-01 3.1525220e-05
354 0.75 1.160182750548e-01 1.9446727e-05
355 0.75 1.196954129761e-01 4.6297189e-05
356 0.75 1.280121203966e-01 3.2858792e-05
357 0.75 1.194216473352e-01 3.7433448e-05
358 0.75 1.205580810444e-01 3.9966339e-05
359 0.75 1.190811118310e-01 2.8276638e-05
360 0.75 1.152157940335e-01 3.0982180e-05
361 0.75 1.114788496845e-01 9.4748979e-06
362 0.75 1.173783898372e-01 2.4223303e-05
363 0.75 1.191058153033e-01 1.5269957e-05
364 0.75 1.238681335214e-01 3.4414065e-05
365 0.75 1.251472071170e-01 3.5844108e-05
366 0.75 1.216955008300e-01 3.7246297e-05
367 0.75 1.150943244104e-01 1.4873747e-05
368 0.75 1.225559637972e-01 3.4024855e-05
369 0.75 1.188368280306e-01 1.7691587e-05
370 0.75 1.152893687001e-01 2.3231128e-05
371 0.75 1.178472594540e-01 2.7305962e-05
372 0.75 1.095787953796e-01 2.3151536e-05
373 0.75 1.260832335428e-01 2.9460973e-05
374 0.75 1.281206934551e-01 5.1757406e-05
375 0.75 1.214963619779e-01 9.3985099e-06
376 0.75 1.232886831428e-01 1.8510272e-05
377 0.75 1.201585747534e-01 3.9871083e-05
378 0.75 1.191774974603e-01 3.1719337e-05
379 0.75 1.230975896022e-01 1.5266358e-05
380 0.75 1.155267002899e-01 1.2899888e-05
381 0.75 1.159140067736e-01 2.5797174e-05
382 0.75 1.239061822818e-01 1.6930603e-05
383 0.75 1.136450304297e-01 1.9586551e-05
384 0.75 1.229300820684e-01 3.0108808e-05
385 0.75 1.153553500886e-01 2.2617568e-05
386 0.75 1.206977038620e-01 2.5878602e-05
387 0.75 1.078171377321e-01 3.7728644e-05
388 0.75 1.126065489938e-01 2.4420259e-05
389 0.75 1.236308088325e-01 3.6506499e-05
390 0.75 1.116974452630e-01 1.5035667e-05
391 0.75 1.234310275469e-01 1.5322398e-05
392 0.75 1.217047050713e-01 2.4995214e-05
393 0.75 1.247837137705e-01 1.3587106e-05
394 0.75 1.210176372090e-01 7.3569131e-06
395 0.75 1.112860000794e-01 2.0990959e-05
396 0.75 1.212079681444e-01 5.5156386e-05
397 0.75 1.127967986410e-01 4.0011218e-05
398 0.75 1.107734552334e-01 2.2320003e-05
399 0.75 1.218558311125e-01 1.8320436e-05
400 0.75 1.180839808406e-01 6.4407167e-05
401 0.75 1.227904098192e-01 7.2825713e-05
402 0.75 1.207935692373e-01 2.9437118e-05
403 0.75 1.323785832798e-01 2.2387228e-05
404 0.75 1.214550176560e-01 2.9226261e-05
405 0.75 1.272097783345e-01 4.5727334e-05
406 0.75 1.225811085753e-01 1.7655589e-05
407 0.75 1.269348329504e-01 2.4375706e-05
408 0.75 1.191908919462e-01 2.7724484e-05
409 0.75 1.168520211364e-01 1.8116850e-05
410 0.75 1.089663982333e-01 2.8332288e-05
411 0.75 1.131632715264e-01 7.0753287e-05
412 0.75 1.209314253665e-01 5.0343510e-05
413 0.75 1.154201656488e-01 2.1704430e-05
414 0.75 1.185578302667e-01 6.2051606e-05
415 0.75 1.164411366547e-01 1.8648601e-05
416 0.75 1.189323293201e-01 2.0271406e-05
417 0.75 1.212620719706e-01 2.3022194e-05
418 0.75 1.205377073136e-01 2.0156531e-05
419 0.75 1.148985836108e-01 2.3991880e-05
420 0.75 1.193363627746e-01 2.3180561e-05
421 0.75 1.265126240923e-01 3.5154352e-05
422 0.75 1.242754195851e-01 4.3198410e-05
423 0.75 1.244784242791e-01 1.6240694e-05
424 0.75 1.139143296528e-01 2.7801288e-05
425 0.75 1.181328507011e-01 3.2936488e-05
426 0.75 1.167538196304e-01 1.0780656e-05
427 0.75 1.275258524824e-01 2.7942896e-05
428 0.75 1.125202647482e-01 1.5595066e-05
429 0.75 1.282104011686e-01 2.4268213e-05
430 0.75 1.173409003243e-01 2.7755984e-05
431 0.75 1.190848268356e-01 1.6197596e-05
432 0.75 1.264066672073e-01 1.3200768e-05
433 0.75 1.225075276223e-01 2.4656914e-05
434 0.75 1.098800784417e-01 8.4602164e-06
435 0.75 1.250120636085e-01 3.7040160e-05
436 0.75 1.170118195214e-01 2.5066713e-05
437 0.75 1.158327825034e-01 1.7824734e-05
438 0.75 1.120178208210e-01 4.5355031e-05
439 0.75 1.153407030685e-01 1.5365879e-05
440 0.75 1.146350281744e-01 3.5106078e-05
441 0.75 1.174354721010e-01 2.9087170e-05
442 0.75 1.230627653091e-01 2.5465579e-05
443 0.75 1.144648909196e-01 2.2111239e-05
444 0.75 1.212814733398e-01 3.0501033e-05
445 0.75 1.215695900442e-01 2.0137863e-05
446 0.75 1.198362107535e-01 2.3336329e-05
447 0.75 1.160258847836e-01 1.7035550e-05
448 0.75 1.113912352320e-01 1.7428270e-05
449 0.75 1.117146737066e-01 2.0769655e-05
450 0.75 1.208515277392e-01 4.4285966e-05
451 0.75 1.245509591325e-01 2.9948238e-05
452 0.75 1.219970846091e-01 1.2609637e-05
453 0.75 1.206820861654e-01 3.7554653e-05
454 0.75 1.222459202388e-01 3.6792783e-05
455 0.75 1.118449825218e-01 3.7785042e-05
456 0.75 1.272972038645e-01 1.4864819e-05
457 0.75 1.130034211116e-01 2.2083314e-05
458 0.75 1.183346085389e-01 2.0261154e-05
459 0.75 1.200754417418e-01 1.1487454e-05
460 0.75 1.266754526908e-01 6.6537400e-05
461 0.75 1.144125211006e-01 4.6429067e-05
462 0.75 1.162658734706e-01 1.8385790e-05
463 0.75 1.145371442470e-01 1.7332085e-05
464 0.75 1.261553196995e-01 1.0197340e-05
465 0.75 1.122741419163e-01 4.2659246e-05
466 0.75 1.131705532292e-01 1.8763608e-05
467 0.75 1.121477566189e-01 2.9807010e-05
468 0.75 1.227559653047e-01 4.6648649e-05
469 0.75 1.201268153195e-01 1.9015051e-05
470 0.75 1.169303219333e-01 2.6638719e-05
471 0.75 1.167310951951e-01 4.6146278e-05
472 0.75 1.152972321464e-01 3.1214520e-05
473 0.75 1.182771017538e-01 1.6312077e-05
474 0.75 1.175345412609e-01 1.6679573e-05
475 0.75 1.237415338087e-01 5.0158900e-05
476 0.75 1.211386408864e-01 2.0226500e-05
477 0.75 1.250638786763e-01 3.3445796e-05
478 0.75 1.217420943318e-01 2.3491562e-05
479 0.75 1.155761724305e-01 1.9742650e-05
480 0.75 1.111024570627e-01 5.6447915e-05
481 0.75 1.152024896100e-01 2.0129278e-05
482 0.75 1.136942036749e-01 4.3842996e-05
483 0.75 1.150022086277e-01 1.6378401e-05
484 0.75 1.132359569759e-01 1.4757299e-05
485 0.75 1.194233579393e-01 1.8691679e-05
486 0.75 1.180083904811e-01 3.8482030e-05
487 0.75 1.129211835915e-01 3.2016998e-05
488 0.75 1.142435700150e-01 1.4994626e-05
489 0.75 1.176345623441e-01 3.1600402e-05
490 0.75 1.082125229301e-01 2.3318424e-05
491 0.75 1.140884517767e-01 1.8895174e-05
492 0.75 1.229895926814e-01 6.0362966e-05
493 0.75 1.197760448213e-01 2.5447880e-05
494 0.75 1.169046721986e-01 3.2250520e-05
495 0.75 1.229465228117e-01 3.0645297e-05
496 0.75 1.198216092847e-01 1.3129238e-05
497 0.75 1.163855091396e-01 1.5364517e-05
498 0.75 1.220225346524e-01 1.9875644e-05
499 0.75 1.247352056819e-01 9.7222485e-06
500 0.75 1.209827998934e-01 2.0047117e-05
1 1.00 1.127151994602e-01 2.2059557e-05
2 1.00 1.133508881340e-01 9.0783343e-06
3 1.00 1.163332656382e-01 1.3766500e-05
4 1.00 1.215666789981e-01 1.1998399e-05
5 1.00 1.211773351463e-01 3.5653272e-05
6 1.00 1.189402800272e-01 2.2428298e-05
7 1.00 1.220801412408e-01 3.2113123e-05
8 1.00 1.223655741349e-01 2.3746044e-05
9 1.00 1.179124071341e-01 4.5542653e-05
10 1.00 1.178013832567e-01 2.3309639e-05
11 1.00 1.196049661887e-01 3.6281994e-05
12 1.00 1.221244314563e-01 3.4932130e-05
13 1.00 1.216774905796e-01 4.2031859e-05
14 1.00 1.219568691893e-01 4.0900334e-05
15 1.00 1.161249649372e-01 3.5998281e-05
16 1.00 1.213882557404e-01 3.6491612e-05
17 1.00 1.179210573510e-01 1.1384883e-05
18 1.00 1.147679743934e-01 2.4143151e-05
19 1.00 1.183397207175e-01 3.8509099e-05
20 1.00 1.153731617992e-01 2.4681465e-05
21 1.00 1.196401994536e-01 2.1630594e-05
22 1.00 1.073369497544e-01 3.3532708e-05
23 1.00 1.156806301623e-01 1.8792941e-05
24 1.00 1.187111860103e-01 1.6586092e-05
25 1.00 1.121753250407e-01 5.9567539e-05
26 1.00 1.145513251348e-01 3.7753838e-05
27 1.00 1.166970672499e-01 5.9101951e-05
28 1.00 1.154553823051e-01 4.9725370e-05
29 1.00 1.117376496597e-01 4.7666771e-05
30 1.00 1.128120593395e-01 3.7909097e-05
31 1.00 1.149060171542e-01 6.5221084e-05
32 1.00 1.194448418466e-01 2.0888985e-05
33 1.00 1.148876336497e-01 1.5407932e-05
34 1.00 1.195873178611e-01 3.3548897e-05
35 1.00 1.084963845513e-01 2.5732082e-05
36 1.00 1.185691355877e-01 2.7415441e-05
37 1.00 1.210154685352e-01 1.2589721e-05
38 1.00 1.269308462079e-01 2.8026216e-05
39 1.00 1.082556342428e-01 3.1605048e-05
40 1.00 1.099654335912e-01 2.6753353e-05
41 1.00 1.200424802674e-01 1.9965228e-05
42 1.00 1.134629156694e-01 3.3356797e-05
43 1.00 1.176316832073e-01 1.3775950e-05
44 1.00 1.205393462371e-01 1.7184814e-05
45 1.00 1.089055065366e-01 2.3918756e-05
46 1.00 1.176646629340e-01 1.7710784e-05
47 1.00 1.158895535304e-01 2.0463570e-05
48 1.00 1.175373179033e-01 3.6464908e-05
49 1.00 1.156622206229e-01 1.8975059e-05
50 1.00 1.174274327751e-01 3.6555269e-05
51 1.00 1.162730088971e-01 1.5585857e-05
52 1.00 1.139629483782e-01 1.8633933e-05
53 1.00 1.246030229036e-01 3.0329493e-05
54 1.00 1.297625456049e-01 2.8174197e-05
55 1.00 1.191637513588e-01 2.1796285e-05
56 1.00 1.125247989347e-01 2.3325557e-05
57 1.00 1.141851067841e-01 4.2053419e-05
58 1.00 1.187133026150e-01 2.3965197e-05
59 1.00 1.165288070132e-01 4.3322564e-05
60 1.00 1.207196830699e-01 1.2378188e-05
61 1.00 1.129219150074e-01 2.7825631e-05
62 1.00 1.180444769533e-01 2.6892017e-05
63 1.00 1.198982838163e-01 2.9690027e-05
64 1.00 1.106651585076e-01 1.2298831e-05
65 1.00 1.221283592826e-01 2.8010757e-05
66 1.00 1.231721891252e-01 4.6024696e-05
67 1.00 1.155172627298e-01 4.2193209e-05
68 1.00 1.176120394350e-01 3.5914552e-05
69 1.00 1.161591916728e-01 3.8065857e-05
70 1.00 1.144308182663e-01 2.5797180e-05
71 1.00 1.107509281612e-01 3.7987250e-05
72 1.00 1.145790066510e-01 1.8893336e-05
73 1.00 1.104772915689e-01 1.9360106e-05
74 1.00 1.206633068123e-01 2.1533565e-05
75 1.00 1.191748717318e-01 4.1430906e-05
76 1.00 1.131359898653e-01 3.3160118e-05
77 1.00 1.160632054180e-01 1.2687448e-05
78 1.00 1.139605011142e-01 2.9174776e-05
79 1.00 1.169189359890e-01 2.8537837e-05
80 1.00 1.193560687282e-01 2.8884404e-05
81 1.00 1.162348358147e-01 3.4972431e-05
82 1.00 1.168021028513e-01 1.3897679e-05
83 1.00 1.121679317043e-01 2.4878833e-05
84 1.00 1.154614923359e-01 2.6053394e-05
85 1.00 1.140768157239e-01 3.1211353e-05
86 1.00 1.172099892989e-01 2.7421288e-05
87 1.00 1.198583288444e-01 3.0216432e-05
88 1.00 1.094226115665e-01 1.1719501e-05
89 1.00 1.101188449519e-01 2.2038406e-05
90 1.00 1.165531033265e-01 2.9298225e-05
91 1.00 1.094021737485e-01 4.9860689e-05
92 1.00 1.130711399107e-01 1.0879582e-05
93 1.00 1.130064850096e-01 1.9133237e-05
94 1.00 1.240774170931e-01 3.2202805e-05
95 1.00 1.186549116306e-01 2.7607039e-05
96 1.00 1.184187404415e-01 4.4110201e-05
97 1.00 1.192771829433e-01 2.0182538e-05
98 1.00 1.232682334354e-01 8.6930081e-05
99 1.00 1.213158641225e-01 3.5585828e-05
100 1.00 1.103170546094e-01 2.4506019e-05
101 1.00 1.210077401449e-01 3.9651314e-05
102 1.00 1.206851378169e-01 8.0255605e-05
103 1.00 1.208004007755e-01 3.1129865e-05
104 1.00 1.192729827268e-01 3.2573087e-05
105 1.00 1.165705470077e-01 3.0621182e-05
106 1.00 1.145066827000e-01 1.7384943e-05
107 1.00 1.200490456000e-01 5.3053445e-05
108 1.00 1.259463775135e-01 2.4918331e-05
109 1.00 1.194902659121e-01 1.5561958e-05
110 1.00 1.075306096954e-01 1.5344231e-05
111 1.00 1.149660782238e-01 2.0216481e-05
112 1.00 1.135894825607e-01 3.8968227e-05
113 1.00 1.160099789092e-01 3.0231236e-05
114 1.00 1.209182947822e-01 1.9238546e-05
115 1.00 1.168187596178e-01 7.4933745e-06
116 1.00 1.189364884651e-01 3.4818052e-05
117 1.00 1.102304302031e-01 3.5321741e-05
118 1.00 1.228297210804e-01 4.7959193e-05
119 1.00 1.080793456568e-01 2.2315106e-05
120 1.00 1.177708102884e-01 4.4156980e-05
121 1.00 1.113703205408e-01 3.1673697e-05
122 1.00 1.112142130096e-01 2.6291025e-05
123 1.00 1.150374095529e-01 2.3236259e-05
124 1.00 1.087544536227e-01 1.4517374e-05
125 1.00 1.136706842987e-01 3.3193778e-05
126 1.00 1.224716295163e-01 3.1151701e-05
127 1.00 1.083239511504e-01 3.1753464e-05
128 1.00 1.149675352176e-01 7.2817464e-05
129 1.00 1.154981175515e-01 4.6570176e-05
130 1.00 1.154087196647e-01 2.8748186e-05
131 1.00 1.048007649570e-01 2.2087526e-05
132 1.00 1.240595517634e-01 1.6663679e-05
133 1.00 1.185671702392e-01 1.3861939e-05
134 1.00 1.128707722823e-01 4.5241543e-05
135 1.00 1.124059753657e-01 1.3513949e-05
136 1.00 1.186972459592e-01 3.2234026e-05
137 1.00 1.131437270922e-01 3.9939212e-05
138 1.00 1.134022998840e-01 2.4180240e-05
139 1.00 1.167083579154e-01 1.1852799e-05
140 1.00 1.080417531421e-01 2.7973741e-05
141 1.00 1.132293142430e-01 6.3967176e-06
142 1.00 1.139926532854e-01 3.5104235e-05
143 1.00 1.129017575057e-01 1.3363474e-05
144 1.00 1.255897880897e-01 4.5976584e-05
145 1.00 1.229625322375e-01 2.2005629e-05
146 1.00 1.162029722583e-01 3.4145929e-05
147 1.00 1.205956263818e-01 1.8028357e-05
148 1.00 1.155371281130e-01 1.9159072e-05
149 1.00 1.163007984597e-01 1.8007882e-05
150 1.00 1.193622565092e-01 1.9242942e-05
151 1.00 1.122399118191e-01 4.3620300e-05
152 1.00 1.162153386268e-01 4.4926001e-05
153 1.00 1.151087461249e-01 6.0378398e-06
154 1.00 1.175781530067e-01 2.8950957e-05
155 1.00 1.176223320954e-01 3.1173039e-05
156 1.00 1.211277011426e-01 2.3772473e-05
157 1.00 1.238709056559e-01 2.8690915e-05
158 1.00 1.103110403144e-01 2.8333457e-05
159 1.00 1.246739916671e-01 5.3991621e-05
160 1.00 1.157059557771e-01 2.2980369e-05
161 1.00 1.154384995720e-01 6.4555532e-05
162 1.00 1.146032197646e-01 3.5666342e-05
163 1.00 1.137288589571e-01 6.9770278e-05
164 1.00 1.211900833167e-01 1.7514613e-05
165 1.00 1.182639266773e-01 2.1804989e-05
166 1.00 1.179352793565e-01 2.5090512e-05
167 1.00 1.106351157428e-01 2.0596632e-05
168 1.00 1.171279910445e-01 2.0883748e-05
169 1.00 1.163097292852e-01 1.0703755e-05
170 1.00 1.184666864066e-01 7.7671445e-06
171 1.00 1.080209311074e-01 3.1584669e-05
172 1.00 1.219210864421e-01 2.0379886e-05
173 1.00 1.204645459255e-01 3.2544978e-05
174 1.00 1.142732304952e-01 3.1624088e-05
175 1.00 1.198169361507e-01 3.8794283e-05
176 1.00 1.189114691663e-01 3.3316440e-05
177 1.00 1.259593181864e-01 1.0200334e-05
178 1.00 1.217458438225e-01 5.6586005e-05
179 1.00 1.094986870148e-01 1.3397996e-05
180 1.00 1.170939077826e-01 2.6680250e-05
181 1.00 1.153417435964e-01 4.0345898e-05
182 1.00 1.120075126044e-01 2.3152080e-05
183 1.00 1.132687064786e-01 2.5282491e-05
184 1.00 1.162897595339e-01 7.5940060e-06
185 1.00 1.098295443935e-01 2.9613993e-05
186 1.00 1.212265889416e-01 2.4447305e-05
187 1.00 1.171678434989e-01 3.8517399e-05
188 1.00 1.107043496517e-01 9.8853661e-06
189 1.00 1.077382828920e-01 2.0622661e-05
190 1.00 1.201645823037e-01 3.9644501e-05
191 1.00 1.126373765827e-01 2.1252792e-05
192 1.00 1.218185430302e-01 5.9450438e-05
193 1.00 1.103068153283e-01 4.6228718e-05
194 1.00 1.204428828296e-01 3.0142934e-05
195 1.00 1.197559435149e-01 2.2790019e-05
196 1.00 1.135510418438e-01 5.5171479e-05
197 1.00 1.217010369001e-01 1.3710523e-05
198 1.00 1.058709122882e-01 1.1601461e-05
199 1.00 1.110828197333e-01 3.8866607e-05
200 1.00 1.166312356694e-01 1.6860365e-05
201 1.00 1.239899464713e-01 3.4388383e-05
202 1.00 1.146744887460e-01 5.3010742e-05
203 1.00 1.068853460843e-01 4.3718245e-05
204 1.00 1.178262162696e-01 2.4829130e-05
205 1.00 1.133737237912e-01 2.8074318e-05
206 1.00 1.080125273523e-01 8.5090865e-06
207 1.00 1.101263403526e-01 3.1145085e-05
208 1.00 1.179277269047e-01 2.0927070e-05
209 1.00 1.167845672765e-01 3.6684074e-05
210 1.00 1.097902874503e-01 3.2616366e-05
211 1.00 1.197146062962e-01 6.0961148e-06
212 1.00 1.111450496031e-01 2.6360628e-05
213 1.00 1.186481897025e-01 2.0757524e-05
214 1.00 1.097562739972e-01 2.4427934e-05
215 1.00 1.113054090706e-01 3.3292947e-05
216 1.00 1.130014201473e-01 2.7641330e-05
217 1.00 1.146388993668e-01 1.1999724e-05
218 1.00 1.148893453733e-01 7.0391279e-06
219 1.00 1.190932040878e-01 2.5235023e-05
220 1.00 1.112082335394e-01 4.4296085e-05
221 1.00 1.150264309142e-01 1.5361854e-05
222 1.00 1.110669283105e-01 1.9754678e-05
223 1.00 1.202631977027e-01 2.2573648e-05
224 1.00 1.148369679899e-01 1.7957260e-05
225 1.00 1.248415086175e-01 9.3770700e-06
226 1.00 1.199670546558e-01 2.0999203e-05
227 1.00 1.126010656290e-01 1.0220086e-05
228 1.00 1.202131527005e-01 1.4420766e-05
229 1.00 1.143461375827e-01 1.0679348e-05
230 1.00 1.123240157921e-01 1.7123594e-05
231 1.00 1.204451227961e-01 8.5490006e-06
232 1.00 1.144180522238e-01 9.7802990e-06
233 1.00 1.148744974832e-01 2.1148284e-05
234 1.00 1.116248824064e-01 4.3612866e-05
235 1.00 1.214699053416e-01 5.3872116e-05
236 1.00 1.195431787882e-01 4.3337378e-06
237 1.00 1.103886772915e-01 2.5652886e-05
238 1.00 1.214710017340e-01 1.9024051e-05
239 1.00 1.146716279874e-01 2.4137454e-05
240 1.00 1.189845164485e-01 4.3656302e-05
241 1.00 1.184438067820e-01 1.5941391e-05
242 1.00 1.131028881756e-01 2.1326102e-05
243 1.00 1.124418120648e-01 1.1843311e-05
244 1.00 1.258913029104e-01 2.3579717e-05
245 1.00 1.196165332382e-01 3.6992713e-05
246 1.00 1.222784493409e-01 2.2072939e-05
247 1.00 1.137579244659e-01 2.7526964e-05
248 1.00 1.197547259089e-01 4.0327571e-05
249 1.00 1.149644157237e-01 5.4928131e-05
250 1.00 1.190007153408e-01 3.2443754e-05
251 1.00 1.136816237549e-01 1.2160909e-05
252 1.00 1.206054251346e-01 4.0830459e-05
253 1.00 1.140714577276e-01 3.4981429e-05
254 1.00 1.128034892335e-01 1.7433842e-05
255 1.00 1.150520694440e-01 1.8296617e-05
256 1.00 1.216557713109e-01 5.9519826e-06
257 1.00 1.127542898085e-01 2.1923083e-05
258 1.00 1.145931497797e-01 4.4583841e-05
259 1.00 1.213246841738e-01 2.7906686e-05
260 1.00 1.134712206083e-01 3.7748947e-05
261 1.00 1.175537311433e-01 2.9143296e-05
262 1.00 1.103300478244e-01 1.4727249e-05
263 1.00 1.217046773324e-01 1.6439573e-05
264 1.00 1.106498805107e-01 3.1594767e-05
265 1.00 1.184886645399e-01 4.1981634e-05
266 1.00 1.238571297505e-01 4.7679279e-05
267 1.00 1.128990124506e-01 1.6352649e-05
268 1.00 1.183984274200e-01 2.9665327e-05
269 1.00 1.120088621095e-01 1.6974963e-05
270 1.00 1.131985178187e-01 4.8269707e-05
271 1.00 1.108127649479e-01 6.3396004e-05
272 1.00 1.104467311157e-01 2.4214312e-05
273 1.00 1.120948211960e-01 2.9383370e-05
274 1.00 1.092172623682e-01 3.7884926e-05
275 1.00 1.106153421979e-01 2.2010870e-05
276 1.00 1.175775392752e-01 3.3861309e-05
277 1.00 1.177065833140e-01 1.0641435e-05
278 1.00 1.178943765324e-01 1.9205379e-05
279 1.00 1.106246196907e-01 3.0676751e-05
280 1.00 1.230201567703e-01 6.3778068e-06
281 1.00 1.173941682131e-01 5.2053166e-05
282 1.00 1.187075440447e-01 3.0124786e-05
283 1.00 1.194411889649e-01 3.7179673e-05
284 1.00 1.185171755764e-01 4.9687635e-05
285 1.00 1.162093193085e-01 1.4725876e-05
286 1.00 1.091948207706e-01 4.6429930e-05
287 1.00 1.183146731592e-01 4.5129628e-05
288 1.00 1.193470097175e-01 2.1545881e-05
289 1.00 1.225299276838e-01 2.7848345e-05
290 1.00 1.113908044316e-01 3.0027484e-05
291 1.00 1.217300956447e-01 2.9824512e-05
292 1.00 1.230194100063e-01 1.4807535e-05
293 1.00 1.163852365589e-01 4.2828869e-05
294 1.00 1.216235575986e-01 3.5981625e-05
295 1.00 1.163306752034e-01 2.7239224e-05
296 1.00 1.166989667644e-01 4.0580027e-05
297 1.00 1.137762646690e-01 2.9331863e-05
298 1.00 1.162143834283e-01 3.4789156e-05
299 1.00 1.215525942853e-01 4.2702470e-05
300 1.00 1.147234235124e-01 2.4395631e-05
301 1.00 1.172332829023e-01 2.8913344e-05
302 1.00 1.155097574308e-01 2.1625399e-05
303 1.00 1.171831064997e-01 3.3513256e-05
304 1.00 1.156935429666e-01 1.1993998e-05
305 1.00 1.180495191252e-01 3.2669769e-05
306 1.00 1.128515536290e-01 2.7479657e-05
307 1.00 1.172494282151e-01 3.1980018e-05
308 1.00 1.171645955563e-01 1.4180400e-05
309 1.00 1.200751235459e-01 4.0337478e-05
310 1.00 1.154172266485e-01 2.3375578e-05
311 1.00 1.081382909818e-01 1.9035420e-05
312 1.00 1.148997040463e-01 5.0877206e-05
313 1.00 1.176604522974e-01 4.8527354e-05
314 1.00 1.138826779366e-01 5.6790343e-05
315 1.00 1.168539790181e-01 3.0940669e-05
316 1.00 1.174995716674e-01 4.0051284e-05
317 1.00 1.136939097976e-01 2.7336766e-05
318 1.00 1.150321053920e-01 3.0337374e-05
319 1.00 1.189070481853e-01 5.7543646e-05
320 1.00 1.112742333650e-01 2.9358528e-05
321 1.00 1.182457674890e-01 1.2536777e-05
322 1.00 1.170897433277e-01 1.1950289e-05
323 1.00 1.215400515206e-01 5.2850000e-05
324 1.00 1.149707681608e-01 7.4307085e-06
325 1.00 1.244645431466e-01 1.8795049e-05
326 1.00 1.191584005854e-01 3.4789446e-05
327 1.00 1.115435981548e-01 3.9164493e-05
328 1.00 1.196767571477e-01 6.0988676e-05
329 1.00 1.122531810875e-01 1.7779965e-05
330 1.00 1.160967751934e-01 5.7422851e-05
331 1.00 1.230795883012e-01 5.3275164e-05
332 1.00 1.185048932865e-01 1.6021750e-05
333 1.00 1.117291738473e-01 2.1276585e-05
334 1.00 1.118857328659e-01 3.5062281e-05
335 1.00 1.172441945899e-01 1.2851642e-05
336 1.00 1.119455832825e-01 1.8831695e-05
337 1.00 1.168392669126e-01 3.4378232e-05
338 1.00 1.108014542281e-01 2.5469132e-05
339 1.00 1.175141263573e-01 4.2573517e-05
340 1.00 1.166897225477e-01 2.3105013e-05
341 1.00 1.161011033086e-01 2.6829209e-05
342 1.00 1.132384423174e-01 1.9322166e-05
343 1.00 1.160841127821e-01 4.9019946e-05
344 1.00 1.143897729980e-01 9.0362714e-06
345 1.00 1.154969558589e-01 3.5011542e-05
346 1.00 1.181042009570e-01 2.7319356e-05
347 1.00 1.149831269709e-01 1.7388983e-05
348 1.00 1.147717484256e-01 7.6848113e-06
349 1.00 1.269462074458e-01 1.4413707e-05
350 1.00 1.142856760520e-01 3.4059287e-05
351 1.00 1.205536579638e-01 2.6901996e-05
352 1.00 1.235729400953e-01 2.7461912e-05
353 1.00 1.158395363670e-01 5.2977383e-05
354 1.00 1.145648441109e-01 8.7034490e-06
355 1.00 1.139312263919e-01 4.1786635e-05
356 1.00 1.215252628158e-01 3.4459895e-05
357 1.00 1.172281148865e-01 1.8931793e-05
358 1.00 1.201612209610e-01 2.1769332e-05
359 1.00 1.169934748397e-01 3.7213407e-05
360 1.00 1.108785553030e-01 2.7314294e-05
361 1.00 1.125642612567e-01 2.2484564e-05
362 1.00 1.197331728020e-01 2.4604005e-05
363 1.00 1.156678957348e-01 3.4761304e-05
364 1.00 1.231096124868e-01 3.5569134e-05
365 1.00 1.204465691248e-01 4.7676644e-05
366 1.00 1.200145096747e-01 2.7603823e-05
367 1.00 1.140972565519e-01 1.4221401e-05
368 1.00 1.204796325789e-01 2.5428101e-05
369 1.00 1.227844842917e-01 4.3014953e-05
370 1.00 1.123183005329e-01 1.9557075e-05
371 1.00 1.204066443892e-01 2.8800839e-05
372 1.00 1.107773211027e-01 3.0120517e-05
373 1.00 1.197954087100e-01 2.9590788e-05
374 1.00 1.251019582064e-01 4.1743069e-05
375 1.00 1.175189922473e-01 7.6261037e-05
376 1.00 1.176392070202e-01 4.4427923e-05
377 1.00 1.181558506517e-01 5.1281620e-05
378 1.00 1.187337007442e-01 6.9990575e-05
379 1.00 1.212155746026e-01 7.0633904e-05
380 1.00 1.101684584998e-01 3.1477260e-05
381 1.00 1.189655198737e-01 3.1906690e-05
382 1.00 1.255634414422e-01 2.1024307e-05
383 1.00 1.118169015409e-01 3.4584374e-05
384 1.00 1.206866270104e-01 3.2875456e-05
385 1.00 1.119922473298e-01 3.1248369e-05
386 1.00 1.208856923985e-01 2.5441969e-05
387 1.00 1.104021610918e-01 2.9712019e-05
388 1.00 1.093100840038e-01 2.7748286e-05
389 1.00 1.215336397132e-01 3.1027363e-05
390 1.00 1.118792238447e-01 1.8177728e-05
391 1.00 1.164205405797e-01 1.4399707e-05
392 1.00 1.209394242630e-01 4.0106554e-05
393 1.00 1.276706478083e-01 4.6740572e-05
394 1.00 1.219629064896e-01 3.3173532e-05
395 1.00 1.075485296464e-01 3.3680726e-05
396 1.00 1.183234352856e-01 2.5984140e-05
397 1.00 1.079345110906e-01 1.1031640e-05
398 1.00 1.034373493250e-01 2.6767793e-05
399 1.00 1.165522933612e-01 1.9900499e-05
400 1.00 1.176461358426e-01 3.3745224e-05
401 1.00 1.207662588238e-01 7.0794465e-05
402 1.00 1.167989207611e-01 2.3106607e-05
403 1.00 1.275691186202e-01 4.9561028e-05
404 1.00 1.179922652829e-01 2.7185438e-05
405 1.00 1.211995916757e-01 7.7208465e-06
406 1.00 1.261744944082e-01 1.8465656e-05
407 1.00 1.238618852848e-01 1.0327359e-05
408 1.00 1.161186702847e-01 3.3131388e-05
409 1.00 1.160737304235e-01 4.5050593e-06
410 1.00 1.060698091886e-01 3.3242831e-05
411 1.00 1.088635789439e-01 2.2612205e-05
412 1.00 1.135364749399e-01 1.9904565e-05
413 1.00 1.168298300015e-01 3.6595020e-05
414 1.00 1.156330946988e-01 4.0805149e-05
415 1.00 1.076754120730e-01 3.3546178e-05
416 1.00 1.185788874521e-01 6.2139004e-05
417 1.00 1.187497118439e-01 2.6171746e-05
418 1.00 1.135784703203e-01 2.4884151e-05
419 1.00 1.132851299634e-01 9.9163810e-06
420 1.00 1.216097059095e-01 1.8247096e-05
421 1.00 1.226970239671e-01 4.5066661e-05
422 1.00 1.259132197201e-01 2.0422637e-05
423 1.00 1.217681853471e-01 2.3968019e-05
424 1.00 1.117006937701e-01 5.9166432e-05
425 1.00 1.106288043654e-01 1.8120237e-05
426 1.00 1.172503357614e-01 2.7043386e-05
427 1.00 1.226792266657e-01 3.7229109e-05
428 1.00 1.148970643420e-01 4.2349602e-05
429 1.00 1.254240358315e-01 6.0422903e-05
430 1.00 1.148660607408e-01 5.7530633e-05
431 1.00 1.155397422284e-01 3.0488489e-05
432 1.00 1.212894902483e-01 1.2959320e-05
433 1.00 1.169209610132e-01 2.1054898e-05
434 1.00 1.082463851021e-01 2.4748663e-05
435 1.00 1.167249634858e-01 3.4411829e-05
436 1.00 1.158034093674e-01 3.9703639e-05
437 1.00 1.159349261751e-01 2.5722967e-05
438 1.00 1.069407369405e-01 5.0052272e-05
439 1.00 1.152629592126e-01 3.1374497e-05
440 1.00 1.135759852919e-01 5.1321038e-05
441 1.00 1.127973518889e-01 2.7529489e-05
442 1.00 1.265475422989e-01 3.0925642e-05
443 1.00 1.131910342442e-01 4.4725001e-05
444 1.00 1.201019996407e-01 1.0210109e-05
445 1.00 1.207600200551e-01 5.8453651e-05
446 1.00 1.194844536837e-01 3.3364497e-05
447 1.00 1.188583907059e-01 2.3208456e-05
448 1.00 1.123532638194e-01 2.4214456e-05
449 1.00 1.091590790887e-01 3.0847728e-05
450 1.00 1.252179781053e-01 2.8308707e-05
451 1.00 1.228777553914e-01 6.1214416e-05
452 1.00 1.194206737923e-01 4.0863906e-05
453 1.00 1.218562404313e-01 3.5789967e-05
454 1.00 1.250050578455e-01 4.0871386e-05
455 1.00 1.098069363429e-01 2.7915100e-05
456 1.00 1.298651601618e-01 3.0580453e-05
457 1.00 1.144337616556e-01 2.8188494e-05
458 1.00 1.156493584825e-01 2.0268445e-05
459 1.00 1.125602431236e-01 9.8780869e-06
460 1.00 1.221642345189e-01 2.0811789e-05
461 1.00 1.124879344058e-01 5.7594628e-05
462 1.00 1.155290367401e-01 2.8990586e-05
463 1.00 1.136642125809e-01 9.3425026e-06
464 1.00 1.170009162750e-01 9.2956285e-05
465 1.00 1.105907622025e-01 2.8835561e-05
466 1.00 1.115904864411e-01 1.3972426e-05
467 1.00 1.071996926616e-01 2.5586540e-05
468 1.00 1.198354103286e-01 4.2305286e-05
469 1.00 1.144024826498e-01 4.8551922e-05
470 1.00 1.175146371512e-01 3.0147377e-05
471 1.00 1.162609734590e-01 5.1443422e-05
472 1.00 1.128872964590e-01 2.8562963e-05
473 1.00 1.164502097077e-01 2.3861851e-05
474 1.00 1.165989013064e-01 2.0271034e-05
475 1.00 1.170590076730e-01 1.0727744e-05
476 1.00 1.184378223514e-01 8.4201841e-05
477 1.00 1.204385337429e-01 2.1370735e-05
478 1.00 1.197867414473e-01 4.0111928e-05
479 1.00 1.109545672587e-01 3.3502620e-05
480 1.00 1.080136195404e-01 1.8371455e-05
481 1.00 1.141133059033e-01 5.8209359e-05
482 1.00 1.144391144837e-01 3.6407924e-05
483 1.00 1.121014877506e-01 1.8101159e-05
484 1.00 1.109522198934e-01 9.0389631e-06
485 1.00 1.216848016879e-01 3.6363895e-05
486 1.00 1.166725918637e-01 4.6827580e-05
487 1.00 1.112266392822e-01 1.4459155e-05
488 1.00 1.119835441284e-01 2.1119236e-05
489 1.00 1.158170464186e-01 1.7988404e-05
490 1.00 1.112999528600e-01 5.2965462e-05
491 1.00 1.158495851177e-01 1.8850151e-05
492 1.00 1.202455792424e-01 2.9759198e-05
493 1.00 1.162398791330e-01 4.8261100e-05
494 1.00 1.166623881697e-01 5.6240593e-05
495 1.00 1.223145933224e-01 4.9489997e-05
496 1.00 1.145167717989e-01 4.3208105e-05
497 1.00 1.121862795290e-01 2.2359878e-05
498 1.00 1.172328406036e-01 7.1795117e-05
499 1.00 1.204554583420e-01 6.4590311e-05
500 1.00 1.188240252209e-01 2.9054175e-05
