-3.495557983713867056e+00 1.193440112239442987e-06
-3.386194092317778015e+00 1.409041215015842570e-06
-3.351199577180420608e+00 1.409583496688392229e-06
-3.324520237456109140e+00 1.610690168172876890e-06
-3.107444798783992823e+00 1.714647265918631050e-06
-3.096042546482289382e+00 1.797907931182564872e-06
-3.091199788095928103e+00 1.718226917957603822e-06
-2.987126051357916978e+00 2.102831785283504899e-06
-2.954267011760291162e+00 2.033815353044091467e-06
-2.940594119622880420e+00 2.150423132115552064e-06
-2.918420313545904587e+00 1.989463275947541080e-06
-2.915725178162337894e+00 2.131140773540855321e-06
-2.888736483138163003e+00 2.313287746926604241e-06
-2.852327394257872850e+00 2.336894669309682504e-06
-2.834263432196283627e+00 2.470678806444172539e-06
-2.816965204487206442e+00 2.343276413750881116e-06
-2.769095529283302604e+00 2.348795704168171982e-06
-2.741300121500987341e+00 2.251811823030673591e-06
-2.733044065032498082e+00 2.562062017003052037e-06
-2.720647673734431837e+00 2.712569020554640497e-06
-2.713886095481319760e+00 2.693677121820415840e-06
-2.697403963002546590e+00 2.471765670768863638e-06
-2.688359536855770227e+00 2.766554141516583683e-06
-2.684116036946926354e+00 2.724448719028020200e-06
-2.681401544110506574e+00 2.932721262558188933e-06
-2.665653902891658156e+00 2.704679692098484671e-06
-2.664661735212494609e+00 2.890998494701352362e-06
-2.652987257934509291e+00 2.913892894956818176e-06
-2.633799925596075120e+00 2.976779574012877701e-06
-2.615718360431102951e+00 2.890807739892028754e-06
-2.610119963860197512e+00 2.833510691722831220e-06
-2.601003403134944492e+00 2.955357081713927822e-06
-2.599318372720928583e+00 2.975387683885109013e-06
-2.595327028989284468e+00 2.962406779087483605e-06
-2.594232463084223284e+00 2.730768611850225763e-06
-2.558400521477604439e+00 3.235825026961998553e-06
-2.553754743896054169e+00 3.258769300206477468e-06
-2.553493686228797355e+00 2.981711894777655785e-06
-2.542837091046215914e+00 3.136575595247364803e-06
-2.540253287357406631e+00 3.439732584195967750e-06
-2.526927500360919510e+00 3.609182467314434437e-06
-2.516068393081956955e+00 3.858270742309034819e-06
-2.494617734291620703e+00 3.569366652436416597e-06
-2.451960850098441114e+00 3.228123108938126287e-06
-2.449738740285485328e+00 3.483058687411388984e-06
-2.424544697054026976e+00 3.662528914223997590e-06
-2.420512019779582857e+00 4.207455346340433939e-06
-2.394606184474575183e+00 3.886849437697318467e-06
-2.383294141258170296e+00 3.737797933113036592e-06
-2.381270281996286986e+00 4.082794148890792845e-06
-2.371888293995731534e+00 3.797295012980751240e-06
-2.336033421887373063e+00 3.713113968943107582e-06
-2.334683206699223579e+00 4.241122626132567914e-06
-2.328052517072739747e+00 4.327489237569347905e-06
-2.325880510781657140e+00 3.642025749874357112e-06
-2.322981569355262454e+00 4.191526482199515801e-06
-2.322031717630071324e+00 3.830299601561904844e-06
-2.321315052287812097e+00 3.560477986278919926e-06
-2.319156998163113492e+00 3.834735392571147069e-06
-2.316489008992093979e+00 4.187686102276486305e-06
-2.309686716474819157e+00 4.290035406699350540e-06
-2.306580629773692159e+00 3.983869226526054950e-06
-2.305409166354679407e+00 4.600672219246090148e-06
-2.282070764956933839e+00 4.224310177609835253e-06
-2.276955168750356862e+00 4.600654705616579178e-06
-2.274245345327142509e+00 4.921688734470551189e-06
-2.264995515938239556e+00 4.495748153670061166e-06
-2.263111054177541437e+00 4.731743504731786699e-06
-2.257266309562883766e+00 4.997886173067113560e-06
-2.245947638965389181e+00 5.178409644091875214e-06
-2.244720239100049142e+00 4.924691981000753086e-06
-2.229994651176514076e+00 4.866242683209941380e-06
-2.229086967235690775e+00 4.875650446991998180e-06
-2.228250912855568977e+00 5.499696777257905970e-06
-2.226938660241121859e+00 4.823832478557690469e-06
-2.216999309798421525e+00 4.706276347107940806e-06
-2.216917597717504407e+00 5.619569684740058707e-06
-2.206778403573545599e+00 5.347236699285741118e-06
-2.172659165727903297e+00 5.357846801596086327e-06
-2.169778599847419276e+00 4.264270179059456116e-06
-2.166779210897616270e+00 5.571029567555677226e-06
-2.157876572321916431e+00 5.627005800877263074e-06
-2.155255599386844523e+00 5.604116284624571223e-06
-2.153163679207676928e+00 5.322777383409040579e-06
-2.145255381948908191e+00 6.272501721013000554e-06
-2.141433152768830173e+00 5.672190474205383940e-06
-2.140211514852428554e+00 5.782954706060763778e-06
-2.138933300457849462e+00 5.475429583849144995e-06
-2.136469597850480184e+00 5.413752882869351121e-06
-2.135787542196899480e+00 6.209820513002988766e-06
-2.128309581979617171e+00 5.609924598107354584e-06
-2.124385780979668681e+00 6.085114524605339870e-06
-2.121872136923955487e+00 5.454154127436167282e-06
-2.112942871815588930e+00 5.929242985539622974e-06
-2.110895417647617567e+00 5.895709270449984668e-06
-2.107008246142960672e+00 5.821511445282132264e-06
-2.091000675502683759e+00 6.635384241030919178e-06
-2.082074718924537216e+00 6.231392856101339538e-06
-2.081233988149024494e+00 5.813884429157320796e-06
-2.079705121784571897e+00 6.026187893455385266e-06
-2.079645881694452303e+00 6.176783399819879943e-06
-2.075391920357731124e+00 6.161586647713582866e-06
-2.073925334470369197e+00 6.062007556334186294e-06
-2.073776909681049663e+00 5.729931565461861678e-06
-2.073506846826853600e+00 6.139597251602625752e-06
-2.071690065541953896e+00 6.092134977365307324e-06
-2.070827082969722177e+00 5.687195647460754090e-06
-2.068937628155255837e+00 6.213609274627308867e-06
-2.066498249411839350e+00 6.181108786323045126e-06
-2.062896530415022855e+00 6.589896308932211377e-06
-2.061329499003379695e+00 5.844561785142042861e-06
-2.059815987630239320e+00 6.076404591213161976e-06
-2.058945580198608294e+00 5.895674983202999633e-06
-2.056782966587554107e+00 6.648919041779061013e-06
-2.056205728011632150e+00 6.458184579807334549e-06
-2.044187322078096170e+00 6.932586525456815511e-06
-2.036504482666243288e+00 6.817076666824134448e-06
-2.035737807623109408e+00 6.699087506962164359e-06
-2.032337321673567843e+00 6.315872746855770923e-06
-2.030179294625384934e+00 6.347054363043292190e-06
-2.028779778546283996e+00 7.101060268413753519e-06
-2.026868097173601058e+00 6.747295583176752416e-06
-2.017785447459874870e+00 8.625256968191289682e-06
-2.014898413527451471e+00 7.059530205984357430e-06
-2.012623302522057678e+00 7.106635039907016868e-06
-2.011727372980049999e+00 6.430312721882377048e-06
-2.011481460203498273e+00 6.944259135212697006e-06
-2.002581331927054009e+00 7.152810413051002309e-06
-2.000110996615574788e+00 7.552580988061977798e-06
-1.998796267250658731e+00 7.347681864883845251e-06
-1.993921102432783421e+00 7.309316947120513528e-06
-1.993720250762148094e+00 7.563447033163009920e-06
-1.988006725035812217e+00 8.307368832179482773e-06
-1.982873256891155567e+00 6.510596394484707214e-06
-1.981562955010754967e+00 8.395244639563330630e-06
-1.978164485500267356e+00 7.711891836020455258e-06
-1.975890702272649735e+00 7.555840796982362458e-06
-1.975086092379490621e+00 7.431725218410593431e-06
-1.969842900921231710e+00 6.746228244207353091e-06
-1.969637142196830837e+00 7.368356692185740418e-06
-1.968672238377479067e+00 7.151762312697393090e-06
-1.967242461645714258e+00 7.681239720288051681e-06
-1.965299927916502210e+00 7.355232077536761076e-06
-1.961934288472644505e+00 7.786036255346062495e-06
-1.961433137983752850e+00 8.216933608754303160e-06
-1.955961689986005725e+00 7.482479917274015828e-06
-1.949907624268656825e+00 8.926192761173529604e-06
-1.947726943837495339e+00 6.629739556726270769e-06
-1.943447944537651351e+00 8.669802569162225324e-06
-1.940590162606038449e+00 7.917812842501263535e-06
-1.933535854462414161e+00 8.414594537720639390e-06
-1.928955638532679151e+00 8.564525484296519578e-06
-1.928737363985208342e+00 8.087006941748344622e-06
-1.926829663053633901e+00 8.180326820795752449e-06
-1.921753143408416520e+00 7.336013645049975782e-06
-1.920415378066113510e+00 8.387155335259345614e-06
-1.918780287917182470e+00 7.819098873900472108e-06
-1.914370761229686746e+00 8.202209044468954064e-06
-1.912570134915770437e+00 8.849655377951562286e-06
-1.912367120456576419e+00 8.653729219962934212e-06
-1.909966820503228302e+00 8.456309127000674668e-06
-1.907701407599451393e+00 7.980557840310695749e-06
-1.905329732930045816e+00 8.444046845144399167e-06
-1.904688902388483873e+00 8.074659365914548927e-06
-1.902364549941565564e+00 8.106248785610758014e-06
-1.896543363761193257e+00 8.713412769931910229e-06
-1.896288506406580421e+00 8.225956686999771937e-06
-1.896221875760981668e+00 9.088516488065925405e-06
-1.896092344236171234e+00 8.118609723002133131e-06
-1.895464906031135932e+00 8.734674628364368443e-06
-1.890937634637569920e+00 8.408996852896826938e-06
-1.889983460804730786e+00 8.463872244675501238e-06
-1.889072749207476365e+00 7.929926998235969807e-06
-1.888153594635120669e+00 7.744728009219244318e-06
-1.886422058442102090e+00 9.234505543637766412e-06
-1.884722467192689876e+00 7.886558119258422366e-06
-1.880163718394892047e+00 9.889429116155139038e-06
-1.879263691137408321e+00 7.862200199814264908e-06
-1.878124562485962157e+00 8.876210300119708116e-06
-1.877456508541351488e+00 7.960945918875722167e-06
-1.876748662996354788e+00 8.601773116783714538e-06
-1.873412128826862366e+00 8.535780992904005394e-06
-1.872804528788859724e+00 9.448372439849018082e-06
-1.872736679620573774e+00 8.767393885812694931e-06
-1.869771333435469529e+00 8.286069750355060033e-06
-1.869552263678224246e+00 8.897910609478893601e-06
-1.867452418109184498e+00 8.243328094684508473e-06
-1.866401869668389057e+00 8.362510009592601372e-06
-1.865434420521261405e+00 8.740493638274463668e-06
-1.864330977320615812e+00 8.620133352025716476e-06
-1.862935257752908136e+00 8.844443615698080406e-06
-1.860823803335880378e+00 8.966445971312203884e-06
-1.859132203838811170e+00 9.127926952921187114e-06
-1.856915064953812644e+00 9.161133821722467456e-06
-1.854922611042612690e+00 1.054997073814046024e-05
-1.854606326711808251e+00 8.669229623556982961e-06
-1.850715960809361293e+00 9.612319734026798505e-06
-1.843740726792714169e+00 9.067744309740024866e-06
-1.842886367916300783e+00 8.567969089504064181e-06
-1.842596038551445492e+00 9.112416660045197751e-06
-1.837157071027290201e+00 1.001139007174012094e-05
-1.834184986365964276e+00 1.054437478697620464e-05
-1.832949641817018360e+00 9.490269356027759617e-06
-1.831944680253233759e+00 1.017828728401198177e-05
-1.831699105842272690e+00 8.661575181214073042e-06
-1.830181065486693015e+00 9.914075146391178371e-06
-1.830082334423252188e+00 9.972285395640951387e-06
-1.829684622246184000e+00 9.271010480385234555e-06
-1.827438646848855264e+00 9.761474931485769437e-06
-1.824928282547260361e+00 9.711422069618769643e-06
-1.820285349482756887e+00 1.021039088182885134e-05
-1.817278719833648415e+00 9.148845206116466451e-06
-1.816467061100994762e+00 1.148608602570213403e-05
-1.815502096742054983e+00 9.308132695436776343e-06
-1.815000604734668510e+00 9.941177669087238457e-06
-1.814713865910205337e+00 1.055669742494548618e-05
-1.811432089480518925e+00 1.051617926498831165e-05
-1.810709031184379425e+00 8.978544029307938866e-06
-1.808865288798767068e+00 9.934223713862962721e-06
-1.808370512069981118e+00 9.547616224106745904e-06
-1.807193970264396432e+00 9.632164896626201723e-06
-1.805891034625506375e+00 9.947711658597694614e-06
-1.805634140593041614e+00 1.005405400049720327e-05
-1.804966718448614671e+00 1.042859856305460775e-05
-1.804809866972959309e+00 9.986769110347040203e-06
-1.804782286781780876e+00 1.103990190384748080e-05
-1.803275379520734134e+00 1.031210511081837361e-05
-1.802788857553954571e+00 9.396965084160403435e-06
-1.801332816393964364e+00 8.703200279033793026e-06
-1.799198454486296450e+00 9.825583200602932917e-06
-1.792587209616135047e+00 1.094802772445746410e-05
-1.791848097615479807e+00 9.720699298308883851e-06
-1.791578295711804492e+00 1.066276957605622220e-05
-1.786047583276467510e+00 1.010252873957663505e-05
-1.785417930570046607e+00 1.026886396869442705e-05
-1.785013761319230952e+00 1.155188628346796346e-05
-1.783603062738682743e+00 1.157328704293033103e-05
-1.783276437699394812e+00 1.008290790402906968e-05
-1.783101510733610562e+00 1.067084575196266821e-05
-1.783053778052669180e+00 1.046353124784204415e-05
-1.778400883403031818e+00 1.007476737958512191e-05
-1.777263357790874077e+00 1.134077705847610061e-05
-1.776829412160748412e+00 9.011737582274342753e-06
-1.775758692884871648e+00 1.068855467767328558e-05
-1.774849088918415640e+00 9.964304229086995819e-06
-1.766832795445202109e+00 1.013396444693036476e-05
-1.765901111477085061e+00 1.173870187567802030e-05
-1.763864816660975610e+00 1.117098178183398371e-05
-1.761716848131780422e+00 1.136079551896367931e-05
-1.760285030021129682e+00 1.079685700844532739e-05
-1.755858860033911784e+00 1.075994166052438033e-05
-1.755683318238846491e+00 1.188710834163848979e-05
-1.755676852434508994e+00 1.064284416302011977e-05
-1.750401308814926615e+00 1.210248147598611024e-05
-1.747352767801285012e+00 1.366809463245321055e-05
-1.747119246143301385e+00 1.155335458261114104e-05
-1.745888000786449235e+00 1.200055583969435561e-05
-1.745175396899206088e+00 1.088619196215683357e-05
-1.744720791804845961e+00 1.184656244697763329e-05
-1.742506916549885654e+00 1.182081908376710549e-05
-1.742313316405966317e+00 1.114282950993979794e-05
-1.740083597011210959e+00 1.162865412579200764e-05
-1.738531398877909639e+00 1.122220647690266192e-05
-1.736782400490507694e+00 1.014777815715532120e-05
-1.736308808724672526e+00 1.362327720629645240e-05
-1.730827014243076167e+00 1.300505397196897372e-05
-1.730057688196635857e+00 1.193635460156698917e-05
-1.726324393379842004e+00 1.067898025040615218e-05
-1.725040232895177272e+00 1.334588059013339974e-05
-1.720207109336294282e+00 1.242927371632888140e-05
-1.718145368541224238e+00 1.088789315307265215e-05
-1.715695034446944822e+00 1.181858269984822625e-05
-1.712387599917762682e+00 1.301637265207839196e-05
-1.710885569886313018e+00 1.299921830286915966e-05
-1.708266500656494991e+00 1.348246207568829034e-05
-1.706611082632258025e+00 1.485119240016464347e-05
-1.703888624608421498e+00 1.379509014602008474e-05
-1.702041199303262031e+00 1.358501637137672356e-05
-1.700169523653727977e+00 1.309201427564277220e-05
-1.698356210415585377e+00 1.226557633342343468e-05
-1.696508961715814223e+00 1.170546898823786013e-05
-1.692339826201096464e+00 1.271204593090993019e-05
-1.691774418313178208e+00 1.287492466851174457e-05
-1.690851022184365560e+00 1.471220528601974460e-05
-1.687554438310550298e+00 1.323517225457505604e-05
-1.683083665257026684e+00 1.300684053590865873e-05
-1.679300477404161329e+00 1.383238697496270661e-05
-1.674092063018928878e+00 1.450436683828796386e-05
-1.672500969443448504e+00 1.518746103785932157e-05
-1.670986402819652161e+00 1.362839265479330360e-05
-1.668615174501896448e+00 1.447977537814879414e-05
-1.666478215483585101e+00 1.331173890973433645e-05
-1.666266914140493327e+00 1.371632837073752479e-05
-1.665518330053170182e+00 1.337015271363359611e-05
-1.662966136700048336e+00 1.460825698257764469e-05
-1.661228003785825802e+00 1.357713844276835491e-05
-1.660665491221172463e+00 1.368784453311095975e-05
-1.660347276848175291e+00 1.357068896495730026e-05
-1.659692507468873535e+00 1.306567016237455636e-05
-1.659459207092713218e+00 1.409357678666058015e-05
-1.659018320350933440e+00 1.308150419851866052e-05
-1.657634760436371701e+00 1.154654719882279236e-05
-1.649712430659565854e+00 1.460018777792747695e-05
-1.643962618170061507e+00 1.348208289861117372e-05
-1.643847626310458665e+00 1.553823666391900815e-05
-1.640962795484410153e+00 1.520577863494606927e-05
-1.639852036168113703e+00 1.716360726403430014e-05
-1.638397048236033493e+00 1.571883743618987601e-05
-1.635604197718899755e+00 1.457345002383863458e-05
-1.634120776965579669e+00 1.714723737782986981e-05
-1.633712047011505852e+00 1.551795106785596403e-05
-1.628561086027142446e+00 1.477506283882650540e-05
-1.628375014786431096e+00 1.628845488265025153e-05
-1.627869409732244810e+00 1.445675808772573732e-05
-1.627633280354698009e+00 1.665302074661806483e-05
-1.626525586453588579e+00 1.422223918245811270e-05
-1.626487354687122799e+00 1.646799122399002032e-05
-1.615908894447844357e+00 1.400422107032387500e-05
-1.613290248269295679e+00 1.421825015263343359e-05
-1.612886190456996882e+00 1.488260783710008285e-05
-1.612688458902155064e+00 1.563660623136647873e-05
-1.612623222163535486e+00 1.758571774008312825e-05
-1.612328357192712280e+00 1.638784380571593047e-05
-1.608772713691517531e+00 1.559493605123682362e-05
-1.608529363393352396e+00 1.542106395306303327e-05
-1.607615033044723196e+00 1.621000949166159248e-05
-1.602212333148375523e+00 1.731228664556366229e-05
-1.601944898276090434e+00 1.615899438815544259e-05
-1.601853836197995484e+00 1.553322452257418289e-05
-1.599383643106482955e+00 1.580443699807918190e-05
-1.598017137776179153e+00 1.677523993661103003e-05
-1.595461836318777360e+00 1.506206546215936378e-05
-1.594726583133554643e+00 1.520158225526789277e-05
-1.594637523927193046e+00 1.584099569674917278e-05
-1.594225760760452637e+00 1.735000376095067250e-05
-1.589117913324169740e+00 1.585638437466390166e-05
-1.587041918752228886e+00 1.458609646847784801e-05
-1.586835541018749796e+00 1.618485859998953025e-05
-1.584571560312569405e+00 1.772255182780568694e-05
-1.576754131031864237e+00 2.007827162314100873e-05
-1.574320739368674227e+00 1.563324248886203947e-05
-1.573032793676764740e+00 1.723520269521701566e-05
-1.572618439492174502e+00 1.733266500844054967e-05
-1.572316336991347985e+00 1.684440292663315274e-05
-1.572054914065275755e+00 1.607007949539425608e-05
-1.567696936551757236e+00 1.705547611938941651e-05
-1.564928003294347114e+00 1.792294817051286066e-05
-1.564013502518415644e+00 1.665505928508885419e-05
-1.563550186021688493e+00 1.852928766276497167e-05
-1.563442947945562711e+00 1.817990291604451686e-05
-1.562179311930834480e+00 1.593506222146139767e-05
-1.561415756079055361e+00 1.649661267959295831e-05
-1.560955045110818062e+00 1.695106328065331482e-05
-1.560377900537350371e+00 1.758861342697223102e-05
-1.558397657330188313e+00 1.798410218004793716e-05
-1.558165174871341430e+00 1.592969896085214115e-05
-1.556813372503617066e+00 1.568677799777584746e-05
-1.555465522301898718e+00 1.666212721734211665e-05
-1.553819342318802699e+00 1.711926908340139061e-05
-1.552562975579036220e+00 1.851958589677694285e-05
-1.551188622399387596e+00 1.883128746513951159e-05
-1.551045012598295747e+00 1.574907349505251330e-05
-1.548450648004049413e+00 1.778813408227797479e-05
-1.548074727179712395e+00 1.707800277407278206e-05
-1.547306903795454547e+00 1.698769006898930142e-05
-1.546314080549009873e+00 1.997998361887129261e-05
-1.546165101611098214e+00 1.837223918399021326e-05
-1.545348827919399426e+00 1.741359702630500855e-05
-1.541474379803358330e+00 1.669109745142317885e-05
-1.539703122896890486e+00 1.662507816570348094e-05
-1.536554304439432528e+00 1.754418405359978758e-05
-1.536106716878617329e+00 1.961145603048288600e-05
-1.535211145951655975e+00 1.786108680911314145e-05
-1.534729344503274140e+00 2.147688829391573148e-05
-1.532731064858623871e+00 1.956106262805365378e-05
-1.532423031272142522e+00 1.741812272877739880e-05
-1.529789111263075929e+00 1.854819514598686305e-05
-1.529602597076179737e+00 1.956556698733574027e-05
-1.529359335053206204e+00 2.085614600184083054e-05
-1.527192790193003358e+00 1.763475447101357183e-05
-1.526675078108292949e+00 1.828333655600084616e-05
-1.525856160497712333e+00 1.923753778370440826e-05
-1.523958144945579907e+00 2.033839593180402624e-05
-1.519943891674160108e+00 1.759107368740008242e-05
-1.518935478330658562e+00 1.973888608661053515e-05
-1.518644418700785481e+00 1.602042040249861279e-05
-1.516651531338496506e+00 1.815297977752045633e-05
-1.516575924594358415e+00 2.105001864870330918e-05
-1.514544623154733705e+00 1.948591571670473132e-05
-1.514199877271635630e+00 1.886962192233182541e-05
-1.513928604948503454e+00 1.882015792249153689e-05
-1.512295778844403360e+00 1.947255436283811789e-05
-1.510234153805146473e+00 1.838145601701542798e-05
-1.508628837966402569e+00 2.092391316907779523e-05
-1.506687399089371215e+00 2.262777846973839434e-05
-1.506079729170001880e+00 1.935456128282642135e-05
-1.505626901447565169e+00 2.251785574144245388e-05
-1.504822278629144305e+00 2.150638818256274767e-05
-1.502385535181994580e+00 2.231053138312914046e-05
-1.502154661305414418e+00 1.789537807734330817e-05
-1.501910256409946909e+00 1.937657803706222470e-05
-1.497966330764375353e+00 2.114573712319791086e-05
-1.497478754573994930e+00 1.864382948711330171e-05
-1.496821033800793233e+00 2.088700451985677051e-05
-1.493837211252413200e+00 2.070810782207868744e-05
-1.493750726564544440e+00 2.342474353251690217e-05
-1.492817254273749228e+00 2.173450783500969320e-05
-1.490488842168756323e+00 2.218785208329690509e-05
-1.489355273202535912e+00 2.054777395896928245e-05
-1.488714661486397972e+00 2.404616247877908809e-05
-1.487228776666916330e+00 2.108147132585430530e-05
-1.486838502664096007e+00 1.998228137401686578e-05
-1.486184975424347687e+00 2.381298886692351130e-05
-1.485709369750280562e+00 1.818632049116384895e-05
-1.484235561682065718e+00 2.106193452479369801e-05
-1.484041198820136742e+00 1.928574069729109515e-05
-1.480256684778528564e+00 2.251600060774131080e-05
-1.477748753162637874e+00 2.261645928041425236e-05
-1.477454146733579332e+00 1.991173036266656845e-05
-1.477357091675342016e+00 2.282577451249873123e-05
-1.477215078844674068e+00 1.957001550642310816e-05
-1.477047900267241198e+00 1.730508637255006048e-05
-1.477027517340331109e+00 2.038307356398048347e-05
-1.476857770771364153e+00 2.103198332847436392e-05
-1.476628706068658037e+00 2.217760479638426337e-05
-1.476565631960570890e+00 1.944652835801045305e-05
-1.475278287996649285e+00 2.044446289017767145e-05
-1.473856142998664298e+00 2.223100045387123194e-05
-1.473726601768022393e+00 2.067870189874497459e-05
-1.473673772978153274e+00 2.252698545397735586e-05
-1.472821252549119997e+00 2.205175951094320191e-05
-1.472408520714252989e+00 1.895435307060552984e-05
-1.467774269678216559e+00 1.900839917751534741e-05
-1.464578295001778052e+00 2.281766535605947208e-05
-1.464228310408236089e+00 2.235700066156144579e-05
-1.461793092162932961e+00 2.124775601770440117e-05
-1.459418631718347736e+00 1.879410898472835660e-05
-1.459300496842929729e+00 2.531612923275606067e-05
-1.457775359615844701e+00 2.036686716414228595e-05
-1.456930946170107877e+00 2.149701288785579214e-05
-1.456387340940902941e+00 2.388460916101288218e-05
-1.455698089082712254e+00 2.177113009928688227e-05
-1.454742640717038737e+00 2.296765030299927087e-05
-1.454717489370030314e+00 2.187399762659801605e-05
-1.454515832961003730e+00 2.327234445048854830e-05
-1.453081497461520932e+00 2.230986395824568314e-05
-1.450717283210668951e+00 2.019056699366697437e-05
-1.448872978267483180e+00 2.188535400653191123e-05
-1.446555612156971371e+00 2.258863926970804931e-05
-1.444561486638518799e+00 2.338523903435715153e-05
-1.444069024960525693e+00 2.078114912518486682e-05
-1.442463841214425280e+00 2.216729100366488021e-05
-1.441762085387687353e+00 2.515960060500642393e-05
-1.441396542469087771e+00 2.456571436093873243e-05
-1.440988307522274026e+00 2.114957560659504207e-05
-1.439495788945110544e+00 2.306458254633286637e-05
-1.438919318619910070e+00 2.387462753458716261e-05
-1.438713165560650209e+00 2.165684608461854559e-05
-1.438419870770963671e+00 2.282616623232024155e-05
-1.436510933803504253e+00 2.617420537742308319e-05
-1.435646477568791823e+00 2.439677218456634130e-05
-1.435433816730731227e+00 2.056500305363496850e-05
-1.434903316508251425e+00 2.155677457812822545e-05
-1.433562400431399375e+00 2.383823386984582321e-05
-1.432522370967177272e+00 2.127981731175467646e-05
-1.428196882043500038e+00 2.524992476877978395e-05
-1.426205698729295701e+00 2.319097131000021417e-05
-1.425277110544684867e+00 2.419706637771992238e-05
-1.425119719678991093e+00 2.200276684840236487e-05
-1.422207251405913420e+00 2.240035673219389350e-05
-1.421926090566979939e+00 2.239249318695510330e-05
-1.420554156382012545e+00 2.456439978417810380e-05
-1.420521902830502725e+00 2.241196294179085267e-05
-1.420050008645087125e+00 2.287463484227925182e-05
-1.419906454292178211e+00 2.572057371160635012e-05
-1.419005117372505120e+00 2.773056154300414372e-05
-1.418364330299898945e+00 2.571509181920348923e-05
-1.417338686242693102e+00 2.238166726851520335e-05
-1.417174116296679998e+00 2.109358003219693467e-05
-1.416109288343810002e+00 2.314441171524932341e-05
-1.416000765587251298e+00 2.309912159161866410e-05
-1.414763412854666891e+00 2.532108203589321220e-05
-1.413907176217119588e+00 2.320028319258314115e-05
-1.413435728394660140e+00 2.566659770728017253e-05
-1.412958397810489597e+00 2.165271398519601743e-05
-1.412927023348829803e+00 2.708910639628440940e-05
-1.411211754587573308e+00 2.502786239985635728e-05
-1.408656437305231046e+00 2.282278835280771996e-05
-1.408652077989319240e+00 2.367133631715291335e-05
-1.408199188174853234e+00 2.474925870810378448e-05
-1.406894865901841873e+00 2.168617098722237229e-05
-1.406024581039263754e+00 2.617983944191999539e-05
-1.405831977579043546e+00 2.357470729039760465e-05
-1.404132358705645123e+00 2.113652102899914951e-05
-1.402530264727829490e+00 2.359803497781895400e-05
-1.402517371533697599e+00 2.550545854154984070e-05
-1.401737046646693408e+00 2.442041699609794013e-05
-1.401445619647570417e+00 2.428678479423108735e-05
-1.401323087778276744e+00 2.772272114826820343e-05
-1.401148893625542735e+00 2.517498425023890796e-05
-1.400339331511919250e+00 2.629722254074198096e-05
-1.398404949820287513e+00 2.736716406470320631e-05
-1.394934775510019431e+00 2.512460591124842621e-05
-1.393739035481851962e+00 2.318913384743754598e-05
-1.393592181432420585e+00 2.386387846707773840e-05
-1.393567022102885078e+00 5.892516607110523434e-05
-1.393197658186733356e+00 2.600678949331962161e-05
-1.393038849556545777e+00 2.220487492702065066e-05
-1.392817553497359251e+00 2.358144464244997526e-05
-1.392643339181440121e+00 2.313957551244696025e-05
-1.392606197349627761e+00 2.980054048777442568e-05
-1.391654638733966554e+00 2.193860503079406643e-05
-1.390568096753112881e+00 2.822607964196917763e-05
-1.387095261268023849e+00 2.853779104074905608e-05
-1.385327913000905742e+00 2.292129474899886555e-05
-1.383716909228642322e+00 2.414730052208017338e-05
-1.383383028939439763e+00 2.724363898575982222e-05
-1.382668681469139127e+00 2.339275925851290228e-05
-1.378812070977580184e+00 2.417852863211410078e-05
-1.378687568940740071e+00 2.432966547540332954e-05
-1.378074065405723747e+00 2.390293504005724538e-05
-1.377505227026151857e+00 2.800828148245299444e-05
-1.377303744280769848e+00 2.875356181030079626e-05
-1.376881765107168309e+00 2.678196333438200144e-05
-1.376148107077814320e+00 2.562940545514082747e-05
-1.376124190223687593e+00 2.328463895887447415e-05
-1.375798914069357837e+00 2.406082479601574702e-05
-1.374769863466021702e+00 3.005250142323399160e-05
-1.374197477599646611e+00 2.953557074464048431e-05
-1.373852221237745974e+00 2.511570077514637650e-05
-1.373360347136659776e+00 2.596866076548167709e-05
-1.373053224269789485e+00 2.688011545781083329e-05
-1.372444047077551188e+00 2.811265913798766128e-05
-1.372163536583599575e+00 2.516055073295007168e-05
-1.372116824403019741e+00 2.548659083995278541e-05
-1.371994155781331770e+00 3.175704447800503389e-05
-1.370774576702883163e+00 3.078429367652282654e-05
-1.370655987694312516e+00 2.574024874977903248e-05
-1.370565670328408592e+00 2.780256944610870473e-05
-1.369246162258137112e+00 2.776878374308627793e-05
-1.368764236404618195e+00 2.833737881600603613e-05
-1.367913488947634093e+00 2.557845739978445513e-05
-1.367440082650335453e+00 2.789015667701236296e-05
-1.364924340494864774e+00 2.302905614181305371e-05
-1.363581015681016861e+00 3.053096735412728316e-05
-1.361350428580126781e+00 2.512437016629932106e-05
-1.361044354727568129e+00 2.440686183019901957e-05
-1.360640127319302284e+00 2.357221246878886056e-05
-1.360631368818722819e+00 2.740774794390051983e-05
-1.356501621178545003e+00 2.301489027105752078e-05
-1.356180937410693010e+00 3.460521619546315494e-05
-1.353989283412320832e+00 2.300899666118066272e-05
-1.353951704309696469e+00 2.855746412016886283e-05
-1.353843948438853140e+00 2.716848800219967986e-05
-1.353201718722460978e+00 2.463603485326163684e-05
-1.351407749859262708e+00 2.506658304417462660e-05
-1.350687652146361328e+00 2.967714626293831886e-05
-1.349768404060351923e+00 2.860919625074686472e-05
-1.348574088888590650e+00 2.866019467386787345e-05
-1.348110237519620336e+00 2.385785147350265935e-05
-1.347982361020032771e+00 2.798308203732663513e-05
-1.347833213449195267e+00 2.893488041236689257e-05
-1.347208426156515815e+00 2.772058611390721390e-05
-1.346097787391015821e+00 3.509510847553384166e-05
-1.345925567641399923e+00 2.599549374023117575e-05
-1.345598965124345625e+00 2.809857204693587339e-05
-1.345441143087086067e+00 2.553683338085011571e-05
-1.344759147512353703e+00 3.055737027880077038e-05
-1.342035036106411505e+00 2.847760272109991930e-05
-1.341900616387327938e+00 2.949035637537441863e-05
-1.340670986794111119e+00 2.983701622202678628e-05
-1.340131659893297966e+00 2.922132163179210230e-05
-1.339403658296564714e+00 2.736968479643138476e-05
-1.336937577186610548e+00 3.251195080293652008e-05
-1.336084599781013349e+00 2.746656404101739134e-05
-1.334681697287057878e+00 2.941288938942136205e-05
-1.334067389183418495e+00 2.889252054849281005e-05
-1.331826018784996402e+00 2.640381547863265396e-05
-1.330828965482019566e+00 2.805404601381980187e-05
-1.330606289628202932e+00 3.226674527044395607e-05
-1.330602498285816893e+00 3.067415953939779720e-05
-1.330083483832573243e+00 2.641837172930182369e-05
-1.328358658427989836e+00 2.891999046767129852e-05
-1.326832508399271804e+00 3.239059315775254304e-05
-1.325123191938098355e+00 3.535681040901415899e-05
-1.324796161458555721e+00 2.682231664769408312e-05
-1.324644305218256823e+00 3.561991362864346211e-05
-1.324291805287520551e+00 2.814648951744516895e-05
-1.323986176179200669e+00 3.577306011028843515e-05
-1.322793891208513539e+00 3.395414941485378103e-05
-1.321793178458072759e+00 2.762645879719895537e-05
-1.321372646785751170e+00 2.994349540590782267e-05
-1.319809794327791108e+00 3.269842834120109535e-05
-1.317234548111800851e+00 2.855466023309286575e-05
-1.314151248186994136e+00 3.426008485593479299e-05
-1.314129706374091100e+00 2.839851153790555520e-05
-1.314109084285822293e+00 3.039408353317548444e-05
-1.313887082817646768e+00 3.078236660136785170e-05
-1.313365230774109049e+00 2.886285859970179950e-05
-1.312742080201984685e+00 3.236451582885371532e-05
-1.311411427510350780e+00 3.375630856429087873e-05
-1.311392497937116541e+00 4.841597731025030875e-05
-1.311175641874618547e+00 3.459270717753587380e-05
-1.311107994630521745e+00 3.465972756535483427e-05
-1.307983701256951736e+00 3.488237717800050480e-05
-1.305734603729628907e+00 3.300345782118218517e-05
-1.304519365899141636e+00 3.333900239193903040e-05
-1.303891272453511441e+00 2.849397235135123368e-05
-1.303748003262175992e+00 3.493350945308888560e-05
-1.303275991042372572e+00 3.067852488871795945e-05
-1.302109141645011015e+00 2.718389411770265072e-05
-1.300670698198412190e+00 3.341051674385876264e-05
-1.300333447201064585e+00 3.185596851769311399e-05
-1.300272202597714255e+00 3.117313224627305635e-05
-1.300177698821859185e+00 3.585221427455924533e-05
-1.300061157736077222e+00 3.634843271335060256e-05
-1.299227118610289944e+00 3.807548474698889770e-05
-1.299170801541819964e+00 3.140592539022296815e-05
-1.299115023226932841e+00 3.511209829691058776e-05
-1.298935487783023701e+00 2.883541959654765298e-05
-1.298477802379086388e+00 3.406027154770606299e-05
-1.296910980228518362e+00 3.307728471233000117e-05
-1.295455435927320487e+00 3.613430903234171208e-05
-1.294604950690215528e+00 3.416089917042356171e-05
-1.293160326585669040e+00 3.763975831700522821e-05
-1.292151047437050115e+00 3.562979231606848798e-05
-1.292144386489875174e+00 3.751122959859211256e-05
-1.290850519158507792e+00 3.070066872404634656e-05
-1.290804479602090771e+00 3.458960355338854551e-05
-1.290134971053120028e+00 2.784767725733797904e-05
-1.288799112021873805e+00 3.854103116745738429e-05
-1.287805654935438193e+00 3.750338132688940001e-05
-1.287778869264215587e+00 2.949614046924237817e-05
-1.287342468609105950e+00 3.755058193457238674e-05
-1.285345182627314786e+00 3.186349976482777093e-05
-1.282641075059510083e+00 2.878305219160356992e-05
-1.282574186664233284e+00 3.689707057372021708e-05
-1.282444422382798432e+00 2.795209260222446845e-05
-1.279315676080531095e+00 4.216253310355396405e-05
-1.277920168328091854e+00 3.884412306772998019e-05
-1.276128352475127681e+00 3.237373017833067800e-05
-1.271772987515891407e+00 4.268072196603702779e-05
-1.267894787275466006e+00 3.357738863088532668e-05
-1.267893219584385722e+00 3.325466933904000803e-05
-1.266566810752606687e+00 3.916446767742655686e-05
-1.266380272804926488e+00 3.174886444145081580e-05
-1.265171381449267773e+00 3.549626608351688070e-05
-1.264419402789226154e+00 3.368202946036359918e-05
-1.262848408832404568e+00 4.331594316751236025e-05
-1.261259610582812662e+00 3.003162458814784833e-05
-1.261203283493894656e+00 3.553871777612321029e-05
-1.259420736354336157e+00 3.439737775581541430e-05
-1.258666912963594342e+00 2.963265407786366552e-05
-1.257980353818433317e+00 3.483173788132789010e-05
-1.257764549071608950e+00 3.339965809883563611e-05
-1.257161529420338875e+00 3.626882457322344816e-05
-1.255997015719651166e+00 3.873855823018579147e-05
-1.251753494185009252e+00 3.290124621349737352e-05
-1.250007059308400281e+00 4.014520972614345066e-05
-1.249768243968424342e+00 3.529422524804759487e-05
-1.249546699252716220e+00 3.401165066098567205e-05
-1.249253418236203172e+00 3.838670930831441006e-05
-1.248135243204717693e+00 3.868739163369054910e-05
-1.247747780708903909e+00 3.149831300917227433e-05
-1.247681374612990446e+00 3.824580232532103277e-05
-1.247084284467709470e+00 4.163872441188912085e-05
-1.246814360277396672e+00 3.519906021503064060e-05
-1.246663399120301552e+00 3.621972135398419522e-05
-1.246203408497922771e+00 3.505492170129948486e-05
-1.244850618204949022e+00 3.624774690754244778e-05
-1.244308406265620448e+00 2.854981941600381412e-05
-1.244114351545008601e+00 3.443866836069136764e-05
-1.243754020839392682e+00 3.824652297364752776e-05
-1.243650460824765158e+00 4.212792400893080973e-05
-1.242156402273895344e+00 3.817220475508027478e-05
-1.242142016479287792e+00 3.970405324651770051e-05
-1.241759533573694396e+00 4.075477867039082415e-05
-1.241610374444490184e+00 3.203350799055257336e-05
-1.241069820151734504e+00 3.698764495090257665e-05
-1.240764766472587377e+00 3.554567801294275899e-05
-1.239708565287834352e+00 3.542697208737950027e-05
-1.238720872108472815e+00 4.619017179867699268e-05
-1.237960813316528519e+00 4.485579839179441847e-05
-1.237954485272062310e+00 3.766005146329098744e-05
-1.237307796054520681e+00 3.488257634954040198e-05
-1.236713877109978377e+00 3.411365754081887561e-05
-1.236228512730515039e+00 4.333583185300259575e-05
-1.236175592003955659e+00 3.088585353431160180e-05
-1.234309128642444797e+00 3.293329449690109292e-05
-1.234114746514083372e+00 3.097773996440486609e-05
-1.232534561910090254e+00 4.018551734138044418e-05
-1.231799587415744579e+00 4.278758819849991192e-05
-1.231401761039026432e+00 3.913028821192456112e-05
-1.230407863376755229e+00 3.414151057521916545e-05
-1.228838223817348085e+00 3.499226455071071729e-05
-1.228081287882821337e+00 3.668490966261421976e-05
-1.227705982301647181e+00 4.064626718831809807e-05
-1.227098533285661874e+00 3.391697565087473202e-05
-1.227059624086181078e+00 4.572267068591658073e-05
-1.225976585386449269e+00 3.480792070252104639e-05
-1.225775478801843343e+00 4.197626098029554021e-05
-1.222705552414217189e+00 3.610060821215095497e-05
-1.222241356342028018e+00 3.584856969070518635e-05
-1.221833764863393457e+00 3.695321191558566211e-05
-1.220702967562797614e+00 4.258977818757250176e-05
-1.220632431753444713e+00 3.634339241683201468e-05
-1.220472311139693344e+00 4.128933101926500818e-05
-1.219478511507855245e+00 3.718504060281912517e-05
-1.218689245404640964e+00 4.247050940885264329e-05
-1.218478656371768665e+00 4.723358988706410834e-05
-1.217798855082607545e+00 4.483606686298449148e-05
-1.217622125222656448e+00 3.962470238345933593e-05
-1.217359979824780281e+00 3.841480712716690226e-05
-1.217198398471242893e+00 4.289833569614333623e-05
-1.216729903562046466e+00 3.513213657033823780e-05
-1.216582721151538538e+00 4.154471082033863230e-05
-1.215464250649194611e+00 4.641119785140339896e-05
-1.215098209193457457e+00 4.212183960620418104e-05
-1.214344279920980485e+00 4.661637180505210764e-05
-1.213496231554627158e+00 4.057193242222267263e-05
-1.211725873311544799e+00 4.026509652660620157e-05
-1.209837364529759318e+00 3.645230556460425490e-05
-1.206821268144661730e+00 3.862100656584728709e-05
-1.206773793419153362e+00 3.566017802475049349e-05
-1.206744039585158745e+00 4.374368376595021639e-05
-1.206626464766897167e+00 4.477985397756239079e-05
-1.205486268942753236e+00 4.186345604918543758e-05
-1.205483684396917665e+00 3.589117896082822485e-05
-1.204893980519654573e+00 4.020603660441352521e-05
-1.204403517830522130e+00 3.654308690202953702e-05
-1.203817230512475467e+00 3.595522733875418283e-05
-1.203747034038983088e+00 4.218437791717395593e-05
-1.202743883441481421e+00 3.564606739142724080e-05
-1.202581201285017887e+00 4.157619349266033994e-05
-1.202126715333403872e+00 4.327290961320480787e-05
-1.201582894317497097e+00 3.400685194242895610e-05
-1.201395229484726990e+00 3.523350950228568455e-05
-1.200649362454082603e+00 4.034635833267335108e-05
-1.199789778539590346e+00 4.442590702267994765e-05
-1.198174689441141139e+00 3.684199297050794398e-05
-1.197740970456205645e+00 4.037432481925146225e-05
-1.197332557001747011e+00 4.915015046042685488e-05
-1.195974407051686006e+00 4.478814605299630177e-05
-1.194895416601102323e+00 3.923014651243177337e-05
-1.194569810904672735e+00 3.624686069935045314e-05
-1.193277529305291740e+00 3.410663462350010819e-05
-1.191830600075435287e+00 3.858377675382292348e-05
-1.190411498898820808e+00 4.030190699900082670e-05
-1.189528970496678939e+00 3.905593513722200965e-05
-1.188944762995422399e+00 4.418172765819595532e-05
-1.188325221726058700e+00 3.585539168750916317e-05
-1.187612275676913853e+00 3.979246680028497790e-05
-1.187553995930478612e+00 4.347388133959237329e-05
-1.187038674223782397e+00 4.171273225890192104e-05
-1.186556529361050050e+00 3.915693601581998989e-05
-1.186480473832292049e+00 4.770923292218177275e-05
-1.182394164274862769e+00 4.222905138397252151e-05
-1.182186463045286962e+00 4.195092487726279838e-05
-1.181762139693023128e+00 4.092089926532155151e-05
-1.181677901382037099e+00 4.212435156728531923e-05
-1.179650347127900956e+00 4.548024242309246952e-05
-1.179021802969205446e+00 5.357347023331966636e-05
-1.178251589888799300e+00 4.109574711450293921e-05
-1.178044794641450066e+00 3.708659167439079394e-05
-1.177584006878619638e+00 4.056375415420243645e-05
-1.175995924185206931e+00 4.391232620132357099e-05
-1.175929675342911596e+00 4.299631009356896598e-05
-1.174082880536363893e+00 4.184920798445941294e-05
-1.174075789422312610e+00 4.799773848197693956e-05
-1.173930919209676293e+00 5.390703035971400092e-05
-1.173852239569904476e+00 4.269156235864940885e-05
-1.171374712844539756e+00 4.711875409882242024e-05
-1.170984898995277135e+00 4.324240726704861435e-05
-1.170211661522695845e+00 4.433786604607477879e-05
-1.169182070262028583e+00 4.523496746357986433e-05
-1.168172630782996713e+00 4.070384604029787096e-05
-1.167921800628061835e+00 4.159731682368193560e-05
-1.166526073713370915e+00 4.516340197426264039e-05
-1.164627368106258887e+00 4.068600866412218434e-05
-1.164095204080944468e+00 4.055093389771505041e-05
-1.163836910361619292e+00 4.725842412825940298e-05
-1.163004084603616928e+00 4.131562183970876050e-05
-1.162352326991360929e+00 4.540772534517897440e-05
-1.161984696928877625e+00 5.250051778891502474e-05
-1.161706775114992984e+00 5.112398531930871325e-05
-1.161588486718317714e+00 5.672397433347882618e-05
-1.161495694118851230e+00 3.546330850907188179e-05
-1.160340882718795985e+00 4.312904929227451278e-05
-1.158836547788315352e+00 5.286198396939359537e-05
-1.157781032141509847e+00 4.261041229552122399e-05
-1.157505212749448509e+00 4.961524557096212322e-05
-1.157364550447746110e+00 4.515412241528423028e-05
-1.156476980474900440e+00 4.537493467995806117e-05
-1.156268853890998427e+00 5.003248364825552353e-05
-1.155476271244380015e+00 4.268994836179507060e-05
-1.155187685130463437e+00 4.616582598354962625e-05
-1.155178728012412392e+00 4.141259993863165376e-05
-1.155160154607500544e+00 4.563335634267271044e-05
-1.153574550458467129e+00 4.705398458859573778e-05
-1.150078568524698586e+00 4.103246796135350823e-05
-1.149045907206818651e+00 4.184580511417080397e-05
-1.148691364200891130e+00 5.060992512991905164e-05
-1.148276913149092859e+00 4.767295404259776459e-05
-1.147948138636778692e+00 4.614696542449060361e-05
-1.147565852083590521e+00 5.003356101890798596e-05
-1.145849536463558138e+00 4.962614962213125595e-05
-1.144432685772862612e+00 4.626614928371702786e-05
-1.143404388495398605e+00 4.684530679149114018e-05
-1.142835866105208931e+00 4.793354641250962970e-05
-1.142333642126230009e+00 5.413586075114873133e-05
-1.142182577636217555e+00 5.205773747276326314e-05
-1.141185046115991586e+00 4.642927144616997015e-05
-1.140297930802425697e+00 6.556245272047991272e-05
-1.140293291671800713e+00 4.779085338612291825e-05
-1.138092789855546627e+00 4.401159261454576984e-05
-1.137637744538895657e+00 4.761656656190078066e-05
-1.137182224143541864e+00 4.550413388491671997e-05
-1.136925306974875927e+00 4.440974215582506421e-05
-1.136100617232844501e+00 3.777684995690930352e-05
-1.134698947989905671e+00 6.572214552743582401e-05
-1.134442349351836965e+00 4.177258686882726985e-05
-1.132924940296966554e+00 5.034963561511890986e-05
-1.131442309341808894e+00 4.545038328659029215e-05
-1.130339530939151960e+00 6.571728168947535583e-05
-1.130184755600443625e+00 4.339418037856847103e-05
-1.129499222726844110e+00 4.520083004911758869e-05
-1.127926754547591282e+00 4.659095153075560263e-05
-1.127394959024114129e+00 4.982731225944990781e-05
-1.126746064495382615e+00 4.593773055295234507e-05
-1.125372734641036931e+00 4.956846049728174265e-05
-1.124284834261648269e+00 5.971316900855988254e-05
-1.124010807715809745e+00 5.108382436727702927e-05
-1.123702364118149832e+00 4.826021203874399378e-05
-1.121057720801251323e+00 6.140072442376506303e-05
-1.120995552230799941e+00 5.432568286104090511e-05
-1.120148650972131010e+00 5.256042357950877375e-05
-1.119997846495643046e+00 5.671992039711908507e-05
-1.119699496240076142e+00 4.968623049977530470e-05
-1.119404993859938413e+00 4.386995730546514700e-05
-1.118149383460707247e+00 4.704066612471064499e-05
-1.117211207486790370e+00 5.594155993847077838e-05
-1.117114834324202999e+00 4.908865284894762643e-05
-1.116932240549792121e+00 4.899413861694583530e-05
-1.115684927161495477e+00 5.043584638589035022e-05
-1.114200408526321073e+00 4.936384401410939739e-05
-1.113873128968403625e+00 4.493220264106469089e-05
-1.113611317423510716e+00 4.989024054688746097e-05
-1.113604313374493948e+00 4.837841085086705699e-05
-1.112784500309989211e+00 4.944845264223744459e-05
-1.112526929512224871e+00 5.849154131536639156e-05
-1.112260555658587613e+00 5.289028943376204256e-05
-1.110933635504574912e+00 4.736041311881116037e-05
-1.110304883145864618e+00 5.957981072518627765e-05
-1.109501212301501116e+00 5.363912732155831138e-05
-1.109156198765843371e+00 5.684020948286315570e-05
-1.109018799062662541e+00 6.852920448817528798e-05
-1.107271477326380316e+00 5.411797666086476188e-05
-1.106057123753126925e+00 5.458094861166730161e-05
-1.105711256566278333e+00 4.939764062317851642e-05
-1.104758498646134068e+00 5.813075275327224574e-05
-1.103753364368109224e+00 7.528489002644216034e-05
-1.103421392440714799e+00 5.215332658337599753e-05
-1.103382728818421699e+00 5.170506349029277627e-05
-1.103379319182286045e+00 4.522901794033011965e-05
-1.102914381536972188e+00 4.586804355896375673e-05
-1.102560832036256100e+00 4.905516371419429782e-05
-1.100745319257260046e+00 4.706543881235469569e-05
-1.099921815167305361e+00 5.074969075651296102e-05
-1.099428259487322146e+00 6.935955102711885596e-05
-1.099203286128740853e+00 4.921436379521974510e-05
-1.096427962710745385e+00 4.704459022484495630e-05
-1.096059847281693367e+00 5.180205071695537130e-05
-1.095528553386987181e+00 6.197239827676044404e-05
-1.093806768644676408e+00 5.345058546655355881e-05
-1.093439978846550087e+00 5.471097193513615683e-05
-1.093100079423393378e+00 6.262900575836005625e-05
-1.092421374090155162e+00 5.177796226287760420e-05
-1.091626840124068076e+00 5.148437878455893217e-05
-1.091108368307471377e+00 7.169263835904066714e-05
-1.090385000712253971e+00 4.888642790139999472e-05
-1.087964673078546385e+00 4.593940746160209219e-05
-1.087183285132316657e+00 4.840505516809820680e-05
-1.086804846137940039e+00 5.694569897892347218e-05
-1.086607080162123928e+00 1.179848289502173614e-04
-1.085146130806936782e+00 5.803938736445089748e-05
-1.085085106294068735e+00 5.411802749888428596e-05
-1.084588999298504941e+00 4.895827322452812717e-05
-1.084378030860472020e+00 4.716536609327503886e-05
-1.082339828987883390e+00 6.530342588714985468e-05
-1.081873535063158087e+00 8.047368109264167702e-05
-1.081216142134233893e+00 4.804559345371623439e-05
-1.079532169014600473e+00 6.224581182103049572e-05
-1.079498969879066239e+00 6.191765576728625422e-05
-1.078734261984542142e+00 6.180199457153027608e-05
-1.078406833964676848e+00 5.667220596146775195e-05
-1.078340653098648794e+00 5.818849230488397156e-05
-1.077967885771437873e+00 6.488815839705682962e-05
-1.076969018538126655e+00 4.878537660818950704e-05
-1.076690956933138876e+00 7.219819501107056716e-05
-1.076592203127556990e+00 6.036108710182273683e-05
-1.076077867332729809e+00 5.309267065916919005e-05
-1.075877278955390981e+00 4.731805824629003055e-05
-1.074662796787356989e+00 4.459343214923175528e-05
-1.074203933522347887e+00 6.587726113775361223e-05
-1.073751492531920482e+00 5.664686840774382618e-05
-1.073644458755701026e+00 5.567767087097999355e-05
-1.072180271887119840e+00 6.625255222200698846e-05
-1.072028470823506163e+00 5.151482843788503241e-05
-1.071884294719479547e+00 6.026496540041278679e-05
-1.071082498393717941e+00 5.726886485390243666e-05
-1.069360310824872151e+00 5.998743534006242720e-05
-1.066543428036800245e+00 6.242691121486925365e-05
-1.064851533499761249e+00 6.853370262142108977e-05
-1.064322401264549134e+00 5.641111215028958320e-05
-1.063989503791076929e+00 5.380293787290869997e-05
-1.063869120447363814e+00 5.986423338693837781e-05
-1.063732657647573854e+00 5.969799919652945240e-05
-1.063558886230557388e+00 6.931839226750073819e-05
-1.061625726711899809e+00 5.117719714903325189e-05
-1.060818145833447801e+00 4.641067301221752750e-05
-1.060515491225008322e+00 5.189767954739038557e-05
-1.060312986139383185e+00 6.315406113482070175e-05
-1.059992338660305844e+00 8.382685665458522017e-05
-1.059895253379371738e+00 7.402070356387458567e-05
-1.058850140246804017e+00 5.589040792106162299e-05
-1.058524651072072720e+00 5.896769229267719096e-05
-1.058184302220741335e+00 5.701931728512927888e-05
-1.056854079012944592e+00 6.598368183541078566e-05
-1.056426185341438728e+00 5.488472530913170269e-05
-1.055377529160579586e+00 5.798514681970788869e-05
-1.055225363822332563e+00 5.874259648299687346e-05
-1.054998939534079971e+00 7.527521233703682888e-05
-1.053810063790789009e+00 6.174610039953822612e-05
-1.052836631622908081e+00 7.492202803159315853e-05
-1.052650713134689608e+00 6.646997573154073385e-05
-1.049906291808892389e+00 6.286680980118139754e-05
-1.048671039265977489e+00 7.349108610822811035e-05
-1.048215162438791870e+00 6.667006823641166236e-05
-1.047971977227128759e+00 5.868057551395382244e-05
-1.047612865208647381e+00 5.028590890263639899e-05
-1.047483225104351767e+00 5.686408933747120749e-05
-1.046521157878766983e+00 7.141295450462694901e-05
-1.044575009917967812e+00 5.813466679947398315e-05
-1.044499333225714421e+00 5.530445399873387512e-05
-1.042859593668359786e+00 5.874778986082137996e-05
-1.042420605673892497e+00 5.831388886652986829e-05
-1.041837625589700611e+00 7.025401905221646467e-05
-1.040677412908227017e+00 5.894850323650281497e-05
-1.039137541510127161e+00 6.680636131471235858e-05
-1.038615491266824176e+00 6.077434138842255422e-05
-1.036348799054851888e+00 7.880550092682400275e-05
-1.033536917817883483e+00 5.480953275349399284e-05
-1.032422896570988291e+00 7.253962090767971402e-05
-1.032415559439539887e+00 6.632094552810840723e-05
-1.031989993759406810e+00 5.968885813833493624e-05
-1.031808660408303879e+00 7.322373075006896278e-05
-1.029737486099202792e+00 6.455551383995426350e-05
-1.029558280684503169e+00 6.485052679235404622e-05
-1.029371871210847278e+00 6.334801223117750063e-05
-1.028557530181778867e+00 4.950956822463356815e-05
-1.027873071025788398e+00 6.465561006524525264e-05
-1.026350590121648088e+00 6.393450190655875539e-05
-1.026039365882167376e+00 5.923016375139531062e-05
-1.025486170476752390e+00 5.589731999561042353e-05
-1.025170668635391191e+00 7.471649321374739829e-05
-1.025025538408190329e+00 7.910511466510486715e-05
-1.024915300056676859e+00 6.475631168498518228e-05
-1.024621379669561572e+00 6.480250084379237708e-05
-1.023870924282813011e+00 6.992543641103863292e-05
-1.023449258810250839e+00 7.126068329268547266e-05
-1.022798047208457239e+00 6.462711978750584538e-05
-1.022270115376589850e+00 5.355619339813455688e-05
-1.021718853339494082e+00 6.657589579081242320e-05
-1.020301744774123831e+00 7.480408481746080496e-05
-1.019288082802733308e+00 8.219321216801150302e-05
-1.018751309913106473e+00 7.239515003320626404e-05
-1.017883828130232260e+00 7.312866861601366485e-05
-1.017290532345448861e+00 6.655430945379459335e-05
-1.015887821523974610e+00 7.073397230288702264e-05
-1.014855375143761229e+00 7.257891558194222111e-05
-1.014474954856017908e+00 5.900298463268051309e-05
-1.014344320899692065e+00 6.490694658191559826e-05
-1.014175086843049911e+00 5.585473208110133787e-05
-1.012490936525705099e+00 6.937474454692232873e-05
-1.012336149334870150e+00 7.917431907446956176e-05
-1.012220958677986005e+00 6.680867313788027627e-05
-1.011067788442364002e+00 6.586050663525669282e-05
-1.010738273892299421e+00 7.193282623646233350e-05
-1.010734063069649746e+00 6.464886670685332179e-05
-1.010441693722139433e+00 8.069764173756365953e-05
-1.010029937915970288e+00 6.398477399755614044e-05
-1.009632264920466094e+00 6.977455669930088809e-05
-1.009382336858900775e+00 7.823583744408571516e-05
-1.008655416018885198e+00 6.433946313966384912e-05
-1.008451459826570584e+00 5.893643538726639367e-05
-1.008361873613990323e+00 8.179240039240140924e-05
-1.006353325890083639e+00 6.538476435090012835e-05
-1.006119894514114099e+00 7.490768698551311981e-05
-1.005624859253112735e+00 6.075786463142222638e-05
-1.005368129614615524e+00 6.510706186573096113e-05
-1.004338232637177031e+00 6.733936823129964624e-05
-1.002160408562802640e+00 7.433831415198702253e-05
-1.001098369627155371e+00 7.779414039028795778e-05
-1.000951739999435430e+00 6.212758716968518437e-05
-1.000579138005246005e+00 6.612666406255502283e-05
-9.997388503512275593e-01 6.106713350450862607e-05
-9.978990479113566403e-01 1.058388927747084347e-04
-9.961477958332164429e-01 8.510168135292800050e-05
-9.958151580378989953e-01 7.245739703544026541e-05
-9.943561768018784885e-01 6.844921134082698137e-05
-9.942064166618674870e-01 5.861498073449593202e-05
-9.930268969815674307e-01 7.376115476977611091e-05
-9.903839041729022297e-01 6.314076709701735811e-05
-9.900449487222726663e-01 7.846151498627348063e-05
-9.885564166395311991e-01 6.468241749206159413e-05
-9.880217833284824502e-01 6.545071194048959914e-05
-9.875278103488008830e-01 1.037843670814200646e-04
-9.868641126615664838e-01 7.532266919615078558e-05
-9.856411904140488511e-01 7.270277097108746403e-05
-9.846929076004876658e-01 6.287631419269452504e-05
-9.839906951772884325e-01 7.963227002398445397e-05
-9.838051105026552889e-01 7.645257125322357718e-05
-9.834837464374469596e-01 7.606677652450207524e-05
-9.832360385309177886e-01 7.404386118204305824e-05
-9.830717215656271657e-01 7.891029675666630697e-05
-9.828661491865676725e-01 8.045895304767647057e-05
-9.811204490762202024e-01 7.778218980315813001e-05
-9.787268404470109706e-01 1.107283477629701011e-04
-9.779716927726486153e-01 6.858696756446364595e-05
-9.779159178254368534e-01 7.887282699335961607e-05
-9.771363567338425815e-01 5.600804438106694665e-05
-9.767417272504226311e-01 6.236365521018607334e-05
-9.760784952937665571e-01 5.900891493891709770e-05
-9.758451338084878079e-01 6.685967562657374864e-05
-9.757961316491434722e-01 7.194329531689539414e-05
-9.757888068685754979e-01 7.655413349458536671e-05
-9.753843668536277267e-01 8.212078332885347585e-05
-9.741846641161341358e-01 6.640210864150867739e-05
-9.715400291252296316e-01 8.194605473458978987e-05
-9.710758384164995816e-01 7.236095899054298733e-05
-9.710500922133122881e-01 8.416168825923425539e-05
-9.707410459579870476e-01 6.428069555951948771e-05
-9.702293306833618125e-01 8.562874260260897681e-05
-9.701134629284769995e-01 7.174031019818838503e-05
-9.688146773971462178e-01 6.489033328989021743e-05
-9.684977106405150415e-01 9.656666459061921453e-05
-9.679322800446111819e-01 9.984397700009433772e-05
-9.671432431558564247e-01 7.619999897509606532e-05
-9.662109579649084123e-01 8.167559577795143453e-05
-9.651921252817782237e-01 7.470797993498206496e-05
-9.645492191223762335e-01 8.765610014517385355e-05
-9.643358112767143053e-01 6.854312968201075999e-05
-9.642616290450448657e-01 7.743442233622567484e-05
-9.632517897664713002e-01 8.291675194476230562e-05
-9.617818023572788366e-01 6.884244845031877943e-05
-9.615535827635411925e-01 1.059460182718755000e-04
-9.612689109241907559e-01 7.402503002037916441e-05
-9.609847102838916522e-01 7.108962947545122526e-05
-9.598717126896150198e-01 7.466938585543177968e-05
-9.598139566612690077e-01 7.743183613803056938e-05
-9.588379881988035036e-01 8.463146056154507481e-05
-9.587528685883494051e-01 6.988133812813313560e-05
-9.574799730190448610e-01 9.649832209689518630e-05
-9.565709871341875337e-01 6.588811924316983928e-05
-9.562385650174912710e-01 7.399599658446211539e-05
-9.560251105172519193e-01 8.345954615093487637e-05
-9.557097835235780492e-01 7.568876937508474379e-05
-9.556715062295225716e-01 7.221340325080755041e-05
-9.552514823643070141e-01 7.682059377724101217e-05
-9.535465726987853996e-01 6.752214132709536646e-05
-9.524884491916310036e-01 1.016033937888181866e-04
-9.513024278798232203e-01 8.552633630268805702e-05
-9.508224468272374885e-01 8.213212581028632117e-05
-9.507517667917068094e-01 9.150643708886472335e-05
-9.501675345167319708e-01 9.257671820272190643e-05
-9.497388466339622415e-01 8.129018683840291964e-05
-9.487394192523933567e-01 7.164036346393746677e-05
-9.481939223798956373e-01 7.814193061679305474e-05
-9.470227004015798755e-01 7.596919884386029950e-05
-9.468514779921547442e-01 8.450386028519593206e-05
-9.457859942249988716e-01 7.347573334275813882e-05
-9.452361063595546842e-01 8.161065971696649366e-05
-9.448359346219826760e-01 6.848582397866700066e-05
-9.429169257625271694e-01 1.026446499848885052e-04
-9.414843399237055044e-01 8.278390170721411454e-05
-9.405838500514854816e-01 8.679686003547939762e-05
-9.400913196858498022e-01 6.969552404446433327e-05
-9.398632997879915463e-01 7.786517598396366273e-05
-9.396713769356853652e-01 7.909793011898991698e-05
-9.392894590001197308e-01 9.367653446671035265e-05
-9.386470593748821312e-01 6.988155751270416500e-05
-9.373749308987794349e-01 7.988981896885934261e-05
-9.370213623483831800e-01 9.237492632043259777e-05
-9.366363750164492519e-01 1.267162450517390980e-04
-9.359489607309894321e-01 7.783237930539260588e-05
-9.359367908490155985e-01 9.214123111516110481e-05
-9.342031435889753821e-01 9.369624949511194017e-05
-9.337095751647441766e-01 8.593347544825710466e-05
-9.326136100054466249e-01 9.659113419651957594e-05
-9.323453067629207114e-01 7.443217430888771243e-05
-9.316590611967853208e-01 7.340862376521684572e-05
-9.306928568019512404e-01 6.731629915969242445e-05
-9.304076619574780382e-01 1.543014526077028886e-04
-9.300470402612667220e-01 1.009544084287113255e-04
-9.296205413416558372e-01 9.974831587476711947e-05
-9.269601788540767773e-01 8.076013925107022125e-05
-9.268632512587243744e-01 7.666462956653443989e-05
-9.268597937255108610e-01 6.857434200531004271e-05
-9.256948567148383100e-01 1.063420850713866817e-04
-9.241523517048670922e-01 7.380870746204193367e-05
-9.235103231302717042e-01 8.980054579512572975e-05
-9.234147599554123342e-01 9.780343608382192433e-05
-9.230974197185718433e-01 8.400749989623451164e-05
-9.226928935070214388e-01 9.826398611016923332e-05
-9.217309057641258629e-01 8.963156896158557799e-05
-9.210563867375206604e-01 7.819759097273163123e-05
-9.199029339660936833e-01 8.314373614807615853e-05
-9.189520432298952102e-01 1.012647035153216936e-04
-9.187367048523165103e-01 8.654369524459705617e-05
-9.168134046099144507e-01 8.201441930834470987e-05
-9.166727221142040305e-01 8.262275209039036863e-05
-9.165251254306771012e-01 8.316034894460397548e-05
-9.153274492888103797e-01 6.457161378021605337e-05
-9.148537625168333687e-01 7.926844060872044874e-05
-9.144867267085103890e-01 7.289724520883051186e-05
-9.131653461927996540e-01 8.257826893221844862e-05
-9.131354107184668223e-01 9.789264124392998880e-05
-9.119589192228069185e-01 9.617608594440844568e-05
-9.117833113808839762e-01 8.162926718152337981e-05
-9.101718666632798715e-01 8.481696418662726335e-05
-9.100179946086931482e-01 9.205548906777377227e-05
-9.098701524849845956e-01 2.073643890595832989e-04
-9.094332902164509180e-01 7.850126325910529706e-05
-9.093657047644775338e-01 7.336016150527246917e-05
-9.087931348333603276e-01 1.106476293042784465e-04
-9.072262490101945520e-01 7.949603163953411792e-05
-9.065550045746318952e-01 7.047101875462344768e-05
-9.064508971705168561e-01 7.583495039177289552e-05
-9.044808594936853963e-01 8.867630761020104020e-05
-9.043027861935863942e-01 8.758098899331867571e-05
-9.039087096513307440e-01 8.009982690855835718e-05
-9.024884526990579747e-01 9.621370615922235977e-05
-9.019246872660480197e-01 1.270583423705484586e-04
-9.011615774323895600e-01 8.759699215899408779e-05
-9.010580808170154388e-01 7.589402524598633389e-05
-9.008889167228154582e-01 7.528940025718960569e-05
-8.999769338059578905e-01 8.325058136873336430e-05
-8.991551155349093438e-01 9.590755695296207723e-05
-8.982930088913599898e-01 8.317034711177437366e-05
-8.972953053065586548e-01 8.455305633853339535e-05
-8.972671849399711519e-01 1.124989419521655654e-04
-8.965940999504404818e-01 9.635194451717399950e-05
-8.965636409243837868e-01 7.460545260887893224e-05
-8.965302618416520763e-01 1.114801464435502759e-04
-8.955185993892275098e-01 8.570521135684635184e-05
-8.946661293343655119e-01 1.055876633654111900e-04
-8.944481071505296921e-01 8.411855941740337497e-05
-8.935122282548193517e-01 8.927894147822295929e-05
-8.924317954878485670e-01 8.177917695083909038e-05
-8.922838741322701717e-01 8.714212192376713018e-05
-8.914817273207386039e-01 8.835482283755293756e-05
-8.908001933803035843e-01 1.064440433598700151e-04
-8.893236515815975407e-01 8.544409483217607843e-05
-8.891601679334762975e-01 8.937486594155115969e-05
-8.887903583034744148e-01 8.960026198586976186e-05
-8.885942185018382844e-01 8.245163898988391448e-05
-8.871226318206829609e-01 8.492487502169765250e-05
-8.868375883977474006e-01 7.930647989063392038e-05
-8.864293142619310562e-01 1.024492192157456480e-04
-8.862583889068552656e-01 1.016847554109010795e-04
-8.840044307226229137e-01 8.974598797533895234e-05
-8.834909283377007094e-01 9.820768818422782843e-05
-8.819915738649121151e-01 1.064044523963745864e-04
-8.801926288480727001e-01 1.090125332462946336e-04
-8.800299204645488649e-01 7.589909082991910642e-05
-8.799407166955554027e-01 1.078167105071030346e-04
-8.798596361134977117e-01 1.165327849625393198e-04
-8.794962950062832352e-01 1.108174308833752237e-04
-8.793987392675014503e-01 9.123168512779746637e-05
-8.792447295372692873e-01 9.106355455128956500e-05
-8.772720546959411614e-01 9.463686658325554623e-05
-8.755255451833393598e-01 8.755228777551792474e-05
-8.751481264388987213e-01 1.014183013761100187e-04
-8.744530973845828781e-01 9.572909775473130260e-05
-8.743877926607857010e-01 1.518120134721285533e-04
-8.731898372392066232e-01 1.139323902764545520e-04
-8.728855657788802125e-01 9.097098801716025133e-05
-8.725776550994532865e-01 7.518288403185753696e-05
-8.715467329046234779e-01 9.367688538548721831e-05
-8.714977486438246768e-01 1.066310635315646555e-04
-8.713088386103170491e-01 1.153252008664906882e-04
-8.711609739881500669e-01 7.211440188009266147e-05
-8.711283606371493793e-01 1.051894666388325945e-04
-8.710969102541505915e-01 8.565217468469741105e-05
-8.699711672894669956e-01 1.182874830266073468e-04
-8.698377640605445826e-01 1.307816181722847981e-04
-8.687244834809050298e-01 1.087373503468527786e-04
-8.682152073158768690e-01 1.010395379063617116e-04
-8.679033358416234911e-01 1.023854884732382204e-04
-8.675830888961848508e-01 9.897715468779417429e-05
-8.664265492201397301e-01 9.124193352023182203e-05
-8.663034609434698829e-01 1.386399781693656817e-04
-8.650575904181450060e-01 9.893966375480564470e-05
-8.647648753804970667e-01 1.078455382439098457e-04
-8.638812102691963979e-01 8.668429578520608708e-05
-8.619212915076382986e-01 1.288377530902120444e-04
-8.602311427634367069e-01 9.666274990307970050e-05
-8.600213590979491896e-01 7.537133074545139273e-05
-8.592045951238089785e-01 1.302480705327436984e-04
-8.588602105358429384e-01 1.253590080235907338e-04
-8.585362290390045059e-01 9.176714255950447509e-05
-8.584674124187519073e-01 9.687546519982574689e-05
-8.579990881161515537e-01 1.224474751310790409e-04
-8.571064313752528863e-01 9.948331745352167717e-05
-8.570847002999101294e-01 7.893863225770899250e-05
-8.569435709493881115e-01 8.992987823223919618e-05
-8.568369738258430068e-01 9.717047591659583880e-05
-8.562267749068124267e-01 9.766968039423731915e-05
-8.557271215671364839e-01 9.701013029943655875e-05
-8.555529706852679217e-01 9.086239519898765555e-05
-8.553809907303714377e-01 9.059811177904203872e-05
-8.530624932121794179e-01 8.728327754587095417e-05
-8.527396922967459547e-01 8.006432693702119523e-05
-8.523517586985475125e-01 9.456859950510496235e-05
-8.514344537469867857e-01 1.160959669871674009e-04
-8.507173625774030468e-01 8.678578181392535647e-05
-8.504873366345966357e-01 1.736417279773895105e-04
-8.499872832539410172e-01 9.775321033101987795e-05
-8.497688884637323303e-01 9.543710953833929708e-05
-8.489373498561972875e-01 1.082792605956750011e-04
-8.488873687670658308e-01 1.094537846016912179e-04
-8.474261507994860221e-01 8.791403112125662585e-05
-8.467197493945034514e-01 1.070772748892765753e-04
-8.464140181584912659e-01 1.082605559052914008e-04
-8.462496458860063742e-01 1.235715226010618447e-04
-8.447394382056464535e-01 1.326807125717713201e-04
-8.445020428954657099e-01 1.061036253370912017e-04
-8.436678974914548768e-01 1.006992010846313469e-04
-8.435384503505433118e-01 1.058180353069209159e-04
-8.434810545713147256e-01 1.006650970007504217e-04
-8.431997793010314046e-01 1.180502929116218337e-04
-8.409822838129953348e-01 1.268293821346374792e-04
-8.401053097731647767e-01 1.045268152511530661e-04
-8.392082382146255348e-01 1.166177386476629845e-04
-8.389089771148755537e-01 1.250790185806658413e-04
-8.387030468315597176e-01 9.726163740795350210e-05
-8.374723381520751131e-01 1.284438761944600076e-04
-8.367815992010892989e-01 8.764756800537233357e-05
-8.365034972655874812e-01 8.407689106004778180e-05
-8.360930051070588620e-01 1.240596119420705155e-04
-8.359376781589330507e-01 1.022224637051939917e-04
-8.338970159383350955e-01 9.127136000671423252e-05
-8.337050350512870134e-01 1.503290234624051315e-04
-8.333936068549209208e-01 1.043269879099232905e-04
-8.333773711499856685e-01 8.838478076727429187e-05
-8.332139829475914139e-01 1.103480111411441541e-04
-8.322389105949081767e-01 1.158479061213696593e-04
-8.303220740006769240e-01 1.445506647190804685e-04
-8.286900431857147087e-01 1.100519615969447376e-04
-8.277259119926032582e-01 1.071900801980259498e-04
-8.275473796015587746e-01 1.069842497876251450e-04
-8.266092509315938752e-01 1.278709564785250792e-04
-8.264097214654022583e-01 9.493085963969818475e-05
-8.263881609359547964e-01 9.317838346500845268e-05
-8.254336397566849337e-01 9.301876402763186076e-05
-8.247791621165886378e-01 9.043186015574528416e-05
-8.246604509715007580e-01 1.408254094712832634e-04
-8.243254627723196615e-01 1.966477857003313913e-04
-8.237435323644926033e-01 1.029637490906770985e-04
-8.228107248824071407e-01 1.193802131701330335e-04
-8.227083369711744032e-01 9.659792253984231269e-05
-8.222103060222416548e-01 1.128128326022046732e-04
-8.217877623659188835e-01 1.168609278661524037e-04
-8.212959809154318780e-01 1.104336368556189994e-04
-8.212507215588665810e-01 9.938341110916261586e-05
-8.212183779080584056e-01 8.712555973699953810e-05
-8.200890767134454418e-01 1.209515321818403451e-04
-8.190784507699714334e-01 1.045984751744952819e-04
-8.189768286474626846e-01 1.052413586741214542e-04
-8.188900742751753503e-01 1.206042468877217052e-04
-8.186175309418152191e-01 1.035928253930790463e-04
-8.184806938307580548e-01 1.109866052241710702e-04
-8.175218711593201792e-01 8.244115941384988348e-05
-8.174805442854521376e-01 1.313823582952068007e-04
-8.160977696321563002e-01 1.207724912659706678e-04
-8.159516810709621648e-01 1.076887367654277497e-04
-8.139175232782923652e-01 1.024291927962275552e-04
-8.135334884774417796e-01 2.256656484891055156e-04
-8.131233552690863009e-01 9.088647923696766581e-05
-8.129665849767579999e-01 9.742811698705067854e-05
-8.125210749529293563e-01 1.034796211394607647e-04
-8.121633055939680990e-01 1.015695839404068957e-04
-8.113604765888889903e-01 1.051619456635544944e-04
-8.112626767288878549e-01 9.762850537151654753e-05
-8.106055983476183613e-01 8.903184059536059318e-05
-8.103840789145281276e-01 8.387788606542572649e-05
-8.101699674879990765e-01 1.067515284633623664e-04
-8.100329075523823308e-01 1.024869405038378626e-04
-8.098275133345265164e-01 1.203182681894302268e-04
-8.098125471677856124e-01 8.714194134958900206e-05
-8.096238277060789912e-01 1.237418466483351733e-04
-8.075024480287535944e-01 9.357040983290143489e-05
-8.074977150524766945e-01 1.098670080469467728e-04
-8.068957218620109728e-01 1.051714086248081709e-04
-8.066303201545174106e-01 1.159560449284307936e-04
-8.061563377536995478e-01 1.079360121891216107e-04
-8.048268172534588372e-01 1.233901183435712667e-04
-8.048262390234784958e-01 1.452104190702832500e-04
-8.047559953622970275e-01 1.216406637271038845e-04
-8.045239457755596346e-01 9.656498955015658419e-05
-8.043150678164182610e-01 1.046352533194047223e-04
-8.023278071846776660e-01 1.017408396070302071e-04
-8.020612597218060857e-01 1.130932498881761741e-04
-8.016729301158360688e-01 1.377306604976639656e-04
-8.014407405341213986e-01 8.878481299166626609e-05
-8.014261501502255580e-01 1.043804600495620036e-04
-8.006775666285206317e-01 1.451824632653221474e-04
-8.002815739241569970e-01 1.026790714146382519e-04
-8.001547432533004933e-01 1.461136486160510210e-04
-7.998023988227047631e-01 1.239980860635505201e-04
-7.992703270837278051e-01 9.545571260716567241e-05
-7.986154375197026534e-01 1.085217631696291631e-04
-7.981644973771471196e-01 9.565502941628564217e-05
-7.979230998242725637e-01 1.045707020285128200e-04
-7.968309175098612362e-01 1.117423006061657480e-04
-7.968193425836167521e-01 1.121344543779974882e-04
-7.967797160459827444e-01 1.109987576624936137e-04
-7.967618086653912579e-01 9.388191741916890386e-05
-7.963723295957367831e-01 1.249303659269832521e-04
-7.962200126865920380e-01 1.253394361518519941e-04
-7.960845758112081727e-01 1.089646809040056055e-04
-7.960548392490972569e-01 1.220764272737345833e-04
-7.957946812152157934e-01 8.514526020882697769e-05
-7.946554019264852053e-01 1.267962856154431991e-04
-7.938570558028519297e-01 1.454902042044140843e-04
-7.935870092331102077e-01 1.020200012911261304e-04
-7.932312182188713257e-01 1.302980207772045469e-04
-7.930313322703830270e-01 9.947079708784029300e-05
-7.929037094800178709e-01 1.180411322091911219e-04
-7.928391822922900012e-01 1.222941896032457337e-04
-7.917698894827174261e-01 8.722431243627448781e-05
-7.915265881186757113e-01 1.291298428770736549e-04
-7.913422526832962767e-01 1.196001727429123207e-04
-7.905293142383085225e-01 1.124883722917450373e-04
-7.898964706578824879e-01 9.846082907209842492e-05
-7.897998777784307478e-01 9.108518024692801912e-05
-7.894711795408793087e-01 1.109334538607467181e-04
-7.886591837827421347e-01 9.695702440419753509e-05
-7.878934526168857033e-01 1.161658528071034285e-04
-7.876971704475504987e-01 1.125430333798761842e-04
-7.873173607856368550e-01 1.461781303174689559e-04
-7.871439681985150649e-01 1.288568849836227892e-04
-7.860930716525470485e-01 1.393151060124333054e-04
-7.860161221094659201e-01 1.171830173074118168e-04
-7.856401583098449048e-01 1.106156382271916607e-04
-7.846958232268277378e-01 1.553471495458878685e-04
-7.843587279311793337e-01 1.181078023807612928e-04
-7.841065022790086880e-01 1.147761098178209070e-04
-7.829283612056048280e-01 1.261853611926919247e-04
-7.828562800197422789e-01 9.784618565649474660e-05
-7.828325677413594530e-01 9.982392058351569107e-05
-7.821947060610536795e-01 1.042474026984516856e-04
-7.809187994482775785e-01 1.173732277943997872e-04
-7.806947311433958259e-01 1.881232332565100827e-04
-7.804037907549032926e-01 1.167196619548360162e-04
-7.803761534922060150e-01 1.070531019474387787e-04
-7.802751305318538222e-01 1.198366025397647010e-04
-7.776893397074965408e-01 1.111607423377607466e-04
-7.774259130711441701e-01 1.203660590038735975e-04
-7.766728834214975397e-01 1.021914134494696319e-04
-7.761902353264785726e-01 1.032742917537044077e-04
-7.757808738747103972e-01 9.542019313186001005e-05
-7.755527065969443079e-01 1.200113118263365349e-04
-7.745506048640871111e-01 1.199689241021736354e-04
-7.742780341851434045e-01 9.832130016300768584e-05
-7.735501585231409072e-01 1.211745811325837615e-04
-7.729725974076606665e-01 1.056745371205784339e-04
-7.727365771549735696e-01 1.053572638874150945e-04
-7.721295632434725942e-01 1.303055030228926741e-04
-7.716984122340421193e-01 1.218528829305028918e-04
-7.716963103546654601e-01 1.405663295128535355e-04
-7.698232222858223395e-01 9.882559724334884189e-05
-7.693420458747622925e-01 1.251822242589070125e-04
-7.660731890923362375e-01 1.052101018161306581e-04
-7.660461146310674208e-01 1.360699920261185334e-04
-7.658685581760215078e-01 1.195118232816737248e-04
-7.651945463167366679e-01 1.784187439602487508e-04
-7.647533925172792513e-01 1.065923750749269805e-04
-7.647133175923939152e-01 1.090803134691164063e-04
-7.639748986565113587e-01 1.256552002857288814e-04
-7.634852453370396530e-01 1.100575937863890159e-04
-7.627896150340357506e-01 9.775259382664060605e-05
-7.619695533709944790e-01 1.114517698640602519e-04
-7.607150998207431458e-01 1.403289166280442487e-04
-7.606433625391555431e-01 1.146882258367540525e-04
-7.606116184309227313e-01 1.268956149753425655e-04
-7.603464182924204451e-01 1.612175731207415505e-04
-7.602772577676797372e-01 1.234145750386804582e-04
-7.601427611527881156e-01 1.204542896412345626e-04
-7.595949292702864897e-01 1.240817248780994465e-04
-7.594153179420689570e-01 1.125692967032158962e-04
-7.577084673772241930e-01 1.467145919538097461e-04
-7.576076732223100407e-01 1.104236242416064005e-04
-7.573910756602063588e-01 1.187589323426446069e-04
-7.566308011849725013e-01 1.251420678741537687e-04
-7.565617279446964494e-01 1.448676143306407680e-04
-7.565256147155097199e-01 1.234967567358946346e-04
-7.562440253339729468e-01 1.100291198999698081e-04
-7.555179008100243454e-01 1.335340029598827043e-04
-7.547396491319026124e-01 1.261707317936681635e-04
-7.544713183916115229e-01 1.285735955776368133e-04
-7.542299879819901465e-01 1.126016614755993264e-04
-7.535950217620031033e-01 1.026078307487601364e-04
-7.518764177761704248e-01 1.214537672266368946e-04
-7.511695503788760053e-01 1.357212451779591495e-04
-7.499031848588858518e-01 1.103201277098556039e-04
-7.492416320544855735e-01 1.238710494320729983e-04
-7.489093905659709449e-01 1.106128872558669258e-04
-7.488101240464786201e-01 1.459516558485458946e-04
-7.483495468329679490e-01 1.332274690253290226e-04
-7.481908929619097703e-01 1.187394122416799227e-04
-7.479417925980209603e-01 1.096178379270949831e-04
-7.470385028781452164e-01 1.506359771643521841e-04
-7.469330994549402414e-01 1.152687821947267225e-04
-7.442262280314401179e-01 1.588216685602713153e-04
-7.441970886533787466e-01 1.430372717463759369e-04
-7.441488972577097183e-01 1.905842747515823965e-04
-7.435736856365410263e-01 9.631179739036377363e-05
-7.432163229573707230e-01 1.386232004395167544e-04
-7.424400252836399483e-01 1.732616164393082562e-04
-7.423214533335399379e-01 1.355919872100081413e-04
-7.419413799285882183e-01 1.177979969826007349e-04
-7.414950804883415625e-01 1.318361906825301255e-04
-7.412930968573374635e-01 1.399724128994455719e-04
-7.402691766876305923e-01 1.363247616840362962e-04
-7.401746333169982872e-01 1.295813064899502048e-04
-7.389543800567484055e-01 1.542142039816175782e-04
-7.387839372396294291e-01 1.339311810656663147e-04
-7.387808881347843748e-01 1.501527565977215349e-04
-7.378073172486925291e-01 1.298946293912723357e-04
-7.375906136292731397e-01 1.104213237491993838e-04
-7.362619299974807463e-01 1.453072316327638693e-04
-7.361264181984348287e-01 1.460051814594974615e-04
-7.347559946681091470e-01 1.288993398813159089e-04
-7.346924307184705683e-01 1.243445456024813267e-04
-7.345995003000247436e-01 1.164021153086672924e-04
-7.342001720769808504e-01 1.698384560077331295e-04
-7.341357677235129664e-01 1.563534192752898599e-04
-7.337113304036084749e-01 1.366976504293704613e-04
-7.334262389342182109e-01 1.205999429447107186e-04
-7.331856707604554879e-01 1.819552267573767935e-04
-7.330938338246594244e-01 1.323194672602774993e-04
-7.328879628717415162e-01 1.286551606050328881e-04
-7.328541220001498768e-01 1.597542150154060490e-04
-7.328436415995839281e-01 9.950302807534895677e-05
-7.318547865956740450e-01 1.509721816367097188e-04
-7.315362100556230818e-01 1.372587379487717166e-04
-7.312907986218207812e-01 1.365103405920793395e-04
-7.305511735696738063e-01 1.176753149983575717e-04
-7.302676304105059080e-01 1.603557978624142852e-04
-7.300789949250966471e-01 1.401385111429982538e-04
-7.299073855381800202e-01 1.384927105630597954e-04
-7.298097586757912314e-01 1.121615532392462839e-04
-7.297841471452826134e-01 1.951116605023673278e-04
-7.288770283584102838e-01 1.161239428186804670e-04
-7.287219610187617436e-01 1.357631353404746750e-04
-7.284006467940223883e-01 1.360446174995682026e-04
-7.272278975887747077e-01 1.912133133282458905e-04
-7.271873436896718612e-01 1.525749954495138002e-04
-7.271640749313532659e-01 1.563115241625139993e-04
-7.271252934324029527e-01 1.201702990198101297e-04
-7.265037538853315047e-01 1.197363690380297697e-04
-7.254341218400349733e-01 1.645116989499743659e-04
-7.252885845752914395e-01 1.348431603958973794e-04
-7.249928734553351406e-01 1.454148545360476230e-04
-7.245915516549987778e-01 2.318927687653557989e-04
-7.237773804507411368e-01 1.185638021941375563e-04
-7.234952579848628051e-01 1.444722029697859253e-04
-7.233980986904096078e-01 1.737449214129109314e-04
-7.226656754104697766e-01 1.234411800664063515e-04
-7.221546684902684365e-01 1.219232673779553389e-04
-7.219406888804625888e-01 1.403514199068249264e-04
-7.218847905142836696e-01 1.381460322917456545e-04
-7.217097063167456916e-01 1.475360368554075655e-04
-7.217024528879165679e-01 1.391246837573308298e-04
-7.216423332493100418e-01 1.825779580724702460e-04
-7.204475488613216738e-01 1.441891668390899047e-04
-7.201409842856908439e-01 1.799029231354101136e-04
-7.198106648889980308e-01 1.170706725922667012e-04
-7.197723506437236907e-01 1.194003519414014390e-04
-7.185248494453891910e-01 1.259901923285860592e-04
-7.182395556763631062e-01 1.558259418561130461e-04
-7.171580250991501648e-01 1.132880444414985940e-04
-7.166608584719956765e-01 1.860871093072076900e-04
-7.162563364223206719e-01 1.432267224048094890e-04
-7.162380252077154008e-01 1.596002426030189219e-04
-7.159927597590021175e-01 1.119996023857832459e-04
-7.148402087672819372e-01 2.045789564723147808e-04
-7.147764347821067288e-01 1.196610793598569208e-04
-7.145099988223958531e-01 1.297123391885320596e-04
-7.142429231793329114e-01 1.167897658840807610e-04
-7.122113515345399604e-01 1.606866145995327515e-04
-7.112430254759106729e-01 1.366325052231186059e-04
-7.111916544543491758e-01 1.275167463661538482e-04
-7.109213380886104661e-01 1.213790417432499609e-04
-7.086903293849871055e-01 1.541104126885198863e-04
-7.085150334555703200e-01 1.546997369342686035e-04
-7.080416394857678153e-01 1.034839754347406416e-04
-7.072592791113286870e-01 1.841287329783895007e-04
-7.063473108525559763e-01 2.227912296546810027e-04
-7.062172743359704796e-01 1.883071565296784314e-04
-7.054193020496841715e-01 1.623272432512139370e-04
-7.052083080279301086e-01 1.153890453795850749e-04
-7.050950642571940374e-01 1.237338074716615318e-04
-7.042470558091326049e-01 1.168835919578735193e-04
-7.037169525951684212e-01 1.355500229144687317e-04
-7.022506291765431286e-01 1.424702657278601359e-04
-7.017557085738076461e-01 1.205963880137376581e-04
-7.017107215560349776e-01 1.517280985130771258e-04
-7.016106067018433867e-01 1.067497308191997301e-04
-7.005752907100148974e-01 1.243090290773800084e-04
-6.993337485240406215e-01 1.027205106048091588e-04
-6.989396714615796480e-01 1.540279626665857636e-04
-6.989320651597826783e-01 1.850993363046914359e-04
-6.987210027084966857e-01 1.389541909540441874e-04
-6.982945944037061148e-01 1.328261769043494916e-04
-6.973802107493144442e-01 1.229279491556336981e-04
-6.973387528934092972e-01 1.582298054093203652e-04
-6.972624999048889771e-01 1.430870367530494638e-04
-6.970953056531535852e-01 1.422122777376626343e-04
-6.968164913409364836e-01 1.596536026555867005e-04
-6.967821516216186062e-01 1.386704531392800310e-04
-6.957814396987885841e-01 1.727678158376845670e-04
-6.951163101195309002e-01 1.431772395522402149e-04
-6.947765591601678947e-01 9.770594886725781085e-05
-6.946576841868277175e-01 3.846098123988092522e-04
-6.945675216410327479e-01 1.475038138952682932e-04
-6.941789353475431579e-01 1.404617806928571853e-04
-6.939888818667470094e-01 1.280543887258533498e-04
-6.932634855325665590e-01 1.170554527581652791e-04
-6.928469114520227068e-01 1.231777091641168376e-04
-6.923112874814981721e-01 1.241384213230302392e-04
-6.913552697422773452e-01 1.844051386121584610e-04
-6.905725114947953713e-01 1.431951598513231372e-04
-6.904349876701896260e-01 1.377601626105754860e-04
-6.896633427904662605e-01 1.276157537629667876e-04
-6.894805490330691011e-01 1.163513536221775585e-04
-6.888218648711248449e-01 1.328694764472297370e-04
-6.884670232416307822e-01 1.553441188403412632e-04
-6.875387711424332249e-01 1.545221827948158326e-04
-6.859821379849468936e-01 1.475323144846709940e-04
-6.855777851164309711e-01 1.187471785655104344e-04
-6.854582894010488037e-01 1.347070136464136665e-04
-6.852998722002129339e-01 1.464547416452763784e-04
-6.851568182849920863e-01 1.197500232585943882e-04
-6.841124201666671789e-01 1.373056629591745648e-04
-6.840962247784265760e-01 1.765728931274927554e-04
-6.840137794167869822e-01 1.415931945283200721e-04
-6.834604832487464199e-01 1.530875273681633463e-04
-6.833392453549177459e-01 1.230198260995794585e-04
-6.832937962737627435e-01 6.312295248326880211e-04
-6.830533923472912328e-01 1.793836947372394171e-04
-6.823624895590097994e-01 2.872686528475688937e-04
-6.823043649922075904e-01 1.343999398354956407e-04
-6.817017789968126129e-01 1.401215912740261824e-04
-6.812112754633113942e-01 1.799800220146696229e-04
-6.801208326987581154e-01 1.745321789719292654e-04
-6.798375173508856006e-01 1.746311896861029139e-04
-6.786661225496961602e-01 1.487080133905317931e-04
-6.769958590419486999e-01 1.562793853341146860e-04
-6.768653590149420474e-01 1.302199252264353915e-04
-6.756791695250267127e-01 1.515493053651814192e-04
-6.753895885986945791e-01 1.324213177175096346e-04
-6.751560826572250429e-01 1.414331685872754867e-04
-6.738597875134400006e-01 1.398551069297590283e-04
-6.729789402403363319e-01 1.712623950657413119e-04
-6.723555392023987665e-01 1.519753353850309394e-04
-6.722250617932761241e-01 1.343052683643193828e-04
-6.721723997611376289e-01 1.687903604611919975e-04
-6.720731050538313323e-01 1.202956075531689200e-04
-6.718611461162423693e-01 1.205185335873798611e-04
-6.717585059333305297e-01 1.412293725496276890e-04
-6.709975091991727814e-01 1.829791707433700966e-04
-6.705517202850337366e-01 1.519682258114394180e-04
-6.683411006929772524e-01 1.664539485032627488e-04
-6.679178597806976203e-01 1.319809172485527672e-04
-6.674525764707509579e-01 1.335136136438639742e-04
-6.673350704294809255e-01 1.172008376882744621e-04
-6.670232083389191491e-01 1.360868056980958033e-04
-6.668524688096778563e-01 1.567871821863631924e-04
-6.649729035585829617e-01 1.449454370013343184e-04
-6.642684064404751343e-01 1.653075664491758219e-04
-6.641463123191105877e-01 1.404435888056311207e-04
-6.633052732930829753e-01 1.318913335398599581e-04
-6.631091331356471219e-01 1.638900138063769990e-04
-6.626387999928776695e-01 1.691052103609533080e-04
-6.621739771922627860e-01 1.725884714657694417e-04
-6.621331634268199373e-01 2.206207426155986924e-04
-6.617681025359796188e-01 1.752808534708654754e-04
-6.608045993856525024e-01 1.433027588289186645e-04
-6.606739493050421963e-01 1.941135168102158686e-04
-6.605864646272362473e-01 1.339144883746933663e-04
-6.603841597189095136e-01 1.261202831301245348e-04
-6.600894161757316914e-01 1.685216958361267637e-04
-6.594637807262704321e-01 1.380630170366057782e-04
-6.585123184407415398e-01 1.260894672909781207e-04
-6.577392166577090693e-01 2.599819311300721920e-04
-6.576070703638614567e-01 1.359015887513084059e-04
-6.572949886988465051e-01 2.022461211444725202e-04
-6.561122141809430097e-01 1.284372532776349664e-04
-6.560824147942780904e-01 1.979579657503575756e-04
-6.559599681040110264e-01 1.812189355160421275e-04
-6.551389926411492759e-01 2.245819337241627500e-04
-6.543970938153512718e-01 1.680208870351986375e-04
-6.542134064674852700e-01 1.105799196746572839e-04
-6.539415005870029551e-01 2.188398965798215039e-04
-6.538972265492516422e-01 1.543335468734757180e-04
-6.531609019418297413e-01 1.310978732450568808e-04
-6.530506457827240929e-01 1.765948282508732919e-04
-6.524483459463141788e-01 1.681793894236701130e-04
-6.519829980578093487e-01 1.386240117617785963e-04
-6.508500982720168970e-01 1.972023105385416588e-04
-6.504940724914868300e-01 1.577028702727523428e-04
-6.502618744024292186e-01 1.393447956493466594e-04
-6.502468921268061974e-01 1.861150541665452889e-04
-6.493601762675174083e-01 1.552444022039756839e-04
-6.480921051804153787e-01 2.021747566927608111e-04
-6.479791259999453379e-01 1.277285104824766237e-04
-6.476341064497549427e-01 1.712916932984163271e-04
-6.466502155699432874e-01 2.027757681646355883e-04
-6.461721604508906536e-01 1.192702035797238674e-04
-6.458799344382682994e-01 1.199068832989976793e-04
-6.451010006866068069e-01 1.483572001707550555e-04
-6.450345131835492074e-01 1.666955718782312554e-04
-6.448189866908705659e-01 1.734895060667183758e-04
-6.440381426425041411e-01 2.803208593256876200e-04
-6.440064813871895222e-01 1.621832136480985231e-04
-6.438412099696596558e-01 1.435224132800570534e-04
-6.436487134179716962e-01 1.606989312321360254e-04
-6.433555694524504265e-01 1.362940069981816225e-04
-6.433525377925092270e-01 2.000339392236082168e-04
-6.428456165553334545e-01 1.449158755100820120e-04
-6.428434170134658121e-01 1.463810759108508271e-04
-6.420936974817711418e-01 1.601366804183115237e-04
-6.420493579035175813e-01 1.861646788596116743e-04
-6.418134045367771545e-01 1.285857831946665263e-04
-6.417004081377656322e-01 1.770878554457809236e-04
-6.413315849689585901e-01 2.442002174631063599e-04
-6.406947892669976330e-01 1.622618472422318267e-04
-6.403185461869485007e-01 2.020223321790885415e-04
-6.400811184407115828e-01 1.496526817978510965e-04
-6.394428720483398276e-01 2.353018066360502611e-04
-6.392982393832333798e-01 1.958977751183928629e-04
-6.387357602575810533e-01 1.844072218631886940e-04
-6.382998390147016643e-01 1.316251972572992409e-04
-6.382362391926620360e-01 1.518804946887797563e-04
-6.376809976530031232e-01 1.511289980311948450e-04
-6.372756046164060884e-01 2.279610515572964044e-04
-6.369907424801160012e-01 1.508052739278560963e-04
-6.365439592832579097e-01 1.708282259702147198e-04
-6.364887091187020340e-01 2.165272729524176894e-04
-6.363050751700550789e-01 1.840708481664748704e-04
-6.345094146621006459e-01 1.476237214322408977e-04
-6.327778293721579850e-01 1.253317493823608085e-04
-6.324024626620955436e-01 2.051767363754310387e-04
-6.317180055100647396e-01 1.463127408993415300e-04
-6.315739161026432402e-01 1.700350196588634255e-04
-6.306568343794500819e-01 1.696876307839339734e-04
-6.298259049897894091e-01 1.304642691596418435e-04
-6.295959422073548195e-01 1.760129048094380888e-04
-6.281017902136417641e-01 1.826308462995250657e-04
-6.262033582186534719e-01 1.650025401133368714e-04
-6.261491929739050333e-01 2.390115586720039688e-04
-6.248103785030759694e-01 1.850508102652870745e-04
-6.247175336502197585e-01 1.731800762423953914e-04
-6.245136730996132535e-01 1.407948264887869897e-04
-6.243593630374345560e-01 1.437771253597359814e-04
-6.241188664754134807e-01 1.533443080698898575e-04
-6.240763830900072362e-01 1.458133215650906712e-04
-6.239785148384425773e-01 1.515662214573821958e-04
-6.235150717946006393e-01 1.545752117956916108e-04
-6.234467190114448831e-01 1.636015560606192702e-04
-6.234184694349284017e-01 2.391311484236395741e-04
-6.225389585471939879e-01 1.758756475313981633e-04
-6.217057376930622548e-01 1.951357846897261547e-04
-6.215206273535390791e-01 1.702382037545063689e-04
-6.210926066666393464e-01 1.452768343539674633e-04
-6.210838952772074206e-01 1.590183900842325219e-04
-6.209679776921909200e-01 1.557727342684925916e-04
-6.206088185696593262e-01 1.482817049608984390e-04
-6.199845680106811363e-01 1.749708887482137902e-04
-6.198139608956231283e-01 1.819017783159996952e-04
-6.196864922439027090e-01 1.354946316955731836e-04
-6.196654953358158302e-01 2.931823936422357909e-04
-6.194576614642369750e-01 1.591994690677491658e-04
-6.192759322985664783e-01 1.607962135629080773e-04
-6.179071543171276160e-01 1.785489927766047114e-04
-6.178936493961808551e-01 1.608792856489646081e-04
-6.176151173714978793e-01 2.169418669656789436e-04
-6.172633978810633248e-01 2.126153034256914021e-04
-6.170400283652276441e-01 1.480879322927608206e-04
-6.165570936150748249e-01 2.606213968449344067e-04
-6.158437712448193713e-01 1.567755729323409494e-04
-6.142997086905283011e-01 1.514081540295276150e-04
-6.139501225286877473e-01 1.363846477172982001e-04
-6.137698595078585617e-01 1.589815507429493617e-04
-6.130709560369224098e-01 3.007759434893518915e-04
-6.129166367522324022e-01 1.741911483309628551e-04
-6.125700626434881224e-01 1.567010535803233678e-04
-6.123804138435646749e-01 1.583648047152159618e-04
-6.117620830342684890e-01 2.175985850892343581e-04
-6.117555204173447114e-01 1.444416678256563830e-04
-6.117382948829810374e-01 1.519676485926105584e-04
-6.113438147940881695e-01 1.722219588608380771e-04
-6.109527579775496653e-01 2.110643298757909462e-04
-6.109329333296501519e-01 1.413651485366282682e-04
-6.108201780456784524e-01 2.738551906287038347e-04
-6.101951490240847820e-01 1.714933470698379770e-04
-6.099631237436282660e-01 2.493454921484740384e-04
-6.091066173184327415e-01 1.894519636049561760e-04
-6.090636099909984003e-01 1.652238011441041141e-04
-6.083989124967796869e-01 1.593459723619702114e-04
-6.075952298204224666e-01 1.816364809633838596e-04
-6.064528540582455607e-01 3.253447963654822737e-04
-6.056567515761478449e-01 3.465530058602066753e-04
-6.056230463414704612e-01 2.762656995291433632e-04
-6.054371202278604480e-01 1.567285827831393138e-04
-6.052869215152534288e-01 1.633169119538978070e-04
-6.040177019344937781e-01 1.464002786457194345e-04
-6.033284560364993165e-01 1.416840235289613524e-04
-6.025122077911415630e-01 2.073367879238137814e-04
-6.019673415104933589e-01 2.099665363097022572e-04
-6.008231238020174114e-01 1.662510879624481887e-04
-6.006889921368363527e-01 1.655376580318777097e-04
-6.006744893783318995e-01 1.867585644025205997e-04
-5.993909189408116456e-01 1.926062585717490058e-04
-5.986801196968979388e-01 1.405795942326852990e-04
-5.985500409236305108e-01 1.818551665784963846e-04
-5.980724609044956175e-01 3.248898839204684215e-04
-5.972034986803946843e-01 1.430044125865806382e-04
-5.971748070307711931e-01 1.625988637564069117e-04
-5.968094782853192726e-01 1.413345040214406987e-04
-5.967843425137121516e-01 2.216578010185450546e-04
-5.963774039958680273e-01 1.737031780740752747e-04
-5.958414820154183111e-01 1.999348302529791875e-04
-5.936053235704242814e-01 1.542378730314372030e-04
-5.931842860169079801e-01 1.597563959978829968e-04
-5.931687266307030804e-01 1.714242287856763210e-04
-5.925145255408325040e-01 1.859824972730862974e-04
-5.923096623669026339e-01 1.847930528015998615e-04
-5.922557583788239377e-01 1.345595471596276618e-04
-5.921855101398827426e-01 1.700683699163200947e-04
-5.916067428451023957e-01 1.462730263457630146e-04
-5.905475033973185406e-01 2.112768290994435202e-04
-5.904095913643188087e-01 1.505114391847921403e-04
-5.901947751815439513e-01 1.812074276114362655e-04
-5.894693444325344034e-01 1.278791666965408346e-04
-5.890709241594705992e-01 2.106211522769766201e-04
-5.890366746464031911e-01 1.740672427767001095e-04
-5.882053286071547982e-01 2.112023870706681216e-04
-5.881822598465562546e-01 1.694370406948610120e-04
-5.880058688590013016e-01 1.738537416098262468e-04
-5.876054202503179225e-01 1.553226300815826132e-04
-5.868290536415556868e-01 2.424987459411492982e-04
-5.868188254038114726e-01 1.632125453984388226e-04
-5.856475401751071175e-01 2.198380883977911536e-04
-5.849838804051593621e-01 1.608980436658539765e-04
-5.849244307042624769e-01 1.832525874201683478e-04
-5.845501107243230576e-01 2.068776215134493263e-04
-5.845007541394054984e-01 1.983071062501580559e-04
-5.832788360164664621e-01 1.594141860010924328e-04
-5.832043283041783432e-01 2.237944435586750112e-04
-5.830842130202212870e-01 1.926139785083777933e-04
-5.829703344441382606e-01 1.807548210957492111e-04
-5.829086740865989658e-01 1.716299048631350968e-04
-5.826022788045812639e-01 1.553948919319911250e-04
-5.815942226024959361e-01 2.669522753487042744e-04
-5.810720806265018412e-01 2.019284711686137636e-04
-5.791292931032571145e-01 1.607018393915817325e-04
-5.782912117222384074e-01 1.773156186862277566e-04
-5.778776428613853211e-01 2.562472140700572279e-04
-5.778128822019189537e-01 3.701025866823908481e-04
-5.771534115283859512e-01 1.798987450557850570e-04
-5.768445418872371055e-01 1.572140912730463070e-04
-5.760626206782937242e-01 1.694102274760247442e-04
-5.759999970936652280e-01 1.792423685742716645e-04
-5.752318603080750492e-01 2.140288762630616003e-04
-5.750664401532669112e-01 1.246967621499316939e-04
-5.745319557940111732e-01 1.433612733789811264e-04
-5.742373038117043471e-01 1.665923394643793428e-04
-5.738442742338131231e-01 3.513140297137155692e-04
-5.736093291719414067e-01 1.828702112135440123e-04
-5.731943583820234833e-01 1.765206519644113017e-04
-5.731165427029587534e-01 1.529105637934373625e-04
-5.728164670808483239e-01 1.488460965611642609e-04
-5.728092760992450350e-01 1.608845462300916756e-04
-5.728061261753839561e-01 2.227399635523910702e-04
-5.724274635365182995e-01 2.147837817052208377e-04
-5.719072651795508166e-01 2.001380764472942013e-04
-5.714857865906235457e-01 1.799055308287365775e-04
-5.710056046340489244e-01 1.343535503078951792e-04
-5.700589317926083588e-01 1.869312238156154446e-04
-5.697739831986030623e-01 2.412005926842475541e-04
-5.693126934573505826e-01 1.994439251808390794e-04
-5.689544051430918126e-01 2.047146412142464322e-04
-5.687337412271318282e-01 1.491612103866772404e-04
-5.679859507220137438e-01 2.356604243881562667e-04
-5.663366644355378732e-01 1.808930128507347764e-04
-5.659988205895450930e-01 1.687209193001546880e-04
-5.656212863088654341e-01 1.606356619801721855e-04
-5.644883134572452610e-01 2.349528015112243033e-04
-5.625932590347121343e-01 1.743867809666418403e-04
-5.620429869886648389e-01 2.091227631500142462e-04
-5.613726273550891932e-01 1.982181526951809676e-04
-5.611751608470717523e-01 1.657855811277829654e-04
-5.608754285791206495e-01 1.883235064016877062e-04
-5.606478733658120106e-01 1.988400891525328093e-04
-5.605057387948778613e-01 1.443975794342950531e-04
-5.605031151855889293e-01 1.821105081693588635e-04
-5.602996918957570127e-01 1.987231680901135390e-04
-5.602287829943681796e-01 1.917847908720821169e-04
-5.597924618008475184e-01 2.025737987583015531e-04
-5.594944423409812240e-01 1.732585695877721576e-04
-5.593403633580793510e-01 1.989384564788509600e-04
-5.583743786721957481e-01 1.927113328055230000e-04
-5.574079700701930484e-01 1.909975669810647331e-04
-5.573433795350986042e-01 1.778764920838892503e-04
-5.573131460540801108e-01 3.372207950856240754e-04
-5.572697226374021540e-01 1.448949140852342208e-04
-5.567816652425947588e-01 1.688674292400802553e-04
-5.564720318404803301e-01 1.759845583941169298e-04
-5.559525552293870243e-01 1.880710211952934272e-04
-5.557274635763975734e-01 3.510064752422545733e-04
-5.557094487468688948e-01 1.980831250307699923e-04
-5.550629408772655982e-01 1.570153477104283620e-04
-5.546453865226329549e-01 2.891507073660933881e-04
-5.532399111991300744e-01 1.681011796392258668e-04
-5.528422929307192923e-01 2.633270545293890826e-04
-5.526963982157989674e-01 2.132944810414676400e-04
-5.521359293546844738e-01 2.018026101097696208e-04
-5.516736327411815299e-01 2.559638834501028973e-04
-5.513838713967310623e-01 1.459145513775798506e-04
-5.507576412487080741e-01 2.724339079894806800e-04
-5.507030903167883240e-01 1.854804505645807821e-04
-5.502738833883329406e-01 1.876541766582389163e-04
-5.479330354668990877e-01 2.275090431771854122e-04
-5.477311067120655963e-01 4.350351786259925896e-04
-5.471341944705589988e-01 1.802854015926412209e-04
-5.467500692546674035e-01 2.074833104676371460e-04
-5.463675061095951691e-01 1.764326271480616396e-04
-5.452293356103070643e-01 1.791953057915699301e-04
-5.444966510081176159e-01 1.866768409227177576e-04
-5.444156249644394041e-01 3.195548009235764809e-04
-5.441741635989437720e-01 2.083908777215835403e-04
-5.441269465874775113e-01 1.623957344768341355e-04
-5.435594346167673674e-01 2.780729647172515352e-04
-5.424871179107282337e-01 2.276790475505602231e-04
-5.420120560738092008e-01 2.090427945932765610e-04
-5.414124565735690675e-01 2.062167075521404455e-04
-5.408765146194408624e-01 2.753891699213314699e-04
-5.403462485714950470e-01 2.407698663587473002e-04
-5.402035607401778350e-01 1.963094135765803790e-04
-5.395990580374843137e-01 1.744431961051853234e-04
-5.395182447080064669e-01 2.054871707453500077e-04
-5.394447891371442205e-01 1.918929627168168409e-04
-5.383888567419928828e-01 2.134361558027194207e-04
-5.367986328538295604e-01 1.604184157837692658e-04
-5.366827367447355446e-01 2.145780943614451080e-04
-5.364695365064751087e-01 2.338366365413407303e-04
-5.361927004805696617e-01 2.151818973226425668e-04
-5.354525574532617016e-01 1.844907049711815732e-04
-5.349343015209320207e-01 1.849349929213992233e-04
-5.348365701417550078e-01 1.507094739382024953e-04
-5.343187102538295985e-01 1.758333319049713839e-04
-5.343042525381580532e-01 2.003332894077212252e-04
-5.339225176376496407e-01 1.822298416185833166e-04
-5.337926284907622554e-01 2.163897042905510546e-04
-5.327287411910966997e-01 1.562655990790325793e-04
-5.325494197625104675e-01 1.700274922400998401e-04
-5.318026034331840846e-01 1.805852169283692359e-04
-5.309765443411256225e-01 1.672718160549953390e-04
-5.302386396866519691e-01 1.999967528502703525e-04
-5.297396144213483149e-01 2.294825002551081265e-04
-5.296645831924999825e-01 3.450263994431927825e-04
-5.296288008533099889e-01 1.980736329262149911e-04
-5.291468592625081513e-01 2.312655646432486365e-04
-5.283482481354450089e-01 3.181728867991895035e-04
-5.280571510859728424e-01 1.783534864017165570e-04
-5.264620598326706924e-01 1.710523473746330340e-04
-5.244039163606697418e-01 2.086253736732775579e-04
-5.241029511838497523e-01 1.970350097540931494e-04
-5.226190569961912669e-01 2.318408294926962130e-04
-5.217371565328698946e-01 1.389410555328594356e-04
-5.217124776024464339e-01 1.623416430800755830e-04
-5.213427783901007917e-01 1.558014230061271501e-04
-5.197902969838038567e-01 1.512974328036632138e-04
-5.196423910966870841e-01 2.320219036913277494e-04
-5.195060982562855756e-01 2.198933946550306643e-04
-5.194276821416304868e-01 2.547574219746674348e-04
-5.189234389930932334e-01 1.924841885403648345e-04
-5.189059452976090281e-01 2.232833234456496141e-04
-5.186556218506287452e-01 1.648145260070328231e-04
-5.184054225239433933e-01 3.294744506727088516e-04
-5.183986274013787643e-01 1.769439079371046123e-04
-5.183752644508780039e-01 1.665628128532757731e-04
-5.183574011050603447e-01 1.836790262961675150e-04
-5.181179110336157079e-01 2.213206986108009382e-04
-5.175950073501192072e-01 2.145266787274628900e-04
-5.171263879869217872e-01 3.500928879147995553e-04
-5.162975131074144519e-01 2.043626075237107336e-04
-5.162525208156573120e-01 1.430845649308679014e-04
-5.152181438431774341e-01 2.383556023841155612e-04
-5.147127215151825474e-01 1.859830747255254886e-04
-5.146925100843324774e-01 1.864196461654706635e-04
-5.145662098674805840e-01 1.994042731271264152e-04
-5.142242781312217348e-01 1.939316721037049902e-04
-5.139378956912457053e-01 1.620542963581741026e-04
-5.138488727978606230e-01 1.978316162806260698e-04
-5.133235686831917333e-01 2.601168376287494709e-04
-5.129603086100585907e-01 2.265318175870106561e-04
-5.128658291001366720e-01 2.423770111229100208e-04
-5.127587007471586800e-01 2.460152240302482187e-04
-5.126726998668503787e-01 1.895292987141013272e-04
-5.103248865569840476e-01 2.154867607686295199e-04
-5.103006342827819397e-01 1.959356492458078590e-04
-5.097492010748000402e-01 2.551961663929500513e-04
-5.097125798403551178e-01 3.128198585910272017e-04
-5.096999248712705821e-01 1.579850246440528839e-04
-5.092715447317497368e-01 4.103338816575516292e-04
-5.092062349552897160e-01 1.844716765543428659e-04
-5.091734103708087655e-01 2.306863293623663937e-04
-5.089352099054539336e-01 1.867356127592873416e-04
-5.086907695077105274e-01 3.103457044499148619e-04
-5.070968481340992762e-01 1.719720578198252617e-04
-5.061573767495975984e-01 2.992677886984024108e-04
-5.053147695386811522e-01 2.072135379448227031e-04
-5.043550359904800384e-01 2.016275398745258753e-04
-5.041321720123580485e-01 2.535558045978449819e-04
-5.038347128694898869e-01 2.119007182374177563e-04
-5.036168156422378139e-01 1.708494706283585941e-04
-5.034193027682660748e-01 1.566898004631342835e-04
-5.023385508763323903e-01 1.964373641354395371e-04
-5.020290020175620649e-01 2.228338812237194559e-04
-5.008162005978901155e-01 2.947576443775896818e-04
-5.006132530858041774e-01 1.669253059121435494e-04
-5.005083283517705040e-01 1.805167871174118079e-04
-5.004835573953823058e-01 1.813881413318724396e-04
-5.001168068073686968e-01 1.565942461882931388e-04
-4.986916819487869357e-01 1.841178025592072416e-04
-4.979980075941742301e-01 2.176253239894802816e-04
-4.977996285949805588e-01 3.723814027751828600e-04
-4.977610542493610679e-01 1.482589147628218763e-04
-4.977473786675029599e-01 2.503610913202436276e-04
-4.969554449779975958e-01 2.140030024665671700e-04
-4.969365733130675644e-01 1.779875819935570276e-04
-4.968178267760471334e-01 3.685023916632631721e-04
-4.965643980111414946e-01 1.896738552763680503e-04
-4.963086523913165515e-01 1.654524555756201575e-04
-4.959090697600957998e-01 2.287397914525449063e-04
-4.950800796310022012e-01 2.130835187011071103e-04
-4.950257678726350252e-01 2.215055513413086955e-04
-4.927812318741900399e-01 2.645382008029846803e-04
-4.923415240131555626e-01 1.618476403466143673e-04
-4.920068656527113449e-01 1.847016939452532087e-04
-4.918308184856630128e-01 2.822737974943678924e-04
-4.918035757691318066e-01 2.435710234174561688e-04
-4.916248603593829647e-01 1.658005445635538284e-04
-4.907281321452405254e-01 2.027333018163114979e-04
-4.904978687979290042e-01 1.567869761434896743e-04
-4.882035874648921192e-01 1.876611584168200717e-04
-4.872216388497548900e-01 1.592483681495012176e-04
-4.871011977954495253e-01 2.256732958643427290e-04
-4.865807971448932734e-01 3.032480193825473191e-04
-4.857417447530381627e-01 2.175947432108809307e-04
-4.848948098491970837e-01 2.701368087676599703e-04
-4.847499824414829850e-01 2.505851685118771956e-04
-4.844922156466652807e-01 1.879832507692057674e-04
-4.843989379026196751e-01 2.387091823233372895e-04
-4.842363675145383572e-01 2.019722881701750293e-04
-4.835726673569774592e-01 2.018056212728226804e-04
-4.832516371641278896e-01 2.103103091011690690e-04
-4.830780113008879550e-01 2.235080172544332087e-04
-4.821032063227142506e-01 1.893943588594594650e-04
-4.815413830300681042e-01 2.097316924013785031e-04
-4.814373375882074479e-01 1.616765815000838723e-04
-4.814013886778794604e-01 2.004771733454549455e-04
-4.813997808539540735e-01 1.898681400952213316e-04
-4.810664978609690556e-01 2.052600236534416964e-04
-4.809989648784630534e-01 2.083731545571754131e-04
-4.803652705073364060e-01 2.406858528701822503e-04
-4.803569074157904017e-01 2.672702449601259216e-04
-4.801955537595118395e-01 2.617897802148829453e-04
-4.799039153692026272e-01 2.326741958970933758e-04
-4.798411620139489964e-01 3.120468014163300138e-04
-4.797870611734122437e-01 2.802371185947686292e-04
-4.793589385716788276e-01 2.085715208583690551e-04
-4.785991218444054507e-01 1.794561881770063776e-04
-4.779360314018686884e-01 1.901791804575569207e-04
-4.775067336617614400e-01 4.094648172353664104e-04
-4.773405296527038488e-01 1.616718242809523634e-04
-4.766878404853964191e-01 1.709750325509156257e-04
-4.765211855232816540e-01 2.446732130612916931e-04
-4.764197529667748010e-01 1.736229314915464794e-04
-4.760013465669915012e-01 2.676710448029495778e-04
-4.755771838626333126e-01 2.799409115514892455e-04
-4.743368070111227408e-01 1.767942225706173743e-04
-4.742505903841039983e-01 2.799987329393832831e-04
-4.741314518873636086e-01 2.581848985666396136e-04
-4.739857615857942519e-01 3.386679150635367864e-04
-4.736461829644423305e-01 1.937549429105095476e-04
-4.731835345461450903e-01 3.165436501321198192e-04
-4.728221356546772336e-01 3.112654872330178433e-04
-4.724268237337599929e-01 2.862919122011428966e-04
-4.719201418387422020e-01 2.084381133219385018e-04
-4.715255847236697329e-01 1.823876016372697080e-04
-4.709442592165011265e-01 2.278998681107142219e-04
-4.706190116453314309e-01 1.819627823403293233e-04
-4.697686660904039635e-01 2.228364125815157377e-04
-4.690702450380082045e-01 2.810062017410497413e-04
-4.690483609445565416e-01 3.794228397624429877e-04
-4.690102113793715999e-01 3.266140369376484970e-04
-4.689949457988699666e-01 2.280146719631720518e-04
-4.689140261431032353e-01 1.754508377792794174e-04
-4.688051853873803632e-01 1.858839499450413795e-04
-4.685228809666758809e-01 2.039617528312716137e-04
-4.681896320119193211e-01 2.202224370782189208e-04
-4.673541541013407352e-01 2.269980084897662740e-04
-4.673105030009890304e-01 1.735894835538239703e-04
-4.671016224618721457e-01 1.538602706360614339e-04
-4.670050134303986855e-01 1.895334324351925022e-04
-4.666834339648564534e-01 2.788451473131013918e-04
-4.662957235874496953e-01 1.626135748972750859e-04
-4.659321549529431006e-01 3.290276008520305845e-04
-4.656219145521459102e-01 1.876774404095637701e-04
-4.644079785424918838e-01 2.533089561521013910e-04
-4.643064623753622167e-01 2.078037652409826981e-04
-4.641648934479072341e-01 1.785387411217572297e-04
-4.638350110916701907e-01 1.593554833748605051e-04
-4.637770456047046741e-01 1.980699963607624131e-04
-4.634931280566682021e-01 1.817396286003986647e-04
-4.632247232559415506e-01 1.922933621448391379e-04
-4.632188261195827050e-01 2.074589837750307494e-04
-4.630094966833534498e-01 2.360258191225285721e-04
-4.625672888827275786e-01 2.495337860128033717e-04
-4.623395845354921208e-01 2.656462190875901082e-04
-4.619513659145549345e-01 1.989820135855211900e-04
-4.617986535184305241e-01 3.197364854959359234e-04
-4.611477460333182621e-01 2.522591248946808181e-04
-4.606541123862483156e-01 1.983280258656418250e-04
-4.603879489513929002e-01 1.594892998821514094e-04
-4.598866820020049428e-01 2.634931228771501929e-04
-4.595891678835591909e-01 2.920756219366977646e-04
-4.594199254782638797e-01 2.475864219276228289e-04
-4.590920929937679640e-01 2.289628358506883401e-04
-4.590303158819167284e-01 1.961536687282616125e-04
-4.587791154297670704e-01 1.680879626371294924e-04
-4.579054659761067625e-01 2.879181641738054812e-04
-4.579032261086313782e-01 1.766179054715299014e-04
-4.570633561054445182e-01 2.623661101424887591e-04
-4.563778906064448471e-01 3.851514998065816734e-04
-4.562068300563444367e-01 2.454730376967941040e-04
-4.552490726187076731e-01 1.864640866336428413e-04
-4.549158732740324340e-01 2.259967332887813493e-04
-4.547800122815782720e-01 2.302349769749242783e-04
-4.545246496246942991e-01 1.793986028977139499e-04
-4.533310694566710652e-01 2.004680989291178332e-04
-4.532881043531927778e-01 2.171568259528751648e-04
-4.527545673020939021e-01 1.912129849742584986e-04
-4.526874899318826806e-01 2.048139665026467199e-04
-4.519758467630983767e-01 2.577170028226051317e-04
-4.512524731427839386e-01 2.094501559553943459e-04
-4.512279268039124935e-01 2.252511093198594143e-04
-4.511150416394426044e-01 2.433035785809798096e-04
-4.507742823963945544e-01 3.208600617538290615e-04
-4.502562114003273441e-01 1.437914681951638378e-04
-4.491706589594831045e-01 2.015568561263141349e-04
-4.491068354070573143e-01 1.795667964497381732e-04
-4.489906630958720446e-01 2.680350496417491712e-04
-4.488645162368514185e-01 2.592003235190991632e-04
-4.487336744553668266e-01 2.233258040299555911e-04
-4.485834628156000203e-01 2.577686376576062040e-04
-4.485503865171611704e-01 2.469743460772650550e-04
-4.473045834354711370e-01 2.775856387644913938e-04
-4.470483589101073019e-01 2.050672323050238164e-04
-4.467553091661995990e-01 2.250138846584044563e-04
-4.463761447094237722e-01 2.197201415289514717e-04
-4.460673157020416113e-01 2.034795008006983093e-04
-4.458764701726115054e-01 2.721193766275026510e-04
-4.458241163366806759e-01 1.982157825664928479e-04
-4.449418554167273721e-01 2.516130422965182079e-04
-4.446478218271022742e-01 2.020376781317606693e-04
-4.444084554371169893e-01 4.065628002963569227e-04
-4.444036272689563249e-01 2.291609552453283756e-04
-4.428092812040492210e-01 2.240150648103074731e-04
-4.427289914077952027e-01 2.868920678686781426e-04
-4.420179035078060092e-01 1.564770384212542419e-04
-4.407965997376847578e-01 3.823669266327521152e-04
-4.407157768041972679e-01 2.565689043919564395e-04
-4.400258309160731685e-01 2.174775258293029970e-04
-4.398558201331455031e-01 1.595516247805839219e-04
-4.396011893327633202e-01 1.678010774753559392e-04
-4.395182271321392831e-01 2.003910290917344599e-04
-4.393594271933443096e-01 2.545496795310869635e-04
-4.392739112455753547e-01 2.151687880863836788e-04
-4.388575708353693039e-01 2.036058170607310980e-04
-4.385983802503840012e-01 2.202151013787952290e-04
-4.383013883424948243e-01 3.224812790305158741e-04
-4.369783116894216946e-01 2.265898071832802803e-04
-4.362922979832699055e-01 2.146149657446001367e-04
-4.362814658743394691e-01 1.619203256915365333e-04
-4.362457805537885980e-01 2.497963819620921551e-04
-4.351027521965881162e-01 2.128701977902128510e-04
-4.346385455693032585e-01 2.036037819636544815e-04
-4.346020365145648046e-01 1.528133817762618513e-04
-4.336619994776291231e-01 1.613955295611747733e-04
-4.329990778287445274e-01 2.151201559852123095e-04
-4.325870225685492509e-01 5.465652719173131517e-04
-4.324388594423205223e-01 2.551188012561660503e-04
-4.324114077196224426e-01 2.375246870696858653e-04
-4.319553830701783337e-01 1.905054297837547206e-04
-4.316544323917393955e-01 4.039515179195281693e-04
-4.316540094575050390e-01 2.310042145148885856e-04
-4.312353741734251122e-01 2.442118440634319788e-04
-4.307020979966039720e-01 2.247973926351877320e-04
-4.300379378200454017e-01 3.031785935111373483e-04
-4.297282786982568048e-01 4.800326107476171676e-04
-4.296320678812975968e-01 2.393257682133076675e-04
-4.293746065180435445e-01 1.849432811169351174e-04
-4.292792167499304146e-01 2.289572894645000686e-04
-4.292210943896922481e-01 6.243454478550693274e-04
-4.289403384827206733e-01 1.715071584436698830e-04
-4.289311838067008109e-01 1.805155609945980949e-04
-4.275509405863126000e-01 2.381434377313206051e-04
-4.275147640090116719e-01 2.308380447083750785e-04
-4.267944573917503703e-01 3.569659783958002990e-04
-4.263911429061740255e-01 1.779214906620477685e-04
-4.261476038664051003e-01 2.026237792620429700e-04
-4.260870436079595702e-01 2.332149319355220594e-04
-4.259528684345073590e-01 1.907712246728487460e-04
-4.259212542959261993e-01 2.023328217077458187e-04
-4.257809290751001785e-01 2.189385830220378303e-04
-4.256544412533626032e-01 2.014088814646532557e-04
-4.252962341359648457e-01 1.896830851369134491e-04
-4.238867025946485012e-01 2.380709228308173803e-04
-4.226955158170868643e-01 2.440435397008218152e-04
-4.225996478677588875e-01 1.920175770894919716e-04
-4.221552106527080572e-01 2.011301456033013008e-04
-4.218768615908896624e-01 2.170677084157598784e-04
-4.215518674627765083e-01 2.034599655767776777e-04
-4.212657524198072378e-01 2.010441234849631351e-04
-4.211471120500783205e-01 2.621087563030361401e-04
-4.205625314494563227e-01 3.009344185823987659e-04
-4.202291875988047876e-01 2.029944301907456443e-04
-4.201474614983048417e-01 2.309124747199297082e-04
-4.198251138893123735e-01 2.608296582355506665e-04
-4.190358994686140814e-01 2.334858150586249131e-04
-4.185211395169213811e-01 2.057593864975285547e-04
-4.178685043669354005e-01 2.487488540169569494e-04
-4.178660694056687275e-01 1.838374258776011511e-04
-4.177579218614708711e-01 2.214926630334272878e-04
-4.175736035476388941e-01 2.749735113175182447e-04
-4.170211073915048305e-01 1.912779499504080815e-04
-4.169643070285874997e-01 2.020726752785363212e-04
-4.168750304954792485e-01 4.942048549966560891e-04
-4.168527972653054414e-01 4.087565011959661595e-04
-4.163419195893910407e-01 2.897422990608414174e-04
-4.163383776296851191e-01 2.432538675721384485e-04
-4.161451106936159272e-01 2.638368243193040994e-04
-4.161438117505603107e-01 3.802503093905114200e-04
-4.161062496523421084e-01 1.884358482427039491e-04
-4.158661575244671504e-01 2.324362719011346457e-04
-4.154863973116083020e-01 5.030134395712028590e-04
-4.152371835478880779e-01 3.075010364516408143e-04
-4.151427411469177930e-01 3.517625774726598439e-04
-4.145362419151423228e-01 3.350621573609923040e-04
-4.145002216471193046e-01 1.802954530010012608e-04
-4.140069167028653796e-01 2.092443008373017161e-04
-4.133414343818557768e-01 2.644150284845151432e-04
-4.127764991648642523e-01 2.894616107490377956e-04
-4.122589864689859551e-01 2.169987177966946530e-04
-4.121872547528677155e-01 1.811792813325030103e-04
-4.119486117398601377e-01 1.878932953107192495e-04
-4.119003178215354111e-01 1.993151758670940116e-04
-4.118547013003678869e-01 2.488633164226200316e-04
-4.115132088243599884e-01 2.146475344965233960e-04
-4.112618778177880019e-01 1.723885976026797069e-04
-4.111749925143726725e-01 2.350747186763000771e-04
-4.099296278178977126e-01 3.403034492679777169e-04
-4.097125058607558046e-01 2.414847211619405832e-04
-4.095283300187015363e-01 2.558830433269977949e-04
-4.093929968992401358e-01 1.792483355951897557e-04
-4.092975620055233077e-01 1.617583719447501106e-04
-4.089647949544331085e-01 1.971928771375496643e-04
-4.082682576627941207e-01 1.993712141128067751e-04
-4.075619773635349441e-01 1.966833768740703769e-04
-4.071986492778044697e-01 2.309876927363245915e-04
-4.070491194706687410e-01 2.115478459189612883e-04
-4.053799791915214112e-01 2.389593218681335053e-04
-4.051177730580441949e-01 1.759041580433700594e-04
-4.049177332700281129e-01 1.660963789303855403e-04
-4.048754607514528647e-01 2.288833094903264709e-04
-4.042494714801773692e-01 1.900973494161214365e-04
-4.035277874506512097e-01 1.987024532056370907e-04
-4.030307688407103184e-01 2.181989146767043190e-04
-4.027600678202856721e-01 1.857110775437033085e-04
-4.025938514158152737e-01 2.560287283416755408e-04
-4.024005555040668369e-01 4.316210004026124389e-04
-4.022672216545025159e-01 1.986257495009541014e-04
-4.021534534907892922e-01 2.201967227133199117e-04
-4.018413627296361645e-01 2.251412466832503154e-04
-4.014730095078002936e-01 2.272354273643481493e-04
-4.014002266393251750e-01 2.905438348769203501e-04
-4.005188129010693876e-01 2.248681438042752123e-04
-4.001019777035955127e-01 2.108199309750673569e-04
-3.990287146955577846e-01 2.728233686857741303e-04
-3.986788703116474486e-01 2.046464774577353817e-04
-3.983821913521273239e-01 2.231371464677244659e-04
-3.980705696496203427e-01 1.944659123261129334e-04
-3.975457771095872173e-01 2.922719833480010433e-04
-3.973101097857347774e-01 1.881539049861282852e-04
-3.971584875020457983e-01 2.128049136693636683e-04
-3.945835026021200509e-01 2.153706066546510675e-04
-3.941964633015829222e-01 1.907365236552804313e-04
-3.941773207300591775e-01 2.391124327206724557e-04
-3.941573057015982928e-01 2.890748741567079612e-04
-3.925866721618019861e-01 4.725433740813710418e-04
-3.925557724595979403e-01 1.861270038472660000e-04
-3.898966793208610837e-01 1.942788915166208745e-04
-3.894980427952670632e-01 1.960570614554400987e-04
-3.887242322732396560e-01 2.243608453675949364e-04
-3.883906871361559876e-01 2.060929020847424671e-04
-3.880779137815574820e-01 1.725026038647820676e-04
-3.878775299309512037e-01 2.332116807464419239e-04
-3.868526215335301166e-01 1.859406044258164162e-04
-3.867825318546200819e-01 2.573740236763510198e-04
-3.848626602624137250e-01 4.497934367168030553e-04
-3.843521855445949931e-01 3.044809623566054144e-04
-3.825731645609198317e-01 2.353395224775240997e-04
-3.807768878117531175e-01 3.498367593574477604e-04
-3.807023411406636471e-01 2.368028092864645168e-04
-3.805662857454891190e-01 1.648869153415957257e-04
-3.804936753426181872e-01 2.420083990739586844e-04
-3.802860252550672726e-01 2.144923078237821897e-04
-3.796389610933678105e-01 1.926882477875429482e-04
-3.794173749379644023e-01 2.146253576240876777e-04
-3.781341386594832543e-01 4.230580778604000670e-04
-3.779752196714812329e-01 2.955254749202770284e-04
-3.776980645575524487e-01 2.380710366950429644e-04
-3.774714291709151404e-01 1.938857040376444586e-04
-3.774168075329379923e-01 2.039359514271830282e-04
-3.773278412740260768e-01 2.003262163124397140e-04
-3.772185740779931962e-01 1.669389517156906239e-04
-3.771021245922681620e-01 3.101457674598089259e-04
-3.765614322748445653e-01 2.438002439207080847e-04
-3.756818684873602932e-01 2.271338275098939096e-04
-3.753251980344415317e-01 2.741362025487066134e-04
-3.750246924353786704e-01 2.014350479442357923e-04
-3.748978999213811170e-01 1.763032153426787431e-04
-3.748490701568055750e-01 2.072632314531354771e-04
-3.748489793303073636e-01 2.583779480636353115e-04
-3.743826066899509919e-01 2.989537780960300128e-04
-3.743575971850041650e-01 2.243438979667044695e-04
-3.742431466487446956e-01 2.678026577585259044e-04
-3.740247953159871463e-01 1.499658825746899582e-04
-3.734099611979332378e-01 2.952464617361524445e-04
-3.730146691905703582e-01 1.942342789539056535e-04
-3.729415161967990500e-01 2.045737205324477202e-04
-3.729110832025055999e-01 2.299768743565387588e-04
-3.727391623155019151e-01 2.479082092371353479e-04
-3.726545720848249976e-01 2.358696296464364854e-04
-3.725866441499314785e-01 2.471102001829989588e-04
-3.718255952913462892e-01 3.051091240150990481e-04
-3.710122408278523909e-01 1.967364369498940000e-04
-3.701602310639015569e-01 2.521220211940850844e-04
-3.696765246553181949e-01 1.915361329182955011e-04
-3.696341941156784938e-01 2.011083828650921416e-04
-3.692347156891555016e-01 5.960311704182446333e-04
-3.691038753779554149e-01 2.747998375732370541e-04
-3.687269658335367017e-01 2.956250520499353147e-04
-3.684437073102479476e-01 2.017118454319538623e-04
-3.682393469979748923e-01 2.196518254859712333e-04
-3.673049343645089504e-01 2.042101300815949891e-04
-3.670755293780182948e-01 2.106422904802267933e-04
-3.667538412441946893e-01 2.243236076030379381e-04
-3.664436968201285061e-01 3.704758689653257948e-04
-3.652991750551400352e-01 2.238301224003068531e-04
-3.650336602202533531e-01 2.699490668984956001e-04
-3.640375890292008587e-01 2.127901571764564482e-04
-3.637265335648133258e-01 2.568593062650313089e-04
-3.637018382261498206e-01 2.602344442263674717e-04
-3.636537219216284256e-01 3.717235852453771900e-04
-3.633957987156865022e-01 2.424499699694309155e-04
-3.633445690785739313e-01 2.516773587951449715e-04
-3.627132546466862451e-01 2.693917245402762555e-04
-3.627070971735190663e-01 2.412773498640862705e-04
-3.625101792943176693e-01 1.747137014845534476e-04
-3.622404679295453400e-01 3.318209294841051120e-04
-3.619734114927642410e-01 2.287687677471137294e-04
-3.619404664329179955e-01 1.815090659626036244e-04
-3.611218323946845388e-01 2.076649914313857825e-04
-3.608734519021217224e-01 2.815345058899597027e-04
-3.608317127817011194e-01 2.429917049237066923e-04
-3.608274228456926913e-01 2.683960069966785287e-04
-3.594261446892926259e-01 2.875043560890154829e-04
-3.594210739371453966e-01 2.550974700107340822e-04
-3.594164621858307318e-01 2.549712243906864201e-04
-3.584637989867845986e-01 2.482462345071433400e-04
-3.583908010371976149e-01 3.285295002136649073e-04
-3.583580877516461816e-01 2.361098409314684203e-04
-3.580946040446172929e-01 3.009916243600989599e-04
-3.571822319868896423e-01 2.742612395395421006e-04
-3.569017376914990214e-01 2.565890715714509067e-04
-3.567216035994883461e-01 2.273625114134534924e-04
-3.562978442415690172e-01 2.186882591113459902e-04
-3.560883215170451144e-01 2.098444950866293183e-04
-3.560505488630522075e-01 1.918752295647438032e-04
-3.556338052970871577e-01 2.675057599885121394e-04
-3.552919317500070062e-01 2.349984267737414436e-04
-3.548721984357292580e-01 4.588470297016739746e-04
-3.547216971201965219e-01 2.791079538111836903e-04
-3.544402177049270075e-01 2.978851232153636509e-04
-3.538077457007229865e-01 2.223894253124090179e-04
-3.536246979503052112e-01 1.873156744714344778e-04
-3.535382433344478326e-01 3.185253714459039868e-04
-3.535036040096888876e-01 2.374494678530258615e-04
-3.532153987530024519e-01 2.610223110414447933e-04
-3.528774727521786780e-01 2.639560504233598556e-04
-3.528542794291861240e-01 2.784462741658689459e-04
-3.525227655265337767e-01 2.149013633350961214e-04
-3.521546623629092099e-01 2.477876925349213545e-04
-3.521034963037645293e-01 2.854587242563355045e-04
-3.513380028687255741e-01 2.696608405000619274e-04
-3.506711576999935742e-01 2.147243730782401078e-04
-3.503816851815650946e-01 3.633044419635744651e-04
-3.503778812787014529e-01 2.097472018412085515e-04
-3.502417529086047643e-01 1.959019110378296558e-04
-3.498712075635269647e-01 2.221147260222965710e-04
-3.497207678619009830e-01 5.785380041684030049e-04
-3.496335836847042078e-01 3.049568394849062306e-04
-3.492549823815616072e-01 2.262321437571360085e-04
-3.484364211383263465e-01 2.334977883317917904e-04
-3.482909910593379732e-01 3.076165208686321107e-04
-3.476666480609363896e-01 2.552092892018480727e-04
-3.469404925774108306e-01 2.488009226056664826e-04
-3.468608187903587381e-01 2.125696996788703063e-04
-3.466416052918900315e-01 2.402459819677667989e-04
-3.457451089775803732e-01 2.279296266874533206e-04
-3.456272935413367553e-01 2.230628275282295619e-04
-3.451591864021506528e-01 2.673164467960223532e-04
-3.451373988674688587e-01 2.604592715951059372e-04
-3.441462891587371287e-01 2.981893477608745955e-04
-3.434210630985675694e-01 1.956952449088539281e-04
-3.433532122039204548e-01 2.790652038018430221e-04
-3.431252000644534061e-01 2.038866314404723574e-04
-3.426863114579808411e-01 2.651564026615621950e-04
-3.418952565295433343e-01 1.930023342332192328e-04
-3.418081235566607923e-01 3.058144465021773637e-04
-3.417453517327168067e-01 2.454367049951055603e-04
-3.416774641113239919e-01 3.200165355667871064e-04
-3.412436032225774074e-01 2.679593617962931339e-04
-3.408753079688302545e-01 1.949638862152854111e-04
-3.403875752911648678e-01 2.854116967986526946e-04
-3.401428576948028470e-01 2.646620504769474184e-04
-3.391795211513704000e-01 2.094308895708750029e-04
-3.385639498893496802e-01 2.003996831967447593e-04
-3.381397953004771639e-01 5.618158407254638699e-04
-3.375506244798902600e-01 2.750495280889747596e-04
-3.371972967798095300e-01 2.121521433144323812e-04
-3.368873912212113630e-01 2.361185105753732451e-04
-3.366189958757510037e-01 2.113971718755059564e-04
-3.365567735002325533e-01 2.893671596069406836e-04
-3.356719103228273937e-01 4.254653374255360052e-04
-3.356049495690552331e-01 2.201851872333866658e-04
-3.352852108334062886e-01 2.571675422467620720e-04
-3.339510542748209132e-01 2.023194146073042845e-04
-3.337939581694874258e-01 2.110794564685800599e-04
-3.314317339599411882e-01 3.250870673513917702e-04
-3.309546148826710832e-01 2.710379643780753489e-04
-3.308510705523401429e-01 2.892843195766075853e-04
-3.304248619122754915e-01 3.431829297907788021e-04
-3.303961169103518114e-01 2.696714669808631857e-04
-3.302286264245660741e-01 2.417219702943585304e-04
-3.292844854742634220e-01 2.499699877220697207e-04
-3.288866691706697210e-01 2.860994771596808532e-04
-3.287959240289875518e-01 2.631546403459324016e-04
-3.281396835752396490e-01 2.287614259208166692e-04
-3.273760776290963181e-01 2.483402351768059240e-04
-3.268743612345303973e-01 2.826381638754442882e-04
-3.266579329939985898e-01 2.559359929860415862e-04
-3.264805717810497776e-01 2.441666010992105877e-04
-3.261217783012597127e-01 4.843968390034265772e-04
-3.260593035886872881e-01 2.005230026092599805e-04
-3.258961656077450919e-01 2.525446840240918168e-04
-3.257203822847420382e-01 1.981101452211729899e-04
-3.253681880284839956e-01 5.229834323054467337e-04
-3.253420499839095315e-01 2.180934867148746892e-04
-3.248495556182124933e-01 2.670342285194486761e-04
-3.247358177303023008e-01 2.089800762356892514e-04
-3.243580670330621363e-01 2.264862000923832815e-04
-3.222464733641584589e-01 2.524185694910345925e-04
-3.220869308987804325e-01 2.886735822310556644e-04
-3.220644611334511631e-01 1.803466551675346561e-04
-3.219056174339182674e-01 2.062966729045273648e-04
-3.218065084540427945e-01 2.388334700139881875e-04
-3.217391784001241706e-01 2.792895840941575373e-04
-3.210904935748536415e-01 3.296286244280901222e-04
-3.206716329038062363e-01 3.118473134477130681e-04
-3.206490114675823455e-01 5.021194729299602571e-04
-3.206079660399386300e-01 4.547478909850892308e-04
-3.204180650616663129e-01 2.594120181772215984e-04
-3.198394395832226400e-01 2.679996927513155066e-04
-3.196263000188740988e-01 2.572025506590918872e-04
-3.178304693746840104e-01 3.563646530138813232e-04
-3.172214255565944940e-01 4.235703950537835893e-04
-3.171957996952895487e-01 2.236148651844758648e-04
-3.169345709134194777e-01 2.024723007494639703e-04
-3.168353725369777441e-01 2.073352602100142950e-04
-3.165417461790921982e-01 2.382355846618861234e-04
-3.162706746591589235e-01 2.653311713587593198e-04
-3.158558950427473588e-01 2.234665184274448177e-04
-3.157282660987965617e-01 2.720099970705065935e-04
-3.156895406659914194e-01 1.986441308746275864e-04
-3.155061748349755613e-01 2.052278280408803752e-04
-3.142483731226587418e-01 6.172540444686480795e-04
-3.140215495061944306e-01 3.265818581315343061e-04
-3.138153203287192827e-01 2.732103172350992142e-04
-3.131074984514507498e-01 2.312606876976722777e-04
-3.130973268152024147e-01 4.694117867893912157e-04
-3.129818444187622006e-01 2.176980442709749628e-04
-3.129804504021296840e-01 4.567935982528502966e-04
-3.127703605937195985e-01 3.246097004989831011e-04
-3.126840390238219136e-01 2.334761151137080203e-04
-3.120924366044136034e-01 2.558917838815936486e-04
-3.112182165391929045e-01 1.995611196963629650e-04
-3.100849198076864321e-01 3.327584213705173642e-04
-3.087418830035310036e-01 2.105946907231135898e-04
-3.078283610162970696e-01 2.864944705013430033e-04
-3.077158977800553696e-01 2.663163305203248708e-04
-3.071814146882583807e-01 2.033851156402645812e-04
-3.066149000511462219e-01 2.276589030169140059e-04
-3.066119579687959229e-01 2.447889999341358331e-04
-3.063673061165788636e-01 3.442361906961206668e-04
-3.060481208382252460e-01 2.498829959644595497e-04
-3.055588824585027119e-01 2.773987685181528054e-04
-3.050768442052829710e-01 2.070799960989809009e-04
-3.048925901678403716e-01 2.210505775812069351e-04
-3.042468946373557137e-01 2.301033210499092620e-04
-3.031969561364403210e-01 2.065764182569418666e-04
-3.029395160551969224e-01 2.152993981660199436e-04
-3.026511068585309716e-01 2.356451146049669937e-04
-3.023794390379225816e-01 2.322957638919369132e-04
-3.022397327135298295e-01 2.022778588282649352e-04
-3.017074470863418401e-01 2.322156239202432951e-04
-3.015326285884202817e-01 2.426966649486025907e-04
-3.012405813588658332e-01 3.089008111133949557e-04
-3.007051779200921593e-01 2.857578571591749459e-04
-2.999689021538453071e-01 2.093831288266849672e-04
-2.997567405601036516e-01 2.134647357602966432e-04
-2.993585993455590843e-01 2.781410449275866404e-04
-2.993332076627409633e-01 3.732298969711842721e-04
-2.986026465315567147e-01 2.462585658481932925e-04
-2.985575163325835946e-01 2.591859298952929754e-04
-2.983473747146572763e-01 2.782023477656348290e-04
-2.982525917771740032e-01 2.693438439309394673e-04
-2.982302373448679211e-01 2.322982145404067387e-04
-2.981190209774295941e-01 3.314344780113869546e-04
-2.973115400964064237e-01 2.159708641768055620e-04
-2.972409654207551766e-01 3.321668977432833624e-04
-2.964283460489198219e-01 2.706357039854195737e-04
-2.961329197147154479e-01 2.756228053204451476e-04
-2.957657632466405007e-01 2.174301371287548678e-04
-2.956011602979840003e-01 2.481354264360505018e-04
-2.953435349647494657e-01 2.763434877115587135e-04
-2.947798293379369494e-01 2.763024758487578835e-04
-2.941682486012844322e-01 2.664195058699123640e-04
-2.938396899919694105e-01 2.764911173925570123e-04
-2.930752144942448956e-01 2.486143496675323169e-04
-2.930727805758335247e-01 2.816479904038588552e-04
-2.929921799979218200e-01 2.788094217341984329e-04
-2.928421037946061789e-01 2.284774272145769349e-04
-2.927323606766399355e-01 2.066456369362193002e-04
-2.921583456275655966e-01 3.030984777573871632e-04
-2.918922716016125185e-01 2.454302924794571437e-04
-2.918160664005346461e-01 2.058730095941544087e-04
-2.914793720941326050e-01 2.008197649498211538e-04
-2.914497356471364986e-01 2.534180210809425932e-04
-2.908840582865744318e-01 2.454905902620942572e-04
-2.902029957981382968e-01 2.590568960170959900e-04
-2.896007327762877281e-01 2.556535854792224495e-04
-2.886961663922127386e-01 2.486138033154528535e-04
-2.883030173892664472e-01 1.745946281762394893e-04
-2.877529616610040031e-01 3.532249382706937431e-04
-2.874991840487536310e-01 2.249316351004101609e-04
-2.870078781455043804e-01 2.710543224663622170e-04
-2.866819476082562712e-01 2.683162313643598510e-04
-2.864610094282971087e-01 2.758593441844317041e-04
-2.861620323380003050e-01 2.648746784977129413e-04
-2.860967789032139996e-01 2.177780317267078911e-04
-2.860574882401511476e-01 2.942704656508093744e-04
-2.857328573888798795e-01 2.220306711092221363e-04
-2.854968088199727472e-01 2.320936033854292964e-04
-2.851238781655776044e-01 2.508682354328536164e-04
-2.851128650875615622e-01 2.797165973251185159e-04
-2.842929987009261139e-01 2.096668794350728957e-04
-2.836859099688132102e-01 2.609216119013131521e-04
-2.832419598025250340e-01 2.753472156199977187e-04
-2.832177636883532190e-01 2.377124387332187581e-04
-2.823991182631984120e-01 2.002845606933106913e-04
-2.820630085119069652e-01 2.328847421839617374e-04
-2.820255337689088759e-01 2.185656360938951592e-04
-2.819803251984128734e-01 2.768709859112123946e-04
-2.818894537618790164e-01 2.492933504887633782e-04
-2.818272237519416912e-01 2.551443261283725802e-04
-2.812539548872966533e-01 2.382847399779365485e-04
-2.809856576431346564e-01 3.101327811714178805e-04
-2.807355631073059077e-01 2.288861955067101901e-04
-2.807285223503672156e-01 2.755295257226686835e-04
-2.797487306668771656e-01 2.705041436933845809e-04
-2.794132671361851394e-01 2.370529758216664655e-04
-2.791714110247844882e-01 2.560721343499874447e-04
-2.791284369619960737e-01 2.535765926213370261e-04
-2.784039607924180815e-01 3.178507711205754891e-04
-2.783723501056196148e-01 2.355352184091183063e-04
-2.779250365402736178e-01 2.624812341929384351e-04
-2.772672112600454430e-01 2.517538542869515229e-04
-2.766873493473437362e-01 2.604279484560569980e-04
-2.765654186565879025e-01 2.977466126896333946e-04
-2.747019788841408849e-01 2.455516691909074884e-04
-2.745160953793569503e-01 3.010467236212023101e-04
-2.741694503778919767e-01 2.504830508201149014e-04
-2.739823220326008668e-01 3.267504899614571490e-04
-2.738177298025122330e-01 5.356425352306244886e-04
-2.736879284939526813e-01 2.738578489294268815e-04
-2.730655773297253619e-01 3.110575748976184430e-04
-2.725883221796028266e-01 2.308181922744653497e-04
-2.725310028300397813e-01 2.190506680033723014e-04
-2.722732486773602467e-01 2.271997744099295247e-04
-2.720402070975173614e-01 2.373856422823278052e-04
-2.715478000300279304e-01 2.669066562843701329e-04
-2.711445513107872962e-01 3.351770725495863265e-04
-2.708191850762430852e-01 3.986472059620825331e-04
-2.706957204379530912e-01 2.842040670508840287e-04
-2.706187234666878050e-01 4.262018723648877596e-04
-2.699922482218448661e-01 3.764346043363144250e-04
-2.680474205320486636e-01 2.289402326586437207e-04
-2.676413009548068156e-01 2.421576689024741334e-04
-2.672849432636938416e-01 2.141390535564672215e-04
-2.672016404608201223e-01 4.639212555814125390e-04
-2.669877788571514143e-01 2.331214925646346212e-04
-2.663401805793282895e-01 2.198705158141235313e-04
-2.658349768817948600e-01 1.822198282251040707e-04
-2.653565002327319400e-01 2.391628090515098264e-04
-2.653036405689205846e-01 2.587106622425712683e-04
-2.652032330395912019e-01 2.552558950747625395e-04
-2.651347732237217536e-01 2.328080248039124888e-04
-2.648450463787310749e-01 1.934318643458236050e-04
-2.646452323451234379e-01 3.484319110700678703e-04
-2.644164712047025190e-01 2.727005366190213688e-04
-2.644091962757432746e-01 4.668698444875120021e-04
-2.642469767877748121e-01 2.619877496932205728e-04
-2.642343613598391316e-01 2.613162121310989177e-04
-2.638302876697747879e-01 3.352021303698007773e-04
-2.634166776380896802e-01 2.906380180131934942e-04
-2.626903901955026099e-01 2.132285751682448855e-04
-2.618075798421471423e-01 2.234561225154481140e-04
-2.616045695581030173e-01 2.981898425156603470e-04
-2.603086252835030701e-01 5.056694700237321068e-04
-2.602570858577892277e-01 2.644477973019534198e-04
-2.597848059177983449e-01 3.751787893170520859e-04
-2.595106298122115684e-01 2.269471523415223120e-04
-2.593111527423792029e-01 2.732089644551857896e-04
-2.588144517924206855e-01 2.622745083591152774e-04
-2.582068446554804941e-01 2.758337387143533731e-04
-2.581062109092477352e-01 2.892726074467895153e-04
-2.579881833952198944e-01 2.033751257313467717e-04
-2.576219429909601955e-01 2.491333347238136771e-04
-2.568125080955902528e-01 2.735425749030826500e-04
-2.565435337740405997e-01 3.030697675083543377e-04
-2.560922343577745619e-01 3.281574591337103083e-04
-2.553662820116976984e-01 3.428405562699835441e-04
-2.549435634176085985e-01 2.344820487174253531e-04
-2.540419710983627399e-01 3.078199060198248400e-04
-2.527273321406539042e-01 2.540617448715637677e-04
-2.527109616571772133e-01 2.503399952934009490e-04
-2.526018471069162441e-01 7.909014300982117069e-04
-2.525950818465939052e-01 5.081388402376478975e-04
-2.523792193014240959e-01 2.405153251039830785e-04
-2.521161042052841861e-01 3.525717427852538056e-04
-2.519516482137859059e-01 3.091686190396892111e-04
-2.517543151649604960e-01 2.821474512275550027e-04
-2.517008196488999539e-01 2.329024928654369671e-04
-2.516878730881722537e-01 2.058368582237797345e-04
-2.510960321900845282e-01 2.516790285941094890e-04
-2.505429461208232289e-01 2.454248577441124450e-04
-2.497341457988155877e-01 2.236126502753095783e-04
-2.493724916726926533e-01 3.720029454255816470e-04
-2.487422887543840055e-01 3.058764914769369577e-04
-2.486545066825357198e-01 3.418807571616005883e-04
-2.485376901300757058e-01 2.012113388181654950e-04
-2.475344524071653451e-01 4.336673287641595528e-04
-2.456372630661024792e-01 2.791598293427029805e-04
-2.454467036044117589e-01 2.460184746393706415e-04
-2.454397202532146716e-01 3.944475424794507642e-04
-2.450660513084978454e-01 2.903221566506681076e-04
-2.431496124811138859e-01 3.591441376275763707e-04
-2.430569086889772523e-01 4.247129462557994064e-04
-2.427629871263919659e-01 2.645926849640448651e-04
-2.425659959705533941e-01 3.615758818534809652e-04
-2.422801544347345515e-01 2.414401641657918198e-04
-2.414389912432589602e-01 3.278689610772377440e-04
-2.412398215096424325e-01 2.929324679789725564e-04
-2.410778073702869451e-01 1.933633419640026318e-04
-2.409922984903816734e-01 2.604409046447229222e-04
-2.407711770062532231e-01 2.540388402603700681e-04
-2.398633780231816948e-01 2.847759482089310475e-04
-2.397248465264321116e-01 2.021791825489475329e-04
-2.389666115335221108e-01 2.090614971640134044e-04
-2.386599383139210162e-01 3.520005440107022536e-04
-2.377118930703388255e-01 2.659054385258081510e-04
-2.377105436602096611e-01 3.084769582907025609e-04
-2.376206232489948000e-01 2.956827311647193383e-04
-2.372513507006696887e-01 2.022537392188882260e-04
-2.368305777598857798e-01 3.692997298846940413e-04
-2.367540482019145076e-01 2.658740864005156848e-04
-2.364611732332646266e-01 2.535141484658080466e-04
-2.349460924772465154e-01 2.385379022502573181e-04
-2.349335933067859816e-01 2.608236147349349732e-04
-2.346157234072186459e-01 2.692262666813807141e-04
-2.345587396883593578e-01 3.045997062476311933e-04
-2.336091084061135414e-01 3.191969674019261424e-04
-2.335406913114951022e-01 3.416600688104160020e-04
-2.328113320495319161e-01 3.197887541740959444e-04
-2.315039654437358874e-01 3.555567480512697811e-04
-2.308860324485365600e-01 2.336010885655088510e-04
-2.302954654759866993e-01 3.226447603617175141e-04
-2.299818626450125802e-01 3.321366137505131597e-04
-2.296218387304439223e-01 3.113605447077292263e-04
-2.287360906099913938e-01 2.933046306802231974e-04
-2.287181938812144766e-01 3.385282192620111576e-04
-2.285309991013483033e-01 2.809658307104051316e-04
-2.274053596687356515e-01 2.902079244189897695e-04
-2.271993094894297627e-01 2.715206877411712252e-04
-2.269016311099797401e-01 2.858612535775514733e-04
-2.266681516589049150e-01 3.312724449946157228e-04
-2.262273588059717233e-01 2.591233515539412237e-04
-2.255884314501049037e-01 3.958359919174993984e-04
-2.255646918426595371e-01 2.930002131278479642e-04
-2.251109695095825369e-01 2.596362095791261812e-04
-2.247215532941520266e-01 2.624613813998932961e-04
-2.244984557595199326e-01 2.516278565159606228e-04
-2.242693795617309582e-01 2.601398956966392514e-04
-2.239784123478487099e-01 3.415604385215613241e-04
-2.233761821335127351e-01 3.907411362904608556e-04
-2.230109402411040997e-01 3.472110797590740672e-04
-2.218463280612690547e-01 2.568678919218059221e-04
-2.204817678173386641e-01 3.761907758276339495e-04
-2.204715088909065257e-01 1.917521523357269353e-04
-2.202351112966538793e-01 2.415266852971458174e-04
-2.200387319128344343e-01 2.532721445202019820e-04
-2.198234217385926503e-01 3.123225037876959905e-04
-2.197377570876535846e-01 2.448470467335950979e-04
-2.193536164459375937e-01 2.495578454200154841e-04
-2.191051709372148770e-01 2.695815450904020887e-04
-2.190825708167046526e-01 3.380136016945754210e-04
-2.186273427409844705e-01 2.481317169985674110e-04
-2.184850423052626389e-01 2.306117685102033966e-04
-2.181998065464877679e-01 2.897402029633208741e-04
-2.180883996091368959e-01 3.119337739951991736e-04
-2.180048236923141092e-01 5.005653262168305827e-04
-2.180040468000688236e-01 3.127398489843326258e-04
-2.165187600824943492e-01 2.966158563816909490e-04
-2.157955734384744972e-01 4.764593425314200977e-04
-2.153313428496518023e-01 2.916962936748793709e-04
-2.140494213394084078e-01 3.293438243895977727e-04
-2.140429945759159958e-01 2.822867561080607385e-04
-2.138371681789009715e-01 2.251156653171154079e-04
-2.125118630349599191e-01 2.506390011831541981e-04
-2.122022911612986285e-01 2.516617316783652768e-04
-2.120910996528296288e-01 2.583478101969582681e-04
-2.112047505976608619e-01 2.467702544913409212e-04
-2.111150430257924537e-01 2.956015836795737400e-04
-2.109492177449120431e-01 3.521637198341358841e-04
-2.107573511669718347e-01 2.129233594962356307e-04
-2.103446488450670115e-01 2.583546124735860354e-04
-2.096818303387736337e-01 2.535555530421786021e-04
-2.088430335294583773e-01 2.785699887500047724e-04
-2.081841246607327167e-01 2.236833813784114560e-04
-2.069895481939727500e-01 3.081459502352668946e-04
-2.069683327692974917e-01 1.086335959848711919e-03
-2.069233948939978307e-01 5.300971720984419327e-04
-2.067610157093129342e-01 2.290934634905969058e-04
-2.066339705207076993e-01 2.662552408405973207e-04
-2.065593422357392406e-01 2.359352593450362472e-04
-2.065128761910225152e-01 3.252267746803259841e-04
-2.065080997889340853e-01 6.301273165881684070e-04
-2.062511675151515178e-01 4.197266383496385425e-04
-2.052377548837927279e-01 2.328579280468707395e-04
-2.050360326878626904e-01 2.581243082573446554e-04
-2.050311329896144230e-01 4.354555978391170894e-04
-2.048986967894075861e-01 6.760141707939353733e-04
-2.042195180481526096e-01 2.664823878011871733e-04
-2.037460003758029548e-01 4.779975132513623339e-04
-2.033161668142491607e-01 3.900079365240803945e-04
-2.027852794990037122e-01 3.162553123530619133e-04
-2.024934567513045347e-01 2.553530095051254121e-04
-2.021377934212940930e-01 4.325436712170755414e-04
-2.020416317540196238e-01 3.650036962536114889e-04
-2.014396392228887944e-01 4.683504370023446571e-04
-2.012924211751784265e-01 2.271013167049587328e-04
-2.009556309745950675e-01 2.940094259106243381e-04
-2.005452534036254175e-01 2.424588951759948559e-04
-1.994240871855142427e-01 2.418922288293892827e-04
-1.988113678579435384e-01 3.299655745457100967e-04
-1.986958963262979994e-01 2.533849996970629769e-04
-1.986836784636036024e-01 3.044805817669108349e-04
-1.981629683748503956e-01 2.972250376667547262e-04
-1.974848451230907798e-01 3.459495907936943658e-04
-1.961690682903435845e-01 2.963550176083619165e-04
-1.961485217252271762e-01 2.180308980600520485e-04
-1.954678451416875795e-01 2.374064045937681667e-04
-1.951533255000224565e-01 2.615292886782341316e-04
-1.942652724137815534e-01 2.879320420776578936e-04
-1.941827660989636772e-01 2.274780393742171906e-04
-1.937762841053987939e-01 2.128660251193358153e-04
-1.937116606361443116e-01 2.596482692300022973e-04
-1.934954554078088529e-01 3.249217702693475880e-04
-1.927483155049090069e-01 2.660247640123707970e-04
-1.924903079742151801e-01 2.919845690474794000e-04
-1.924870766448476544e-01 3.009255823261798536e-04
-1.906274733223888296e-01 3.551087858438642950e-04
-1.880991056335368505e-01 3.071766689346420954e-04
-1.861770452992518032e-01 3.506677865204358389e-04
-1.857144049042344924e-01 2.876792595654644943e-04
-1.849924358341331621e-01 2.787414690116334515e-04
-1.844790014064225658e-01 2.295265050326411929e-04
-1.839582670473317305e-01 2.875080419944850505e-04
-1.837745064487961433e-01 2.402621547551903633e-04
-1.832988049763970562e-01 2.402888670074936181e-04
-1.829004308820703917e-01 2.646387416693220230e-04
-1.827399032675778023e-01 6.981220305338136723e-04
-1.822258300248195406e-01 3.547391368982398888e-04
-1.821025621002425599e-01 2.757028614111051092e-04
-1.819149891077734005e-01 2.520985642855394352e-04
-1.816591499356525197e-01 3.347494155831328647e-04
-1.815023856900032373e-01 3.299772955046159639e-04
-1.803147356932509604e-01 2.430145761751578248e-04
-1.793669516905340711e-01 2.249876896402248157e-04
-1.791574067285651439e-01 2.782986078252731432e-04
-1.786057769200856404e-01 2.376727566829085487e-04
-1.778178601693283234e-01 2.502654430975830967e-04
-1.776172551198121896e-01 4.546275517423316553e-04
-1.774383268431729554e-01 2.401098584558904268e-04
-1.750220938723782704e-01 2.850625501243741035e-04
-1.748164911835882740e-01 3.322057509689355505e-04
-1.739818783401519409e-01 2.539934887206992645e-04
-1.736970716374985624e-01 3.118070648570168296e-04
-1.736534465265394400e-01 3.293022163813251967e-04
-1.733099847408378358e-01 2.830007072746783801e-04
-1.727452377770249958e-01 3.182425984458097192e-04
-1.727313613633482403e-01 1.936652447579943184e-04
-1.722826685164972338e-01 3.419846449158543190e-04
-1.719255857071449178e-01 2.919156212776192615e-04
-1.713928485309739180e-01 1.936851542339334859e-04
-1.711173903977757926e-01 3.105294983383328198e-04
-1.710539931811611847e-01 3.323814544336204822e-04
-1.710458914651931117e-01 5.521248844771732252e-04
-1.707633642796197448e-01 2.367766221385116175e-04
-1.707375014976334482e-01 2.838000561691091995e-04
-1.703941095058846000e-01 2.559948779545064609e-04
-1.695895964495051367e-01 2.812249424016375786e-04
-1.683262626779169213e-01 3.328370614113545698e-04
-1.681625389465038201e-01 3.024373519184744147e-04
-1.680282204907554144e-01 3.286742027474762965e-04
-1.677519065193311398e-01 3.287355562080600539e-04
-1.675772847912672392e-01 2.750423205588366639e-04
-1.659800819366160640e-01 2.639342406867936945e-04
-1.656829387298805745e-01 3.188127923362301785e-04
-1.653585360150136296e-01 2.678041996769396009e-04
-1.652456729592613471e-01 3.467785097610001275e-04
-1.650842862640046482e-01 2.393599442114526736e-04
-1.647038150260869693e-01 2.368037946680497368e-04
-1.646126385694632044e-01 3.299427473336010428e-04
-1.643562603544478917e-01 2.898841926363868952e-04
-1.641672463393342163e-01 4.095976257191340469e-04
-1.640867901056228262e-01 2.770077150388182614e-04
-1.633907614335411984e-01 3.212336796692739113e-04
-1.630676950264318137e-01 3.197360577944002771e-04
-1.630414795468214384e-01 3.768548327445909291e-04
-1.625806282529945190e-01 3.135962064314399460e-04
-1.623381119210609014e-01 3.154006654807113585e-04
-1.621417349072764857e-01 6.773484918055214720e-04
-1.619474342627427732e-01 3.083657591744926995e-04
-1.619371365719559364e-01 4.938102263427239860e-04
-1.614924641567203056e-01 2.444194924901517472e-04
-1.613992068971505101e-01 2.708095640489052952e-04
-1.609561066706279020e-01 2.953444793301165158e-04
-1.605666162318996337e-01 3.110679949118561288e-04
-1.604240655156951023e-01 4.937423527318345485e-04
-1.598602498512489145e-01 2.464576135474436471e-04
-1.595414515005850464e-01 2.544875021665217083e-04
-1.583036226279704028e-01 1.998262283668190606e-04
-1.581466959476413581e-01 3.271087875885000051e-04
-1.580503982482067138e-01 2.461055744043959444e-04
-1.579985849309027690e-01 3.123439433588531388e-04
-1.573173980124321913e-01 2.958754031504716876e-04
-1.572202753300213363e-01 2.960064369591499864e-04
-1.571866491124261633e-01 2.831988990562112280e-04
-1.563779755503271751e-01 2.907049094932964033e-04
-1.561692965422899204e-01 3.168063002143743450e-04
-1.561534373319491686e-01 4.687242779380855853e-04
-1.560823995523992480e-01 2.168407572223615188e-04
-1.552009714911593563e-01 2.464635739376114546e-04
-1.544480796851640247e-01 3.112956263538210842e-04
-1.541806796657767820e-01 2.597138872461109030e-04
-1.540792486948626694e-01 3.022139492843311159e-04
-1.539923232247829565e-01 1.995455169918443014e-04
-1.538790500736522404e-01 3.410862280354290746e-04
-1.538130555229315355e-01 3.144474442287409572e-04
-1.532703847851025758e-01 2.295169472056176273e-04
-1.532592619976547721e-01 3.163310258095219907e-04
-1.528067385547267343e-01 3.092981227795535111e-04
-1.518787136922227221e-01 3.925644242849797398e-04
-1.517770455203915070e-01 3.686935102628865926e-04
-1.515434165118456356e-01 2.869950772285583050e-04
-1.512978080093480560e-01 2.195502118903023929e-04
-1.509076686607727369e-01 3.408153611151023481e-04
-1.506890141046577092e-01 2.402203272417921499e-04
-1.503772105924571778e-01 3.910718553563900975e-04
-1.498870113228495116e-01 2.573519399653390809e-04
-1.491245434869487851e-01 2.723205827492523315e-04
-1.488557924918028907e-01 3.076827433826820573e-04
-1.487684401472518791e-01 2.568311163098331378e-04
-1.483706020130656222e-01 3.609928014436286138e-04
-1.482831183631081184e-01 3.287437542397037265e-04
-1.478922350281409170e-01 4.866248989310248949e-04
-1.478381165611376835e-01 3.070698531501394398e-04
-1.474230929333801565e-01 2.934748583920423451e-04
-1.473981105122405821e-01 2.606857574131643345e-04
-1.470412915043803614e-01 2.622997648894205363e-04
-1.470244528841313791e-01 2.983573729914994655e-04
-1.464866684109212003e-01 2.061733920776793029e-04
-1.451273770415408559e-01 5.125344400254493822e-04
-1.451054404861932545e-01 3.243843327382867287e-04
-1.449796288731706462e-01 5.156741536909884667e-04
-1.447900467984393202e-01 3.021956858033655424e-04
-1.447679554067736185e-01 3.049456687400451532e-04
-1.445311748722126477e-01 3.780005623513969207e-04
-1.444066568283084717e-01 2.199198014783502466e-04
-1.438117017119338592e-01 2.806930050619311709e-04
-1.427436990979113751e-01 2.572183311683869057e-04
-1.425063708417664554e-01 3.157363101170395790e-04
-1.419356956371235490e-01 2.818559852919863096e-04
-1.418090222623187846e-01 3.403991525147622311e-04
-1.411090753577707857e-01 3.365955269156138143e-04
-1.410714213310264864e-01 2.972913795795961451e-04
-1.410190397195970613e-01 2.784200927310878713e-04
-1.406192940622159049e-01 2.410441478104759542e-04
-1.405996273508351990e-01 2.251369871972100400e-04
-1.394764056646188854e-01 2.853572009248211321e-04
-1.392965125331409870e-01 2.483027215142832650e-04
-1.391306880529144252e-01 3.349405080447840190e-04
-1.389839574891596485e-01 3.379585386642386131e-04
-1.389782491239307249e-01 4.124639705851847172e-04
-1.383742054049549031e-01 2.766048732109126045e-04
-1.379914350038788096e-01 3.931162569434415617e-04
-1.376676680386824947e-01 2.695411142776113402e-04
-1.368360630768833686e-01 4.677877582409056627e-04
-1.367873619019017717e-01 3.078314458247413286e-04
-1.366862571496252898e-01 3.149437167884176661e-04
-1.365664578446700861e-01 3.543904317402991107e-04
-1.365365974847956021e-01 2.415141536261665759e-04
-1.358933069897082790e-01 2.204704332875826334e-04
-1.358324491656105470e-01 2.339607446229426948e-04
-1.355252079138021537e-01 2.847681513189149398e-04
-1.350001818074845483e-01 2.269764424933867297e-04
-1.349357884462642487e-01 2.510910160882564310e-04
-1.344970445703696227e-01 2.440164613458415505e-04
-1.344755625813285060e-01 2.361342531353993193e-04
-1.344514381277325255e-01 3.496226348739125641e-04
-1.341087070548788729e-01 2.461607859634302314e-04
-1.334586010312438231e-01 3.441973249026666448e-04
-1.327622916071568016e-01 5.018155251475977900e-04
-1.327085379083945971e-01 2.352437213495323770e-04
-1.322901309160844641e-01 3.097641561317073054e-04
-1.317358914654030988e-01 2.993338262103646522e-04
-1.313756396820084660e-01 2.894282028736153622e-04
-1.308760573364677327e-01 2.447918338814051241e-04
-1.295704221142680301e-01 3.500295955275107337e-04
-1.294444426491931366e-01 2.561170747941982203e-04
-1.292876868260864620e-01 2.684697119995073876e-04
-1.291243159602743218e-01 2.423332057151791159e-04
-1.281875118936489089e-01 3.517648741453494911e-04
-1.280811630730177564e-01 3.784481915811184613e-04
-1.279644995931915885e-01 2.692367853432473652e-04
-1.277084839266931504e-01 3.285897283011581047e-04
-1.276072766868512620e-01 2.598666790584834162e-04
-1.275038843469343264e-01 3.822492163337801326e-04
-1.271123088072694529e-01 2.570815000767354879e-04
-1.265471962207651568e-01 3.226481657609705741e-04
-1.264207063169701939e-01 2.431822671662152750e-04
-1.264059349759470152e-01 2.299662514319968998e-04
-1.259032856400514599e-01 3.476139938125906870e-04
-1.258354642749882069e-01 2.670271329556775852e-04
-1.255846219660799457e-01 3.056631402209456579e-04
-1.254982912571837861e-01 4.007885307953067545e-04
-1.250519340741850227e-01 3.044119980429602708e-04
-1.244286045856144995e-01 2.625920628527302048e-04
-1.243904815933330743e-01 3.928117870335062550e-04
-1.243050691197774282e-01 2.500818799757177071e-04
-1.238908588354824397e-01 2.180145705213233436e-04
-1.237900588188088485e-01 8.317282887032508704e-04
-1.237161720352858568e-01 2.588361488897957560e-04
-1.236483557039392278e-01 3.835090439283744780e-04
-1.229901595940372100e-01 4.389423672566641530e-04
-1.222674908966881330e-01 3.181544530371760958e-04
-1.219489907415373803e-01 2.938917420363219911e-04
-1.213523143178691782e-01 2.514691011175585952e-04
-1.200186121729637651e-01 2.512379633395470427e-04
-1.197582949720071288e-01 2.929847658567460620e-04
-1.196917844174984341e-01 2.761208770893055684e-04
-1.191708154170895012e-01 2.854319980082041801e-04
-1.187400344279919695e-01 2.605923921456995674e-04
-1.182237686756129891e-01 2.491368498111452899e-04
-1.177251866989397350e-01 2.031781515497157141e-04
-1.176205957903812410e-01 4.429011591557365434e-04
-1.175882869358203797e-01 4.219246087196013711e-04
-1.165395803435945177e-01 2.678956835783553609e-04
-1.161174019564672338e-01 3.743233867302426924e-04
-1.158647760217284411e-01 3.207105504037060487e-04
-1.155141957390251467e-01 3.286999420771539223e-04
-1.147587835157592717e-01 2.341816576445266448e-04
-1.146504460587631224e-01 2.718211254622341332e-04
-1.145816250241547540e-01 3.139992219552112905e-04
-1.140983587587070941e-01 2.473316927232036087e-04
-1.138483158871793077e-01 2.388020134671475444e-04
-1.131661188216538522e-01 2.788249628084733009e-04
-1.128334640639619690e-01 3.301799722613611536e-04
-1.117943359785517066e-01 2.758677802113235059e-04
-1.111889148827755747e-01 2.334984492915704527e-04
-1.110097958940011592e-01 2.163462830584726487e-04
-1.109924295285455997e-01 2.845397959467287140e-04
-1.108835241522142662e-01 3.008413120827916178e-04
-1.107823950347666120e-01 2.401883970331097429e-04
-1.107320844553611877e-01 3.541603371521430746e-04
-1.101159732003460096e-01 3.698741151479658317e-04
-1.092794829071931928e-01 2.558873188982159377e-04
-1.082652295727205560e-01 2.503722947206240526e-04
-1.082005998673702674e-01 2.981287030141740449e-04
-1.080617876224496676e-01 3.054090447378410116e-04
-1.075320883644198811e-01 3.772125284015342040e-04
-1.074834045702828950e-01 2.674186066626415160e-04
-1.074549060983278070e-01 1.943789590446082292e-04
-1.069888480061756825e-01 2.092693710594157425e-04
-1.067572641155701690e-01 2.417949119300300616e-04
-1.066972701567892451e-01 3.551775314401175846e-04
-1.066623618863134088e-01 3.463125257512658065e-04
-1.056176555782272486e-01 2.356719686818782686e-04
-1.044781724036646930e-01 2.789067269330144233e-04
-1.043493895896579343e-01 3.148390959068514969e-04
-1.040775610915499749e-01 3.287192512778465067e-04
-1.040671612346980995e-01 3.108360832568004780e-04
-1.037457882607680792e-01 2.380138696753223977e-04
-1.029098176460331027e-01 2.409463266357268145e-04
-1.028389374420781294e-01 3.026715690577451694e-04
-1.020883822087492177e-01 3.487096069510749012e-04
-1.017242599649098717e-01 2.717486140990773495e-04
-1.016504570409790253e-01 2.743063253296619585e-04
-1.012067378735316964e-01 2.270577313546137156e-04
-9.966157368638292602e-02 2.590498439913788663e-04
-9.965742596091532735e-02 3.047154803012671275e-04
-9.962602716936448666e-02 2.509258068597953269e-04
-9.849984208438754274e-02 2.694104952071811263e-04
-9.776552961372503292e-02 5.367740061133739748e-04
-9.690018445898222754e-02 3.053006597687791548e-04
-9.634950850302820280e-02 2.694794245116870733e-04
-9.625173657506576330e-02 2.363919667300045540e-04
-9.556952278562851066e-02 2.078588009256505909e-04
-9.523497183572009195e-02 2.172494089845509579e-04
-9.500426629949972057e-02 3.138658259698458275e-04
-9.498517617211678365e-02 3.194646072581404633e-04
-9.457794360690591207e-02 3.173686072500359555e-04
-9.386257032711695092e-02 3.395486789335658436e-04
-9.355870565569107677e-02 3.271257721739924949e-04
-9.314195641594667785e-02 2.992195986759419194e-04
-9.305953894959891060e-02 3.004672888099561563e-04
-9.263287034240028084e-02 2.385689649099209360e-04
-9.212349909784470214e-02 3.397709066221408407e-04
-9.171855786776855757e-02 3.200071200840212053e-04
-9.148799437992176375e-02 2.176018989817632638e-04
-9.061568154800217489e-02 2.976594679931755479e-04
-9.000836517808764869e-02 4.052466753241743512e-04
-8.969216224334027043e-02 2.538531296655339086e-04
-8.903279915973863479e-02 6.387234152999038449e-04
-8.847592809504409295e-02 4.100893016596075412e-04
-8.707459728335867344e-02 2.444501891938251088e-04
-8.644464306220628336e-02 3.478396954785439648e-04
-8.611135165757856369e-02 3.738450813933948277e-04
-8.601123532961582607e-02 3.947833131463466400e-04
-8.560841679003389215e-02 3.690935453578870215e-04
-8.531380168265229047e-02 2.549021042392290038e-04
-8.517489409077154405e-02 3.166733276358446245e-04
-8.392146178097065201e-02 2.636383049489975441e-04
-8.314105789179587758e-02 2.842243702560407468e-04
-8.279371492230840068e-02 3.160983276346529232e-04
-8.207598342539113023e-02 3.716782537791669667e-04
-8.193282091714958193e-02 3.028499074841404051e-04
-8.072386160427254265e-02 3.979799205837333408e-04
-8.065669887529355875e-02 2.874604507628037266e-04
-8.049475635989004896e-02 2.344253214467704528e-04
-7.999058166150795068e-02 3.178213130290310595e-04
-7.987202509829569030e-02 3.704637247161907251e-04
-7.975578773241084884e-02 4.068632801751227235e-04
-7.917416516866331022e-02 4.435883187036238984e-04
-7.883577492296120481e-02 1.852513877225972657e-04
-7.878402893089529735e-02 2.862180430811665940e-04
-7.857348080744142038e-02 2.110408627390241137e-04
-7.848858649150719513e-02 2.099378396872961954e-04
-7.839188634396920818e-02 2.611663850738710777e-04
-7.808019616010353214e-02 2.342161654519362042e-04
-7.801712751878631114e-02 3.321774714291636250e-04
-7.733818001309615553e-02 3.709195283313487129e-04
-7.697329724893833824e-02 2.947725218992905513e-04
-7.689585458039617516e-02 3.893689532536280138e-04
-7.532904970914419684e-02 2.825066652809990952e-04
-7.530258202586485872e-02 4.478304640988362115e-04
-7.520731481094865278e-02 3.259274359642974303e-04
-7.519961968912175498e-02 2.284324579015476907e-04
-7.495153465728400521e-02 3.268227306337388900e-04
-7.464870959541999862e-02 4.460950170866048942e-04
-7.376821456282363354e-02 3.506617275421444182e-04
-7.351913460877303186e-02 3.259521611081705452e-04
-7.306834763375759378e-02 2.253306023283173625e-04
-7.293337381662923224e-02 2.386610912761977384e-04
-7.246630016891714154e-02 2.242801508928977733e-04
-7.236097637432982455e-02 3.935713336652792746e-04
-7.214851478304473709e-02 2.260763295504460363e-04
-7.165663877622041600e-02 2.765751931270043389e-04
-7.089500824037922588e-02 8.750212931175067443e-04
-7.043592217096066033e-02 5.569122263929769667e-04
-7.036277866611415077e-02 2.354441444071997847e-04
-7.022629513732805973e-02 2.398506041458770997e-04
-7.008967462530869830e-02 2.642316287757283410e-04
-6.938516674875186419e-02 2.461215563318092038e-04
-6.904459992103695321e-02 2.138328886892085483e-04
-6.873389029751146573e-02 2.980099613986849586e-04
-6.846957378215089152e-02 3.885627797500412935e-04
-6.832465276800739340e-02 2.549355320080906010e-04
-6.818642708220690185e-02 4.627521485696567166e-04
-6.813583640615389347e-02 2.901769480652384111e-04
-6.765234125386770936e-02 2.392649324057664114e-04
-6.742471481940776057e-02 2.615918636745540580e-04
-6.732529927011102200e-02 2.504120574429526710e-04
-6.640776505381704164e-02 2.503341784109295361e-04
-6.568259353431223080e-02 2.368899702074221073e-04
-6.476311313805895031e-02 2.566347065664641332e-04
-6.420846681788590360e-02 3.169149506715181327e-04
-6.351851760377463796e-02 3.043374318752965486e-04
-6.349351996509702833e-02 2.464746555455922007e-04
-6.348058956565365285e-02 2.299211551680638733e-04
-6.295800322114317171e-02 2.048309071758318799e-04
-6.286216923570832338e-02 3.728323384147521919e-04
-6.186061856160118833e-02 3.466370694370667278e-04
-6.172737087885896146e-02 3.637418418798043672e-04
-6.103774021557344109e-02 2.434453166517579941e-04
-6.048928793921552749e-02 2.009188462951354412e-04
-6.039481819332687823e-02 3.614550881025120491e-04
-6.037927320820290350e-02 5.801228588573584689e-04
-5.992266789888939932e-02 2.916375318673211539e-04
-5.985275459429517664e-02 2.673220131075599183e-04
-5.975995143911914248e-02 3.258962043467410782e-04
-5.954382774484575508e-02 3.014503662570498441e-04
-5.950349257175196332e-02 2.549755785482765648e-04
-5.914417435342268770e-02 3.582642002481875088e-04
-5.820959142889235022e-02 3.893453915779830177e-04
-5.796667296198765307e-02 3.896837382093620633e-04
-5.749389182707293627e-02 3.289585226439370978e-04
-5.747618953672538333e-02 2.684128303559501138e-04
-5.708253349409180000e-02 3.051620441904162357e-04
-5.707943016828175703e-02 3.016596503681016244e-04
-5.692675059812685873e-02 1.879020986734698849e-04
-5.664395994969814024e-02 2.476287849544755591e-04
-5.640011248914954256e-02 3.125583460712154111e-04
-5.619510886082584866e-02 2.552480868643267867e-04
-5.582797781645165713e-02 4.947037445479768574e-04
-5.571342903019743664e-02 2.996529556345529596e-04
-5.544312139856479027e-02 3.032189648388667431e-04
-5.412305667589371871e-02 3.822834097405142218e-04
-5.395468072421490818e-02 2.630464177579371998e-04
-5.376020379188557047e-02 2.438222272209951229e-04
-5.358782307065462075e-02 2.298668109502155466e-04
-5.352863816878919434e-02 3.090281027532531003e-04
-5.195429861702343527e-02 2.752623333098349950e-04
-5.179001077727012070e-02 3.485966828455322420e-04
-5.137519822520859175e-02 2.712849149016203381e-04
-5.120720914598193840e-02 6.118354182281838822e-04
-5.088500855596708727e-02 2.317078155079581423e-04
-4.821537382633694913e-02 2.972340413987292328e-04
-4.740538132997473841e-02 2.510187022750563464e-04
-4.734444133089846241e-02 3.040733621088720492e-04
-4.709701278599455476e-02 4.649574161701420225e-04
-4.707859807778431993e-02 2.207016371382618952e-04
-4.693225349171228911e-02 9.771866525758198842e-04
-4.661612301861608326e-02 2.650742040631930098e-04
-4.646115831632270654e-02 3.736271878783740106e-04
-4.617525602928869433e-02 2.390111109716622445e-04
-4.612383160355128936e-02 4.015696082850899449e-04
-4.463138116120596299e-02 3.317354188722833157e-04
-4.430490457670267085e-02 3.797294176476229024e-04
-4.425445753694279283e-02 2.223220018685637925e-04
-4.411842661564872176e-02 3.885360623586254602e-04
-4.382254624657464653e-02 3.344075405848058132e-04
-4.370545522350229029e-02 4.887095616407961937e-04
-4.348785595594469033e-02 4.198351525961702591e-04
-4.338957830493354179e-02 2.944388242486964792e-04
-4.330509386234380337e-02 3.468657188966717047e-04
-4.282843591126291732e-02 2.707532545554821495e-04
-4.223977945062836609e-02 3.252358791233584735e-04
-4.208037046369372119e-02 7.278656848767083628e-04
-4.195155731286659417e-02 2.737789010464911836e-04
-4.191636850970831274e-02 2.681822675597428634e-04
-4.162578805977215635e-02 3.034197381890506068e-04
-4.147482904734461212e-02 2.531843505827124853e-04
-4.142732868176441513e-02 3.126384107094582615e-04
-4.132249309458661118e-02 2.904276992755684965e-04
-4.099596348309229865e-02 2.604908518004326462e-04
-4.056223454361499586e-02 2.442589053880913404e-04
-4.041986057377171260e-02 3.083303068541985150e-04
-4.019236564692826169e-02 3.351796231476365838e-04
-4.011795489259448177e-02 2.855630741717158781e-04
-3.947792995656473902e-02 2.777654353908184178e-04
-3.941467444624819488e-02 2.608364120806821529e-04
-3.913462680181957476e-02 3.708328188309192234e-04
-3.897167820858597059e-02 3.623440840364931088e-04
-3.819304617765163085e-02 2.438536549608665862e-04
-3.770612372727467909e-02 2.258194437995791047e-04
-3.762025026413686607e-02 3.190676107609516062e-04
-3.628181852523146289e-02 2.370537331489995807e-04
-3.610429532880226472e-02 2.151131195957241781e-04
-3.551771246036317109e-02 4.297829948414659605e-04
-3.521966975758857726e-02 3.865528281442999026e-04
-3.476965649537836628e-02 3.396245783431117498e-04
-3.447225896421515084e-02 2.302964489496244166e-04
-3.397429175845947252e-02 2.736754647897700105e-04
-3.354914986779877067e-02 4.257499350080574756e-04
-3.232084081046238122e-02 3.468179215903434507e-04
-3.204761752057944113e-02 2.321233887774776727e-04
-3.178018344458748146e-02 2.377937930911179032e-04
-3.142618758575810994e-02 4.792231903304456069e-04
-3.132418239250747000e-02 3.063752122008149776e-04
-3.131666151437296347e-02 4.154978922849202907e-04
-3.038586392079603571e-02 2.604619543106952173e-04
-3.025621053659792448e-02 3.881583691887324750e-04
-2.993145563404329274e-02 3.144588373444458327e-04
-2.960859218704122581e-02 3.396256961827942220e-04
-2.866979398099071125e-02 3.712447880927483533e-04
-2.864416294639935551e-02 3.261335712703343037e-04
-2.854541702721137900e-02 2.521405939827634553e-04
-2.802628058761580040e-02 3.658651858663215686e-04
-2.765835727939450206e-02 2.417619504089460198e-04
-2.663237950877932886e-02 2.649312599042297450e-04
-2.536807383258300047e-02 2.885742287893053640e-04
-2.504223356938903994e-02 4.452631754128498769e-04
-2.461601419490590595e-02 2.793682879496137508e-04
-2.430324696332912190e-02 2.511961312900810460e-04
-2.387318746749131013e-02 3.152674213418548950e-04
-2.377843319805503924e-02 2.962520125332249957e-04
-2.360206687554517943e-02 3.006971868238513630e-04
-2.318665852702801386e-02 3.055983868120860751e-04
-2.285849934626563162e-02 3.094012644257656272e-04
-2.279681508010763386e-02 2.610408278410492728e-04
-2.260174015784276874e-02 2.530302930545468921e-04
-2.217579467154423209e-02 2.808278826494888577e-04
-2.211345691908937067e-02 2.816105691048716359e-04
-2.209548182079388440e-02 3.754649847488425777e-04
-2.199021541908448632e-02 2.181087022572710313e-04
-2.176556590263994603e-02 3.001064095897473349e-04
-2.167283587859701599e-02 3.260199860041631745e-04
-2.093633186922407713e-02 2.466599536252535091e-04
-1.948126945326839402e-02 3.969873757921173803e-04
-1.928215824763024333e-02 3.059005659516321387e-04
-1.889814798916927482e-02 3.072401275497759366e-04
-1.790713792746437966e-02 2.273912896989125287e-04
-1.749202330496521865e-02 2.562957572667561631e-04
-1.692651233048775641e-02 4.176160989921453670e-04
-1.671629900581844339e-02 4.944778669143254845e-04
-1.660509680272008112e-02 2.405342858296346305e-04
-1.639073512213327227e-02 3.406184106334382198e-04
-1.635003549373138104e-02 2.564263392763025014e-04
-1.622119481990364279e-02 2.497792565641492068e-04
-1.607187082886041632e-02 2.772998638157796506e-04
-1.585138176028816348e-02 2.281192778979848320e-04
-1.569854279596411342e-02 4.990646000295567665e-04
-1.540628165201350999e-02 3.247675310472598800e-04
-1.490171587648019512e-02 2.611110140079313312e-04
-1.465864796496108881e-02 3.341978423511217421e-04
-1.446440809424570650e-02 3.235429916149328120e-04
-1.429018436806812030e-02 3.715301854994728942e-04
-1.364739639236089465e-02 2.591466780842933341e-04
-1.319134152811252125e-02 2.908540473388630311e-04
-1.285749007929060279e-02 2.871748214151650111e-04
-1.231655005177319587e-02 2.914410278072052996e-04
-1.198267821464260932e-02 3.064843306641338119e-04
-1.187925897666602601e-02 2.342123468281352488e-04
-1.156349982428536531e-02 2.209545668471591762e-04
-1.134042246124824550e-02 3.114472965395863584e-04
-1.118834832752474417e-02 4.420158563352174466e-04
-1.084046608751210519e-02 2.752326204348024214e-04
-1.055949301831955733e-02 2.855126411919659771e-04
-1.047452539347580591e-02 2.721756503271257981e-04
-9.847788373526945166e-03 1.907157990733103340e-04
-9.467167624397802850e-03 3.032261564957832107e-04
-9.216263545151129680e-03 2.667613955054964794e-04
-8.245297593906769640e-03 3.312432303803578568e-04
-7.169386951744577928e-03 4.952149656117978832e-04
-5.984814018036732457e-03 3.311097284953895591e-04
-5.943563182195768686e-03 2.715512479846029343e-04
-4.869167699279432736e-03 2.151248550689554694e-04
-3.693927349612531261e-03 2.960182433672063759e-04
-3.370381953169863769e-03 2.293333098646167074e-04
-3.203754401792634383e-03 1.010785074727773387e-03
-2.628274216171315545e-03 2.206933120599260728e-04
-2.342953166136392453e-03 3.917954433880816876e-04
-1.696131886401163217e-03 4.242900790735173381e-04
-1.486952735748522806e-03 2.272273392647553253e-04
2.274080219242806573e-04 2.592200481311887064e-04
2.461189622132409736e-04 2.808884951834466270e-04
3.235155001512919864e-04 3.221207221460883831e-04
3.608225509633977441e-04 2.682693713721613919e-04
5.571548189224820443e-04 2.530938664773709434e-04
2.076307629507851121e-03 2.936899953171067008e-04
2.123942643080628436e-03 3.598522634178149280e-04
2.417550911947493296e-03 4.105920441860422916e-04
2.425188955000216490e-03 2.620868740437651777e-04
2.622779606977005979e-03 2.931971053405180790e-04
3.047113309022401583e-03 2.812418958587572398e-04
3.083371594803182951e-03 2.824385192212304453e-04
3.133058020013701830e-03 2.650516897040288409e-04
3.518106343956005182e-03 3.815016520211277551e-04
3.622788313538715874e-03 2.681669196950620983e-04
3.976306587461454246e-03 2.160743253718045776e-04
3.988488523347358608e-03 2.133045614963932613e-04
4.299735156493086560e-03 2.388785864793673073e-04
5.898341633755928466e-03 2.302425850103853719e-04
5.920658774403369205e-03 4.776243763590472865e-04
6.299273870195879962e-03 2.633368181367191528e-04
6.600573328800997050e-03 3.987568356333157462e-04
6.840272385518896860e-03 3.356849457586099836e-04
6.942768353912747402e-03 2.415124555870782231e-04
7.843777549122849316e-03 2.452555801282733233e-04
8.154867213426036932e-03 3.080965208806815225e-04
8.661706643041611198e-03 3.186831607782893887e-04
9.293425716685455029e-03 2.837418497766899393e-04
9.707137178842762879e-03 2.514769314994811625e-04
1.006863027635825254e-02 4.057695054565734036e-04
1.073636259210136897e-02 2.305335819467364833e-04
1.101335481927240637e-02 2.529737269723312154e-04
1.139286497309315027e-02 4.497113106975747553e-04
1.184494966938744176e-02 2.570902001435687850e-04
1.236359005310485627e-02 2.638058046363689129e-04
1.401630239390910110e-02 2.239112121006688202e-04
1.439219972757378556e-02 2.446731850793368865e-04
1.440242987444577058e-02 3.922506499541412550e-04
1.451573245158129140e-02 2.955506356907602861e-04
1.456677061225872087e-02 2.404098301828583252e-04
1.521867519457941430e-02 2.215696575659577587e-04
1.584884168643027613e-02 2.853971677139291755e-04
1.593234286814942252e-02 1.849698955109367506e-04
1.614811351406794659e-02 2.252943359519428749e-04
1.633177973734763547e-02 2.169005162493511973e-04
1.655038761915532744e-02 4.184752814266005233e-04
1.658472245116546576e-02 3.269513996532633581e-04
1.693490512319026711e-02 2.767764565631526349e-04
1.694212529263253511e-02 2.839917498040007743e-04
1.730020461239839893e-02 4.646136996431232268e-04
1.774421028812917314e-02 2.508030368541172691e-04
1.779755965552727928e-02 2.658148001324245227e-04
1.818338392472555742e-02 2.371854658709979474e-04
1.870631321119960166e-02 2.470864286161654402e-04
1.960637797232006943e-02 3.187156306111124421e-04
2.016497887491797841e-02 2.718697305964906902e-04
2.025523746965677066e-02 3.400971354272774990e-04
2.039192833288627077e-02 2.459648616871819944e-04
2.052499820857214829e-02 2.751987089024093662e-04
2.113610788905946961e-02 3.113253772188658355e-04
2.154488456747595537e-02 2.967401257138367826e-04
2.212701366216965684e-02 2.791376386851106522e-04
2.213127536296226328e-02 3.174620478559946296e-04
2.273670941472684046e-02 2.787320083694553165e-04
2.285170983179268811e-02 2.706709030773105595e-04
2.288903438270176519e-02 3.519591117420474142e-04
2.324683945688319278e-02 2.326109759183788079e-04
2.359912815926679119e-02 2.101631655464249030e-04
2.422471903880774394e-02 3.239055553828980197e-04
2.720579661352887091e-02 3.591917676106142019e-04
2.773256761924362476e-02 3.345810412179967626e-04
2.909439422118095808e-02 2.817023748148149757e-04
2.919188462869235293e-02 2.913958092620978833e-04
2.923500854844294713e-02 2.977067884311628714e-04
2.955974344717992794e-02 2.013004703515423692e-04
2.964149036532663650e-02 2.771397296836068625e-04
2.972331974298106014e-02 2.887598628150341864e-04
3.003301396357265646e-02 2.706602681124903125e-04
3.013347230392809245e-02 4.016283671073401975e-04
3.112489620880946536e-02 2.854083573156327184e-04
3.117575103465455508e-02 3.104081226105366055e-04
3.137143544020105229e-02 2.975011602220968576e-04
3.158092311832087773e-02 2.858136774129755361e-04
3.191399349309727990e-02 3.116646350111713210e-04
3.356326025980095606e-02 4.132094730431511392e-04
3.368463612890684050e-02 3.044884159459212633e-04
3.394421217496720877e-02 2.451026517909312037e-04
3.399533595532674979e-02 4.658318875350690312e-04
3.414732952141498468e-02 5.202057416869952785e-04
3.422541605105354490e-02 2.728528610923034413e-04
3.481789834177573262e-02 2.921896572352197970e-04
3.598823932589283875e-02 2.593364966635090243e-04
3.599366079738020724e-02 2.453020541527153289e-04
3.636239456332739789e-02 2.741120633737565131e-04
3.720400091797772951e-02 2.527329541720923904e-04
3.728155946887269645e-02 4.650592840586944610e-04
4.024816768784972298e-02 3.335612055762902711e-04
4.065091724185262989e-02 2.651132135080105142e-04
4.208741008198760986e-02 2.681587091784918132e-04
4.317474684254292427e-02 1.256128537738486787e-03
4.433449297638580866e-02 4.184788357388478236e-04
4.434058681186314743e-02 2.579817036569273850e-04
4.459065007903991601e-02 3.179972317514625688e-04
4.462106420573965643e-02 3.402901543749542630e-04
4.492003492538212267e-02 4.390290356734966688e-04
4.539047734244065074e-02 2.626912183200133901e-04
4.539656520276390966e-02 2.529350491907983835e-04
4.576637635622633066e-02 2.074363279167752466e-04
4.611314536070950515e-02 3.618448729671382472e-04
4.696176126916716542e-02 3.640377582738889349e-04
4.724289300161127469e-02 2.775880435661316043e-04
4.724963854650151424e-02 2.356091400136754992e-04
4.749421941102939526e-02 2.453927029060255240e-04
4.809383135066393894e-02 3.251814364543925543e-04
4.829511258034987348e-02 2.974682489782331640e-04
4.847227647441946369e-02 3.493547922183073561e-04
4.856071247286786186e-02 2.405883752990575861e-04
5.013830150102317751e-02 3.204454084200877742e-04
5.033284373570848930e-02 2.811788243787854882e-04
5.086015430860289094e-02 3.118105647963812519e-04
5.121557059638628950e-02 4.485345011515671295e-04
5.169832604326890513e-02 2.757670278253103111e-04
5.205785051603090130e-02 2.667478907148969260e-04
5.208232073252107991e-02 3.737193340837236888e-04
5.256819617296099034e-02 3.626688644972234999e-04
5.332290512828381096e-02 3.216817070955969035e-04
5.375386030276885913e-02 3.171523039812977228e-04
5.459127550711966731e-02 3.821802021227930883e-04
5.473857040718799888e-02 2.606028276431633368e-04
5.506427178054457139e-02 2.634577358348867107e-04
5.523652609555148446e-02 2.570975966742430224e-04
5.574090623608657369e-02 5.824361864557452443e-04
5.575369849492090718e-02 3.644406845314905738e-04
5.589384835934069207e-02 2.545635974270896466e-04
5.620148758457629151e-02 3.847074861487109971e-04
5.622688452752377941e-02 3.393806003737652628e-04
5.636198576338356803e-02 2.965476468737779912e-04
5.666309798009808163e-02 3.623185414641785437e-04
5.697548355366367084e-02 2.698251274904913213e-04
5.735823275439955182e-02 2.523902080156518644e-04
5.742388887281423687e-02 2.995944884777713394e-04
5.761869011060072321e-02 2.957011726786121252e-04
5.788609679186348250e-02 2.927589421520183531e-04
5.825136489331968204e-02 2.820457357331465262e-04
5.841827148041610351e-02 2.279448210806361516e-04
5.858467794576369819e-02 3.063238691116252255e-04
5.901596406151041196e-02 2.901772630542942457e-04
5.914409488212400007e-02 4.839226940160489140e-04
5.981369225991177430e-02 3.072515315402404553e-04
5.999746639768759743e-02 2.711858944582723821e-04
6.053280504769550929e-02 3.199646725286836775e-04
6.076881885217334106e-02 3.809940395581514101e-04
6.083069133163748754e-02 5.160974579749171877e-04
6.174003294706151973e-02 3.909996514042793684e-04
6.184574236398650282e-02 2.995939080348444892e-04
6.206484495122911726e-02 2.394899798795431035e-04
6.229231863705276401e-02 2.294648428928599713e-04
6.264833889011295343e-02 2.715939986268063426e-04
6.277371576958906685e-02 2.700544729908775708e-04
6.299841755796960208e-02 2.940223041270751520e-04
6.302315329482423290e-02 3.615414406285994168e-04
6.304320960573217558e-02 3.941523017486323098e-04
6.320762771391874590e-02 3.240433734729958977e-04
6.425046918572169252e-02 2.352091905845876392e-04
6.440021477966265118e-02 2.751216741003067404e-04
6.611883903889630154e-02 2.465775570177799851e-04
6.690423463810560301e-02 3.403883371704754667e-04
6.704638010446770102e-02 2.668862884324863698e-04
6.730956692677730890e-02 2.987865361853308307e-04
6.731390840883630378e-02 2.932537904472502896e-04
6.835413926942024432e-02 3.315992679957309344e-04
6.868468626919961573e-02 2.994215531766563016e-04
6.877207326150522326e-02 3.012681615698272765e-04
6.878191807654039647e-02 2.961546229954693105e-04
6.887224848597593707e-02 2.612135390863631629e-04
7.021424717127029702e-02 2.430571465162254495e-04
7.024224179619502351e-02 3.223321652317339922e-04
7.039591683543090783e-02 3.347688071389837866e-04
7.057845670968286578e-02 2.525908039625841340e-04
7.100298670823612657e-02 2.814409293202493239e-04
7.170257046109469734e-02 2.536357541411409129e-04
7.185315229256199199e-02 3.385030219701618904e-04
7.383771124100323158e-02 3.038459555544089437e-04
7.440659691378145868e-02 3.073028687729416277e-04
7.491266195514491300e-02 3.018526854389585448e-04
7.688619438177581034e-02 2.699963670655337791e-04
7.720355897273059598e-02 2.832161909846380777e-04
7.816019347563346598e-02 2.343706247053605688e-04
7.902743531104541863e-02 4.177195472840930881e-04
7.969804817259681928e-02 2.571498446369986624e-04
7.976165970575289921e-02 3.584107041003515150e-04
7.978254646741332612e-02 3.041990280816127246e-04
8.060901707885589906e-02 1.778722884848169341e-04
8.064109882558298525e-02 3.430244758964065251e-04
8.136087600697791689e-02 3.415361483811926182e-04
8.138943138402347788e-02 2.434952300961048611e-04
8.143639956673208447e-02 3.107042979356781616e-04
8.261505900205209918e-02 2.950155488797997724e-04
8.263893169241808001e-02 3.046061236837703827e-04
8.267973102007836195e-02 2.673957823894167326e-04
8.356363980362709054e-02 2.872348647212064044e-04
8.371221384655183617e-02 2.616004007582123847e-04
8.420758135439490588e-02 2.277717425315413380e-04
8.461005603138944953e-02 2.221313598868123590e-04
8.478642644122462435e-02 2.271514393961538553e-04
8.548543162362441661e-02 2.865164519168152276e-04
8.572765244748820068e-02 3.984739787736430719e-04
8.576910039125804075e-02 2.695866820877618588e-04
8.630075619868626813e-02 3.312127539960945093e-04
8.700426876536029863e-02 3.000848645226835798e-04
8.765667734073780137e-02 2.547101458701922332e-04
8.785187776979387630e-02 2.766998774630293617e-04
8.809125543106781364e-02 3.870713207462352979e-04
8.835162290745643410e-02 2.464511442754683244e-04
8.892022821964189194e-02 2.236050879653818163e-04
8.893848094961451234e-02 2.765281444643073847e-04
8.898876044605612268e-02 2.677051737573062583e-04
8.934604475090937581e-02 3.151113284930201919e-04
9.041169029354759190e-02 2.223127139648593830e-04
9.058516993988971477e-02 3.028288839068616527e-04
9.060344384744430102e-02 3.072515494255744026e-04
9.115519291578159933e-02 2.449127682665361793e-04
9.121690104897973994e-02 2.262531215400311220e-04
9.155799886293790324e-02 5.668068007406363348e-04
9.170056766136482074e-02 2.889984847619772503e-04
9.206431011157852062e-02 2.749933071217044393e-04
9.243603550044124373e-02 2.819742542475093248e-04
9.252514694176743049e-02 2.477783133976116121e-04
9.260466686850320206e-02 3.294624877474957507e-04
9.289000191917244631e-02 2.168259726469379787e-04
9.349747671747302147e-02 2.309113321421849972e-04
9.427255079075644306e-02 3.909641233326810288e-04
9.464518737637334089e-02 2.658249284526358535e-04
9.466802396704623868e-02 2.731074330698395644e-04
9.485891369974813747e-02 2.602147957004335337e-04
9.497861349195417524e-02 2.507082143556142988e-04
9.531146414023003444e-02 2.595446879152044084e-04
9.539864763937470904e-02 3.215326355400088820e-04
9.586563695133619445e-02 4.212665636060823789e-04
9.630717803499799778e-02 2.835990000854648856e-04
9.640796804849385837e-02 2.441977849042759941e-04
9.675209039972545999e-02 3.201515137481423536e-04
9.770600829574771495e-02 3.878221942143197172e-04
9.777405342983454262e-02 2.714833011977037030e-04
9.795210387503358596e-02 3.313922901860292462e-04
9.875911723123889652e-02 2.484637567925497255e-04
9.925487319629514027e-02 3.386553669777294436e-04
9.931947172905740417e-02 2.453405428888998292e-04
9.947359802893673830e-02 2.575152549447976306e-04
1.001091972837864080e-01 2.581955551473972535e-04
1.012665203166238370e-01 3.468747125067082014e-04
1.014546731305828314e-01 2.697560131448796181e-04
1.016418278858962909e-01 2.080048108195063671e-04
1.022266656683313013e-01 2.198874966561186199e-04
1.022628976207592549e-01 2.569000583326198862e-04
1.034254809876607173e-01 3.588604888317253861e-04
1.036257020213378066e-01 2.300362669523584166e-04
1.037940193900552949e-01 2.390297320746746486e-04
1.044105361939377252e-01 2.490747980572734308e-04
1.051328755696620681e-01 2.375968301287528404e-04
1.064767932953161605e-01 2.710577647328017725e-04
1.071934909890927129e-01 3.450780397753526268e-04
1.072964337576771260e-01 3.498946496085629672e-04
1.075006772622628393e-01 2.575852853317344305e-04
1.078566396140296230e-01 2.303898945063235647e-04
1.079274802785955140e-01 3.538638940196605449e-04
1.080689138784314135e-01 2.854155775755139635e-04
1.082310470002383895e-01 2.905046382830327330e-04
1.082698539243260177e-01 2.400557430256288220e-04
1.086783063186108067e-01 2.892387984325425591e-04
1.093735183748739265e-01 2.434632170411800281e-04
1.098325018696183625e-01 3.081632608820142035e-04
1.099709219044465863e-01 2.746765250471809821e-04
1.099926080602234568e-01 4.369166132663232244e-04
1.103995317738449278e-01 2.336831110550111534e-04
1.104634694680897977e-01 4.808432144140533022e-04
1.107582018948601588e-01 2.169279683985722747e-04
1.109119115583260401e-01 2.532643705870241276e-04
1.111235054549568751e-01 3.271665922753868205e-04
1.111473382519121006e-01 1.974547716288772869e-04
1.114980801449689668e-01 4.826454107887321026e-04
1.115499121272186811e-01 2.774484733059244188e-04
1.119059112806195799e-01 2.639018467004566881e-04
1.122045725955373163e-01 2.284583469356152329e-04
1.124835245960029428e-01 2.149006852814953602e-04
1.127232406337117104e-01 3.287269083858517242e-04
1.139967732064370159e-01 3.393367637438588240e-04
1.147756684676017047e-01 2.301206941273505405e-04
1.150937858600767222e-01 3.128404959177631195e-04
1.154492620016093068e-01 2.382188611837601831e-04
1.155376077664403006e-01 2.133515741262439667e-04
1.155376238209292750e-01 2.460233336426226975e-04
1.161438811695855305e-01 2.936131243267749722e-04
1.161888057401058716e-01 2.388639198153349758e-04
1.162898830667272038e-01 2.979725751223734711e-04
1.168769640622280143e-01 2.235590926348524174e-04
1.181128708013190615e-01 1.999052860134644901e-04
1.184139295036144707e-01 3.156301691390539033e-04
1.206458268601890704e-01 2.272825764414093187e-04
1.212433901106945572e-01 2.966611304091665226e-04
1.216701291439977739e-01 4.364075792169480432e-04
1.220647610626044710e-01 3.191208271003599293e-04
1.221050848747307904e-01 3.687682385458309871e-04
1.226665040589064171e-01 3.254550271648530969e-04
1.229228645163371741e-01 2.571895335469939195e-04
1.231966093165517140e-01 2.712580940944975174e-04
1.236445192740275728e-01 3.052644740154639483e-04
1.237751295662064266e-01 4.700260827476360702e-04
1.246292250540269181e-01 3.294871536774309677e-04
1.247037627749375127e-01 2.713207004689314182e-04
1.247084215162670151e-01 2.317052992228702684e-04
1.252382323730797109e-01 2.945003095938179783e-04
1.254139295505135032e-01 2.766119658984946624e-04
1.256332115175055886e-01 3.151945813629956992e-04
1.262521963868953323e-01 2.866205993987700558e-04
1.266607833785161341e-01 3.972736396017343850e-04
1.270343546579049687e-01 2.012305548472318763e-04
1.273540791090368440e-01 2.961149416724153825e-04
1.283502274701903978e-01 2.748134248904797331e-04
1.290594533511529585e-01 2.393693314067839783e-04
1.297134442804855070e-01 3.476403406199066008e-04
1.300623386018831262e-01 2.836314631696701611e-04
1.304266230992449649e-01 2.191086377523169160e-04
1.311786621808817555e-01 2.498235916213911831e-04
1.312349231259627158e-01 2.381169776346142629e-04
1.314318278986693622e-01 2.913546751280824158e-04
1.327722722529974253e-01 4.153193230463213411e-04
1.330376937706255758e-01 2.948211585755057692e-04
1.330616219998478622e-01 2.431306925828186896e-04
1.334197587842124721e-01 2.652952719905564611e-04
1.341358061606733321e-01 3.092720069870236741e-04
1.342359375117724296e-01 2.051699722217256250e-04
1.344045363837083895e-01 4.089601595617469950e-04
1.344815214919139468e-01 2.572370312692778610e-04
1.347972010268980725e-01 3.031664736411776064e-04
1.351794343878513494e-01 2.466264292437376745e-04
1.352686942984629437e-01 3.560776299364626384e-04
1.352905692993838505e-01 2.145539886541027890e-04
1.353571149659444639e-01 2.381124785912713902e-04
1.358465390841831211e-01 2.499609056591561482e-04
1.367442357018901489e-01 2.300007093002457423e-04
1.369333375914284223e-01 3.149666395324892689e-04
1.376983907242274041e-01 2.598522235748745748e-04
1.379847770763278358e-01 3.786262813882044207e-04
1.381324790725256546e-01 2.582885618737030728e-04
1.382520484596493349e-01 2.673994253846234464e-04
1.383950728009726849e-01 3.719438027189574526e-04
1.386833066508401380e-01 3.307174775491203769e-04
1.396121998130795683e-01 2.965089320500890872e-04
1.404611677554107041e-01 3.788249074829267934e-04
1.409211239880098776e-01 2.443928440524372782e-04
1.412268547278369146e-01 3.803164290680514426e-04
1.413652647519010597e-01 3.241390769594204796e-04
1.414054628949371339e-01 3.875108373717559007e-04
1.414964821487562918e-01 2.607182887077562762e-04
1.415297627099695588e-01 2.353291634021144536e-04
1.418283620858584448e-01 3.921590366484369408e-04
1.424024908929782118e-01 2.642277493154562167e-04
1.426878312682894057e-01 2.895393147714925156e-04
1.432620106039536045e-01 2.275487234520951027e-04
1.436015961795182039e-01 2.426403091893130086e-04
1.444102956365549417e-01 3.536855840668715403e-04
1.444440900730506738e-01 3.043620435928683261e-04
1.447972552233999233e-01 2.653378978194575978e-04
1.448330441377744526e-01 2.744975533176771156e-04
1.449824189283928921e-01 3.018724812591806858e-04
1.453439270390220195e-01 2.520942503476210675e-04
1.455768043278378998e-01 2.351178260141400004e-04
1.457087140852131590e-01 2.389115317318263115e-04
1.463645105243625844e-01 3.254453151010225842e-04
1.467712808432275751e-01 3.208011337960882566e-04
1.469148544604897688e-01 2.962540421766366675e-04
1.474367940494277496e-01 2.543714162405437493e-04
1.476302182506649963e-01 2.870130006185010437e-04
1.476463816251915584e-01 3.451816010430078046e-04
1.480010161216262221e-01 2.587886077942829779e-04
1.483932540255636923e-01 4.457887225829337764e-04
1.487861596294129674e-01 2.997234394329726520e-04
1.490610483452577406e-01 2.355597966331245509e-04
1.491988597410883188e-01 2.472043751091482786e-04
1.497236337099343839e-01 2.242415724540191072e-04
1.499485954567478241e-01 2.290492461077513068e-04
1.511908985824648444e-01 4.761525643576179070e-04
1.516688844553244209e-01 2.951378137670294054e-04
1.519849595175175039e-01 3.216922234689455467e-04
1.528235431421187951e-01 3.547302806854333245e-04
1.532531816124378388e-01 2.171693310551144681e-04
1.536160175931098604e-01 2.057461419665059118e-04
1.540667653674452353e-01 2.541893710561931924e-04
1.540817533176948584e-01 2.575171678996743285e-04
1.544106321117153791e-01 2.404179483760676044e-04
1.545632855052035959e-01 3.194138073306427130e-04
1.548747810541498127e-01 3.570159770487892829e-04
1.552488211238586546e-01 2.238255013161221925e-04
1.556470924180306248e-01 3.651321331487839906e-04
1.559740019777731412e-01 2.752302734463577937e-04
1.577902962827249511e-01 3.360351956717725578e-04
1.581038919704197687e-01 2.685786498360666873e-04
1.583033009107444045e-01 2.826148036484057318e-04
1.586026013716618777e-01 3.803389899203801815e-04
1.587519592029536519e-01 4.973418627436822616e-04
1.597369088556162275e-01 2.626191905373468196e-04
1.598902004378253139e-01 3.634084757672049440e-04
1.602467738717262558e-01 2.242694778391247988e-04
1.606050888640015439e-01 3.372098847938412650e-04
1.622677820404222482e-01 4.885357308800832455e-04
1.629169347492884501e-01 2.793366762934236438e-04
1.640527780942322988e-01 2.388711318663818111e-04
1.649802475342702357e-01 2.404226081592049716e-04
1.655019878973458258e-01 2.536997761597843638e-04
1.658057184697458719e-01 3.525358054314723429e-04
1.659826322289409684e-01 2.679402422796460384e-04
1.661937549598918318e-01 3.184395524515720700e-04
1.663275751267820901e-01 2.192046678849385950e-04
1.665247734446974881e-01 2.237105958148947744e-04
1.668225230356732702e-01 3.220629285035073912e-04
1.675175460074328215e-01 3.383932478278753385e-04
1.681871029027684483e-01 2.130940214018085376e-04
1.702147840084676234e-01 2.104484147929826373e-04
1.705810439625123076e-01 3.587850318917214969e-04
1.706971842239714265e-01 3.678218505271313096e-04
1.707975835965231393e-01 3.245734095017801255e-04
1.717071739408013720e-01 2.444872259952039881e-04
1.721805500676171219e-01 7.222599089697302657e-04
1.736602412915311533e-01 2.213315007527896154e-04
1.738603681474018281e-01 2.870613770760959012e-04
1.740355308617860530e-01 2.279099258756503888e-04
1.740361999897381273e-01 2.000828402163105620e-04
1.751736013194416519e-01 3.251418765339770568e-04
1.755883493309021992e-01 2.140709656619279862e-04
1.757131583480703862e-01 2.302038272721403632e-04
1.757953079742621272e-01 2.594164353358072769e-04
1.764636971577950852e-01 4.216068608074803516e-04
1.772021948600112640e-01 2.687907958479339747e-04
1.773108841361844823e-01 8.469240680919114337e-04
1.775298003508881395e-01 3.887497041722754224e-04
1.785227716602513781e-01 2.404148006669903285e-04
1.788037658979257927e-01 2.062162425693815247e-04
1.791611635017416881e-01 2.462672632843859841e-04
1.796531254353785634e-01 2.614701010343371216e-04
1.798613028063710262e-01 3.070367546368395141e-04
1.809988431556030231e-01 5.638007178618593008e-04
1.811786418466418414e-01 2.006599528430422653e-04
1.812214061628448225e-01 3.209070532109799430e-04
1.818746349301434140e-01 7.211562215913007879e-04
1.818915044024859151e-01 2.410856346197672593e-04
1.827443674349022162e-01 2.769877132838884115e-04
1.829000202536793518e-01 3.055023855283400770e-04
1.834762661410783147e-01 3.292827209785945575e-04
1.836064672355919858e-01 3.175288573709014067e-04
1.836399298275313285e-01 1.896133249859909876e-04
1.838880293461100102e-01 2.712791714728569393e-04
1.842535982052864174e-01 2.617073978885431514e-04
1.842760976397343764e-01 2.904910034628585070e-04
1.844046274492733561e-01 2.445756310247594319e-04
1.845482410412264129e-01 3.368469484896060499e-04
1.852240693013421646e-01 2.717220355288047363e-04
1.859901864822257056e-01 2.272579629876600145e-04
1.863267467776854591e-01 5.232128924962024894e-04
1.864002604623806458e-01 2.786482865632978773e-04
1.864594483237467237e-01 2.588395244257098008e-04
1.870492989241740456e-01 3.755887741213454183e-04
1.872294632180332152e-01 2.774457879123080136e-04
1.875676651042511855e-01 3.940723236805486495e-04
1.878109590240196747e-01 2.230745780402808688e-04
1.887978389765451182e-01 1.945463660752065290e-04
1.906776796077216396e-01 2.936362884726887216e-04
1.906813930104784283e-01 4.072829022339934839e-04
1.908546124889571594e-01 2.832946212352071180e-04
1.913860959108004411e-01 2.151691772444223178e-04
1.921057658946475066e-01 2.672765398077214653e-04
1.923530088900755608e-01 2.528445296153494673e-04
1.928722901710376580e-01 2.635410140487890449e-04
1.932087440948440926e-01 2.798474286902281243e-04
1.933529373429144493e-01 4.267975437894139701e-04
1.941134332785981742e-01 2.326579999104744256e-04
1.941179042003592370e-01 3.432197271385543599e-04
1.941435785735580455e-01 3.320764943496264977e-04
1.942701285924336441e-01 2.144229759182020463e-04
1.946639974509764004e-01 2.759395331199067294e-04
1.946770706223811542e-01 3.059923755449247954e-04
1.952397988594533340e-01 2.492519673245327332e-04
1.958610009699918997e-01 2.427003033608365499e-04
1.962308417250285819e-01 3.395053601974390781e-04
1.966627611772344686e-01 3.247438425334209645e-04
1.978145478239976829e-01 3.559431269829199510e-04
1.982136861306235676e-01 2.732002181084824738e-04
1.983879311117379973e-01 2.706380729292028986e-04
1.984814973165404395e-01 2.817127452568825622e-04
1.989398792939307270e-01 1.919336236248996930e-04
1.993578322374309209e-01 2.739954230020925766e-04
1.993622987866517926e-01 1.977684686848406607e-04
1.994975066448657353e-01 1.987783073856320168e-04
1.995664648387769635e-01 2.611717134224094024e-04
2.005221258763165704e-01 2.898665859757227031e-04
2.010865165805046928e-01 2.822669728207537329e-04
2.014357575670010225e-01 2.287108959456680762e-04
2.015813426843044709e-01 2.264606477067372539e-04
2.018205270452707034e-01 2.469143444646683112e-04
2.021602105421203832e-01 2.144539819618732524e-04
2.024748011962938243e-01 2.159447148387222371e-04
2.026835125996593323e-01 2.928190698462328450e-04
2.029035265858822601e-01 2.408828365517684381e-04
2.035920412485606179e-01 2.060431023501518920e-04
2.045666835934065730e-01 2.696301330027798290e-04
2.052541345699277486e-01 2.155989005324438401e-04
2.060983009346271100e-01 2.558718347760466447e-04
2.062370644052033408e-01 3.342973161332470772e-04
2.066482383455233163e-01 3.044311904240221177e-04
2.087686544056681359e-01 2.889975645682318840e-04
2.088563105301342038e-01 3.580206875297835571e-04
2.089957251001434979e-01 2.017508510740196063e-04
2.098744289129292062e-01 2.081372534301186364e-04
2.099817349997344651e-01 3.098317894805282559e-04
2.100091047085082541e-01 2.791244266419467125e-04
2.101947950747700133e-01 2.225678597727890273e-04
2.109072359284926979e-01 3.079970728137978097e-04
2.110053170978674897e-01 2.263543975087454379e-04
2.110579901342160558e-01 2.906504746146312780e-04
2.111993354030720915e-01 2.065821064804183632e-04
2.116166315167510581e-01 2.752772402948951342e-04
2.117618356040008865e-01 2.183813028497305045e-04
2.118880556809800697e-01 2.430482368480594972e-04
2.120551143358525292e-01 2.585715103300230064e-04
2.123829812470076350e-01 2.600515318014252376e-04
2.129161501057765526e-01 2.668917482816758830e-04
2.129230853680987856e-01 5.056965245753035831e-04
2.129404995143498736e-01 2.420083532145794292e-04
2.130907727867419610e-01 2.221626764434775445e-04
2.131204681264875500e-01 2.496337032067814064e-04
2.135131189198889723e-01 2.697539684642456651e-04
2.135328843857441650e-01 2.223198802269345643e-04
2.135975489384678849e-01 3.974168619264701837e-04
2.138372422207997225e-01 6.614278980572259369e-04
2.150065747940863581e-01 2.238305729408872010e-04
2.151232869144698856e-01 2.679127243494535521e-04
2.151417211461249257e-01 1.884755748928198052e-04
2.152520590351852670e-01 2.250495997699666082e-04
2.153366451496662171e-01 2.312285915927402794e-04
2.160594712215253843e-01 4.632293484885223879e-04
2.160999469354090707e-01 3.097988211879488759e-04
2.171562483793808007e-01 3.191182044165901169e-04
2.171728940605926195e-01 2.875507823545182156e-04
2.171962858157634457e-01 2.526960125470388281e-04
2.176102540413595576e-01 3.237265888931552520e-04
2.177537624283508444e-01 2.579642921871315984e-04
2.179581478918438675e-01 2.756439341963851293e-04
2.185202343962169003e-01 2.439223653339422839e-04
2.187141833172273064e-01 2.367355442077487325e-04
2.194817960974905224e-01 3.134477924680342375e-04
2.204534846066303344e-01 5.955378881157523136e-04
2.205961159921172032e-01 2.364959768676034690e-04
2.206051479331410936e-01 2.606871037940553340e-04
2.207230010281368004e-01 3.132048266893596323e-04
2.215071473577300554e-01 2.755776057202900006e-04
2.215356184901100811e-01 2.638557813494467460e-04
2.218781667273710401e-01 3.268927283630529358e-04
2.234592376383389700e-01 1.923844901065346273e-04
2.236433710543104247e-01 2.259271372289236527e-04
2.253782989953146965e-01 2.438924052473069864e-04
2.265351702391933952e-01 2.616214388118291256e-04
2.270766219971232791e-01 3.938532286521471276e-04
2.273636990359173271e-01 2.113619246822319323e-04
2.277097251202675754e-01 3.297934912120909596e-04
2.281421628781976074e-01 2.842336238084981303e-04
2.285214179234975329e-01 3.220991378914481043e-04
2.288271202887187938e-01 2.999110317546323798e-04
2.288570899250401691e-01 2.042438466914552856e-04
2.290684171471919217e-01 2.610635789136657209e-04
2.292728728187766463e-01 2.431666497478165946e-04
2.295550540135989082e-01 2.267496183146334012e-04
2.295599182507725988e-01 2.570280972941485606e-04
2.299182745664115624e-01 2.639146238949981855e-04
2.300367470225595512e-01 2.859717200721548333e-04
2.304993013984691086e-01 2.492684851437859564e-04
2.314644194279176781e-01 2.006042234898953243e-04
2.322501238695402759e-01 2.314780867880640353e-04
2.333074555658362359e-01 3.108916999843124181e-04
2.336755019444250459e-01 3.129468039132241117e-04
2.337495442250964173e-01 2.203264433271003356e-04
2.353274112384258765e-01 1.971556300950721931e-04
2.353835656166551604e-01 2.683487642384471705e-04
2.354658066976023090e-01 1.945625977643656332e-04
2.356781486286128602e-01 2.072375748598141916e-04
2.358502446450298218e-01 2.471347189165383701e-04
2.359214887309359909e-01 2.895690755835870155e-04
2.359328141338681017e-01 2.181069424693021200e-04
2.361669613970511228e-01 2.132575099331353308e-04
2.367925671335074367e-01 2.399331948668234778e-04
2.369443390428800089e-01 2.082932042449262759e-04
2.369950510248701459e-01 1.932352700074624764e-04
2.373170183631148622e-01 2.836619324845604268e-04
2.375576408181371002e-01 2.215734266681688145e-04
2.375725221916864249e-01 2.446261765176787955e-04
2.382112782855013988e-01 3.069823438592056723e-04
2.382371343393654139e-01 2.939636966613763777e-04
2.386629965630639172e-01 2.649271011425529169e-04
2.389016834446232029e-01 2.289126128297061503e-04
2.391647293431505006e-01 3.412341195861244157e-04
2.393769009754526389e-01 2.628303269867358948e-04
2.396044335110489309e-01 2.098952720240275798e-04
2.406898133396631889e-01 2.516924694207778855e-04
2.408316237894655709e-01 3.399230283843771559e-04
2.409128088549061519e-01 2.813558019652911101e-04
2.410877829100159242e-01 3.138144819913160958e-04
2.411546892332271930e-01 2.519007266719496072e-04
2.414327996695524725e-01 2.259662197980251831e-04
2.414874799235390002e-01 2.539640235394364826e-04
2.420160160838928654e-01 2.251354752294787670e-04
2.423465541477140828e-01 2.467399353841180859e-04
2.423745120420027488e-01 2.155281227858807066e-04
2.429714948928030915e-01 2.190907974892120015e-04
2.436415260845216368e-01 2.102229023608028131e-04
2.438506419342794107e-01 2.341373228914424634e-04
2.441820556622019134e-01 1.748353708648607964e-04
2.442058952749992795e-01 2.755558291752792464e-04
2.444427147381766086e-01 4.120146320517288695e-04
2.448190311107484030e-01 2.619142146365015787e-04
2.449855512271851832e-01 2.863546013478813243e-04
2.451044769420143987e-01 3.350428538488503701e-04
2.456059662430269130e-01 2.286738277048546450e-04
2.461422082348495577e-01 4.005649403263029430e-04
2.463294166165287402e-01 2.217446046776219758e-04
2.464893363565608120e-01 2.591840468304704138e-04
2.465066885812537689e-01 2.828855351264839501e-04
2.470937899962231954e-01 2.491475820514736607e-04
2.479535010579577148e-01 2.364469844000774770e-04
2.479847643412647074e-01 3.491707685437754876e-04
2.482844649192821884e-01 2.034433016646329810e-04
2.494015813423443861e-01 2.565788796957290578e-04
2.504896159575086823e-01 5.963468840474935072e-04
2.509534526096018903e-01 2.554294599070005005e-04
2.514768520262916085e-01 2.837860963338759450e-04
2.526203288612544062e-01 2.121207300651221212e-04
2.527097203857741059e-01 2.868209582800102160e-04
2.529217029919104687e-01 4.698757112477571656e-04
2.536557528975713072e-01 3.685118153874817324e-04
2.539139917607547425e-01 1.863437020089541698e-04
2.546054675368346065e-01 2.028884313076582621e-04
2.546591355604352902e-01 2.222937740307205483e-04
2.546613360710984209e-01 2.396248063181361963e-04
2.548513661426444754e-01 3.150101277694845078e-04
2.551733661685130494e-01 2.072823049207126334e-04
2.553884395763947324e-01 2.460894968131166417e-04
2.559389439264603827e-01 5.607018569907409964e-04
2.574626525254297138e-01 2.205117853866478915e-04
2.578687109477834083e-01 2.166024131214709897e-04
2.579027560732058411e-01 4.840321164729690902e-04
2.581902921576013088e-01 4.030775486962469701e-04
2.583657299756325632e-01 3.180856412316374103e-04
2.586585515395365964e-01 1.937808714334816136e-04
2.589333400218333803e-01 2.256941540698071487e-04
2.590112395365154474e-01 2.255627741339971736e-04
2.592101181993853309e-01 3.610627786399745929e-04
2.602454138521979043e-01 3.176944577886865544e-04
2.602854357730678414e-01 4.602487731677406754e-04
2.607401827327223698e-01 3.478210854337052517e-04
2.611750451368900494e-01 2.345744728955735377e-04
2.613972190706369547e-01 2.965168421847680282e-04
2.615801447046423034e-01 2.349439207600931875e-04
2.616740277985813434e-01 2.162764707540383179e-04
2.620889961570074811e-01 1.819009037929407457e-04
2.623185011333810102e-01 2.539412027019489625e-04
2.624899564480479008e-01 3.053006755187318206e-04
2.630396771072446294e-01 2.526498373268906304e-04
2.641566395006391121e-01 3.085724372403746705e-04
2.651365238757100173e-01 2.909314500885670264e-04
2.652455962218575602e-01 2.434450049525596410e-04
2.656252830497839446e-01 4.305068295330180018e-04
2.656456543461502839e-01 2.423076994566727939e-04
2.663748753497330868e-01 3.039101369358756253e-04
2.664640634812033282e-01 2.523920512859475400e-04
2.664954927513565885e-01 3.282007114291585399e-04
2.667488656327530183e-01 2.156681892159960574e-04
2.670801304710907487e-01 2.830186917336673146e-04
2.675956171696325936e-01 3.924943510423886932e-04
2.677670051487064384e-01 1.961722946589221990e-04
2.680279763200307253e-01 2.490427052456812358e-04
2.683904100327101361e-01 4.098310787902774031e-04
2.686495625012710886e-01 2.349882805197520607e-04
2.689997019309144921e-01 2.566854638883993051e-04
2.690061415146937640e-01 3.240178334146399919e-04
2.690184348198245701e-01 2.087687577665170056e-04
2.690890906010569017e-01 2.389027741977431971e-04
2.706602244957676540e-01 2.781448221696389820e-04
2.710919395307770374e-01 2.847263798069414424e-04
2.711907254839213133e-01 5.745860229390611093e-04
2.714551166352120459e-01 2.061948153951876880e-04
2.716818684963100416e-01 2.163212384517696461e-04
2.738249633648224823e-01 4.106206959267204347e-04
2.741534269828717618e-01 3.110216996692865676e-04
2.743595631333367035e-01 5.321753881402057056e-04
2.750423573977200942e-01 1.941961191868041118e-04
2.751995633558670940e-01 3.101972517550078572e-04
2.765518255395028047e-01 2.742242887027981002e-04
2.776285118911686611e-01 2.447926125895211256e-04
2.780610274123487269e-01 3.592961272960445247e-04
2.785396409922927252e-01 3.116490361996775843e-04
2.786686165342424082e-01 3.380128569089786727e-04
2.789930257610677145e-01 3.121133343441333642e-04
2.793710100540145458e-01 2.510460071598767987e-04
2.800472298620796940e-01 2.581484540794162482e-04
2.804468607964105131e-01 2.089660341242374980e-04
2.807408591036794077e-01 2.108485458623306219e-04
2.817745879006057774e-01 2.969374256987722329e-04
2.831974873736116116e-01 3.146700679443544283e-04
2.833229895365246276e-01 3.700209887011114717e-04
2.835045798366586101e-01 4.001717671954253537e-04
2.846432112414070681e-01 2.022405311132289055e-04
2.848700796671914670e-01 2.490685057235894921e-04
2.853088447937591199e-01 2.016465009310544089e-04
2.853268202767626494e-01 2.300473258265916881e-04
2.858726489337322096e-01 2.463246842483795499e-04
2.858855247357575124e-01 2.901476935187162357e-04
2.861166110135157647e-01 2.068083641590682186e-04
2.861245194733508246e-01 2.283482749410801192e-04
2.863476978221560221e-01 2.166736538875519238e-04
2.863619711129571366e-01 4.335343682066122406e-04
2.869680186951080736e-01 2.724383241513564824e-04
2.870008478325343781e-01 2.070827116693291334e-04
2.871061014264014721e-01 3.388346448243882638e-04
2.874200210180266057e-01 2.682813307921078864e-04
2.875687915803353811e-01 2.825659171818657505e-04
2.877944879128492839e-01 3.465297945784503336e-04
2.883626218698914223e-01 2.091120617879812388e-04
2.894434262567367466e-01 2.316889561288931222e-04
2.897469323653452111e-01 2.340734302396140973e-04
2.903039452226226502e-01 3.015678730825085063e-04
2.918842757344656258e-01 2.400233801860545562e-04
2.928083402950689695e-01 2.394169550071086853e-04
2.930622999317271105e-01 2.309756094237972780e-04
2.943973654978905841e-01 2.578627241088174275e-04
2.953338720764733250e-01 3.420342040955948746e-04
2.953436948804657458e-01 2.479576787031840786e-04
2.967226587611884181e-01 1.911984451552181696e-04
2.971582084615129737e-01 3.153645962347836028e-04
2.974434433219313445e-01 1.909753884048002591e-04
2.979183467583595979e-01 2.351341158383740920e-04
2.986402415603938154e-01 2.707976319446860091e-04
2.987895102277535186e-01 2.342291629499802742e-04
2.989423774956720958e-01 3.042361800227892025e-04
2.990443707229567538e-01 2.966809632524992609e-04
2.992626531644367871e-01 2.208666169293288940e-04
2.999434770097886838e-01 2.725412021819032232e-04
3.005535118940925732e-01 3.593439583443647808e-04
3.006992005038638394e-01 2.291629047483149625e-04
3.007102513257067788e-01 3.290029050233209931e-04
3.011802535463375396e-01 2.716605817163450813e-04
3.013452617056464056e-01 2.082642736639916654e-04
3.018498825870847835e-01 2.646314487068145778e-04
3.018936757497368006e-01 2.367856136976708781e-04
3.019113626370724668e-01 2.581661561480630071e-04
3.020205217996909108e-01 1.841657092130675555e-04
3.023711948774567837e-01 2.023616562216239384e-04
3.024056843115977555e-01 2.163528286072947352e-04
3.024818150431025088e-01 4.476720933745145336e-04
3.027926085008078028e-01 2.169151645608243103e-04
3.030788862395255578e-01 3.319586822217257625e-04
3.033640723696503505e-01 2.340997961370417453e-04
3.037671973894751076e-01 2.394306259554129942e-04
3.040199925807949288e-01 2.591570846788076254e-04
3.044353199690793543e-01 2.385149471573441194e-04
3.044466841931799395e-01 3.028922901335600530e-04
3.046603860328250812e-01 2.612282336323122948e-04
3.050305971470045341e-01 2.208490501632582171e-04
3.052717882065492105e-01 3.279803499876040706e-04
3.056377501893221549e-01 2.123779873109880954e-04
3.059064882988845047e-01 1.875835124540621861e-04
3.060561795728258261e-01 2.332467541809837733e-04
3.080935155590773800e-01 2.420509276664529878e-04
3.081798087146842002e-01 2.912839556702529311e-04
3.085796363699593869e-01 2.956996532254052611e-04
3.089370142348941140e-01 2.477848382618389280e-04
3.092224324524933121e-01 2.084803834028871935e-04
3.093469150777837795e-01 2.287510260387726115e-04
3.096959847542455901e-01 2.328564478145784503e-04
3.097841981843396653e-01 3.075456374552734055e-04
3.099208138207171226e-01 2.519944644992472391e-04
3.102515408795545326e-01 3.154783096186458843e-04
3.104391152676281296e-01 2.184626330355476161e-04
3.107227733504137057e-01 2.601640706163584754e-04
3.108526595585419661e-01 2.034791827967898385e-04
3.109315270526011865e-01 2.425238079833492218e-04
3.111691098688723067e-01 2.123297285939110398e-04
3.116856498611041970e-01 1.748265915119719680e-04
3.117963191471852524e-01 2.504235331105410614e-04
3.121172546418233273e-01 2.553475980391200226e-04
3.144766825814215294e-01 1.665102324298338194e-04
3.147345598738874317e-01 2.411138371926106402e-04
3.148424578850698707e-01 3.543400378649485616e-04
3.152337930297451352e-01 3.940892259845093994e-04
3.154241632613123958e-01 3.402193854464959045e-04
3.156152730074429646e-01 2.832214115281538437e-04
3.157818791332180353e-01 2.320086198007903272e-04
3.173216085949375209e-01 3.065606437162872976e-04
3.178354681711077490e-01 2.502503629608976497e-04
3.184496042305766106e-01 3.298992864734572408e-04
3.184864797899858435e-01 2.376492835261695435e-04
3.189571949604646517e-01 2.266766303008723772e-04
3.190180859805783475e-01 2.144562272467494615e-04
3.193778847796294174e-01 3.329877727470338168e-04
3.197186117548667106e-01 2.880035217791010460e-04
3.197955772850232248e-01 2.428767080504513833e-04
3.208574461669750910e-01 2.574971470401264174e-04
3.214422145612080839e-01 1.695594320388558161e-04
3.214713027088691999e-01 2.457808500984433753e-04
3.216426519735474110e-01 3.066652446198408957e-04
3.218699278522001994e-01 4.111871540886567972e-04
3.223124379094916003e-01 2.602326724489750819e-04
3.227764955501303268e-01 2.976209366318021332e-04
3.229365048745848066e-01 2.217229212475326210e-04
3.230842799691601708e-01 2.348685492451892348e-04
3.234269236272479531e-01 2.296571974494004986e-04
3.241467589160227369e-01 2.199082985176474732e-04
3.247627814788047740e-01 2.295482806647245529e-04
3.250027931172823070e-01 4.214045441159651809e-04
3.252070213998453085e-01 1.840338957106088514e-04
3.252841681694197407e-01 2.838389954015261402e-04
3.257936848956140552e-01 1.603118377191609437e-04
3.260850245330951802e-01 2.203151845987164471e-04
3.262525945891515677e-01 1.602744676688258292e-04
3.266302249101070143e-01 2.517090487257067090e-04
3.274321756770295355e-01 2.412635154869988141e-04
3.277922978184468761e-01 2.823068457423142524e-04
3.279153506414257402e-01 1.938871791980118528e-04
3.282030480893655122e-01 2.844915874483286942e-04
3.282421139478293171e-01 2.312498011426948217e-04
3.282976452246443300e-01 3.076757704956566272e-04
3.284694240022963396e-01 2.482100544599690969e-04
3.285730038415112242e-01 5.560125473039134953e-04
3.291861698285033500e-01 3.897040712435107055e-04
3.292207328606736594e-01 3.595239943438640761e-04
3.300742177715453862e-01 1.825121542815514729e-04
3.304597783408508294e-01 4.940097551266565230e-04
3.309064561296006235e-01 2.409796662805168679e-04
3.311360373454500516e-01 2.084246342375152853e-04
3.314063593956718679e-01 2.222347691714806044e-04
3.323762062270048667e-01 2.452322187131057447e-04
3.329339727070470545e-01 2.643996273792476341e-04
3.332970108756510563e-01 2.267414596945976576e-04
3.334333482302877516e-01 1.964420082377636213e-04
3.334872706246796437e-01 2.002329821280571340e-04
3.338017130800940424e-01 2.011315039275510914e-04
3.338380018854245623e-01 2.623960149369718251e-04
3.338588358738697748e-01 6.468199855790614803e-04
3.339225489569406236e-01 2.489553466696585058e-04
3.349977285009287375e-01 2.318608749352494875e-04
3.351238797756486698e-01 1.670591494970135107e-04
3.367939585526864010e-01 2.223043848225432343e-04
3.369360090333358149e-01 2.982129670287818769e-04
3.371782758828229531e-01 2.426429300191109025e-04
3.390701235808702974e-01 2.285751205403763859e-04
3.391195811410032124e-01 2.194533631267906956e-04
3.391388092704588075e-01 2.130482733962434940e-04
3.397159936529442481e-01 2.329605617951827675e-04
3.403134609777383468e-01 2.050485053952951322e-04
3.405469655798408213e-01 1.830344199476298893e-04
3.406193842184424558e-01 2.512788223395572506e-04
3.412265431954424888e-01 1.920285339982012469e-04
3.416011420147500588e-01 2.610756985544529334e-04
3.421529536645318559e-01 3.945789822047586362e-04
3.430547781638458860e-01 8.166514399693413934e-04
3.431005950204735755e-01 2.682437477357690675e-04
3.435040993525472208e-01 4.338406557174643284e-04
3.438378105050736711e-01 2.115411222060909900e-04
3.439405069388496994e-01 4.736645648676522701e-04
3.440533018967845136e-01 1.966307338443867262e-04
3.444316603063256044e-01 2.088830470198612700e-04
3.445466708316496929e-01 3.300715322870362029e-04
3.447691961271813765e-01 3.758672769495886943e-04
3.451510968622273912e-01 1.776385904786281875e-04
3.453547711661495989e-01 2.216560246364138740e-04
3.459151530058159341e-01 2.020675291049371929e-04
3.459160700992910398e-01 2.243997574808094585e-04
3.470079710107477067e-01 2.194233737996765176e-04
3.474354744357821545e-01 2.807688052286990733e-04
3.476484195667273180e-01 1.763308920087488076e-04
3.479283941775829225e-01 2.331866380493849194e-04
3.479912199561606134e-01 2.298660177187988245e-04
3.482696316908003298e-01 1.719963279300310282e-04
3.488660506060877742e-01 2.386090086877190066e-04
3.488864400260309195e-01 2.252208760234645861e-04
3.489833790511932543e-01 1.941926614084360091e-04
3.490977552376063886e-01 2.323912241920244063e-04
3.500867775351239053e-01 1.799561141995996427e-04
3.503747126607416607e-01 2.253766248100499221e-04
3.513036765913716830e-01 1.946201202669240544e-04
3.513359243991450165e-01 2.194296597277871190e-04
3.518372250855265060e-01 2.367501104751787097e-04
3.524697629606459159e-01 1.851271860749701477e-04
3.525655406594795371e-01 1.928975927187154781e-04
3.525883300887460159e-01 2.192566291103439815e-04
3.526973428250744780e-01 2.810753603932673005e-04
3.529059331314813308e-01 2.386886740405036987e-04
3.531634266859746685e-01 3.383070497191390013e-04
3.534472415759882802e-01 3.720324917817129594e-04
3.545178200602275842e-01 1.923332919569806351e-04
3.545293535552068165e-01 2.440890294698662584e-04
3.548761947365056679e-01 2.115634373945425215e-04
3.549515223618552318e-01 1.759295235689577902e-04
3.551146484497010869e-01 2.330206729413234487e-04
3.554668795978671580e-01 2.000980768300091863e-04
3.555298545555293788e-01 2.151522167052992158e-04
3.568123853747973695e-01 1.865663696857794006e-04
3.569137299946061881e-01 2.657488001244901052e-04
3.569625209903261043e-01 2.169453731779309572e-04
3.570215106405435490e-01 6.997249264014991166e-04
3.570303595188839552e-01 2.347931023164884657e-04
3.574839052995549826e-01 1.845718776437907231e-04
3.575603650154174917e-01 2.494558843359296696e-04
3.577027532003928534e-01 2.425558925901560956e-04
3.579623238493453985e-01 2.001369892531252811e-04
3.581093695691807688e-01 1.575446637532379956e-04
3.582911735384970986e-01 2.213928557437693271e-04
3.587046033763512387e-01 2.335655316892041428e-04
3.589934290572230902e-01 2.016280211139920937e-04
3.590158021215175133e-01 2.257333677550035756e-04
3.596000323548970146e-01 2.260177886188427152e-04
3.598382768060262027e-01 1.647887014806626417e-04
3.601853780594902465e-01 2.399864672254267803e-04
3.618880480130636235e-01 2.123495402615181900e-04
3.620772138802776374e-01 2.107322462411494743e-04
3.620966857316261223e-01 1.890865039007624641e-04
3.623488024238307181e-01 1.735763065703857153e-04
3.628736096514284526e-01 2.591625784576495205e-04
3.630170123451735287e-01 2.764210847835544193e-04
3.630325411186049456e-01 1.548015936783532877e-04
3.631629230164968303e-01 2.461716736226881187e-04
3.634283801018834970e-01 2.440112844208994084e-04
3.639284767878699922e-01 2.569876634363240232e-04
3.642461780872069399e-01 2.260157150497807356e-04
3.646055569081311232e-01 1.881883045858616539e-04
3.655584040379634692e-01 3.029407376440498693e-04
3.655592586596744242e-01 2.887447147037549579e-04
3.656559846238841005e-01 1.932470334141298766e-04
3.657277225212980931e-01 3.135625232597277334e-04
3.662981414210386144e-01 1.956632819337774038e-04
3.663336082553558248e-01 1.822350960936037698e-04
3.674795460314714268e-01 2.821359727262779792e-04
3.675855096793315124e-01 1.867630183715711107e-04
3.679379115348475060e-01 1.892272561986575675e-04
3.694533953841766527e-01 1.999331143338243751e-04
3.696100985836639485e-01 2.989389899878864849e-04
3.701033732087912753e-01 2.280748208149915900e-04
3.702888495175077899e-01 2.315777390065827440e-04
3.704475472191900431e-01 1.849132823044865464e-04
3.713986333938389395e-01 1.781657621456351624e-04
3.720383427958685596e-01 2.191511376642717493e-04
3.722241858739432363e-01 5.359071746253280498e-04
3.733340856863809898e-01 2.446899315259140509e-04
3.742881566369146151e-01 2.218555887790904469e-04
3.750807069716342590e-01 2.525812772132910995e-04
3.756726469068065177e-01 2.509097510060900047e-04
3.757061493116064521e-01 1.770024770734654463e-04
3.758255598274619080e-01 1.981168403684388166e-04
3.761298929808251645e-01 2.256437659006914820e-04
3.762331205260940892e-01 2.893640007201817434e-04
3.776440872950291849e-01 2.484634162272290436e-04
3.777590276312428608e-01 2.408485913664481018e-04
3.779163621185564481e-01 2.184694781737820356e-04
3.779590830799576251e-01 1.639489910468131873e-04
3.785186398566548482e-01 1.889052489159910174e-04
3.785733248358285619e-01 2.048791224347372225e-04
3.789620471811178115e-01 1.817414513798110175e-04
3.793227561553340066e-01 2.287772836372611071e-04
3.794102396217240436e-01 1.963938515859718799e-04
3.802640333454512800e-01 4.082261054358685636e-04
3.810287445765034309e-01 3.172867957514031501e-04
3.810990148138470035e-01 1.959669194149448129e-04
3.820679186222972756e-01 3.173014589254344688e-04
3.822204476231757519e-01 2.310358244043925300e-04
3.825806848736654775e-01 1.572096347497068487e-04
3.828407129180115276e-01 2.109118107549374837e-04
3.830729260132084146e-01 2.007471231006963651e-04
3.830843551580848105e-01 2.170810354837196315e-04
3.832624517654724672e-01 4.420943170251071474e-04
3.850355809447839062e-01 8.330330830679300892e-04
3.857531156645074288e-01 2.309047565144162260e-04
3.857924559143230958e-01 2.573817936331128354e-04
3.864226684674918477e-01 1.675723701663859612e-04
3.866855023791622159e-01 2.050725486941024599e-04
3.867020899642166221e-01 2.486712189616543684e-04
3.871263171374638712e-01 2.573163591820553015e-04
3.883702058721134609e-01 1.970953381027640164e-04
3.889968474731097525e-01 2.239823404597243348e-04
3.891457989900530268e-01 2.003442034118110815e-04
3.895805616509033231e-01 1.919476498324062120e-04
3.896028629926435172e-01 2.812731104256015668e-04
3.896432787461820424e-01 2.063368484064924911e-04
3.897172149570448663e-01 2.104343115933582234e-04
3.898931028272729638e-01 2.531800708007290340e-04
3.900909432363198759e-01 2.279227358225740456e-04
3.915000119841584580e-01 2.371205376568120905e-04
3.915328802164408928e-01 1.828732648185833038e-04
3.915818690033164295e-01 2.745823282866452584e-04
3.918475653512784040e-01 5.123551203798322245e-04
3.919479199348389065e-01 2.414511728136095625e-04
3.928798905367001382e-01 1.890985157772625993e-04
3.928833398175774483e-01 2.157596453952658139e-04
3.929951493892051007e-01 2.135015928102057103e-04
3.933146162844353144e-01 1.952059208009122968e-04
3.938301829389277975e-01 2.202115682698657032e-04
3.942837036777134818e-01 1.877992235639680606e-04
3.950595857306523073e-01 4.961517773288326091e-04
3.956248709246718009e-01 3.138228439882726124e-04
3.956480954542868633e-01 5.496835407999324258e-04
3.968693751863274222e-01 2.951891948191510549e-04
3.971590389566566626e-01 2.124362858330109435e-04
3.971914455591653570e-01 2.648322535808832353e-04
3.979414582841803161e-01 1.999990966517603466e-04
3.979889902614160424e-01 1.768535858725924740e-04
3.981632188556644136e-01 2.135003280480020241e-04
4.013307279106312353e-01 2.083812325748317579e-04
4.019187467805577785e-01 2.371500074036446372e-04
4.021618290401612894e-01 1.658925513854357398e-04
4.022539945029801611e-01 2.139847559534062264e-04
4.022900781766603484e-01 2.509848479538996906e-04
4.023842552254836558e-01 2.002244931547424514e-04
4.024831414450203981e-01 2.113147798798024641e-04
4.025683545155886445e-01 2.247840403888281137e-04
4.037551043974028087e-01 1.814510913388169163e-04
4.038460128196391108e-01 1.833394241871529333e-04
4.039505565467202963e-01 3.596001861698280475e-04
4.051721886354707758e-01 2.160000138695955952e-04
4.059843968835886163e-01 2.314549952179837040e-04
4.060467671333416462e-01 1.902542002786019150e-04
4.060820515687711407e-01 1.789043502351881211e-04
4.063611898204899653e-01 2.222442522361756535e-04
4.070797410630010993e-01 2.767957854807385392e-04
4.075681618448974142e-01 2.162369537251311721e-04
4.082340010201747638e-01 2.231465713427734879e-04
4.089667452745720522e-01 2.626972401252809287e-04
4.092062014016291105e-01 2.064909283961234977e-04
4.092549866156092730e-01 2.095913224780854875e-04
4.095179960782739936e-01 2.113072824143688154e-04
4.096831921674686239e-01 2.009344377385453601e-04
4.099994477450207286e-01 1.933779680017604292e-04
4.104306135299124469e-01 1.700277487288136529e-04
4.106080171064998563e-01 2.584306637980703070e-04
4.115947468533890929e-01 1.866661664111828934e-04
4.118303623611120345e-01 1.990002901777493817e-04
4.129112131943916686e-01 2.785644897244808822e-04
4.138363897434069738e-01 2.562524289802637452e-04
4.142006607426574893e-01 2.012989428370130622e-04
4.146236059120271822e-01 2.320716152218548867e-04
4.148812546186024797e-01 2.314146767848688873e-04
4.151966340268745670e-01 2.646639812573419251e-04
4.153517149102264883e-01 1.831438218677643875e-04
4.155846350378676890e-01 5.067006912391660688e-04
4.160056236741230817e-01 3.426261935308503172e-04
4.165430973193784414e-01 1.853833354029015077e-04
4.170534816049364935e-01 1.974012227449029695e-04
4.171735976273093227e-01 2.629166542049937000e-04
4.174189321591892932e-01 2.170957015254009153e-04
4.181681323570359821e-01 1.743738735662610413e-04
4.190161616866294181e-01 2.596769983120596724e-04
4.191258255920965459e-01 1.712465091094510011e-04
4.195669692932005868e-01 2.984157659228060355e-04
4.199195375816960341e-01 2.421158196899714655e-04
4.199426599881947442e-01 1.582374541096382488e-04
4.204030541896780493e-01 1.530291434712762833e-04
4.205960934049685629e-01 1.885828374276744509e-04
4.216384558145628847e-01 1.854309164649617456e-04
4.218928164412145132e-01 2.585705149331240940e-04
4.219069867678948982e-01 2.122466563577518411e-04
4.224766403800644943e-01 2.387749651242759364e-04
4.227485597888696600e-01 2.522204041734808647e-04
4.228509511616347361e-01 2.514285953854636878e-04
4.229843131421462399e-01 1.712542204833021858e-04
4.236579820009708230e-01 2.243248537820668033e-04
4.240648973056455606e-01 1.826541893102654379e-04
4.246624403262462266e-01 2.187478453632765978e-04
4.252406986228959296e-01 1.615992230673104547e-04
4.258175481754532532e-01 2.221258126888605623e-04
4.263683379798363093e-01 1.642832972432449771e-04
4.266832238499141949e-01 2.106135011353882163e-04
4.269407095788148032e-01 2.087298549856007369e-04
4.270212186485464745e-01 2.180460308189856886e-04
4.279003423991587507e-01 2.682390254230776288e-04
4.280356638644861600e-01 1.893622592050780496e-04
4.282583508371147207e-01 1.981904701718587469e-04
4.283554710013049438e-01 1.823464047001628727e-04
4.285157828223773446e-01 1.496588971193345177e-04
4.293881452067906390e-01 1.869664855523144455e-04
4.302197570480956190e-01 2.384422730467110601e-04
4.304197945798046154e-01 3.378744930240643344e-04
4.305718067526429493e-01 1.883408724820556537e-04
4.310029852986650423e-01 2.152510637583586895e-04
4.314094833787313066e-01 2.171611429856383339e-04
4.315957845387463077e-01 2.337036480539073395e-04
4.318038839319750521e-01 1.806418560749558451e-04
4.321812247397711082e-01 1.620237146755564364e-04
4.322191772320183589e-01 2.141880305493735809e-04
4.323489309913371437e-01 2.604006662226054447e-04
4.323821850578057346e-01 1.870279639306737351e-04
4.324204209332314641e-01 1.922756069701655871e-04
4.335292455235178477e-01 2.045433349781871529e-04
4.340804275127591039e-01 2.293453985885381997e-04
4.343985676956556574e-01 3.278341064364518210e-04
4.344806410774479377e-01 2.360423040502030931e-04
4.354314478496242313e-01 1.864347347865586357e-04
4.357318798536778393e-01 2.406094155838186058e-04
4.359599283256473390e-01 1.896595957535547865e-04
4.359884236824085879e-01 1.806890522789459470e-04
4.359976381891775832e-01 2.890461077970846778e-04
4.363416364839259320e-01 2.170125436671280694e-04
4.368945163349235439e-01 2.017111580444582786e-04
4.369211340006041722e-01 2.669580585880249220e-04
4.376582601542279849e-01 2.141056395231951672e-04
4.381141119280483887e-01 2.009996690028083559e-04
4.382161262411679026e-01 2.175608040023514550e-04
4.384940915681984630e-01 2.857901393456534645e-04
4.385143868451695237e-01 2.198175705754927501e-04
4.389646492801729805e-01 1.890462168071803417e-04
4.392133345565257252e-01 1.617809195057034436e-04
4.393140626109262592e-01 2.170926929387600025e-04
4.394512712210909000e-01 1.727185311927076946e-04
4.397389717447948154e-01 2.161325671416719333e-04
4.406053784193042500e-01 2.519593381783255710e-04
4.407315373707585415e-01 1.565832674156003666e-04
4.408081618059117024e-01 1.981288624873865482e-04
4.408275786416631647e-01 1.959579479431749593e-04
4.428967013470043179e-01 1.931852382820739100e-04
4.430008194834252899e-01 1.653944899591096567e-04
4.432276660476226482e-01 1.658660183594551515e-04
4.433808557028579012e-01 2.172211102143291718e-04
4.435572250901026470e-01 2.085495291503569257e-04
4.441733431730695014e-01 2.182595366857240722e-04
4.442669119742027606e-01 3.616387300070752521e-04
4.446498036747368876e-01 4.839316291172938490e-04
4.454890100195729175e-01 1.911601403752140359e-04
4.460464106218665070e-01 1.755643538444645135e-04
4.461201372646725338e-01 3.075980400042816441e-04
4.464743758739641022e-01 1.663002372852890503e-04
4.472751246102407152e-01 1.835191777114571654e-04
4.478628548264783071e-01 1.923896324826124846e-04
4.482681091467782264e-01 2.336207126960431076e-04
4.484517822117295438e-01 2.949615592569748202e-04
4.484789012521626650e-01 1.705161483463559836e-04
4.491588180100715699e-01 2.419302705108074486e-04
4.498209009026071237e-01 2.522527186714014252e-04
4.506089668468739040e-01 1.803845671233789247e-04
4.511736467428915653e-01 1.951224486351977780e-04
4.517925155331481979e-01 1.645319772442841528e-04
4.521751470313073451e-01 1.994570310220466916e-04
4.525490013991604332e-01 2.040105740898898775e-04
4.526116859999937958e-01 1.750592934103668093e-04
4.530457581816589863e-01 3.276664621113361251e-04
4.532738160491915358e-01 2.058461495976035723e-04
4.535026264958564313e-01 2.048899146170936054e-04
4.541879577755305042e-01 1.810268077959852246e-04
4.554785191674199929e-01 1.815598888144559552e-04
4.558576354311096313e-01 1.936187393808393793e-04
4.560383923807426187e-01 2.280013842338557526e-04
4.563334652815236869e-01 2.273413748928872593e-04
4.569092204821320058e-01 1.964797942878633737e-04
4.569557923826013668e-01 1.880654167428515546e-04
4.576244786109270324e-01 2.017956584660694590e-04
4.576913650910767184e-01 2.755606649154002975e-04
4.579912616840348116e-01 1.553230537237432988e-04
4.582746554002217754e-01 3.016751467699487887e-04
4.587113206889715245e-01 1.846571701136746023e-04
4.595775828570282662e-01 1.496108739514588626e-04
4.603153882590530488e-01 1.964914142177787832e-04
4.603721482611510263e-01 1.637932718949035868e-04
4.609128215675356022e-01 1.651041742005275213e-04
4.609285909395983150e-01 1.861924911818355565e-04
4.614716506698492426e-01 1.958181382934941976e-04
4.615251635559337595e-01 1.923661123767788836e-04
4.622032011505063931e-01 1.990538044573222963e-04
4.623344213919839407e-01 4.513301190514834105e-04
4.648742332792270560e-01 1.864369454173683902e-04
4.657999567982309963e-01 5.934131165454099247e-04
4.658228834036537425e-01 1.833236595234200277e-04
4.659906774414829256e-01 2.460875831885820384e-04
4.666992046184975651e-01 1.873561885561123605e-04
4.667498667947136415e-01 1.784442989606915581e-04
4.676265990750235746e-01 1.811403742874029819e-04
4.680777957564851155e-01 4.042039113805186937e-04
4.683892146345037810e-01 1.680874652536035521e-04
4.687996096438712956e-01 1.439563872409232895e-04
4.689037586781335532e-01 1.670535486260701257e-04
4.689498571737781840e-01 1.800081036208862060e-04
4.689773466850135630e-01 1.444420503611785220e-04
4.697566750603627272e-01 2.098227621818583963e-04
4.700751473795513058e-01 2.155003551455200142e-04
4.701311000471175006e-01 1.616100270225981816e-04
4.706408880560361552e-01 3.444217941935505791e-04
4.711539721517222779e-01 2.265811558538826200e-04
4.714470550601072008e-01 1.785125467715843902e-04
4.721917985949872221e-01 1.780913550169804804e-04
4.722008816952644739e-01 3.051351350581047264e-04
4.737517718244016462e-01 2.528880339147231843e-04
4.737565134348987184e-01 1.587667298801079220e-04
4.739828569909610989e-01 2.173471134904154478e-04
4.744306562812580785e-01 2.277362389058588575e-04
4.750869720519699246e-01 2.026270185514745484e-04
4.753796578839162290e-01 2.467083600723978930e-04
4.754575122857508940e-01 1.922398473032612722e-04
4.756895074730815853e-01 2.260820009941724718e-04
4.770391137069979193e-01 1.734403787331187797e-04
4.772120480494203565e-01 2.192730852115328162e-04
4.774400275020798667e-01 1.611142155472074320e-04
4.775767802706025189e-01 1.902605810618472225e-04
4.777997209097592513e-01 1.912992427996523988e-04
4.782251954431077090e-01 1.779933070827991999e-04
4.786075125748401882e-01 1.837601397329191805e-04
4.786380331690481826e-01 4.026847081199921093e-04
4.789988379990818279e-01 1.733170618290492666e-04
4.813825851792816191e-01 1.705806655060175731e-04
4.817496697675219819e-01 1.933333553531905449e-04
4.831695327439777254e-01 1.408493577861103560e-04
4.835441357253396633e-01 1.826638148171649757e-04
4.837944212819122458e-01 2.194965813270017955e-04
4.854310990780889568e-01 1.824556727706808947e-04
4.859897317378297221e-01 1.628726004945617312e-04
4.867423071398702672e-01 2.568187048133531002e-04
4.879267060750024365e-01 1.638641742488617335e-04
4.879998483476734039e-01 2.071275560324499661e-04
4.881393744166974691e-01 1.995306347393947344e-04
4.884754823143112046e-01 2.054799275258442452e-04
4.885435723785828133e-01 1.405142942155998575e-04
4.887802761761601000e-01 1.770966571749716268e-04
4.888903709928933417e-01 2.013298057584135602e-04
4.889507033792190871e-01 2.132515729156634731e-04
4.893949934620001607e-01 1.917660486163992432e-04
4.899451623199790884e-01 1.613125547228867014e-04
4.900388296122444864e-01 1.693640982903329582e-04
4.902007035135175772e-01 1.893278008840468371e-04
4.913834056977579579e-01 2.247821868372101221e-04
4.915081847944094418e-01 2.919111748184528496e-04
4.916306461889057844e-01 1.861708242583502823e-04
4.919182737298945507e-01 1.355585551542682916e-04
4.923623176388508549e-01 1.383958701327287063e-04
4.925316654080440504e-01 1.553253642598231182e-04
4.927182873951836961e-01 3.225692885097306809e-04
4.929063877646506220e-01 1.927768009706928192e-04
4.944131878458035145e-01 1.789112309240009722e-04
4.948668913628556099e-01 2.422778726477124440e-04
4.952352383244547074e-01 2.132836464872502459e-04
4.952803424701187618e-01 1.712702638494938807e-04
4.955610289656627310e-01 1.762287720607906864e-04
4.956697521157544806e-01 2.195794306991448528e-04
4.973232446190570810e-01 1.540816199643328048e-04
4.983774625219332122e-01 1.596582097013271530e-04
4.993035899415377843e-01 2.097786939330750203e-04
5.008672180261298790e-01 1.902360339904213033e-04
5.015313730096596645e-01 4.346249098828296620e-04
5.015338148087707948e-01 1.453235708203005233e-04
5.024376618701128505e-01 1.778704569703863387e-04
5.028287545271412640e-01 1.786855820728714978e-04
5.030081222083970793e-01 1.717756577572233771e-04
5.037368203697832891e-01 1.758890050640778016e-04
5.042881281914315394e-01 1.594081084371318214e-04
5.060572845185120627e-01 2.059412289078884522e-04
5.069145430178153555e-01 2.426581763624635125e-04
5.072656172147318454e-01 2.355845595216085153e-04
5.073154974431780539e-01 1.680381946072797466e-04
5.076224317601472080e-01 1.668220975051873921e-04
5.079851849922125684e-01 1.868990299635727207e-04
5.082402438089823615e-01 1.587338367038396353e-04
5.089047010616435385e-01 1.851950152717355953e-04
5.089362706605821129e-01 1.689374046962563501e-04
5.093996909202115342e-01 1.398357191015758849e-04
5.095624545415181617e-01 1.799280935922518033e-04
5.098117174374564575e-01 1.744233504272147729e-04
5.100653572792209767e-01 1.504203044787750241e-04
5.102342978283379571e-01 1.436080476681278657e-04
5.104968077137173044e-01 2.226494253933540351e-04
5.109757844624104317e-01 1.883725548335477495e-04
5.112738335513979937e-01 2.093743785295043092e-04
5.114760262082924669e-01 2.274712745591728734e-04
5.116766955747573675e-01 1.830698059357179885e-04
5.118139801951979706e-01 3.090851570122367213e-04
5.126900024721338101e-01 1.816753912789747540e-04
5.130133405304647676e-01 1.733269341745058856e-04
5.132665828096908411e-01 1.926111917789088371e-04
5.133048186075991337e-01 1.557102931284768256e-04
5.144965256433594591e-01 1.711439313806048675e-04
5.154028081203780864e-01 1.506313499087282416e-04
5.154295258852016337e-01 1.902895906434259399e-04
5.156179549394922512e-01 1.926737955011890947e-04
5.164258945514171861e-01 1.391209173005369709e-04
5.169025688556110332e-01 1.934118122994377511e-04
5.176466105527282036e-01 1.641542336842552832e-04
5.177757636439631606e-01 1.810314417277257223e-04
5.180799415417278730e-01 1.645864566705515931e-04
5.183919860923242862e-01 1.835348124424211540e-04
5.184444282828636341e-01 2.098565392604077764e-04
5.185423525440192583e-01 1.679227758561441784e-04
5.191757406124100083e-01 1.910863622828115583e-04
5.205863834963230241e-01 1.952087935424350420e-04
5.209138807409910976e-01 1.750691700888189792e-04
5.211233716258613091e-01 1.657856457231543078e-04
5.216184843118937264e-01 1.801070637762817702e-04
5.239538753343893074e-01 2.499115964411643205e-04
5.249689081596055074e-01 2.336997636337853558e-04
5.249809264913437579e-01 1.887463325404020059e-04
5.253739968925573711e-01 1.613899453960285343e-04
5.258781042497812086e-01 4.137001091083009259e-04
5.260834654645420994e-01 1.693734464728761729e-04
5.272153881412857679e-01 2.217947657437572596e-04
5.273818893034870614e-01 1.719296159336636102e-04
5.286128309164959127e-01 2.996230981494271174e-04
5.287287031464803500e-01 1.734061527430842394e-04
5.292354295160091038e-01 1.527261039844588484e-04
5.298316049082888446e-01 2.440074031544482984e-04
5.316533934763281177e-01 1.905927736672399808e-04
5.320704460484853016e-01 1.686557088783088940e-04
5.320946768332451837e-01 1.367978734694527709e-04
5.329330186895081534e-01 1.859643023109000786e-04
5.338312627366967877e-01 2.026042198449133245e-04
5.344905876555992030e-01 2.311813290504185939e-04
5.346880274612193507e-01 3.858156691486637436e-04
5.356779798114085223e-01 1.489989094409102600e-04
5.357209502296396142e-01 1.747515223017973062e-04
5.359001395798476119e-01 1.736205958605762745e-04
5.361071420804682797e-01 1.609868640871588196e-04
5.364655764555037454e-01 1.570454644743896663e-04
5.365327601667930768e-01 3.719976712208408949e-04
5.366145023112015577e-01 1.722270675114128042e-04
5.369269688438065291e-01 1.806165967781432396e-04
5.371567797837839553e-01 1.860550882906569239e-04
5.373369034854864612e-01 2.248299805436072048e-04
5.376824850936852140e-01 2.023793781802560538e-04
5.378275935744868397e-01 1.833582577796352318e-04
5.378945976058585599e-01 2.414376607384315511e-04
5.385275277230119340e-01 1.870718671447208002e-04
5.386600934577029376e-01 1.641625992244342101e-04
5.394040067638004032e-01 1.556335156025104945e-04
5.396794230183948882e-01 1.690848145451964658e-04
5.405580315676388192e-01 1.677737044332246641e-04
5.406713247656644850e-01 1.399712260244095213e-04
5.409369706373813314e-01 1.371677505239890906e-04
5.412821569300898528e-01 1.893964830525368410e-04
5.417290942215371441e-01 1.633886554472955481e-04
5.422596190129642668e-01 1.457711295082426961e-04
5.424895157387127353e-01 2.182612480123073901e-04
5.429710668763741976e-01 1.943548271381369708e-04
5.435117473562559587e-01 1.541104018904291390e-04
5.440321461862611674e-01 1.502728033565933665e-04
5.445933469318922082e-01 1.699090681312621768e-04
5.449477909881200732e-01 1.361537416780382896e-04
5.459949613502715904e-01 1.480817745296492864e-04
5.463268216143621903e-01 1.568457359083713708e-04
5.468362153894059663e-01 2.660870170653339842e-04
5.469647953498204540e-01 1.725327105032056752e-04
5.472170890118310815e-01 1.568158301952178374e-04
5.474982893023220276e-01 2.111822223376979201e-04
5.479436583672049332e-01 2.114137151723525219e-04
5.481796148508444322e-01 1.704982641154956344e-04
5.482262875710232075e-01 1.720596042899781781e-04
5.489430204071406028e-01 1.235741626930450369e-04
5.504176146074073461e-01 1.233204795010839176e-04
5.507814794295301519e-01 3.168978840485655929e-04
5.509599727406550018e-01 1.499704570751451505e-04
5.511794491025630016e-01 1.382163475518460871e-04
5.512419625483950814e-01 4.864621049616117817e-04
5.513159045876188102e-01 1.590141223288659691e-04
5.513433992325372790e-01 1.373076861886557334e-04
5.521557956474588691e-01 1.425877169411089197e-04
5.527471286954056540e-01 1.682500086849852907e-04
5.528836515274281327e-01 2.060300250208528527e-04
5.555850684693763863e-01 1.617311186149423315e-04
5.560775658836613067e-01 2.003499308648577998e-04
5.568863836737193429e-01 1.477346130519206215e-04
5.578300743096220593e-01 1.699186115204391807e-04
5.578660235870087636e-01 1.807163233765305050e-04
5.588687813694657169e-01 2.093272238057887447e-04
5.593573251954633285e-01 3.680573991453813280e-04
5.594547989192192317e-01 1.823169961889621257e-04
5.598247169789415389e-01 1.819024674350485477e-04
5.602698200610908286e-01 1.459285535859793060e-04
5.604356189969285085e-01 1.867874736010395424e-04
5.608775550391977838e-01 1.363562665930392773e-04
5.610888219368227459e-01 1.551319708321980827e-04
5.612824151483782886e-01 1.825851963347136246e-04
5.615911398270496679e-01 1.630220276429117214e-04
5.618043883878820477e-01 1.494519778517275853e-04
5.618658963995425415e-01 1.459992161676362094e-04
5.622173332037712079e-01 1.423071121728169519e-04
5.626926444677278205e-01 1.413884407150995824e-04
5.656507559565255860e-01 1.533248965330974466e-04
5.659015040176124112e-01 1.303810296246013533e-04
5.660782275936210306e-01 1.489303159276097826e-04
5.661868728770714787e-01 1.567378057269284823e-04
5.672180557763574216e-01 1.322329153618041536e-04
5.673482516971708467e-01 1.673959796270458841e-04
5.674166130806215236e-01 1.469468911987996656e-04
5.678115731709101333e-01 1.795184157967226663e-04
5.681631165602956113e-01 2.717205158825730768e-04
5.686109887557367903e-01 1.495855771457978536e-04
5.686346504971229177e-01 1.507130763312462471e-04
5.693817946253489914e-01 1.788062978896854077e-04
5.697746176866913537e-01 1.878680133335882730e-04
5.702474167638087454e-01 3.476828817023133017e-04
5.717109798429461653e-01 1.514022112938301953e-04
5.723434131432673100e-01 1.467297447910826324e-04
5.725401026267861182e-01 1.990873430065885456e-04
5.726571745647838219e-01 1.208606728829287295e-04
5.727859691603058856e-01 1.611538856760065541e-04
5.731496330661393079e-01 1.756745264336480154e-04
5.734611956949179357e-01 1.692262576461400683e-04
5.740773214470061836e-01 1.429643858026080497e-04
5.740930650819016101e-01 2.433473502974494536e-04
5.745501615191520584e-01 1.551634778908123633e-04
5.749070690657969163e-01 1.756226366556853989e-04
5.758816420030434813e-01 1.369426929877248528e-04
5.762061523546339048e-01 1.355524765685452528e-04
5.763721938433681302e-01 1.398708080610507986e-04
5.764664754812282021e-01 1.401525386233903783e-04
5.764719684240823261e-01 1.516343711466194247e-04
5.770961118787083510e-01 1.443203785500797381e-04
5.773157914296767057e-01 1.638760016727739538e-04
5.777772312147743117e-01 1.442980600467033746e-04
5.779945386487498338e-01 1.429135622253707434e-04
5.791074651247717364e-01 1.751418835387274467e-04
5.801627966552621585e-01 1.524136065058907363e-04
5.816513106014880030e-01 1.795734762164262748e-04
5.822362115928596538e-01 1.687704148940541427e-04
5.827292780781706538e-01 1.498760282328540560e-04
5.832948359381583403e-01 1.354994993701340549e-04
5.847710448718632659e-01 2.028088364279672122e-04
5.848478553366207588e-01 1.705517396726744157e-04
5.856282791070668292e-01 2.522217796990486620e-04
5.856513802273161096e-01 2.182717344670356634e-04
5.861732947015562134e-01 1.923255129935661097e-04
5.868410897987650365e-01 1.237873909346229567e-04
5.873214342612425032e-01 2.159736762082029038e-04
5.873492229212667892e-01 1.402472471061161417e-04
5.874425673070233778e-01 1.702682471045622930e-04
5.880535559498358822e-01 1.604450562132631562e-04
5.882420684796050292e-01 1.680648329537024540e-04
5.886179684464969419e-01 2.053953035354010861e-04
5.892888595167795618e-01 1.321465582695831005e-04
5.895387488776017149e-01 2.335241976266931769e-04
5.896134434652889889e-01 2.475798876005204764e-04
5.897622505500843548e-01 1.671251669629217698e-04
5.906724124512647833e-01 1.359709828405061523e-04
5.917934907503705766e-01 1.583256945795036806e-04
5.923095173177231887e-01 1.353210640754953309e-04
5.925620009991445780e-01 1.292108767170139735e-04
5.927859541242852526e-01 1.269262000865620352e-04
5.936746157796962686e-01 1.583869612400161029e-04
5.937918778479017723e-01 1.328953399834090546e-04
5.943412072941561819e-01 1.564017336653103572e-04
5.943866522741996228e-01 1.546487011084958453e-04
5.949146963903134688e-01 1.682916359143140099e-04
5.951748072455198546e-01 2.687577859990808189e-04
5.952085326327495318e-01 3.131286549251535256e-04
5.952461590651362267e-01 1.843455916946888889e-04
5.965461075710263295e-01 2.843216705239362107e-04
5.968408502236520752e-01 1.326510979481146401e-04
5.968588298773280787e-01 2.294832058472399679e-04
5.969646315625698474e-01 1.577461358294354038e-04
5.980832404588196649e-01 1.257902253141659793e-04
5.985840167433122971e-01 1.277900757690894021e-04
5.989567269065070310e-01 1.644897108321479210e-04
5.997999421866092584e-01 1.407244580265968779e-04
5.998151130127876707e-01 1.619974581781015660e-04
6.000075611235463624e-01 2.262401948749658844e-04
6.001580985168700755e-01 1.771262728897892683e-04
6.006665772214886401e-01 1.833791345087536163e-04
6.008423585893345464e-01 1.498460123820689503e-04
6.012376216866346379e-01 1.911938022459756077e-04
6.022200872146187267e-01 1.754016676206668899e-04
6.022336394596775611e-01 1.586420533680071604e-04
6.026029414208005086e-01 1.333227865556621907e-04
6.031087543811024521e-01 1.489776685038650373e-04
6.033766049530936426e-01 1.332470333131479149e-04
6.037312693685534803e-01 1.632289486506041600e-04
6.043584157635424337e-01 1.705892060824590838e-04
6.048748554089468099e-01 1.527280853422531537e-04
6.054750125189608534e-01 1.313480436745811399e-04
6.062583948189468330e-01 1.306153427219136154e-04
6.066146804698414607e-01 1.178011170331177271e-04
6.067945605426388056e-01 1.574846306243378230e-04
6.071926781575014420e-01 1.341969041005864976e-04
6.075681224935561842e-01 1.699212903368442897e-04
6.085222083969780149e-01 1.669325762511140261e-04
6.093684610196863360e-01 1.492434003728553872e-04
6.107751509573999815e-01 1.545979061578613091e-04
6.120055416652410152e-01 1.321502610761763979e-04
6.120106779786658180e-01 1.643117760668253791e-04
6.131268074675444435e-01 1.437707803236048187e-04
6.139489216367057800e-01 1.538176809045859101e-04
6.141067686882644150e-01 1.684074228421198545e-04
6.146257948508985214e-01 1.447770992467856078e-04
6.151426061539477796e-01 1.237342059391386990e-04
6.155272002969365275e-01 3.584006405594547463e-04
6.163304284024702095e-01 1.324786749929621871e-04
6.177084643830286215e-01 1.882577059196877188e-04
6.179316425809666669e-01 1.613927180286303165e-04
6.180368479655228287e-01 1.684761470577739759e-04
6.187281835583408052e-01 1.766631730915293899e-04
6.193639363096707928e-01 1.327678347450488786e-04
6.194955730847774289e-01 1.502612649532845219e-04
6.195476757548964430e-01 1.083488354787439815e-04
6.198991099765606139e-01 1.425636726744990937e-04
6.203496495809828204e-01 1.235193070970946557e-04
6.211643969576483570e-01 2.385227607586794588e-04
6.212879004092062285e-01 1.308440882116434438e-04
6.218966310283328136e-01 2.061321190021684008e-04
6.220655775036239010e-01 1.589280504165937449e-04
6.221208882074630298e-01 1.840411795989225889e-04
6.224377869623300974e-01 1.395339603702938224e-04
6.225503391726013858e-01 1.869665394348880058e-04
6.225572496701572422e-01 1.667605716788775859e-04
6.230968591037696624e-01 1.650063120550527358e-04
6.235175846052851689e-01 1.640655614716296019e-04
6.242632547706810087e-01 1.496784019602007056e-04
6.254869606644199997e-01 1.279992615688129473e-04
6.268275937364260475e-01 1.561225641817542596e-04
6.280067856268931603e-01 3.547557869515051551e-04
6.281791970214622989e-01 1.907777668084317943e-04
6.285108504704775001e-01 1.125116268944491602e-04
6.288754098256860159e-01 1.529165291413333541e-04
6.295600188776094841e-01 1.536911972648035752e-04
6.301054276253504893e-01 2.467918476075141808e-04
6.304000051414782035e-01 1.754128100329552698e-04
6.304620799581341917e-01 1.484704767386951720e-04
6.312302633327065982e-01 1.435720556915818667e-04
6.326713407306008286e-01 1.587368892038116901e-04
6.327584665762396865e-01 1.459838386562149510e-04
6.339790893802820237e-01 1.357722478738238568e-04
6.350136896993230362e-01 1.251572562203350229e-04
6.365342671566407429e-01 1.204983323988417793e-04
6.366696818004237146e-01 1.209950995136750403e-04
6.370503857164709904e-01 1.086951067740505542e-04
6.379040099167738731e-01 1.966263448621880525e-04
6.387600949681069284e-01 1.021303382574964617e-04
6.393512385819254407e-01 1.201135579658215428e-04
6.399376702082421042e-01 1.396618716554969301e-04
6.404117041497223717e-01 1.205905504411032564e-04
6.409628490983986238e-01 1.338505837292977552e-04
6.409679951461551006e-01 1.898018338370656053e-04
6.419679547465545477e-01 1.322066409902266911e-04
6.420615710276210697e-01 3.777926784406308272e-04
6.431560039251601468e-01 1.434546047926651394e-04
6.432307287577571087e-01 1.518862075662614087e-04
6.433133812880994507e-01 1.260325611040165642e-04
6.433472176266823439e-01 1.541719391642395261e-04
6.436933302282331626e-01 1.598196456620771708e-04
6.442525447676088479e-01 1.411479161318121448e-04
6.463846289858851124e-01 1.281552440069643416e-04
6.465436833169706521e-01 1.677436991085212465e-04
6.478748054865812733e-01 1.765837149626874828e-04
6.482608059610607265e-01 1.100402273688071418e-04
6.484579192950907789e-01 1.565477101528855433e-04
6.493047327253270717e-01 1.101900529938766078e-04
6.495224227313848298e-01 1.348694137963345988e-04
6.496830879063931752e-01 1.374886689004634023e-04
6.505085427399713849e-01 1.271751229204226888e-04
6.514570566388685480e-01 1.381806094537601994e-04
6.519753311290994446e-01 1.378231089389999903e-04
6.527576738512342880e-01 1.566275663637422036e-04
6.540966240434222811e-01 1.233928616906494714e-04
6.542793908746284970e-01 1.317750234151700490e-04
6.543848301669731304e-01 1.227862646831182774e-04
6.548514626652602866e-01 1.456952831162460166e-04
6.549346277326848487e-01 1.142794252737982272e-04
6.553324160243281238e-01 1.225654606022321801e-04
6.555850163207893599e-01 1.573316837992357151e-04
6.558186308767921524e-01 1.450923388722387679e-04
6.559821717221016035e-01 1.092684841568756674e-04
6.571513402117911129e-01 1.219297958584759955e-04
6.579998155636662682e-01 1.575823648625781083e-04
6.580467395110262130e-01 2.380220998147004289e-04
6.583741743360499443e-01 1.416461701832180686e-04
6.595267376533078263e-01 1.428790401576496923e-04
6.618483485636514896e-01 1.360404460968094812e-04
6.619117050050412621e-01 1.149881602817828997e-04
6.631802575148093570e-01 1.588847196190158035e-04
6.635162164507597549e-01 1.699728603416408976e-04
6.639393147272406592e-01 1.068193258382558401e-04
6.642659743605362488e-01 1.349439585169582949e-04
6.643661954943038683e-01 1.255744367017484265e-04
6.648487638912186082e-01 1.479648842552653859e-04
6.648527548824987310e-01 1.407638889239701252e-04
6.659568626904089905e-01 1.237454832070508171e-04
6.669032673695440838e-01 1.287602536256263945e-04
6.675403562371012844e-01 1.352453265462534809e-04
6.678512438956716313e-01 1.121290059448303857e-04
6.687025633410282888e-01 1.347587745285185100e-04
6.693372985035275224e-01 8.389380254982361281e-05
6.693994369083323681e-01 1.233500138732993902e-04
6.698710063893545952e-01 1.428766087692608100e-04
6.706083144815649932e-01 1.060544066092518545e-04
6.706385790656572699e-01 1.285882789081759696e-04
6.707232351640399770e-01 1.306731717788991434e-04
6.714757218418027085e-01 2.393542666111258079e-04
6.715049259711147744e-01 1.415003894537239060e-04
6.717415687091561338e-01 1.370878260006277972e-04
6.727296538866464060e-01 1.284100355691701937e-04
6.735572320831200166e-01 9.635504896821965137e-05
6.737125127430034777e-01 1.159155360199438348e-04
6.738702253959969468e-01 1.323941025975747840e-04
6.743882509297933758e-01 1.254131835673368413e-04
6.747063875108412212e-01 1.074294257990801897e-04
6.750399913871588664e-01 1.446122978973092955e-04
6.757792720496433869e-01 1.213340649140237014e-04
6.760433644759544780e-01 1.139732831510461224e-04
6.776858687255644664e-01 1.345065151719673985e-04
6.779161763286880582e-01 1.410949469245967325e-04
6.804833234765673700e-01 1.367467395493442172e-04
6.809729329125553399e-01 1.656275664489986331e-04
6.812188731341646264e-01 1.450836809540250263e-04
6.812668909154875330e-01 1.301973739604107068e-04
6.812760621549185380e-01 1.189855027158168914e-04
6.816965856149495018e-01 1.222556428464934182e-04
6.821726683226247978e-01 1.322298966853012708e-04
6.825154269295898857e-01 1.793983416605192589e-04
6.828462885298030027e-01 1.307793992203784106e-04
6.830064152686792234e-01 1.468701746927409400e-04
6.848058525330479318e-01 1.727072423933525397e-04
6.849543320859116102e-01 1.729123234356045257e-04
6.854697663460519452e-01 1.221974798925306845e-04
6.856301871564246531e-01 9.963665628777249202e-05
6.864076695363533487e-01 1.233212808254417791e-04
6.871330964951527509e-01 9.996789179660002707e-05
6.873799714653646697e-01 1.378889203246798736e-04
6.902296147405910798e-01 1.148588107267439344e-04
6.903601442129884136e-01 1.036873052779454585e-04
6.908796165482011808e-01 1.161888087172923718e-04
6.911249335208127231e-01 1.271159142264232625e-04
6.915690917708998686e-01 1.029747988817618029e-04
6.920064319228138583e-01 1.483633366493131243e-04
6.934276103770368183e-01 1.218151351014290658e-04
6.934847269314613483e-01 1.458516236472690367e-04
6.947349963790593330e-01 1.101636093761577517e-04
6.968324590138861296e-01 1.027366193098201832e-04
6.969433434748983913e-01 1.278232994270028040e-04
6.971158261715683091e-01 1.341629000929948825e-04
6.972263630554165204e-01 1.494155274306294633e-04
6.972696946603664792e-01 1.139954556097332858e-04
6.973182140164571052e-01 1.492958449749043901e-04
6.985807824005978439e-01 1.123096556386229131e-04
6.986220254187177625e-01 1.473719503914396013e-04
6.986333350364529737e-01 1.317338631770145459e-04
7.003962899675693077e-01 1.657281631013181192e-04
7.006039693396867163e-01 1.309434380642797663e-04
7.006704299687258608e-01 1.094088459630932983e-04
7.007188688294572199e-01 1.596145383368199259e-04
7.008896722070220298e-01 1.296100400090697885e-04
7.013974185324410859e-01 1.229866563447231504e-04
7.015837650892136068e-01 1.610287088475743510e-04
7.036876685263163678e-01 1.582037289189251001e-04
7.037385994444930182e-01 4.625664910027223967e-04
7.051867492487435829e-01 1.120208648667734414e-04
7.054384614782870377e-01 1.480625889901479608e-04
7.055078568430439567e-01 1.386888086063502916e-04
7.059495921416172326e-01 1.223010005221854377e-04
7.060974820729020163e-01 1.210958279301026957e-04
7.072544907818318904e-01 1.541475523156770125e-04
7.075418231221499710e-01 1.347847571030767538e-04
7.076137770150259243e-01 9.934444765576483621e-05
7.089105470303584955e-01 1.157840225526924623e-04
7.091807039559967496e-01 1.159341993819342940e-04
7.092183528140686422e-01 1.182380559419283784e-04
7.106616638910111527e-01 1.262759147553750105e-04
7.110118190875476252e-01 1.273471672761810377e-04
7.115242207366055949e-01 1.590157959764211765e-04
7.116144165672404487e-01 9.840243289932201819e-05
7.116965230145350096e-01 1.136769705801756651e-04
7.125704934870997764e-01 1.587361922478926603e-04
7.126195122315944763e-01 1.569231610789060204e-04
7.126652705642299024e-01 1.498791061307663721e-04
7.131025841260628662e-01 1.649576089749840192e-04
7.142853768511181478e-01 1.035704469094251700e-04
7.147481096334650230e-01 1.065614943776697682e-04
7.158749737386130851e-01 2.054264286183099606e-04
7.159927345888742467e-01 1.060994722270580909e-04
7.162912223553237201e-01 1.052648688367062484e-04
7.169477364386761531e-01 1.286363537361378271e-04
7.172256436874950847e-01 1.579814846635773555e-04
7.173064597776763751e-01 1.023958662681137040e-04
7.173731077184387628e-01 1.395926260722157592e-04
7.191370424683373175e-01 1.277450478782330529e-04
7.198930875153145559e-01 1.563317564033367532e-04
7.200070695278331101e-01 1.392881157429290201e-04
7.216488350708319954e-01 1.010755923972666344e-04
7.225687090152300707e-01 1.285287059063494196e-04
7.227851225274166680e-01 1.589003490403471757e-04
7.232135824586801709e-01 2.728575958789373861e-04
7.232683887959989733e-01 1.421493076140951635e-04
7.244234834063500994e-01 8.878601753467626632e-05
7.251954254672794420e-01 1.040210388541152773e-04
7.256042177600172671e-01 1.281446980068785184e-04
7.259357966376264182e-01 1.282212759784665652e-04
7.261407607736998226e-01 8.461394304934716107e-05
7.265096631571342778e-01 1.290558441191055775e-04
7.274542084333209813e-01 8.748530300812864548e-05
7.277701154182861787e-01 1.774870847360389219e-04
7.285532083953519811e-01 8.159647406571465854e-05
7.294866667138510952e-01 1.262216263063889769e-04
7.298092291470640314e-01 1.052033932862320880e-04
7.303255629432278129e-01 1.045037277940562346e-04
7.309304911790807102e-01 1.121737630404469061e-04
7.310706543644350797e-01 9.113019517608920170e-05
7.313034458521998626e-01 1.181447169022674349e-04
7.319653522438951398e-01 1.615663709166663094e-04
7.321393505028560567e-01 1.203016420629493560e-04
7.324299961434120876e-01 1.052528693456529209e-04
7.325262621872782320e-01 1.278633327581246086e-04
7.335798611942818681e-01 1.157130133395775385e-04
7.344721092914833216e-01 1.157155050291467974e-04
7.350437238689443431e-01 1.077584711238478677e-04
7.351829478374579674e-01 1.241612429344795187e-04
7.357262779560199695e-01 1.040750918280462203e-04
7.368203518988180045e-01 1.771106461515109759e-04
7.382413040020252559e-01 3.163504320081774054e-04
7.396861723626713125e-01 1.352167756404782381e-04
7.403642781308242826e-01 1.074622420529342779e-04
7.433689879326607075e-01 1.090286314703027109e-04
7.434885682781393612e-01 1.145096877012173809e-04
7.445604805247877378e-01 1.089007566578465721e-04
7.452416826492909152e-01 1.383929764095507729e-04
7.453932865477622682e-01 1.167268541201326869e-04
7.467866853571391017e-01 1.417155455089968822e-04
7.472380139366753271e-01 1.231077986850418620e-04
7.475089176921541068e-01 1.279099837409920391e-04
7.485791513535073882e-01 1.207365816863952224e-04
7.487273604248738668e-01 9.413197244993226273e-05
7.487877075353092104e-01 1.190151396578153668e-04
7.495566176370814793e-01 1.184334904449918789e-04
7.495578495939991814e-01 1.175536324392794312e-04
7.507111552539782462e-01 1.103027010613516463e-04
7.511516638975190840e-01 1.139183744165906976e-04
7.514125086116977270e-01 1.172782261693431391e-04
7.517528549777428015e-01 1.160033760829303352e-04
7.517660926583733527e-01 1.123368822405542425e-04
7.521304033591583726e-01 1.322456850413913346e-04
7.524582061422449009e-01 1.007266799022394867e-04
7.532519127214294397e-01 8.971045801304577732e-05
7.534879015896807086e-01 1.069665207071165904e-04
7.545629612858438806e-01 1.178104479863700718e-04
7.547669858875918347e-01 9.683918023949886200e-05
7.558698703376164341e-01 1.092322860573448720e-04
7.560547998006053039e-01 9.740237104433333351e-05
7.561402935010578252e-01 1.164757918602603315e-04
7.575653171760002857e-01 1.825269723202379625e-04
7.581219598077791888e-01 9.333101524742658998e-05
7.583171347735535583e-01 9.912884923925704560e-05
7.585867675795706644e-01 1.000932700604442141e-04
7.586574037077420396e-01 1.007896553381479923e-04
7.595105884791291118e-01 1.132216892691678705e-04
7.597291567102678611e-01 1.020076992595211912e-04
7.603270275693778668e-01 1.103627370967488969e-04
7.615064723213419429e-01 9.512038172113640021e-05
7.617917483618981134e-01 1.237597588525999855e-04
7.624509780482532362e-01 1.075205109760016237e-04
7.632756435079642854e-01 9.400741024712069469e-05
7.633857543452094996e-01 1.029384692196533486e-04
7.643898041060974702e-01 1.108629025543957872e-04
7.658476944726746449e-01 1.021093160284903585e-04
7.658757683173216257e-01 9.167777672838315988e-05
7.661549636025253296e-01 1.197465658756116837e-04
7.661931551958053310e-01 1.112401921740481850e-04
7.666754083089438732e-01 1.182309589013540158e-04
7.677635474764807899e-01 8.956867269018428386e-05
7.684073114030555152e-01 1.231016853728051394e-04
7.688440461713199614e-01 1.024118449046867746e-04
7.696758863102987069e-01 8.937416608864774681e-05
7.709376010030707382e-01 1.589873664414215597e-04
7.715482913994924363e-01 8.014757684978417044e-05
7.717561638439262017e-01 9.442392741223495315e-05
7.718092880173325065e-01 1.121174410485614666e-04
7.726387227089152043e-01 1.176955567028589998e-04
7.731261970804419459e-01 1.222826772412733483e-04
7.731432738875992916e-01 1.145057597275452943e-04
7.736101639899228832e-01 2.065758215011812015e-04
7.742958625247620130e-01 8.456996483170957227e-05
7.744747750643907747e-01 8.358091028132764674e-05
7.752822768539061604e-01 8.775309281626264915e-05
7.753542436723134257e-01 1.093887811121719227e-04
7.754785676829236696e-01 1.074916234374520991e-04
7.756174082726597918e-01 1.063672585517002928e-04
7.773984408554783787e-01 9.541048508292796415e-05
7.785957618613934539e-01 1.083716858436752106e-04
7.786560283680897809e-01 9.243023485440554350e-05
7.787514921866129924e-01 1.068883782081383750e-04
7.790058722732774443e-01 9.520897684679345075e-05
7.799253012084217396e-01 9.625519723302750996e-05
7.800734514941287667e-01 1.085611842258286090e-04
7.801104134529844858e-01 9.229730631826917183e-05
7.811695839407604147e-01 9.655285789127432937e-05
7.823067974049082718e-01 9.011399244820092762e-05
7.828661260511399211e-01 9.451616380568448532e-05
7.841784363714308093e-01 9.599785427211036297e-05
7.846296387476262568e-01 7.842268042199311106e-05
7.851380127293188238e-01 1.090522622553774068e-04
7.851639630553475246e-01 9.940507075056500793e-05
7.852853719332025806e-01 1.016502667032037697e-04
7.856992922276399005e-01 1.294478666166469971e-04
7.858995120916202337e-01 1.003258238864597463e-04
7.870610472834002058e-01 1.393882555429550973e-04
7.878589607385889648e-01 1.471804841677327178e-04
7.890217027318143783e-01 1.058527361555458530e-04
7.899377624629423389e-01 8.838437238790599259e-05
7.901316251622427789e-01 1.062089903939715020e-04
7.902903615128528125e-01 9.920711567685009812e-05
7.905377474198118648e-01 1.122219008235271227e-04
7.913106941897285473e-01 2.685418957111094119e-04
7.924696291615470622e-01 1.190231785509945754e-04
7.934330636555424476e-01 8.438341308082950617e-05
7.934511048845709347e-01 9.245979309461113346e-05
7.937145257060383985e-01 1.136082741980284732e-04
7.937270781950092058e-01 8.566064412287556441e-05
7.937871885463800847e-01 9.687193368749074112e-05
7.939705267886203455e-01 8.704781049301144524e-05
7.956030167142204013e-01 1.021560483005879512e-04
7.960900696307915414e-01 9.227278623020946410e-05
7.963583971260662642e-01 1.006945368460913259e-04
7.964909668623865180e-01 1.018770383410396129e-04
7.970224971249662005e-01 8.714685509792501246e-05
7.971310621143764541e-01 9.936379152617716599e-05
7.971648072674255570e-01 9.592253322257834967e-05
7.974658690407688821e-01 1.279461116734048284e-04
7.977315461637602967e-01 8.561927962747198308e-05
7.978534254076943277e-01 8.799092528532218753e-05
7.978990805312655699e-01 1.105829944375105744e-04
7.980432517501576672e-01 8.059864306450303148e-05
7.982248345214514318e-01 7.684942446605482955e-05
8.002958934241598543e-01 1.209883986177803729e-04
8.005237640453378711e-01 1.054505542435743093e-04
8.006948656346596360e-01 9.434805643362323532e-05
8.014007667150648828e-01 9.910828246042022041e-05
8.026336304043709680e-01 1.234386082305326368e-04
8.038613183139980967e-01 9.153745647469703202e-05
8.047418666865268078e-01 8.403044824186697056e-05
8.052242215538107928e-01 8.745346246348220014e-05
8.052501036247446953e-01 9.411875283625837599e-05
8.062545644724433691e-01 9.116391440671725024e-05
8.064015207340867741e-01 8.315451638052632122e-05
8.076045215073440753e-01 8.459986444432727125e-05
8.080824939637868409e-01 9.345177781952433498e-05
8.082845099831105218e-01 1.088875674949688126e-04
8.084823245947586612e-01 1.030440545361904488e-04
8.098482586546869033e-01 9.927562202556030561e-05
8.100302202029320275e-01 9.209645925587930492e-05
8.106720717648225882e-01 1.172797475841228480e-04
8.108953477732223636e-01 8.278480812552865224e-05
8.121364001494081331e-01 9.814607714981244985e-05
8.123767658615624887e-01 8.124942490190010342e-05
8.127936521253688040e-01 8.057246741864204078e-05
8.139707107245341966e-01 1.091291209721422070e-04
8.156939450659772550e-01 1.006628817622777560e-04
8.161079433423614748e-01 1.220268806220963355e-04
8.172990763978954520e-01 8.943978724245466494e-05
8.185009972670072020e-01 9.557881471701317171e-05
8.189387772598113457e-01 8.285542971017588129e-05
8.191211715773750734e-01 9.366812944079663480e-05
8.191359222166741949e-01 7.486903914680167647e-05
8.194780644489338961e-01 1.274891561579120122e-04
8.195131511347550912e-01 7.568106161504827803e-05
8.198536750857581268e-01 7.305333518976654737e-05
8.201335867018996195e-01 7.581193444323573066e-05
8.201963724688274837e-01 9.616565599929741614e-05
8.208086600628047291e-01 7.249433928354410441e-05
8.208680210989839354e-01 8.847457380990592893e-05
8.211087371568995819e-01 8.443412459767577600e-05
8.217580377682635051e-01 8.276523897256285965e-05
8.238071382259232189e-01 8.414218263275042989e-05
8.240745084916937246e-01 7.968734839744203802e-05
8.241409471432510347e-01 8.762751697286960315e-05
8.245005822951931851e-01 9.904907061051678916e-05
8.247333489336453605e-01 1.121414652355593014e-04
8.255873476558692747e-01 8.615832500416214352e-05
8.262066457350737414e-01 8.114728030538319412e-05
8.272113958580636917e-01 9.980920011473343818e-05
8.276923402193263613e-01 7.326076963938690312e-05
8.277236324767978104e-01 8.246418827007481148e-05
8.277420969939177642e-01 8.219014288859419692e-05
8.278589347807392418e-01 9.806007967647030260e-05
8.288497808735906247e-01 9.665576113347019050e-05
8.293362358709853721e-01 9.595043750948939953e-05
8.304448892867424270e-01 1.038417830723019998e-04
8.321534669704349074e-01 8.566835524986803616e-05
8.322528347895503664e-01 9.645850066145698486e-05
8.324073574054579039e-01 8.910320069529477827e-05
8.328092041076859964e-01 8.718683415818266071e-05
8.333063008640155811e-01 1.034201403951203705e-04
8.355740402001750056e-01 9.612687253443314046e-05
8.359849638565314267e-01 8.877930175632657583e-05
8.362912934756880912e-01 1.039162657349482189e-04
8.366046374483017134e-01 8.061904332697037020e-05
8.367019427409210230e-01 7.563315533133279690e-05
8.370901484580298701e-01 8.123385800342488629e-05
8.377035219796437060e-01 1.596024128662870646e-04
8.379173407572648724e-01 1.627150457754237786e-04
8.383534701548138734e-01 9.362296233353126847e-05
8.390275708950351019e-01 7.584649358629724661e-05
8.401230426317439770e-01 7.418467700455477244e-05
8.402215092242706351e-01 8.583441320382153292e-05
8.403335834026651741e-01 8.727412994148566350e-05
8.411967012127460341e-01 1.378804374192324283e-04
8.426857062355057604e-01 8.259334065713492005e-05
8.427119888958162219e-01 7.752722797307365127e-05
8.428937148292074966e-01 9.164436762198200151e-05
8.429314127247214961e-01 9.659119399679449666e-05
8.432487424787672436e-01 1.055302654919379511e-04
8.433253772577181673e-01 8.491335395617275350e-05
8.452546170197620112e-01 1.044653122974837143e-04
8.456026236994216294e-01 9.535805020249381824e-05
8.457708834920119045e-01 8.856858456461194965e-05
8.460451096659853398e-01 1.262163022121512857e-04
8.471569655686228550e-01 9.668138961728112407e-05
8.471882754602567678e-01 7.039745191410747796e-05
8.473553413628372999e-01 9.332760440689971497e-05
8.485384734383595307e-01 8.098386586205053635e-05
8.497353090104210471e-01 9.634136068381647742e-05
8.499403902920831255e-01 8.546893955260576276e-05
8.499757627325960074e-01 8.369379030600678057e-05
8.515290969828169798e-01 7.938006576476275137e-05
8.515996033796283671e-01 9.294378163874001449e-05
8.533162350938319207e-01 9.842249943917060363e-05
8.536656927692041208e-01 7.137719622224336018e-05
8.541001133429900749e-01 8.121673674420579322e-05
8.570372314219367738e-01 7.769837404036180793e-05
8.574946770213978109e-01 8.291306883815246056e-05
8.577196632619157324e-01 6.425219479080835521e-05
8.584952503433465054e-01 7.521870308328535500e-05
8.595654272561682463e-01 8.682708295473262909e-05
8.603507278666351343e-01 6.931741885988308488e-05
8.605194743913165967e-01 7.117869163415909903e-05
8.605613702901112605e-01 1.086385176355935132e-04
8.617025125568446020e-01 9.688100422878971856e-05
8.620291695421543610e-01 8.235164231905453720e-05
8.632157838995052623e-01 9.685128335981695903e-05
8.632265530205506243e-01 7.524618160348819245e-05
8.637738371797700765e-01 8.732643285179001185e-05
8.645786900636164285e-01 9.063378193531540429e-05
8.653143083745115094e-01 7.998073219843296420e-05
8.653708353001531295e-01 7.303667312299532766e-05
8.657527059210158304e-01 8.357847902266676637e-05
8.659175736753862429e-01 1.259899895073270310e-04
8.662477204730838487e-01 1.540034163909628567e-04
8.670096701965651631e-01 7.928918599811294080e-05
8.683075055942603981e-01 7.543080740401681501e-05
8.693525249081370809e-01 7.722904953101111705e-05
8.697971249627319823e-01 8.168370982209901784e-05
8.703046072887677953e-01 8.434136464840669600e-05
8.715154110842286972e-01 8.774225737806546244e-05
8.723116171913518624e-01 7.147491735167692142e-05
8.727196750679999671e-01 1.055004874191635460e-04
8.732376994250037328e-01 7.851389576066533464e-05
8.733191594573059824e-01 7.327573087280228061e-05
8.737391315562065275e-01 7.099847345303819505e-05
8.743125180452149259e-01 1.236530696310237016e-04
8.752101517645675122e-01 7.587182976001088312e-05
8.754190767948114571e-01 8.672881874515905940e-05
8.757319467863524665e-01 8.013979279226090288e-05
8.760762168654594451e-01 7.285122501496184744e-05
8.776946390851275703e-01 7.023945017685989038e-05
8.779823634742027760e-01 7.692685292079576016e-05
8.797604928949174230e-01 1.222236405060260099e-04
8.807600225677179040e-01 8.154263203528378261e-05
8.813835978559380058e-01 7.343483501109462669e-05
8.823962730813068589e-01 9.476402615958074349e-05
8.824427647657170359e-01 7.907184210161363562e-05
8.824596611956203596e-01 7.450942252387782498e-05
8.824874572229103320e-01 9.753890657707561731e-05
8.825294957011742270e-01 7.750041356369427668e-05
8.833424326036610763e-01 9.321346083320871409e-05
8.837117444110348385e-01 8.704041836894682008e-05
8.865547564507114675e-01 1.075634613504673640e-04
8.867466843885398742e-01 7.711194882795938555e-05
8.878441941399368709e-01 7.764423747129470764e-05
8.879037723174824093e-01 6.817817566467507717e-05
8.895380796756704456e-01 7.521396315113739047e-05
8.900568329817631907e-01 8.329650031109028297e-05
8.903674986870535601e-01 7.662008809089029002e-05
8.917305311184626770e-01 8.519602920670247485e-05
8.918044379020720891e-01 8.963303308753280910e-05
8.918425666063549695e-01 8.241146105722940360e-05
8.921405581389019179e-01 6.907480205901343957e-05
8.940594025318733262e-01 1.038828779900376534e-04
8.941254527996278512e-01 9.175443562695172336e-05
8.944738676941378364e-01 8.867062215107039756e-05
8.948423376465409751e-01 6.380706592719278972e-05
8.954256030499032626e-01 1.002375877169199130e-04
8.963018966702548385e-01 8.726729275583914593e-05
8.969443044109719487e-01 9.126845911549919335e-05
8.972545856797597974e-01 8.065302521767171620e-05
8.987491860396633614e-01 6.897809313704342260e-05
8.988442716308953084e-01 8.192576320018529984e-05
8.993437655866288738e-01 7.408024323501564761e-05
9.006326230087083884e-01 9.225407637414487054e-05
9.009191683429980113e-01 9.764467970014489775e-05
9.019093511878827352e-01 8.173486406744919690e-05
9.020689470333884685e-01 1.157906216539170109e-04
9.033487758864655603e-01 7.046544201668736849e-05
9.044385080396833976e-01 6.924541046418642191e-05
9.045706257725041333e-01 9.036444583054689574e-05
9.048010489939672940e-01 9.022562727588813068e-05
9.052776124927343071e-01 1.209578377139574614e-04
9.055363691681729277e-01 8.055361658869576334e-05
9.057982900707693963e-01 7.872766273464464949e-05
9.061812505426883879e-01 7.559076555504313198e-05
9.064163133141174278e-01 8.171944090606147906e-05
9.066071361953270680e-01 6.951011734742972351e-05
9.084909994612500039e-01 6.652579178121426019e-05
9.107339796042923652e-01 7.461212997971200793e-05
9.116089706790287961e-01 7.653334902680805944e-05
9.125670126390660331e-01 6.789765211199872222e-05
9.132617402617139168e-01 8.031447496682523278e-05
9.133958912400476082e-01 9.510366573911654498e-05
9.135285779741686429e-01 6.469496084663362240e-05
9.139558747887777113e-01 7.755877890592735135e-05
9.143418177677572478e-01 7.959077610121727069e-05
9.145142916851720649e-01 8.044403607914686301e-05
9.157225986433924492e-01 6.128036761245681517e-05
9.157405079458197372e-01 8.852351888364356418e-05
9.163934275448645250e-01 6.476449480865416558e-05
9.171567977684061956e-01 6.794039728098345051e-05
9.177974869167576655e-01 7.492811557703016301e-05
9.186420786885147738e-01 6.014730655055541256e-05
9.188281397987017041e-01 7.191754054781555666e-05
9.194976566195678380e-01 7.285075869257464851e-05
9.198647862487081550e-01 7.836436702553390419e-05
9.210048202563387854e-01 7.265363821892143424e-05
9.211958836562748054e-01 6.369844995496969900e-05
9.212484425345516259e-01 6.170639701048445972e-05
9.214109408073097862e-01 7.017838924812653362e-05
9.214551732894498137e-01 8.499262775037861792e-05
9.214551962111773298e-01 6.694802946557053735e-05
9.223962878374378782e-01 6.883712797160383224e-05
9.224663858458953536e-01 8.136829998155581509e-05
9.239730341440944850e-01 8.263733939292889664e-05
9.242104056170665771e-01 6.149643539957911113e-05
9.244608144856655274e-01 1.109430724229484280e-04
9.257764741795035945e-01 7.603042574948218010e-05
9.259348316295514802e-01 7.740583411833798012e-05
9.264126933459785329e-01 6.453668138299548432e-05
9.267036455316203236e-01 6.358911619846590582e-05
9.274253635883721314e-01 7.554665358194966756e-05
9.274417055991313052e-01 7.232434883969930824e-05
9.278896092715658295e-01 7.943573947733292449e-05
9.286134403165839935e-01 6.655614971721935302e-05
9.296626611093511405e-01 7.166815636395123873e-05
9.304759131152959828e-01 6.883482325783994954e-05
9.307002648089676144e-01 8.597177220020565524e-05
9.307838671467171254e-01 7.835289331042854318e-05
9.327715912000148490e-01 6.674520929549735446e-05
9.336156155157161463e-01 7.340338490085253863e-05
9.339339634321596195e-01 6.442388820489962007e-05
9.347740870837453198e-01 7.379643897459786520e-05
9.389512395907044784e-01 7.735856556771969180e-05
9.390827577522268266e-01 8.836886345539308714e-05
9.394648458265230095e-01 6.204777562243906188e-05
9.398194848351224540e-01 6.086437987533377706e-05
9.405856716625501379e-01 1.019831262378193541e-04
9.406325883360995288e-01 6.142612745951405774e-05
9.406776370770131290e-01 6.235672038423579523e-05
9.408285703020938806e-01 6.407991356203416190e-05
9.412073656345374406e-01 6.772169362250995777e-05
9.420180209799184912e-01 6.079336035657353904e-05
9.420780467823023363e-01 8.492602455443943438e-05
9.426199349899083701e-01 6.347425929752931238e-05
9.426518599991929870e-01 7.836253681858889556e-05
9.438858678323404083e-01 5.463121292423202388e-05
9.441348890786607218e-01 6.032609578783150857e-05
9.458403663130862116e-01 7.709282919926709705e-05
9.460292909597398658e-01 6.882200083135500376e-05
9.495974240285259826e-01 6.704194606604505467e-05
9.496105364982380115e-01 7.593014621434546760e-05
9.515794442779729190e-01 7.064313095279741469e-05
9.517005596873622242e-01 6.622917290132196834e-05
9.519468492252499692e-01 8.231896274585776040e-05
9.528085255037082035e-01 6.935932698633346120e-05
9.538184942969710756e-01 5.797337538577740303e-05
9.550412818840131601e-01 6.380292406768192127e-05
9.558268326114394142e-01 7.848965910275718149e-05
9.575162771029016584e-01 7.413364114154499579e-05
9.587845143020494731e-01 6.290781594122343996e-05
9.590989478877038898e-01 6.566394166278705080e-05
9.595489101525911391e-01 6.630469437803973467e-05
9.596054669769770173e-01 6.194437054863618326e-05
9.597523134521388499e-01 7.215266581988218921e-05
9.603623961970878531e-01 7.274315364235763026e-05
9.614684484823822208e-01 6.146992640198897903e-05
9.616877596758547364e-01 7.065956958772273352e-05
9.618370546331386217e-01 6.192304286752337028e-05
9.622781171248721011e-01 7.605571490987708216e-05
9.623633859517275457e-01 5.879429894857592277e-05
9.638649987662334384e-01 1.153870320250825895e-04
9.647964509468743843e-01 5.515506710487559400e-05
9.650414689531116030e-01 4.994262098548374177e-05
9.654436634018429553e-01 6.521267876196109128e-05
9.665874152526453544e-01 6.910948856681247299e-05
9.672094619991062903e-01 7.534197603603104583e-05
9.672111042701285744e-01 7.518770174216829092e-05
9.676490838386405668e-01 6.092430695307167227e-05
9.688308995673452495e-01 8.673464461183882836e-05
9.691520049179340734e-01 5.656734845245481313e-05
9.695746222620034160e-01 6.591090562274496518e-05
9.702050187950228555e-01 5.917728151982366039e-05
9.741621878547207514e-01 6.409298761929834993e-05
9.746243135950466430e-01 5.760151125434882617e-05
9.748103663504465999e-01 6.111752345286138304e-05
9.748962065510580199e-01 5.589887860456606040e-05
9.757601897470963292e-01 5.480582810891948515e-05
9.758715804217489298e-01 6.254575956274130856e-05
9.760055825878836133e-01 5.323735622790258233e-05
9.760208720169890606e-01 6.067016946336313538e-05
9.779979628865547170e-01 6.558263433423686746e-05
9.782740841861339298e-01 6.936039879931995612e-05
9.791403974790472420e-01 5.177022123013162003e-05
9.830302868690345974e-01 6.483846496232720366e-05
9.837033127466559002e-01 6.082674045978131612e-05
9.838720974217525228e-01 5.096253329639681380e-05
9.853274821947394235e-01 6.562834822130750442e-05
9.854778960361861850e-01 6.519999787144970633e-05
9.855088598665502353e-01 6.579955716211727636e-05
9.855780764300807739e-01 7.122520701338127353e-05
9.869170297082504595e-01 6.908057683310550123e-05
9.883821693458861857e-01 5.712174509076489498e-05
9.900810501793486651e-01 6.652936787845964168e-05
9.924176174151393415e-01 5.773158454085963162e-05
9.924479692708985112e-01 4.969686794228807519e-05
9.928404607738616772e-01 6.370678247892757543e-05
9.929608218415856280e-01 7.433889948761593380e-05
9.929681487529586903e-01 5.359298192576975007e-05
9.934131521003878307e-01 6.852544141061986003e-05
9.934549539982618915e-01 6.854134226633764714e-05
9.934608488547383986e-01 7.513092270433679922e-05
9.939449604966814622e-01 5.024615062099518849e-05
9.947635426632043254e-01 5.557635642393392365e-05
9.950667508353204793e-01 6.299256200617556136e-05
9.955298087831176979e-01 6.081008760038036844e-05
9.955790930363936919e-01 7.097919938618342561e-05
9.960570224441447351e-01 6.934736256355689382e-05
9.962776558405623817e-01 6.526391258052235489e-05
9.967375994868625799e-01 5.881758879052134638e-05
9.969320172775132383e-01 6.070769562161382524e-05
9.974650510894317312e-01 7.221642732846657233e-05
9.975013882326725367e-01 4.660648749108400673e-05
9.978819922711139601e-01 7.231562867653941722e-05
9.979275650742791548e-01 5.461497806529971930e-05
9.982724057316860744e-01 6.518608245622135758e-05
9.989605302441112444e-01 7.849956749882706008e-05
9.989941844905413371e-01 1.282722802978982759e-04
9.997077751870161455e-01 6.594097244035715670e-05
1.001708001714421314e+00 6.282819054985089757e-05
1.002268885899288753e+00 5.234176854440500230e-05
1.002667415978847121e+00 6.171458190071480040e-05
1.002704572242375969e+00 4.974913651702311687e-05
1.003372698048585310e+00 5.904153035636683475e-05
1.004201606236607036e+00 5.149087382729450942e-05
1.005313547445210842e+00 5.676921882645696632e-05
1.005388512694058267e+00 4.931361646684709327e-05
1.005754294468809595e+00 4.976483291353230032e-05
1.005855867356677091e+00 5.693799548147418364e-05
1.006566771226154344e+00 5.760120769705750961e-05
1.007046353681842144e+00 4.840085836240742850e-05
1.007085358946268050e+00 5.443340644845931985e-05
1.007124820468859649e+00 6.460978648905071583e-05
1.007261922424191214e+00 4.980764508654764161e-05
1.007482165166281751e+00 5.379655823963358052e-05
1.007796076406592301e+00 5.501096135746508052e-05
1.007990036438180415e+00 5.504014646772596335e-05
1.008305400984909062e+00 6.620617627727154355e-05
1.008335718691223848e+00 7.199967033249221832e-05
1.008402349098946216e+00 6.412941724767984308e-05
1.009923622276089672e+00 6.404566174524285911e-05
1.010161274321060620e+00 5.416981726960594281e-05
1.010218968270211626e+00 4.940377501158718827e-05
1.010654790244039258e+00 5.336322997511548628e-05
1.011345818085623405e+00 6.494492384940781600e-05
1.012336615162038989e+00 6.736703528585979918e-05
1.013765904868335399e+00 6.453069762168511759e-05
1.014791988274769352e+00 6.352307601571436128e-05
1.015146023231179084e+00 4.682718015023771527e-05
1.015754393048715398e+00 5.895256170438245688e-05
1.016241495437565590e+00 4.908288475579507135e-05
1.016408598279883613e+00 5.315935404514100695e-05
1.016879221258361721e+00 5.245663219001583895e-05
1.017133615966991478e+00 5.772133075592979126e-05
1.017354540005611652e+00 6.389744206884187506e-05
1.017542736772833134e+00 4.664949978027802837e-05
1.018211343870876417e+00 6.300158772226400593e-05
1.018791424634055032e+00 6.189343733976147692e-05
1.019506636660269860e+00 5.209055421694623887e-05
1.020093948303965492e+00 5.163708127502754104e-05
1.020370079502319394e+00 4.716760662872986499e-05
1.020622818445663160e+00 5.404934152851561613e-05
1.021830833116607273e+00 5.666534315067952990e-05
1.021856296712437162e+00 5.505376298382742725e-05
1.022994185646428633e+00 4.994354715899057350e-05
1.023421215255874817e+00 5.228488663028256912e-05
1.024047968118156682e+00 5.675198421886638585e-05
1.024198028972390873e+00 5.601099098010340439e-05
1.024909464053249231e+00 4.984950130501077104e-05
1.025898611848907072e+00 4.804633576831504160e-05
1.026787237405450304e+00 4.568139084952505918e-05
1.028339769191646491e+00 4.992425207547035210e-05
1.028670361994341587e+00 5.063944267883960368e-05
1.029185728704512304e+00 5.810957958072120042e-05
1.029568854814290502e+00 5.774394149329498008e-05
1.030060598900510049e+00 4.570122281245144038e-05
1.030406333586282308e+00 6.824702130070178839e-05
1.030776899143650560e+00 4.992904610840025610e-05
1.031264654511599321e+00 5.624051934788373283e-05
1.031583571471278882e+00 4.985053777199163646e-05
1.032001282309904511e+00 5.587939617604768832e-05
1.032137621259434868e+00 5.310254862495246864e-05
1.032487037880482239e+00 4.418602494064764432e-05
1.033043829376010692e+00 4.763725609859391515e-05
1.033127488275265904e+00 4.458609347232307863e-05
1.034385060148003133e+00 4.982236812284583042e-05
1.034668568996740756e+00 6.732760366119530486e-05
1.034994237648829252e+00 5.261817735000739782e-05
1.035502814937956151e+00 4.902497793882332205e-05
1.036324208808958591e+00 5.115647198495525214e-05
1.036568114395255868e+00 6.235855833902917368e-05
1.037310446000296205e+00 4.864435326885179070e-05
1.037321782373605616e+00 5.913106748071661207e-05
1.038263192046559480e+00 6.187282643870451913e-05
1.039338303040385769e+00 5.326839515967046691e-05
1.040598535572903938e+00 6.165370134115237728e-05
1.040779609792060079e+00 6.033509954650515103e-05
1.041829167994295702e+00 5.550447429791390078e-05
1.042279263949103862e+00 7.424715352283823666e-05
1.042539759768123186e+00 5.714889160438533621e-05
1.042731558164737171e+00 4.272837644499065287e-05
1.043051513114519935e+00 5.238504990483562222e-05
1.043103204548160967e+00 5.547140557645794117e-05
1.043552019365041161e+00 5.812565586190203643e-05
1.044159258466847762e+00 5.465834014433764739e-05
1.044261343484778504e+00 4.855105422522072527e-05
1.044433121551566090e+00 4.912382293078386425e-05
1.044479584721696996e+00 4.711464889415119034e-05
1.045552341653374517e+00 5.321616786211096404e-05
1.046857823311649227e+00 5.216589472133163665e-05
1.047198895936474639e+00 5.883977025859740028e-05
1.047380810059048040e+00 4.927424602630503758e-05
1.047628685964687278e+00 4.562938691020005890e-05
1.048403111346162264e+00 4.290599616915380220e-05
1.049984496542571311e+00 5.073168736022234178e-05
1.051001750414520375e+00 5.610882475368129659e-05
1.051450208021652344e+00 4.125224198430065030e-05
1.051594796831579748e+00 5.472180394218334644e-05
1.051757616335146528e+00 5.098450369110310029e-05
1.052436603307888907e+00 5.149031044217740024e-05
1.052640173809929580e+00 4.426296692753280360e-05
1.052852535891573238e+00 5.091646915440308267e-05
1.053391827359332344e+00 5.977137136549825634e-05
1.053606306476460253e+00 5.513036822250971651e-05
1.054721726853239838e+00 4.810821315668884054e-05
1.056414804843756716e+00 5.188461873809733805e-05
1.056586728998289981e+00 4.582316217665794502e-05
1.057296808976229796e+00 5.221353033332496054e-05
1.057344275440427639e+00 4.465116675842007099e-05
1.058049601023647535e+00 5.768194520633313025e-05
1.058173470818304374e+00 5.107963910049981342e-05
1.059967523221755581e+00 5.368252677788747009e-05
1.061793956388377369e+00 5.255641602911310608e-05
1.061974577178949053e+00 5.559100228586682547e-05
1.062446586411847305e+00 5.574003200973063233e-05
1.062799705798626038e+00 6.930970799879618326e-05
1.063807829824474860e+00 4.738564356366438353e-05
1.064656935610273747e+00 5.461805502897016155e-05
1.065700652087409050e+00 4.240530414578545245e-05
1.066040461309442078e+00 8.675998762345124235e-05
1.066811613253520363e+00 4.481643675898344399e-05
1.067264137520287814e+00 4.506542878239844528e-05
1.067286862998423347e+00 4.713142077381004787e-05
1.067912714671238161e+00 5.081003279116375580e-05
1.069007865500350096e+00 5.456554802722526107e-05
1.070887833553683555e+00 4.948029576670408394e-05
1.070991863941273659e+00 4.347313969934854712e-05
1.071168892258366201e+00 5.901815407436480123e-05
1.071719395471740999e+00 4.388577609626324823e-05
1.071909628089060540e+00 6.342354865387858783e-05
1.072394791553909377e+00 8.963083850403841366e-05
1.073077149502065453e+00 5.430524175957988735e-05
1.073600738126615051e+00 5.095334229415756169e-05
1.075875628622616764e+00 5.077852660491705594e-05
1.076404732381813556e+00 5.959145492749943172e-05
1.077273279927734695e+00 6.120019908736830556e-05
1.078276047561166795e+00 5.014570482465103093e-05
1.078477763627528008e+00 4.988208933405577220e-05
1.079782849919903365e+00 5.580205510091828614e-05
1.079848026398025018e+00 5.558223947333480237e-05
1.080276750193237989e+00 4.709902566312787703e-05
1.080363285584214239e+00 5.807590993411038252e-05
1.081986709484066722e+00 4.321406367715467797e-05
1.083220000244932368e+00 6.539006298616714024e-05
1.085617667707305278e+00 5.392928792571788647e-05
1.085997886048102545e+00 5.153886243045348190e-05
1.086649074186040176e+00 6.191290088968801682e-05
1.086755700467897823e+00 5.031803510387588966e-05
1.087250321766536354e+00 4.992811047349300445e-05
1.088246509265480277e+00 4.902255517753526388e-05
1.090587169678961521e+00 4.776047126090795906e-05
1.091291802451994197e+00 5.148563967118868431e-05
1.091346209868153005e+00 5.299851560961429308e-05
1.091446434151764233e+00 4.880197036059809643e-05
1.093462856246384174e+00 4.546784945770558905e-05
1.095366734665284003e+00 6.096996111684713866e-05
1.095496671102893727e+00 5.640439331722940967e-05
1.096403941451635999e+00 4.308104403188750742e-05
1.096727632102662664e+00 4.473315497779094263e-05
1.097542065451024396e+00 5.264266481858165080e-05
1.097840044227994971e+00 4.791672166600694849e-05
1.097986477738674971e+00 5.588673529611184635e-05
1.099410097390272067e+00 6.536064788963745855e-05
1.099416572918451740e+00 4.907438212355112901e-05
1.103661101958461010e+00 5.134142028665698707e-05
1.103835868583268542e+00 4.005625524836654161e-05
1.104504903531224880e+00 4.506360892811546264e-05
1.104665645770994908e+00 5.801656135609296557e-05
1.104696990381148547e+00 4.484624911824973480e-05
1.104760385986070848e+00 5.005560939829377073e-05
1.105563349128073858e+00 4.398386668250312405e-05
1.106254839816160906e+00 4.722653868130469309e-05
1.106957280033526558e+00 4.224685058206842418e-05
1.107207288040814808e+00 4.283154132152786932e-05
1.107243206699722426e+00 4.367559776361057389e-05
1.108224067568636340e+00 3.871858493588373049e-05
1.108656635598147977e+00 4.214387003750792612e-05
1.111128629977256477e+00 4.564981391514188412e-05
1.111142611040331740e+00 4.588754541692219383e-05
1.111738051626272039e+00 3.950513986228723368e-05
1.113183528822290214e+00 4.742171851505342305e-05
1.114316120940667787e+00 4.791282225159263094e-05
1.115534120154573428e+00 4.817799794266780896e-05
1.115920163736338955e+00 4.593702834203130852e-05
1.117106214432805888e+00 4.072934344267364919e-05
1.117320543298039537e+00 4.883468050066216818e-05
1.119488378917889104e+00 6.861424348640900411e-05
1.120682023638400970e+00 4.064043541206742113e-05
1.121130242023354651e+00 3.790827318111605123e-05
1.121617114594753106e+00 4.799899988497239624e-05
1.122303182562563784e+00 4.605323370564657877e-05
1.122487546574945538e+00 4.174014658574034858e-05
1.122949440003371935e+00 4.177631735263193357e-05
1.123053970106767441e+00 5.159953270085854073e-05
1.123869969408014979e+00 4.722841338553078531e-05
1.124786514497732037e+00 4.157832702350805287e-05
1.125093215834612526e+00 5.078643357713581475e-05
1.125710560668047311e+00 3.627663282499781047e-05
1.125982856194882809e+00 4.216986478804763186e-05
1.128174727278510980e+00 4.482750268110131670e-05
1.128189211696484007e+00 5.005456641333883114e-05
1.128677584871820239e+00 6.360553921554067884e-05
1.129595275935118659e+00 4.082884534454419797e-05
1.130983946996479306e+00 4.135295260903530754e-05
1.131129193232323527e+00 4.837779035375432731e-05
1.131900221844395205e+00 4.821512491286594461e-05
1.131907303844249535e+00 3.834352108261987203e-05
1.132245336300712335e+00 3.803685769558029587e-05
1.132296556918860775e+00 5.460138386612614956e-05
1.132680333923579585e+00 4.150471366940027007e-05
1.132953154738839396e+00 4.584977927280957838e-05
1.133035944612588386e+00 4.839197227582781936e-05
1.133629117540753573e+00 4.281771570871550551e-05
1.134221659055977716e+00 3.826480133388327371e-05
1.136624680820450983e+00 4.003804278771871304e-05
1.138262068354277678e+00 4.141849011071623482e-05
1.138539740766044916e+00 5.057949942165791029e-05
1.139023711146561313e+00 5.029457144023001785e-05
1.139051447570873066e+00 5.427698525473965778e-05
1.139587938124518196e+00 3.651089795095599705e-05
1.141324893931155549e+00 4.699534237834687847e-05
1.141364701352947097e+00 3.725162393687419865e-05
1.141839582696433819e+00 4.258400774806133851e-05
1.142995368944061063e+00 4.183212130087752049e-05
1.143300967111061439e+00 4.089365183843418432e-05
1.144567104523958045e+00 4.685064848057490973e-05
1.144584912086670458e+00 3.966625968069635539e-05
1.145099438086024435e+00 4.321996681651473968e-05
1.146605454207452190e+00 4.367353799063204445e-05
1.147467398766686575e+00 3.383641157230906981e-05
1.148779720532258297e+00 4.415728883238324008e-05
1.149020223700062848e+00 5.228910832693380175e-05
1.149184896695675917e+00 3.943740530197152480e-05
1.151131880893637716e+00 3.578644628223027953e-05
1.151844459658920128e+00 4.535057168504686088e-05
1.151882814237843222e+00 4.829608088687416370e-05
1.152349315077561664e+00 4.131038361516424777e-05
1.153296756086769737e+00 4.668265470325099533e-05
1.154324544982138434e+00 3.164601829945448941e-05
1.155463699075224726e+00 4.466383383036725668e-05
1.155856190864486210e+00 4.056353855586034647e-05
1.155960389025067814e+00 3.661267761715277907e-05
1.157001341599753319e+00 4.648517390881588910e-05
1.158601773811224422e+00 3.903175021503667221e-05
1.158870356421409120e+00 5.134297734931075972e-05
1.159262643037927365e+00 4.211454502613424053e-05
1.159356476017878501e+00 5.280547226100775247e-05
1.162006174135767456e+00 4.383204791624092451e-05
1.162473308623906521e+00 4.658748208907657819e-05
1.164028658261701210e+00 3.531740630494415123e-05
1.164322828461388015e+00 5.223963156227574937e-05
1.165351250589649501e+00 3.838899696103445801e-05
1.165966628608756883e+00 3.839307581856009230e-05
1.166983318034598760e+00 3.677100908100880341e-05
1.167023495129047461e+00 4.042506884028174168e-05
1.169302321725415705e+00 4.397979702310491116e-05
1.169479532886553708e+00 3.772583289846019833e-05
1.171177651340510550e+00 4.065754724757092214e-05
1.171397557885745844e+00 4.696165224845037935e-05
1.172032442400722685e+00 4.643018773403979481e-05
1.172359683821011966e+00 3.587584994404578590e-05
1.172388356313334823e+00 4.482119343001278732e-05
1.173727109972127591e+00 3.635466408560618536e-05
1.174667622471679440e+00 4.079339390791296833e-05
1.175316440774171634e+00 3.444219399323408777e-05
1.175544512748357029e+00 4.019372832392285232e-05
1.175622417251582563e+00 4.256139245001999927e-05
1.176016918787599064e+00 4.034231911516804114e-05
1.176852345066227157e+00 3.528317969411452884e-05
1.177069108411896048e+00 4.382355172324740763e-05
1.178648540300162750e+00 3.435360988853418081e-05
1.180424503368977973e+00 3.773611227943765220e-05
1.181016108973630185e+00 4.800654396795434709e-05
1.181205529821286015e+00 4.031719706039873390e-05
1.182279734131849169e+00 3.965110197803617414e-05
1.182656776606549220e+00 4.515380073098403406e-05
1.182738188061576823e+00 3.585400911820770724e-05
1.186933991056245530e+00 3.994087584721520910e-05
1.187285017392968989e+00 4.058787732655949398e-05
1.187708897023867172e+00 3.812146965366422198e-05
1.188058986569887621e+00 3.099486976566908215e-05
1.188674667018324360e+00 3.504311695466357434e-05
1.191152986513436041e+00 3.729419456069874125e-05
1.192863718798199191e+00 3.770189072688410700e-05
1.193317557627181502e+00 3.347034555779376087e-05
1.193351548859765021e+00 4.310206392288049287e-05
1.193626489023346560e+00 3.858456925540288172e-05
1.195463148715829149e+00 3.612083130618393796e-05
1.195992790811380324e+00 3.713742004680053809e-05
1.196362633926175922e+00 3.934582373815711593e-05
1.196810408530482706e+00 3.727353653505140039e-05
1.196830319339648119e+00 3.014763773379915056e-05
1.196864921750441457e+00 3.974502006426117217e-05
1.197024927945023132e+00 3.846625336787897159e-05
1.197415296886441549e+00 3.365329315761033362e-05
1.197467462879763245e+00 3.839702387513920271e-05
1.199402764778336516e+00 4.334340746802368592e-05
1.200208481618632250e+00 3.923887088236077984e-05
1.200808747265118104e+00 3.216739168390586205e-05
1.203064298011901734e+00 4.205352113675987010e-05
1.204413399411305097e+00 4.085141748770239393e-05
1.204948657854965743e+00 3.901169135808207385e-05
1.206087233620725785e+00 3.487371047431902821e-05
1.206205527733462235e+00 4.850448564366328615e-05
1.209286733057890917e+00 3.860590478198747127e-05
1.210233777543570532e+00 3.307895757628746673e-05
1.214760457234970614e+00 3.324337041366329053e-05
1.215219263325772570e+00 3.777499648491500434e-05
1.216706901586913414e+00 3.371840306465622084e-05
1.217249210511253565e+00 3.496679270684544726e-05
1.217988925280833357e+00 3.486743979485103288e-05
1.218237285965582117e+00 3.899503742562831962e-05
1.218920154780543719e+00 3.172764687882309337e-05
1.219901276766076625e+00 3.554329244616858134e-05
1.221148390369939829e+00 3.398421267500955977e-05
1.224251014115443459e+00 3.436719541968181812e-05
1.226421246860951886e+00 3.572555758868267857e-05
1.227146552420201875e+00 4.095906091257594622e-05
1.227793781444552534e+00 3.727569386576899799e-05
1.228332240911698792e+00 4.029655268180635537e-05
1.228802021992917881e+00 3.548921061573248094e-05
1.228870022537302598e+00 4.333133067904599016e-05
1.228881437557519662e+00 3.434823746552541021e-05
1.228920527763715187e+00 3.691832068755043631e-05
1.229056494108269115e+00 3.531052001914698480e-05
1.229168995414801069e+00 4.411878529324013729e-05
1.229230890974184476e+00 4.122660949989247285e-05
1.230103060664850645e+00 3.803126335501888603e-05
1.230256231327600203e+00 2.947011886985428849e-05
1.230511468614352788e+00 4.232607743089798454e-05
1.230768936963285709e+00 3.103384822788764034e-05
1.230905035687104299e+00 3.578502607250764816e-05
1.231263791425160958e+00 3.312666351661343924e-05
1.231735356885563348e+00 3.328847589989386433e-05
1.231970684699641438e+00 3.426509459350988263e-05
1.232368799504311108e+00 3.664600324777832240e-05
1.232967761415703078e+00 3.030583936031438905e-05
1.235466923274052498e+00 3.543556172465749289e-05
1.236108060053283442e+00 4.169179677698497786e-05
1.236488190961990474e+00 3.610000747339491245e-05
1.238344037266560171e+00 3.934355544832437876e-05
1.238429244934473594e+00 3.261883312046364044e-05
1.239143292935365182e+00 3.543871224010570841e-05
1.241153257499712614e+00 2.941433998579953669e-05
1.241206891109452481e+00 3.138209580543550338e-05
1.241255446700107123e+00 3.196412186362739867e-05
1.242305047435863452e+00 3.179910843155760175e-05
1.243424173581591408e+00 3.981568389148178633e-05
1.243589532168349221e+00 3.834038681482330454e-05
1.245820599140353258e+00 3.385667417741163303e-05
1.246207433654266117e+00 3.342103689293716854e-05
1.247812144303808823e+00 2.709511773789936970e-05
1.248243334659038029e+00 3.660505064664984400e-05
1.250765906579822007e+00 3.229622143336744139e-05
1.251411122337271031e+00 3.484180088825691835e-05
1.253165844551661356e+00 2.794418620673925582e-05
1.253810595439061482e+00 3.010823026174795929e-05
1.253954250533255266e+00 2.493227298360418105e-05
1.254122343576271836e+00 2.887467289751693416e-05
1.256711087764398771e+00 3.590354590668273787e-05
1.257110230644878923e+00 3.026661232313065394e-05
1.257910488014776895e+00 3.402488647720230459e-05
1.258019183449303746e+00 3.006417141563819299e-05
1.258854299551262157e+00 3.023725720399046869e-05
1.259278909722768791e+00 3.545106480192974891e-05
1.259470555750536791e+00 3.368836795060244798e-05
1.259751293838955233e+00 2.986156223157271413e-05
1.260636539778462462e+00 3.901258165159932013e-05
1.264037154236563598e+00 2.818082693900614695e-05
1.264106749123337536e+00 3.039509177465853060e-05
1.267469729776504739e+00 2.954288978321351200e-05
1.269145798168710870e+00 3.160461656693178530e-05
1.269184681946216253e+00 3.164460188910810405e-05
1.270450049559560091e+00 2.916689635495140214e-05
1.273344977115847154e+00 3.273420477717682553e-05
1.273478020462748939e+00 4.170832037952472974e-05
1.274788164922712186e+00 3.550709319669934468e-05
1.275387694064379795e+00 3.224520575674459633e-05
1.275853470287372726e+00 2.910358999077010861e-05
1.276938707299023701e+00 3.123794438942135944e-05
1.276970493623165837e+00 3.095746902735323311e-05
1.278970626047584158e+00 3.137743908979072588e-05
1.280442929834689325e+00 2.625064127176998701e-05
1.281298285854157726e+00 3.338784990573166620e-05
1.281372968708359039e+00 2.906320670393111464e-05
1.282825453400242344e+00 3.510148467455727166e-05
1.283068956190520860e+00 3.179703077631605983e-05
1.286522932108721484e+00 3.118184742523940852e-05
1.287359080073007478e+00 2.771733507727633923e-05
1.287862603606747536e+00 3.120506135046162725e-05
1.291158684419418279e+00 2.671908516431425313e-05
1.295512990539234410e+00 2.814685385369286705e-05
1.296285662461496679e+00 3.349031511931992655e-05
1.296874534332271178e+00 3.039687804549893053e-05
1.296962873599828425e+00 3.330374888986663322e-05
1.298827050181439624e+00 3.137670246270559077e-05
1.299008348051906125e+00 3.152035025105938025e-05
1.300439236083211547e+00 2.993673344385505044e-05
1.300614312253267402e+00 3.367557754198821776e-05
1.304534163119490886e+00 2.558106908942728213e-05
1.305987756977152969e+00 2.541834288315310378e-05
1.307399752324610143e+00 2.888591058064800192e-05
1.307890577562491163e+00 3.397064461594862715e-05
1.308080643873427817e+00 2.866603068334149413e-05
1.308231754768365063e+00 3.790873358049251784e-05
1.308524491330284256e+00 3.542932706805792869e-05
1.308846160566088379e+00 2.712975599396322870e-05
1.310291240876199748e+00 2.704397474648358662e-05
1.310816974125913248e+00 3.066003839711019285e-05
1.311023506141476558e+00 3.120641309987880695e-05
1.312713199739567349e+00 3.380455656135258441e-05
1.313767190734404844e+00 2.804969676888110935e-05
1.314620631225435377e+00 2.656114429466097926e-05
1.314733702704927509e+00 2.624281663737019471e-05
1.315740374053461670e+00 2.732022986138524538e-05
1.316875009517636030e+00 2.523070131684727839e-05
1.318192884128358555e+00 2.782292669996679960e-05
1.318637643244487956e+00 2.507273405207629475e-05
1.320789746827823574e+00 2.541191954284371905e-05
1.322641051210646568e+00 2.715436803388435828e-05
1.322880173746812105e+00 2.677713608530800507e-05
1.322898146646918738e+00 2.414162000411833257e-05
1.322909606120063364e+00 3.007243805543341483e-05
1.324286729635573145e+00 2.939004098228333722e-05
1.324979867119418397e+00 3.163173995112504035e-05
1.325949045750159039e+00 2.412667186370327861e-05
1.327453027904610172e+00 2.511333043980190616e-05
1.328396720734843495e+00 2.476888944606764762e-05
1.330376521917609356e+00 2.583138544781923837e-05
1.330704749181457425e+00 2.570069175319401067e-05
1.330766187702899783e+00 2.869074612870438842e-05
1.334072972530359502e+00 2.834636213724599146e-05
1.334984293884526885e+00 2.509971664616368831e-05
1.336323714987473377e+00 2.831493870233121163e-05
1.338401532139789074e+00 2.330637478831300131e-05
1.341312010701907642e+00 2.682153935301300588e-05
1.341635926977673865e+00 2.535649129308456935e-05
1.341756385857017397e+00 2.290026867034171258e-05
1.342892968277861199e+00 2.679499274769225393e-05
1.343190334927315766e+00 2.630579477289771164e-05
1.343986804003845403e+00 2.926667687147555664e-05
1.345366279928420283e+00 2.505107987097625522e-05
1.345866327900340220e+00 2.496849791219299470e-05
1.346350717547747378e+00 2.793721242687861872e-05
1.347415898862326156e+00 2.370041255058104524e-05
1.348843631711482249e+00 2.368350852145569124e-05
1.348998522123872945e+00 2.353316511140358030e-05
1.351037333113145333e+00 2.470578507767512574e-05
1.352212740350772879e+00 2.361702239355518480e-05
1.353039312238438985e+00 2.861023652819560156e-05
1.353435682175844645e+00 2.285460186065698678e-05
1.355818250960714400e+00 2.625841476095913712e-05
1.357474823221966886e+00 2.631598321010921980e-05
1.357560578161736364e+00 2.471545616943193310e-05
1.357865918556914409e+00 2.300317976067021281e-05
1.358157429917496106e+00 2.519149661912228343e-05
1.360729842764564657e+00 2.375348783630952364e-05
1.361276883783598679e+00 2.540729583460702082e-05
1.361751879028625822e+00 2.497360391341133038e-05
1.362428688297195212e+00 2.239491608741732561e-05
1.362569665109845118e+00 2.209120130783608177e-05
1.364491444397117448e+00 2.836895352177076107e-05
1.366987263324228152e+00 2.676913770721641242e-05
1.367837739411127629e+00 2.338422241121963793e-05
1.369664527717070923e+00 2.965290433572125410e-05
1.371523640592146709e+00 2.782103773987800545e-05
1.371978231742607690e+00 2.456908126413918082e-05
1.372231918050489607e+00 2.128536924935606057e-05
1.373910953573699967e+00 2.597043349512672422e-05
1.376083747061339624e+00 2.400028237967843117e-05
1.376914222788006459e+00 2.400665746245083849e-05
1.379757155581156303e+00 2.357913151136358272e-05
1.381341480186679016e+00 2.097438756718128600e-05
1.382261465514594834e+00 2.374261359030108365e-05
1.382584509745378387e+00 2.273872462933812619e-05
1.382742481811321422e+00 2.427432127823662134e-05
1.383193342444572149e+00 2.247448528257472996e-05
1.384064169585629944e+00 2.499777313044612581e-05
1.385507340074006555e+00 2.254637637251099473e-05
1.386562713650504985e+00 2.269618185188282346e-05
1.387363388263205488e+00 2.902814716590581179e-05
1.388184204400745969e+00 2.288121597204361066e-05
1.388326513377478255e+00 2.375192494995099539e-05
1.389122872501591388e+00 2.354268211643233054e-05
1.389750905123090297e+00 2.811493570551268467e-05
1.390307946867556987e+00 2.489615310331321711e-05
1.390583264168420596e+00 2.173846398993051993e-05
1.390679498063718933e+00 2.616079405004412842e-05
1.390680764565686678e+00 2.536488778219173773e-05
1.390944816236271642e+00 2.962560068085664982e-05
1.391586183582016467e+00 2.069497982707152499e-05
1.391912824432634199e+00 2.223163899272120100e-05
1.393385681361514195e+00 2.247776752977543200e-05
1.394005059041056205e+00 2.409340095238115431e-05
1.396146413115791907e+00 2.472008182296212290e-05
1.397027399280590609e+00 2.466888458777857779e-05
1.400718233838524451e+00 2.192275152659652645e-05
1.402425593499472045e+00 2.406406684550933069e-05
1.403109794607594552e+00 2.185752043057853297e-05
1.404139204704087707e+00 2.467424789646255464e-05
1.404564881110795138e+00 2.301998007330537048e-05
1.404989926738199557e+00 2.073166432067390219e-05
1.405380191114925292e+00 2.599837837656754965e-05
1.406109760321737401e+00 2.568884632635146036e-05
1.409948733178463476e+00 2.315446649937058846e-05
1.412873074023720310e+00 2.147695353646353916e-05
1.414217232029943094e+00 2.070103975143727692e-05
1.414850870923815895e+00 2.265462187945403694e-05
1.415056433168342620e+00 2.327843485409340760e-05
1.416926505993048924e+00 2.206877848808327206e-05
1.418154795596147988e+00 2.244200747047071041e-05
1.421669035872345388e+00 1.775290629990324372e-05
1.422064684136335355e+00 1.851130654833704769e-05
1.423478147140336825e+00 2.173264715848384327e-05
1.423619687985955951e+00 2.224698934133769506e-05
1.423702166403202574e+00 2.212284841172535723e-05
1.423841054899638525e+00 2.378034251682666143e-05
1.427638097473326484e+00 1.930758255040582622e-05
1.428433964661761202e+00 1.896964626293404772e-05
1.428694988875107930e+00 1.979400411982942730e-05
1.428910689511915910e+00 2.033248243806930907e-05
1.429692741396006994e+00 2.048056247831622672e-05
1.430668542206696481e+00 2.299773882975326744e-05
1.430808931011867680e+00 2.191679342769459321e-05
1.431243529079374799e+00 1.953812651974774748e-05
1.431431394609274710e+00 2.120799406737013205e-05
1.432291801733309056e+00 2.181996608264435563e-05
1.432921830155815757e+00 2.210693444722663993e-05
1.434334519249905959e+00 2.526862942633570415e-05
1.436331053420096815e+00 2.094459404721195928e-05
1.436365445841296218e+00 2.315448263607623814e-05
1.437328070844715366e+00 1.925851325833596625e-05
1.440084931606702590e+00 2.094198233942142428e-05
1.441096530894237393e+00 1.739781284905861724e-05
1.441418486313607028e+00 1.927461508163528831e-05
1.442143006247452730e+00 2.156270309120106161e-05
1.442575555678111465e+00 1.828446951664613280e-05
1.442761915536732609e+00 2.244936632373119406e-05
1.446138487205562484e+00 2.227097161539886690e-05
1.446467103816444055e+00 1.887483059795511947e-05
1.447301162217594417e+00 1.992231413807455507e-05
1.447972347528304171e+00 2.113533591778304094e-05
1.449401286955296131e+00 2.042195982404791183e-05
1.449570157515287283e+00 2.118122266890785777e-05
1.451471850750883252e+00 2.276778171006085919e-05
1.452402631099918295e+00 1.878286312184226895e-05
1.453504933916304864e+00 2.204437819088877313e-05
1.454110474642520634e+00 1.783995606017834166e-05
1.454434415548150339e+00 2.037362103550860202e-05
1.454881447839917463e+00 1.889713182582882303e-05
1.459881767886184845e+00 1.753087120871161430e-05
1.460305905080678146e+00 1.781868926770367801e-05
1.460941899899772523e+00 2.172584593154635517e-05
1.461238334492101831e+00 1.851988514782958146e-05
1.462057592309942367e+00 1.784701102228907957e-05
1.462406802504459868e+00 1.688288231121791411e-05
1.463559864764608864e+00 2.195581979609233776e-05
1.463898509669686820e+00 1.924442812302845732e-05
1.467341047750460037e+00 2.007071034140239750e-05
1.467733806370455474e+00 1.983290885645194653e-05
1.469565280970317245e+00 1.946558666354223665e-05
1.469938825464798704e+00 1.696757183763112953e-05
1.469972185936944342e+00 1.828057045226312561e-05
1.470754349870896815e+00 2.070717459198545462e-05
1.472706125988490822e+00 2.215743987416255435e-05
1.477069330201776998e+00 1.601987315166609595e-05
1.477336604132532205e+00 1.787469632715399319e-05
1.478945757725030452e+00 2.046208088984834559e-05
1.479403484388238876e+00 1.571128064514088087e-05
1.480780090915076785e+00 1.941995887075373447e-05
1.481299038800208523e+00 1.937798919876875588e-05
1.481690646475898099e+00 1.742228087057230406e-05
1.481728505018614639e+00 1.788891006396372161e-05
1.482004235340249387e+00 1.650519267096194043e-05
1.482287589490317359e+00 1.943385208234822711e-05
1.482594752087021073e+00 1.608974034123674909e-05
1.484590252963345458e+00 1.932336147401749816e-05
1.485472105283165645e+00 1.923940345662100032e-05
1.486286099269159111e+00 1.882971386270190740e-05
1.487221219614125012e+00 1.909491850261548496e-05
1.487808818935766553e+00 1.829231254452957087e-05
1.491029535404355899e+00 1.500428158638774074e-05
1.492505502132431161e+00 1.902110292925812717e-05
1.492714173984456938e+00 1.751138162175995531e-05
1.493387753056302669e+00 1.915892788873518903e-05
1.494026717793094594e+00 1.818873577975065023e-05
1.495532419269895552e+00 1.897730157906313899e-05
1.497037754340844851e+00 1.811412862106276121e-05
1.497312951583171792e+00 1.789082560114622488e-05
1.498695212829044721e+00 1.578305689024260276e-05
1.500731351003869785e+00 1.670775786139523645e-05
1.501116535499303462e+00 1.855864164536595703e-05
1.502345218411481609e+00 1.580250048832205630e-05
1.503257745632841980e+00 1.694290590938060681e-05
1.504306500470723229e+00 1.888751290809758648e-05
1.504799449068257911e+00 1.882654676608057454e-05
1.504999952270197339e+00 1.746580356128229938e-05
1.505040387068486973e+00 1.865534291714981860e-05
1.505325010055769130e+00 1.671636651866920901e-05
1.507543995001074721e+00 1.893573178162623243e-05
1.507981427348209946e+00 2.040262886037841895e-05
1.508041499686726183e+00 1.469967936251532928e-05
1.508159091515496986e+00 2.081461083371899498e-05
1.508848849281920979e+00 1.719441083970654925e-05
1.509761971415876536e+00 1.706701253170841268e-05
1.509818045556134081e+00 1.671740535058420662e-05
1.515342318531431420e+00 2.327282558667764884e-05
1.516149946532640014e+00 1.701729881316305928e-05
1.516241663472403189e+00 1.803785604350429845e-05
1.520485899915754002e+00 1.659020906903965360e-05
1.521545368408651289e+00 1.781195431753390782e-05
1.522447839705375117e+00 1.739655007062613433e-05
1.524168194901233564e+00 1.533849426249011224e-05
1.524428843595916128e+00 1.876544128679585267e-05
1.525153696681668558e+00 1.703660798203246679e-05
1.527005836454727428e+00 1.604539644774607431e-05
1.527609528424591190e+00 1.761624435232873428e-05
1.527766236468373506e+00 1.701623916299451091e-05
1.527871399491042670e+00 1.797162944850022728e-05
1.531593606088016868e+00 1.565320118729314421e-05
1.532608074449496094e+00 1.746391086086646028e-05
1.541239197342203049e+00 1.786400969825594520e-05
1.541390559969650242e+00 1.434052207819431360e-05
1.542172029304961223e+00 1.633807152706444148e-05
1.543963347415740595e+00 1.453337195763300665e-05
1.545624996960139663e+00 1.628835411326846335e-05
1.547082418561351869e+00 1.422663745437413276e-05
1.548504949759049731e+00 1.707776223508410837e-05
1.549254951190542240e+00 1.586702817722509553e-05
1.549974925459189024e+00 1.682303519772838333e-05
1.552826837050204745e+00 1.570735241141536464e-05
1.554035600510501602e+00 1.758970521595615142e-05
1.555054519618358722e+00 1.608040355486676479e-05
1.555979897088789032e+00 1.538285400121635173e-05
1.556166027135986507e+00 1.470007938697872418e-05
1.561849866522607266e+00 1.443804469065696192e-05
1.563962630758247041e+00 1.495727166884791054e-05
1.564781702516480744e+00 1.545094027517487275e-05
1.565607672664391714e+00 1.733406828448530532e-05
1.565698945241433826e+00 1.724964465171461572e-05
1.567120364185166315e+00 1.614504558127973652e-05
1.568169999118653291e+00 1.604135840975069106e-05
1.569747163470345930e+00 1.502349463333447271e-05
1.569812885224680654e+00 1.502082730624859823e-05
1.569879928123407486e+00 1.677183779697590093e-05
1.572271488947028617e+00 1.443288588981709740e-05
1.572572076114875816e+00 1.781694690270818702e-05
1.574406930647187730e+00 1.446787864926766660e-05
1.575203637121415978e+00 1.467646433342791692e-05
1.575258790615289950e+00 1.415577750030204620e-05
1.579472503573616349e+00 1.519437678734058128e-05
1.581379881334725956e+00 1.492601320173681007e-05
1.581464300423949254e+00 1.665847515193357177e-05
1.581992177506566843e+00 1.520199923236828830e-05
1.589277457516650394e+00 1.920380853495946946e-05
1.590637763038877939e+00 1.515875017578079987e-05
1.595358642251511805e+00 1.560055763387133276e-05
1.596637613729939620e+00 1.336252804783309688e-05
1.596949480222313200e+00 1.627768258091103046e-05
1.597091554549251669e+00 1.638712935486276293e-05
1.597304149508471660e+00 1.342407565704351043e-05
1.597748589506408079e+00 1.535878894399995081e-05
1.602044892791729902e+00 1.515506248463397603e-05
1.603184702225880942e+00 1.654805986086004473e-05
1.603923383748111275e+00 1.574603412298842942e-05
1.605451500978098522e+00 1.260043881478636174e-05
1.606350170471828376e+00 1.291429731399506387e-05
1.606677478572650086e+00 1.563803803368292141e-05
1.607928619489766842e+00 1.158732146583551102e-05
1.609559665671455697e+00 1.529677938960370527e-05
1.610266894295496964e+00 1.215148799454749913e-05
1.612122164531616386e+00 1.368464589288109495e-05
1.613333047628847439e+00 1.304774199696079700e-05
1.614443001385774679e+00 1.450783229454602526e-05
1.615536638500503663e+00 1.253336852443728827e-05
1.615711027662901866e+00 1.307943792982347392e-05
1.618858524823064471e+00 1.408314492992390598e-05
1.619742151784600681e+00 1.447050223076078935e-05
1.619906924034949292e+00 1.334935603767787805e-05
1.621641614973587275e+00 1.355519920715961618e-05
1.621927715920262969e+00 1.349545502193680320e-05
1.623696926265211449e+00 1.328404750143705422e-05
1.624411858560625532e+00 1.325842557083333154e-05
1.625446147988556467e+00 1.304355784691989950e-05
1.625826211314002068e+00 1.286697604775453339e-05
1.627280600055258430e+00 1.315834051254970265e-05
1.627777483032536443e+00 1.352739043636219203e-05
1.627907444297728157e+00 1.235779968025056355e-05
1.628067781520111224e+00 1.311014497672456612e-05
1.628882573585428206e+00 1.239304676839223216e-05
1.629104544431363877e+00 1.117488196994569838e-05
1.629479495512727194e+00 1.349629219358141762e-05
1.635309269849278158e+00 1.147966660846265825e-05
1.636644188062931882e+00 1.288750767704541247e-05
1.637955308120959463e+00 1.224978914758423984e-05
1.639847750987104558e+00 1.237376973595037861e-05
1.643981627440530113e+00 1.135754937788728476e-05
1.644148475615512250e+00 1.371611408441708465e-05
1.644691758840879148e+00 1.278548607331625797e-05
1.646851032966486716e+00 1.290897425899490626e-05
1.647247166440596322e+00 1.249457293746880919e-05
1.649494369994764398e+00 1.325576171288539954e-05
1.649968995248132897e+00 1.257493212732818276e-05
1.650024067531880245e+00 1.261952922979161506e-05
1.650547261177791158e+00 1.239593621267529346e-05
1.650756691594217340e+00 1.300095940691744599e-05
1.659094486090919585e+00 1.330291876493394702e-05
1.659197633449880582e+00 1.277662711555750945e-05
1.659710570326065726e+00 1.312698051247015611e-05
1.662448637847776967e+00 1.407378148001944490e-05
1.662965991299388158e+00 1.150582400279868140e-05
1.662970516988474090e+00 1.296872656166333535e-05
1.663161970430574232e+00 1.176153708775966608e-05
1.663376476136564364e+00 1.273216455447306600e-05
1.664305076144678708e+00 1.164179774316301915e-05
1.667534323646197247e+00 1.222899226236157489e-05
1.668630878117892680e+00 1.324256170177199339e-05
1.669034783377989495e+00 1.247897987623599156e-05
1.671641337217528500e+00 1.025873849181273627e-05
1.672285726883578905e+00 1.164449727336961449e-05
1.672805521704230580e+00 1.348422325014200408e-05
1.674190271544837794e+00 1.276464043456510107e-05
1.674250754150348186e+00 1.257944202194879725e-05
1.674329850754007420e+00 1.251224038963687148e-05
1.674495135377739308e+00 1.238361426494120223e-05
1.676026254526365555e+00 1.288201777180032740e-05
1.681066621969355968e+00 1.258929485087329654e-05
1.683646636122432705e+00 1.249665405162907486e-05
1.684715834172354931e+00 1.108260810500444995e-05
1.684859925956037063e+00 1.135904981129433332e-05
1.686028606803837704e+00 1.306046255725175699e-05
1.688458407137591433e+00 1.211151224732656514e-05
1.689359187979193822e+00 1.214157843288721496e-05
1.690622414405062779e+00 1.177074601640413622e-05
1.691865872717338126e+00 1.338020230556979866e-05
1.695200002224541702e+00 1.156035920773730347e-05
1.695918862403212879e+00 1.137140698562375370e-05
1.705072430994659660e+00 1.142881006531853621e-05
1.709019435673833520e+00 1.181766434906041770e-05
1.710260326347225801e+00 1.185841525729599271e-05
1.717629609669651058e+00 1.272429847707963779e-05
1.720979240167377355e+00 1.229102587425032977e-05
1.721566936612370258e+00 1.089708972746044111e-05
1.723275388227502702e+00 1.151763095478461669e-05
1.723799963808517299e+00 1.025660750737191904e-05
1.726492133719676803e+00 1.151173544608913357e-05
1.727127091734479425e+00 1.145521308837925738e-05
1.728164856101150004e+00 1.076244806001696515e-05
1.728909963188617782e+00 1.076193256512027752e-05
1.729181007772432999e+00 9.790620849204208256e-06
1.732229900528566180e+00 1.118376650665136476e-05
1.732241371372727823e+00 1.336061185839879503e-05
1.736420622197642816e+00 1.152333993651735871e-05
1.736944062512330911e+00 1.149911947531942985e-05
1.737567298092129731e+00 1.043474497655785834e-05
1.739223602597262497e+00 1.049091678172443890e-05
1.740384866273097630e+00 1.121677124898728954e-05
1.741420513474045251e+00 1.076578456259357530e-05
1.744699205665332986e+00 1.025588348340103859e-05
1.747984628180938582e+00 9.922585064389026678e-06
1.751776521404049936e+00 9.386946316721074649e-06
1.752024767805112626e+00 1.012998293785828646e-05
1.756870652983787862e+00 1.053986030024219305e-05
1.760229693513875038e+00 1.018596515121397479e-05
1.760672014435023192e+00 1.037551865815802727e-05
1.760902318538895672e+00 1.144531138084151084e-05
1.761023382576849539e+00 1.023942674254219043e-05
1.763583362593316384e+00 1.035973398939409695e-05
1.763652742604292278e+00 1.107276306628019994e-05
1.765310396469531584e+00 1.052168120934951154e-05
1.767083407896719693e+00 1.053586014795578071e-05
1.767828098446632579e+00 1.011877734216783510e-05
1.768074200962503673e+00 9.096561590214426469e-06
1.770203405325207813e+00 1.016502008072349497e-05
1.771182307832747105e+00 1.039817292624292319e-05
1.772451416463329155e+00 9.941306236340444747e-06
1.773468283668366618e+00 1.034569424943987660e-05
1.773982525141768241e+00 1.056280586704885782e-05
1.776706948272381847e+00 1.039834364153007349e-05
1.777257557271758159e+00 1.024803973047322533e-05
1.778624252238860226e+00 9.033129926697149083e-06
1.779979617685374160e+00 8.914968164059944005e-06
1.781077199149975421e+00 1.035960608558610089e-05
1.784065519110297648e+00 1.110433985162698434e-05
1.787082166902506986e+00 8.391226881664766505e-06
1.789455888673449291e+00 9.490277726812510736e-06
1.792190202584102776e+00 8.750603463193430226e-06
1.792900268868717228e+00 9.206909382972536379e-06
1.793152583868103278e+00 8.602874820902466139e-06
1.798457288543431565e+00 9.991051021662036754e-06
1.799012919722686732e+00 1.084951799431179865e-05
1.800911483268055280e+00 1.002480372857773503e-05
1.805283403427857314e+00 9.172025263534990534e-06
1.807204870588156931e+00 9.532772177847189434e-06
1.807805814488156138e+00 8.804261153048920956e-06
1.809297869562047190e+00 9.554793375623810739e-06
1.813627485101440451e+00 9.551866846695190633e-06
1.816408390640769532e+00 8.337754756059107461e-06
1.816824320252887537e+00 9.013473580330739744e-06
1.819024059374045210e+00 9.971250313360891310e-06
1.826217701487157230e+00 9.619115075619586488e-06
1.829418985696829925e+00 9.034496895855382919e-06
1.831113980904298000e+00 9.117337387108367838e-06
1.831848473144346956e+00 7.857735592220754258e-06
1.835640856594713766e+00 9.226591061546294290e-06
1.838343112386757294e+00 9.604104168192895618e-06
1.838965701000433661e+00 8.427606127380285914e-06
1.840068331551154568e+00 9.639597800559517420e-06
1.845116535016732673e+00 1.054942733764784777e-05
1.845150201441949411e+00 8.132787334392102866e-06
1.848982055240918188e+00 9.344481773500851337e-06
1.850575006514715293e+00 8.743817593302321105e-06
1.852531221591763977e+00 9.143801357713029972e-06
1.853274266369560719e+00 8.385439849974858086e-06
1.854973480882312620e+00 7.526740272969254559e-06
1.856141433566020238e+00 7.420080719020186862e-06
1.857303269971582571e+00 8.920736152935157247e-06
1.860583949205641519e+00 8.898731670809858292e-06
1.860852132408717274e+00 6.823557285669712677e-06
1.864313087759826182e+00 8.027961446455435382e-06
1.864546572716864192e+00 8.907265382764974337e-06
1.866122995767806714e+00 8.176602200655978871e-06
1.867039805576154787e+00 9.111288430077146144e-06
1.868552173794195026e+00 8.012154707251389476e-06
1.869116390719382848e+00 8.293499752942994405e-06
1.870219392977418904e+00 8.096078014125251981e-06
1.876021098301722034e+00 8.923175445907789073e-06
1.880069929372211845e+00 7.895980255727390741e-06
1.884625662144241209e+00 8.557985009784916836e-06
1.893473991906841736e+00 8.618670719401709971e-06
1.893983294916840476e+00 7.930425851446745703e-06
1.899395930630037421e+00 7.707152895824284603e-06
1.901050383327385740e+00 8.385174328955163306e-06
1.902608143305621891e+00 7.504536018725953716e-06
1.905547272049722851e+00 8.063130663392224418e-06
1.905978393595875175e+00 8.767925914125679498e-06
1.907101310605956002e+00 7.650264822461358435e-06
1.909705009914187679e+00 7.683326318605663871e-06
1.911363607527979180e+00 7.686165787571675110e-06
1.918438867802189529e+00 7.756163776198044194e-06
1.923750068821922232e+00 7.254865514005528411e-06
1.925715134256318128e+00 8.548008717943659404e-06
1.927236269803691115e+00 8.745428079421281207e-06
1.930486909873265766e+00 8.113485808232790583e-06
1.934745510122022560e+00 6.953000897205536292e-06
1.938271541589666525e+00 7.111956462881878701e-06
1.939237661353676145e+00 7.764317107373712464e-06
1.941860566308758917e+00 7.404188519107675407e-06
1.946264660799540192e+00 7.338307779026964507e-06
1.950493321350945219e+00 7.786785126398844279e-06
1.951639834085490799e+00 7.790825796494597777e-06
1.955711668035664097e+00 7.374120208988331468e-06
1.956906218492728167e+00 7.824964229949250540e-06
1.957390366609753851e+00 7.485063754778626716e-06
1.960339964551732539e+00 6.844162746782427850e-06
1.961202108906679786e+00 6.599542641349412180e-06
1.961777912258494849e+00 7.040091532973778653e-06
1.963246212484876851e+00 7.036863294922997786e-06
1.971014865527782156e+00 5.457873413791079527e-06
1.972778675386785530e+00 6.169524558890258212e-06
1.972984101672476065e+00 7.062656697569204543e-06
1.973752405465296178e+00 8.595945401282248307e-06
1.975008908498527394e+00 6.801557790480659655e-06
1.976079644545504665e+00 6.136723539049688636e-06
1.978860116752570342e+00 6.824470152995447293e-06
1.979569333430659661e+00 6.830405812932082021e-06
1.981156804356740686e+00 6.626675143087805712e-06
1.983136651448592191e+00 6.342133002594530610e-06
1.983283041952924153e+00 7.615776126445138686e-06
1.989711457757385782e+00 7.362299015905767201e-06
1.992152525027545362e+00 6.845621995909202203e-06
2.014147907696320683e+00 6.456862338941339405e-06
2.022458907351152302e+00 6.600381623595901533e-06
2.025293903174507193e+00 5.587904197866736820e-06
2.030915415412425151e+00 6.662360031524587313e-06
2.033475545365064807e+00 6.708944386476852566e-06
2.035693743760658148e+00 7.340299942379045390e-06
2.036448557618075750e+00 5.752172678067347540e-06
2.039651916872364357e+00 5.728258937838886481e-06
2.045620083935681066e+00 6.639231354368731145e-06
2.046064187192488948e+00 5.938137584382298915e-06
2.046666662754142774e+00 6.555510856619260445e-06
2.047122673369375256e+00 6.097485826197703949e-06
2.047631738335033980e+00 6.284551227131059013e-06
2.058299945885260218e+00 5.923234189944110258e-06
2.059840512823052361e+00 5.691486264557294944e-06
2.060573074640468683e+00 6.560417348126161898e-06
2.063841510106477983e+00 6.584581439085356922e-06
2.068958869278138213e+00 5.367408026318725532e-06
2.069633507306218423e+00 5.530350688158783394e-06
2.070748536161512110e+00 6.492146773952272777e-06
2.070969701117174377e+00 5.923349534416120191e-06
2.071169069030854626e+00 6.215469415857988205e-06
2.075210422872247218e+00 6.357711799475301791e-06
2.076456838009867578e+00 6.320843836765576215e-06
2.080043811117251895e+00 5.430485012300438545e-06
2.086497932084149465e+00 6.193494273758539130e-06
2.090729031337978494e+00 5.790000591944502476e-06
2.091032336518203749e+00 5.793349616587976883e-06
2.103252927963226604e+00 5.247281473581791101e-06
2.116942652480834131e+00 5.022442761931962376e-06
2.117546347908207505e+00 5.298254809206840814e-06
2.118582813380429641e+00 5.605285914001730358e-06
2.121690812203223864e+00 4.220345562251408653e-06
2.125532203223072791e+00 5.376246376159641113e-06
2.126424524927344351e+00 6.090998958677916499e-06
2.128122494337341575e+00 5.057421950259128831e-06
2.130939994573399776e+00 5.638620289154043012e-06
2.134479841612359152e+00 5.384223635893970773e-06
2.140071333179113022e+00 4.520542895255483373e-06
2.142961602978188385e+00 5.276962509881635826e-06
2.146708437622154797e+00 5.698885469568610141e-06
2.149030616528657678e+00 5.437762044723849593e-06
2.154092584801450716e+00 5.243331375511369294e-06
2.158971175339607917e+00 5.936224482628071218e-06
2.162405564083376586e+00 5.227682296835451559e-06
2.165391413066042325e+00 5.083099315497700293e-06
2.171264060894211756e+00 4.965684313675493431e-06
2.175437125229043200e+00 6.285149488074035892e-06
2.182701657427401187e+00 5.445996952914268719e-06
2.183237224318792080e+00 5.647482576238089140e-06
2.192644278808778768e+00 5.090106551688908332e-06
2.192965571611392050e+00 5.024656337468150712e-06
2.198955324783591792e+00 4.712847095224142132e-06
2.200294270559995713e+00 4.681637003802806677e-06
2.201305020194259221e+00 5.816324938568317760e-06
2.202755835046794175e+00 4.310856894327304760e-06
2.202846711859558493e+00 5.074532645449305256e-06
2.203811102484723783e+00 4.449791684795737537e-06
2.206800086260378713e+00 4.924509167553790920e-06
2.209552122582166600e+00 4.638054308264763402e-06
2.212703651383119752e+00 4.367509320656358247e-06
2.223185455905190011e+00 4.465766121986730607e-06
2.227309891379625650e+00 4.464557717530397030e-06
2.227335217881677654e+00 4.608573623664658224e-06
2.229144765873811274e+00 5.513838654045053974e-06
2.231198648171555554e+00 4.881849175034191942e-06
2.239502629659931632e+00 4.755929254122668256e-06
2.243381551586689060e+00 4.626868178880804244e-06
2.244245838886907762e+00 4.673894807602902546e-06
2.252002200494148898e+00 4.476754811611430458e-06
2.253241187958443525e+00 4.427446295030998088e-06
2.257676414662742825e+00 4.347848125313588631e-06
2.258212838373562903e+00 4.257096632036873815e-06
2.263761910279042056e+00 4.685792888105080923e-06
2.265876015639928021e+00 4.602206612203899055e-06
2.272341059495278870e+00 4.688028907877562328e-06
2.277022526515735112e+00 3.949803086425534360e-06
2.286930941036206644e+00 4.676284990838514752e-06
2.295190964099483644e+00 4.984488141650088000e-06
2.300496616378935766e+00 3.878933335937700777e-06
2.302030974938827246e+00 3.956935312271606570e-06
2.304035383798387571e+00 4.480201811366936163e-06
2.304647747185567752e+00 4.308190819755777369e-06
2.307005991942291612e+00 3.792522530319774731e-06
2.309261357558018091e+00 4.433008241512684784e-06
2.318158773965811825e+00 4.402850392864997941e-06
2.321556352537232026e+00 4.095023123368549002e-06
2.323537408712844421e+00 4.254850654271763378e-06
2.328363378299962427e+00 4.056564045634794613e-06
2.328432320745986495e+00 3.999015042740971180e-06
2.336018755267525115e+00 3.988039661899480760e-06
2.349376353162489384e+00 4.159144090664328125e-06
2.355908897430707860e+00 4.254298456771212046e-06
2.356211508897877671e+00 4.224963177523456129e-06
2.360920071389114305e+00 3.484868645997482044e-06
2.361488458263564016e+00 3.762300225048835508e-06
2.363104446345562160e+00 3.995192936692199651e-06
2.369315705279453343e+00 3.985768454372354988e-06
2.370187253102149505e+00 3.645975425134360193e-06
2.373660332283560326e+00 3.929153973920548857e-06
2.380963946469446757e+00 3.627529433180805892e-06
2.384768667884186844e+00 3.971137410782786290e-06
2.386170289199573524e+00 3.708577342309371716e-06
2.389329106139118863e+00 4.050103882041677286e-06
2.396164662906569820e+00 3.270977606710367546e-06
2.398235210899256398e+00 3.555521874867756488e-06
2.401061467757052981e+00 3.623733603538027444e-06
2.403223846381236317e+00 4.058071658777610603e-06
2.408662512852706161e+00 3.547069776429778104e-06
2.410182907339607716e+00 3.227861981668649171e-06
2.419784324694624456e+00 3.541585415174622865e-06
2.427397364822628578e+00 3.824370787514177145e-06
2.430572401767527868e+00 3.468460687063614002e-06
2.463002421460338986e+00 3.306437365153067460e-06
2.464267945914391245e+00 3.323057803596918441e-06
2.487442614484167258e+00 3.502795237921994231e-06
2.497281789108603878e+00 3.268731124942918317e-06
2.504131773654374893e+00 2.981325806704517492e-06
2.509885643057593985e+00 3.455255310935840612e-06
2.513183456225470458e+00 3.319122167310876508e-06
2.515274852987538168e+00 3.157904999217392174e-06
2.518021881935947448e+00 3.180144717691095193e-06
2.525068001984323907e+00 2.961102212981719116e-06
2.539215997372918476e+00 3.218842029383419090e-06
2.542669765296625251e+00 3.187406166153172244e-06
2.554655685144208377e+00 3.155918162204081321e-06
2.560398149165349135e+00 3.281267232376540838e-06
2.575715056166407724e+00 3.031274229891619596e-06
2.584070578236687510e+00 2.843491173517705293e-06
2.593365183668173035e+00 2.853464459516491268e-06
2.594063945931378790e+00 2.710516380042039356e-06
2.609773637108808497e+00 2.702155580720525987e-06
2.619601519881574081e+00 3.112758432352587270e-06
2.620663196968036956e+00 2.756787693986956597e-06
2.623367269175493455e+00 2.693311397277492500e-06
2.632169220242750463e+00 2.971798545596155961e-06
2.645562879853218252e+00 2.658497456933427051e-06
2.662773667853099102e+00 2.638391775388838452e-06
2.670487597621161946e+00 2.882414529142756185e-06
2.686916267198396380e+00 2.676212847065234677e-06
2.708904781518111982e+00 2.578543538730769340e-06
2.711596827600796455e+00 2.512621023410453546e-06
2.735026105026669541e+00 2.563617105781738999e-06
2.736575126939474689e+00 2.388718236448620596e-06
2.800832799960458086e+00 2.333621559214754561e-06
2.807594199399790380e+00 2.371084182284551881e-06
2.831900343429427203e+00 2.423104009889672768e-06
2.841452074043683051e+00 2.306809614336662163e-06
2.856390143565669337e+00 2.263862095333245075e-06
2.860116795425374558e+00 2.089273947268135576e-06
2.867824532375631286e+00 2.247307710275332165e-06
2.871111279615210954e+00 2.196412100927549047e-06
2.905839221318661014e+00 2.107353025791783630e-06
2.960747127377998389e+00 1.896087066280712467e-06
2.980451035784243086e+00 1.896060769270755812e-06
3.031929762617900259e+00 1.750819922240935437e-06
3.033538479622186479e+00 1.812787101703930689e-06
3.065169519400414710e+00 1.727034187582077622e-06
3.160145694305805275e+00 1.594606351756032182e-06
3.423946314138163860e+00 1.332861968011308820e-06
3.798148714774287615e+00 9.635364305894461824e-07
