-3.495557983713867056e+00 1.310534375139375736e-06
-3.386194092317778015e+00 1.439543926779358442e-06
-3.351199577180420608e+00 1.485406628057860723e-06
-3.324520237456109140e+00 1.674784530023011808e-06
-3.107444798783992823e+00 1.900505286034312844e-06
-3.096042546482289382e+00 1.812148651728272113e-06
-3.091199788095928103e+00 1.896096323482708665e-06
-2.987126051357916978e+00 2.108149743532006050e-06
-2.954267011760291162e+00 2.084243115163765460e-06
-2.940594119622880420e+00 2.435624848641266573e-06
-2.918420313545904587e+00 2.143743988655915016e-06
-2.915725178162337894e+00 2.222155823368593616e-06
-2.888736483138163003e+00 2.321114136356547645e-06
-2.852327394257872850e+00 2.447856057493655931e-06
-2.834263432196283627e+00 2.388790076007403388e-06
-2.816965204487206442e+00 2.291839321269795702e-06
-2.769095529283302604e+00 2.878286223649552865e-06
-2.741300121500987341e+00 2.636422377930877390e-06
-2.733044065032498082e+00 2.858445092027816681e-06
-2.720647673734431837e+00 2.835074266339331780e-06
-2.713886095481319760e+00 2.805650043899021107e-06
-2.697403963002546590e+00 2.633671746194426333e-06
-2.688359536855770227e+00 2.834603172414415955e-06
-2.684116036946926354e+00 2.957712240012316288e-06
-2.681401544110506574e+00 3.023957479061798883e-06
-2.665653902891658156e+00 2.985190191804324609e-06
-2.664661735212494609e+00 2.816282256270115890e-06
-2.652987257934509291e+00 2.905522032210723427e-06
-2.633799925596075120e+00 3.112160181890896877e-06
-2.615718360431102951e+00 3.161930568837315878e-06
-2.610119963860197512e+00 2.853658739052509931e-06
-2.601003403134944492e+00 3.122327832370790265e-06
-2.599318372720928583e+00 3.038240705413422531e-06
-2.595327028989284468e+00 3.046283630789352621e-06
-2.594232463084223284e+00 2.708303353264924548e-06
-2.558400521477604439e+00 3.126610345505060333e-06
-2.553754743896054169e+00 3.252940309864607842e-06
-2.553493686228797355e+00 3.400462312864215401e-06
-2.542837091046215914e+00 3.367708465050748353e-06
-2.540253287357406631e+00 3.688843175426520654e-06
-2.526927500360919510e+00 3.479947670261530152e-06
-2.516068393081956955e+00 3.460073447679639805e-06
-2.494617734291620703e+00 3.770756892258183980e-06
-2.451960850098441114e+00 3.669622467565250770e-06
-2.449738740285485328e+00 3.800119678212744885e-06
-2.424544697054026976e+00 3.933595701071815147e-06
-2.420512019779582857e+00 4.189275272512915657e-06
-2.394606184474575183e+00 4.591019496681650780e-06
-2.383294141258170296e+00 4.089533525513753370e-06
-2.381270281996286986e+00 4.053827825762556315e-06
-2.371888293995731534e+00 4.254177225588245469e-06
-2.336033421887373063e+00 4.457895251130211781e-06
-2.334683206699223579e+00 4.650701839254313809e-06
-2.328052517072739747e+00 4.668166497148567418e-06
-2.325880510781657140e+00 4.517109360195873393e-06
-2.322981569355262454e+00 4.151254029275662177e-06
-2.322031717630071324e+00 4.746613075095573800e-06
-2.321315052287812097e+00 4.130724122362349839e-06
-2.319156998163113492e+00 4.161968281722461244e-06
-2.316489008992093979e+00 4.280504815991619914e-06
-2.309686716474819157e+00 4.478287372210612523e-06
-2.306580629773692159e+00 4.423665354426703852e-06
-2.305409166354679407e+00 4.632017429348909268e-06
-2.282070764956933839e+00 5.328416266500250901e-06
-2.276955168750356862e+00 5.150431491369523892e-06
-2.274245345327142509e+00 4.785266549138149640e-06
-2.264995515938239556e+00 5.212963893238053628e-06
-2.263111054177541437e+00 4.802783016089855166e-06
-2.257266309562883766e+00 4.780198245654204920e-06
-2.245947638965389181e+00 5.481304390837793913e-06
-2.244720239100049142e+00 4.616387089504953221e-06
-2.229994651176514076e+00 5.445447215536771822e-06
-2.229086967235690775e+00 5.630770233168836814e-06
-2.228250912855568977e+00 5.180406112937553375e-06
-2.226938660241121859e+00 5.441121682400690598e-06
-2.216999309798421525e+00 5.950731875255830368e-06
-2.216917597717504407e+00 5.618254077061816701e-06
-2.206778403573545599e+00 5.134277321707202542e-06
-2.172659165727903297e+00 6.399544532651605147e-06
-2.169778599847419276e+00 5.209612421064245029e-06
-2.166779210897616270e+00 5.993912215399376310e-06
-2.157876572321916431e+00 6.137275613907039339e-06
-2.155255599386844523e+00 6.511587919635922219e-06
-2.153163679207676928e+00 5.910969939098558358e-06
-2.145255381948908191e+00 6.723505836282938307e-06
-2.141433152768830173e+00 6.658066827720691088e-06
-2.140211514852428554e+00 6.356174306511889951e-06
-2.138933300457849462e+00 6.262120857201599240e-06
-2.136469597850480184e+00 6.556954302098251271e-06
-2.135787542196899480e+00 7.143316270288444165e-06
-2.128309581979617171e+00 5.612129796838678770e-06
-2.124385780979668681e+00 6.451025169189614970e-06
-2.121872136923955487e+00 6.183211727596286864e-06
-2.112942871815588930e+00 6.124931292955889402e-06
-2.110895417647617567e+00 7.199370781429624262e-06
-2.107008246142960672e+00 6.190850940354918458e-06
-2.091000675502683759e+00 7.461188857992677245e-06
-2.082074718924537216e+00 6.150786268252658278e-06
-2.081233988149024494e+00 6.099550331867861002e-06
-2.079705121784571897e+00 6.555055455396939139e-06
-2.079645881694452303e+00 6.784020267055927585e-06
-2.075391920357731124e+00 6.538718442341491023e-06
-2.073925334470369197e+00 7.407203442785271103e-06
-2.073776909681049663e+00 5.994972702779319931e-06
-2.073506846826853600e+00 5.751480827140869121e-06
-2.071690065541953896e+00 6.266240677207773259e-06
-2.070827082969722177e+00 6.327178347845047159e-06
-2.068937628155255837e+00 6.204467434495355753e-06
-2.066498249411839350e+00 6.188120750717783535e-06
-2.062896530415022855e+00 7.277943691740974690e-06
-2.061329499003379695e+00 7.282154378531459622e-06
-2.059815987630239320e+00 7.427190695483462302e-06
-2.058945580198608294e+00 5.780171223586553857e-06
-2.056782966587554107e+00 6.743383440387668088e-06
-2.056205728011632150e+00 6.816273418007180504e-06
-2.044187322078096170e+00 8.518006915442538510e-06
-2.036504482666243288e+00 7.774999124423933946e-06
-2.035737807623109408e+00 8.682341807962368771e-06
-2.032337321673567843e+00 6.827714512150480479e-06
-2.030179294625384934e+00 8.310547066574844565e-06
-2.028779778546283996e+00 6.961592253005056929e-06
-2.026868097173601058e+00 7.458696142175661114e-06
-2.017785447459874870e+00 8.361076947344970049e-06
-2.014898413527451471e+00 7.341738857257496506e-06
-2.012623302522057678e+00 8.290856654130373822e-06
-2.011727372980049999e+00 7.715757661067287806e-06
-2.011481460203498273e+00 7.873193032265221673e-06
-2.002581331927054009e+00 7.801116616693060010e-06
-2.000110996615574788e+00 7.489171912723876031e-06
-1.998796267250658731e+00 7.846306500810948519e-06
-1.993921102432783421e+00 8.185188928060892845e-06
-1.993720250762148094e+00 8.851946971523751105e-06
-1.988006725035812217e+00 8.346554130135942963e-06
-1.982873256891155567e+00 8.426657312066730403e-06
-1.981562955010754967e+00 8.997748359655242701e-06
-1.978164485500267356e+00 8.153953808746444744e-06
-1.975890702272649735e+00 6.831149672267675430e-06
-1.975086092379490621e+00 7.460893792690902261e-06
-1.969842900921231710e+00 7.811735266164398847e-06
-1.969637142196830837e+00 7.410767197035862279e-06
-1.968672238377479067e+00 9.399176500449405643e-06
-1.967242461645714258e+00 8.810236528904198666e-06
-1.965299927916502210e+00 8.091731669675902185e-06
-1.961934288472644505e+00 8.929967323143456247e-06
-1.961433137983752850e+00 8.119876146911706073e-06
-1.955961689986005725e+00 8.033153817404264355e-06
-1.949907624268656825e+00 7.751608735635089696e-06
-1.947726943837495339e+00 9.079459718890026484e-06
-1.943447944537651351e+00 9.724480597200012058e-06
-1.940590162606038449e+00 9.289414160900658670e-06
-1.933535854462414161e+00 9.179753729608271243e-06
-1.928955638532679151e+00 9.679362290459612176e-06
-1.928737363985208342e+00 9.071424689838131656e-06
-1.926829663053633901e+00 9.738343378278457020e-06
-1.921753143408416520e+00 8.644501281718568414e-06
-1.920415378066113510e+00 1.024589972897624135e-05
-1.918780287917182470e+00 8.940276207661715228e-06
-1.914370761229686746e+00 9.433038454100454810e-06
-1.912570134915770437e+00 8.761770414907003038e-06
-1.912367120456576419e+00 9.670815459189845576e-06
-1.909966820503228302e+00 8.332226407723585733e-06
-1.907701407599451393e+00 9.291355524594293260e-06
-1.905329732930045816e+00 8.502046183903741385e-06
-1.904688902388483873e+00 1.021682643032076853e-05
-1.902364549941565564e+00 9.513003764839080909e-06
-1.896543363761193257e+00 8.632948516221933841e-06
-1.896288506406580421e+00 9.028115832812690685e-06
-1.896221875760981668e+00 9.406412899959819350e-06
-1.896092344236171234e+00 8.046517394144774184e-06
-1.895464906031135932e+00 9.219588571161867934e-06
-1.890937634637569920e+00 7.754590185106569999e-06
-1.889983460804730786e+00 8.701417142119596772e-06
-1.889072749207476365e+00 8.943929548758487583e-06
-1.888153594635120669e+00 8.553910592321846103e-06
-1.886422058442102090e+00 9.173323189372289678e-06
-1.884722467192689876e+00 8.181546660556469092e-06
-1.880163718394892047e+00 8.856856772523642713e-06
-1.879263691137408321e+00 9.129271050463862988e-06
-1.878124562485962157e+00 8.250895804980521619e-06
-1.877456508541351488e+00 8.397303084769803676e-06
-1.876748662996354788e+00 1.004268297899113812e-05
-1.873412128826862366e+00 9.077899498637764588e-06
-1.872804528788859724e+00 8.640930104937762535e-06
-1.872736679620573774e+00 8.269138533102859520e-06
-1.869771333435469529e+00 8.817846873884336889e-06
-1.869552263678224246e+00 9.767459695443054228e-06
-1.867452418109184498e+00 9.087446460894693789e-06
-1.866401869668389057e+00 1.056296768705070394e-05
-1.865434420521261405e+00 8.614141787605295142e-06
-1.864330977320615812e+00 9.688162376603979962e-06
-1.862935257752908136e+00 1.004719446899335362e-05
-1.860823803335880378e+00 9.863939644579428916e-06
-1.859132203838811170e+00 9.897307950472394004e-06
-1.856915064953812644e+00 9.558261742496846611e-06
-1.854922611042612690e+00 1.150811278639601373e-05
-1.854606326711808251e+00 9.604700661891680359e-06
-1.850715960809361293e+00 8.800821519058989393e-06
-1.843740726792714169e+00 9.768234360145282291e-06
-1.842886367916300783e+00 1.087271272217365307e-05
-1.842596038551445492e+00 9.275748996330504889e-06
-1.837157071027290201e+00 9.625703744682439242e-06
-1.834184986365964276e+00 1.254406403717630036e-05
-1.832949641817018360e+00 1.079840201559058189e-05
-1.831944680253233759e+00 1.053616233659964150e-05
-1.831699105842272690e+00 8.898696496266580774e-06
-1.830181065486693015e+00 9.096359054396299369e-06
-1.830082334423252188e+00 1.033885828774863250e-05
-1.829684622246184000e+00 1.113226545716118748e-05
-1.827438646848855264e+00 1.188866660272408523e-05
-1.824928282547260361e+00 1.058203212623831646e-05
-1.820285349482756887e+00 1.146046772474553302e-05
-1.817278719833648415e+00 9.524309091687687060e-06
-1.816467061100994762e+00 9.625678738643494073e-06
-1.815502096742054983e+00 9.829594650572669396e-06
-1.815000604734668510e+00 9.410027356579532564e-06
-1.814713865910205337e+00 1.061734043439256494e-05
-1.811432089480518925e+00 9.914082860827972752e-06
-1.810709031184379425e+00 9.821517893331828026e-06
-1.808865288798767068e+00 9.377124934666431546e-06
-1.808370512069981118e+00 1.099008011112831743e-05
-1.807193970264396432e+00 1.059393066443290220e-05
-1.805891034625506375e+00 9.903544113852088421e-06
-1.805634140593041614e+00 9.082110832043963712e-06
-1.804966718448614671e+00 1.002586385739503720e-05
-1.804809866972959309e+00 9.631514455105087618e-06
-1.804782286781780876e+00 1.155413461508297274e-05
-1.803275379520734134e+00 1.078461117092967341e-05
-1.802788857553954571e+00 1.045638967036957950e-05
-1.801332816393964364e+00 9.339378262005048340e-06
-1.799198454486296450e+00 1.215901067710182315e-05
-1.792587209616135047e+00 1.001175137196079742e-05
-1.791848097615479807e+00 1.144962697152392306e-05
-1.791578295711804492e+00 1.219391983775671733e-05
-1.786047583276467510e+00 1.163436217554682208e-05
-1.785417930570046607e+00 1.155294050451924425e-05
-1.785013761319230952e+00 1.181246985611700395e-05
-1.783603062738682743e+00 1.186141138931772478e-05
-1.783276437699394812e+00 1.109859805972977032e-05
-1.783101510733610562e+00 1.056024058231760280e-05
-1.783053778052669180e+00 1.034886041414001106e-05
-1.778400883403031818e+00 1.141612720015812352e-05
-1.777263357790874077e+00 1.146509930324273364e-05
-1.776829412160748412e+00 9.141215356216489811e-06
-1.775758692884871648e+00 1.064347652196692675e-05
-1.774849088918415640e+00 1.029117601994310276e-05
-1.766832795445202109e+00 1.047860484053347460e-05
-1.765901111477085061e+00 1.187788638915578110e-05
-1.763864816660975610e+00 1.317979561669001653e-05
-1.761716848131780422e+00 1.163650808649616839e-05
-1.760285030021129682e+00 1.346774431228567419e-05
-1.755858860033911784e+00 1.435412408052496691e-05
-1.755683318238846491e+00 1.208268990645294745e-05
-1.755676852434508994e+00 1.233648422590918507e-05
-1.750401308814926615e+00 1.221991320769891467e-05
-1.747352767801285012e+00 1.423065712091171181e-05
-1.747119246143301385e+00 1.213556499195659419e-05
-1.745888000786449235e+00 1.295326922191213440e-05
-1.745175396899206088e+00 1.278763598697366613e-05
-1.744720791804845961e+00 1.205878369880960384e-05
-1.742506916549885654e+00 1.174267089734058858e-05
-1.742313316405966317e+00 1.306845184634345865e-05
-1.740083597011210959e+00 1.247219199586885979e-05
-1.738531398877909639e+00 1.226233382742286033e-05
-1.736782400490507694e+00 1.196152872123516182e-05
-1.736308808724672526e+00 1.253827522819053859e-05
-1.730827014243076167e+00 1.427241897972591174e-05
-1.730057688196635857e+00 1.321715571483511554e-05
-1.726324393379842004e+00 1.279962554127967633e-05
-1.725040232895177272e+00 1.445717610389154757e-05
-1.720207109336294282e+00 1.349076655782338823e-05
-1.718145368541224238e+00 1.402122576427290425e-05
-1.715695034446944822e+00 1.510615721171431834e-05
-1.712387599917762682e+00 1.322909411305019288e-05
-1.710885569886313018e+00 1.194449446344199246e-05
-1.708266500656494991e+00 1.588892465998722052e-05
-1.706611082632258025e+00 1.693902330592190483e-05
-1.703888624608421498e+00 1.767232200812657338e-05
-1.702041199303262031e+00 1.303495046352678939e-05
-1.700169523653727977e+00 1.406948909002459927e-05
-1.698356210415585377e+00 1.380889223606034797e-05
-1.696508961715814223e+00 1.503815500434854994e-05
-1.692339826201096464e+00 1.476008672344040774e-05
-1.691774418313178208e+00 1.471936636023710908e-05
-1.690851022184365560e+00 1.538941318554973059e-05
-1.687554438310550298e+00 1.552665875545106063e-05
-1.683083665257026684e+00 1.333001366576935513e-05
-1.679300477404161329e+00 1.477030069976959969e-05
-1.674092063018928878e+00 1.494893328932513877e-05
-1.672500969443448504e+00 1.663638763497159116e-05
-1.670986402819652161e+00 1.526624704657074036e-05
-1.668615174501896448e+00 1.628957956785546512e-05
-1.666478215483585101e+00 1.634776946541247633e-05
-1.666266914140493327e+00 1.680044813337901264e-05
-1.665518330053170182e+00 1.431080813904043507e-05
-1.662966136700048336e+00 1.505869785705065562e-05
-1.661228003785825802e+00 1.595610104071658984e-05
-1.660665491221172463e+00 1.330293063959820178e-05
-1.660347276848175291e+00 1.418769803197019903e-05
-1.659692507468873535e+00 1.787667066601153615e-05
-1.659459207092713218e+00 1.489652556684028485e-05
-1.659018320350933440e+00 1.673661104666236921e-05
-1.657634760436371701e+00 1.474163134838262450e-05
-1.649712430659565854e+00 1.619338600871948747e-05
-1.643962618170061507e+00 1.776394988175380879e-05
-1.643847626310458665e+00 1.412710291305432160e-05
-1.640962795484410153e+00 1.564092236525721358e-05
-1.639852036168113703e+00 1.702352458102514995e-05
-1.638397048236033493e+00 1.563663660842392236e-05
-1.635604197718899755e+00 1.624739655597344496e-05
-1.634120776965579669e+00 1.970590760616282465e-05
-1.633712047011505852e+00 1.505364123780793533e-05
-1.628561086027142446e+00 1.609170018931621113e-05
-1.628375014786431096e+00 1.933332657276769166e-05
-1.627869409732244810e+00 1.704969208234166373e-05
-1.627633280354698009e+00 1.679342165027657022e-05
-1.626525586453588579e+00 1.732342164320240516e-05
-1.626487354687122799e+00 1.752658751061775621e-05
-1.615908894447844357e+00 1.615810604993669198e-05
-1.613290248269295679e+00 1.660131386691196892e-05
-1.612886190456996882e+00 1.665706964498620950e-05
-1.612688458902155064e+00 1.765275533794029961e-05
-1.612623222163535486e+00 1.663394994266855146e-05
-1.612328357192712280e+00 1.703501922381565325e-05
-1.608772713691517531e+00 1.884964711964113560e-05
-1.608529363393352396e+00 1.630580531929961942e-05
-1.607615033044723196e+00 1.556024154345102232e-05
-1.602212333148375523e+00 1.706292657353470594e-05
-1.601944898276090434e+00 1.966877413181180391e-05
-1.601853836197995484e+00 1.793946550548239252e-05
-1.599383643106482955e+00 1.730473050503451713e-05
-1.598017137776179153e+00 1.862173063848197732e-05
-1.595461836318777360e+00 1.565045598493174632e-05
-1.594726583133554643e+00 1.964798847228396131e-05
-1.594637523927193046e+00 1.841797090237977082e-05
-1.594225760760452637e+00 1.843520437016939016e-05
-1.589117913324169740e+00 1.961552719642451389e-05
-1.587041918752228886e+00 2.124436057760274089e-05
-1.586835541018749796e+00 1.995016305216173186e-05
-1.584571560312569405e+00 1.829224247739383961e-05
-1.576754131031864237e+00 1.884011778039988336e-05
-1.574320739368674227e+00 1.856056564854266915e-05
-1.573032793676764740e+00 2.136447938063271108e-05
-1.572618439492174502e+00 2.061163396334746202e-05
-1.572316336991347985e+00 2.157645965551566083e-05
-1.572054914065275755e+00 1.791724540153256858e-05
-1.567696936551757236e+00 1.938991705302835737e-05
-1.564928003294347114e+00 1.847049229257473473e-05
-1.564013502518415644e+00 2.040179412583660918e-05
-1.563550186021688493e+00 1.813131493155553461e-05
-1.563442947945562711e+00 2.192336976732103750e-05
-1.562179311930834480e+00 1.843750974044952657e-05
-1.561415756079055361e+00 2.003627709022234152e-05
-1.560955045110818062e+00 2.009740346948203781e-05
-1.560377900537350371e+00 1.612373473880368086e-05
-1.558397657330188313e+00 2.068975080227410975e-05
-1.558165174871341430e+00 1.767056360166278830e-05
-1.556813372503617066e+00 2.113525214983454754e-05
-1.555465522301898718e+00 1.827765397453777661e-05
-1.553819342318802699e+00 1.931351832418549917e-05
-1.552562975579036220e+00 2.245348256968883262e-05
-1.551188622399387596e+00 1.999522515524505541e-05
-1.551045012598295747e+00 1.766226368936195938e-05
-1.548450648004049413e+00 1.876063022402127826e-05
-1.548074727179712395e+00 1.974864286183362235e-05
-1.547306903795454547e+00 1.816917870546778387e-05
-1.546314080549009873e+00 2.063684305390452587e-05
-1.546165101611098214e+00 1.923518527826705449e-05
-1.545348827919399426e+00 1.844438790243339152e-05
-1.541474379803358330e+00 1.779262525568904642e-05
-1.539703122896890486e+00 2.006735704746232505e-05
-1.536554304439432528e+00 2.272645171036075850e-05
-1.536106716878617329e+00 1.830987421861975039e-05
-1.535211145951655975e+00 1.987534207939467581e-05
-1.534729344503274140e+00 1.996117435359082753e-05
-1.532731064858623871e+00 2.025793619879667076e-05
-1.532423031272142522e+00 2.057896517005280943e-05
-1.529789111263075929e+00 2.382809303997226468e-05
-1.529602597076179737e+00 2.291889492701425893e-05
-1.529359335053206204e+00 1.980255903277081732e-05
-1.527192790193003358e+00 1.995691101843917413e-05
-1.526675078108292949e+00 1.919266420281543736e-05
-1.525856160497712333e+00 2.117195023226696085e-05
-1.523958144945579907e+00 1.925444878623672155e-05
-1.519943891674160108e+00 2.301764626574425489e-05
-1.518935478330658562e+00 2.079149779661727945e-05
-1.518644418700785481e+00 1.972775769728949595e-05
-1.516651531338496506e+00 1.867335542439727951e-05
-1.516575924594358415e+00 2.098809386843509885e-05
-1.514544623154733705e+00 2.056030199059598860e-05
-1.514199877271635630e+00 2.171757095551983430e-05
-1.513928604948503454e+00 2.356183340695887913e-05
-1.512295778844403360e+00 1.915081673025595388e-05
-1.510234153805146473e+00 2.260889711381137675e-05
-1.508628837966402569e+00 2.228058774587619935e-05
-1.506687399089371215e+00 2.268521675330312194e-05
-1.506079729170001880e+00 1.915404809558876370e-05
-1.505626901447565169e+00 2.490412621696721373e-05
-1.504822278629144305e+00 2.478031565254799746e-05
-1.502385535181994580e+00 2.336305822520362286e-05
-1.502154661305414418e+00 1.933553188845608346e-05
-1.501910256409946909e+00 1.920971675545972117e-05
-1.497966330764375353e+00 2.316866682827469208e-05
-1.497478754573994930e+00 2.113136197307408811e-05
-1.496821033800793233e+00 2.317698884899855398e-05
-1.493837211252413200e+00 2.288639062238056261e-05
-1.493750726564544440e+00 2.053854107219758724e-05
-1.492817254273749228e+00 2.052014642145543521e-05
-1.490488842168756323e+00 1.917977881199232795e-05
-1.489355273202535912e+00 2.560831914216537162e-05
-1.488714661486397972e+00 2.402311484633317816e-05
-1.487228776666916330e+00 2.115429390194398842e-05
-1.486838502664096007e+00 2.228098732413984765e-05
-1.486184975424347687e+00 2.193020285282529499e-05
-1.485709369750280562e+00 2.044670132493578207e-05
-1.484235561682065718e+00 2.756304245955848626e-05
-1.484041198820136742e+00 2.085933496718827575e-05
-1.480256684778528564e+00 2.373000836623222835e-05
-1.477748753162637874e+00 2.612417582677635554e-05
-1.477454146733579332e+00 2.259713339661113728e-05
-1.477357091675342016e+00 2.190031248799586793e-05
-1.477215078844674068e+00 2.129660521748305370e-05
-1.477047900267241198e+00 2.449459044134170624e-05
-1.477027517340331109e+00 2.752896679100459823e-05
-1.476857770771364153e+00 2.242377365795885228e-05
-1.476628706068658037e+00 2.201427011096491925e-05
-1.476565631960570890e+00 2.695914219941729440e-05
-1.475278287996649285e+00 2.335687365436410842e-05
-1.473856142998664298e+00 2.424998768764152055e-05
-1.473726601768022393e+00 2.710356605700083433e-05
-1.473673772978153274e+00 2.597141157521811291e-05
-1.472821252549119997e+00 2.109921700701915809e-05
-1.472408520714252989e+00 2.050002550520248651e-05
-1.467774269678216559e+00 2.206288978200135749e-05
-1.464578295001778052e+00 2.652014827646294309e-05
-1.464228310408236089e+00 2.210755134495625911e-05
-1.461793092162932961e+00 2.352074447851106045e-05
-1.459418631718347736e+00 2.405577499542751210e-05
-1.459300496842929729e+00 2.788071768989763114e-05
-1.457775359615844701e+00 2.215619920201875755e-05
-1.456930946170107877e+00 2.513929757652549809e-05
-1.456387340940902941e+00 2.875970493485193686e-05
-1.455698089082712254e+00 2.512794956342384757e-05
-1.454742640717038737e+00 2.496418253048121185e-05
-1.454717489370030314e+00 2.637556139622365448e-05
-1.454515832961003730e+00 2.658109779669350184e-05
-1.453081497461520932e+00 2.332437894289080495e-05
-1.450717283210668951e+00 3.129768133689216737e-05
-1.448872978267483180e+00 2.642481568693884388e-05
-1.446555612156971371e+00 2.043249252962814940e-05
-1.444561486638518799e+00 2.677989804878970633e-05
-1.444069024960525693e+00 2.076220604475439754e-05
-1.442463841214425280e+00 2.888611217983005555e-05
-1.441762085387687353e+00 2.373541872389212988e-05
-1.441396542469087771e+00 2.686090581159055368e-05
-1.440988307522274026e+00 2.577734383923523543e-05
-1.439495788945110544e+00 2.776213974477391864e-05
-1.438919318619910070e+00 2.784947664974317424e-05
-1.438713165560650209e+00 2.306226149620570144e-05
-1.438419870770963671e+00 2.614778756206386561e-05
-1.436510933803504253e+00 2.560459950104844459e-05
-1.435646477568791823e+00 2.696217771105473114e-05
-1.435433816730731227e+00 2.630188272060066972e-05
-1.434903316508251425e+00 2.128966137408403448e-05
-1.433562400431399375e+00 3.033218574426755891e-05
-1.432522370967177272e+00 2.593019516276307712e-05
-1.428196882043500038e+00 2.222183168971374095e-05
-1.426205698729295701e+00 2.317387635371750916e-05
-1.425277110544684867e+00 2.235673672492271321e-05
-1.425119719678991093e+00 2.774977071113443684e-05
-1.422207251405913420e+00 2.470107031078254897e-05
-1.421926090566979939e+00 3.053457648563451406e-05
-1.420554156382012545e+00 2.465680365572500536e-05
-1.420521902830502725e+00 2.817720546810137980e-05
-1.420050008645087125e+00 2.623979996011098479e-05
-1.419906454292178211e+00 2.707793182394674768e-05
-1.419005117372505120e+00 2.728121891417246988e-05
-1.418364330299898945e+00 2.553933633717455612e-05
-1.417338686242693102e+00 2.689554200403833305e-05
-1.417174116296679998e+00 2.204762877195027854e-05
-1.416109288343810002e+00 2.143078748401543865e-05
-1.416000765587251298e+00 2.461899236690365174e-05
-1.414763412854666891e+00 2.487105881738536250e-05
-1.413907176217119588e+00 2.359856958058541821e-05
-1.413435728394660140e+00 2.576375514750189641e-05
-1.412958397810489597e+00 2.254527217632337836e-05
-1.412927023348829803e+00 3.081655751515298517e-05
-1.411211754587573308e+00 2.331694740029630091e-05
-1.408656437305231046e+00 2.877075773408629242e-05
-1.408652077989319240e+00 2.161529490677363533e-05
-1.408199188174853234e+00 2.481815641881533096e-05
-1.406894865901841873e+00 2.703416611032977487e-05
-1.406024581039263754e+00 2.404599640076011583e-05
-1.405831977579043546e+00 2.433781207462566820e-05
-1.404132358705645123e+00 2.456490034319234862e-05
-1.402530264727829490e+00 2.532443952524357308e-05
-1.402517371533697599e+00 2.994284298480968888e-05
-1.401737046646693408e+00 2.743337812698890785e-05
-1.401445619647570417e+00 2.425141877330131993e-05
-1.401323087778276744e+00 2.500427025792928285e-05
-1.401148893625542735e+00 2.967453525992651801e-05
-1.400339331511919250e+00 2.740641139826067432e-05
-1.398404949820287513e+00 2.767656316853414286e-05
-1.394934775510019431e+00 3.043656891292298130e-05
-1.393739035481851962e+00 2.748532288453905059e-05
-1.393592181432420585e+00 2.542284735492646131e-05
-1.393567022102885078e+00 2.634516369381379632e-05
-1.393197658186733356e+00 2.799051397364293073e-05
-1.393038849556545777e+00 2.692578998992194939e-05
-1.392817553497359251e+00 2.324903823593071174e-05
-1.392643339181440121e+00 2.499476570489914926e-05
-1.392606197349627761e+00 2.800257616234110432e-05
-1.391654638733966554e+00 2.393416597286068047e-05
-1.390568096753112881e+00 2.473964026141381423e-05
-1.387095261268023849e+00 2.712257778003376995e-05
-1.385327913000905742e+00 2.514832747081258599e-05
-1.383716909228642322e+00 2.608553617108569811e-05
-1.383383028939439763e+00 2.828590891922956493e-05
-1.382668681469139127e+00 2.882167863339591549e-05
-1.378812070977580184e+00 2.825296738413168971e-05
-1.378687568940740071e+00 2.547916624295891761e-05
-1.378074065405723747e+00 3.063353378949996324e-05
-1.377505227026151857e+00 2.807074918071353348e-05
-1.377303744280769848e+00 2.871230359918663225e-05
-1.376881765107168309e+00 2.628872655040093070e-05
-1.376148107077814320e+00 2.707370261291639841e-05
-1.376124190223687593e+00 2.475357953207852707e-05
-1.375798914069357837e+00 2.862659341009975855e-05
-1.374769863466021702e+00 2.994753918607070994e-05
-1.374197477599646611e+00 3.566246495825156588e-05
-1.373852221237745974e+00 3.041613634868124845e-05
-1.373360347136659776e+00 2.395923847333126716e-05
-1.373053224269789485e+00 2.810157468518928559e-05
-1.372444047077551188e+00 2.434753846627098428e-05
-1.372163536583599575e+00 3.003236451457383225e-05
-1.372116824403019741e+00 3.157610655170798539e-05
-1.371994155781331770e+00 2.635928037257853000e-05
-1.370774576702883163e+00 3.103382669429953597e-05
-1.370655987694312516e+00 3.278756258089918002e-05
-1.370565670328408592e+00 3.216745185644363835e-05
-1.369246162258137112e+00 2.776766566041233359e-05
-1.368764236404618195e+00 2.599970715692670104e-05
-1.367913488947634093e+00 2.811132853239976001e-05
-1.367440082650335453e+00 2.729751491446865788e-05
-1.364924340494864774e+00 2.444897784734540716e-05
-1.363581015681016861e+00 2.888177315882652926e-05
-1.361350428580126781e+00 3.212312401780719037e-05
-1.361044354727568129e+00 3.074230995298622173e-05
-1.360640127319302284e+00 2.230781388036919165e-05
-1.360631368818722819e+00 2.887420668357949021e-05
-1.356501621178545003e+00 2.439185957400170622e-05
-1.356180937410693010e+00 3.233322162860532360e-05
-1.353989283412320832e+00 2.837720996658054951e-05
-1.353951704309696469e+00 3.223453120456286396e-05
-1.353843948438853140e+00 3.183207654462784386e-05
-1.353201718722460978e+00 2.685564851597466886e-05
-1.351407749859262708e+00 3.476137154261548217e-05
-1.350687652146361328e+00 2.988384491865590903e-05
-1.349768404060351923e+00 3.419641219618310636e-05
-1.348574088888590650e+00 2.785776944271651303e-05
-1.348110237519620336e+00 2.903870289708416049e-05
-1.347982361020032771e+00 2.953366910441383275e-05
-1.347833213449195267e+00 2.920404331965601214e-05
-1.347208426156515815e+00 3.154267734540270473e-05
-1.346097787391015821e+00 3.537296374599164779e-05
-1.345925567641399923e+00 2.937142285787596667e-05
-1.345598965124345625e+00 3.623874738059653939e-05
-1.345441143087086067e+00 3.143512077604327992e-05
-1.344759147512353703e+00 3.472705734342869258e-05
-1.342035036106411505e+00 2.774826306519494898e-05
-1.341900616387327938e+00 2.897493226505819860e-05
-1.340670986794111119e+00 3.095566956723314430e-05
-1.340131659893297966e+00 2.979098412176172422e-05
-1.339403658296564714e+00 3.114251936388563269e-05
-1.336937577186610548e+00 2.938646424846268041e-05
-1.336084599781013349e+00 2.758207664937683569e-05
-1.334681697287057878e+00 3.532585794440492997e-05
-1.334067389183418495e+00 3.217961075326692180e-05
-1.331826018784996402e+00 2.708414172108523910e-05
-1.330828965482019566e+00 3.362796704019657901e-05
-1.330606289628202932e+00 3.346490498442012226e-05
-1.330602498285816893e+00 2.903994687111264254e-05
-1.330083483832573243e+00 3.165620016090541129e-05
-1.328358658427989836e+00 3.272678200393534613e-05
-1.326832508399271804e+00 3.506347347309515529e-05
-1.325123191938098355e+00 3.652977556172143429e-05
-1.324796161458555721e+00 3.112538208919459132e-05
-1.324644305218256823e+00 3.996942358032701243e-05
-1.324291805287520551e+00 3.127562335427050574e-05
-1.323986176179200669e+00 3.212581660609162043e-05
-1.322793891208513539e+00 3.281765706558857827e-05
-1.321793178458072759e+00 2.894707932550477539e-05
-1.321372646785751170e+00 3.701870848963499173e-05
-1.319809794327791108e+00 3.837060533382248301e-05
-1.317234548111800851e+00 3.965890308117869806e-05
-1.314151248186994136e+00 3.763160614603934626e-05
-1.314129706374091100e+00 3.248974377328157096e-05
-1.314109084285822293e+00 3.737248720617072586e-05
-1.313887082817646768e+00 3.737692140034342959e-05
-1.313365230774109049e+00 3.492590503721565713e-05
-1.312742080201984685e+00 3.356330157553545575e-05
-1.311411427510350780e+00 3.680417576407361954e-05
-1.311392497937116541e+00 3.647417380206922986e-05
-1.311175641874618547e+00 3.882450353589605719e-05
-1.311107994630521745e+00 3.208207276531702161e-05
-1.307983701256951736e+00 3.850845458208730925e-05
-1.305734603729628907e+00 2.923311875475117990e-05
-1.304519365899141636e+00 3.944693171008594259e-05
-1.303891272453511441e+00 3.487764116337034646e-05
-1.303748003262175992e+00 3.191069564258857457e-05
-1.303275991042372572e+00 3.569945730013705993e-05
-1.302109141645011015e+00 3.188529407733759250e-05
-1.300670698198412190e+00 3.569514682509407122e-05
-1.300333447201064585e+00 3.617921658823621759e-05
-1.300272202597714255e+00 3.850658380692225947e-05
-1.300177698821859185e+00 4.200830691249096769e-05
-1.300061157736077222e+00 3.513419070296429044e-05
-1.299227118610289944e+00 5.249252426769326869e-05
-1.299170801541819964e+00 3.103995664882454124e-05
-1.299115023226932841e+00 3.709426315683614654e-05
-1.298935487783023701e+00 3.624627160297916653e-05
-1.298477802379086388e+00 3.726884669250461740e-05
-1.296910980228518362e+00 4.107302236476599545e-05
-1.295455435927320487e+00 3.584658213150490158e-05
-1.294604950690215528e+00 3.336277019108042420e-05
-1.293160326585669040e+00 4.259361342512589770e-05
-1.292151047437050115e+00 3.824444721676293219e-05
-1.292144386489875174e+00 3.547217134974871609e-05
-1.290850519158507792e+00 5.645706287157828288e-05
-1.290804479602090771e+00 3.750235634016654943e-05
-1.290134971053120028e+00 3.828576799249302928e-05
-1.288799112021873805e+00 3.693613990066639617e-05
-1.287805654935438193e+00 4.084346657498133640e-05
-1.287778869264215587e+00 3.869763293256607795e-05
-1.287342468609105950e+00 3.772307620343131923e-05
-1.285345182627314786e+00 3.853792979302559301e-05
-1.282641075059510083e+00 3.508838084245478802e-05
-1.282574186664233284e+00 3.743934546467173329e-05
-1.282444422382798432e+00 3.400953704793222037e-05
-1.279315676080531095e+00 3.475825258266944899e-05
-1.277920168328091854e+00 3.926499158573848865e-05
-1.276128352475127681e+00 3.473478702585777728e-05
-1.271772987515891407e+00 3.949951435919955617e-05
-1.267894787275466006e+00 3.378696174428436798e-05
-1.267893219584385722e+00 4.347036198015623976e-05
-1.266566810752606687e+00 3.726491699606468097e-05
-1.266380272804926488e+00 3.254393500573112078e-05
-1.265171381449267773e+00 3.507724245401759990e-05
-1.264419402789226154e+00 3.701003675080998228e-05
-1.262848408832404568e+00 3.704755653024804647e-05
-1.261259610582812662e+00 3.648648665644556587e-05
-1.261203283493894656e+00 3.567935096896206524e-05
-1.259420736354336157e+00 3.523833870680130484e-05
-1.258666912963594342e+00 4.188925065590636844e-05
-1.257980353818433317e+00 4.188307560169878229e-05
-1.257764549071608950e+00 3.774708706883954086e-05
-1.257161529420338875e+00 3.935841456633247363e-05
-1.255997015719651166e+00 5.350070388682420623e-05
-1.251753494185009252e+00 4.377016425516096193e-05
-1.250007059308400281e+00 4.091140224118124233e-05
-1.249768243968424342e+00 3.859035762737007504e-05
-1.249546699252716220e+00 5.199403491997036167e-05
-1.249253418236203172e+00 3.635715039174580059e-05
-1.248135243204717693e+00 3.713527129657240208e-05
-1.247747780708903909e+00 4.230979589593195501e-05
-1.247681374612990446e+00 4.036186866022138561e-05
-1.247084284467709470e+00 5.567156825640960898e-05
-1.246814360277396672e+00 4.055478970984283240e-05
-1.246663399120301552e+00 4.015893530034698864e-05
-1.246203408497922771e+00 3.950640948319689350e-05
-1.244850618204949022e+00 4.418152265344121979e-05
-1.244308406265620448e+00 4.345879549936954565e-05
-1.244114351545008601e+00 4.096072667587840721e-05
-1.243754020839392682e+00 4.855937711985429980e-05
-1.243650460824765158e+00 3.677671465173094927e-05
-1.242156402273895344e+00 4.452478933597648004e-05
-1.242142016479287792e+00 3.250716685764690000e-05
-1.241759533573694396e+00 4.592019878916090081e-05
-1.241610374444490184e+00 4.238713582740878140e-05
-1.241069820151734504e+00 3.786707924991830225e-05
-1.240764766472587377e+00 4.226962803784051513e-05
-1.239708565287834352e+00 3.708347750053114393e-05
-1.238720872108472815e+00 4.158249935480143501e-05
-1.237960813316528519e+00 3.823227660402383392e-05
-1.237954485272062310e+00 5.167254580962289700e-05
-1.237307796054520681e+00 3.925627811192475037e-05
-1.236713877109978377e+00 3.705424887181023275e-05
-1.236228512730515039e+00 3.834751012793753591e-05
-1.236175592003955659e+00 3.454889157706247200e-05
-1.234309128642444797e+00 5.071623715839590171e-05
-1.234114746514083372e+00 3.714965494722688411e-05
-1.232534561910090254e+00 3.736904407865353591e-05
-1.231799587415744579e+00 5.288650632878314227e-05
-1.231401761039026432e+00 4.305810026161122181e-05
-1.230407863376755229e+00 4.961009037624884412e-05
-1.228838223817348085e+00 4.587724093581784087e-05
-1.228081287882821337e+00 4.197748265584610490e-05
-1.227705982301647181e+00 3.822712050151601081e-05
-1.227098533285661874e+00 3.389433097513476153e-05
-1.227059624086181078e+00 3.780102884109960617e-05
-1.225976585386449269e+00 4.062960775781907392e-05
-1.225775478801843343e+00 3.746050085388105775e-05
-1.222705552414217189e+00 4.173533589076717848e-05
-1.222241356342028018e+00 3.892430209497025034e-05
-1.221833764863393457e+00 3.914697198389372932e-05
-1.220702967562797614e+00 4.207375103890838004e-05
-1.220632431753444713e+00 4.422406859301470673e-05
-1.220472311139693344e+00 4.987506587468679473e-05
-1.219478511507855245e+00 3.962866349796806187e-05
-1.218689245404640964e+00 4.022820395970109271e-05
-1.218478656371768665e+00 3.398272701283388029e-05
-1.217798855082607545e+00 3.954851869252525243e-05
-1.217622125222656448e+00 4.099080262881407786e-05
-1.217359979824780281e+00 4.081852925312202853e-05
-1.217198398471242893e+00 3.689008172309855832e-05
-1.216729903562046466e+00 4.804815923193407341e-05
-1.216582721151538538e+00 3.780186795069444305e-05
-1.215464250649194611e+00 3.802157617863927873e-05
-1.215098209193457457e+00 3.796954700369598913e-05
-1.214344279920980485e+00 3.798432414030801312e-05
-1.213496231554627158e+00 5.008341090797973553e-05
-1.211725873311544799e+00 3.875377157319778894e-05
-1.209837364529759318e+00 4.036421322950350027e-05
-1.206821268144661730e+00 4.952189305296093679e-05
-1.206773793419153362e+00 3.956288031755011650e-05
-1.206744039585158745e+00 3.365091732893683553e-05
-1.206626464766897167e+00 4.803614623471070692e-05
-1.205486268942753236e+00 3.637745656774503064e-05
-1.205483684396917665e+00 5.007923228480634539e-05
-1.204893980519654573e+00 5.954793200263747805e-05
-1.204403517830522130e+00 3.577641631815201478e-05
-1.203817230512475467e+00 3.618343995078597558e-05
-1.203747034038983088e+00 4.027998329694575054e-05
-1.202743883441481421e+00 3.721413032717475180e-05
-1.202581201285017887e+00 3.582336840711330695e-05
-1.202126715333403872e+00 4.068794287560294377e-05
-1.201582894317497097e+00 3.763693229924955027e-05
-1.201395229484726990e+00 4.663821796131599787e-05
-1.200649362454082603e+00 5.827100175192239013e-05
-1.199789778539590346e+00 4.390184963057628753e-05
-1.198174689441141139e+00 4.761406009574968784e-05
-1.197740970456205645e+00 4.838990270750252558e-05
-1.197332557001747011e+00 3.638187450319819820e-05
-1.195974407051686006e+00 4.696049891625454640e-05
-1.194895416601102323e+00 4.158400741325231077e-05
-1.194569810904672735e+00 3.864572576765298021e-05
-1.193277529305291740e+00 4.225019336577979243e-05
-1.191830600075435287e+00 4.645481206389948179e-05
-1.190411498898820808e+00 4.342748441153893317e-05
-1.189528970496678939e+00 4.640550953633204589e-05
-1.188944762995422399e+00 4.255316306230851937e-05
-1.188325221726058700e+00 4.734165645708236395e-05
-1.187612275676913853e+00 4.168022305156804760e-05
-1.187553995930478612e+00 3.702335117552374070e-05
-1.187038674223782397e+00 4.606445079432114071e-05
-1.186556529361050050e+00 4.398209710708421460e-05
-1.186480473832292049e+00 4.492076240490454548e-05
-1.182394164274862769e+00 4.213877032731386138e-05
-1.182186463045286962e+00 4.421303047532018919e-05
-1.181762139693023128e+00 3.870615995996986268e-05
-1.181677901382037099e+00 4.251051284889092264e-05
-1.179650347127900956e+00 4.556820886384477292e-05
-1.179021802969205446e+00 5.164657405755234819e-05
-1.178251589888799300e+00 4.814835303089590564e-05
-1.178044794641450066e+00 3.869483973793267869e-05
-1.177584006878619638e+00 4.041337167629205292e-05
-1.175995924185206931e+00 4.133526215508204920e-05
-1.175929675342911596e+00 5.736310053055919140e-05
-1.174082880536363893e+00 5.467649165089073126e-05
-1.174075789422312610e+00 4.620049884419065748e-05
-1.173930919209676293e+00 4.366206102321019007e-05
-1.173852239569904476e+00 4.908958204381705078e-05
-1.171374712844539756e+00 4.570438911058538823e-05
-1.170984898995277135e+00 4.667293910040144951e-05
-1.170211661522695845e+00 4.088160185183156622e-05
-1.169182070262028583e+00 4.838862341450799609e-05
-1.168172630782996713e+00 4.834121041327950238e-05
-1.167921800628061835e+00 4.483406233531568596e-05
-1.166526073713370915e+00 4.647944746119853283e-05
-1.164627368106258887e+00 4.181554152912778582e-05
-1.164095204080944468e+00 4.722900735038891795e-05
-1.163836910361619292e+00 5.081372790451720234e-05
-1.163004084603616928e+00 4.503551528487334196e-05
-1.162352326991360929e+00 4.548942536219964365e-05
-1.161984696928877625e+00 4.632067209275815312e-05
-1.161706775114992984e+00 4.726664086375386060e-05
-1.161588486718317714e+00 4.629528560602250490e-05
-1.161495694118851230e+00 4.489186778045597395e-05
-1.160340882718795985e+00 5.313062952745672870e-05
-1.158836547788315352e+00 5.067126802386285917e-05
-1.157781032141509847e+00 4.764670551941622870e-05
-1.157505212749448509e+00 4.800674977935904294e-05
-1.157364550447746110e+00 4.281222941490150057e-05
-1.156476980474900440e+00 5.751480798984205786e-05
-1.156268853890998427e+00 7.251045046388031724e-05
-1.155476271244380015e+00 5.919321506023917604e-05
-1.155187685130463437e+00 5.132586398025946095e-05
-1.155178728012412392e+00 4.000949099886406691e-05
-1.155160154607500544e+00 4.046541597992669911e-05
-1.153574550458467129e+00 5.195588190704200242e-05
-1.150078568524698586e+00 4.998037547932515537e-05
-1.149045907206818651e+00 4.210424848819381609e-05
-1.148691364200891130e+00 4.620440372649179951e-05
-1.148276913149092859e+00 4.728434881492631439e-05
-1.147948138636778692e+00 4.857580066205663524e-05
-1.147565852083590521e+00 6.124915276247725143e-05
-1.145849536463558138e+00 6.523098053425041695e-05
-1.144432685772862612e+00 4.701662836927854473e-05
-1.143404388495398605e+00 4.954759020851027786e-05
-1.142835866105208931e+00 4.637410790056532741e-05
-1.142333642126230009e+00 6.042361588940910064e-05
-1.142182577636217555e+00 5.971517619293364255e-05
-1.141185046115991586e+00 4.335585406926526229e-05
-1.140297930802425697e+00 5.343976015060611053e-05
-1.140293291671800713e+00 7.453469041705339108e-05
-1.138092789855546627e+00 5.193896167292381917e-05
-1.137637744538895657e+00 5.805158635225155992e-05
-1.137182224143541864e+00 5.657792085311428524e-05
-1.136925306974875927e+00 4.409670396298138567e-05
-1.136100617232844501e+00 4.520883332798228735e-05
-1.134698947989905671e+00 5.684097837062360278e-05
-1.134442349351836965e+00 4.722765178665337704e-05
-1.132924940296966554e+00 5.310825607878368032e-05
-1.131442309341808894e+00 5.798693202691388197e-05
-1.130339530939151960e+00 5.286343519302542742e-05
-1.130184755600443625e+00 4.724480370267677471e-05
-1.129499222726844110e+00 5.561853930581421476e-05
-1.127926754547591282e+00 5.765359532430751544e-05
-1.127394959024114129e+00 5.503344837124224723e-05
-1.126746064495382615e+00 5.618231140276427741e-05
-1.125372734641036931e+00 4.970776928745336380e-05
-1.124284834261648269e+00 5.064109665810815161e-05
-1.124010807715809745e+00 5.772335301897030751e-05
-1.123702364118149832e+00 5.981565774313459807e-05
-1.121057720801251323e+00 5.866637827599618325e-05
-1.120995552230799941e+00 6.033312611875507413e-05
-1.120148650972131010e+00 5.433644397422008205e-05
-1.119997846495643046e+00 6.267714294373782967e-05
-1.119699496240076142e+00 5.738652752220613635e-05
-1.119404993859938413e+00 6.753579276560406797e-05
-1.118149383460707247e+00 5.969674589695715417e-05
-1.117211207486790370e+00 5.434820775634605083e-05
-1.117114834324202999e+00 6.331054022922116863e-05
-1.116932240549792121e+00 7.048497819654002958e-05
-1.115684927161495477e+00 5.793420363189349714e-05
-1.114200408526321073e+00 5.561142678425337783e-05
-1.113873128968403625e+00 5.466062854776346729e-05
-1.113611317423510716e+00 4.796983537668039510e-05
-1.113604313374493948e+00 5.037751104341996612e-05
-1.112784500309989211e+00 6.862325224885157762e-05
-1.112526929512224871e+00 5.452566921037595420e-05
-1.112260555658587613e+00 5.421179539230791186e-05
-1.110933635504574912e+00 4.281112345655640019e-05
-1.110304883145864618e+00 5.671892295022700191e-05
-1.109501212301501116e+00 5.841537432221105395e-05
-1.109156198765843371e+00 5.700257736113838473e-05
-1.109018799062662541e+00 6.121884435665450944e-05
-1.107271477326380316e+00 5.215606298769327439e-05
-1.106057123753126925e+00 5.657601159081198440e-05
-1.105711256566278333e+00 5.538959591258567615e-05
-1.104758498646134068e+00 6.556843383330998099e-05
-1.103753364368109224e+00 6.031640043428773495e-05
-1.103421392440714799e+00 5.730567287247498380e-05
-1.103382728818421699e+00 5.383693974512286889e-05
-1.103379319182286045e+00 4.648250833096948046e-05
-1.102914381536972188e+00 4.852915496576658039e-05
-1.102560832036256100e+00 4.854866825908514294e-05
-1.100745319257260046e+00 4.706730537615623521e-05
-1.099921815167305361e+00 7.908568837516960286e-05
-1.099428259487322146e+00 6.301341042351040497e-05
-1.099203286128740853e+00 6.024191192350894329e-05
-1.096427962710745385e+00 6.910154044369496524e-05
-1.096059847281693367e+00 6.558787876512852972e-05
-1.095528553386987181e+00 5.742203721233815757e-05
-1.093806768644676408e+00 5.528925619267424467e-05
-1.093439978846550087e+00 5.167172972645150660e-05
-1.093100079423393378e+00 6.543311013292729553e-05
-1.092421374090155162e+00 6.202754502172880583e-05
-1.091626840124068076e+00 6.148373812462025717e-05
-1.091108368307471377e+00 5.874245551837445231e-05
-1.090385000712253971e+00 6.380350846657904774e-05
-1.087964673078546385e+00 5.200702326708472287e-05
-1.087183285132316657e+00 5.242218080577456152e-05
-1.086804846137940039e+00 5.797543614764337120e-05
-1.086607080162123928e+00 6.439236292388297910e-05
-1.085146130806936782e+00 5.810721807452577458e-05
-1.085085106294068735e+00 4.597362824788686831e-05
-1.084588999298504941e+00 6.765753225120233329e-05
-1.084378030860472020e+00 6.194997359532552052e-05
-1.082339828987883390e+00 6.577950718236143842e-05
-1.081873535063158087e+00 6.221318105135787487e-05
-1.081216142134233893e+00 5.571716553188660076e-05
-1.079532169014600473e+00 7.389897120970426907e-05
-1.079498969879066239e+00 6.346013884278236964e-05
-1.078734261984542142e+00 7.528640635387162335e-05
-1.078406833964676848e+00 6.622274937889192459e-05
-1.078340653098648794e+00 5.124365679984435379e-05
-1.077967885771437873e+00 5.626815911022409140e-05
-1.076969018538126655e+00 5.883200024281731732e-05
-1.076690956933138876e+00 7.781874153526371397e-05
-1.076592203127556990e+00 7.666735494576456926e-05
-1.076077867332729809e+00 5.681055160464383114e-05
-1.075877278955390981e+00 7.326870534841139614e-05
-1.074662796787356989e+00 7.613577648096034203e-05
-1.074203933522347887e+00 6.362272969901255318e-05
-1.073751492531920482e+00 5.631467174488376086e-05
-1.073644458755701026e+00 5.306789526349847891e-05
-1.072180271887119840e+00 5.845029799294127425e-05
-1.072028470823506163e+00 6.171334101991694603e-05
-1.071884294719479547e+00 6.304274077513033437e-05
-1.071082498393717941e+00 5.432016134619906437e-05
-1.069360310824872151e+00 7.089839460642939877e-05
-1.066543428036800245e+00 6.674842243621276531e-05
-1.064851533499761249e+00 9.327951910331455903e-05
-1.064322401264549134e+00 6.611997751578762921e-05
-1.063989503791076929e+00 6.978987065109510258e-05
-1.063869120447363814e+00 5.522053984621679809e-05
-1.063732657647573854e+00 6.232010482359063024e-05
-1.063558886230557388e+00 9.081186389761989870e-05
-1.061625726711899809e+00 5.709637864865362044e-05
-1.060818145833447801e+00 6.974945422327250564e-05
-1.060515491225008322e+00 5.989527607310779652e-05
-1.060312986139383185e+00 7.897451861859305054e-05
-1.059992338660305844e+00 7.494717104509190768e-05
-1.059895253379371738e+00 6.920839065593577418e-05
-1.058850140246804017e+00 6.177255890971453448e-05
-1.058524651072072720e+00 6.183748107864086999e-05
-1.058184302220741335e+00 5.583255792337963219e-05
-1.056854079012944592e+00 5.797646804027378281e-05
-1.056426185341438728e+00 5.866484509491758125e-05
-1.055377529160579586e+00 6.315405320792156086e-05
-1.055225363822332563e+00 6.308369941763991259e-05
-1.054998939534079971e+00 8.199118183637818416e-05
-1.053810063790789009e+00 5.810812093504880648e-05
-1.052836631622908081e+00 6.554467845569076528e-05
-1.052650713134689608e+00 5.499547039604518614e-05
-1.049906291808892389e+00 8.137023587859351485e-05
-1.048671039265977489e+00 8.047850489291264570e-05
-1.048215162438791870e+00 7.886388585825362106e-05
-1.047971977227128759e+00 5.562962457743216450e-05
-1.047612865208647381e+00 6.907421460949394988e-05
-1.047483225104351767e+00 7.065196153684810687e-05
-1.046521157878766983e+00 6.136745355559833565e-05
-1.044575009917967812e+00 6.991274652005053313e-05
-1.044499333225714421e+00 8.068362615635323466e-05
-1.042859593668359786e+00 7.286253208029576552e-05
-1.042420605673892497e+00 6.921865079870118467e-05
-1.041837625589700611e+00 8.851101073884089438e-05
-1.040677412908227017e+00 7.438251519154339146e-05
-1.039137541510127161e+00 6.780532453335712966e-05
-1.038615491266824176e+00 6.813313031849931153e-05
-1.036348799054851888e+00 6.572663539544342762e-05
-1.033536917817883483e+00 7.108358888816248742e-05
-1.032422896570988291e+00 5.758565414448217818e-05
-1.032415559439539887e+00 6.272982004388215295e-05
-1.031989993759406810e+00 8.254766909169109054e-05
-1.031808660408303879e+00 6.046910932356730218e-05
-1.029737486099202792e+00 9.054466480045045382e-05
-1.029558280684503169e+00 8.010397456082055470e-05
-1.029371871210847278e+00 7.253020871594499750e-05
-1.028557530181778867e+00 5.937602509540734877e-05
-1.027873071025788398e+00 7.550496025391503969e-05
-1.026350590121648088e+00 7.052695097645876241e-05
-1.026039365882167376e+00 8.170823487232032082e-05
-1.025486170476752390e+00 7.225883323830070237e-05
-1.025170668635391191e+00 8.071781488161363640e-05
-1.025025538408190329e+00 9.283054093500186003e-05
-1.024915300056676859e+00 6.987785274217478740e-05
-1.024621379669561572e+00 6.508958064601544022e-05
-1.023870924282813011e+00 7.491333118690416033e-05
-1.023449258810250839e+00 8.979098313745624397e-05
-1.022798047208457239e+00 8.129088821409437239e-05
-1.022270115376589850e+00 6.898814857190413939e-05
-1.021718853339494082e+00 5.737858368755478333e-05
-1.020301744774123831e+00 6.460710217679870590e-05
-1.019288082802733308e+00 7.017771527991283032e-05
-1.018751309913106473e+00 7.233794190162895347e-05
-1.017883828130232260e+00 6.984511254893302967e-05
-1.017290532345448861e+00 7.965395764525522756e-05
-1.015887821523974610e+00 6.578025615658880307e-05
-1.014855375143761229e+00 7.001070458416155213e-05
-1.014474954856017908e+00 7.656113661214110193e-05
-1.014344320899692065e+00 6.944607738032928872e-05
-1.014175086843049911e+00 5.786115884840565497e-05
-1.012490936525705099e+00 6.376118323486444400e-05
-1.012336149334870150e+00 7.010332871100674048e-05
-1.012220958677986005e+00 5.870601905938012871e-05
-1.011067788442364002e+00 5.716682093241630538e-05
-1.010738273892299421e+00 6.755738694363960925e-05
-1.010734063069649746e+00 8.750657038648789094e-05
-1.010441693722139433e+00 7.848167242551809498e-05
-1.010029937915970288e+00 9.186655495680908108e-05
-1.009632264920466094e+00 7.120776192250158332e-05
-1.009382336858900775e+00 6.683341739216487316e-05
-1.008655416018885198e+00 6.542236285526601433e-05
-1.008451459826570584e+00 7.906091642744649407e-05
-1.008361873613990323e+00 7.271142302557691815e-05
-1.006353325890083639e+00 6.931644128652766272e-05
-1.006119894514114099e+00 6.254843183579963408e-05
-1.005624859253112735e+00 6.802429578687097347e-05
-1.005368129614615524e+00 6.945856253970528616e-05
-1.004338232637177031e+00 1.032933866461655529e-04
-1.002160408562802640e+00 8.698856595889552690e-05
-1.001098369627155371e+00 7.034756394108071889e-05
-1.000951739999435430e+00 7.538472599469310943e-05
-1.000579138005246005e+00 9.244548299409011691e-05
-9.997388503512275593e-01 1.598994664513888480e-04
-9.978990479113566403e-01 1.434832068965902956e-04
-9.961477958332164429e-01 8.240746358714263120e-05
-9.958151580378989953e-01 7.207961578566966017e-05
-9.943561768018784885e-01 7.813514136493310226e-05
-9.942064166618674870e-01 6.735332203501081725e-05
-9.930268969815674307e-01 8.109652597050210775e-05
-9.903839041729022297e-01 8.118096553292109062e-05
-9.900449487222726663e-01 9.509476725449776365e-05
-9.885564166395311991e-01 7.403365877557854964e-05
-9.880217833284824502e-01 6.397179138235151098e-05
-9.875278103488008830e-01 8.588058216082365519e-05
-9.868641126615664838e-01 7.343398172583347953e-05
-9.856411904140488511e-01 7.932332145652704579e-05
-9.846929076004876658e-01 7.544665842816589401e-05
-9.839906951772884325e-01 8.777352861973040129e-05
-9.838051105026552889e-01 1.016290968088072124e-04
-9.834837464374469596e-01 6.645711350453518853e-05
-9.832360385309177886e-01 9.687620106142236578e-05
-9.830717215656271657e-01 8.363280467415726413e-05
-9.828661491865676725e-01 7.939886859448138908e-05
-9.811204490762202024e-01 7.701447619280136873e-05
-9.787268404470109706e-01 8.668672135252184006e-05
-9.779716927726486153e-01 9.901003606039856608e-05
-9.779159178254368534e-01 8.299767085962858246e-05
-9.771363567338425815e-01 7.130593839846049542e-05
-9.767417272504226311e-01 9.681773876307965987e-05
-9.760784952937665571e-01 7.557601865786073422e-05
-9.758451338084878079e-01 8.132049632672025635e-05
-9.757961316491434722e-01 7.698515559973891326e-05
-9.757888068685754979e-01 7.540103208066592858e-05
-9.753843668536277267e-01 8.294969146299590516e-05
-9.741846641161341358e-01 6.591415463620835832e-05
-9.715400291252296316e-01 9.002530047191795572e-05
-9.710758384164995816e-01 8.714756731956372021e-05
-9.710500922133122881e-01 8.467911487883897890e-05
-9.707410459579870476e-01 7.083606080283592161e-05
-9.702293306833618125e-01 9.415877913568393746e-05
-9.701134629284769995e-01 9.181814643643069725e-05
-9.688146773971462178e-01 8.239513657090034035e-05
-9.684977106405150415e-01 9.393538683857667539e-05
-9.679322800446111819e-01 8.953625365164743382e-05
-9.671432431558564247e-01 9.387886000837480168e-05
-9.662109579649084123e-01 6.860811587470287665e-05
-9.651921252817782237e-01 8.481867982874100390e-05
-9.645492191223762335e-01 8.518755161447952643e-05
-9.643358112767143053e-01 1.164036484437651445e-04
-9.642616290450448657e-01 7.489004609395532252e-05
-9.632517897664713002e-01 8.399589382142676934e-05
-9.617818023572788366e-01 7.637763710390514530e-05
-9.615535827635411925e-01 9.151502768622322146e-05
-9.612689109241907559e-01 1.039787465977620474e-04
-9.609847102838916522e-01 8.305642592160738971e-05
-9.598717126896150198e-01 7.905725216646269070e-05
-9.598139566612690077e-01 9.973501895466847550e-05
-9.588379881988035036e-01 7.295232942319204185e-05
-9.587528685883494051e-01 8.661504750573626626e-05
-9.574799730190448610e-01 8.611178982830177688e-05
-9.565709871341875337e-01 7.919988227863559223e-05
-9.562385650174912710e-01 8.534663836967066133e-05
-9.560251105172519193e-01 9.851348680820229355e-05
-9.557097835235780492e-01 1.106088781021745187e-04
-9.556715062295225716e-01 8.632429981503039599e-05
-9.552514823643070141e-01 7.075281719618692973e-05
-9.535465726987853996e-01 6.662760353242450095e-05
-9.524884491916310036e-01 9.213885956238812255e-05
-9.513024278798232203e-01 7.913783977383971201e-05
-9.508224468272374885e-01 9.410985600893946167e-05
-9.507517667917068094e-01 8.631747523098164934e-05
-9.501675345167319708e-01 8.945076314017250726e-05
-9.497388466339622415e-01 8.485180977502174084e-05
-9.487394192523933567e-01 8.955981672953261107e-05
-9.481939223798956373e-01 7.899524309061592669e-05
-9.470227004015798755e-01 7.751155695539763775e-05
-9.468514779921547442e-01 9.009785219812416288e-05
-9.457859942249988716e-01 9.440188529110370987e-05
-9.452361063595546842e-01 8.148231887257662172e-05
-9.448359346219826760e-01 9.033055837183043225e-05
-9.429169257625271694e-01 9.431988683718301087e-05
-9.414843399237055044e-01 8.654381771296327424e-05
-9.405838500514854816e-01 9.549217829566481245e-05
-9.400913196858498022e-01 6.943677688099511277e-05
-9.398632997879915463e-01 1.271245133386915665e-04
-9.396713769356853652e-01 8.564026104609484243e-05
-9.392894590001197308e-01 8.699616408844358943e-05
-9.386470593748821312e-01 1.146691482906186450e-04
-9.373749308987794349e-01 9.329365277319545853e-05
-9.370213623483831800e-01 8.667648860719903410e-05
-9.366363750164492519e-01 1.281255041405653507e-04
-9.359489607309894321e-01 8.051651696441086768e-05
-9.359367908490155985e-01 9.842284606566106722e-05
-9.342031435889753821e-01 8.834892044934021624e-05
-9.337095751647441766e-01 8.435410214016017972e-05
-9.326136100054466249e-01 8.564422527777539257e-05
-9.323453067629207114e-01 8.585171284970114457e-05
-9.316590611967853208e-01 9.397323771371870744e-05
-9.306928568019512404e-01 8.178967081285042973e-05
-9.304076619574780382e-01 1.010862341173288906e-04
-9.300470402612667220e-01 1.042752885738674660e-04
-9.296205413416558372e-01 1.076001387919339459e-04
-9.269601788540767773e-01 1.245558010844036894e-04
-9.268632512587243744e-01 9.410210962198831369e-05
-9.268597937255108610e-01 7.763534704796282095e-05
-9.256948567148383100e-01 1.115383987464166652e-04
-9.241523517048670922e-01 7.867852692919533974e-05
-9.235103231302717042e-01 1.444920967923701513e-04
-9.234147599554123342e-01 6.979498813603652598e-05
-9.230974197185718433e-01 7.473800055749621669e-05
-9.226928935070214388e-01 8.287112561678724922e-05
-9.217309057641258629e-01 7.067894202096401809e-05
-9.210563867375206604e-01 1.216395218061194235e-04
-9.199029339660936833e-01 1.203169000972142017e-04
-9.189520432298952102e-01 9.171671614299520704e-05
-9.187367048523165103e-01 7.762998787784419579e-05
-9.168134046099144507e-01 9.806993082871636434e-05
-9.166727221142040305e-01 9.796168983185754987e-05
-9.165251254306771012e-01 1.197817856425971320e-04
-9.153274492888103797e-01 7.013681550806687224e-05
-9.148537625168333687e-01 1.000909559657833797e-04
-9.144867267085103890e-01 7.797228733776257002e-05
-9.131653461927996540e-01 1.029859096521595641e-04
-9.131354107184668223e-01 1.785073447605474526e-04
-9.119589192228069185e-01 9.833905170816580651e-05
-9.117833113808839762e-01 1.206074259336506872e-04
-9.101718666632798715e-01 9.131875558914712653e-05
-9.100179946086931482e-01 1.093246512565967861e-04
-9.098701524849845956e-01 9.410233363074393682e-05
-9.094332902164509180e-01 1.063348851022482232e-04
-9.093657047644775338e-01 9.295094578995172338e-05
-9.087931348333603276e-01 8.745926355649226761e-05
-9.072262490101945520e-01 1.003143682010892762e-04
-9.065550045746318952e-01 8.650688350208998430e-05
-9.064508971705168561e-01 8.002285996493238172e-05
-9.044808594936853963e-01 9.537365475172582881e-05
-9.043027861935863942e-01 1.073056290468126894e-04
-9.039087096513307440e-01 1.629462867034692827e-04
-9.024884526990579747e-01 8.788089922273364734e-05
-9.019246872660480197e-01 1.068884924677783460e-04
-9.011615774323895600e-01 1.054227335794986680e-04
-9.010580808170154388e-01 8.467983758184727022e-05
-9.008889167228154582e-01 8.374807820926383846e-05
-8.999769338059578905e-01 1.365094281805545064e-04
-8.991551155349093438e-01 9.029368363629088502e-05
-8.982930088913599898e-01 8.839933019819762002e-05
-8.972953053065586548e-01 8.025725429083681501e-05
-8.972671849399711519e-01 9.766490453319832097e-05
-8.965940999504404818e-01 9.061405678266446395e-05
-8.965636409243837868e-01 1.204184994551772605e-04
-8.965302618416520763e-01 9.682573923773510794e-05
-8.955185993892275098e-01 1.008480043785749163e-04
-8.946661293343655119e-01 1.011169038172528907e-04
-8.944481071505296921e-01 8.662298399825982514e-05
-8.935122282548193517e-01 6.481075835958126602e-05
-8.924317954878485670e-01 1.017807054011033514e-04
-8.922838741322701717e-01 1.016894654794785652e-04
-8.914817273207386039e-01 1.248755740983146362e-04
-8.908001933803035843e-01 1.049359331529182152e-04
-8.893236515815975407e-01 8.202534281417746460e-05
-8.891601679334762975e-01 1.084944552673926683e-04
-8.887903583034744148e-01 8.475479793649206314e-05
-8.885942185018382844e-01 1.133008486396183115e-04
-8.871226318206829609e-01 1.071489468616803280e-04
-8.868375883977474006e-01 1.230989907096885819e-04
-8.864293142619310562e-01 1.207921220458105558e-04
-8.862583889068552656e-01 9.598880660329843874e-05
-8.840044307226229137e-01 1.665834645940638369e-04
-8.834909283377007094e-01 2.074216671249977731e-04
-8.819915738649121151e-01 1.314733417358872618e-04
-8.801926288480727001e-01 9.820186881373428459e-05
-8.800299204645488649e-01 9.744066969006776632e-05
-8.799407166955554027e-01 1.136038876455489316e-04
-8.798596361134977117e-01 9.144436775451592731e-05
-8.794962950062832352e-01 1.165894697117958847e-04
-8.793987392675014503e-01 1.140281563420855992e-04
-8.792447295372692873e-01 9.164320983523202493e-05
-8.772720546959411614e-01 1.320115879719595525e-04
-8.755255451833393598e-01 1.063581046938508792e-04
-8.751481264388987213e-01 3.553313072392806377e-04
-8.744530973845828781e-01 1.281997235063024598e-04
-8.743877926607857010e-01 8.751722423873629908e-05
-8.731898372392066232e-01 1.044453629410260900e-04
-8.728855657788802125e-01 1.055482243790105835e-04
-8.725776550994532865e-01 9.282717218519064993e-05
-8.715467329046234779e-01 1.082257539711685407e-04
-8.714977486438246768e-01 1.039183698880541629e-04
-8.713088386103170491e-01 1.385129462168177669e-04
-8.711609739881500669e-01 7.720057003695121470e-05
-8.711283606371493793e-01 1.643946167816630680e-04
-8.710969102541505915e-01 1.441575607834327203e-04
-8.699711672894669956e-01 1.018552126195131075e-04
-8.698377640605445826e-01 1.154926378732691226e-04
-8.687244834809050298e-01 1.032222286023772847e-04
-8.682152073158768690e-01 1.181637233116570836e-04
-8.679033358416234911e-01 1.183527916154864808e-04
-8.675830888961848508e-01 7.834532896432860622e-05
-8.664265492201397301e-01 1.200481914556207933e-04
-8.663034609434698829e-01 9.429306103235359589e-05
-8.650575904181450060e-01 1.108660501250960146e-04
-8.647648753804970667e-01 1.079798671100034056e-04
-8.638812102691963979e-01 9.630686869633874904e-05
-8.619212915076382986e-01 1.155557957680513215e-04
-8.602311427634367069e-01 9.715297758461348702e-05
-8.600213590979491896e-01 1.025826915378595704e-04
-8.592045951238089785e-01 1.010509322224612563e-04
-8.588602105358429384e-01 1.834813503188509277e-04
-8.585362290390045059e-01 8.905576329434974371e-05
-8.584674124187519073e-01 9.254063614841002310e-05
-8.579990881161515537e-01 1.216177787058071502e-04
-8.571064313752528863e-01 1.139127491058293588e-04
-8.570847002999101294e-01 1.151886339680540338e-04
-8.569435709493881115e-01 1.139455604514163763e-04
-8.568369738258430068e-01 8.487062493929096866e-05
-8.562267749068124267e-01 9.633702021259515696e-05
-8.557271215671364839e-01 9.190635098607445727e-05
-8.555529706852679217e-01 1.044539758448990524e-04
-8.553809907303714377e-01 1.268888008815696354e-04
-8.530624932121794179e-01 1.028528914160813687e-04
-8.527396922967459547e-01 1.283017012767078639e-04
-8.523517586985475125e-01 1.188610716242741107e-04
-8.514344537469867857e-01 1.011862059792266797e-04
-8.507173625774030468e-01 1.307915375371693190e-04
-8.504873366345966357e-01 1.145755637158737375e-04
-8.499872832539410172e-01 1.164856506705121196e-04
-8.497688884637323303e-01 1.007051087719840470e-04
-8.489373498561972875e-01 1.071989269894137365e-04
-8.488873687670658308e-01 1.102762664079599819e-04
-8.474261507994860221e-01 1.195281681829145061e-04
-8.467197493945034514e-01 8.970820681214469608e-05
-8.464140181584912659e-01 1.316298372294027726e-04
-8.462496458860063742e-01 9.298288685526748525e-05
-8.447394382056464535e-01 9.069582855305785367e-05
-8.445020428954657099e-01 1.046588701522143885e-04
-8.436678974914548768e-01 9.400986461041390459e-05
-8.435384503505433118e-01 1.180613941409413810e-04
-8.434810545713147256e-01 1.051853520530786281e-04
-8.431997793010314046e-01 1.278796038027190188e-04
-8.409822838129953348e-01 1.051990880994745406e-04
-8.401053097731647767e-01 1.110318156467511098e-04
-8.392082382146255348e-01 1.087122650923734121e-04
-8.389089771148755537e-01 1.066790652436921082e-04
-8.387030468315597176e-01 1.148578655654573636e-04
-8.374723381520751131e-01 1.144977066837223078e-04
-8.367815992010892989e-01 1.196848986829879453e-04
-8.365034972655874812e-01 9.755067825281973860e-05
-8.360930051070588620e-01 1.210922213751972385e-04
-8.359376781589330507e-01 9.491828505814736293e-05
-8.338970159383350955e-01 1.075582980124113139e-04
-8.337050350512870134e-01 9.674862719595926088e-05
-8.333936068549209208e-01 1.166105702866357012e-04
-8.333773711499856685e-01 1.512836367616142972e-04
-8.332139829475914139e-01 2.543864771299290451e-04
-8.322389105949081767e-01 1.469209077629522460e-04
-8.303220740006769240e-01 1.937037583843954967e-04
-8.286900431857147087e-01 1.171950359171074148e-04
-8.277259119926032582e-01 2.369519160803847287e-04
-8.275473796015587746e-01 1.438478805744967633e-04
-8.266092509315938752e-01 1.121166322668497517e-04
-8.264097214654022583e-01 1.108290932061709635e-04
-8.263881609359547964e-01 1.264695725583998463e-04
-8.254336397566849337e-01 1.150321404798250035e-04
-8.247791621165886378e-01 1.189618964687259146e-04
-8.246604509715007580e-01 2.096340056858803612e-04
-8.243254627723196615e-01 1.050017081557790862e-04
-8.237435323644926033e-01 1.071432456264143095e-04
-8.228107248824071407e-01 1.028559714861692508e-04
-8.227083369711744032e-01 1.483292887033365150e-04
-8.222103060222416548e-01 1.258292815046396849e-04
-8.217877623659188835e-01 9.632751201246079152e-05
-8.212959809154318780e-01 1.226267629923049989e-04
-8.212507215588665810e-01 1.963128165298942088e-04
-8.212183779080584056e-01 9.413334270468198979e-05
-8.200890767134454418e-01 1.116114276580413710e-04
-8.190784507699714334e-01 1.083772603126020363e-04
-8.189768286474626846e-01 1.222131001243560483e-04
-8.188900742751753503e-01 1.214504852900910554e-04
-8.186175309418152191e-01 1.132520000441337429e-04
-8.184806938307580548e-01 1.206824122934461362e-04
-8.175218711593201792e-01 9.871554882863005028e-05
-8.174805442854521376e-01 1.170414450624679924e-04
-8.160977696321563002e-01 1.176649659615043104e-04
-8.159516810709621648e-01 1.172351274364506995e-04
-8.139175232782923652e-01 1.206764837650622918e-04
-8.135334884774417796e-01 1.230460723271674763e-04
-8.131233552690863009e-01 1.486648284379835626e-04
-8.129665849767579999e-01 9.031505379149226177e-05
-8.125210749529293563e-01 1.031937544192449834e-04
-8.121633055939680990e-01 1.001656771976782378e-04
-8.113604765888889903e-01 1.028843384037267253e-04
-8.112626767288878549e-01 1.415332803411385428e-04
-8.106055983476183613e-01 1.120461682318415206e-04
-8.103840789145281276e-01 9.346002582357757296e-05
-8.101699674879990765e-01 1.086373788262320856e-04
-8.100329075523823308e-01 9.820904823945768368e-05
-8.098275133345265164e-01 9.302874337378677985e-05
-8.098125471677856124e-01 9.823684533549337640e-05
-8.096238277060789912e-01 1.276456756690237844e-04
-8.075024480287535944e-01 1.420517436051065799e-04
-8.074977150524766945e-01 1.046256206267840772e-04
-8.068957218620109728e-01 9.450173412394264813e-05
-8.066303201545174106e-01 1.251250842714481831e-04
-8.061563377536995478e-01 8.476276282327413762e-05
-8.048268172534588372e-01 1.142148150243835143e-04
-8.048262390234784958e-01 1.180795990763796959e-04
-8.047559953622970275e-01 1.110192281080552061e-04
-8.045239457755596346e-01 8.760308629185532901e-05
-8.043150678164182610e-01 9.903666308168041583e-05
-8.023278071846776660e-01 1.130848529301278559e-04
-8.020612597218060857e-01 1.070875859950070350e-04
-8.016729301158360688e-01 1.144317412659910557e-04
-8.014407405341213986e-01 1.072950286166626506e-04
-8.014261501502255580e-01 1.332925719166153003e-04
-8.006775666285206317e-01 1.354474833432259501e-04
-8.002815739241569970e-01 1.270031805777812879e-04
-8.001547432533004933e-01 1.604936871530459133e-04
-7.998023988227047631e-01 1.155317371139649474e-04
-7.992703270837278051e-01 1.262678360621655735e-04
-7.986154375197026534e-01 1.246182467895035246e-04
-7.981644973771471196e-01 1.128247007819108697e-04
-7.979230998242725637e-01 8.088159372449608140e-05
-7.968309175098612362e-01 1.177454856532356766e-04
-7.968193425836167521e-01 1.365075872105548792e-04
-7.967797160459827444e-01 1.247521711862775023e-04
-7.967618086653912579e-01 1.303003287842771163e-04
-7.963723295957367831e-01 1.175190772318857740e-04
-7.962200126865920380e-01 1.246878649457358373e-04
-7.960845758112081727e-01 1.065918592178730757e-04
-7.960548392490972569e-01 1.124203102208759763e-04
-7.957946812152157934e-01 1.363005654993698038e-04
-7.946554019264852053e-01 1.091697622138450031e-04
-7.938570558028519297e-01 1.157037265234849412e-04
-7.935870092331102077e-01 1.396615294490107732e-04
-7.932312182188713257e-01 1.053709701644066718e-04
-7.930313322703830270e-01 9.874699290370002043e-05
-7.929037094800178709e-01 1.456501603731641468e-04
-7.928391822922900012e-01 9.163656753246648544e-05
-7.917698894827174261e-01 1.452914388900732664e-04
-7.915265881186757113e-01 1.104272384980557146e-04
-7.913422526832962767e-01 1.440247875766332251e-04
-7.905293142383085225e-01 9.103637397850549904e-05
-7.898964706578824879e-01 1.272528499868987712e-04
-7.897998777784307478e-01 1.386018819004602347e-04
-7.894711795408793087e-01 1.246239209877503945e-04
-7.886591837827421347e-01 1.075878830719383122e-04
-7.878934526168857033e-01 1.155122674228057028e-04
-7.876971704475504987e-01 1.190494337733269414e-04
-7.873173607856368550e-01 1.788588754799993964e-04
-7.871439681985150649e-01 1.171451426189922766e-04
-7.860930716525470485e-01 1.529158804210432486e-04
-7.860161221094659201e-01 1.191549336166615512e-04
-7.856401583098449048e-01 1.245549910980985834e-04
-7.846958232268277378e-01 1.799386621891190332e-04
-7.843587279311793337e-01 9.555237238917423451e-05
-7.841065022790086880e-01 1.295266248356739575e-04
-7.829283612056048280e-01 1.835243980215251489e-04
-7.828562800197422789e-01 1.292516151580214048e-04
-7.828325677413594530e-01 1.792780400078494371e-04
-7.821947060610536795e-01 1.088463313340401142e-04
-7.809187994482775785e-01 1.194039046857212294e-04
-7.806947311433958259e-01 1.236129733257783955e-04
-7.804037907549032926e-01 1.000605300485530371e-04
-7.803761534922060150e-01 1.193754953434308388e-04
-7.802751305318538222e-01 1.063394824072536830e-04
-7.776893397074965408e-01 1.552274961777461843e-04
-7.774259130711441701e-01 1.297535509742701713e-04
-7.766728834214975397e-01 1.059922998631336296e-04
-7.761902353264785726e-01 1.221116875746678526e-04
-7.757808738747103972e-01 9.604282253415626438e-05
-7.755527065969443079e-01 1.228171446702283794e-04
-7.745506048640871111e-01 1.193255386466743155e-04
-7.742780341851434045e-01 1.128251909976791574e-04
-7.735501585231409072e-01 1.309283583515144685e-04
-7.729725974076606665e-01 9.222642501139304396e-05
-7.727365771549735696e-01 1.180941406495045871e-04
-7.721295632434725942e-01 9.453490553995741745e-05
-7.716984122340421193e-01 1.068535230734402627e-04
-7.716963103546654601e-01 1.482127409360649674e-04
-7.698232222858223395e-01 1.098917095487719195e-04
-7.693420458747622925e-01 1.085756817260581560e-04
-7.660731890923362375e-01 1.397126412631766537e-04
-7.660461146310674208e-01 1.194129083166843602e-04
-7.658685581760215078e-01 1.247784270290042564e-04
-7.651945463167366679e-01 1.333703031505046504e-04
-7.647533925172792513e-01 1.049141284169470578e-04
-7.647133175923939152e-01 1.238151208007415814e-04
-7.639748986565113587e-01 1.189438219666396392e-04
-7.634852453370396530e-01 1.731286347448472457e-04
-7.627896150340357506e-01 1.347181790140408210e-04
-7.619695533709944790e-01 1.287351555386570881e-04
-7.607150998207431458e-01 1.056180875619468332e-04
-7.606433625391555431e-01 1.193946150381151660e-04
-7.606116184309227313e-01 1.367811355830875805e-04
-7.603464182924204451e-01 1.472228388079954416e-04
-7.602772577676797372e-01 1.329468213171680006e-04
-7.601427611527881156e-01 1.567255804555097495e-04
-7.595949292702864897e-01 1.718360442969795224e-04
-7.594153179420689570e-01 1.052112958302357755e-04
-7.577084673772241930e-01 1.275076784243065983e-04
-7.576076732223100407e-01 1.297792787210678240e-04
-7.573910756602063588e-01 1.543195157212729895e-04
-7.566308011849725013e-01 1.610418542493478324e-04
-7.565617279446964494e-01 1.113731533127084681e-04
-7.565256147155097199e-01 1.092210813344837885e-04
-7.562440253339729468e-01 1.433131425637787634e-04
-7.555179008100243454e-01 1.078841555726153768e-04
-7.547396491319026124e-01 1.062582680797609434e-04
-7.544713183916115229e-01 1.752389502674988090e-04
-7.542299879819901465e-01 1.217829770243595628e-04
-7.535950217620031033e-01 1.427448122571710158e-04
-7.518764177761704248e-01 1.195170906213037564e-04
-7.511695503788760053e-01 1.028361062684869870e-04
-7.499031848588858518e-01 9.647096314022675563e-05
-7.492416320544855735e-01 1.301736714043456693e-04
-7.489093905659709449e-01 1.173531817104825977e-04
-7.488101240464786201e-01 1.715228025951269844e-04
-7.483495468329679490e-01 1.112363494787437179e-04
-7.481908929619097703e-01 1.257472691534581211e-04
-7.479417925980209603e-01 1.134794055039672938e-04
-7.470385028781452164e-01 1.580734867149965420e-04
-7.469330994549402414e-01 1.121823686974645989e-04
-7.442262280314401179e-01 1.457656703085829294e-04
-7.441970886533787466e-01 1.472321320981770853e-04
-7.441488972577097183e-01 1.467517295716712562e-04
-7.435736856365410263e-01 1.231513501798705071e-04
-7.432163229573707230e-01 1.456458614219972565e-04
-7.424400252836399483e-01 1.328958738164363982e-04
-7.423214533335399379e-01 1.380762671335207590e-04
-7.419413799285882183e-01 1.470453992693228167e-04
-7.414950804883415625e-01 1.702094178387630430e-04
-7.412930968573374635e-01 1.268451735129290641e-04
-7.402691766876305923e-01 1.194519397785950507e-04
-7.401746333169982872e-01 1.263967300178484997e-04
-7.389543800567484055e-01 1.053213259513609171e-04
-7.387839372396294291e-01 1.432593130785010768e-04
-7.387808881347843748e-01 1.223904487726292997e-04
-7.378073172486925291e-01 1.135289103630016453e-04
-7.375906136292731397e-01 1.605624702140561128e-04
-7.362619299974807463e-01 1.451910417326975381e-04
-7.361264181984348287e-01 1.505346075014041816e-04
-7.347559946681091470e-01 1.262811374396376391e-04
-7.346924307184705683e-01 1.137430586214170858e-04
-7.345995003000247436e-01 1.328998019617216831e-04
-7.342001720769808504e-01 2.400629249492972821e-04
-7.341357677235129664e-01 1.465192798807174359e-04
-7.337113304036084749e-01 1.790014654973056079e-04
-7.334262389342182109e-01 1.401485016846811709e-04
-7.331856707604554879e-01 1.688008891867116574e-04
-7.330938338246594244e-01 1.268982663213060900e-04
-7.328879628717415162e-01 9.750544222179785895e-05
-7.328541220001498768e-01 1.093766461924247147e-04
-7.328436415995839281e-01 1.474303797132709879e-04
-7.318547865956740450e-01 1.499436768348657797e-04
-7.315362100556230818e-01 1.441178253506180122e-04
-7.312907986218207812e-01 1.351462153888213042e-04
-7.305511735696738063e-01 1.635141185849356470e-04
-7.302676304105059080e-01 1.410804642795727656e-04
-7.300789949250966471e-01 1.340434686741088849e-04
-7.299073855381800202e-01 1.529151047832032954e-04
-7.298097586757912314e-01 1.544500538272571184e-04
-7.297841471452826134e-01 1.745801739449573408e-04
-7.288770283584102838e-01 1.476126515171554744e-04
-7.287219610187617436e-01 1.187107172951873380e-04
-7.284006467940223883e-01 1.717759115432260610e-04
-7.272278975887747077e-01 1.969118067746769573e-04
-7.271873436896718612e-01 1.393994046857573014e-04
-7.271640749313532659e-01 1.503003910487020673e-04
-7.271252934324029527e-01 1.140983593994835397e-04
-7.265037538853315047e-01 3.265922574929100842e-04
-7.254341218400349733e-01 1.377490442238147672e-04
-7.252885845752914395e-01 1.329387916119466003e-04
-7.249928734553351406e-01 1.929053763775777017e-04
-7.245915516549987778e-01 1.629614458053118425e-04
-7.237773804507411368e-01 1.252494781573226215e-04
-7.234952579848628051e-01 1.121332594139835587e-04
-7.233980986904096078e-01 1.275452098872569202e-04
-7.226656754104697766e-01 1.142158303457891326e-04
-7.221546684902684365e-01 1.475505021025923680e-04
-7.219406888804625888e-01 1.508048280981328054e-04
-7.218847905142836696e-01 1.373741437186870465e-04
-7.217097063167456916e-01 1.593896596660648163e-04
-7.217024528879165679e-01 1.364426710491781311e-04
-7.216423332493100418e-01 1.332301187564075094e-04
-7.204475488613216738e-01 1.486286709275463360e-04
-7.201409842856908439e-01 1.493753520148514166e-04
-7.198106648889980308e-01 1.484875374337275562e-04
-7.197723506437236907e-01 1.526188471739991462e-04
-7.185248494453891910e-01 1.075677733753434973e-04
-7.182395556763631062e-01 2.296451460783646020e-04
-7.171580250991501648e-01 1.192480177955424858e-04
-7.166608584719956765e-01 1.575594961105143915e-04
-7.162563364223206719e-01 1.615592055559409237e-04
-7.162380252077154008e-01 1.311030665232819543e-04
-7.159927597590021175e-01 1.366174586112314392e-04
-7.148402087672819372e-01 1.156398297337721904e-04
-7.147764347821067288e-01 1.700255615969836244e-04
-7.145099988223958531e-01 1.842935569016943887e-04
-7.142429231793329114e-01 1.161206217015430361e-04
-7.122113515345399604e-01 1.609912273124604169e-04
-7.112430254759106729e-01 1.225338208283400588e-04
-7.111916544543491758e-01 1.266323042423388179e-04
-7.109213380886104661e-01 1.493533306064555061e-04
-7.086903293849871055e-01 1.718330905614431979e-04
-7.085150334555703200e-01 1.537545302189431110e-04
-7.080416394857678153e-01 1.234534119391519100e-04
-7.072592791113286870e-01 1.501885740815489198e-04
-7.063473108525559763e-01 1.584450271371861394e-04
-7.062172743359704796e-01 1.085848611459291853e-04
-7.054193020496841715e-01 1.417815930919120657e-04
-7.052083080279301086e-01 2.304150755938449676e-04
-7.050950642571940374e-01 1.865877428153330550e-04
-7.042470558091326049e-01 1.481271571414234222e-04
-7.037169525951684212e-01 1.675268285720882006e-04
-7.022506291765431286e-01 1.364702228676818285e-04
-7.017557085738076461e-01 1.125198883312586483e-04
-7.017107215560349776e-01 1.420347491620821173e-04
-7.016106067018433867e-01 2.203773461137398899e-04
-7.005752907100148974e-01 2.668106173054861623e-04
-6.993337485240406215e-01 1.287804878845448813e-04
-6.989396714615796480e-01 1.442105091511578158e-04
-6.989320651597826783e-01 1.478121414542841181e-04
-6.987210027084966857e-01 1.312555239995463524e-04
-6.982945944037061148e-01 1.768248575095877375e-04
-6.973802107493144442e-01 1.311063667852139104e-04
-6.973387528934092972e-01 1.290192173987230123e-04
-6.972624999048889771e-01 1.246831898112092565e-04
-6.970953056531535852e-01 1.300963087208978407e-04
-6.968164913409364836e-01 1.956577583879504892e-04
-6.967821516216186062e-01 1.384696521528982582e-04
-6.957814396987885841e-01 1.448473455745143753e-04
-6.951163101195309002e-01 1.355151681751913897e-04
-6.947765591601678947e-01 1.384421377897134095e-04
-6.946576841868277175e-01 1.254907722225568885e-04
-6.945675216410327479e-01 1.585614440221247206e-04
-6.941789353475431579e-01 1.643483092848306896e-04
-6.939888818667470094e-01 1.952666893120733873e-04
-6.932634855325665590e-01 1.159790776093273936e-04
-6.928469114520227068e-01 1.435689347622511427e-04
-6.923112874814981721e-01 3.758384272243362866e-04
-6.913552697422773452e-01 1.263760318516345409e-04
-6.905725114947953713e-01 1.212753096109545569e-04
-6.904349876701896260e-01 2.002857582036366997e-04
-6.896633427904662605e-01 1.357124274055553016e-04
-6.894805490330691011e-01 1.381922799147987586e-04
-6.888218648711248449e-01 1.391568609663418202e-04
-6.884670232416307822e-01 1.496394423774224491e-04
-6.875387711424332249e-01 1.401103576037190826e-04
-6.859821379849468936e-01 1.385002513826784050e-04
-6.855777851164309711e-01 1.745648079461885674e-04
-6.854582894010488037e-01 1.518380166656596619e-04
-6.852998722002129339e-01 2.042876031404395741e-04
-6.851568182849920863e-01 2.506977635699117013e-04
-6.841124201666671789e-01 2.059121577393296714e-04
-6.840962247784265760e-01 1.538589951791046134e-04
-6.840137794167869822e-01 2.717269363505777149e-04
-6.834604832487464199e-01 1.633299502867593923e-04
-6.833392453549177459e-01 2.165274915203534937e-04
-6.832937962737627435e-01 2.254970479477876261e-04
-6.830533923472912328e-01 1.494048319769074600e-04
-6.823624895590097994e-01 1.380230702294158189e-04
-6.823043649922075904e-01 1.383878592011119658e-04
-6.817017789968126129e-01 2.002151920843349355e-04
-6.812112754633113942e-01 1.448903364637768197e-04
-6.801208326987581154e-01 1.278785345839093097e-04
-6.798375173508856006e-01 1.564911897635821027e-04
-6.786661225496961602e-01 1.542942803462431516e-04
-6.769958590419486999e-01 2.511562665762162800e-04
-6.768653590149420474e-01 1.409437803510283250e-04
-6.756791695250267127e-01 1.418185042724760066e-04
-6.753895885986945791e-01 1.658678613304633226e-04
-6.751560826572250429e-01 1.613973129594181190e-04
-6.738597875134400006e-01 1.645561802221400015e-04
-6.729789402403363319e-01 1.726307865216061507e-04
-6.723555392023987665e-01 1.452960367805142619e-04
-6.722250617932761241e-01 1.515935476156908004e-04
-6.721723997611376289e-01 1.710770479230724135e-04
-6.720731050538313323e-01 1.571661791846794428e-04
-6.718611461162423693e-01 1.501633047128893392e-04
-6.717585059333305297e-01 1.264738750787211487e-04
-6.709975091991727814e-01 1.641359504797156987e-04
-6.705517202850337366e-01 2.274972198485401235e-04
-6.683411006929772524e-01 1.389572292113293512e-04
-6.679178597806976203e-01 1.200249593531373918e-04
-6.674525764707509579e-01 1.238245612380187318e-04
-6.673350704294809255e-01 1.462129445149112450e-04
-6.670232083389191491e-01 1.728584522188297563e-04
-6.668524688096778563e-01 1.677259793340933375e-04
-6.649729035585829617e-01 1.448113075866249593e-04
-6.642684064404751343e-01 1.435050144327825676e-04
-6.641463123191105877e-01 1.543160201142501273e-04
-6.633052732930829753e-01 1.425998301945605119e-04
-6.631091331356471219e-01 3.083598913329419909e-04
-6.626387999928776695e-01 1.800222252442114715e-04
-6.621739771922627860e-01 1.601946603766574151e-04
-6.621331634268199373e-01 2.220045577886467167e-04
-6.617681025359796188e-01 1.523756162406464875e-04
-6.608045993856525024e-01 1.283522918035062514e-04
-6.606739493050421963e-01 1.691882532895076612e-04
-6.605864646272362473e-01 1.576739993440432201e-04
-6.603841597189095136e-01 1.551240383042396095e-04
-6.600894161757316914e-01 1.271468423194987833e-04
-6.594637807262704321e-01 4.339147193905930279e-04
-6.585123184407415398e-01 2.225003821916463466e-04
-6.577392166577090693e-01 1.397047299908509054e-04
-6.576070703638614567e-01 1.587280203002333526e-04
-6.572949886988465051e-01 1.918760403127726011e-04
-6.561122141809430097e-01 1.480800141127382999e-04
-6.560824147942780904e-01 2.043490174831910471e-04
-6.559599681040110264e-01 1.364951513052871878e-04
-6.551389926411492759e-01 1.368254854027382459e-04
-6.543970938153512718e-01 1.749940123739871282e-04
-6.542134064674852700e-01 1.671749739180056183e-04
-6.539415005870029551e-01 1.690893779219540733e-04
-6.538972265492516422e-01 1.693530250626090685e-04
-6.531609019418297413e-01 1.277346645302591965e-04
-6.530506457827240929e-01 1.349201719230643155e-04
-6.524483459463141788e-01 2.175278977007816771e-04
-6.519829980578093487e-01 1.621716010825493106e-04
-6.508500982720168970e-01 1.972001851037085069e-04
-6.504940724914868300e-01 1.674436124930851972e-04
-6.502618744024292186e-01 1.444302762771793004e-04
-6.502468921268061974e-01 1.802449415465930290e-04
-6.493601762675174083e-01 1.262089214475343448e-04
-6.480921051804153787e-01 1.355372657394849419e-04
-6.479791259999453379e-01 2.510606893657975716e-04
-6.476341064497549427e-01 2.365013045159570376e-04
-6.466502155699432874e-01 1.279670619736265240e-04
-6.461721604508906536e-01 2.234456063012832264e-04
-6.458799344382682994e-01 1.257586295807093817e-04
-6.451010006866068069e-01 1.749181288148555190e-04
-6.450345131835492074e-01 1.554221026900719444e-04
-6.448189866908705659e-01 1.437269496337785133e-04
-6.440381426425041411e-01 2.057520890866348972e-04
-6.440064813871895222e-01 1.936287096214846714e-04
-6.438412099696596558e-01 1.349181156588982961e-04
-6.436487134179716962e-01 1.312810659154760317e-04
-6.433555694524504265e-01 4.283761693179498581e-04
-6.433525377925092270e-01 1.898467042794262528e-04
-6.428456165553334545e-01 1.611796430117246048e-04
-6.428434170134658121e-01 1.810386385048031854e-04
-6.420936974817711418e-01 1.856073108225558040e-04
-6.420493579035175813e-01 1.368980943627417580e-04
-6.418134045367771545e-01 1.672525795870103337e-04
-6.417004081377656322e-01 1.588181552473347594e-04
-6.413315849689585901e-01 1.750971775151302613e-04
-6.406947892669976330e-01 1.711043451941429304e-04
-6.403185461869485007e-01 1.723289461620696936e-04
-6.400811184407115828e-01 1.913313607844390959e-04
-6.394428720483398276e-01 1.816038945506622394e-04
-6.392982393832333798e-01 1.763659084977374308e-04
-6.387357602575810533e-01 1.869950654114665479e-04
-6.382998390147016643e-01 1.812882184290646472e-04
-6.382362391926620360e-01 1.736971259236552657e-04
-6.376809976530031232e-01 1.622166258831160524e-04
-6.372756046164060884e-01 1.256700757569977696e-04
-6.369907424801160012e-01 2.334368205789099488e-04
-6.365439592832579097e-01 1.751014561769326705e-04
-6.364887091187020340e-01 1.697951964576249176e-04
-6.363050751700550789e-01 1.737797502738529644e-04
-6.345094146621006459e-01 1.455823832929666777e-04
-6.327778293721579850e-01 1.909783713460092946e-04
-6.324024626620955436e-01 1.425398050130500204e-04
-6.317180055100647396e-01 1.760224348364018200e-04
-6.315739161026432402e-01 1.422065076332914408e-04
-6.306568343794500819e-01 1.220467897083439822e-04
-6.298259049897894091e-01 1.353148259646072419e-04
-6.295959422073548195e-01 1.690335794317311040e-04
-6.281017902136417641e-01 1.786031246569087078e-04
-6.262033582186534719e-01 1.561605468051349124e-04
-6.261491929739050333e-01 1.709173358357955102e-04
-6.248103785030759694e-01 1.584133018753951130e-04
-6.247175336502197585e-01 1.263540304325209138e-04
-6.245136730996132535e-01 1.806441484097473689e-04
-6.243593630374345560e-01 1.334550348326685849e-04
-6.241188664754134807e-01 2.174381119318472824e-04
-6.240763830900072362e-01 1.676728347094511929e-04
-6.239785148384425773e-01 1.431045441634705949e-04
-6.235150717946006393e-01 1.743858564326724388e-04
-6.234467190114448831e-01 1.716095215947345293e-04
-6.234184694349284017e-01 1.573290345836309055e-04
-6.225389585471939879e-01 2.059112403216259901e-04
-6.217057376930622548e-01 1.653702739457713110e-04
-6.215206273535390791e-01 1.616389475030020016e-04
-6.210926066666393464e-01 5.679789857033187882e-04
-6.210838952772074206e-01 1.399308823347722723e-04
-6.209679776921909200e-01 1.724512905251698186e-04
-6.206088185696593262e-01 2.419099735873732142e-04
-6.199845680106811363e-01 1.550328264319785854e-04
-6.198139608956231283e-01 2.502772428441698248e-04
-6.196864922439027090e-01 1.586202170049818237e-04
-6.196654953358158302e-01 1.220355981054294613e-04
-6.194576614642369750e-01 1.536242579299092474e-04
-6.192759322985664783e-01 1.535939533032765875e-04
-6.179071543171276160e-01 1.669758097645511008e-04
-6.178936493961808551e-01 3.332230579816751839e-04
-6.176151173714978793e-01 2.586197631009293685e-04
-6.172633978810633248e-01 1.578366168425817176e-04
-6.170400283652276441e-01 1.978801384985090983e-04
-6.165570936150748249e-01 1.647900503175131492e-04
-6.158437712448193713e-01 1.826741645068407055e-04
-6.142997086905283011e-01 1.741187861649370395e-04
-6.139501225286877473e-01 1.414959577992933005e-04
-6.137698595078585617e-01 1.801801996599103220e-04
-6.130709560369224098e-01 2.047938666073120773e-04
-6.129166367522324022e-01 1.617687617039404412e-04
-6.125700626434881224e-01 2.096441132272042652e-04
-6.123804138435646749e-01 1.640860251086290710e-04
-6.117620830342684890e-01 1.464665903750344937e-04
-6.117555204173447114e-01 2.018222108487976974e-04
-6.117382948829810374e-01 1.680924709795032031e-04
-6.113438147940881695e-01 1.865484764666025042e-04
-6.109527579775496653e-01 1.990729021836913409e-04
-6.109329333296501519e-01 2.766266421926609508e-04
-6.108201780456784524e-01 1.583211128583489997e-04
-6.101951490240847820e-01 1.871222618399226434e-04
-6.099631237436282660e-01 1.958290820641142506e-04
-6.091066173184327415e-01 2.032050447904282058e-04
-6.090636099909984003e-01 2.371556085909540148e-04
-6.083989124967796869e-01 1.646956984565916301e-04
-6.075952298204224666e-01 1.497364109812148575e-04
-6.064528540582455607e-01 2.904191378214691205e-04
-6.056567515761478449e-01 2.092101310913130547e-04
-6.056230463414704612e-01 1.931273551129075272e-04
-6.054371202278604480e-01 1.876145576987312002e-04
-6.052869215152534288e-01 1.844688487101842132e-04
-6.040177019344937781e-01 1.841761594674930637e-04
-6.033284560364993165e-01 2.032081687344547904e-04
-6.025122077911415630e-01 1.643274614214873910e-04
-6.019673415104933589e-01 1.734148936510098988e-04
-6.008231238020174114e-01 1.889431913411502911e-04
-6.006889921368363527e-01 2.604320619327715768e-04
-6.006744893783318995e-01 2.275024779432359098e-04
-5.993909189408116456e-01 1.655320476654227428e-04
-5.986801196968979388e-01 1.580816976726711742e-04
-5.985500409236305108e-01 1.348737249534977668e-04
-5.980724609044956175e-01 1.938938263584080203e-04
-5.972034986803946843e-01 1.737755466794295173e-04
-5.971748070307711931e-01 1.600183942378663904e-04
-5.968094782853192726e-01 1.457318593654205040e-04
-5.967843425137121516e-01 3.526710864377738072e-04
-5.963774039958680273e-01 1.878064015751791400e-04
-5.958414820154183111e-01 1.994807003546421537e-04
-5.936053235704242814e-01 1.647445531698687505e-04
-5.931842860169079801e-01 2.142135249932217644e-04
-5.931687266307030804e-01 1.519612975544792834e-04
-5.925145255408325040e-01 1.537983102759849928e-04
-5.923096623669026339e-01 1.767315336910489404e-04
-5.922557583788239377e-01 2.132906676313235292e-04
-5.921855101398827426e-01 2.348082214493357896e-04
-5.916067428451023957e-01 1.773188485182065292e-04
-5.905475033973185406e-01 1.841179649051189935e-04
-5.904095913643188087e-01 1.500930287915137570e-04
-5.901947751815439513e-01 2.710074894465871304e-04
-5.894693444325344034e-01 2.020341503918275964e-04
-5.890709241594705992e-01 1.496192883743087854e-04
-5.890366746464031911e-01 2.243976278850053139e-04
-5.882053286071547982e-01 1.626456078233371523e-04
-5.881822598465562546e-01 1.831601057398404961e-04
-5.880058688590013016e-01 2.420681158662947358e-04
-5.876054202503179225e-01 2.645401236231313831e-04
-5.868290536415556868e-01 1.956771357664171011e-04
-5.868188254038114726e-01 2.505389728312597416e-04
-5.856475401751071175e-01 1.743159780214280049e-04
-5.849838804051593621e-01 3.930762613832950152e-04
-5.849244307042624769e-01 2.568941121338227593e-04
-5.845501107243230576e-01 1.402340536840204039e-04
-5.845007541394054984e-01 1.984216447968569700e-04
-5.832788360164664621e-01 1.968503628102744052e-04
-5.832043283041783432e-01 2.143959048448889943e-04
-5.830842130202212870e-01 2.085355403465127410e-04
-5.829703344441382606e-01 1.703505814081571266e-04
-5.829086740865989658e-01 1.404471874989720562e-04
-5.826022788045812639e-01 1.817868215963977920e-04
-5.815942226024959361e-01 1.497897910372180405e-04
-5.810720806265018412e-01 1.844814300791906424e-04
-5.791292931032571145e-01 2.256290135085010169e-04
-5.782912117222384074e-01 1.718606880007246128e-04
-5.778776428613853211e-01 1.889497251418214500e-04
-5.778128822019189537e-01 2.359589134287377106e-04
-5.771534115283859512e-01 2.681777248730421014e-04
-5.768445418872371055e-01 2.327201074597460249e-04
-5.760626206782937242e-01 2.262937500509886813e-04
-5.759999970936652280e-01 1.748500357859036675e-04
-5.752318603080750492e-01 2.216970234107653258e-04
-5.750664401532669112e-01 1.640117393664332704e-04
-5.745319557940111732e-01 1.790808483648396684e-04
-5.742373038117043471e-01 1.490837089623239830e-04
-5.738442742338131231e-01 1.992320264630816507e-04
-5.736093291719414067e-01 2.206246148254970398e-04
-5.731943583820234833e-01 1.827694409167530303e-04
-5.731165427029587534e-01 1.538800546366268578e-04
-5.728164670808483239e-01 2.174496885422984923e-04
-5.728092760992450350e-01 1.849889359526918668e-04
-5.728061261753839561e-01 2.060412114442314693e-04
-5.724274635365182995e-01 1.987462908746230237e-04
-5.719072651795508166e-01 2.206599074997006333e-04
-5.714857865906235457e-01 1.756979661293660657e-04
-5.710056046340489244e-01 1.772909567994336870e-04
-5.700589317926083588e-01 3.743466590677911837e-04
-5.697739831986030623e-01 3.055831199750415166e-04
-5.693126934573505826e-01 2.044791029626155166e-04
-5.689544051430918126e-01 2.058459423995287669e-04
-5.687337412271318282e-01 1.369937197022804592e-04
-5.679859507220137438e-01 1.854606168690531016e-04
-5.663366644355378732e-01 3.414327879367109065e-04
-5.659988205895450930e-01 2.207312239128399547e-04
-5.656212863088654341e-01 3.192506834549598709e-04
-5.644883134572452610e-01 1.796133552677897042e-04
-5.625932590347121343e-01 1.558573701105014865e-04
-5.620429869886648389e-01 2.198806761127862703e-04
-5.613726273550891932e-01 2.251039513634140083e-04
-5.611751608470717523e-01 2.332664439498083515e-04
-5.608754285791206495e-01 1.251072351957295710e-04
-5.606478733658120106e-01 2.150966947742961074e-04
-5.605057387948778613e-01 2.003040485132760501e-04
-5.605031151855889293e-01 1.796674384348678104e-04
-5.602996918957570127e-01 1.745261908154054303e-04
-5.602287829943681796e-01 1.627736395368195067e-04
-5.597924618008475184e-01 1.894855435121417389e-04
-5.594944423409812240e-01 2.156592575422575293e-04
-5.593403633580793510e-01 1.759595609947471303e-04
-5.583743786721957481e-01 1.542042356727199083e-04
-5.574079700701930484e-01 1.822341862881425220e-04
-5.573433795350986042e-01 1.741137731885735688e-04
-5.573131460540801108e-01 1.630799539159191844e-04
-5.572697226374021540e-01 1.734386144136060813e-04
-5.567816652425947588e-01 1.718178589790261444e-04
-5.564720318404803301e-01 1.453542983540882523e-04
-5.559525552293870243e-01 1.798344639526051479e-04
-5.557274635763975734e-01 1.876159511314035890e-04
-5.557094487468688948e-01 2.067791796938461542e-04
-5.550629408772655982e-01 1.526204602907981378e-04
-5.546453865226329549e-01 2.078891262223262393e-04
-5.532399111991300744e-01 2.123244478630697185e-04
-5.528422929307192923e-01 1.589776760811926907e-04
-5.526963982157989674e-01 2.992057148089083320e-04
-5.521359293546844738e-01 1.741082258573969335e-04
-5.516736327411815299e-01 1.382364168224873560e-04
-5.513838713967310623e-01 2.079464066256589297e-04
-5.507576412487080741e-01 2.069055142808095193e-04
-5.507030903167883240e-01 1.795306520382686851e-04
-5.502738833883329406e-01 2.804521507455312286e-04
-5.479330354668990877e-01 1.878855609354927920e-04
-5.477311067120655963e-01 1.885332444271649831e-04
-5.471341944705589988e-01 2.349605529869123782e-04
-5.467500692546674035e-01 1.799172040944952702e-04
-5.463675061095951691e-01 2.438863653261962039e-04
-5.452293356103070643e-01 2.137643741513743471e-04
-5.444966510081176159e-01 1.984003581892987216e-04
-5.444156249644394041e-01 2.025454091108764892e-04
-5.441741635989437720e-01 2.101807720308179338e-04
-5.441269465874775113e-01 2.200203302176184108e-04
-5.435594346167673674e-01 2.297815714620069481e-04
-5.424871179107282337e-01 2.388361168144413410e-04
-5.420120560738092008e-01 2.397240193930205254e-04
-5.414124565735690675e-01 2.091871269885480422e-04
-5.408765146194408624e-01 2.561592373372015936e-04
-5.403462485714950470e-01 2.506171989028652233e-04
-5.402035607401778350e-01 2.681868082263047406e-04
-5.395990580374843137e-01 3.234560560268533646e-04
-5.395182447080064669e-01 2.519839816984400984e-04
-5.394447891371442205e-01 1.510643264143109882e-04
-5.383888567419928828e-01 1.919699713397075651e-04
-5.367986328538295604e-01 1.966625429638212922e-04
-5.366827367447355446e-01 2.438393874483065187e-04
-5.364695365064751087e-01 1.932061798661173545e-04
-5.361927004805696617e-01 1.932699172772712657e-04
-5.354525574532617016e-01 1.590001058912837674e-04
-5.349343015209320207e-01 1.745249549770422261e-04
-5.348365701417550078e-01 1.910034743280024947e-04
-5.343187102538295985e-01 1.558911500856436088e-04
-5.343042525381580532e-01 3.517035805532408741e-04
-5.339225176376496407e-01 1.960732008159519796e-04
-5.337926284907622554e-01 2.101893892734767373e-04
-5.327287411910966997e-01 3.003156282451454684e-04
-5.325494197625104675e-01 1.686544554907610095e-04
-5.318026034331840846e-01 1.612608455516901184e-04
-5.309765443411256225e-01 1.517372939453620162e-04
-5.302386396866519691e-01 1.818517019198516058e-04
-5.297396144213483149e-01 4.043318402429903809e-04
-5.296645831924999825e-01 1.427607337238180260e-04
-5.296288008533099889e-01 1.960191494187176549e-04
-5.291468592625081513e-01 2.317604596413919138e-04
-5.283482481354450089e-01 1.619936180771078108e-04
-5.280571510859728424e-01 1.807255565212408902e-04
-5.264620598326706924e-01 1.411227278319703742e-04
-5.244039163606697418e-01 1.834449961703754108e-04
-5.241029511838497523e-01 2.610929949415587603e-04
-5.226190569961912669e-01 1.715672115253759832e-04
-5.217371565328698946e-01 1.972231892818433242e-04
-5.217124776024464339e-01 1.692230619147887824e-04
-5.213427783901007917e-01 1.505314492957677717e-04
-5.197902969838038567e-01 1.839721852063428494e-04
-5.196423910966870841e-01 2.356640372489771627e-04
-5.195060982562855756e-01 1.955358687250728254e-04
-5.194276821416304868e-01 1.852635389259529007e-04
-5.189234389930932334e-01 2.109618832250838511e-04
-5.189059452976090281e-01 1.607238028776681162e-04
-5.186556218506287452e-01 1.917696693280825961e-04
-5.184054225239433933e-01 2.089975040040598596e-04
-5.183986274013787643e-01 3.468284347155726555e-04
-5.183752644508780039e-01 2.000689415628689283e-04
-5.183574011050603447e-01 2.083182141212050942e-04
-5.181179110336157079e-01 2.224912316630755854e-04
-5.175950073501192072e-01 1.816120317601823157e-04
-5.171263879869217872e-01 1.854236681707914719e-04
-5.162975131074144519e-01 2.097761603213439880e-04
-5.162525208156573120e-01 1.643999119059720625e-04
-5.152181438431774341e-01 1.729463360237561500e-04
-5.147127215151825474e-01 1.731985791447084044e-04
-5.146925100843324774e-01 2.174850318298828954e-04
-5.145662098674805840e-01 2.047783788356316982e-04
-5.142242781312217348e-01 1.963629955443471837e-04
-5.139378956912457053e-01 2.070995807358996669e-04
-5.138488727978606230e-01 2.088707234176236810e-04
-5.133235686831917333e-01 1.818623735123661386e-04
-5.129603086100585907e-01 1.692018391217299815e-04
-5.128658291001366720e-01 1.930181699219534754e-04
-5.127587007471586800e-01 3.456012007295966408e-04
-5.126726998668503787e-01 2.116984850753518934e-04
-5.103248865569840476e-01 2.633250298973817340e-04
-5.103006342827819397e-01 1.724056097193128669e-04
-5.097492010748000402e-01 2.247128595081162227e-04
-5.097125798403551178e-01 1.772947544303948787e-04
-5.096999248712705821e-01 2.155029362413137895e-04
-5.092715447317497368e-01 2.797031249974585255e-04
-5.092062349552897160e-01 2.267014411625300607e-04
-5.091734103708087655e-01 1.542036365768962311e-04
-5.089352099054539336e-01 2.632911811609030348e-04
-5.086907695077105274e-01 2.629400511054664569e-04
-5.070968481340992762e-01 1.625381253715229993e-04
-5.061573767495975984e-01 1.611711944173493992e-04
-5.053147695386811522e-01 1.969982282250217127e-04
-5.043550359904800384e-01 2.198088648755498601e-04
-5.041321720123580485e-01 1.977751869820605819e-04
-5.038347128694898869e-01 1.759833791127741586e-04
-5.036168156422378139e-01 1.966300195516578657e-04
-5.034193027682660748e-01 1.749114683121592948e-04
-5.023385508763323903e-01 2.304649913562257829e-04
-5.020290020175620649e-01 2.839538849233699163e-04
-5.008162005978901155e-01 2.569811181945323795e-04
-5.006132530858041774e-01 4.094798125700737008e-04
-5.005083283517705040e-01 1.941669999849666690e-04
-5.004835573953823058e-01 2.220659658129308745e-04
-5.001168068073686968e-01 1.627694941667682691e-04
-4.986916819487869357e-01 1.769730085986107840e-04
-4.979980075941742301e-01 2.171848934701457008e-04
-4.977996285949805588e-01 2.094939082172877750e-04
-4.977610542493610679e-01 2.614729295215248070e-04
-4.977473786675029599e-01 1.969066915695963501e-04
-4.969554449779975958e-01 1.738154264020668285e-04
-4.969365733130675644e-01 1.918299829088532357e-04
-4.968178267760471334e-01 2.134214235197610520e-04
-4.965643980111414946e-01 1.751366107428182150e-04
-4.963086523913165515e-01 2.057010955069945939e-04
-4.959090697600957998e-01 2.012140402494834760e-04
-4.950800796310022012e-01 1.616310332530614623e-04
-4.950257678726350252e-01 1.605862180069745303e-04
-4.927812318741900399e-01 2.329794900872937387e-04
-4.923415240131555626e-01 1.752043222864685477e-04
-4.920068656527113449e-01 2.481664427316204844e-04
-4.918308184856630128e-01 4.531454281322583365e-04
-4.918035757691318066e-01 3.392117988124532116e-04
-4.916248603593829647e-01 3.201615861424209628e-04
-4.907281321452405254e-01 2.251966375030528870e-04
-4.904978687979290042e-01 1.782900204992881959e-04
-4.882035874648921192e-01 1.784274265969858903e-04
-4.872216388497548900e-01 1.779934783671330571e-04
-4.871011977954495253e-01 2.088899054963121258e-04
-4.865807971448932734e-01 1.768653674653642165e-04
-4.857417447530381627e-01 2.968898270521602061e-04
-4.848948098491970837e-01 3.580974063349512382e-04
-4.847499824414829850e-01 2.161024413566399276e-04
-4.844922156466652807e-01 2.320684024311675064e-04
-4.843989379026196751e-01 1.736008473490401819e-04
-4.842363675145383572e-01 1.794331133122543563e-04
-4.835726673569774592e-01 2.042232603047834921e-04
-4.832516371641278896e-01 1.747672312348803262e-04
-4.830780113008879550e-01 2.270821939346236011e-04
-4.821032063227142506e-01 1.548698468285088703e-04
-4.815413830300681042e-01 1.682111742885435645e-04
-4.814373375882074479e-01 1.652140034536518415e-04
-4.814013886778794604e-01 1.445838500989671802e-04
-4.813997808539540735e-01 1.774839557883578370e-04
-4.810664978609690556e-01 2.000766062972036995e-04
-4.809989648784630534e-01 2.297450377849538801e-04
-4.803652705073364060e-01 2.366335240495000660e-04
-4.803569074157904017e-01 2.279292496158007999e-04
-4.801955537595118395e-01 1.819195420431151224e-04
-4.799039153692026272e-01 1.785798371526267333e-04
-4.798411620139489964e-01 2.509833635114412501e-04
-4.797870611734122437e-01 1.580899373624749767e-04
-4.793589385716788276e-01 1.891506903243452844e-04
-4.785991218444054507e-01 2.570235491156116461e-04
-4.779360314018686884e-01 1.886707992657218793e-04
-4.775067336617614400e-01 2.153585968077525439e-04
-4.773405296527038488e-01 1.638963099363287897e-04
-4.766878404853964191e-01 1.698132494529821645e-04
-4.765211855232816540e-01 1.661705438349838715e-04
-4.764197529667748010e-01 2.187167996134965753e-04
-4.760013465669915012e-01 2.457230145218480171e-04
-4.755771838626333126e-01 3.832156299798097020e-04
-4.743368070111227408e-01 1.704774228156168971e-04
-4.742505903841039983e-01 1.705580818741411634e-04
-4.741314518873636086e-01 2.533009571915571128e-04
-4.739857615857942519e-01 2.089853306377259035e-04
-4.736461829644423305e-01 2.404581230969502024e-04
-4.731835345461450903e-01 2.017000952483866485e-04
-4.728221356546772336e-01 2.371753071672985191e-04
-4.724268237337599929e-01 1.958325138316282653e-04
-4.719201418387422020e-01 1.989961164294628355e-04
-4.715255847236697329e-01 1.523406056022240168e-04
-4.709442592165011265e-01 1.785144235060270466e-04
-4.706190116453314309e-01 2.932703476048704951e-04
-4.697686660904039635e-01 6.615780747483147569e-04
-4.690702450380082045e-01 2.488283638460317914e-04
-4.690483609445565416e-01 1.924106563724869436e-04
-4.690102113793715999e-01 2.025700041458884193e-04
-4.689949457988699666e-01 2.897421831149803238e-04
-4.689140261431032353e-01 4.876039476291567582e-04
-4.688051853873803632e-01 3.373692861835455724e-04
-4.685228809666758809e-01 1.901617326183270855e-04
-4.681896320119193211e-01 2.230641823232461316e-04
-4.673541541013407352e-01 1.695346008187383145e-04
-4.673105030009890304e-01 2.756776208329692317e-04
-4.671016224618721457e-01 1.426743347437027238e-04
-4.670050134303986855e-01 2.108259703856622477e-04
-4.666834339648564534e-01 2.016175297962902711e-04
-4.662957235874496953e-01 2.288109060965761062e-04
-4.659321549529431006e-01 1.849032230187125348e-04
-4.656219145521459102e-01 1.589716859267818381e-04
-4.644079785424918838e-01 2.342436959470852798e-04
-4.643064623753622167e-01 1.874750299982880773e-04
-4.641648934479072341e-01 1.711453899330400827e-04
-4.638350110916701907e-01 3.792531422252707002e-04
-4.637770456047046741e-01 3.172807392798473796e-04
-4.634931280566682021e-01 2.378479270450467814e-04
-4.632247232559415506e-01 1.959439659107097779e-04
-4.632188261195827050e-01 2.226974322738950365e-04
-4.630094966833534498e-01 2.393296078995229680e-04
-4.625672888827275786e-01 1.860902527560743191e-04
-4.623395845354921208e-01 1.645752817390487598e-04
-4.619513659145549345e-01 1.909256597373281555e-04
-4.617986535184305241e-01 1.740292463406467984e-04
-4.611477460333182621e-01 2.274867293151070012e-04
-4.606541123862483156e-01 1.445412866779442523e-04
-4.603879489513929002e-01 1.834318695621464223e-04
-4.598866820020049428e-01 3.075573219766290843e-04
-4.595891678835591909e-01 2.412320495158218326e-04
-4.594199254782638797e-01 1.797350711181987454e-04
-4.590920929937679640e-01 4.278072304943342230e-04
-4.590303158819167284e-01 1.676008308894325689e-04
-4.587791154297670704e-01 1.629128268262673663e-04
-4.579054659761067625e-01 2.081985515807157142e-04
-4.579032261086313782e-01 2.058875360909663262e-04
-4.570633561054445182e-01 1.666360251871059088e-04
-4.563778906064448471e-01 2.089263757366542043e-04
-4.562068300563444367e-01 1.834228568322171906e-04
-4.552490726187076731e-01 2.083087808710030163e-04
-4.549158732740324340e-01 2.482215257494359241e-04
-4.547800122815782720e-01 2.289145574653732177e-04
-4.545246496246942991e-01 1.742426068744155107e-04
-4.533310694566710652e-01 1.933890403587894182e-04
-4.532881043531927778e-01 1.827642332499605522e-04
-4.527545673020939021e-01 2.314154222986940939e-04
-4.526874899318826806e-01 1.679781362498739016e-04
-4.519758467630983767e-01 2.213134375258546849e-04
-4.512524731427839386e-01 1.854197025788784927e-04
-4.512279268039124935e-01 2.198029678321483074e-04
-4.511150416394426044e-01 2.355582751779317617e-04
-4.507742823963945544e-01 1.747901360526664459e-04
-4.502562114003273441e-01 2.225260545416467154e-04
-4.491706589594831045e-01 2.415063474442874806e-04
-4.491068354070573143e-01 2.077637234705757613e-04
-4.489906630958720446e-01 2.137156130919873440e-04
-4.488645162368514185e-01 1.542481028846255740e-04
-4.487336744553668266e-01 2.424182556752777927e-04
-4.485834628156000203e-01 2.441689728274273495e-04
-4.485503865171611704e-01 2.401076111848421944e-04
-4.473045834354711370e-01 1.782366964591449051e-04
-4.470483589101073019e-01 1.658115390522784836e-04
-4.467553091661995990e-01 1.752770723565365025e-04
-4.463761447094237722e-01 2.759204677480158580e-04
-4.460673157020416113e-01 1.897437904898948715e-04
-4.458764701726115054e-01 2.360952149754439627e-04
-4.458241163366806759e-01 2.320785234354367415e-04
-4.449418554167273721e-01 1.828769650894054204e-04
-4.446478218271022742e-01 2.018783702934968006e-04
-4.444084554371169893e-01 2.200518534479234411e-04
-4.444036272689563249e-01 1.755174139385161749e-04
-4.428092812040492210e-01 2.621712859167056836e-04
-4.427289914077952027e-01 1.956344992548731245e-04
-4.420179035078060092e-01 2.457123557888803806e-04
-4.407965997376847578e-01 2.127565440380274175e-04
-4.407157768041972679e-01 4.519620250922567030e-04
-4.400258309160731685e-01 2.550460263021707657e-04
-4.398558201331455031e-01 1.996191921027268474e-04
-4.396011893327633202e-01 2.722186227420408922e-04
-4.395182271321392831e-01 2.168387635295106262e-04
-4.393594271933443096e-01 1.781195629116581703e-04
-4.392739112455753547e-01 2.726450841604898998e-04
-4.388575708353693039e-01 1.998833118969078340e-04
-4.385983802503840012e-01 1.449745204131471714e-04
-4.383013883424948243e-01 2.238427000998134654e-04
-4.369783116894216946e-01 2.596796561747837439e-04
-4.362922979832699055e-01 3.208319793365903305e-04
-4.362814658743394691e-01 2.139899408362813736e-04
-4.362457805537885980e-01 2.271060027933318674e-04
-4.351027521965881162e-01 2.653651220766264137e-04
-4.346385455693032585e-01 2.098379869698101773e-04
-4.346020365145648046e-01 2.998850451613675988e-04
-4.336619994776291231e-01 1.861466639952517562e-04
-4.329990778287445274e-01 2.241558295000605969e-04
-4.325870225685492509e-01 2.810433276868745688e-04
-4.324388594423205223e-01 2.472673704127317535e-04
-4.324114077196224426e-01 1.620850754050112729e-04
-4.319553830701783337e-01 3.283054640880430958e-04
-4.316544323917393955e-01 2.760540028771641882e-04
-4.316540094575050390e-01 2.214260198594468682e-04
-4.312353741734251122e-01 1.795275667489426076e-04
-4.307020979966039720e-01 5.498927509234092419e-04
-4.300379378200454017e-01 3.650194607571747196e-04
-4.297282786982568048e-01 2.051047574694240779e-04
-4.296320678812975968e-01 3.435079005107754884e-04
-4.293746065180435445e-01 1.684601684267366653e-04
-4.292792167499304146e-01 2.122492124360656396e-04
-4.292210943896922481e-01 2.255384346218035341e-04
-4.289403384827206733e-01 2.123071145159650551e-04
-4.289311838067008109e-01 2.892649424761741580e-04
-4.275509405863126000e-01 2.196566640335523052e-04
-4.275147640090116719e-01 1.925705639194396626e-04
-4.267944573917503703e-01 2.240541553577262020e-04
-4.263911429061740255e-01 2.077007499694278757e-04
-4.261476038664051003e-01 2.718660873526428079e-04
-4.260870436079595702e-01 3.145548563552445667e-04
-4.259528684345073590e-01 4.436118187282613533e-04
-4.259212542959261993e-01 1.508132871107532706e-04
-4.257809290751001785e-01 4.216059507287877152e-04
-4.256544412533626032e-01 1.865038286199322448e-04
-4.252962341359648457e-01 3.615619166847851979e-04
-4.238867025946485012e-01 2.374545776408484637e-04
-4.226955158170868643e-01 2.771782267966769737e-04
-4.225996478677588875e-01 2.455590028733145537e-04
-4.221552106527080572e-01 2.142919440726632238e-04
-4.218768615908896624e-01 2.186970437085543643e-04
-4.215518674627765083e-01 1.815695371454523264e-04
-4.212657524198072378e-01 1.705244150343780902e-04
-4.211471120500783205e-01 1.704564218950586657e-04
-4.205625314494563227e-01 1.900328940609715778e-04
-4.202291875988047876e-01 2.540824557051741010e-04
-4.201474614983048417e-01 2.141575837865253903e-04
-4.198251138893123735e-01 2.803971784590714601e-04
-4.190358994686140814e-01 2.516056012231655055e-04
-4.185211395169213811e-01 2.832408457651013241e-04
-4.178685043669354005e-01 1.887495094554676582e-04
-4.178660694056687275e-01 2.343985564108816714e-04
-4.177579218614708711e-01 1.892277754258082359e-04
-4.175736035476388941e-01 2.100625252912345100e-04
-4.170211073915048305e-01 2.221472227434794628e-04
-4.169643070285874997e-01 1.975482464969392608e-04
-4.168750304954792485e-01 2.146291832147481226e-04
-4.168527972653054414e-01 3.952576107408414048e-04
-4.163419195893910407e-01 2.051194133522791347e-04
-4.163383776296851191e-01 2.333356913746449407e-04
-4.161451106936159272e-01 2.703616274831928965e-04
-4.161438117505603107e-01 2.030867629190326090e-04
-4.161062496523421084e-01 1.821731318042320172e-04
-4.158661575244671504e-01 3.328531523322837563e-04
-4.154863973116083020e-01 1.960583172066560553e-04
-4.152371835478880779e-01 1.817392895448333026e-04
-4.151427411469177930e-01 2.178626421175570245e-04
-4.145362419151423228e-01 1.993556703792865247e-04
-4.145002216471193046e-01 2.142050550419133555e-04
-4.140069167028653796e-01 2.106870340780326429e-04
-4.133414343818557768e-01 3.165510937381025517e-04
-4.127764991648642523e-01 3.108970017336995842e-04
-4.122589864689859551e-01 2.347948824779687131e-04
-4.121872547528677155e-01 2.526463227589468815e-04
-4.119486117398601377e-01 3.028227356489084435e-04
-4.119003178215354111e-01 2.225534176650508010e-04
-4.118547013003678869e-01 2.338235138674260420e-04
-4.115132088243599884e-01 2.272551032463402342e-04
-4.112618778177880019e-01 2.035026847484625934e-04
-4.111749925143726725e-01 2.614640914848048552e-04
-4.099296278178977126e-01 2.385841438447459744e-04
-4.097125058607558046e-01 2.155439432939057476e-04
-4.095283300187015363e-01 2.107375733672665191e-04
-4.093929968992401358e-01 1.873066458931545923e-04
-4.092975620055233077e-01 4.737434731486497028e-04
-4.089647949544331085e-01 1.915931983842883467e-04
-4.082682576627941207e-01 1.885300677592313169e-04
-4.075619773635349441e-01 3.536787542084904312e-04
-4.071986492778044697e-01 1.561920212999164050e-04
-4.070491194706687410e-01 2.076959107479316700e-04
-4.053799791915214112e-01 2.016904910922605548e-04
-4.051177730580441949e-01 1.717346223966058176e-04
-4.049177332700281129e-01 1.788803165890046271e-04
-4.048754607514528647e-01 2.657320247701182715e-04
-4.042494714801773692e-01 2.402230885222211224e-04
-4.035277874506512097e-01 1.629576519977480329e-04
-4.030307688407103184e-01 2.121807271766668545e-04
-4.027600678202856721e-01 2.276471446255954191e-04
-4.025938514158152737e-01 2.071278607649713009e-04
-4.024005555040668369e-01 2.141055539458966645e-04
-4.022672216545025159e-01 3.431242514648690455e-04
-4.021534534907892922e-01 1.672945483108879733e-04
-4.018413627296361645e-01 2.765223784192522255e-04
-4.014730095078002936e-01 1.702136940937610144e-04
-4.014002266393251750e-01 2.271827103018428504e-04
-4.005188129010693876e-01 2.008661788623604806e-04
-4.001019777035955127e-01 1.849745156346010923e-04
-3.990287146955577846e-01 2.224500307955741931e-04
-3.986788703116474486e-01 2.402277922021912458e-04
-3.983821913521273239e-01 1.662677007101937519e-04
-3.980705696496203427e-01 3.356950519748859874e-04
-3.975457771095872173e-01 1.762592217639281109e-04
-3.973101097857347774e-01 1.743757526984723947e-04
-3.971584875020457983e-01 1.936539004861477357e-04
-3.945835026021200509e-01 2.239980152092190219e-04
-3.941964633015829222e-01 2.563882214364935708e-04
-3.941773207300591775e-01 2.286030625934414094e-04
-3.941573057015982928e-01 1.789111468295347454e-04
-3.925866721618019861e-01 4.134618781928033125e-04
-3.925557724595979403e-01 2.251309703834429327e-04
-3.898966793208610837e-01 2.220049272566694890e-04
-3.894980427952670632e-01 2.130028899987381234e-04
-3.887242322732396560e-01 1.881385114623995800e-04
-3.883906871361559876e-01 1.751262175593849531e-04
-3.880779137815574820e-01 2.037888096123096151e-04
-3.878775299309512037e-01 2.012071240764343075e-04
-3.868526215335301166e-01 2.167010825564715307e-04
-3.867825318546200819e-01 2.083585748447460090e-04
-3.848626602624137250e-01 1.786825375817779969e-04
-3.843521855445949931e-01 2.388307270474116569e-04
-3.825731645609198317e-01 1.839191039805666687e-04
-3.807768878117531175e-01 2.435153827742428596e-04
-3.807023411406636471e-01 2.004139053859462622e-04
-3.805662857454891190e-01 2.494409985700051912e-04
-3.804936753426181872e-01 3.377735430615562613e-04
-3.802860252550672726e-01 2.294198791029387668e-04
-3.796389610933678105e-01 2.593740073625620444e-04
-3.794173749379644023e-01 2.312990491782500639e-04
-3.781341386594832543e-01 2.076065115803365417e-04
-3.779752196714812329e-01 2.621455423945117150e-04
-3.776980645575524487e-01 2.889786413095475777e-04
-3.774714291709151404e-01 2.325509098919097432e-04
-3.774168075329379923e-01 2.865455827342080304e-04
-3.773278412740260768e-01 1.864474475125558063e-04
-3.772185740779931962e-01 2.783450169792080165e-04
-3.771021245922681620e-01 2.146302210394204334e-04
-3.765614322748445653e-01 2.083170572553046823e-04
-3.756818684873602932e-01 2.772416101762679216e-04
-3.753251980344415317e-01 1.981381393769378536e-04
-3.750246924353786704e-01 2.907265855608945804e-04
-3.748978999213811170e-01 3.400627767335158555e-04
-3.748490701568055750e-01 2.537909281268212690e-04
-3.748489793303073636e-01 1.826028416265130269e-04
-3.743826066899509919e-01 2.633782145013813768e-04
-3.743575971850041650e-01 3.584103991343358581e-04
-3.742431466487446956e-01 1.947794651546492139e-04
-3.740247953159871463e-01 4.053732348996320228e-04
-3.734099611979332378e-01 2.466421269843263619e-04
-3.730146691905703582e-01 2.174961345442893578e-04
-3.729415161967990500e-01 2.914615998253580233e-04
-3.729110832025055999e-01 2.987302011954285708e-04
-3.727391623155019151e-01 2.209208557886580026e-04
-3.726545720848249976e-01 2.648305948375595498e-04
-3.725866441499314785e-01 2.317667144136741639e-04
-3.718255952913462892e-01 1.846004237084505829e-04
-3.710122408278523909e-01 2.527584460407830930e-04
-3.701602310639015569e-01 2.203744805643477163e-04
-3.696765246553181949e-01 2.373975515805900444e-04
-3.696341941156784938e-01 2.182073595419150593e-04
-3.692347156891555016e-01 2.630341384655486949e-04
-3.691038753779554149e-01 3.601450124995330131e-04
-3.687269658335367017e-01 3.507687704344951180e-04
-3.684437073102479476e-01 2.494747649077884931e-04
-3.682393469979748923e-01 3.350061495150945842e-04
-3.673049343645089504e-01 2.330719314488698623e-04
-3.670755293780182948e-01 2.634963889145114347e-04
-3.667538412441946893e-01 3.207603632384851467e-04
-3.664436968201285061e-01 2.280086777288622914e-04
-3.652991750551400352e-01 1.730407577377349811e-04
-3.650336602202533531e-01 2.426798338457707908e-04
-3.640375890292008587e-01 3.004225700362471592e-04
-3.637265335648133258e-01 3.845112575344396613e-04
-3.637018382261498206e-01 1.727387331927031637e-04
-3.636537219216284256e-01 2.238148797858478475e-04
-3.633957987156865022e-01 2.278075667526517363e-04
-3.633445690785739313e-01 2.117195747435211643e-04
-3.627132546466862451e-01 2.832991658866414316e-04
-3.627070971735190663e-01 3.309949350868865393e-04
-3.625101792943176693e-01 1.775899036516590044e-04
-3.622404679295453400e-01 2.401563058746000853e-04
-3.619734114927642410e-01 2.241091062944392388e-04
-3.619404664329179955e-01 2.492496258747234654e-04
-3.611218323946845388e-01 2.744397328481580460e-04
-3.608734519021217224e-01 2.713951695658116002e-04
-3.608317127817011194e-01 2.104087437858598428e-04
-3.608274228456926913e-01 2.531956221891130607e-04
-3.594261446892926259e-01 1.568690936781901154e-04
-3.594210739371453966e-01 2.145806234191920245e-04
-3.594164621858307318e-01 2.218572212670983398e-04
-3.584637989867845986e-01 1.842928042799910938e-04
-3.583908010371976149e-01 2.094646862270849749e-04
-3.583580877516461816e-01 2.520016645159187606e-04
-3.580946040446172929e-01 2.087546667698042058e-04
-3.571822319868896423e-01 2.253309199339647109e-04
-3.569017376914990214e-01 2.539597733536430048e-04
-3.567216035994883461e-01 5.052478285170720158e-04
-3.562978442415690172e-01 2.032758877897850134e-04
-3.560883215170451144e-01 2.002389187438298912e-04
-3.560505488630522075e-01 2.888781929497843048e-04
-3.556338052970871577e-01 2.355327799108113552e-04
-3.552919317500070062e-01 2.007203510737261233e-04
-3.548721984357292580e-01 4.108062447583788173e-04
-3.547216971201965219e-01 2.450147726110327097e-04
-3.544402177049270075e-01 1.976859033997824873e-04
-3.538077457007229865e-01 1.696583684140400190e-04
-3.536246979503052112e-01 2.027514140464224028e-04
-3.535382433344478326e-01 3.802141232806247788e-04
-3.535036040096888876e-01 3.004137708552431069e-04
-3.532153987530024519e-01 2.030831384450957808e-04
-3.528774727521786780e-01 2.179712523529595642e-04
-3.528542794291861240e-01 2.441267050830140826e-04
-3.525227655265337767e-01 2.164955655302065198e-04
-3.521546623629092099e-01 2.525154681627149521e-04
-3.521034963037645293e-01 2.160933084974112572e-04
-3.513380028687255741e-01 2.185788491650361189e-04
-3.506711576999935742e-01 2.558972787649044364e-04
-3.503816851815650946e-01 2.200682416708282275e-04
-3.503778812787014529e-01 3.162291351230109900e-04
-3.502417529086047643e-01 5.490759157397893334e-04
-3.498712075635269647e-01 2.272578395847532520e-04
-3.497207678619009830e-01 2.640899034072648611e-04
-3.496335836847042078e-01 1.811034228907002722e-04
-3.492549823815616072e-01 3.584818843480872853e-04
-3.484364211383263465e-01 2.770056390046142319e-04
-3.482909910593379732e-01 2.855154775647770235e-04
-3.476666480609363896e-01 2.546816556055018360e-04
-3.469404925774108306e-01 2.816042168871961599e-04
-3.468608187903587381e-01 2.350687263694757503e-04
-3.466416052918900315e-01 2.033649852631926600e-04
-3.457451089775803732e-01 1.843215895856578147e-04
-3.456272935413367553e-01 2.446220420653124456e-04
-3.451591864021506528e-01 2.426177347351078629e-04
-3.451373988674688587e-01 1.987604282167478964e-04
-3.441462891587371287e-01 2.633992536884530470e-04
-3.434210630985675694e-01 1.641009813782973972e-04
-3.433532122039204548e-01 3.493417671921503860e-04
-3.431252000644534061e-01 2.498719374139669056e-04
-3.426863114579808411e-01 2.270345316749335259e-04
-3.418952565295433343e-01 1.966637735259414309e-04
-3.418081235566607923e-01 4.291826294045960537e-04
-3.417453517327168067e-01 2.040584185669791625e-04
-3.416774641113239919e-01 2.237537987601293389e-04
-3.412436032225774074e-01 2.990285008684261179e-04
-3.408753079688302545e-01 2.349951805359142573e-04
-3.403875752911648678e-01 2.379684690246329298e-04
-3.401428576948028470e-01 2.163941399381437165e-04
-3.391795211513704000e-01 2.199707496000168744e-04
-3.385639498893496802e-01 2.174397381207387547e-04
-3.381397953004771639e-01 2.177474774189583850e-04
-3.375506244798902600e-01 2.141446973252357098e-04
-3.371972967798095300e-01 2.356294460975492304e-04
-3.368873912212113630e-01 2.327677143254688278e-04
-3.366189958757510037e-01 5.718723239785189960e-04
-3.365567735002325533e-01 1.653488976723374809e-04
-3.356719103228273937e-01 2.003679310319171852e-04
-3.356049495690552331e-01 2.831710478646703739e-04
-3.352852108334062886e-01 2.199769666866815314e-04
-3.339510542748209132e-01 2.298318907820973654e-04
-3.337939581694874258e-01 4.461882654510926707e-04
-3.314317339599411882e-01 4.102374335091163904e-04
-3.309546148826710832e-01 1.853418214832732239e-04
-3.308510705523401429e-01 2.633343362138827943e-04
-3.304248619122754915e-01 2.830915074315624438e-04
-3.303961169103518114e-01 1.985026046859238961e-04
-3.302286264245660741e-01 2.228864083388006458e-04
-3.292844854742634220e-01 2.067036782975846337e-04
-3.288866691706697210e-01 2.894839689489768736e-04
-3.287959240289875518e-01 2.397075514422548968e-04
-3.281396835752396490e-01 3.137080218215448956e-04
-3.273760776290963181e-01 2.297342272404245226e-04
-3.268743612345303973e-01 2.256739767079832552e-04
-3.266579329939985898e-01 2.624636612486682861e-04
-3.264805717810497776e-01 2.072464230307616664e-04
-3.261217783012597127e-01 2.486240839238455444e-04
-3.260593035886872881e-01 2.374967863688974795e-04
-3.258961656077450919e-01 2.027484482785997511e-04
-3.257203822847420382e-01 2.440767441610928806e-04
-3.253681880284839956e-01 4.766658667318283212e-04
-3.253420499839095315e-01 2.918936036155737488e-04
-3.248495556182124933e-01 2.260873894339767169e-04
-3.247358177303023008e-01 1.933496051141830668e-04
-3.243580670330621363e-01 2.541253759728714446e-04
-3.222464733641584589e-01 2.276090414656635127e-04
-3.220869308987804325e-01 1.708233624096933069e-04
-3.220644611334511631e-01 2.166731318481519614e-04
-3.219056174339182674e-01 2.460944142886097984e-04
-3.218065084540427945e-01 1.926757532711437920e-04
-3.217391784001241706e-01 2.764385169589927017e-04
-3.210904935748536415e-01 3.743512688249353831e-04
-3.206716329038062363e-01 2.436060964996363779e-04
-3.206490114675823455e-01 2.735982525338688217e-04
-3.206079660399386300e-01 2.396089317179697718e-04
-3.204180650616663129e-01 2.703770232247848103e-04
-3.198394395832226400e-01 2.331897439707569276e-04
-3.196263000188740988e-01 3.780303884758133234e-04
-3.178304693746840104e-01 1.907197675299681587e-04
-3.172214255565944940e-01 2.420907966178131995e-04
-3.171957996952895487e-01 4.845783178264774244e-04
-3.169345709134194777e-01 2.594468684700194602e-04
-3.168353725369777441e-01 3.120821300755275904e-04
-3.165417461790921982e-01 1.983215382163060507e-04
-3.162706746591589235e-01 2.172404441056119591e-04
-3.158558950427473588e-01 3.170483932808516826e-04
-3.157282660987965617e-01 2.558390812083283119e-04
-3.156895406659914194e-01 2.014737211440633020e-04
-3.155061748349755613e-01 2.058207031532179206e-04
-3.142483731226587418e-01 2.797813384802152071e-04
-3.140215495061944306e-01 3.069035293148325507e-04
-3.138153203287192827e-01 3.228458373374096853e-04
-3.131074984514507498e-01 2.239875284557964381e-04
-3.130973268152024147e-01 3.120742615701755881e-04
-3.129818444187622006e-01 2.082109991661284024e-04
-3.129804504021296840e-01 2.373413743102911126e-04
-3.127703605937195985e-01 2.380635905256362850e-04
-3.126840390238219136e-01 2.381707594692239786e-04
-3.120924366044136034e-01 3.616295671920843999e-04
-3.112182165391929045e-01 2.677242915890048949e-04
-3.100849198076864321e-01 2.304937795499968102e-04
-3.087418830035310036e-01 3.758360888521986541e-04
-3.078283610162970696e-01 2.101582430753279351e-04
-3.077158977800553696e-01 2.327535499763887976e-04
-3.071814146882583807e-01 2.164587716530452744e-04
-3.066149000511462219e-01 2.748387351115087881e-04
-3.066119579687959229e-01 2.660458685833746767e-04
-3.063673061165788636e-01 2.968823828208466318e-04
-3.060481208382252460e-01 2.307641622149660436e-04
-3.055588824585027119e-01 2.647796215730703379e-04
-3.050768442052829710e-01 1.910645836106280985e-04
-3.048925901678403716e-01 2.081213821015501296e-04
-3.042468946373557137e-01 2.200937271614128519e-04
-3.031969561364403210e-01 2.394377764526284074e-04
-3.029395160551969224e-01 6.282794178818004857e-04
-3.026511068585309716e-01 2.754219060207704298e-04
-3.023794390379225816e-01 2.225321695648688767e-04
-3.022397327135298295e-01 2.108423294609612642e-04
-3.017074470863418401e-01 2.143346383769505561e-04
-3.015326285884202817e-01 2.870748430882756890e-04
-3.012405813588658332e-01 2.093713403975153218e-04
-3.007051779200921593e-01 2.673585081026209420e-04
-2.999689021538453071e-01 1.934770668194671188e-04
-2.997567405601036516e-01 3.313536429606908705e-04
-2.993585993455590843e-01 2.217800794498750721e-04
-2.993332076627409633e-01 2.179993071282284732e-04
-2.986026465315567147e-01 2.463286892202558222e-04
-2.985575163325835946e-01 2.388077555283240185e-04
-2.983473747146572763e-01 2.949491908437154217e-04
-2.982525917771740032e-01 1.994293166565846520e-04
-2.982302373448679211e-01 2.323359555071209800e-04
-2.981190209774295941e-01 2.768570884337744455e-04
-2.973115400964064237e-01 1.864502464337978798e-04
-2.972409654207551766e-01 2.113092425770234832e-04
-2.964283460489198219e-01 2.596919302437156532e-04
-2.961329197147154479e-01 2.469668057107226341e-04
-2.957657632466405007e-01 2.517800136839453123e-04
-2.956011602979840003e-01 2.600810428288711520e-04
-2.953435349647494657e-01 2.937462231072301760e-04
-2.947798293379369494e-01 1.846298759175304125e-04
-2.941682486012844322e-01 2.158346741570933030e-04
-2.938396899919694105e-01 2.637425098716415133e-04
-2.930752144942448956e-01 2.366253663845181482e-04
-2.930727805758335247e-01 2.484431694692427767e-04
-2.929921799979218200e-01 2.319005788754851432e-04
-2.928421037946061789e-01 2.167937582523023459e-04
-2.927323606766399355e-01 3.144539366793486332e-04
-2.921583456275655966e-01 2.263050901250833089e-04
-2.918922716016125185e-01 3.454446859958864332e-04
-2.918160664005346461e-01 3.457766516500028432e-04
-2.914793720941326050e-01 2.415331395146596649e-04
-2.914497356471364986e-01 5.391743415613387946e-04
-2.908840582865744318e-01 2.594959703101195735e-04
-2.902029957981382968e-01 2.570696843364276554e-04
-2.896007327762877281e-01 4.289685902436514301e-04
-2.886961663922127386e-01 2.576207561866019594e-04
-2.883030173892664472e-01 2.618815411669857848e-04
-2.877529616610040031e-01 2.749948719023550332e-04
-2.874991840487536310e-01 2.284928877649942014e-04
-2.870078781455043804e-01 2.826181477014909544e-04
-2.866819476082562712e-01 2.026099333700190483e-04
-2.864610094282971087e-01 1.802271883451215162e-04
-2.861620323380003050e-01 2.557466671201150642e-04
-2.860967789032139996e-01 3.340003949594945129e-04
-2.860574882401511476e-01 2.915035444322332139e-04
-2.857328573888798795e-01 2.503333461035389933e-04
-2.854968088199727472e-01 2.346262658319115909e-04
-2.851238781655776044e-01 2.296196487569875826e-04
-2.851128650875615622e-01 2.689907377217070576e-04
-2.842929987009261139e-01 3.167447344253921260e-04
-2.836859099688132102e-01 3.041429791520381255e-04
-2.832419598025250340e-01 1.842301033702770628e-04
-2.832177636883532190e-01 3.420886146455803583e-04
-2.823991182631984120e-01 2.588617033619342749e-04
-2.820630085119069652e-01 2.227411014674070548e-04
-2.820255337689088759e-01 2.778605591091477594e-04
-2.819803251984128734e-01 2.384554190383120177e-04
-2.818894537618790164e-01 3.903962562467052722e-04
-2.818272237519416912e-01 2.472040964884850080e-04
-2.812539548872966533e-01 2.946122591967260712e-04
-2.809856576431346564e-01 2.319368275735270645e-04
-2.807355631073059077e-01 2.791430918929731371e-04
-2.807285223503672156e-01 1.989940824213829503e-04
-2.797487306668771656e-01 4.495735492622815314e-04
-2.794132671361851394e-01 5.859574260255054692e-04
-2.791714110247844882e-01 4.051740620771025259e-04
-2.791284369619960737e-01 2.591911734044745146e-04
-2.784039607924180815e-01 2.937127746079978710e-04
-2.783723501056196148e-01 2.377331521627328351e-04
-2.779250365402736178e-01 2.319788287297758103e-04
-2.772672112600454430e-01 2.424039350875914001e-04
-2.766873493473437362e-01 3.493779518440991443e-04
-2.765654186565879025e-01 2.321309232755132412e-04
-2.747019788841408849e-01 2.650335890300685037e-04
-2.745160953793569503e-01 2.197401963058256600e-04
-2.741694503778919767e-01 3.032234598880839747e-04
-2.739823220326008668e-01 3.369624260158467894e-04
-2.738177298025122330e-01 3.438974230089289008e-04
-2.736879284939526813e-01 2.702977562286235222e-04
-2.730655773297253619e-01 3.050497725648012486e-04
-2.725883221796028266e-01 3.257879024849139114e-04
-2.725310028300397813e-01 3.035102679373160510e-04
-2.722732486773602467e-01 2.196242505055298632e-04
-2.720402070975173614e-01 3.062616683555960200e-04
-2.715478000300279304e-01 2.247802631090717470e-04
-2.711445513107872962e-01 3.308904670011918658e-04
-2.708191850762430852e-01 2.049374640441230396e-04
-2.706957204379530912e-01 2.431202056936985817e-04
-2.706187234666878050e-01 2.761422126016287388e-04
-2.699922482218448661e-01 4.978932952699267932e-04
-2.680474205320486636e-01 3.548957898877224868e-04
-2.676413009548068156e-01 5.762488606508460714e-04
-2.672849432636938416e-01 2.469789730837589894e-04
-2.672016404608201223e-01 2.501645312810190551e-04
-2.669877788571514143e-01 2.393680946152591251e-04
-2.663401805793282895e-01 4.071576435489172321e-04
-2.658349768817948600e-01 2.666962866849219727e-04
-2.653565002327319400e-01 3.237533678696021596e-04
-2.653036405689205846e-01 3.877352279414010517e-04
-2.652032330395912019e-01 2.413349900690835246e-04
-2.651347732237217536e-01 2.422740493920459324e-04
-2.648450463787310749e-01 3.881375211023849713e-04
-2.646452323451234379e-01 1.788483527065136598e-04
-2.644164712047025190e-01 2.976804491230445097e-04
-2.644091962757432746e-01 2.516436208671343593e-04
-2.642469767877748121e-01 2.426791104876141600e-04
-2.642343613598391316e-01 5.827623190877512455e-04
-2.638302876697747879e-01 2.039533445034000540e-04
-2.634166776380896802e-01 2.136624984980256699e-04
-2.626903901955026099e-01 2.360331026177414204e-04
-2.618075798421471423e-01 2.915064347736682094e-04
-2.616045695581030173e-01 3.014217997209749480e-04
-2.603086252835030701e-01 3.323054744881949614e-04
-2.602570858577892277e-01 1.957776039358706934e-04
-2.597848059177983449e-01 2.949533644054105029e-04
-2.595106298122115684e-01 2.929718055127185903e-04
-2.593111527423792029e-01 2.199104770527648316e-04
-2.588144517924206855e-01 3.214148773721713440e-04
-2.582068446554804941e-01 3.850790246393425722e-04
-2.581062109092477352e-01 2.814101808754005448e-04
-2.579881833952198944e-01 2.196527699713173400e-04
-2.576219429909601955e-01 2.570092671820828193e-04
-2.568125080955902528e-01 3.086822436401892513e-04
-2.565435337740405997e-01 5.401385342594980897e-04
-2.560922343577745619e-01 1.960562621942497994e-04
-2.553662820116976984e-01 2.637043642207476048e-04
-2.549435634176085985e-01 2.684807931716437393e-04
-2.540419710983627399e-01 2.664618730917051167e-04
-2.527273321406539042e-01 4.782036230324929627e-04
-2.527109616571772133e-01 2.633880130169998380e-04
-2.526018471069162441e-01 2.180241082458314454e-04
-2.525950818465939052e-01 2.156465222836969784e-04
-2.523792193014240959e-01 6.219651696574100136e-04
-2.521161042052841861e-01 2.178763622728116425e-04
-2.519516482137859059e-01 2.503369928989632263e-04
-2.517543151649604960e-01 2.075488944720325739e-04
-2.517008196488999539e-01 2.548439768679854143e-04
-2.516878730881722537e-01 2.977555208516088838e-04
-2.510960321900845282e-01 2.985053148430881942e-04
-2.505429461208232289e-01 1.926358391151097816e-04
-2.497341457988155877e-01 3.071817323171160854e-04
-2.493724916726926533e-01 4.761747707358008090e-04
-2.487422887543840055e-01 2.908090789764422482e-04
-2.486545066825357198e-01 2.620150851703708554e-04
-2.485376901300757058e-01 2.396390809023162731e-04
-2.475344524071653451e-01 2.494554664346115185e-04
-2.456372630661024792e-01 3.414586056277836503e-04
-2.454467036044117589e-01 3.540828532843196420e-04
-2.454397202532146716e-01 2.317451083478287537e-04
-2.450660513084978454e-01 2.632410154501430054e-04
-2.431496124811138859e-01 2.701476419919130140e-04
-2.430569086889772523e-01 2.703582852025379125e-04
-2.427629871263919659e-01 2.132343054653625298e-04
-2.425659959705533941e-01 3.393260928786086500e-04
-2.422801544347345515e-01 4.008203137998374885e-04
-2.414389912432589602e-01 3.211348320929229309e-04
-2.412398215096424325e-01 2.309917183844072705e-04
-2.410778073702869451e-01 2.204730727551923344e-04
-2.409922984903816734e-01 2.624292022249049574e-04
-2.407711770062532231e-01 2.825351050434905527e-04
-2.398633780231816948e-01 2.421973138157017898e-04
-2.397248465264321116e-01 2.638889991290251113e-04
-2.389666115335221108e-01 3.705296601068432940e-04
-2.386599383139210162e-01 4.128099986003539216e-04
-2.377118930703388255e-01 2.708446918714446411e-04
-2.377105436602096611e-01 5.849717776101993156e-04
-2.376206232489948000e-01 3.420980337595413219e-04
-2.372513507006696887e-01 2.496872950028107638e-04
-2.368305777598857798e-01 2.153975308387708737e-04
-2.367540482019145076e-01 2.651921783387130782e-04
-2.364611732332646266e-01 3.063009721486866020e-04
-2.349460924772465154e-01 3.020081779049079676e-04
-2.349335933067859816e-01 1.846854646860711954e-04
-2.346157234072186459e-01 2.097425477236205670e-04
-2.345587396883593578e-01 3.048677275861131101e-04
-2.336091084061135414e-01 2.453616251137830410e-04
-2.335406913114951022e-01 2.217963128191464701e-04
-2.328113320495319161e-01 3.040363227684184252e-04
-2.315039654437358874e-01 1.919854392090290492e-04
-2.308860324485365600e-01 2.573170521177150540e-04
-2.302954654759866993e-01 3.045344081849928812e-04
-2.299818626450125802e-01 2.378700870889224699e-04
-2.296218387304439223e-01 3.738958469807372926e-04
-2.287360906099913938e-01 2.572242878557233774e-04
-2.287181938812144766e-01 2.869510020160936968e-04
-2.285309991013483033e-01 2.838145899149732243e-04
-2.274053596687356515e-01 2.160579733297305022e-04
-2.271993094894297627e-01 2.375382824123344321e-04
-2.269016311099797401e-01 2.712078358899214963e-04
-2.266681516589049150e-01 3.087298749179307389e-04
-2.262273588059717233e-01 2.346849736416167711e-04
-2.255884314501049037e-01 2.855086300186757023e-04
-2.255646918426595371e-01 2.342895687369969161e-04
-2.251109695095825369e-01 2.388263251569401982e-04
-2.247215532941520266e-01 3.482051798911746333e-04
-2.244984557595199326e-01 2.738839702075222251e-04
-2.242693795617309582e-01 3.209066022896046172e-04
-2.239784123478487099e-01 2.436182691690613321e-04
-2.233761821335127351e-01 3.004960947199252397e-04
-2.230109402411040997e-01 3.874521391536658475e-04
-2.218463280612690547e-01 3.421027330984318391e-04
-2.204817678173386641e-01 2.125081856028250256e-04
-2.204715088909065257e-01 6.473415851683873325e-04
-2.202351112966538793e-01 2.362877667970529464e-04
-2.200387319128344343e-01 2.595702765546639181e-04
-2.198234217385926503e-01 2.415307469631398332e-04
-2.197377570876535846e-01 3.148763073773104657e-04
-2.193536164459375937e-01 2.898108271833262214e-04
-2.191051709372148770e-01 6.721469979612342514e-04
-2.190825708167046526e-01 2.464539490352486554e-04
-2.186273427409844705e-01 2.875075204006951354e-04
-2.184850423052626389e-01 2.475786608233076212e-04
-2.181998065464877679e-01 5.088072950373355007e-04
-2.180883996091368959e-01 2.263975842272250366e-04
-2.180048236923141092e-01 2.665786182887745163e-04
-2.180040468000688236e-01 2.817666910147953235e-04
-2.165187600824943492e-01 2.664174088845477689e-04
-2.157955734384744972e-01 2.034670160476760277e-04
-2.153313428496518023e-01 2.092173066762200221e-04
-2.140494213394084078e-01 2.557785667180189921e-04
-2.140429945759159958e-01 3.493268571417277213e-04
-2.138371681789009715e-01 2.180147494937437777e-04
-2.125118630349599191e-01 2.593465769577281009e-04
-2.122022911612986285e-01 3.098846257394187388e-04
-2.120910996528296288e-01 2.627854320734524548e-04
-2.112047505976608619e-01 2.305968886629423454e-04
-2.111150430257924537e-01 2.037337153421093280e-04
-2.109492177449120431e-01 2.802717780871518522e-04
-2.107573511669718347e-01 3.230069743080773363e-04
-2.103446488450670115e-01 2.564013230389475479e-04
-2.096818303387736337e-01 2.529723596065161853e-04
-2.088430335294583773e-01 2.130279524804859948e-04
-2.081841246607327167e-01 2.568112558058718376e-04
-2.069895481939727500e-01 3.566070403082172093e-04
-2.069683327692974917e-01 3.624802454978671377e-04
-2.069233948939978307e-01 2.725757052750044118e-04
-2.067610157093129342e-01 2.438048261903075188e-04
-2.066339705207076993e-01 3.101528570138037898e-04
-2.065593422357392406e-01 2.539768902191580965e-04
-2.065128761910225152e-01 3.448344165713720412e-04
-2.065080997889340853e-01 3.307099619730875534e-04
-2.062511675151515178e-01 2.275804059821593349e-04
-2.052377548837927279e-01 2.764638141861611035e-04
-2.050360326878626904e-01 4.617545444805055336e-04
-2.050311329896144230e-01 3.680801940630782287e-04
-2.048986967894075861e-01 1.683548375629767460e-04
-2.042195180481526096e-01 2.910481642172768981e-04
-2.037460003758029548e-01 3.262280724903309252e-04
-2.033161668142491607e-01 4.580871155836472881e-04
-2.027852794990037122e-01 4.457598330309897822e-04
-2.024934567513045347e-01 2.572148669713566517e-04
-2.021377934212940930e-01 3.179578950468757046e-04
-2.020416317540196238e-01 2.680569405829726429e-04
-2.014396392228887944e-01 3.193412001219478802e-04
-2.012924211751784265e-01 3.815279911885726197e-04
-2.009556309745950675e-01 2.675074297611181842e-04
-2.005452534036254175e-01 3.569400238375964826e-04
-1.994240871855142427e-01 2.465206388476442372e-04
-1.988113678579435384e-01 3.055691701419677359e-04
-1.986958963262979994e-01 2.189832015254593116e-04
-1.986836784636036024e-01 2.562965432663303462e-04
-1.981629683748503956e-01 2.787068064796207538e-04
-1.974848451230907798e-01 2.509688157375856749e-04
-1.961690682903435845e-01 2.020040881578380573e-04
-1.961485217252271762e-01 3.239500021776543651e-04
-1.954678451416875795e-01 3.664190227589515596e-04
-1.951533255000224565e-01 2.570329776548082668e-04
-1.942652724137815534e-01 2.390761834539837608e-04
-1.941827660989636772e-01 3.127760455708848632e-04
-1.937762841053987939e-01 2.936263307883146649e-04
-1.937116606361443116e-01 3.257482370211718940e-04
-1.934954554078088529e-01 3.023896098352709533e-04
-1.927483155049090069e-01 2.450269599126529674e-04
-1.924903079742151801e-01 2.743978157749267857e-04
-1.924870766448476544e-01 3.231514299930330790e-04
-1.906274733223888296e-01 2.208247538548199296e-04
-1.880991056335368505e-01 3.010976152722988830e-04
-1.861770452992518032e-01 2.360402194857206919e-04
-1.857144049042344924e-01 3.084843968321008536e-04
-1.849924358341331621e-01 3.315255814854849202e-04
-1.844790014064225658e-01 2.854948852752973651e-04
-1.839582670473317305e-01 2.818665424831098940e-04
-1.837745064487961433e-01 2.638714492612199633e-04
-1.832988049763970562e-01 2.335158728160327221e-04
-1.829004308820703917e-01 2.082876189444240404e-04
-1.827399032675778023e-01 3.206374454435814074e-04
-1.822258300248195406e-01 2.754841625478177017e-04
-1.821025621002425599e-01 2.700270432393388079e-04
-1.819149891077734005e-01 2.687116915202930503e-04
-1.816591499356525197e-01 3.921394372969059421e-04
-1.815023856900032373e-01 3.162089161411211959e-04
-1.803147356932509604e-01 2.343111896228043428e-04
-1.793669516905340711e-01 2.377319834629875383e-04
-1.791574067285651439e-01 4.810623436381630466e-04
-1.786057769200856404e-01 2.753975996606144376e-04
-1.778178601693283234e-01 2.894819865280246515e-04
-1.776172551198121896e-01 3.106363020215250161e-04
-1.774383268431729554e-01 3.531373345036250525e-04
-1.750220938723782704e-01 2.130376651797889493e-04
-1.748164911835882740e-01 2.926354309476527455e-04
-1.739818783401519409e-01 3.504412454207732775e-04
-1.736970716374985624e-01 2.345527331486850313e-04
-1.736534465265394400e-01 2.607429718841933544e-04
-1.733099847408378358e-01 8.957137492837785988e-04
-1.727452377770249958e-01 2.724554126233073815e-04
-1.727313613633482403e-01 3.039566143698284773e-04
-1.722826685164972338e-01 2.251242528597266414e-04
-1.719255857071449178e-01 3.382396996011070248e-04
-1.713928485309739180e-01 3.244634035811635379e-04
-1.711173903977757926e-01 3.851614589744289051e-04
-1.710539931811611847e-01 3.504741447655771087e-04
-1.710458914651931117e-01 3.074199106740588055e-04
-1.707633642796197448e-01 2.673930327555860509e-04
-1.707375014976334482e-01 2.932075901016755045e-04
-1.703941095058846000e-01 4.657851889550626155e-04
-1.695895964495051367e-01 3.636223592338487997e-04
-1.683262626779169213e-01 2.410724389825101717e-04
-1.681625389465038201e-01 4.704112983874184583e-04
-1.680282204907554144e-01 3.839659564948611804e-04
-1.677519065193311398e-01 2.161124685470434427e-04
-1.675772847912672392e-01 3.688116035318351614e-04
-1.659800819366160640e-01 3.459647643388078864e-04
-1.656829387298805745e-01 2.907915348602419132e-04
-1.653585360150136296e-01 3.783416581011080884e-04
-1.652456729592613471e-01 2.822742497290530307e-04
-1.650842862640046482e-01 2.461648990236017082e-04
-1.647038150260869693e-01 4.567103636674265592e-04
-1.646126385694632044e-01 3.021699681577328842e-04
-1.643562603544478917e-01 2.493103246848549942e-04
-1.641672463393342163e-01 4.906582444919558054e-04
-1.640867901056228262e-01 3.476185372344415625e-04
-1.633907614335411984e-01 2.434823564495212911e-04
-1.630676950264318137e-01 3.039525987358871156e-04
-1.630414795468214384e-01 2.467811868853884115e-04
-1.625806282529945190e-01 2.594650662393136863e-04
-1.623381119210609014e-01 2.196175594447034483e-04
-1.621417349072764857e-01 2.302865642576372072e-04
-1.619474342627427732e-01 3.383806163140405427e-04
-1.619371365719559364e-01 5.385257820908876964e-04
-1.614924641567203056e-01 3.505024503534091189e-04
-1.613992068971505101e-01 3.278759434400549074e-04
-1.609561066706279020e-01 2.723134640945488625e-04
-1.605666162318996337e-01 4.973897401489390906e-04
-1.604240655156951023e-01 2.280708371969561866e-04
-1.598602498512489145e-01 7.682233988258926199e-04
-1.595414515005850464e-01 2.614893250274141659e-04
-1.583036226279704028e-01 4.532502665036296425e-04
-1.581466959476413581e-01 3.712327810718052011e-04
-1.580503982482067138e-01 2.673607417768646653e-04
-1.579985849309027690e-01 3.441824464848531641e-04
-1.573173980124321913e-01 2.709565083218583867e-04
-1.572202753300213363e-01 2.762685906809869024e-04
-1.571866491124261633e-01 4.062822605605779938e-04
-1.563779755503271751e-01 2.486645024896021769e-04
-1.561692965422899204e-01 3.161826525325631696e-04
-1.561534373319491686e-01 2.268659152888814745e-04
-1.560823995523992480e-01 5.329067095372862217e-04
-1.552009714911593563e-01 1.880777425232126564e-04
-1.544480796851640247e-01 3.117535336303466249e-04
-1.541806796657767820e-01 2.993147000150709887e-04
-1.540792486948626694e-01 1.930566157411893620e-04
-1.539923232247829565e-01 2.644102823092429563e-04
-1.538790500736522404e-01 3.150657857826482115e-04
-1.538130555229315355e-01 3.209235211009005793e-04
-1.532703847851025758e-01 3.457266640932203324e-04
-1.532592619976547721e-01 2.896150250480106062e-04
-1.528067385547267343e-01 3.446252671632117344e-04
-1.518787136922227221e-01 5.110043743538221538e-04
-1.517770455203915070e-01 3.009678345083883566e-04
-1.515434165118456356e-01 2.756626729473113510e-04
-1.512978080093480560e-01 6.605545717569571464e-04
-1.509076686607727369e-01 4.435882141042669447e-04
-1.506890141046577092e-01 3.554535204926832282e-04
-1.503772105924571778e-01 2.556783715783633617e-04
-1.498870113228495116e-01 3.650766148770269925e-04
-1.491245434869487851e-01 2.927477420883863946e-04
-1.488557924918028907e-01 2.290393749780832524e-04
-1.487684401472518791e-01 2.212821351354284278e-04
-1.483706020130656222e-01 4.652067677247997122e-04
-1.482831183631081184e-01 3.012130395101854244e-04
-1.478922350281409170e-01 2.708247362510774327e-04
-1.478381165611376835e-01 3.880453390870275561e-04
-1.474230929333801565e-01 2.695962166816073206e-04
-1.473981105122405821e-01 3.458110229327827478e-04
-1.470412915043803614e-01 3.518132495495557440e-04
-1.470244528841313791e-01 2.143114161181662526e-04
-1.464866684109212003e-01 2.683486722049427636e-04
-1.451273770415408559e-01 3.218357033121806003e-04
-1.451054404861932545e-01 3.923684486736758303e-04
-1.449796288731706462e-01 2.892314981357301299e-04
-1.447900467984393202e-01 2.094990007606174884e-04
-1.447679554067736185e-01 3.196918829006665163e-04
-1.445311748722126477e-01 6.122951225761192901e-04
-1.444066568283084717e-01 2.557963714216521982e-04
-1.438117017119338592e-01 2.822980903573486648e-04
-1.427436990979113751e-01 2.275556493360416949e-04
-1.425063708417664554e-01 2.606774230372948219e-04
-1.419356956371235490e-01 3.050190857744603033e-04
-1.418090222623187846e-01 3.211391913432034510e-04
-1.411090753577707857e-01 2.780281640811396141e-04
-1.410714213310264864e-01 2.058049851256048128e-04
-1.410190397195970613e-01 2.650990171579570526e-04
-1.406192940622159049e-01 2.781375172136884059e-04
-1.405996273508351990e-01 2.519854535454313892e-04
-1.394764056646188854e-01 3.429690202190453937e-04
-1.392965125331409870e-01 3.241066491164257073e-04
-1.391306880529144252e-01 4.149363840681947546e-04
-1.389839574891596485e-01 3.018492523168741842e-04
-1.389782491239307249e-01 2.412035625595563399e-04
-1.383742054049549031e-01 2.287621619303507501e-04
-1.379914350038788096e-01 2.846080603408884238e-04
-1.376676680386824947e-01 2.588866328210522884e-04
-1.368360630768833686e-01 3.217975687646138254e-04
-1.367873619019017717e-01 2.985991699495956614e-04
-1.366862571496252898e-01 2.095630082254127682e-04
-1.365664578446700861e-01 2.438863945657790183e-04
-1.365365974847956021e-01 3.108072163904055610e-04
-1.358933069897082790e-01 2.364164724093744036e-04
-1.358324491656105470e-01 3.236583898417781050e-04
-1.355252079138021537e-01 2.160273243970870297e-04
-1.350001818074845483e-01 3.283282886522937089e-04
-1.349357884462642487e-01 2.438922454699354772e-04
-1.344970445703696227e-01 3.533708960782008844e-04
-1.344755625813285060e-01 8.275572082637037323e-04
-1.344514381277325255e-01 2.860781409929189401e-04
-1.341087070548788729e-01 2.868453032899542766e-04
-1.334586010312438231e-01 8.944352718968656560e-04
-1.327622916071568016e-01 3.833533930219727823e-04
-1.327085379083945971e-01 3.725568165930487840e-04
-1.322901309160844641e-01 3.441727833304151921e-04
-1.317358914654030988e-01 2.750181079401356997e-04
-1.313756396820084660e-01 3.092546574688280416e-04
-1.308760573364677327e-01 2.578018110714867675e-04
-1.295704221142680301e-01 3.940081543726009104e-04
-1.294444426491931366e-01 3.246871399887819496e-04
-1.292876868260864620e-01 2.476720390594094575e-04
-1.291243159602743218e-01 3.072425264259429816e-04
-1.281875118936489089e-01 2.249533592465353374e-04
-1.280811630730177564e-01 2.439341753645530512e-04
-1.279644995931915885e-01 2.501741685807169660e-04
-1.277084839266931504e-01 2.233423000966001752e-04
-1.276072766868512620e-01 2.592791291790175353e-04
-1.275038843469343264e-01 4.487076166827130451e-04
-1.271123088072694529e-01 2.092381878941627579e-04
-1.265471962207651568e-01 7.154871842367417504e-04
-1.264207063169701939e-01 2.579864306062712139e-04
-1.264059349759470152e-01 2.664246742825684424e-04
-1.259032856400514599e-01 2.659020124739486213e-04
-1.258354642749882069e-01 2.952349695563178940e-04
-1.255846219660799457e-01 2.053188847470812501e-04
-1.254982912571837861e-01 2.707331177803020024e-04
-1.250519340741850227e-01 3.112865154706114814e-04
-1.244286045856144995e-01 2.756344832836174681e-04
-1.243904815933330743e-01 2.277488902006937334e-04
-1.243050691197774282e-01 2.933162461896459349e-04
-1.238908588354824397e-01 2.606057977773550984e-04
-1.237900588188088485e-01 2.057477070124493932e-04
-1.237161720352858568e-01 2.414902488519884342e-04
-1.236483557039392278e-01 2.561696417412473209e-04
-1.229901595940372100e-01 2.316217789716794480e-04
-1.222674908966881330e-01 2.860709568214863307e-04
-1.219489907415373803e-01 3.082392780514629587e-04
-1.213523143178691782e-01 3.737597635371974272e-04
-1.200186121729637651e-01 2.130671640374333473e-04
-1.197582949720071288e-01 3.628470650724404550e-04
-1.196917844174984341e-01 2.808851956827379493e-04
-1.191708154170895012e-01 2.322389926411096443e-04
-1.187400344279919695e-01 3.566891424966634350e-04
-1.182237686756129891e-01 3.116201634769480444e-04
-1.177251866989397350e-01 4.121163312761253156e-04
-1.176205957903812410e-01 2.836584925677627825e-04
-1.175882869358203797e-01 2.920263147409315314e-04
-1.165395803435945177e-01 2.738673743163433415e-04
-1.161174019564672338e-01 2.720190020852029673e-04
-1.158647760217284411e-01 3.585160513334553030e-04
-1.155141957390251467e-01 2.518784203831858659e-04
-1.147587835157592717e-01 2.771584526282129643e-04
-1.146504460587631224e-01 2.351213461960937115e-04
-1.145816250241547540e-01 3.224044107056911208e-04
-1.140983587587070941e-01 2.516110240884163207e-04
-1.138483158871793077e-01 3.237228371462326265e-04
-1.131661188216538522e-01 4.266750055339726434e-04
-1.128334640639619690e-01 2.866332417050353317e-04
-1.117943359785517066e-01 2.969688777169567800e-04
-1.111889148827755747e-01 3.235705283608768267e-04
-1.110097958940011592e-01 2.624908435672817174e-04
-1.109924295285455997e-01 4.087780802207065375e-04
-1.108835241522142662e-01 2.493686679288447490e-04
-1.107823950347666120e-01 3.256661354356830767e-04
-1.107320844553611877e-01 3.347579852808416491e-04
-1.101159732003460096e-01 2.890799100351905166e-04
-1.092794829071931928e-01 3.852309648751612919e-04
-1.082652295727205560e-01 2.654667068513515485e-04
-1.082005998673702674e-01 2.364918119670917306e-04
-1.080617876224496676e-01 2.705859161433699870e-04
-1.075320883644198811e-01 2.748568326456483652e-04
-1.074834045702828950e-01 2.950351973116097830e-04
-1.074549060983278070e-01 3.072814802764237347e-04
-1.069888480061756825e-01 3.761613186130502418e-04
-1.067572641155701690e-01 2.199403068492148316e-04
-1.066972701567892451e-01 2.505527733831938264e-04
-1.066623618863134088e-01 2.333155741254123842e-04
-1.056176555782272486e-01 2.314438834850681846e-04
-1.044781724036646930e-01 2.627053077483749196e-04
-1.043493895896579343e-01 2.746213486660686854e-04
-1.040775610915499749e-01 2.843524944882927920e-04
-1.040671612346980995e-01 4.213245485951884754e-04
-1.037457882607680792e-01 2.006242068031329363e-04
-1.029098176460331027e-01 3.503970267105443797e-04
-1.028389374420781294e-01 2.680400282251113099e-04
-1.020883822087492177e-01 2.873565374210139455e-04
-1.017242599649098717e-01 2.515152192896101860e-04
-1.016504570409790253e-01 3.052907617311098284e-04
-1.012067378735316964e-01 3.938074783917018280e-04
-9.966157368638292602e-02 1.954551621440423924e-04
-9.965742596091532735e-02 2.378945284799946795e-04
-9.962602716936448666e-02 2.299390211831834848e-04
-9.849984208438754274e-02 2.821544574469504458e-04
-9.776552961372503292e-02 2.616098698068359814e-04
-9.690018445898222754e-02 2.312458499582362658e-04
-9.634950850302820280e-02 3.137890574164251575e-04
-9.625173657506576330e-02 3.398996654107375301e-04
-9.556952278562851066e-02 2.550142625550782865e-04
-9.523497183572009195e-02 2.478460863902186805e-04
-9.500426629949972057e-02 2.750298616941757967e-04
-9.498517617211678365e-02 3.475045970430870059e-04
-9.457794360690591207e-02 2.201138982429607499e-04
-9.386257032711695092e-02 4.177567089186671264e-04
-9.355870565569107677e-02 2.845650666643290290e-04
-9.314195641594667785e-02 2.684354823447501607e-04
-9.305953894959891060e-02 2.657496647783965217e-04
-9.263287034240028084e-02 4.085184953621825554e-04
-9.212349909784470214e-02 3.747954303838875239e-04
-9.171855786776855757e-02 2.120509415851666926e-04
-9.148799437992176375e-02 3.631238898135442168e-04
-9.061568154800217489e-02 2.313979435018385814e-04
-9.000836517808764869e-02 2.461017791633896045e-04
-8.969216224334027043e-02 2.950639017456574507e-04
-8.903279915973863479e-02 3.075864084043889129e-04
-8.847592809504409295e-02 3.621283966360951969e-04
-8.707459728335867344e-02 3.431945168988993419e-04
-8.644464306220628336e-02 4.227190981761164363e-04
-8.611135165757856369e-02 2.677553833529118066e-04
-8.601123532961582607e-02 2.484017168477339866e-04
-8.560841679003389215e-02 2.635770364981257301e-04
-8.531380168265229047e-02 3.147297737057708125e-04
-8.517489409077154405e-02 2.567688753501695654e-04
-8.392146178097065201e-02 2.465414808284878889e-04
-8.314105789179587758e-02 4.071415187620167661e-04
-8.279371492230840068e-02 2.992669069738883173e-04
-8.207598342539113023e-02 2.652373854410474416e-04
-8.193282091714958193e-02 2.568717637345252621e-04
-8.072386160427254265e-02 2.480578509920072089e-04
-8.065669887529355875e-02 2.982703802397283234e-04
-8.049475635989004896e-02 3.161277904187246440e-04
-7.999058166150795068e-02 2.451105275327764032e-04
-7.987202509829569030e-02 2.398329907157055083e-04
-7.975578773241084884e-02 3.062128667419017087e-04
-7.917416516866331022e-02 4.683822252182277368e-04
-7.883577492296120481e-02 2.781792048046254962e-04
-7.878402893089529735e-02 3.441373317794040282e-04
-7.857348080744142038e-02 2.400531664595751552e-04
-7.848858649150719513e-02 2.534699686718242125e-04
-7.839188634396920818e-02 2.536084550731421486e-04
-7.808019616010353214e-02 2.731410449632341105e-04
-7.801712751878631114e-02 2.901004213353331092e-04
-7.733818001309615553e-02 2.827971669045904594e-04
-7.697329724893833824e-02 3.079257609186805125e-04
-7.689585458039617516e-02 2.582132169114897762e-04
-7.532904970914419684e-02 2.939309962644805533e-04
-7.530258202586485872e-02 2.450294834849605784e-04
-7.520731481094865278e-02 2.694939647481194890e-04
-7.519961968912175498e-02 2.425877573036506433e-04
-7.495153465728400521e-02 2.306441497921653077e-04
-7.464870959541999862e-02 2.942081254496292674e-04
-7.376821456282363354e-02 2.511899995994683267e-04
-7.351913460877303186e-02 2.828850347437633400e-04
-7.306834763375759378e-02 2.336400738301681000e-04
-7.293337381662923224e-02 2.315281494626570096e-04
-7.246630016891714154e-02 2.730421421036052830e-04
-7.236097637432982455e-02 2.715647191096595323e-04
-7.214851478304473709e-02 3.056139656116288938e-04
-7.165663877622041600e-02 2.744639345412140186e-04
-7.089500824037922588e-02 2.774786366844428538e-04
-7.043592217096066033e-02 1.952333740091319390e-04
-7.036277866611415077e-02 3.485542691673377755e-04
-7.022629513732805973e-02 2.685020538496025642e-04
-7.008967462530869830e-02 3.281022441500817000e-04
-6.938516674875186419e-02 2.629846886348907709e-04
-6.904459992103695321e-02 3.395229101576879654e-04
-6.873389029751146573e-02 2.557098113442942810e-04
-6.846957378215089152e-02 3.967500048242778802e-04
-6.832465276800739340e-02 2.701501020498936348e-04
-6.818642708220690185e-02 2.548791887006805800e-04
-6.813583640615389347e-02 2.600532561903321849e-04
-6.765234125386770936e-02 2.501093991533476224e-04
-6.742471481940776057e-02 2.145847726029870436e-04
-6.732529927011102200e-02 2.520912255587990378e-04
-6.640776505381704164e-02 2.943896588740955718e-04
-6.568259353431223080e-02 3.693249175855168221e-04
-6.476311313805895031e-02 2.044073082869526437e-04
-6.420846681788590360e-02 2.567772428018503194e-04
-6.351851760377463796e-02 3.026284088386935753e-04
-6.349351996509702833e-02 2.611047222621268554e-04
-6.348058956565365285e-02 3.541544472650451749e-04
-6.295800322114317171e-02 3.255367838475991009e-04
-6.286216923570832338e-02 3.594110219314120003e-04
-6.186061856160118833e-02 2.226851522601386063e-04
-6.172737087885896146e-02 3.976766575935745019e-04
-6.103774021557344109e-02 2.431277346480571419e-04
-6.048928793921552749e-02 2.299320128118737612e-04
-6.039481819332687823e-02 3.989374726873310957e-04
-6.037927320820290350e-02 3.380210467430025704e-04
-5.992266789888939932e-02 2.591470667915504711e-04
-5.985275459429517664e-02 3.721770634662900689e-04
-5.975995143911914248e-02 2.038116889029897795e-04
-5.954382774484575508e-02 3.147524568032102326e-04
-5.950349257175196332e-02 3.863535109673710949e-04
-5.914417435342268770e-02 2.324889098038920420e-04
-5.820959142889235022e-02 2.744337654687340595e-04
-5.796667296198765307e-02 3.432977605879370363e-04
-5.749389182707293627e-02 2.329744580631043971e-04
-5.747618953672538333e-02 3.014272233768053874e-04
-5.708253349409180000e-02 3.207658235522261258e-04
-5.707943016828175703e-02 1.854269826878700517e-04
-5.692675059812685873e-02 3.762962133569572407e-04
-5.664395994969814024e-02 2.527407348817148846e-04
-5.640011248914954256e-02 3.030119176599324203e-04
-5.619510886082584866e-02 2.193776956384590375e-04
-5.582797781645165713e-02 2.193636610418464583e-04
-5.571342903019743664e-02 2.289198394898332343e-04
-5.544312139856479027e-02 2.511369456563228362e-04
-5.412305667589371871e-02 1.955830202508600582e-04
-5.395468072421490818e-02 3.643664842486740111e-04
-5.376020379188557047e-02 2.411719914316780050e-04
-5.358782307065462075e-02 2.852605846881603718e-04
-5.352863816878919434e-02 3.476264952042920370e-04
-5.195429861702343527e-02 2.406134300711671912e-04
-5.179001077727012070e-02 2.927405264769898175e-04
-5.137519822520859175e-02 2.825327303404021398e-04
-5.120720914598193840e-02 2.491462921874567954e-04
-5.088500855596708727e-02 2.608239574969221691e-04
-4.821537382633694913e-02 3.642601281539444729e-04
-4.740538132997473841e-02 2.794211752256497657e-04
-4.734444133089846241e-02 3.401527404741899719e-04
-4.709701278599455476e-02 2.744157757987444944e-04
-4.707859807778431993e-02 2.814774031900630713e-04
-4.693225349171228911e-02 3.990147341300139395e-04
-4.661612301861608326e-02 2.934367069556678893e-04
-4.646115831632270654e-02 2.593380690067955741e-04
-4.617525602928869433e-02 2.552075404686134650e-04
-4.612383160355128936e-02 3.207722319604242684e-04
-4.463138116120596299e-02 3.580334853408301396e-04
-4.430490457670267085e-02 2.535135417336236417e-04
-4.425445753694279283e-02 5.507131497208958212e-04
-4.411842661564872176e-02 4.029482223164075031e-04
-4.382254624657464653e-02 2.731631413193229296e-04
-4.370545522350229029e-02 2.137557979476887888e-04
-4.348785595594469033e-02 3.574306202790827067e-04
-4.338957830493354179e-02 2.506875615567787595e-04
-4.330509386234380337e-02 2.732690936785021050e-04
-4.282843591126291732e-02 2.483557400093405515e-04
-4.223977945062836609e-02 3.108802949632438035e-04
-4.208037046369372119e-02 1.743646247934627753e-04
-4.195155731286659417e-02 2.953678726775718004e-04
-4.191636850970831274e-02 5.217960732169875295e-04
-4.162578805977215635e-02 3.080437912192142023e-04
-4.147482904734461212e-02 2.551251205006701325e-04
-4.142732868176441513e-02 5.555314318272602065e-04
-4.132249309458661118e-02 4.859147956540757160e-04
-4.099596348309229865e-02 3.315299377914527322e-04
-4.056223454361499586e-02 2.165755365030882043e-04
-4.041986057377171260e-02 2.794922038852302049e-04
-4.019236564692826169e-02 3.106622579666815597e-04
-4.011795489259448177e-02 2.282062667225487004e-04
-3.947792995656473902e-02 1.913886215944496502e-04
-3.941467444624819488e-02 2.555569962505709080e-04
-3.913462680181957476e-02 2.840430917219571687e-04
-3.897167820858597059e-02 2.944219158907756075e-04
-3.819304617765163085e-02 2.908147007254370639e-04
-3.770612372727467909e-02 3.001833175608080895e-04
-3.762025026413686607e-02 2.875606060161575218e-04
-3.628181852523146289e-02 4.616671173940860664e-04
-3.610429532880226472e-02 3.137207624004768685e-04
-3.551771246036317109e-02 4.161364386191729933e-04
-3.521966975758857726e-02 2.038609771419188277e-04
-3.476965649537836628e-02 3.077902410103642325e-04
-3.447225896421515084e-02 4.946108264345717466e-04
-3.397429175845947252e-02 4.498636379690516634e-04
-3.354914986779877067e-02 2.694583961519086751e-04
-3.232084081046238122e-02 2.584756035223982704e-04
-3.204761752057944113e-02 3.010308266507896865e-04
-3.178018344458748146e-02 3.332299951072738081e-04
-3.142618758575810994e-02 3.106713258234310550e-04
-3.132418239250747000e-02 2.669328499331223071e-04
-3.131666151437296347e-02 4.111064911345021036e-04
-3.038586392079603571e-02 2.532005761754690183e-04
-3.025621053659792448e-02 2.973053655889481531e-04
-2.993145563404329274e-02 2.831158225783139107e-04
-2.960859218704122581e-02 2.418268832571048238e-04
-2.866979398099071125e-02 2.162348367636104853e-04
-2.864416294639935551e-02 5.333247255352222384e-04
-2.854541702721137900e-02 3.466472574310081002e-04
-2.802628058761580040e-02 2.614286271264230216e-04
-2.765835727939450206e-02 3.079330342110821899e-04
-2.663237950877932886e-02 3.526524485477727745e-04
-2.536807383258300047e-02 5.330792499068793665e-04
-2.504223356938903994e-02 2.251911983378559513e-04
-2.461601419490590595e-02 2.570867141285826689e-04
-2.430324696332912190e-02 2.106918588792445731e-04
-2.387318746749131013e-02 2.477017190334413138e-04
-2.377843319805503924e-02 2.278417908914276554e-04
-2.360206687554517943e-02 2.226032058878123698e-04
-2.318665852702801386e-02 2.740127895272769084e-04
-2.285849934626563162e-02 2.965737035139881755e-04
-2.279681508010763386e-02 2.760100277851476993e-04
-2.260174015784276874e-02 5.892676316173970372e-04
-2.217579467154423209e-02 3.337174423217846987e-04
-2.211345691908937067e-02 2.973462817284522352e-04
-2.209548182079388440e-02 5.438471594603305455e-04
-2.199021541908448632e-02 3.151838846062458063e-04
-2.176556590263994603e-02 2.568007977274049201e-04
-2.167283587859701599e-02 2.841572717862289360e-04
-2.093633186922407713e-02 3.453662877412763893e-04
-1.948126945326839402e-02 2.211309984910027077e-04
-1.928215824763024333e-02 2.612787596111263203e-04
-1.889814798916927482e-02 3.867570620810786104e-04
-1.790713792746437966e-02 4.654561617921962823e-04
-1.749202330496521865e-02 3.802036220167630395e-04
-1.692651233048775641e-02 2.782262595253096244e-04
-1.671629900581844339e-02 2.624836232180106596e-04
-1.660509680272008112e-02 3.331317748051126665e-04
-1.639073512213327227e-02 3.332290816839769015e-04
-1.635003549373138104e-02 2.473579140884501386e-04
-1.622119481990364279e-02 4.255174646724569644e-04
-1.607187082886041632e-02 2.817262198768773858e-04
-1.585138176028816348e-02 3.172908504511892007e-04
-1.569854279596411342e-02 4.995669509846690582e-04
-1.540628165201350999e-02 2.638281572792058492e-04
-1.490171587648019512e-02 2.409562057739353955e-04
-1.465864796496108881e-02 3.631038138263096562e-04
-1.446440809424570650e-02 4.809235820299198280e-04
-1.429018436806812030e-02 2.751317837588803522e-04
-1.364739639236089465e-02 2.507980547882752011e-04
-1.319134152811252125e-02 2.682925251275060938e-04
-1.285749007929060279e-02 3.975626776012515973e-04
-1.231655005177319587e-02 3.813531458779070502e-04
-1.198267821464260932e-02 3.830728857530885860e-04
-1.187925897666602601e-02 2.835143797311997279e-04
-1.156349982428536531e-02 2.528317440365500553e-04
-1.134042246124824550e-02 3.547035061704765678e-04
-1.118834832752474417e-02 2.534431478358967421e-04
-1.084046608751210519e-02 2.645985595639851031e-04
-1.055949301831955733e-02 3.208409528748703415e-04
-1.047452539347580591e-02 2.591644503847335642e-04
-9.847788373526945166e-03 3.041285079152241744e-04
-9.467167624397802850e-03 1.894033387503335454e-04
-9.216263545151129680e-03 2.553392093797036684e-04
-8.245297593906769640e-03 2.803490557651918845e-04
-7.169386951744577928e-03 2.631315971022550083e-04
-5.984814018036732457e-03 3.588583644148712025e-04
-5.943563182195768686e-03 2.742965926463638324e-04
-4.869167699279432736e-03 3.135694470695684103e-04
-3.693927349612531261e-03 2.462015479326321921e-04
-3.370381953169863769e-03 3.422200254004888545e-04
-3.203754401792634383e-03 3.103607583671120856e-04
-2.628274216171315545e-03 6.328174789292693265e-04
-2.342953166136392453e-03 2.975906029905870699e-04
-1.696131886401163217e-03 2.409838201588855285e-04
-1.486952735748522806e-03 4.519965100288218839e-04
2.274080219242806573e-04 4.136669185493439880e-04
2.461189622132409736e-04 2.784884294005433554e-04
3.235155001512919864e-04 2.751873569309956440e-04
3.608225509633977441e-04 3.735976074956529926e-04
5.571548189224820443e-04 2.951528038948694776e-04
2.076307629507851121e-03 2.260639352280618844e-04
2.123942643080628436e-03 4.404534848135430907e-04
2.417550911947493296e-03 2.625876146905731798e-04
2.425188955000216490e-03 3.032922301678665192e-04
2.622779606977005979e-03 2.717030694972099995e-04
3.047113309022401583e-03 2.411394751185168999e-04
3.083371594803182951e-03 3.624077735682152096e-04
3.133058020013701830e-03 2.878493129215847096e-04
3.518106343956005182e-03 2.558390847709390761e-04
3.622788313538715874e-03 4.022742897136892277e-04
3.976306587461454246e-03 3.187095113334316790e-04
3.988488523347358608e-03 2.528115947462469099e-04
4.299735156493086560e-03 6.578099539324846297e-04
5.898341633755928466e-03 2.458812500974973852e-04
5.920658774403369205e-03 2.948109660235554786e-04
6.299273870195879962e-03 2.409610930101740382e-04
6.600573328800997050e-03 3.476917845807704849e-04
6.840272385518896860e-03 2.848719628390163788e-04
6.942768353912747402e-03 2.443488278559935271e-04
7.843777549122849316e-03 2.713440379811459208e-04
8.154867213426036932e-03 2.873003788640871199e-04
8.661706643041611198e-03 3.857685168466429412e-04
9.293425716685455029e-03 2.049555414962636189e-04
9.707137178842762879e-03 5.892443163689200462e-04
1.006863027635825254e-02 4.556166135193803150e-04
1.073636259210136897e-02 2.853325204541985760e-04
1.101335481927240637e-02 2.836180307764696101e-04
1.139286497309315027e-02 2.761393545044611665e-04
1.184494966938744176e-02 3.309297917280054646e-04
1.236359005310485627e-02 2.760018641773373310e-04
1.401630239390910110e-02 2.591355123174272695e-04
1.439219972757378556e-02 2.914398090026030261e-04
1.440242987444577058e-02 3.331434493727173057e-04
1.451573245158129140e-02 2.000606225478690015e-04
1.456677061225872087e-02 3.365151334240157181e-04
1.521867519457941430e-02 2.352722536394311471e-04
1.584884168643027613e-02 2.124534446702338014e-04
1.593234286814942252e-02 3.408660364273879604e-04
1.614811351406794659e-02 3.120015913272843489e-04
1.633177973734763547e-02 3.333673142656510407e-04
1.655038761915532744e-02 4.373173833088877236e-04
1.658472245116546576e-02 2.226843606258782648e-04
1.693490512319026711e-02 3.444016011649598109e-04
1.694212529263253511e-02 2.212477654051553172e-04
1.730020461239839893e-02 5.289893768201048502e-04
1.774421028812917314e-02 3.824840913634491879e-04
1.779755965552727928e-02 2.842795527782864353e-04
1.818338392472555742e-02 2.720919251969422460e-04
1.870631321119960166e-02 2.528555489910125527e-04
1.960637797232006943e-02 2.604260410165987714e-04
2.016497887491797841e-02 2.388041681051732677e-04
2.025523746965677066e-02 2.688937147998687925e-04
2.039192833288627077e-02 2.454817274386635897e-04
2.052499820857214829e-02 2.798472693319073142e-04
2.113610788905946961e-02 2.420631338271778447e-04
2.154488456747595537e-02 3.600994413836139125e-04
2.212701366216965684e-02 2.884833364986847878e-04
2.213127536296226328e-02 2.514813947796701765e-04
2.273670941472684046e-02 3.126281080282119888e-04
2.285170983179268811e-02 2.471290869582160304e-04
2.288903438270176519e-02 3.762466619522630796e-04
2.324683945688319278e-02 3.690432259681979805e-04
2.359912815926679119e-02 2.815128965229548165e-04
2.422471903880774394e-02 4.441223826247002893e-04
2.720579661352887091e-02 2.750145496558752513e-04
2.773256761924362476e-02 2.259873877273422876e-04
2.909439422118095808e-02 2.935702556565943609e-04
2.919188462869235293e-02 3.318670033409998527e-04
2.923500854844294713e-02 2.987777174437747070e-04
2.955974344717992794e-02 4.553165149605448983e-04
2.964149036532663650e-02 2.592579108530569209e-04
2.972331974298106014e-02 2.464177788015313713e-04
3.003301396357265646e-02 5.081899932428750278e-04
3.013347230392809245e-02 2.979585123099434056e-04
3.112489620880946536e-02 2.639011822283160208e-04
3.117575103465455508e-02 2.597244968716346794e-04
3.137143544020105229e-02 2.578690337583721087e-04
3.158092311832087773e-02 2.945932329548882388e-04
3.191399349309727990e-02 4.249521718066103675e-04
3.356326025980095606e-02 2.649559924703492712e-04
3.368463612890684050e-02 3.538151973010342883e-04
3.394421217496720877e-02 2.967965408450579166e-04
3.399533595532674979e-02 3.653149514372438155e-04
3.414732952141498468e-02 8.202286007311526423e-04
3.422541605105354490e-02 2.758426156311770514e-04
3.481789834177573262e-02 2.563470511157196524e-04
3.598823932589283875e-02 2.746388842569063128e-04
3.599366079738020724e-02 2.345189107366183021e-04
3.636239456332739789e-02 2.369342861318485803e-04
3.720400091797772951e-02 2.785415392625718682e-04
3.728155946887269645e-02 2.136439551694183190e-04
4.024816768784972298e-02 3.409829807866306584e-04
4.065091724185262989e-02 2.596325219253382182e-04
4.208741008198760986e-02 4.764870830813893094e-04
4.317474684254292427e-02 2.887356866358707533e-04
4.433449297638580866e-02 5.854661479624805737e-04
4.434058681186314743e-02 3.507716720316657690e-04
4.459065007903991601e-02 2.598938902020911054e-04
4.462106420573965643e-02 3.036073833297903905e-04
4.492003492538212267e-02 3.011868673048249088e-04
4.539047734244065074e-02 2.857673116186085520e-04
4.539656520276390966e-02 2.493621241536847174e-04
4.576637635622633066e-02 3.365853808744359707e-04
4.611314536070950515e-02 4.648425730731598144e-04
4.696176126916716542e-02 2.416851435107270660e-04
4.724289300161127469e-02 3.319078339722847772e-04
4.724963854650151424e-02 4.862465417166463326e-04
4.749421941102939526e-02 3.656936006101045621e-04
4.809383135066393894e-02 2.340376335619943264e-04
4.829511258034987348e-02 3.309497402807831581e-04
4.847227647441946369e-02 2.229599798054432457e-04
4.856071247286786186e-02 6.861195876456190230e-04
5.013830150102317751e-02 2.924350919078842585e-04
5.033284373570848930e-02 2.343991147081950265e-04
5.086015430860289094e-02 8.379076423524603251e-04
5.121557059638628950e-02 2.299739386713094515e-04
5.169832604326890513e-02 2.820568407351315625e-04
5.205785051603090130e-02 2.877156541860712187e-04
5.208232073252107991e-02 2.709438305301872102e-04
5.256819617296099034e-02 3.066254855003695476e-04
5.332290512828381096e-02 2.341646347002309335e-04
5.375386030276885913e-02 2.720472466961798477e-04
5.459127550711966731e-02 2.696785151334257454e-04
5.473857040718799888e-02 3.394110741692476954e-04
5.506427178054457139e-02 3.477241744830262735e-04
5.523652609555148446e-02 3.332959645635938189e-04
5.574090623608657369e-02 2.563969438823434765e-04
5.575369849492090718e-02 2.436292510398325659e-04
5.589384835934069207e-02 4.439842029614309428e-04
5.620148758457629151e-02 3.189390347546150559e-04
5.622688452752377941e-02 3.199046815873895881e-04
5.636198576338356803e-02 2.565782938397228805e-04
5.666309798009808163e-02 2.455230050258622003e-04
5.697548355366367084e-02 2.368086998421005038e-04
5.735823275439955182e-02 4.787848196700338348e-04
5.742388887281423687e-02 2.640679152314435204e-04
5.761869011060072321e-02 2.772045873780656445e-04
5.788609679186348250e-02 2.753116165023018259e-04
5.825136489331968204e-02 2.083129774949398839e-04
5.841827148041610351e-02 2.511427376985075747e-04
5.858467794576369819e-02 3.183446948025418083e-04
5.901596406151041196e-02 2.937038419128735946e-04
5.914409488212400007e-02 2.540035883035618859e-04
5.981369225991177430e-02 3.702653155026586055e-04
5.999746639768759743e-02 2.524649390569227579e-04
6.053280504769550929e-02 2.352874176082898937e-04
6.076881885217334106e-02 2.328525343965574411e-04
6.083069133163748754e-02 2.654583530460205782e-04
6.174003294706151973e-02 5.051303258967977314e-04
6.184574236398650282e-02 1.953588469418696594e-04
6.206484495122911726e-02 3.915217087667107756e-04
6.229231863705276401e-02 2.642152038940189006e-04
6.264833889011295343e-02 2.372760239859760434e-04
6.277371576958906685e-02 2.341261016790839361e-04
6.299841755796960208e-02 3.014389256662962824e-04
6.302315329482423290e-02 2.646863883450199665e-04
6.304320960573217558e-02 2.853457785327867405e-04
6.320762771391874590e-02 2.823027213337434504e-04
6.425046918572169252e-02 2.733213692087724765e-04
6.440021477966265118e-02 2.626262137398964035e-04
6.611883903889630154e-02 3.466317673608083818e-04
6.690423463810560301e-02 2.582345053409057663e-04
6.704638010446770102e-02 3.133240501863016991e-04
6.730956692677730890e-02 2.920648786484351250e-04
6.731390840883630378e-02 3.271093324573907881e-04
6.835413926942024432e-02 2.366608199124091807e-04
6.868468626919961573e-02 3.034876802836843817e-04
6.877207326150522326e-02 2.423390520827134931e-04
6.878191807654039647e-02 2.715215897449476919e-04
6.887224848597593707e-02 2.284121659805168415e-04
7.021424717127029702e-02 3.219509453692199650e-04
7.024224179619502351e-02 2.412039192748898267e-04
7.039591683543090783e-02 2.549205944353501239e-04
7.057845670968286578e-02 3.237755054558144607e-04
7.100298670823612657e-02 4.037836069805883564e-04
7.170257046109469734e-02 2.959964400979846698e-04
7.185315229256199199e-02 2.416268720813309439e-04
7.383771124100323158e-02 2.771942379544721285e-04
7.440659691378145868e-02 2.677226173064581436e-04
7.491266195514491300e-02 2.332499981479256839e-04
7.688619438177581034e-02 2.911462003994696362e-04
7.720355897273059598e-02 3.052571005652572069e-04
7.816019347563346598e-02 3.347486224419777352e-04
7.902743531104541863e-02 2.204326521142393504e-04
7.969804817259681928e-02 2.025282743231833331e-04
7.976165970575289921e-02 3.383264310845331547e-04
7.978254646741332612e-02 2.487186935852694447e-04
8.060901707885589906e-02 2.358560401285127357e-04
8.064109882558298525e-02 2.014873681647882920e-04
8.136087600697791689e-02 2.897261294926022665e-04
8.138943138402347788e-02 2.290707282685414202e-04
8.143639956673208447e-02 3.183023027008291539e-04
8.261505900205209918e-02 3.846016149078986738e-04
8.263893169241808001e-02 2.213857532743413359e-04
8.267973102007836195e-02 8.562498570963967930e-04
8.356363980362709054e-02 2.974610759306971718e-04
8.371221384655183617e-02 4.133657969971699857e-04
8.420758135439490588e-02 2.586663421568844291e-04
8.461005603138944953e-02 1.904144129979803751e-04
8.478642644122462435e-02 2.635812963093999589e-04
8.548543162362441661e-02 3.127417191978552479e-04
8.572765244748820068e-02 3.313542095664590340e-04
8.576910039125804075e-02 2.225325654457750040e-04
8.630075619868626813e-02 3.182432782563409377e-04
8.700426876536029863e-02 6.270917480615725154e-04
8.765667734073780137e-02 2.549057940703539993e-04
8.785187776979387630e-02 3.410345925056517888e-04
8.809125543106781364e-02 3.096627778496720881e-04
8.835162290745643410e-02 5.191610279697425959e-04
8.892022821964189194e-02 2.538237500557782010e-04
8.893848094961451234e-02 3.269110893768289506e-04
8.898876044605612268e-02 3.725291608511901390e-04
8.934604475090937581e-02 4.702349488021684352e-04
9.041169029354759190e-02 4.107658521827975829e-04
9.058516993988971477e-02 2.508936013391821962e-04
9.060344384744430102e-02 2.743913854898428150e-04
9.115519291578159933e-02 4.364317015056361692e-04
9.121690104897973994e-02 3.741100338578471165e-04
9.155799886293790324e-02 2.829651528986934202e-04
9.170056766136482074e-02 2.608120536832529072e-04
9.206431011157852062e-02 2.496220501036523092e-04
9.243603550044124373e-02 3.648033426677076553e-04
9.252514694176743049e-02 4.927349168521334829e-04
9.260466686850320206e-02 2.838685175874871929e-04
9.289000191917244631e-02 3.860040060151384870e-04
9.349747671747302147e-02 3.106533105200059031e-04
9.427255079075644306e-02 4.293010439836410989e-04
9.464518737637334089e-02 2.465332574134258131e-04
9.466802396704623868e-02 2.167483277342461873e-04
9.485891369974813747e-02 2.425572612188334990e-04
9.497861349195417524e-02 3.165977648365092892e-04
9.531146414023003444e-02 3.745570428071596440e-04
9.539864763937470904e-02 2.583350933169900935e-04
9.586563695133619445e-02 3.933531917693734248e-04
9.630717803499799778e-02 4.085974040394753978e-04
9.640796804849385837e-02 2.802896894671906688e-04
9.675209039972545999e-02 3.190383135325123480e-04
9.770600829574771495e-02 1.932913227910132957e-04
9.777405342983454262e-02 3.214579969967523362e-04
9.795210387503358596e-02 2.855437647740192053e-04
9.875911723123889652e-02 2.833721137299540535e-04
9.925487319629514027e-02 3.948362334264516964e-04
9.931947172905740417e-02 2.962422486325068361e-04
9.947359802893673830e-02 3.605374910969877497e-04
1.001091972837864080e-01 1.882700038247853082e-04
1.012665203166238370e-01 2.854119372068920717e-04
1.014546731305828314e-01 4.933389876315983150e-04
1.016418278858962909e-01 2.489965939059324350e-04
1.022266656683313013e-01 2.691652576441271993e-04
1.022628976207592549e-01 2.415701844727103612e-04
1.034254809876607173e-01 3.010634249763350073e-04
1.036257020213378066e-01 2.671131652398857142e-04
1.037940193900552949e-01 2.811706865328354840e-04
1.044105361939377252e-01 3.570203393715055550e-04
1.051328755696620681e-01 3.131588850459536381e-04
1.064767932953161605e-01 2.815902830734604706e-04
1.071934909890927129e-01 2.878045872514377020e-04
1.072964337576771260e-01 2.366093152405905869e-04
1.075006772622628393e-01 2.744526224467533815e-04
1.078566396140296230e-01 4.316354399194254694e-04
1.079274802785955140e-01 3.262954570287671455e-04
1.080689138784314135e-01 3.040551997711752035e-04
1.082310470002383895e-01 2.725443339811983267e-04
1.082698539243260177e-01 3.424035521188729405e-04
1.086783063186108067e-01 2.730511266200835708e-04
1.093735183748739265e-01 2.626826111984815592e-04
1.098325018696183625e-01 2.863443247703961855e-04
1.099709219044465863e-01 2.671079153921028732e-04
1.099926080602234568e-01 4.020896977133717838e-04
1.103995317738449278e-01 2.339829150604183993e-04
1.104634694680897977e-01 2.296883644639680934e-04
1.107582018948601588e-01 3.888450863406354009e-04
1.109119115583260401e-01 3.835374839481852207e-04
1.111235054549568751e-01 3.313523573308130321e-04
1.111473382519121006e-01 2.587502506786903988e-04
1.114980801449689668e-01 3.053219337046739071e-04
1.115499121272186811e-01 2.456267855344695938e-04
1.119059112806195799e-01 3.052964197903690097e-04
1.122045725955373163e-01 3.486521481807432514e-04
1.124835245960029428e-01 2.780043231765689377e-04
1.127232406337117104e-01 1.934096336617741930e-04
1.139967732064370159e-01 2.142746282709350077e-04
1.147756684676017047e-01 3.350649121541335730e-04
1.150937858600767222e-01 2.398625991574952125e-04
1.154492620016093068e-01 2.255175070774053227e-04
1.155376077664403006e-01 2.582722942272526793e-04
1.155376238209292750e-01 2.977372762517924501e-04
1.161438811695855305e-01 2.346932956306402860e-04
1.161888057401058716e-01 2.684857399348408312e-04
1.162898830667272038e-01 4.994716288203046670e-04
1.168769640622280143e-01 2.331720913620678368e-04
1.181128708013190615e-01 5.366332633833575602e-04
1.184139295036144707e-01 6.258398515645993221e-04
1.206458268601890704e-01 2.495175664128933030e-04
1.212433901106945572e-01 2.537063342766134153e-04
1.216701291439977739e-01 3.925404764493316810e-04
1.220647610626044710e-01 3.911144726582524043e-04
1.221050848747307904e-01 2.648854867269164978e-04
1.226665040589064171e-01 2.687014788519791609e-04
1.229228645163371741e-01 2.506129362771700978e-04
1.231966093165517140e-01 2.180257324397366560e-04
1.236445192740275728e-01 2.674252209989763434e-04
1.237751295662064266e-01 2.611113347101910558e-04
1.246292250540269181e-01 2.901446251947445995e-04
1.247037627749375127e-01 2.563614783966818955e-04
1.247084215162670151e-01 3.936751318466560033e-04
1.252382323730797109e-01 4.674423932193067671e-04
1.254139295505135032e-01 1.878715633718508970e-04
1.256332115175055886e-01 3.408901472873181356e-04
1.262521963868953323e-01 2.926185151060462192e-04
1.266607833785161341e-01 2.493165782129181610e-04
1.270343546579049687e-01 1.985374831572428792e-04
1.273540791090368440e-01 2.005276109579800484e-04
1.283502274701903978e-01 3.207437167548581177e-04
1.290594533511529585e-01 2.032712290297908591e-04
1.297134442804855070e-01 3.425639667742954317e-04
1.300623386018831262e-01 2.764880619670278899e-04
1.304266230992449649e-01 3.078160048065290170e-04
1.311786621808817555e-01 3.344329834710650152e-04
1.312349231259627158e-01 2.051581718303643258e-04
1.314318278986693622e-01 2.140873479031915106e-04
1.327722722529974253e-01 4.258934719103964445e-04
1.330376937706255758e-01 3.036128652968454939e-04
1.330616219998478622e-01 6.408172179375884545e-04
1.334197587842124721e-01 2.619519241328890414e-04
1.341358061606733321e-01 2.576477956388780865e-04
1.342359375117724296e-01 3.532091115213323697e-04
1.344045363837083895e-01 2.212276303460435653e-04
1.344815214919139468e-01 2.514438557381965152e-04
1.347972010268980725e-01 2.598683164591849334e-04
1.351794343878513494e-01 8.775806886975839709e-04
1.352686942984629437e-01 2.947621630759991642e-04
1.352905692993838505e-01 2.003267516890912541e-04
1.353571149659444639e-01 4.223419700972305332e-04
1.358465390841831211e-01 3.125836071582267566e-04
1.367442357018901489e-01 3.610547249287252600e-04
1.369333375914284223e-01 3.022944674992462271e-04
1.376983907242274041e-01 2.131210480545990722e-04
1.379847770763278358e-01 3.226880825784201874e-04
1.381324790725256546e-01 3.261397687880662776e-04
1.382520484596493349e-01 3.332241540895082088e-04
1.383950728009726849e-01 2.254097420391473143e-04
1.386833066508401380e-01 2.451680890403581839e-04
1.396121998130795683e-01 3.376237170390801326e-04
1.404611677554107041e-01 3.047229856788162918e-04
1.409211239880098776e-01 3.458745278705424998e-04
1.412268547278369146e-01 1.995556505436504391e-04
1.413652647519010597e-01 3.468995891476400295e-04
1.414054628949371339e-01 2.604759585904535719e-04
1.414964821487562918e-01 2.609269925234871464e-04
1.415297627099695588e-01 2.491408293817367540e-04
1.418283620858584448e-01 2.267082562723353283e-04
1.424024908929782118e-01 3.545848052013456141e-04
1.426878312682894057e-01 2.853564125045944034e-04
1.432620106039536045e-01 2.006461039793596985e-04
1.436015961795182039e-01 4.352404736925741930e-04
1.444102956365549417e-01 2.702735107314223968e-04
1.444440900730506738e-01 2.518323401029700487e-04
1.447972552233999233e-01 2.656587658171520399e-04
1.448330441377744526e-01 3.525106858976782245e-04
1.449824189283928921e-01 2.337157494484027047e-04
1.453439270390220195e-01 2.035544231796698777e-04
1.455768043278378998e-01 3.212094401738808860e-04
1.457087140852131590e-01 2.659731615143196828e-04
1.463645105243625844e-01 3.139744364564973130e-04
1.467712808432275751e-01 2.889030119054880109e-04
1.469148544604897688e-01 1.797031761671327721e-04
1.474367940494277496e-01 3.382098540183847788e-04
1.476302182506649963e-01 3.292544268193109760e-04
1.476463816251915584e-01 2.272888534231139938e-04
1.480010161216262221e-01 3.435667272391003846e-04
1.483932540255636923e-01 2.872437715718709162e-04
1.487861596294129674e-01 3.954369640824590879e-04
1.490610483452577406e-01 2.274445418060018508e-04
1.491988597410883188e-01 2.771072989299906393e-04
1.497236337099343839e-01 3.353950151907814092e-04
1.499485954567478241e-01 2.963051123086500268e-04
1.511908985824648444e-01 3.885255271114277189e-04
1.516688844553244209e-01 3.128479202380916153e-04
1.519849595175175039e-01 2.216319472061060232e-04
1.528235431421187951e-01 2.762096563378512262e-04
1.532531816124378388e-01 2.529856633167639878e-04
1.536160175931098604e-01 3.537997301258459775e-04
1.540667653674452353e-01 3.387103778236880678e-04
1.540817533176948584e-01 4.477356750987321202e-04
1.544106321117153791e-01 2.734036793835111705e-04
1.545632855052035959e-01 2.557001980364507717e-04
1.548747810541498127e-01 2.371082576004352935e-04
1.552488211238586546e-01 3.075312388280097169e-04
1.556470924180306248e-01 2.484691848677703118e-04
1.559740019777731412e-01 2.148322562543994604e-04
1.577902962827249511e-01 3.087731845387088375e-04
1.581038919704197687e-01 2.143556488496045284e-04
1.583033009107444045e-01 3.512848222922559807e-04
1.586026013716618777e-01 3.320332841435742538e-04
1.587519592029536519e-01 2.293492459827901832e-04
1.597369088556162275e-01 2.539476168969037042e-04
1.598902004378253139e-01 3.144465904289035947e-04
1.602467738717262558e-01 2.631478641503806268e-04
1.606050888640015439e-01 2.471900993724335097e-04
1.622677820404222482e-01 6.026692702911909177e-04
1.629169347492884501e-01 3.277630492443558930e-04
1.640527780942322988e-01 2.935046735956009425e-04
1.649802475342702357e-01 3.299966613485476384e-04
1.655019878973458258e-01 2.025785984963542259e-04
1.658057184697458719e-01 2.478045631011918291e-04
1.659826322289409684e-01 4.102463653598686769e-04
1.661937549598918318e-01 4.685155626347764111e-04
1.663275751267820901e-01 2.209543688071117617e-04
1.665247734446974881e-01 3.101105993248367177e-04
1.668225230356732702e-01 1.846830203651822987e-04
1.675175460074328215e-01 3.609803791482246466e-04
1.681871029027684483e-01 3.131482507177852010e-04
1.702147840084676234e-01 2.357484574927419931e-04
1.705810439625123076e-01 3.390877230717943489e-04
1.706971842239714265e-01 2.556102281769338639e-04
1.707975835965231393e-01 2.090556041767372417e-04
1.717071739408013720e-01 5.005142549402384882e-04
1.721805500676171219e-01 2.039516910263240387e-04
1.736602412915311533e-01 3.165627864715751978e-04
1.738603681474018281e-01 2.749846884145452398e-04
1.740355308617860530e-01 2.228607453238984283e-04
1.740361999897381273e-01 2.459762233989447604e-04
1.751736013194416519e-01 2.866432241158624241e-04
1.755883493309021992e-01 2.797852538081280031e-04
1.757131583480703862e-01 2.720813676204620929e-04
1.757953079742621272e-01 4.475234420482116925e-04
1.764636971577950852e-01 2.099117834460209110e-04
1.772021948600112640e-01 2.447284875353903061e-04
1.773108841361844823e-01 4.187626454500281551e-04
1.775298003508881395e-01 2.200018064341143344e-04
1.785227716602513781e-01 3.908188773056948582e-04
1.788037658979257927e-01 3.604012091540631491e-04
1.791611635017416881e-01 2.664367257278249437e-04
1.796531254353785634e-01 2.455795715739373243e-04
1.798613028063710262e-01 3.675893023880474160e-04
1.809988431556030231e-01 2.515026697951468822e-04
1.811786418466418414e-01 2.038154333276517144e-04
1.812214061628448225e-01 2.169278351009595808e-04
1.818746349301434140e-01 2.571610671584046511e-04
1.818915044024859151e-01 2.461986852018702761e-04
1.827443674349022162e-01 5.960838350262660876e-04
1.829000202536793518e-01 3.567082376595794219e-04
1.834762661410783147e-01 3.210693408747828802e-04
1.836064672355919858e-01 2.131060298528048144e-04
1.836399298275313285e-01 1.905815405837381707e-04
1.838880293461100102e-01 2.457710397629855902e-04
1.842535982052864174e-01 3.115378897959855046e-04
1.842760976397343764e-01 3.202191320534877785e-04
1.844046274492733561e-01 2.304178148972841321e-04
1.845482410412264129e-01 2.126922217547680340e-04
1.852240693013421646e-01 2.499217282507408067e-04
1.859901864822257056e-01 4.596445391191505731e-04
1.863267467776854591e-01 2.636854452293271411e-04
1.864002604623806458e-01 2.853479784408422676e-04
1.864594483237467237e-01 2.418033912241032864e-04
1.870492989241740456e-01 2.567972479269313327e-04
1.872294632180332152e-01 2.754131302168846525e-04
1.875676651042511855e-01 2.282626358228779812e-04
1.878109590240196747e-01 3.564665448668506926e-04
1.887978389765451182e-01 2.615394095388945276e-04
1.906776796077216396e-01 2.494530280940795920e-04
1.906813930104784283e-01 2.828032641849094453e-04
1.908546124889571594e-01 2.451065950627478096e-04
1.913860959108004411e-01 4.280772128566310447e-04
1.921057658946475066e-01 2.211959032072062774e-04
1.923530088900755608e-01 2.771887430544646273e-04
1.928722901710376580e-01 3.003143048732011050e-04
1.932087440948440926e-01 3.057951052738784093e-04
1.933529373429144493e-01 3.644654436940294485e-04
1.941134332785981742e-01 3.375982994712831554e-04
1.941179042003592370e-01 2.575182825180065849e-04
1.941435785735580455e-01 2.444222048153471354e-04
1.942701285924336441e-01 2.247483834154360754e-04
1.946639974509764004e-01 2.813298419058975122e-04
1.946770706223811542e-01 2.421922067761833218e-04
1.952397988594533340e-01 2.061593103300239421e-04
1.958610009699918997e-01 2.306524318220613443e-04
1.962308417250285819e-01 2.398795402706900277e-04
1.966627611772344686e-01 2.238058137355928136e-04
1.978145478239976829e-01 6.102979405986972252e-04
1.982136861306235676e-01 2.582757000621553026e-04
1.983879311117379973e-01 2.085476272844421976e-04
1.984814973165404395e-01 2.108728442292063143e-04
1.989398792939307270e-01 2.732530002905972388e-04
1.993578322374309209e-01 4.499040541756889398e-04
1.993622987866517926e-01 3.098909555259865166e-04
1.994975066448657353e-01 2.261533817550882765e-04
1.995664648387769635e-01 2.623196183532722930e-04
2.005221258763165704e-01 2.429772482357094824e-04
2.010865165805046928e-01 3.178477374352089340e-04
2.014357575670010225e-01 2.708268507751055831e-04
2.015813426843044709e-01 3.608215257009163854e-04
2.018205270452707034e-01 4.094142418765149994e-04
2.021602105421203832e-01 2.051511589086302473e-04
2.024748011962938243e-01 1.827610473375567606e-04
2.026835125996593323e-01 2.530653413933828732e-04
2.029035265858822601e-01 6.684278465950261542e-04
2.035920412485606179e-01 3.571634234402878473e-04
2.045666835934065730e-01 2.244055607232642378e-04
2.052541345699277486e-01 2.601379110335843127e-04
2.060983009346271100e-01 2.656978501916762978e-04
2.062370644052033408e-01 4.600740420952642725e-04
2.066482383455233163e-01 4.848812007965801500e-04
2.087686544056681359e-01 1.951647892577839695e-04
2.088563105301342038e-01 2.323655575961760481e-04
2.089957251001434979e-01 2.706289804065301822e-04
2.098744289129292062e-01 1.808908517354678109e-04
2.099817349997344651e-01 3.082722837606513750e-04
2.100091047085082541e-01 2.626140180893974828e-04
2.101947950747700133e-01 3.093867742483515028e-04
2.109072359284926979e-01 2.878903860391376782e-04
2.110053170978674897e-01 3.215143965265371490e-04
2.110579901342160558e-01 2.209532545955548131e-04
2.111993354030720915e-01 3.583597359198147135e-04
2.116166315167510581e-01 2.430755899519874215e-04
2.117618356040008865e-01 2.399365775007597794e-04
2.118880556809800697e-01 2.761859857912477576e-04
2.120551143358525292e-01 2.721149103239574947e-04
2.123829812470076350e-01 2.802439966991467795e-04
2.129161501057765526e-01 2.726576269781801911e-04
2.129230853680987856e-01 2.195404296567698000e-04
2.129404995143498736e-01 3.502527962253497115e-04
2.130907727867419610e-01 2.717498273875115344e-04
2.131204681264875500e-01 2.591197466362061869e-04
2.135131189198889723e-01 2.172757698975408302e-04
2.135328843857441650e-01 2.865604631974750529e-04
2.135975489384678849e-01 2.474886241003725908e-04
2.138372422207997225e-01 2.431706005959747186e-04
2.150065747940863581e-01 3.712650632374458960e-04
2.151232869144698856e-01 2.462775014508070256e-04
2.151417211461249257e-01 2.122535415480726910e-04
2.152520590351852670e-01 2.119956001042350819e-04
2.153366451496662171e-01 5.498077567966983643e-04
2.160594712215253843e-01 2.458761335473200822e-04
2.160999469354090707e-01 2.592400030241022273e-04
2.171562483793808007e-01 2.844452942695440941e-04
2.171728940605926195e-01 2.529696582469624947e-04
2.171962858157634457e-01 5.420847314476334418e-04
2.176102540413595576e-01 4.020250858933736046e-04
2.177537624283508444e-01 2.404732788199393585e-04
2.179581478918438675e-01 1.939552350496271641e-04
2.185202343962169003e-01 2.310131959986339272e-04
2.187141833172273064e-01 2.656864117669766392e-04
2.194817960974905224e-01 1.997718287013738349e-04
2.204534846066303344e-01 2.165992126065564556e-04
2.205961159921172032e-01 3.414944292621036395e-04
2.206051479331410936e-01 2.037662786506986255e-04
2.207230010281368004e-01 2.465045881793801841e-04
2.215071473577300554e-01 2.475546954838682857e-04
2.215356184901100811e-01 2.613301026528761558e-04
2.218781667273710401e-01 5.483445552670216869e-04
2.234592376383389700e-01 2.567000367007699784e-04
2.236433710543104247e-01 2.609468043717144367e-04
2.253782989953146965e-01 2.529632743042626642e-04
2.265351702391933952e-01 6.698050869913343714e-04
2.270766219971232791e-01 2.545494117983952069e-04
2.273636990359173271e-01 2.884382412227461698e-04
2.277097251202675754e-01 2.927396868695962789e-04
2.281421628781976074e-01 1.925311246314221974e-04
2.285214179234975329e-01 6.966969293749826920e-04
2.288271202887187938e-01 2.561004824333645152e-04
2.288570899250401691e-01 1.805593726904516916e-04
2.290684171471919217e-01 2.526373733911557772e-04
2.292728728187766463e-01 3.599645446257210930e-04
2.295550540135989082e-01 6.218703738624412839e-04
2.295599182507725988e-01 1.783454015489462487e-04
2.299182745664115624e-01 1.904961702369193830e-04
2.300367470225595512e-01 2.919552789546755946e-04
2.304993013984691086e-01 3.025686399552263107e-04
2.314644194279176781e-01 2.668811995718798095e-04
2.322501238695402759e-01 2.672747073432829752e-04
2.333074555658362359e-01 2.165865824926865206e-04
2.336755019444250459e-01 2.717809684770677511e-04
2.337495442250964173e-01 1.996214587630030417e-04
2.353274112384258765e-01 3.285534355846681984e-04
2.353835656166551604e-01 2.320164530655725898e-04
2.354658066976023090e-01 3.629292892907408385e-04
2.356781486286128602e-01 2.323296522722827944e-04
2.358502446450298218e-01 2.224734541684226467e-04
2.359214887309359909e-01 2.537001695865108907e-04
2.359328141338681017e-01 4.008040654497243551e-04
2.361669613970511228e-01 2.384994476210558435e-04
2.367925671335074367e-01 2.764246601146554236e-04
2.369443390428800089e-01 2.313949445148558951e-04
2.369950510248701459e-01 1.954844554530239288e-04
2.373170183631148622e-01 2.770309960409482832e-04
2.375576408181371002e-01 3.202231752635607853e-04
2.375725221916864249e-01 1.917644498135997815e-04
2.382112782855013988e-01 1.992064073801875839e-04
2.382371343393654139e-01 2.926716638420324415e-04
2.386629965630639172e-01 2.125452140907591644e-04
2.389016834446232029e-01 2.466152055463248570e-04
2.391647293431505006e-01 2.384377948788800642e-04
2.393769009754526389e-01 3.001253591660486722e-04
2.396044335110489309e-01 3.538003505332778403e-04
2.406898133396631889e-01 1.894119769852213814e-04
2.408316237894655709e-01 2.200453447165135108e-04
2.409128088549061519e-01 2.535396352079161055e-04
2.410877829100159242e-01 2.264614721274526513e-04
2.411546892332271930e-01 2.422523462035199103e-04
2.414327996695524725e-01 2.342126095604083879e-04
2.414874799235390002e-01 1.983573599425086855e-04
2.420160160838928654e-01 2.152535020079432654e-04
2.423465541477140828e-01 2.177903313675743171e-04
2.423745120420027488e-01 2.501882278082582438e-04
2.429714948928030915e-01 3.607458936137940622e-04
2.436415260845216368e-01 2.926322456003926974e-04
2.438506419342794107e-01 2.151027040422943276e-04
2.441820556622019134e-01 2.645993585978301059e-04
2.442058952749992795e-01 2.348705472745782818e-04
2.444427147381766086e-01 2.359110200848299021e-04
2.448190311107484030e-01 2.710661778022199243e-04
2.449855512271851832e-01 5.975819397188915924e-04
2.451044769420143987e-01 2.415740532267948400e-04
2.456059662430269130e-01 2.143788257320282311e-04
2.461422082348495577e-01 2.257801577940277051e-04
2.463294166165287402e-01 2.568598626583822432e-04
2.464893363565608120e-01 4.235140374356488710e-04
2.465066885812537689e-01 2.976943565652578829e-04
2.470937899962231954e-01 7.116003973902844740e-04
2.479535010579577148e-01 2.259796166879634032e-04
2.479847643412647074e-01 3.154982746442517249e-04
2.482844649192821884e-01 2.824469350926919167e-04
2.494015813423443861e-01 2.055185589152011419e-04
2.504896159575086823e-01 3.690041612682443432e-04
2.509534526096018903e-01 3.334425413375078436e-04
2.514768520262916085e-01 2.197137062131268928e-04
2.526203288612544062e-01 5.248513979152018803e-04
2.527097203857741059e-01 2.607134649609713995e-04
2.529217029919104687e-01 1.704326613974571040e-04
2.536557528975713072e-01 2.775077243999224505e-04
2.539139917607547425e-01 2.125318658358134620e-04
2.546054675368346065e-01 2.375260972148652563e-04
2.546591355604352902e-01 1.848144128510715494e-04
2.546613360710984209e-01 2.067272153410458317e-04
2.548513661426444754e-01 2.509567475607051121e-04
2.551733661685130494e-01 2.703027777241432663e-04
2.553884395763947324e-01 2.373345928038323501e-04
2.559389439264603827e-01 2.521906228030589719e-04
2.574626525254297138e-01 2.321263073160849671e-04
2.578687109477834083e-01 1.798551134326331917e-04
2.579027560732058411e-01 2.216017118988419137e-04
2.581902921576013088e-01 2.605038806384130860e-04
2.583657299756325632e-01 3.320637144761661190e-04
2.586585515395365964e-01 2.314662394806042884e-04
2.589333400218333803e-01 2.343557049727447601e-04
2.590112395365154474e-01 2.370167053963210212e-04
2.592101181993853309e-01 4.380131439640050058e-04
2.602454138521979043e-01 2.325975883199466290e-04
2.602854357730678414e-01 2.158932592868069921e-04
2.607401827327223698e-01 3.605669856945530418e-04
2.611750451368900494e-01 4.367491576563882179e-04
2.613972190706369547e-01 3.103885922376258943e-04
2.615801447046423034e-01 2.178283661130112070e-04
2.616740277985813434e-01 2.503184626576241507e-04
2.620889961570074811e-01 2.207894855842973164e-04
2.623185011333810102e-01 2.653450333806353883e-04
2.624899564480479008e-01 2.133270148178743029e-04
2.630396771072446294e-01 3.433615763841490489e-04
2.641566395006391121e-01 2.786311629022942974e-04
2.651365238757100173e-01 3.010104363752059281e-04
2.652455962218575602e-01 1.840517268543872154e-04
2.656252830497839446e-01 2.571602901803693008e-04
2.656456543461502839e-01 2.065314219708137649e-04
2.663748753497330868e-01 2.340389477295530638e-04
2.664640634812033282e-01 2.018710263843571072e-04
2.664954927513565885e-01 2.123351348833957860e-04
2.667488656327530183e-01 2.302538865969559593e-04
2.670801304710907487e-01 1.930547351426562615e-04
2.675956171696325936e-01 4.956861895006366018e-04
2.677670051487064384e-01 2.683432365541382454e-04
2.680279763200307253e-01 3.064773783406873247e-04
2.683904100327101361e-01 2.133450470917965924e-04
2.686495625012710886e-01 2.212446204260854778e-04
2.689997019309144921e-01 2.715354362176671801e-04
2.690061415146937640e-01 2.826197384133458893e-04
2.690184348198245701e-01 2.210579283070652319e-04
2.690890906010569017e-01 3.285735416157932031e-04
2.706602244957676540e-01 2.235317113579877177e-04
2.710919395307770374e-01 5.760009785682227790e-04
2.711907254839213133e-01 2.756736841806989541e-04
2.714551166352120459e-01 2.683843014908252360e-04
2.716818684963100416e-01 2.386015368974547324e-04
2.738249633648224823e-01 4.082782094285345559e-04
2.741534269828717618e-01 2.630671680542617710e-04
2.743595631333367035e-01 2.643678716607293796e-04
2.750423573977200942e-01 2.158895146609730788e-04
2.751995633558670940e-01 2.477678019167898907e-04
2.765518255395028047e-01 2.292090342792607116e-04
2.776285118911686611e-01 2.015159188065800383e-04
2.780610274123487269e-01 1.880582381370081132e-04
2.785396409922927252e-01 2.499723853277908319e-04
2.786686165342424082e-01 1.810990959408537539e-04
2.789930257610677145e-01 2.503253969376467865e-04
2.793710100540145458e-01 3.078472953858903171e-04
2.800472298620796940e-01 2.377560753543754275e-04
2.804468607964105131e-01 2.856842944706069402e-04
2.807408591036794077e-01 2.456609841926722139e-04
2.817745879006057774e-01 2.024076464711652981e-04
2.831974873736116116e-01 1.625296819233118604e-04
2.833229895365246276e-01 2.367718375566135150e-04
2.835045798366586101e-01 2.908777665603644335e-04
2.846432112414070681e-01 2.180232788889499616e-04
2.848700796671914670e-01 2.154767105640179254e-04
2.853088447937591199e-01 2.056644205637500730e-04
2.853268202767626494e-01 3.163408668513941293e-04
2.858726489337322096e-01 1.812124805655053439e-04
2.858855247357575124e-01 2.470513505432180728e-04
2.861166110135157647e-01 1.811866210923004841e-04
2.861245194733508246e-01 1.976729328995415261e-04
2.863476978221560221e-01 2.535616285311239780e-04
2.863619711129571366e-01 2.167965479470871477e-04
2.869680186951080736e-01 2.918533538464239624e-04
2.870008478325343781e-01 2.756672097405541907e-04
2.871061014264014721e-01 2.840167884614819217e-04
2.874200210180266057e-01 2.643018964281322884e-04
2.875687915803353811e-01 2.522975861398434353e-04
2.877944879128492839e-01 2.208868354224290966e-04
2.883626218698914223e-01 1.815154255690938937e-04
2.894434262567367466e-01 4.589561976415968835e-04
2.897469323653452111e-01 3.583981663071689975e-04
2.903039452226226502e-01 2.191284015727373228e-04
2.918842757344656258e-01 2.240392986367309457e-04
2.928083402950689695e-01 2.283320101422925321e-04
2.930622999317271105e-01 2.189903582682523476e-04
2.943973654978905841e-01 3.340382573488065335e-04
2.953338720764733250e-01 2.644646418696170354e-04
2.953436948804657458e-01 2.417059015638721052e-04
2.967226587611884181e-01 1.768540294167273525e-04
2.971582084615129737e-01 2.780391073750606646e-04
2.974434433219313445e-01 2.067773475408950451e-04
2.979183467583595979e-01 2.792755124348504105e-04
2.986402415603938154e-01 2.061643445668826489e-04
2.987895102277535186e-01 2.622298599418159434e-04
2.989423774956720958e-01 2.083485132410860697e-04
2.990443707229567538e-01 1.908140153621957070e-04
2.992626531644367871e-01 2.099959083549717909e-04
2.999434770097886838e-01 2.534418106032974047e-04
3.005535118940925732e-01 2.335630973050138726e-04
3.006992005038638394e-01 2.280459112856315527e-04
3.007102513257067788e-01 1.992543658363871715e-04
3.011802535463375396e-01 2.958947244062187635e-04
3.013452617056464056e-01 2.523931503648163630e-04
3.018498825870847835e-01 2.317660112614312439e-04
3.018936757497368006e-01 3.200402420460600667e-04
3.019113626370724668e-01 1.622538593996169609e-04
3.020205217996909108e-01 1.722471045649110572e-04
3.023711948774567837e-01 2.918821849769978388e-04
3.024056843115977555e-01 2.229945626708653718e-04
3.024818150431025088e-01 3.033344218222977875e-04
3.027926085008078028e-01 1.979425325212605369e-04
3.030788862395255578e-01 1.717517060688128353e-04
3.033640723696503505e-01 2.240312638849469853e-04
3.037671973894751076e-01 2.397310018542875287e-04
3.040199925807949288e-01 2.321790504401230536e-04
3.044353199690793543e-01 1.867242416087492663e-04
3.044466841931799395e-01 2.389670503237282617e-04
3.046603860328250812e-01 1.825421980745876036e-04
3.050305971470045341e-01 2.044728835499007812e-04
3.052717882065492105e-01 2.952246946419576881e-04
3.056377501893221549e-01 2.125058472668209784e-04
3.059064882988845047e-01 2.091331720343635528e-04
3.060561795728258261e-01 1.802503272950848234e-04
3.080935155590773800e-01 2.446578079697527474e-04
3.081798087146842002e-01 2.091429695336861612e-04
3.085796363699593869e-01 1.909169799227106699e-04
3.089370142348941140e-01 1.962875494620388694e-04
3.092224324524933121e-01 1.923664753090368880e-04
3.093469150777837795e-01 1.892209532643365885e-04
3.096959847542455901e-01 2.198136023060026439e-04
3.097841981843396653e-01 3.120621008237671901e-04
3.099208138207171226e-01 2.117754365190503284e-04
3.102515408795545326e-01 5.336512609774810576e-04
3.104391152676281296e-01 2.698256818354754626e-04
3.107227733504137057e-01 1.700298023102423393e-04
3.108526595585419661e-01 2.082312471096981474e-04
3.109315270526011865e-01 1.781880853100961410e-04
3.111691098688723067e-01 2.246169626870377176e-04
3.116856498611041970e-01 2.701227552024003712e-04
3.117963191471852524e-01 2.340104067355690709e-04
3.121172546418233273e-01 3.307476476848292138e-04
3.144766825814215294e-01 2.077097868687465248e-04
3.147345598738874317e-01 2.737489001822300083e-04
3.148424578850698707e-01 2.683923146553543991e-04
3.152337930297451352e-01 1.679432088546950550e-04
3.154241632613123958e-01 2.783530878538187934e-04
3.156152730074429646e-01 4.252502849767469625e-04
3.157818791332180353e-01 1.804177609687175816e-04
3.173216085949375209e-01 5.328913962235417873e-04
3.178354681711077490e-01 1.625029096085114477e-04
3.184496042305766106e-01 2.049999790614970296e-04
3.184864797899858435e-01 3.050746803574390202e-04
3.189571949604646517e-01 1.849375546060998501e-04
3.190180859805783475e-01 2.282910277237221489e-04
3.193778847796294174e-01 1.426990180763953444e-04
3.197186117548667106e-01 2.696837609753604701e-04
3.197955772850232248e-01 1.925304442164743699e-04
3.208574461669750910e-01 2.554303193471183691e-04
3.214422145612080839e-01 1.905195238030135468e-04
3.214713027088691999e-01 2.333766680674639622e-04
3.216426519735474110e-01 2.020406718304101077e-04
3.218699278522001994e-01 4.132518923936973000e-04
3.223124379094916003e-01 1.916601527204293116e-04
3.227764955501303268e-01 2.465599946954876885e-04
3.229365048745848066e-01 3.555227422907264868e-04
3.230842799691601708e-01 1.825918507054573184e-04
3.234269236272479531e-01 1.893338710168720703e-04
3.241467589160227369e-01 2.874554052149779371e-04
3.247627814788047740e-01 2.359898198941213522e-04
3.250027931172823070e-01 1.604515737657245063e-04
3.252070213998453085e-01 1.942654987231048848e-04
3.252841681694197407e-01 2.314341307498187211e-04
3.257936848956140552e-01 1.733332529988409142e-04
3.260850245330951802e-01 1.670292344748121414e-04
3.262525945891515677e-01 2.170927145883092620e-04
3.266302249101070143e-01 2.533335150674748994e-04
3.274321756770295355e-01 1.931420653916216033e-04
3.277922978184468761e-01 2.640615593211399726e-04
3.279153506414257402e-01 1.832428706598546696e-04
3.282030480893655122e-01 2.026507756020893549e-04
3.282421139478293171e-01 1.392089074119833752e-04
3.282976452246443300e-01 3.876420287785198229e-04
3.284694240022963396e-01 2.015891878556762024e-04
3.285730038415112242e-01 1.979058432166167934e-04
3.291861698285033500e-01 2.339788250038809950e-04
3.292207328606736594e-01 2.743914734710213100e-04
3.300742177715453862e-01 2.598647722516502726e-04
3.304597783408508294e-01 2.482551297569349745e-04
3.309064561296006235e-01 2.398662409461186447e-04
3.311360373454500516e-01 1.600951810562711494e-04
3.314063593956718679e-01 3.864562351273351649e-04
3.323762062270048667e-01 2.056102470177028198e-04
3.329339727070470545e-01 2.317074270446018520e-04
3.332970108756510563e-01 2.042769786993334973e-04
3.334333482302877516e-01 1.881806458784650543e-04
3.334872706246796437e-01 1.687384898864567140e-04
3.338017130800940424e-01 1.612281901183871744e-04
3.338380018854245623e-01 1.780396982128190306e-04
3.338588358738697748e-01 2.556647534928268998e-04
3.339225489569406236e-01 2.042602167969331339e-04
3.349977285009287375e-01 1.597900469520762735e-04
3.351238797756486698e-01 2.590574892407737986e-04
3.367939585526864010e-01 1.967783928806666853e-04
3.369360090333358149e-01 3.188715118394384309e-04
3.371782758828229531e-01 1.961338117140732902e-04
3.390701235808702974e-01 2.370923690745002903e-04
3.391195811410032124e-01 1.963438499699527925e-04
3.391388092704588075e-01 1.297984957821596904e-04
3.397159936529442481e-01 2.497044700949076690e-04
3.403134609777383468e-01 2.436336181037418989e-04
3.405469655798408213e-01 2.293507192186085156e-04
3.406193842184424558e-01 3.153941326313074492e-04
3.412265431954424888e-01 2.553500988550021461e-04
3.416011420147500588e-01 2.385105141089085125e-04
3.421529536645318559e-01 2.539402980808933810e-04
3.430547781638458860e-01 1.916549735547372119e-04
3.431005950204735755e-01 2.190443983779769271e-04
3.435040993525472208e-01 2.299485248478840948e-04
3.438378105050736711e-01 2.120960576976008984e-04
3.439405069388496994e-01 1.743582479854360325e-04
3.440533018967845136e-01 1.740678436411245960e-04
3.444316603063256044e-01 1.943616797344694942e-04
3.445466708316496929e-01 2.506125720915712649e-04
3.447691961271813765e-01 2.254884433832813771e-04
3.451510968622273912e-01 2.308600594479300267e-04
3.453547711661495989e-01 1.793554905751896492e-04
3.459151530058159341e-01 3.157615473740683410e-04
3.459160700992910398e-01 2.321028554411409459e-04
3.470079710107477067e-01 2.203086251261382239e-04
3.474354744357821545e-01 1.887985311105860702e-04
3.476484195667273180e-01 2.170760380844067965e-04
3.479283941775829225e-01 1.784760365719388403e-04
3.479912199561606134e-01 1.630634637113191198e-04
3.482696316908003298e-01 1.785317450413125820e-04
3.488660506060877742e-01 2.040710524138869564e-04
3.488864400260309195e-01 2.340820746519977583e-04
3.489833790511932543e-01 3.041079060226258685e-04
3.490977552376063886e-01 1.644060235421192066e-04
3.500867775351239053e-01 3.696769851204742248e-04
3.503747126607416607e-01 2.106955639890161348e-04
3.513036765913716830e-01 2.343182099801498469e-04
3.513359243991450165e-01 2.134170743100515541e-04
3.518372250855265060e-01 1.625461114323244530e-04
3.524697629606459159e-01 2.396861444011789705e-04
3.525655406594795371e-01 2.224847928906303288e-04
3.525883300887460159e-01 2.312607536995227742e-04
3.526973428250744780e-01 2.315688533508476700e-04
3.529059331314813308e-01 2.160182170611601473e-04
3.531634266859746685e-01 3.055006440176353351e-04
3.534472415759882802e-01 1.960575973801416069e-04
3.545178200602275842e-01 2.307536301629626013e-04
3.545293535552068165e-01 1.881040335334376913e-04
3.548761947365056679e-01 3.157781072433689818e-04
3.549515223618552318e-01 2.514258837547190357e-04
3.551146484497010869e-01 1.608369147201277165e-04
3.554668795978671580e-01 2.604046156464529210e-04
3.555298545555293788e-01 1.848442467198382791e-04
3.568123853747973695e-01 4.178162156284207711e-04
3.569137299946061881e-01 2.328504404315891705e-04
3.569625209903261043e-01 1.575660761719459638e-04
3.570215106405435490e-01 2.439783352916845543e-04
3.570303595188839552e-01 2.258032052918210110e-04
3.574839052995549826e-01 1.600242977932652376e-04
3.575603650154174917e-01 2.576171868357173857e-04
3.577027532003928534e-01 1.661058302225711884e-04
3.579623238493453985e-01 1.748976063743651647e-04
3.581093695691807688e-01 3.461919364452336733e-04
3.582911735384970986e-01 1.699754973745248919e-04
3.587046033763512387e-01 1.997318349024805411e-04
3.589934290572230902e-01 2.639340099559688404e-04
3.590158021215175133e-01 4.775839171196699325e-04
3.596000323548970146e-01 2.160414622183185385e-04
3.598382768060262027e-01 3.704605242406096635e-04
3.601853780594902465e-01 1.923338427922355938e-04
3.618880480130636235e-01 1.934877755453147353e-04
3.620772138802776374e-01 2.122464298659775309e-04
3.620966857316261223e-01 1.637297775201403572e-04
3.623488024238307181e-01 1.906949604358804443e-04
3.628736096514284526e-01 3.556232947732220601e-04
3.630170123451735287e-01 3.154892762206574727e-04
3.630325411186049456e-01 2.089712947941403946e-04
3.631629230164968303e-01 1.716409872607476035e-04
3.634283801018834970e-01 1.662809528253867471e-04
3.639284767878699922e-01 1.975042997569334525e-04
3.642461780872069399e-01 2.008951842310278198e-04
3.646055569081311232e-01 1.525820157285252907e-04
3.655584040379634692e-01 2.649218849713720560e-04
3.655592586596744242e-01 2.449473131710259749e-04
3.656559846238841005e-01 2.377854502975945824e-04
3.657277225212980931e-01 2.173941295850202716e-04
3.662981414210386144e-01 1.876135595043960144e-04
3.663336082553558248e-01 2.865104194014206221e-04
3.674795460314714268e-01 2.243807299329150177e-04
3.675855096793315124e-01 1.926735253035511764e-04
3.679379115348475060e-01 2.603924279167084931e-04
3.694533953841766527e-01 2.686492419747746720e-04
3.696100985836639485e-01 2.129299896988347610e-04
3.701033732087912753e-01 2.066072990334531464e-04
3.702888495175077899e-01 2.804301625911206582e-04
3.704475472191900431e-01 2.501605133173982211e-04
3.713986333938389395e-01 1.577475810295190866e-04
3.720383427958685596e-01 1.750220876591339586e-04
3.722241858739432363e-01 1.804532488941143454e-04
3.733340856863809898e-01 2.498273039690183505e-04
3.742881566369146151e-01 1.863047525084207397e-04
3.750807069716342590e-01 1.938503560180573427e-04
3.756726469068065177e-01 2.944749185461196183e-04
3.757061493116064521e-01 2.457004240965087881e-04
3.758255598274619080e-01 2.280997720097689371e-04
3.761298929808251645e-01 1.984894785271616247e-04
3.762331205260940892e-01 1.938591221062030802e-04
3.776440872950291849e-01 1.615467497504762635e-04
3.777590276312428608e-01 1.867210961547619041e-04
3.779163621185564481e-01 3.041725708952186459e-04
3.779590830799576251e-01 2.212808354869490971e-04
3.785186398566548482e-01 2.604826683390675511e-04
3.785733248358285619e-01 3.113020466918704852e-04
3.789620471811178115e-01 1.839811877563257041e-04
3.793227561553340066e-01 1.672210306626952870e-04
3.794102396217240436e-01 2.839364633669886457e-04
3.802640333454512800e-01 3.967768218654589324e-04
3.810287445765034309e-01 3.713791300530298921e-04
3.810990148138470035e-01 1.855578419327561640e-04
3.820679186222972756e-01 3.262838466886181085e-04
3.822204476231757519e-01 2.628349801411257979e-04
3.825806848736654775e-01 1.897904910749053059e-04
3.828407129180115276e-01 2.947716501535627013e-04
3.830729260132084146e-01 1.735178752922253496e-04
3.830843551580848105e-01 2.253456349091042729e-04
3.832624517654724672e-01 2.715839220799794195e-04
3.850355809447839062e-01 2.341918533532225252e-04
3.857531156645074288e-01 1.543700073585694838e-04
3.857924559143230958e-01 2.323176590020819133e-04
3.864226684674918477e-01 1.651882312270143741e-04
3.866855023791622159e-01 5.357288743165835058e-04
3.867020899642166221e-01 2.029842350857185716e-04
3.871263171374638712e-01 2.480669530759945559e-04
3.883702058721134609e-01 2.039721500686719985e-04
3.889968474731097525e-01 2.003581279789826716e-04
3.891457989900530268e-01 2.273952484492156284e-04
3.895805616509033231e-01 1.516671804122784561e-04
3.896028629926435172e-01 2.261070992633252023e-04
3.896432787461820424e-01 2.806722466888072792e-04
3.897172149570448663e-01 3.430959307875330617e-04
3.898931028272729638e-01 2.448830021503674965e-04
3.900909432363198759e-01 2.280251161787280416e-04
3.915000119841584580e-01 2.198898129160158554e-04
3.915328802164408928e-01 2.233916229349611042e-04
3.915818690033164295e-01 2.966006072154683359e-04
3.918475653512784040e-01 2.283003797225242502e-04
3.919479199348389065e-01 1.912391076976507410e-04
3.928798905367001382e-01 2.021609852523259619e-04
3.928833398175774483e-01 2.040551009514842025e-04
3.929951493892051007e-01 1.733093136223942665e-04
3.933146162844353144e-01 1.956353568905854639e-04
3.938301829389277975e-01 1.589160505807210837e-04
3.942837036777134818e-01 1.759479294981946141e-04
3.950595857306523073e-01 2.479739888589572484e-04
3.956248709246718009e-01 2.575445347262375856e-04
3.956480954542868633e-01 2.623280901397292714e-04
3.968693751863274222e-01 4.589578298507246672e-04
3.971590389566566626e-01 1.745935029780231774e-04
3.971914455591653570e-01 2.213403428256155436e-04
3.979414582841803161e-01 2.198950174342493918e-04
3.979889902614160424e-01 1.957390371303843019e-04
3.981632188556644136e-01 1.893243781771187899e-04
4.013307279106312353e-01 1.923606195551776500e-04
4.019187467805577785e-01 1.778237302329737746e-04
4.021618290401612894e-01 1.607243725706681387e-04
4.022539945029801611e-01 2.117078255196712551e-04
4.022900781766603484e-01 3.527161517783350062e-04
4.023842552254836558e-01 1.704058844947111621e-04
4.024831414450203981e-01 1.897952779572908998e-04
4.025683545155886445e-01 1.500225062510823228e-04
4.037551043974028087e-01 1.486254277911097676e-04
4.038460128196391108e-01 1.932112304905429020e-04
4.039505565467202963e-01 2.714548147943710455e-04
4.051721886354707758e-01 2.653552481735303877e-04
4.059843968835886163e-01 2.289904493650512607e-04
4.060467671333416462e-01 1.565775924012698865e-04
4.060820515687711407e-01 1.801118075148128812e-04
4.063611898204899653e-01 1.961230428897158733e-04
4.070797410630010993e-01 2.657215049892360415e-04
4.075681618448974142e-01 1.842951832280654884e-04
4.082340010201747638e-01 1.578304861464239507e-04
4.089667452745720522e-01 2.648497159601232711e-04
4.092062014016291105e-01 1.737411154772320406e-04
4.092549866156092730e-01 1.911034225521010055e-04
4.095179960782739936e-01 4.403200569345443313e-04
4.096831921674686239e-01 1.964229661361367209e-04
4.099994477450207286e-01 1.705839342156498836e-04
4.104306135299124469e-01 1.876846801930203172e-04
4.106080171064998563e-01 2.318228740483557640e-04
4.115947468533890929e-01 2.264135669347376969e-04
4.118303623611120345e-01 1.787700059607061018e-04
4.129112131943916686e-01 1.949844808858454013e-04
4.138363897434069738e-01 2.629628677155164038e-04
4.142006607426574893e-01 2.395433445806115962e-04
4.146236059120271822e-01 1.866659510130524362e-04
4.148812546186024797e-01 1.729409977468052953e-04
4.151966340268745670e-01 1.401171613072859561e-04
4.153517149102264883e-01 1.847441191765909914e-04
4.155846350378676890e-01 1.834216982185056272e-04
4.160056236741230817e-01 1.988965863089587954e-04
4.165430973193784414e-01 1.479696573520769250e-04
4.170534816049364935e-01 1.972912081905895971e-04
4.171735976273093227e-01 3.097896889694968354e-04
4.174189321591892932e-01 1.431560996044138514e-04
4.181681323570359821e-01 2.147929703509782792e-04
4.190161616866294181e-01 1.518977660994066904e-04
4.191258255920965459e-01 1.628308343887273661e-04
4.195669692932005868e-01 1.897746145289201040e-04
4.199195375816960341e-01 1.755246427706650444e-04
4.199426599881947442e-01 2.035940596706074606e-04
4.204030541896780493e-01 2.309946702483730153e-04
4.205960934049685629e-01 1.678919108026136772e-04
4.216384558145628847e-01 2.470066593224079488e-04
4.218928164412145132e-01 2.176699411875300722e-04
4.219069867678948982e-01 2.524867091315016829e-04
4.224766403800644943e-01 2.812779720656900643e-04
4.227485597888696600e-01 2.577938469024082589e-04
4.228509511616347361e-01 2.214449077198839071e-04
4.229843131421462399e-01 2.011693243199252294e-04
4.236579820009708230e-01 3.009262268987712274e-04
4.240648973056455606e-01 2.042693584167800389e-04
4.246624403262462266e-01 1.954775734408244463e-04
4.252406986228959296e-01 2.032541107096743000e-04
4.258175481754532532e-01 2.059926253929947717e-04
4.263683379798363093e-01 3.338144891444033528e-04
4.266832238499141949e-01 2.195067635513136563e-04
4.269407095788148032e-01 1.955379674533805313e-04
4.270212186485464745e-01 2.014413559399740939e-04
4.279003423991587507e-01 2.200502218931626259e-04
4.280356638644861600e-01 1.683749947129330594e-04
4.282583508371147207e-01 2.383370508386188288e-04
4.283554710013049438e-01 1.887816460813160585e-04
4.285157828223773446e-01 1.765343061862054868e-04
4.293881452067906390e-01 2.248872113892234578e-04
4.302197570480956190e-01 1.937941932820690962e-04
4.304197945798046154e-01 1.992920687022328968e-04
4.305718067526429493e-01 1.856399847084780905e-04
4.310029852986650423e-01 4.769068026128830875e-04
4.314094833787313066e-01 4.357665349128099844e-04
4.315957845387463077e-01 2.480393453447873550e-04
4.318038839319750521e-01 1.935278375817932621e-04
4.321812247397711082e-01 3.006015342535783928e-04
4.322191772320183589e-01 2.715230111238990250e-04
4.323489309913371437e-01 1.964184004463827749e-04
4.323821850578057346e-01 1.931182501938544748e-04
4.324204209332314641e-01 1.728399765223039811e-04
4.335292455235178477e-01 5.289343896918092050e-04
4.340804275127591039e-01 2.043809164004622059e-04
4.343985676956556574e-01 2.323080727709803215e-04
4.344806410774479377e-01 3.553105556715296888e-04
4.354314478496242313e-01 2.100994485018320228e-04
4.357318798536778393e-01 1.776805012794237791e-04
4.359599283256473390e-01 1.852881533432395060e-04
4.359884236824085879e-01 1.929003353474156347e-04
4.359976381891775832e-01 1.889835283342536148e-04
4.363416364839259320e-01 1.913294045832412689e-04
4.368945163349235439e-01 2.111263692707353388e-04
4.369211340006041722e-01 2.138326087815624690e-04
4.376582601542279849e-01 2.023619593599968759e-04
4.381141119280483887e-01 2.205243503166764562e-04
4.382161262411679026e-01 3.091405483233082650e-04
4.384940915681984630e-01 2.421672893095298113e-04
4.385143868451695237e-01 1.907677238076663619e-04
4.389646492801729805e-01 1.865147977075813158e-04
4.392133345565257252e-01 2.256733660885863583e-04
4.393140626109262592e-01 2.854585753445851152e-04
4.394512712210909000e-01 3.228103340480063593e-04
4.397389717447948154e-01 2.390003055416815370e-04
4.406053784193042500e-01 1.769033140328864565e-04
4.407315373707585415e-01 1.776069770442277975e-04
4.408081618059117024e-01 1.790782568192678603e-04
4.408275786416631647e-01 1.751667680340533305e-04
4.428967013470043179e-01 1.972633803958614962e-04
4.430008194834252899e-01 2.144456841479140045e-04
4.432276660476226482e-01 1.934417740648774965e-04
4.433808557028579012e-01 2.060260609176672820e-04
4.435572250901026470e-01 1.467486979687001550e-04
4.441733431730695014e-01 3.222885718513223731e-04
4.442669119742027606e-01 1.648437243771166602e-04
4.446498036747368876e-01 2.271029038755504107e-04
4.454890100195729175e-01 2.305071663490400595e-04
4.460464106218665070e-01 1.765404500152087321e-04
4.461201372646725338e-01 1.913492956135797579e-04
4.464743758739641022e-01 1.979092185585880218e-04
4.472751246102407152e-01 2.035542734967121174e-04
4.478628548264783071e-01 1.977604423655964145e-04
4.482681091467782264e-01 2.149515863078212856e-04
4.484517822117295438e-01 1.963329296215798458e-04
4.484789012521626650e-01 1.526011488277338398e-04
4.491588180100715699e-01 2.502648386536991004e-04
4.498209009026071237e-01 2.186316930174577117e-04
4.506089668468739040e-01 2.027002808287120040e-04
4.511736467428915653e-01 1.618394938800971582e-04
4.517925155331481979e-01 2.009494161347424857e-04
4.521751470313073451e-01 2.498501412641404964e-04
4.525490013991604332e-01 1.914562805582902276e-04
4.526116859999937958e-01 1.864583072137493359e-04
4.530457581816589863e-01 1.723394745326136475e-04
4.532738160491915358e-01 2.258256583587477811e-04
4.535026264958564313e-01 2.079066720963434480e-04
4.541879577755305042e-01 2.610919750724206715e-04
4.554785191674199929e-01 2.053008707031184676e-04
4.558576354311096313e-01 1.882411664473663767e-04
4.560383923807426187e-01 1.720759187827730022e-04
4.563334652815236869e-01 2.023554182681719252e-04
4.569092204821320058e-01 2.013443381224455989e-04
4.569557923826013668e-01 1.846553040775449224e-04
4.576244786109270324e-01 1.631416722110522589e-04
4.576913650910767184e-01 1.895079948618148369e-04
4.579912616840348116e-01 1.860124666974134560e-04
4.582746554002217754e-01 1.757376232849774240e-04
4.587113206889715245e-01 1.983544421953105385e-04
4.595775828570282662e-01 1.969932077996362383e-04
4.603153882590530488e-01 2.363917095205778909e-04
4.603721482611510263e-01 1.602257319573260268e-04
4.609128215675356022e-01 2.138326933256842267e-04
4.609285909395983150e-01 2.794799357413723121e-04
4.614716506698492426e-01 1.661503306494645682e-04
4.615251635559337595e-01 1.729774389030930900e-04
4.622032011505063931e-01 2.107434761657949428e-04
4.623344213919839407e-01 2.378241292635542385e-04
4.648742332792270560e-01 1.747210143696518677e-04
4.657999567982309963e-01 1.701629557662992086e-04
4.658228834036537425e-01 2.307683612564361800e-04
4.659906774414829256e-01 1.968248552440576599e-04
4.666992046184975651e-01 2.085363739721703396e-04
4.667498667947136415e-01 3.334644095971120914e-04
4.676265990750235746e-01 1.832500584928716881e-04
4.680777957564851155e-01 1.718775746081812347e-04
4.683892146345037810e-01 2.787225949060881153e-04
4.687996096438712956e-01 3.102401583516223803e-04
4.689037586781335532e-01 1.460012261978994549e-04
4.689498571737781840e-01 1.802338623107235251e-04
4.689773466850135630e-01 1.466886288933588192e-04
4.697566750603627272e-01 2.406917420991410252e-04
4.700751473795513058e-01 1.768744357681533742e-04
4.701311000471175006e-01 2.011350307624443679e-04
4.706408880560361552e-01 2.789538909128278562e-04
4.711539721517222779e-01 1.692127802549632520e-04
4.714470550601072008e-01 2.218895165722609489e-04
4.721917985949872221e-01 1.719707914461256724e-04
4.722008816952644739e-01 2.567031048033228111e-04
4.737517718244016462e-01 1.949168474829777043e-04
4.737565134348987184e-01 1.726084945297775999e-04
4.739828569909610989e-01 2.547013351588278554e-04
4.744306562812580785e-01 1.848624761849925803e-04
4.750869720519699246e-01 1.877454220893904702e-04
4.753796578839162290e-01 2.060177638918081965e-04
4.754575122857508940e-01 1.648437082464741842e-04
4.756895074730815853e-01 1.603319375325439153e-04
4.770391137069979193e-01 1.921204641259078422e-04
4.772120480494203565e-01 1.507724382169802803e-04
4.774400275020798667e-01 1.874291732483886956e-04
4.775767802706025189e-01 2.033563850264260208e-04
4.777997209097592513e-01 1.699819764309911676e-04
4.782251954431077090e-01 1.853999595289330797e-04
4.786075125748401882e-01 1.540192778710450792e-04
4.786380331690481826e-01 2.148264220958295270e-04
4.789988379990818279e-01 2.259466726707614129e-04
4.813825851792816191e-01 2.160874540997753668e-04
4.817496697675219819e-01 1.706068672187283737e-04
4.831695327439777254e-01 1.933997606575018529e-04
4.835441357253396633e-01 1.559010289977393331e-04
4.837944212819122458e-01 2.039146003856131596e-04
4.854310990780889568e-01 1.670710805447969606e-04
4.859897317378297221e-01 1.548929966007365675e-04
4.867423071398702672e-01 2.373069395211784200e-04
4.879267060750024365e-01 2.894722152471331422e-04
4.879998483476734039e-01 2.166387722973086866e-04
4.881393744166974691e-01 1.996017109633761591e-04
4.884754823143112046e-01 2.373999878165353921e-04
4.885435723785828133e-01 1.449613714687539876e-04
4.887802761761601000e-01 1.783757392574443078e-04
4.888903709928933417e-01 1.979864842725824687e-04
4.889507033792190871e-01 1.611650712714500109e-04
4.893949934620001607e-01 1.678078345572668953e-04
4.899451623199790884e-01 2.188864510927590709e-04
4.900388296122444864e-01 1.965585305560196882e-04
4.902007035135175772e-01 2.183620783305929554e-04
4.913834056977579579e-01 1.745740227414024426e-04
4.915081847944094418e-01 1.860952076486983658e-04
4.916306461889057844e-01 2.079670195626902632e-04
4.919182737298945507e-01 2.297184509472115232e-04
4.923623176388508549e-01 1.542025844056559600e-04
4.925316654080440504e-01 1.777397218815040094e-04
4.927182873951836961e-01 1.802463297499835122e-04
4.929063877646506220e-01 1.460348379119171967e-04
4.944131878458035145e-01 2.447882938566988634e-04
4.948668913628556099e-01 1.821219089467854464e-04
4.952352383244547074e-01 1.490930885409022478e-04
4.952803424701187618e-01 1.628080921593715415e-04
4.955610289656627310e-01 2.516462153686397610e-04
4.956697521157544806e-01 1.939444536175714145e-04
4.973232446190570810e-01 1.620624651432688533e-04
4.983774625219332122e-01 2.148184578958410378e-04
4.993035899415377843e-01 1.904900266943654959e-04
5.008672180261298790e-01 1.888217580630021687e-04
5.015313730096596645e-01 1.648863347211658708e-04
5.015338148087707948e-01 2.220984452648282908e-04
5.024376618701128505e-01 1.763532067242113950e-04
5.028287545271412640e-01 1.983482739953473177e-04
5.030081222083970793e-01 2.040785916878955989e-04
5.037368203697832891e-01 1.862225781034987945e-04
5.042881281914315394e-01 1.936199271847004535e-04
5.060572845185120627e-01 1.756678213603035936e-04
5.069145430178153555e-01 2.041614285645885064e-04
5.072656172147318454e-01 2.167656535724087877e-04
5.073154974431780539e-01 1.699025772259558768e-04
5.076224317601472080e-01 1.971880315578868883e-04
5.079851849922125684e-01 1.648976486346356168e-04
5.082402438089823615e-01 1.664824369434193493e-04
5.089047010616435385e-01 2.258921324794738411e-04
5.089362706605821129e-01 1.574050182381067729e-04
5.093996909202115342e-01 2.234332735138695801e-04
5.095624545415181617e-01 2.033117105129092961e-04
5.098117174374564575e-01 1.687032110576844866e-04
5.100653572792209767e-01 1.966469210884272921e-04
5.102342978283379571e-01 2.769474894205281828e-04
5.104968077137173044e-01 1.934512915451474006e-04
5.109757844624104317e-01 1.845657388845736485e-04
5.112738335513979937e-01 1.735512422963512557e-04
5.114760262082924669e-01 1.413650132215613097e-04
5.116766955747573675e-01 1.644697417005507359e-04
5.118139801951979706e-01 2.270565715264796281e-04
5.126900024721338101e-01 1.626841574126168663e-04
5.130133405304647676e-01 2.027429345765191786e-04
5.132665828096908411e-01 1.633394167282731214e-04
5.133048186075991337e-01 1.778647142719269136e-04
5.144965256433594591e-01 1.628392701485314651e-04
5.154028081203780864e-01 1.485873988817923885e-04
5.154295258852016337e-01 1.654237073599808022e-04
5.156179549394922512e-01 2.013317331281814138e-04
5.164258945514171861e-01 1.608602102271294344e-04
5.169025688556110332e-01 2.632392212076648886e-04
5.176466105527282036e-01 1.845506933435873368e-04
5.177757636439631606e-01 1.941525641425151264e-04
5.180799415417278730e-01 1.834948553757250324e-04
5.183919860923242862e-01 1.823277330886524227e-04
5.184444282828636341e-01 1.808325366509148610e-04
5.185423525440192583e-01 1.914669543481011958e-04
5.191757406124100083e-01 1.346794064599856667e-04
5.205863834963230241e-01 2.320689634401694283e-04
5.209138807409910976e-01 1.856422509312781119e-04
5.211233716258613091e-01 1.863019311664486258e-04
5.216184843118937264e-01 1.279981756146575443e-04
5.239538753343893074e-01 1.654731247367275315e-04
5.249689081596055074e-01 1.487457761956114061e-04
5.249809264913437579e-01 1.477188382126464253e-04
5.253739968925573711e-01 5.101750626066430417e-04
5.258781042497812086e-01 1.681343384538202678e-04
5.260834654645420994e-01 1.469634970523016706e-04
5.272153881412857679e-01 2.468937300623952856e-04
5.273818893034870614e-01 1.711116119105317345e-04
5.286128309164959127e-01 2.386816497149970814e-04
5.287287031464803500e-01 1.620151284742520699e-04
5.292354295160091038e-01 1.894938404610846221e-04
5.298316049082888446e-01 2.234872455617596437e-04
5.316533934763281177e-01 1.997021297972660951e-04
5.320704460484853016e-01 1.618403669530990737e-04
5.320946768332451837e-01 1.544901666630319468e-04
5.329330186895081534e-01 3.097572846721235703e-04
5.338312627366967877e-01 1.616981012131587538e-04
5.344905876555992030e-01 2.004373150170756358e-04
5.346880274612193507e-01 1.863111956786698404e-04
5.356779798114085223e-01 1.624917153717337877e-04
5.357209502296396142e-01 1.359895304460746399e-04
5.359001395798476119e-01 1.779609379483608359e-04
5.361071420804682797e-01 1.389488486246852924e-04
5.364655764555037454e-01 1.792101289132954440e-04
5.365327601667930768e-01 1.479643700691894530e-04
5.366145023112015577e-01 1.896057183659738009e-04
5.369269688438065291e-01 1.928179690760692486e-04
5.371567797837839553e-01 1.732073410010648523e-04
5.373369034854864612e-01 1.664558737620139728e-04
5.376824850936852140e-01 1.694047225323609880e-04
5.378275935744868397e-01 1.592339951227362193e-04
5.378945976058585599e-01 1.502277161222391282e-04
5.385275277230119340e-01 1.747491958507107611e-04
5.386600934577029376e-01 1.616384364960234620e-04
5.394040067638004032e-01 1.759096355652877352e-04
5.396794230183948882e-01 1.209229793612404938e-04
5.405580315676388192e-01 1.313134716770078710e-04
5.406713247656644850e-01 2.167241581732382136e-04
5.409369706373813314e-01 2.104526465978808121e-04
5.412821569300898528e-01 1.974389697147540005e-04
5.417290942215371441e-01 1.706953525525538057e-04
5.422596190129642668e-01 1.962263711645395614e-04
5.424895157387127353e-01 1.489585244874644518e-04
5.429710668763741976e-01 1.762429440419006530e-04
5.435117473562559587e-01 2.644319617706258440e-04
5.440321461862611674e-01 1.652715554371691966e-04
5.445933469318922082e-01 1.865132128150794098e-04
5.449477909881200732e-01 3.398449504941668882e-04
5.459949613502715904e-01 1.961239462956369621e-04
5.463268216143621903e-01 2.064830246446095494e-04
5.468362153894059663e-01 1.498570276526306586e-04
5.469647953498204540e-01 2.208085879197901804e-04
5.472170890118310815e-01 1.531437872997711740e-04
5.474982893023220276e-01 1.282089985121629165e-04
5.479436583672049332e-01 1.604769107998348847e-04
5.481796148508444322e-01 2.787015706537256218e-04
5.482262875710232075e-01 1.585630511344963424e-04
5.489430204071406028e-01 2.191081936970976443e-04
5.504176146074073461e-01 1.605297241417111883e-04
5.507814794295301519e-01 1.495545679507871337e-04
5.509599727406550018e-01 3.076638755039339565e-04
5.511794491025630016e-01 1.753187264887463219e-04
5.512419625483950814e-01 1.293507307714602172e-04
5.513159045876188102e-01 1.709164522057899998e-04
5.513433992325372790e-01 2.219473569388312017e-04
5.521557956474588691e-01 1.636808562393638400e-04
5.527471286954056540e-01 1.407743079740792402e-04
5.528836515274281327e-01 1.750553953234214560e-04
5.555850684693763863e-01 1.647026759987666985e-04
5.560775658836613067e-01 1.751375204637887258e-04
5.568863836737193429e-01 1.513222073152174958e-04
5.578300743096220593e-01 1.255423659876097914e-04
5.578660235870087636e-01 1.291681851043643796e-04
5.588687813694657169e-01 1.616232992585733060e-04
5.593573251954633285e-01 2.823827991200030473e-04
5.594547989192192317e-01 2.043407651837454795e-04
5.598247169789415389e-01 1.454563782725547434e-04
5.602698200610908286e-01 2.050669700419004886e-04
5.604356189969285085e-01 1.300947147012740520e-04
5.608775550391977838e-01 1.862070799263262466e-04
5.610888219368227459e-01 1.675030246147848456e-04
5.612824151483782886e-01 1.391749770553450433e-04
5.615911398270496679e-01 3.582031335420149290e-04
5.618043883878820477e-01 2.133779339558864515e-04
5.618658963995425415e-01 1.350545761902766822e-04
5.622173332037712079e-01 1.417201930382830496e-04
5.626926444677278205e-01 1.137875702628552750e-04
5.656507559565255860e-01 1.811859732086010223e-04
5.659015040176124112e-01 1.455208216420503253e-04
5.660782275936210306e-01 1.398648118429894963e-04
5.661868728770714787e-01 1.411499530002415740e-04
5.672180557763574216e-01 1.600367240031252850e-04
5.673482516971708467e-01 1.482498478928965288e-04
5.674166130806215236e-01 1.753636760876196128e-04
5.678115731709101333e-01 2.426266226668446981e-04
5.681631165602956113e-01 1.470491347643188527e-04
5.686109887557367903e-01 1.673428929357288959e-04
5.686346504971229177e-01 1.441102049721748406e-04
5.693817946253489914e-01 1.806119787944703969e-04
5.697746176866913537e-01 1.439114025450702328e-04
5.702474167638087454e-01 1.377830410690698490e-04
5.717109798429461653e-01 1.574795386521775776e-04
5.723434131432673100e-01 1.336930785077546817e-04
5.725401026267861182e-01 1.682594302428790870e-04
5.726571745647838219e-01 1.702145789599882075e-04
5.727859691603058856e-01 1.708671695870327600e-04
5.731496330661393079e-01 1.953593364757095292e-04
5.734611956949179357e-01 1.360540864520540748e-04
5.740773214470061836e-01 1.715443056835160799e-04
5.740930650819016101e-01 1.729982997136604919e-04
5.745501615191520584e-01 2.042644247947262854e-04
5.749070690657969163e-01 1.603451484489899954e-04
5.758816420030434813e-01 1.309187934678217161e-04
5.762061523546339048e-01 1.347918086904471445e-04
5.763721938433681302e-01 1.892772568873330580e-04
5.764664754812282021e-01 1.293986728418781030e-04
5.764719684240823261e-01 1.681298038711258498e-04
5.770961118787083510e-01 1.324182018472872078e-04
5.773157914296767057e-01 1.362020005620274022e-04
5.777772312147743117e-01 1.354511455033549714e-04
5.779945386487498338e-01 2.121521636517208751e-04
5.791074651247717364e-01 1.345857000418091884e-04
5.801627966552621585e-01 1.517004865832979063e-04
5.816513106014880030e-01 1.884639539224487780e-04
5.822362115928596538e-01 2.041528213316310769e-04
5.827292780781706538e-01 1.419411780904833616e-04
5.832948359381583403e-01 2.033846278247773850e-04
5.847710448718632659e-01 1.775907779543095186e-04
5.848478553366207588e-01 1.267187923985002790e-04
5.856282791070668292e-01 1.475153185605748371e-04
5.856513802273161096e-01 1.395322469922552261e-04
5.861732947015562134e-01 1.340046993057583062e-04
5.868410897987650365e-01 1.655026922769732838e-04
5.873214342612425032e-01 2.135314869157423035e-04
5.873492229212667892e-01 1.983858793525375690e-04
5.874425673070233778e-01 1.403002299490462902e-04
5.880535559498358822e-01 1.455963747186886478e-04
5.882420684796050292e-01 1.433066494575561749e-04
5.886179684464969419e-01 1.548751374253459886e-04
5.892888595167795618e-01 1.428541150211192683e-04
5.895387488776017149e-01 1.238260130653077637e-04
5.896134434652889889e-01 1.627194189966374330e-04
5.897622505500843548e-01 1.463871162769053605e-04
5.906724124512647833e-01 1.246205944160871893e-04
5.917934907503705766e-01 1.536764602951014021e-04
5.923095173177231887e-01 1.534829917229959932e-04
5.925620009991445780e-01 1.559816989679924494e-04
5.927859541242852526e-01 1.465825590042661893e-04
5.936746157796962686e-01 1.364635133727616168e-04
5.937918778479017723e-01 1.384251702465683520e-04
5.943412072941561819e-01 1.405831796240818361e-04
5.943866522741996228e-01 1.539226999815907512e-04
5.949146963903134688e-01 1.356132203905441162e-04
5.951748072455198546e-01 1.751179712415829514e-04
5.952085326327495318e-01 1.593447689149699552e-04
5.952461590651362267e-01 1.902165144957269698e-04
5.965461075710263295e-01 1.639327783272743642e-04
5.968408502236520752e-01 1.480174505705942516e-04
5.968588298773280787e-01 1.550686890288046206e-04
5.969646315625698474e-01 1.405897732252884224e-04
5.980832404588196649e-01 1.771715349779791544e-04
5.985840167433122971e-01 1.922230563122114238e-04
5.989567269065070310e-01 1.219611062879375374e-04
5.997999421866092584e-01 1.367128515594356929e-04
5.998151130127876707e-01 2.195146180928124187e-04
6.000075611235463624e-01 1.661676958921475596e-04
6.001580985168700755e-01 1.574660715070757460e-04
6.006665772214886401e-01 1.327603020044378654e-04
6.008423585893345464e-01 1.781331452946039275e-04
6.012376216866346379e-01 1.774414849605167560e-04
6.022200872146187267e-01 2.130019765244176868e-04
6.022336394596775611e-01 1.470349033395609384e-04
6.026029414208005086e-01 1.371683473348649291e-04
6.031087543811024521e-01 1.472551883915993029e-04
6.033766049530936426e-01 1.646951569225517159e-04
6.037312693685534803e-01 2.081985352168427839e-04
6.043584157635424337e-01 1.596903955551873570e-04
6.048748554089468099e-01 1.862990266933722708e-04
6.054750125189608534e-01 1.444681517124026774e-04
6.062583948189468330e-01 1.799914060011475287e-04
6.066146804698414607e-01 1.243850314869170462e-04
6.067945605426388056e-01 2.607413425332853621e-04
6.071926781575014420e-01 1.466198246121039827e-04
6.075681224935561842e-01 1.737344516559174870e-04
6.085222083969780149e-01 2.323107644901926169e-04
6.093684610196863360e-01 1.357617141016204500e-04
6.107751509573999815e-01 2.665121283816335022e-04
6.120055416652410152e-01 1.372526554701493015e-04
6.120106779786658180e-01 1.655626967790901124e-04
6.131268074675444435e-01 1.406798596952930349e-04
6.139489216367057800e-01 1.167155718839602821e-04
6.141067686882644150e-01 1.813768971533834230e-04
6.146257948508985214e-01 2.107691375031983086e-04
6.151426061539477796e-01 1.538657811197037138e-04
6.155272002969365275e-01 1.665840434227106612e-04
6.163304284024702095e-01 1.468291103221163103e-04
6.177084643830286215e-01 1.282243217856611028e-04
6.179316425809666669e-01 2.128298337734531027e-04
6.180368479655228287e-01 1.517256515821011151e-04
6.187281835583408052e-01 1.295118706384971834e-04
6.193639363096707928e-01 1.683162437598126338e-04
6.194955730847774289e-01 1.525336248410393946e-04
6.195476757548964430e-01 1.726474140393955987e-04
6.198991099765606139e-01 1.299567009674158942e-04
6.203496495809828204e-01 1.201968894036510685e-04
6.211643969576483570e-01 1.427989248095094604e-04
6.212879004092062285e-01 1.736675653385868600e-04
6.218966310283328136e-01 1.495522103005613964e-04
6.220655775036239010e-01 1.092535231791941735e-04
6.221208882074630298e-01 1.637053897114604142e-04
6.224377869623300974e-01 1.337775145632334294e-04
6.225503391726013858e-01 1.395023630280812902e-04
6.225572496701572422e-01 1.996334888058336231e-04
6.230968591037696624e-01 1.876857006433269015e-04
6.235175846052851689e-01 3.128483478702074770e-04
6.242632547706810087e-01 2.243351770521714395e-04
6.254869606644199997e-01 1.170007106430891045e-04
6.268275937364260475e-01 1.306363365809874201e-04
6.280067856268931603e-01 1.357700109485727872e-04
6.281791970214622989e-01 3.955054504497237337e-04
6.285108504704775001e-01 1.555205985483021781e-04
6.288754098256860159e-01 1.330196952178326110e-04
6.295600188776094841e-01 1.203017661920625805e-04
6.301054276253504893e-01 1.630819969906420410e-04
6.304000051414782035e-01 1.272295240577772332e-04
6.304620799581341917e-01 2.445158466527145159e-04
6.312302633327065982e-01 1.678237077155680837e-04
6.326713407306008286e-01 1.280087374118481214e-04
6.327584665762396865e-01 1.521249566439400447e-04
6.339790893802820237e-01 1.182728602986397220e-04
6.350136896993230362e-01 1.577905093429653389e-04
6.365342671566407429e-01 1.525492519549701042e-04
6.366696818004237146e-01 1.919921925471218429e-04
6.370503857164709904e-01 1.450690592093319662e-04
6.379040099167738731e-01 1.588341662277812998e-04
6.387600949681069284e-01 1.433111989886510476e-04
6.393512385819254407e-01 1.488089147692764705e-04
6.399376702082421042e-01 1.289223528721784818e-04
6.404117041497223717e-01 1.418267563600219302e-04
6.409628490983986238e-01 1.415848341400945804e-04
6.409679951461551006e-01 1.250792680520689307e-04
6.419679547465545477e-01 1.309742701116192796e-04
6.420615710276210697e-01 2.237214239471452878e-04
6.431560039251601468e-01 1.766499817409964356e-04
6.432307287577571087e-01 1.314208499970340876e-04
6.433133812880994507e-01 1.414767387835734870e-04
6.433472176266823439e-01 1.358271466691793913e-04
6.436933302282331626e-01 1.868419646049805898e-04
6.442525447676088479e-01 1.224721441963614915e-04
6.463846289858851124e-01 1.390611541813017071e-04
6.465436833169706521e-01 1.696458447047620628e-04
6.478748054865812733e-01 1.356701885929991348e-04
6.482608059610607265e-01 1.593429050373325730e-04
6.484579192950907789e-01 1.701222411566303183e-04
6.493047327253270717e-01 1.787007438989802370e-04
6.495224227313848298e-01 1.583518312218819496e-04
6.496830879063931752e-01 1.556642474617327652e-04
6.505085427399713849e-01 1.096779801289650907e-04
6.514570566388685480e-01 1.786451432962699861e-04
6.519753311290994446e-01 1.269284784404300166e-04
6.527576738512342880e-01 1.443696270094970162e-04
6.540966240434222811e-01 1.299050842938797483e-04
6.542793908746284970e-01 1.399637592483191106e-04
6.543848301669731304e-01 1.289677589023901355e-04
6.548514626652602866e-01 1.948271984911423965e-04
6.549346277326848487e-01 1.545369684897127561e-04
6.553324160243281238e-01 1.537598555142775329e-04
6.555850163207893599e-01 1.133362769080468129e-04
6.558186308767921524e-01 2.219446432654029275e-04
6.559821717221016035e-01 1.086314494770885620e-04
6.571513402117911129e-01 1.505226427131191823e-04
6.579998155636662682e-01 1.179539178469024590e-04
6.580467395110262130e-01 1.535074451914934172e-04
6.583741743360499443e-01 1.544747276647437937e-04
6.595267376533078263e-01 1.458126721187479654e-04
6.618483485636514896e-01 1.155919484400852698e-04
6.619117050050412621e-01 1.351711861567437309e-04
6.631802575148093570e-01 1.615658012761807575e-04
6.635162164507597549e-01 1.589461625813330323e-04
6.639393147272406592e-01 1.263775500517208051e-04
6.642659743605362488e-01 1.301027629498409139e-04
6.643661954943038683e-01 1.139454951173296705e-04
6.648487638912186082e-01 1.696091379596836976e-04
6.648527548824987310e-01 1.190839909575632790e-04
6.659568626904089905e-01 1.205435101520992901e-04
6.669032673695440838e-01 1.429928351008198921e-04
6.675403562371012844e-01 1.574391153508142359e-04
6.678512438956716313e-01 1.537290994553026002e-04
6.687025633410282888e-01 1.580720840249025011e-04
6.693372985035275224e-01 1.469426372636988183e-04
6.693994369083323681e-01 1.453106864075723857e-04
6.698710063893545952e-01 1.280600815762475376e-04
6.706083144815649932e-01 1.442094771563931066e-04
6.706385790656572699e-01 1.361681274919192990e-04
6.707232351640399770e-01 1.272717429894740172e-04
6.714757218418027085e-01 1.455201213130121829e-04
6.715049259711147744e-01 2.218713652873228277e-04
6.717415687091561338e-01 1.248053286491449215e-04
6.727296538866464060e-01 1.526100356384554207e-04
6.735572320831200166e-01 1.949647045908061089e-04
6.737125127430034777e-01 1.456631505639174038e-04
6.738702253959969468e-01 1.128667120111660500e-04
6.743882509297933758e-01 1.848041840008584149e-04
6.747063875108412212e-01 1.340674521613439052e-04
6.750399913871588664e-01 1.130243822813650724e-04
6.757792720496433869e-01 1.445408866400415735e-04
6.760433644759544780e-01 1.670090906161904949e-04
6.776858687255644664e-01 1.115964474403000956e-04
6.779161763286880582e-01 1.212762266877415038e-04
6.804833234765673700e-01 1.172660061106871635e-04
6.809729329125553399e-01 1.420320879548404576e-04
6.812188731341646264e-01 1.490146079476028433e-04
6.812668909154875330e-01 1.266135936556840212e-04
6.812760621549185380e-01 1.354971431440425114e-04
6.816965856149495018e-01 1.289467924099371818e-04
6.821726683226247978e-01 1.061448530856766496e-04
6.825154269295898857e-01 1.386760122987364498e-04
6.828462885298030027e-01 1.913227312093736037e-04
6.830064152686792234e-01 1.154347218230333176e-04
6.848058525330479318e-01 1.356948394306351966e-04
6.849543320859116102e-01 1.251001565266647358e-04
6.854697663460519452e-01 1.422863046557953416e-04
6.856301871564246531e-01 1.104682755264724600e-04
6.864076695363533487e-01 3.666910496481156864e-04
6.871330964951527509e-01 1.689728993567462016e-04
6.873799714653646697e-01 1.168028175460573932e-04
6.902296147405910798e-01 1.285494393383713118e-04
6.903601442129884136e-01 1.659916134521476311e-04
6.908796165482011808e-01 1.088335098840957670e-04
6.911249335208127231e-01 1.565291490562302815e-04
6.915690917708998686e-01 1.439447155083509080e-04
6.920064319228138583e-01 1.756435782398872996e-04
6.934276103770368183e-01 1.167065610793028549e-04
6.934847269314613483e-01 1.496725083397984772e-04
6.947349963790593330e-01 3.148576897171907881e-04
6.968324590138861296e-01 1.568448878076796993e-04
6.969433434748983913e-01 1.139744236502646259e-04
6.971158261715683091e-01 1.503521978508865799e-04
6.972263630554165204e-01 1.146288844439875040e-04
6.972696946603664792e-01 1.134611340498558002e-04
6.973182140164571052e-01 1.161627474663682366e-04
6.985807824005978439e-01 1.089831185413937657e-04
6.986220254187177625e-01 1.171808332230131412e-04
6.986333350364529737e-01 1.522549366184609268e-04
7.003962899675693077e-01 1.286012644181615174e-04
7.006039693396867163e-01 1.243341721247343662e-04
7.006704299687258608e-01 1.374901568398041783e-04
7.007188688294572199e-01 1.427451970969314708e-04
7.008896722070220298e-01 1.911582515469596418e-04
7.013974185324410859e-01 1.499520066380285500e-04
7.015837650892136068e-01 1.204443865360694968e-04
7.036876685263163678e-01 1.508606846007997174e-04
7.037385994444930182e-01 1.209852014576587363e-04
7.051867492487435829e-01 1.250308827057226033e-04
7.054384614782870377e-01 1.300911435996717164e-04
7.055078568430439567e-01 1.271397853971093991e-04
7.059495921416172326e-01 1.083262194012857331e-04
7.060974820729020163e-01 1.831643031613526941e-04
7.072544907818318904e-01 1.175526693688106801e-04
7.075418231221499710e-01 1.063435876363363821e-04
7.076137770150259243e-01 1.422616805560797512e-04
7.089105470303584955e-01 1.350975765041857908e-04
7.091807039559967496e-01 1.450496690626871025e-04
7.092183528140686422e-01 9.416073631756496410e-05
7.106616638910111527e-01 1.214525638846700113e-04
7.110118190875476252e-01 1.397604719692975507e-04
7.115242207366055949e-01 1.150678769462457648e-04
7.116144165672404487e-01 1.143796907940712343e-04
7.116965230145350096e-01 1.433119569734322984e-04
7.125704934870997764e-01 1.268517212862398374e-04
7.126195122315944763e-01 1.306248783145870236e-04
7.126652705642299024e-01 1.460414915450388774e-04
7.131025841260628662e-01 1.272563654686241844e-04
7.142853768511181478e-01 1.291518547703054368e-04
7.147481096334650230e-01 1.191843949466762367e-04
7.158749737386130851e-01 1.121948837593427965e-04
7.159927345888742467e-01 1.235475921193013185e-04
7.162912223553237201e-01 1.072889956197766522e-04
7.169477364386761531e-01 1.662191176013537333e-04
7.172256436874950847e-01 1.532082464251182134e-04
7.173064597776763751e-01 1.485980013949378517e-04
7.173731077184387628e-01 1.124417094586852299e-04
7.191370424683373175e-01 1.899866251696239480e-04
7.198930875153145559e-01 1.226998395858062182e-04
7.200070695278331101e-01 1.542320874394848484e-04
7.216488350708319954e-01 1.107695333086831946e-04
7.225687090152300707e-01 1.368254574626808330e-04
7.227851225274166680e-01 1.419233725965924307e-04
7.232135824586801709e-01 1.324723904808733995e-04
7.232683887959989733e-01 1.312249425638123900e-04
7.244234834063500994e-01 1.257444477369364284e-04
7.251954254672794420e-01 8.508500952068482107e-05
7.256042177600172671e-01 9.722847229296847200e-05
7.259357966376264182e-01 1.304790581190577118e-04
7.261407607736998226e-01 1.308686338174218811e-04
7.265096631571342778e-01 1.251903306355417445e-04
7.274542084333209813e-01 9.524421916902961634e-05
7.277701154182861787e-01 1.627144414382454150e-04
7.285532083953519811e-01 1.121984560585341978e-04
7.294866667138510952e-01 1.153326940418837376e-04
7.298092291470640314e-01 1.412557541067988856e-04
7.303255629432278129e-01 9.273698917617109608e-05
7.309304911790807102e-01 1.178228894272662645e-04
7.310706543644350797e-01 1.484739825934030589e-04
7.313034458521998626e-01 1.026781000833015589e-04
7.319653522438951398e-01 1.147055194076855296e-04
7.321393505028560567e-01 9.923822233768797509e-05
7.324299961434120876e-01 1.074082769043131443e-04
7.325262621872782320e-01 1.063691559837826099e-04
7.335798611942818681e-01 1.377226925587613502e-04
7.344721092914833216e-01 1.349340981746516689e-04
7.350437238689443431e-01 1.106088796304231293e-04
7.351829478374579674e-01 1.473417208352292861e-04
7.357262779560199695e-01 1.064872789726354642e-04
7.368203518988180045e-01 1.470315589726566225e-04
7.382413040020252559e-01 1.176185972196899592e-04
7.396861723626713125e-01 1.293097906918749351e-04
7.403642781308242826e-01 1.389865475993894313e-04
7.433689879326607075e-01 1.439051431931277097e-04
7.434885682781393612e-01 1.597014078907284577e-04
7.445604805247877378e-01 1.180739892639295690e-04
7.452416826492909152e-01 1.077827703488389239e-04
7.453932865477622682e-01 1.092544897944997933e-04
7.467866853571391017e-01 1.183082791876576993e-04
7.472380139366753271e-01 1.326677188943580193e-04
7.475089176921541068e-01 1.318779075341153196e-04
7.485791513535073882e-01 1.376933528571298111e-04
7.487273604248738668e-01 9.834006773107542457e-05
7.487877075353092104e-01 1.234699552840387690e-04
7.495566176370814793e-01 9.516727759941038319e-05
7.495578495939991814e-01 1.035509089688330055e-04
7.507111552539782462e-01 1.103653972608752013e-04
7.511516638975190840e-01 9.851571400848200600e-05
7.514125086116977270e-01 1.134967516846203630e-04
7.517528549777428015e-01 1.242146675105070604e-04
7.517660926583733527e-01 9.924595646813386411e-05
7.521304033591583726e-01 8.917531431298550935e-05
7.524582061422449009e-01 1.200704251525016312e-04
7.532519127214294397e-01 1.225980550729375781e-04
7.534879015896807086e-01 1.326151976300989890e-04
7.545629612858438806e-01 1.154408479972332438e-04
7.547669858875918347e-01 1.132544069657060587e-04
7.558698703376164341e-01 1.474411007047763322e-04
7.560547998006053039e-01 1.080524515375306204e-04
7.561402935010578252e-01 1.281990433035739532e-04
7.575653171760002857e-01 1.022694512334778081e-04
7.581219598077791888e-01 1.252498274490532247e-04
7.583171347735535583e-01 1.204487739589380179e-04
7.585867675795706644e-01 9.623731866077281133e-05
7.586574037077420396e-01 1.058785112939485774e-04
7.595105884791291118e-01 1.264900287781973174e-04
7.597291567102678611e-01 8.156753100607144345e-05
7.603270275693778668e-01 1.143080674945580694e-04
7.615064723213419429e-01 1.231707701458448039e-04
7.617917483618981134e-01 1.251275771746951056e-04
7.624509780482532362e-01 1.284179808942935246e-04
7.632756435079642854e-01 1.098273932008502607e-04
7.633857543452094996e-01 1.096207121311292367e-04
7.643898041060974702e-01 1.431190109283232519e-04
7.658476944726746449e-01 1.117773031308065047e-04
7.658757683173216257e-01 1.120811364057287802e-04
7.661549636025253296e-01 1.076225308400832964e-04
7.661931551958053310e-01 2.706677843940253616e-04
7.666754083089438732e-01 1.307246967408758271e-04
7.677635474764807899e-01 1.152295957981903425e-04
7.684073114030555152e-01 1.276205572655661588e-04
7.688440461713199614e-01 1.070336019718648283e-04
7.696758863102987069e-01 9.170765059416233266e-05
7.709376010030707382e-01 1.320716051478233342e-04
7.715482913994924363e-01 9.792661948656380966e-05
7.717561638439262017e-01 1.115163606215838313e-04
7.718092880173325065e-01 1.396905763641154640e-04
7.726387227089152043e-01 9.223788694283405578e-05
7.731261970804419459e-01 1.031803940992038170e-04
7.731432738875992916e-01 8.990474903388547922e-05
7.736101639899228832e-01 1.013313293877594683e-04
7.742958625247620130e-01 1.138086128110957782e-04
7.744747750643907747e-01 9.195763988867012770e-05
7.752822768539061604e-01 8.198735672169061098e-05
7.753542436723134257e-01 1.138355251025184573e-04
7.754785676829236696e-01 1.108966660308116284e-04
7.756174082726597918e-01 8.652624971119091157e-05
7.773984408554783787e-01 1.083846248346686224e-04
7.785957618613934539e-01 9.314923301675717411e-05
7.786560283680897809e-01 1.209329506435739246e-04
7.787514921866129924e-01 1.017144750407945517e-04
7.790058722732774443e-01 9.127322199251361012e-05
7.799253012084217396e-01 1.039501337630041106e-04
7.800734514941287667e-01 9.420598163674633225e-05
7.801104134529844858e-01 9.417087962440659921e-05
7.811695839407604147e-01 1.096902082207393313e-04
7.823067974049082718e-01 1.368460841782653348e-04
7.828661260511399211e-01 8.775188594900287461e-05
7.841784363714308093e-01 1.036263652071210011e-04
7.846296387476262568e-01 1.109179979524834494e-04
7.851380127293188238e-01 8.135364876552832452e-05
7.851639630553475246e-01 1.011089104030905020e-04
7.852853719332025806e-01 1.388947393816390057e-04
7.856992922276399005e-01 1.112389315330345146e-04
7.858995120916202337e-01 1.072980012139798189e-04
7.870610472834002058e-01 1.173524159750165415e-04
7.878589607385889648e-01 9.404039174752165697e-05
7.890217027318143783e-01 8.150043030000938518e-05
7.899377624629423389e-01 1.071556785203397946e-04
7.901316251622427789e-01 1.141417506127785474e-04
7.902903615128528125e-01 1.230295304562948873e-04
7.905377474198118648e-01 1.196151938856314666e-04
7.913106941897285473e-01 1.181370886283015267e-04
7.924696291615470622e-01 1.181945449063959657e-04
7.934330636555424476e-01 8.566226085943224786e-05
7.934511048845709347e-01 9.325349294730655980e-05
7.937145257060383985e-01 1.250617285247288121e-04
7.937270781950092058e-01 8.811562242215578700e-05
7.937871885463800847e-01 8.360647716058654071e-05
7.939705267886203455e-01 1.041950045704106200e-04
7.956030167142204013e-01 8.367229490902319453e-05
7.960900696307915414e-01 9.764309409705901571e-05
7.963583971260662642e-01 1.244791109608261244e-04
7.964909668623865180e-01 1.232392868018607744e-04
7.970224971249662005e-01 1.235325983758793456e-04
7.971310621143764541e-01 9.035029668631441911e-05
7.971648072674255570e-01 8.761996006306020895e-05
7.974658690407688821e-01 9.454544402706404249e-05
7.977315461637602967e-01 1.099380860821641055e-04
7.978534254076943277e-01 1.071106314668325007e-04
7.978990805312655699e-01 7.510543433375885258e-05
7.980432517501576672e-01 8.269242082396829701e-05
7.982248345214514318e-01 1.045233219531118909e-04
8.002958934241598543e-01 8.965689467387992669e-05
8.005237640453378711e-01 1.061691270100674272e-04
8.006948656346596360e-01 9.229806347575605354e-05
8.014007667150648828e-01 8.333997695576477707e-05
8.026336304043709680e-01 9.160376576366246527e-05
8.038613183139980967e-01 1.083925637438106003e-04
8.047418666865268078e-01 9.697925926858054371e-05
8.052242215538107928e-01 8.474080560468924572e-05
8.052501036247446953e-01 1.059370032496374559e-04
8.062545644724433691e-01 1.106407504775641513e-04
8.064015207340867741e-01 1.014601450661949312e-04
8.076045215073440753e-01 7.866533206169882316e-05
8.080824939637868409e-01 1.082453333776894997e-04
8.082845099831105218e-01 1.092060687909832833e-04
8.084823245947586612e-01 1.063584440314719243e-04
8.098482586546869033e-01 1.068063077795436931e-04
8.100302202029320275e-01 1.009262796474389427e-04
8.106720717648225882e-01 9.850689196644899295e-05
8.108953477732223636e-01 8.854137350731323150e-05
8.121364001494081331e-01 2.551880649695691637e-04
8.123767658615624887e-01 8.570323178523511862e-05
8.127936521253688040e-01 9.359784661369321837e-05
8.139707107245341966e-01 1.425022452098631824e-04
8.156939450659772550e-01 1.327360822621900316e-04
8.161079433423614748e-01 2.583085476676757575e-04
8.172990763978954520e-01 1.066937262461986125e-04
8.185009972670072020e-01 7.857795433970024568e-05
8.189387772598113457e-01 8.900391074820515191e-05
8.191211715773750734e-01 1.162150317018590176e-04
8.191359222166741949e-01 1.075285980652659082e-04
8.194780644489338961e-01 1.002824011809893211e-04
8.195131511347550912e-01 9.067207590178437133e-05
8.198536750857581268e-01 8.120126588847404998e-05
8.201335867018996195e-01 9.191970259348313378e-05
8.201963724688274837e-01 8.535975980850404432e-05
8.208086600628047291e-01 9.338785897672258792e-05
8.208680210989839354e-01 8.496834463790486089e-05
8.211087371568995819e-01 9.477311694009632784e-05
8.217580377682635051e-01 1.036697575930129134e-04
8.238071382259232189e-01 7.552097915246366725e-05
8.240745084916937246e-01 1.168420892048191402e-04
8.241409471432510347e-01 9.146040832528934709e-05
8.245005822951931851e-01 8.592478482381338614e-05
8.247333489336453605e-01 1.186911872513571803e-04
8.255873476558692747e-01 8.127316953631683538e-05
8.262066457350737414e-01 8.611228548056562440e-05
8.272113958580636917e-01 9.304497994143469159e-05
8.276923402193263613e-01 9.823499451355321033e-05
8.277236324767978104e-01 1.011061296896227060e-04
8.277420969939177642e-01 9.796227691991048626e-05
8.278589347807392418e-01 8.122607234836496770e-05
8.288497808735906247e-01 1.155927180568904644e-04
8.293362358709853721e-01 1.225086567845878297e-04
8.304448892867424270e-01 9.923499256261051780e-05
8.321534669704349074e-01 8.575367578703069541e-05
8.322528347895503664e-01 8.839161203169626632e-05
8.324073574054579039e-01 9.156042939469988869e-05
8.328092041076859964e-01 1.115873811187088584e-04
8.333063008640155811e-01 9.955955467511048919e-05
8.355740402001750056e-01 9.190602665447223285e-05
8.359849638565314267e-01 1.159459798529975162e-04
8.362912934756880912e-01 8.651042563405997646e-05
8.366046374483017134e-01 8.472558556789138925e-05
8.367019427409210230e-01 1.130086393636833613e-04
8.370901484580298701e-01 9.372158411075410156e-05
8.377035219796437060e-01 8.267370416874748114e-05
8.379173407572648724e-01 1.176991597063117053e-04
8.383534701548138734e-01 8.104031943183312686e-05
8.390275708950351019e-01 9.252501141681113996e-05
8.401230426317439770e-01 8.786255131507111709e-05
8.402215092242706351e-01 8.451516009165210646e-05
8.403335834026651741e-01 1.049697870132623712e-04
8.411967012127460341e-01 7.058647608798250506e-05
8.426857062355057604e-01 8.448546125562098020e-05
8.427119888958162219e-01 1.030209191139964454e-04
8.428937148292074966e-01 9.173667277597096447e-05
8.429314127247214961e-01 9.156649990803242018e-05
8.432487424787672436e-01 8.564359220486864618e-05
8.433253772577181673e-01 8.474378390374353795e-05
8.452546170197620112e-01 1.387806037394775157e-04
8.456026236994216294e-01 8.810558047529501240e-05
8.457708834920119045e-01 8.163639724685872821e-05
8.460451096659853398e-01 9.898677426840045608e-05
8.471569655686228550e-01 1.074143177830205319e-04
8.471882754602567678e-01 1.137188323771897688e-04
8.473553413628372999e-01 9.561968105425188769e-05
8.485384734383595307e-01 9.533429483790817631e-05
8.497353090104210471e-01 8.391502481119926353e-05
8.499403902920831255e-01 7.574788538698274244e-05
8.499757627325960074e-01 9.000919180465325375e-05
8.515290969828169798e-01 9.873526058510286225e-05
8.515996033796283671e-01 9.139713028184903569e-05
8.533162350938319207e-01 9.740482259868344251e-05
8.536656927692041208e-01 1.011464133444341980e-04
8.541001133429900749e-01 9.058062515185274621e-05
8.570372314219367738e-01 9.482466173343750808e-05
8.574946770213978109e-01 9.947291721842520685e-05
8.577196632619157324e-01 8.200621032104122318e-05
8.584952503433465054e-01 7.349675639646515888e-05
8.595654272561682463e-01 9.600577240965002079e-05
8.603507278666351343e-01 1.211345635098453493e-04
8.605194743913165967e-01 6.661448040788001763e-05
8.605613702901112605e-01 1.138525244064086039e-04
8.617025125568446020e-01 1.061023810189217848e-04
8.620291695421543610e-01 1.136267193738924042e-04
8.632157838995052623e-01 1.022998225303724848e-04
8.632265530205506243e-01 9.765955504807832138e-05
8.637738371797700765e-01 9.558515603075292083e-05
8.645786900636164285e-01 8.569613006766426788e-05
8.653143083745115094e-01 7.455033263824635710e-05
8.653708353001531295e-01 8.276504485260228875e-05
8.657527059210158304e-01 8.012525728976568776e-05
8.659175736753862429e-01 1.649240079217444729e-04
8.662477204730838487e-01 9.439055404132254098e-05
8.670096701965651631e-01 9.095007200786169759e-05
8.683075055942603981e-01 9.629493380934747108e-05
8.693525249081370809e-01 8.730088390110741180e-05
8.697971249627319823e-01 8.538629047383523699e-05
8.703046072887677953e-01 8.778009058037745753e-05
8.715154110842286972e-01 9.173051080674834426e-05
8.723116171913518624e-01 9.353721619395022964e-05
8.727196750679999671e-01 8.554246106558463926e-05
8.732376994250037328e-01 6.866735031482709890e-05
8.733191594573059824e-01 7.200093015688782108e-05
8.737391315562065275e-01 8.652514299327777067e-05
8.743125180452149259e-01 1.125557339321330539e-04
8.752101517645675122e-01 8.061276781766416499e-05
8.754190767948114571e-01 9.454390874823386871e-05
8.757319467863524665e-01 1.039009834047329491e-04
8.760762168654594451e-01 8.969415335130345626e-05
8.776946390851275703e-01 6.995884808369021255e-05
8.779823634742027760e-01 9.031143079673791918e-05
8.797604928949174230e-01 1.024471202841692387e-04
8.807600225677179040e-01 9.340250943337560872e-05
8.813835978559380058e-01 1.029546006310336827e-04
8.823962730813068589e-01 8.304342003994009697e-05
8.824427647657170359e-01 9.961270957464560369e-05
8.824596611956203596e-01 7.499364880673125959e-05
8.824874572229103320e-01 8.827357899150012994e-05
8.825294957011742270e-01 1.060362824675359735e-04
8.833424326036610763e-01 8.815314730852068193e-05
8.837117444110348385e-01 6.693647919078248346e-05
8.865547564507114675e-01 6.773488172598223780e-05
8.867466843885398742e-01 6.582680504749442317e-05
8.878441941399368709e-01 8.510523517311669069e-05
8.879037723174824093e-01 7.000206902920449699e-05
8.895380796756704456e-01 8.938579364424248689e-05
8.900568329817631907e-01 7.792367330792392035e-05
8.903674986870535601e-01 8.905435527641555079e-05
8.917305311184626770e-01 8.472487620003380350e-05
8.918044379020720891e-01 9.074130056797803569e-05
8.918425666063549695e-01 7.849887818085890317e-05
8.921405581389019179e-01 1.037027787157202610e-04
8.940594025318733262e-01 8.895768431880574567e-05
8.941254527996278512e-01 9.779715110074909930e-05
8.944738676941378364e-01 1.599928593896062672e-04
8.948423376465409751e-01 9.790329150861184669e-05
8.954256030499032626e-01 7.350193950287942394e-05
8.963018966702548385e-01 9.079421382479686982e-05
8.969443044109719487e-01 7.532734457833220902e-05
8.972545856797597974e-01 1.928752690541345345e-04
8.987491860396633614e-01 8.592917518292408549e-05
8.988442716308953084e-01 9.718669690238543714e-05
8.993437655866288738e-01 6.692888567621111599e-05
9.006326230087083884e-01 7.748199218510189916e-05
9.009191683429980113e-01 1.390357687566528449e-04
9.019093511878827352e-01 6.962252245433819310e-05
9.020689470333884685e-01 9.772641521727204288e-05
9.033487758864655603e-01 8.652105648506332452e-05
9.044385080396833976e-01 9.183326576431524485e-05
9.045706257725041333e-01 8.203288306041880463e-05
9.048010489939672940e-01 9.819425839177222781e-05
9.052776124927343071e-01 8.872617706115183646e-05
9.055363691681729277e-01 8.215986350074600160e-05
9.057982900707693963e-01 1.138806850812286312e-04
9.061812505426883879e-01 7.296744485779659039e-05
9.064163133141174278e-01 8.668817431149280551e-05
9.066071361953270680e-01 8.741299531446388642e-05
9.084909994612500039e-01 7.431125468183444663e-05
9.107339796042923652e-01 8.084760306804025570e-05
9.116089706790287961e-01 7.631802273945499616e-05
9.125670126390660331e-01 9.239641511118850683e-05
9.132617402617139168e-01 8.204897445342227509e-05
9.133958912400476082e-01 7.237397731028636185e-05
9.135285779741686429e-01 6.973516719941958830e-05
9.139558747887777113e-01 7.278936763511965034e-05
9.143418177677572478e-01 8.187748179461324066e-05
9.145142916851720649e-01 6.846326112934741871e-05
9.157225986433924492e-01 7.080350482742181527e-05
9.157405079458197372e-01 9.225763513778787090e-05
9.163934275448645250e-01 7.751746043381929619e-05
9.171567977684061956e-01 6.765300345033270913e-05
9.177974869167576655e-01 7.348314672322409330e-05
9.186420786885147738e-01 8.076607808503219314e-05
9.188281397987017041e-01 9.588912028451679272e-05
9.194976566195678380e-01 8.311527813973251138e-05
9.198647862487081550e-01 6.731564373513942805e-05
9.210048202563387854e-01 8.175380099043892169e-05
9.211958836562748054e-01 7.199746210579573559e-05
9.212484425345516259e-01 7.498375993910307024e-05
9.214109408073097862e-01 7.119223752666414156e-05
9.214551732894498137e-01 7.308855349550575124e-05
9.214551962111773298e-01 9.294102761205488502e-05
9.223962878374378782e-01 1.074422874864373580e-04
9.224663858458953536e-01 8.408112602902611979e-05
9.239730341440944850e-01 6.718176129504468367e-05
9.242104056170665771e-01 7.918291606721103524e-05
9.244608144856655274e-01 8.130938079966171803e-05
9.257764741795035945e-01 9.003135264742165962e-05
9.259348316295514802e-01 7.117550593658578020e-05
9.264126933459785329e-01 8.939871019468550420e-05
9.267036455316203236e-01 9.956396099084252095e-05
9.274253635883721314e-01 8.022876424145628416e-05
9.274417055991313052e-01 9.067468138458966754e-05
9.278896092715658295e-01 6.885408437770015476e-05
9.286134403165839935e-01 7.005247157025726226e-05
9.296626611093511405e-01 8.046998580390126994e-05
9.304759131152959828e-01 8.874957099228166857e-05
9.307002648089676144e-01 8.416856660189472709e-05
9.307838671467171254e-01 8.392781141995735953e-05
9.327715912000148490e-01 8.149098554934732625e-05
9.336156155157161463e-01 7.970247645760618772e-05
9.339339634321596195e-01 8.759406291914042652e-05
9.347740870837453198e-01 9.125588061186662306e-05
9.389512395907044784e-01 7.531306747882760856e-05
9.390827577522268266e-01 7.911300799295905033e-05
9.394648458265230095e-01 7.914065192825145900e-05
9.398194848351224540e-01 6.491300557108542924e-05
9.405856716625501379e-01 8.699455105571410861e-05
9.406325883360995288e-01 8.285945900368465729e-05
9.406776370770131290e-01 7.730894334895273116e-05
9.408285703020938806e-01 7.207022188506183042e-05
9.412073656345374406e-01 8.118756216891734095e-05
9.420180209799184912e-01 7.694651601024622863e-05
9.420780467823023363e-01 7.814347254474707986e-05
9.426199349899083701e-01 8.054220601529387021e-05
9.426518599991929870e-01 6.874426259673963209e-05
9.438858678323404083e-01 6.192304304104110529e-05
9.441348890786607218e-01 7.219806478694138472e-05
9.458403663130862116e-01 7.512853995072223893e-05
9.460292909597398658e-01 8.752931889969784915e-05
9.495974240285259826e-01 6.595098301236115780e-05
9.496105364982380115e-01 6.978624553155155094e-05
9.515794442779729190e-01 7.297022002115918402e-05
9.517005596873622242e-01 6.731713860906531240e-05
9.519468492252499692e-01 4.992137293618448924e-05
9.528085255037082035e-01 6.570539768676006442e-05
9.538184942969710756e-01 6.169535671052060299e-05
9.550412818840131601e-01 6.336926395890036027e-05
9.558268326114394142e-01 6.255220492972141978e-05
9.575162771029016584e-01 6.458686010840776297e-05
9.587845143020494731e-01 7.701315371821586622e-05
9.590989478877038898e-01 6.676152888265936747e-05
9.595489101525911391e-01 7.948624408174539307e-05
9.596054669769770173e-01 2.004349423730264414e-04
9.597523134521388499e-01 6.933525789096189440e-05
9.603623961970878531e-01 9.568454657315742147e-05
9.614684484823822208e-01 1.433258249120033167e-04
9.616877596758547364e-01 6.415687569587838696e-05
9.618370546331386217e-01 5.731489431861562338e-05
9.622781171248721011e-01 7.645553028927054248e-05
9.623633859517275457e-01 7.191840768959337302e-05
9.638649987662334384e-01 8.180767099423117718e-05
9.647964509468743843e-01 7.623137700894356379e-05
9.650414689531116030e-01 5.189484150935373750e-05
9.654436634018429553e-01 8.816011601918646878e-05
9.665874152526453544e-01 7.939846225946384890e-05
9.672094619991062903e-01 5.859816058357928141e-05
9.672111042701285744e-01 6.076445445860785419e-05
9.676490838386405668e-01 6.702431490013644421e-05
9.688308995673452495e-01 6.443462912650722418e-05
9.691520049179340734e-01 1.029147702794010926e-04
9.695746222620034160e-01 9.549709291139358257e-05
9.702050187950228555e-01 6.386131523078596357e-05
9.741621878547207514e-01 6.995613837030134738e-05
9.746243135950466430e-01 5.733808268102721868e-05
9.748103663504465999e-01 6.138596077401870248e-05
9.748962065510580199e-01 7.061650297156857217e-05
9.757601897470963292e-01 6.208536507161627432e-05
9.758715804217489298e-01 6.196485761340053450e-05
9.760055825878836133e-01 6.737523127558674651e-05
9.760208720169890606e-01 7.221138972100808642e-05
9.779979628865547170e-01 6.844941756134678148e-05
9.782740841861339298e-01 7.076127626013229246e-05
9.791403974790472420e-01 6.216579321614262963e-05
9.830302868690345974e-01 7.010873784566561552e-05
9.837033127466559002e-01 6.408297482280385956e-05
9.838720974217525228e-01 6.383200661339390918e-05
9.853274821947394235e-01 8.858867157505651078e-05
9.854778960361861850e-01 6.539974954942281602e-05
9.855088598665502353e-01 5.020259541520625954e-05
9.855780764300807739e-01 7.413604918971844330e-05
9.869170297082504595e-01 6.221267845032109008e-05
9.883821693458861857e-01 6.131146682464459698e-05
9.900810501793486651e-01 5.157594554553472579e-05
9.924176174151393415e-01 5.431297293172991631e-05
9.924479692708985112e-01 5.350174723981354516e-05
9.928404607738616772e-01 5.895050744954782553e-05
9.929608218415856280e-01 5.818510784973630927e-05
9.929681487529586903e-01 8.969398057193264889e-05
9.934131521003878307e-01 6.220971513716170133e-05
9.934549539982618915e-01 6.154025325575935115e-05
9.934608488547383986e-01 6.962787062129372948e-05
9.939449604966814622e-01 5.820263214137792187e-05
9.947635426632043254e-01 6.959352075463984537e-05
9.950667508353204793e-01 6.011798954086669425e-05
9.955298087831176979e-01 5.917347486780206035e-05
9.955790930363936919e-01 5.223933790056297071e-05
9.960570224441447351e-01 6.216694093664970947e-05
9.962776558405623817e-01 7.885938730461100187e-05
9.967375994868625799e-01 7.000038127564444615e-05
9.969320172775132383e-01 6.111052395708488881e-05
9.974650510894317312e-01 5.476131436821374531e-05
9.975013882326725367e-01 4.724748532033432524e-05
9.978819922711139601e-01 6.221012812083906787e-05
9.979275650742791548e-01 5.665756358138319791e-05
9.982724057316860744e-01 6.996245372912532183e-05
9.989605302441112444e-01 5.739721215476662727e-05
9.989941844905413371e-01 6.884798805768704605e-05
9.997077751870161455e-01 5.806835144393812680e-05
1.001708001714421314e+00 6.214740331238484514e-05
1.002268885899288753e+00 6.148597975987195904e-05
1.002667415978847121e+00 5.777026530275487359e-05
1.002704572242375969e+00 1.083572552395979774e-04
1.003372698048585310e+00 5.920862337978828642e-05
1.004201606236607036e+00 5.370197585806146541e-05
1.005313547445210842e+00 9.245846568269119479e-05
1.005388512694058267e+00 8.260817148137653563e-05
1.005754294468809595e+00 7.860878464021653258e-05
1.005855867356677091e+00 6.659665964880049174e-05
1.006566771226154344e+00 4.591501235101664295e-05
1.007046353681842144e+00 1.009309222026380227e-04
1.007085358946268050e+00 6.048424626468275122e-05
1.007124820468859649e+00 6.398316654936427982e-05
1.007261922424191214e+00 5.915917021739020525e-05
1.007482165166281751e+00 5.415603454609133061e-05
1.007796076406592301e+00 6.444965965245748709e-05
1.007990036438180415e+00 5.096739254279443427e-05
1.008305400984909062e+00 5.579188855111890809e-05
1.008335718691223848e+00 5.481942976039526474e-05
1.008402349098946216e+00 5.369058457182046383e-05
1.009923622276089672e+00 6.258430958477739228e-05
1.010161274321060620e+00 5.044172631825424559e-05
1.010218968270211626e+00 5.158051517988416975e-05
1.010654790244039258e+00 5.650559472398781861e-05
1.011345818085623405e+00 6.903738454293747398e-05
1.012336615162038989e+00 5.155641809881557087e-05
1.013765904868335399e+00 5.109356439808112086e-05
1.014791988274769352e+00 5.804120404714718215e-05
1.015146023231179084e+00 5.277425978423349939e-05
1.015754393048715398e+00 5.690979326725001066e-05
1.016241495437565590e+00 6.978104255624639730e-05
1.016408598279883613e+00 4.822128792936561668e-05
1.016879221258361721e+00 6.130747556041425065e-05
1.017133615966991478e+00 5.634286248767892964e-05
1.017354540005611652e+00 6.060168908328136638e-05
1.017542736772833134e+00 5.147236845354258322e-05
1.018211343870876417e+00 5.659474082621393265e-05
1.018791424634055032e+00 5.302334175124455591e-05
1.019506636660269860e+00 7.030732815135366798e-05
1.020093948303965492e+00 6.875174313917607033e-05
1.020370079502319394e+00 4.669507171537147429e-05
1.020622818445663160e+00 4.972011656631519235e-05
1.021830833116607273e+00 6.404101341307747136e-05
1.021856296712437162e+00 5.341466941781059262e-05
1.022994185646428633e+00 4.884738512662616203e-05
1.023421215255874817e+00 5.822029497905360220e-05
1.024047968118156682e+00 6.372039039763122126e-05
1.024198028972390873e+00 2.126785955865877242e-04
1.024909464053249231e+00 5.463930835337278658e-05
1.025898611848907072e+00 6.070575494207204115e-05
1.026787237405450304e+00 5.104193506023999293e-05
1.028339769191646491e+00 5.341977707377664099e-05
1.028670361994341587e+00 4.908573941293597841e-05
1.029185728704512304e+00 4.763446372797843279e-05
1.029568854814290502e+00 6.248804789176987053e-05
1.030060598900510049e+00 5.390019920947080738e-05
1.030406333586282308e+00 7.554462787044586853e-05
1.030776899143650560e+00 6.214948771823421126e-05
1.031264654511599321e+00 6.796365366382800738e-05
1.031583571471278882e+00 5.594955171759583316e-05
1.032001282309904511e+00 5.395596379168654245e-05
1.032137621259434868e+00 6.316797710701075382e-05
1.032487037880482239e+00 5.550507834491734356e-05
1.033043829376010692e+00 5.024816146936677815e-05
1.033127488275265904e+00 7.431909821485176973e-05
1.034385060148003133e+00 5.045590169132048371e-05
1.034668568996740756e+00 6.871420020622326971e-05
1.034994237648829252e+00 7.144567406941254237e-05
1.035502814937956151e+00 4.881701535807808748e-05
1.036324208808958591e+00 5.267203196526122801e-05
1.036568114395255868e+00 5.513219014741028875e-05
1.037310446000296205e+00 5.649868268782047971e-05
1.037321782373605616e+00 6.560719716964584177e-05
1.038263192046559480e+00 7.266485120283009834e-05
1.039338303040385769e+00 5.130570394968839441e-05
1.040598535572903938e+00 4.774333552079176662e-05
1.040779609792060079e+00 6.527163582995359451e-05
1.041829167994295702e+00 5.370166514327165766e-05
1.042279263949103862e+00 5.559068252244833653e-05
1.042539759768123186e+00 6.468630127520737466e-05
1.042731558164737171e+00 5.401724795891758721e-05
1.043051513114519935e+00 6.144740927547853509e-05
1.043103204548160967e+00 5.143400272503856081e-05
1.043552019365041161e+00 7.585517060355584363e-05
1.044159258466847762e+00 6.409937038369647512e-05
1.044261343484778504e+00 4.360234465934805220e-05
1.044433121551566090e+00 5.651516723235349088e-05
1.044479584721696996e+00 5.455244957084771451e-05
1.045552341653374517e+00 5.483582261525016163e-05
1.046857823311649227e+00 6.755287570412341178e-05
1.047198895936474639e+00 6.427692876280638749e-05
1.047380810059048040e+00 5.628214791156635087e-05
1.047628685964687278e+00 6.052038818663937783e-05
1.048403111346162264e+00 5.333887314725691301e-05
1.049984496542571311e+00 4.508977959737703241e-05
1.051001750414520375e+00 6.442652727610393261e-05
1.051450208021652344e+00 4.446235279322875554e-05
1.051594796831579748e+00 6.934117564759650996e-05
1.051757616335146528e+00 6.500033264886991035e-05
1.052436603307888907e+00 5.323626369912283696e-05
1.052640173809929580e+00 5.040786650910141035e-05
1.052852535891573238e+00 5.698018105755765236e-05
1.053391827359332344e+00 5.575252679896241435e-05
1.053606306476460253e+00 5.481723802609879089e-05
1.054721726853239838e+00 4.321928766149027765e-05
1.056414804843756716e+00 4.702021159832321418e-05
1.056586728998289981e+00 6.701502438447601382e-05
1.057296808976229796e+00 5.323658336571757246e-05
1.057344275440427639e+00 5.997168924430199856e-05
1.058049601023647535e+00 5.757948477863888173e-05
1.058173470818304374e+00 4.237420192166409293e-05
1.059967523221755581e+00 4.230940450185509107e-05
1.061793956388377369e+00 6.206028981466048234e-05
1.061974577178949053e+00 5.546629560592906510e-05
1.062446586411847305e+00 5.000616593768973162e-05
1.062799705798626038e+00 4.741547073808623285e-05
1.063807829824474860e+00 4.764566637008807871e-05
1.064656935610273747e+00 6.897962626846896000e-05
1.065700652087409050e+00 5.760980995390989405e-05
1.066040461309442078e+00 5.478980124679365188e-05
1.066811613253520363e+00 4.919956272279858939e-05
1.067264137520287814e+00 4.478204900100883645e-05
1.067286862998423347e+00 4.743466451611425423e-05
1.067912714671238161e+00 5.174380519321288192e-05
1.069007865500350096e+00 6.238322116943563261e-05
1.070887833553683555e+00 4.591695824128041087e-05
1.070991863941273659e+00 5.013810597660625445e-05
1.071168892258366201e+00 5.327495521529677886e-05
1.071719395471740999e+00 4.594575676928312497e-05
1.071909628089060540e+00 5.313727446692155808e-05
1.072394791553909377e+00 6.227372161163160569e-05
1.073077149502065453e+00 4.621372773267002975e-05
1.073600738126615051e+00 5.345561146461548838e-05
1.075875628622616764e+00 4.593159377961502000e-05
1.076404732381813556e+00 6.235963738127294116e-05
1.077273279927734695e+00 9.390089341397054950e-05
1.078276047561166795e+00 5.382453230861192808e-05
1.078477763627528008e+00 5.662710982167302808e-05
1.079782849919903365e+00 4.802969844538788733e-05
1.079848026398025018e+00 5.483336431021266155e-05
1.080276750193237989e+00 4.782637984570806838e-05
1.080363285584214239e+00 5.234631626759816660e-05
1.081986709484066722e+00 4.549495049222384983e-05
1.083220000244932368e+00 4.811956400466790444e-05
1.085617667707305278e+00 4.703252724817982811e-05
1.085997886048102545e+00 5.138120286048859493e-05
1.086649074186040176e+00 4.225633436167648563e-05
1.086755700467897823e+00 4.464926741834325308e-05
1.087250321766536354e+00 4.559984391457135071e-05
1.088246509265480277e+00 5.177969089169552505e-05
1.090587169678961521e+00 5.055622500959124267e-05
1.091291802451994197e+00 4.469537785295747798e-05
1.091346209868153005e+00 5.688481194866104921e-05
1.091446434151764233e+00 5.227315538110088861e-05
1.093462856246384174e+00 5.212222269842890489e-05
1.095366734665284003e+00 4.514747389212087064e-05
1.095496671102893727e+00 5.784471218686743316e-05
1.096403941451635999e+00 4.261423336325978267e-05
1.096727632102662664e+00 4.450590252673149963e-05
1.097542065451024396e+00 5.445176012009480789e-05
1.097840044227994971e+00 5.372028467894088944e-05
1.097986477738674971e+00 4.986949177884987436e-05
1.099410097390272067e+00 4.672003604166928277e-05
1.099416572918451740e+00 5.301823983445116056e-05
1.103661101958461010e+00 5.122965794439047799e-05
1.103835868583268542e+00 4.300189205160198289e-05
1.104504903531224880e+00 4.708932783328455604e-05
1.104665645770994908e+00 5.235942732955994639e-05
1.104696990381148547e+00 4.344552124069149329e-05
1.104760385986070848e+00 5.011218847448854969e-05
1.105563349128073858e+00 5.693938310241434625e-05
1.106254839816160906e+00 5.010739511138498879e-05
1.106957280033526558e+00 5.402188302506970063e-05
1.107207288040814808e+00 3.983632146550558498e-05
1.107243206699722426e+00 5.184585471593161892e-05
1.108224067568636340e+00 5.017827657513081213e-05
1.108656635598147977e+00 4.226649205617373842e-05
1.111128629977256477e+00 4.192674408232421629e-05
1.111142611040331740e+00 4.907235427537288665e-05
1.111738051626272039e+00 3.770092050477876633e-05
1.113183528822290214e+00 5.062377828854466817e-05
1.114316120940667787e+00 4.388648909031552219e-05
1.115534120154573428e+00 4.271258521474005090e-05
1.115920163736338955e+00 5.085961154227825181e-05
1.117106214432805888e+00 3.954780645984011696e-05
1.117320543298039537e+00 4.526300874838129539e-05
1.119488378917889104e+00 4.586648486473744182e-05
1.120682023638400970e+00 4.491167943898629868e-05
1.121130242023354651e+00 4.425947849311960883e-05
1.121617114594753106e+00 4.822907947731332976e-05
1.122303182562563784e+00 3.988457236510076952e-05
1.122487546574945538e+00 4.527614520693662865e-05
1.122949440003371935e+00 5.512309094360448830e-05
1.123053970106767441e+00 4.825664148358798272e-05
1.123869969408014979e+00 5.415067172179433903e-05
1.124786514497732037e+00 4.869849429024535151e-05
1.125093215834612526e+00 6.297422096865545264e-05
1.125710560668047311e+00 4.194454816010357505e-05
1.125982856194882809e+00 5.156548617085188641e-05
1.128174727278510980e+00 4.517061885072847074e-05
1.128189211696484007e+00 4.908345895537223933e-05
1.128677584871820239e+00 5.736090246250866002e-05
1.129595275935118659e+00 5.483927646187279154e-05
1.130983946996479306e+00 4.987529833259632422e-05
1.131129193232323527e+00 5.402966447957136946e-05
1.131900221844395205e+00 4.891649019406689420e-05
1.131907303844249535e+00 4.386131117135768216e-05
1.132245336300712335e+00 5.457851022441380351e-05
1.132296556918860775e+00 3.801510929276079640e-05
1.132680333923579585e+00 4.454374248796734610e-05
1.132953154738839396e+00 4.926474545294688332e-05
1.133035944612588386e+00 4.783095657973866619e-05
1.133629117540753573e+00 4.721466885617420770e-05
1.134221659055977716e+00 5.765341846385514570e-05
1.136624680820450983e+00 4.250912004512459336e-05
1.138262068354277678e+00 3.860344155692073664e-05
1.138539740766044916e+00 4.618820593570137231e-05
1.139023711146561313e+00 4.477116776253285804e-05
1.139051447570873066e+00 4.715826996664375110e-05
1.139587938124518196e+00 4.788694552378311816e-05
1.141324893931155549e+00 4.308175630496080690e-05
1.141364701352947097e+00 3.949198202293105697e-05
1.141839582696433819e+00 5.544250562988942762e-05
1.142995368944061063e+00 4.474814414171188475e-05
1.143300967111061439e+00 3.962259069073273074e-05
1.144567104523958045e+00 4.745720627097922971e-05
1.144584912086670458e+00 4.403747402004230588e-05
1.145099438086024435e+00 3.209606581428250998e-05
1.146605454207452190e+00 4.676379165754603550e-05
1.147467398766686575e+00 4.417588380258817831e-05
1.148779720532258297e+00 4.643294652691599430e-05
1.149020223700062848e+00 4.518810461580905256e-05
1.149184896695675917e+00 4.787892086424000280e-05
1.151131880893637716e+00 3.771463064591009859e-05
1.151844459658920128e+00 5.131781538788887149e-05
1.151882814237843222e+00 4.440039231012319118e-05
1.152349315077561664e+00 4.345870361416498179e-05
1.153296756086769737e+00 4.855470276006291439e-05
1.154324544982138434e+00 7.062300118911478354e-05
1.155463699075224726e+00 4.664424871225736189e-05
1.155856190864486210e+00 4.457425217405475371e-05
1.155960389025067814e+00 3.860913346980431661e-05
1.157001341599753319e+00 4.503293163913620344e-05
1.158601773811224422e+00 3.708594519547988975e-05
1.158870356421409120e+00 9.377345338963792457e-05
1.159262643037927365e+00 3.544780218185632898e-05
1.159356476017878501e+00 3.824849975560661182e-05
1.162006174135767456e+00 5.060258477919564235e-05
1.162473308623906521e+00 4.439222572085932601e-05
1.164028658261701210e+00 4.736670272471757513e-05
1.164322828461388015e+00 3.921250411438858961e-05
1.165351250589649501e+00 4.470595163819412928e-05
1.165966628608756883e+00 4.117285427621854283e-05
1.166983318034598760e+00 4.697265989601694347e-05
1.167023495129047461e+00 4.292992711717070890e-05
1.169302321725415705e+00 4.768345101958914570e-05
1.169479532886553708e+00 3.409929461486790886e-05
1.171177651340510550e+00 4.425267995404483321e-05
1.171397557885745844e+00 5.025403877015818945e-05
1.172032442400722685e+00 4.267195908340461218e-05
1.172359683821011966e+00 5.166142639570459153e-05
1.172388356313334823e+00 3.832069139220412122e-05
1.173727109972127591e+00 3.675535151728294273e-05
1.174667622471679440e+00 3.833235055688952495e-05
1.175316440774171634e+00 4.467847873816831118e-05
1.175544512748357029e+00 4.166946810440317082e-05
1.175622417251582563e+00 3.821436973843908802e-05
1.176016918787599064e+00 3.535359006770273947e-05
1.176852345066227157e+00 4.736799135698311291e-05
1.177069108411896048e+00 4.612907255500357518e-05
1.178648540300162750e+00 3.812980742053256075e-05
1.180424503368977973e+00 3.721069015506505990e-05
1.181016108973630185e+00 4.014179013922760015e-05
1.181205529821286015e+00 4.684739201807634670e-05
1.182279734131849169e+00 3.309551024626104906e-05
1.182656776606549220e+00 3.902992792429848395e-05
1.182738188061576823e+00 3.938303936826062377e-05
1.186933991056245530e+00 4.089185204614237320e-05
1.187285017392968989e+00 4.063780717514251184e-05
1.187708897023867172e+00 3.645777624159160746e-05
1.188058986569887621e+00 3.653831858862062161e-05
1.188674667018324360e+00 3.429225688164547474e-05
1.191152986513436041e+00 4.129604813477925608e-05
1.192863718798199191e+00 3.655345637223240431e-05
1.193317557627181502e+00 3.664049681558803325e-05
1.193351548859765021e+00 4.830295948349157931e-05
1.193626489023346560e+00 4.047680518282199770e-05
1.195463148715829149e+00 4.769021114514027083e-05
1.195992790811380324e+00 3.939057576338633650e-05
1.196362633926175922e+00 3.832174522263922796e-05
1.196810408530482706e+00 3.985629559901072907e-05
1.196830319339648119e+00 3.512285665001517259e-05
1.196864921750441457e+00 4.208482077284962761e-05
1.197024927945023132e+00 4.014408521077985926e-05
1.197415296886441549e+00 4.265681756772654452e-05
1.197467462879763245e+00 4.013339975404813171e-05
1.199402764778336516e+00 3.521196035524785923e-05
1.200208481618632250e+00 4.350333760160232026e-05
1.200808747265118104e+00 3.613999076707122326e-05
1.203064298011901734e+00 4.733429978076746157e-05
1.204413399411305097e+00 4.323099161257771926e-05
1.204948657854965743e+00 3.600408406210257119e-05
1.206087233620725785e+00 4.556703142678363293e-05
1.206205527733462235e+00 3.630277247843161607e-05
1.209286733057890917e+00 4.413545790880826650e-05
1.210233777543570532e+00 3.625391402009693436e-05
1.214760457234970614e+00 3.825627904905832296e-05
1.215219263325772570e+00 3.773702699399374551e-05
1.216706901586913414e+00 3.680865694547163857e-05
1.217249210511253565e+00 3.808925310166114451e-05
1.217988925280833357e+00 3.886178249934162159e-05
1.218237285965582117e+00 4.003483569820327569e-05
1.218920154780543719e+00 3.719397231472318924e-05
1.219901276766076625e+00 4.362568926061810722e-05
1.221148390369939829e+00 4.121862370426285547e-05
1.224251014115443459e+00 3.432718472953386003e-05
1.226421246860951886e+00 3.788013306985152780e-05
1.227146552420201875e+00 3.703854461727720668e-05
1.227793781444552534e+00 3.726745774956164483e-05
1.228332240911698792e+00 4.161683826520583453e-05
1.228802021992917881e+00 3.649160255543122341e-05
1.228870022537302598e+00 3.954133612477275632e-05
1.228881437557519662e+00 3.783438035643125764e-05
1.228920527763715187e+00 5.192182519813324756e-05
1.229056494108269115e+00 3.936658285025607118e-05
1.229168995414801069e+00 3.912056734706051089e-05
1.229230890974184476e+00 3.679093254169510125e-05
1.230103060664850645e+00 3.369250121571905007e-05
1.230256231327600203e+00 3.326291889432341219e-05
1.230511468614352788e+00 3.724323976150242945e-05
1.230768936963285709e+00 3.491603283146464768e-05
1.230905035687104299e+00 4.907624634066413765e-05
1.231263791425160958e+00 3.995243526824235407e-05
1.231735356885563348e+00 3.530817883031710610e-05
1.231970684699641438e+00 3.568401472301358575e-05
1.232368799504311108e+00 4.283253322563910500e-05
1.232967761415703078e+00 3.919505135381727605e-05
1.235466923274052498e+00 3.093630257332051438e-05
1.236108060053283442e+00 3.677028235960454455e-05
1.236488190961990474e+00 3.776020510289216015e-05
1.238344037266560171e+00 4.070395569640736065e-05
1.238429244934473594e+00 3.583607339524746743e-05
1.239143292935365182e+00 4.092695589063025471e-05
1.241153257499712614e+00 2.914231560013512325e-05
1.241206891109452481e+00 3.687056738709544812e-05
1.241255446700107123e+00 3.723646604711294356e-05
1.242305047435863452e+00 4.569404487662634070e-05
1.243424173581591408e+00 3.150681797758006503e-05
1.243589532168349221e+00 2.817823069355178956e-05
1.245820599140353258e+00 3.532714449566501516e-05
1.246207433654266117e+00 3.355537006962046217e-05
1.247812144303808823e+00 2.923263279376593475e-05
1.248243334659038029e+00 4.033360658236481700e-05
1.250765906579822007e+00 3.856435686724665594e-05
1.251411122337271031e+00 3.844731681730418883e-05
1.253165844551661356e+00 3.174508006280804258e-05
1.253810595439061482e+00 3.334921153670080996e-05
1.253954250533255266e+00 3.499986413247110618e-05
1.254122343576271836e+00 3.752493707490947122e-05
1.256711087764398771e+00 3.539485626972650376e-05
1.257110230644878923e+00 3.147263686339584095e-05
1.257910488014776895e+00 3.259692200289376923e-05
1.258019183449303746e+00 3.196701560449474787e-05
1.258854299551262157e+00 2.927250767993946299e-05
1.259278909722768791e+00 2.975481691838004238e-05
1.259470555750536791e+00 3.673109924169497173e-05
1.259751293838955233e+00 3.023481342452646165e-05
1.260636539778462462e+00 3.470417504712634208e-05
1.264037154236563598e+00 3.453772862895395030e-05
1.264106749123337536e+00 3.204769506351348599e-05
1.267469729776504739e+00 3.266774315798465163e-05
1.269145798168710870e+00 3.869005670222146757e-05
1.269184681946216253e+00 2.925892732839867422e-05
1.270450049559560091e+00 3.820241758406031868e-05
1.273344977115847154e+00 4.341000241518503544e-05
1.273478020462748939e+00 4.227140897403839389e-05
1.274788164922712186e+00 4.096627206491871030e-05
1.275387694064379795e+00 3.651080209148971757e-05
1.275853470287372726e+00 3.414702443711124655e-05
1.276938707299023701e+00 2.986366473166863353e-05
1.276970493623165837e+00 2.933527591608282758e-05
1.278970626047584158e+00 3.839392679812742270e-05
1.280442929834689325e+00 3.414136378675581630e-05
1.281298285854157726e+00 3.418546359240469114e-05
1.281372968708359039e+00 3.029525021656436716e-05
1.282825453400242344e+00 3.286110471718985777e-05
1.283068956190520860e+00 3.569848255195149115e-05
1.286522932108721484e+00 3.018814521266360962e-05
1.287359080073007478e+00 3.118757681371274503e-05
1.287862603606747536e+00 3.192230940946699113e-05
1.291158684419418279e+00 3.281911653098262957e-05
1.295512990539234410e+00 3.647408454766009559e-05
1.296285662461496679e+00 3.041895631923961047e-05
1.296874534332271178e+00 3.127066981306277272e-05
1.296962873599828425e+00 3.064468228477248258e-05
1.298827050181439624e+00 3.569296589939270517e-05
1.299008348051906125e+00 3.106825361852287218e-05
1.300439236083211547e+00 3.379315502247588765e-05
1.300614312253267402e+00 2.866593332476961289e-05
1.304534163119490886e+00 3.297035837470474695e-05
1.305987756977152969e+00 3.038609990822089391e-05
1.307399752324610143e+00 2.642059771239147755e-05
1.307890577562491163e+00 2.968384764713266063e-05
1.308080643873427817e+00 3.357618865396187611e-05
1.308231754768365063e+00 3.223105871170624281e-05
1.308524491330284256e+00 3.036562101827346890e-05
1.308846160566088379e+00 3.371559366977826592e-05
1.310291240876199748e+00 3.320373706875953576e-05
1.310816974125913248e+00 3.027177784994503044e-05
1.311023506141476558e+00 2.810331439608113819e-05
1.312713199739567349e+00 2.781497480503634158e-05
1.313767190734404844e+00 3.288916780306867777e-05
1.314620631225435377e+00 2.507573570158958418e-05
1.314733702704927509e+00 2.895092623818071678e-05
1.315740374053461670e+00 2.435733415995969983e-05
1.316875009517636030e+00 3.377912203396906039e-05
1.318192884128358555e+00 3.496905533071769257e-05
1.318637643244487956e+00 3.169293638984165007e-05
1.320789746827823574e+00 2.752089230947333404e-05
1.322641051210646568e+00 3.175671944196960039e-05
1.322880173746812105e+00 3.197019506696556485e-05
1.322898146646918738e+00 2.899027061213498040e-05
1.322909606120063364e+00 2.686249887554338533e-05
1.324286729635573145e+00 2.807751646594748175e-05
1.324979867119418397e+00 3.342285365900138355e-05
1.325949045750159039e+00 3.758395597756452071e-05
1.327453027904610172e+00 2.631601878711989389e-05
1.328396720734843495e+00 2.827293516988956836e-05
1.330376521917609356e+00 3.194037341463787036e-05
1.330704749181457425e+00 3.126811666391014674e-05
1.330766187702899783e+00 2.912267866411226021e-05
1.334072972530359502e+00 2.642133869736827453e-05
1.334984293884526885e+00 3.432477858635841567e-05
1.336323714987473377e+00 3.123215303382027765e-05
1.338401532139789074e+00 2.675124677638297753e-05
1.341312010701907642e+00 2.714219202688488390e-05
1.341635926977673865e+00 2.799014788204351605e-05
1.341756385857017397e+00 3.986193259640330412e-05
1.342892968277861199e+00 2.896509877995637707e-05
1.343190334927315766e+00 2.503465649465326414e-05
1.343986804003845403e+00 2.394761841601061666e-05
1.345366279928420283e+00 2.412563215709692975e-05
1.345866327900340220e+00 3.121846673493549538e-05
1.346350717547747378e+00 3.217099537419030323e-05
1.347415898862326156e+00 2.613891941988465050e-05
1.348843631711482249e+00 2.672505379726033319e-05
1.348998522123872945e+00 3.257286022754292453e-05
1.351037333113145333e+00 2.399000577285443606e-05
1.352212740350772879e+00 2.653412995209489904e-05
1.353039312238438985e+00 2.746645926034763796e-05
1.353435682175844645e+00 2.605672977683911015e-05
1.355818250960714400e+00 2.735195403559878479e-05
1.357474823221966886e+00 3.155200088647783382e-05
1.357560578161736364e+00 2.356945454532874873e-05
1.357865918556914409e+00 2.825187607714721942e-05
1.358157429917496106e+00 3.113714279151265347e-05
1.360729842764564657e+00 3.346648373969814751e-05
1.361276883783598679e+00 2.851686347324077720e-05
1.361751879028625822e+00 2.520556817663116437e-05
1.362428688297195212e+00 2.635781828381998106e-05
1.362569665109845118e+00 2.688261144156075467e-05
1.364491444397117448e+00 3.015106216975933743e-05
1.366987263324228152e+00 2.351681093810994357e-05
1.367837739411127629e+00 2.499744541682589794e-05
1.369664527717070923e+00 3.003393184925601099e-05
1.371523640592146709e+00 2.861797526830934228e-05
1.371978231742607690e+00 2.170469956977863623e-05
1.372231918050489607e+00 2.746043492264872555e-05
1.373910953573699967e+00 2.571549106571613310e-05
1.376083747061339624e+00 2.836513056103447076e-05
1.376914222788006459e+00 2.587352240634181578e-05
1.379757155581156303e+00 2.640904675509531005e-05
1.381341480186679016e+00 2.689722483636229001e-05
1.382261465514594834e+00 3.132686567103720461e-05
1.382584509745378387e+00 2.323047342977724997e-05
1.382742481811321422e+00 2.593494008379487975e-05
1.383193342444572149e+00 2.864335534178339595e-05
1.384064169585629944e+00 2.878984860116255712e-05
1.385507340074006555e+00 2.395157852580292822e-05
1.386562713650504985e+00 2.472788305053893334e-05
1.387363388263205488e+00 2.607823369049746463e-05
1.388184204400745969e+00 2.318129638688323736e-05
1.388326513377478255e+00 2.609037710079853740e-05
1.389122872501591388e+00 2.318048551524852402e-05
1.389750905123090297e+00 2.876274086274333252e-05
1.390307946867556987e+00 2.630871772188252914e-05
1.390583264168420596e+00 2.628788264197327764e-05
1.390679498063718933e+00 2.573003393881367277e-05
1.390680764565686678e+00 2.205579727739044745e-05
1.390944816236271642e+00 2.314918017399383919e-05
1.391586183582016467e+00 2.903656435573833441e-05
1.391912824432634199e+00 2.670948359008461754e-05
1.393385681361514195e+00 2.809263345235285612e-05
1.394005059041056205e+00 2.788330539119621189e-05
1.396146413115791907e+00 2.035397312946814040e-05
1.397027399280590609e+00 2.571342067015936752e-05
1.400718233838524451e+00 2.373853623503640470e-05
1.402425593499472045e+00 2.519271331593200255e-05
1.403109794607594552e+00 2.023235502629832644e-05
1.404139204704087707e+00 2.465742963598367170e-05
1.404564881110795138e+00 2.276590437478795493e-05
1.404989926738199557e+00 2.405287570074418374e-05
1.405380191114925292e+00 2.379115266012049633e-05
1.406109760321737401e+00 2.313236086506325942e-05
1.409948733178463476e+00 2.404473665684202140e-05
1.412873074023720310e+00 2.429436939784440346e-05
1.414217232029943094e+00 2.385051759556601383e-05
1.414850870923815895e+00 2.185179538402561166e-05
1.415056433168342620e+00 2.090744149096139540e-05
1.416926505993048924e+00 2.124965684915388437e-05
1.418154795596147988e+00 2.076314871584533729e-05
1.421669035872345388e+00 2.362912584839620836e-05
1.422064684136335355e+00 2.004633466494494762e-05
1.423478147140336825e+00 2.321191872569352570e-05
1.423619687985955951e+00 2.344625730927694878e-05
1.423702166403202574e+00 1.966719064925899705e-05
1.423841054899638525e+00 2.377346042323625740e-05
1.427638097473326484e+00 1.925923634981381805e-05
1.428433964661761202e+00 2.354210251881572186e-05
1.428694988875107930e+00 2.478673011501076354e-05
1.428910689511915910e+00 1.935562103114333362e-05
1.429692741396006994e+00 2.205191095328511803e-05
1.430668542206696481e+00 1.981260969050731857e-05
1.430808931011867680e+00 2.140174196558843642e-05
1.431243529079374799e+00 2.486326543607225023e-05
1.431431394609274710e+00 1.907570154020016515e-05
1.432291801733309056e+00 2.276693235196500326e-05
1.432921830155815757e+00 2.092521781155187279e-05
1.434334519249905959e+00 2.539345572223790969e-05
1.436331053420096815e+00 2.249672018756253297e-05
1.436365445841296218e+00 2.527163959246906403e-05
1.437328070844715366e+00 1.848065105513455028e-05
1.440084931606702590e+00 1.900060304315540085e-05
1.441096530894237393e+00 2.503920227534528600e-05
1.441418486313607028e+00 1.925460183198780202e-05
1.442143006247452730e+00 2.349433177637649911e-05
1.442575555678111465e+00 2.047772658392997528e-05
1.442761915536732609e+00 2.116852121388011174e-05
1.446138487205562484e+00 2.240597714536617728e-05
1.446467103816444055e+00 1.895330969252639062e-05
1.447301162217594417e+00 2.842181691159754910e-05
1.447972347528304171e+00 2.076650592146245619e-05
1.449401286955296131e+00 2.093578384119931330e-05
1.449570157515287283e+00 2.612515028512660278e-05
1.451471850750883252e+00 2.051712556998193685e-05
1.452402631099918295e+00 2.469224247923405228e-05
1.453504933916304864e+00 2.434691605732658954e-05
1.454110474642520634e+00 2.046666010043074056e-05
1.454434415548150339e+00 1.743836701042573756e-05
1.454881447839917463e+00 2.229168322558269767e-05
1.459881767886184845e+00 1.999402975260211745e-05
1.460305905080678146e+00 1.828562794154081479e-05
1.460941899899772523e+00 2.079464312488395604e-05
1.461238334492101831e+00 1.647058295347705214e-05
1.462057592309942367e+00 2.078279445899238243e-05
1.462406802504459868e+00 1.814103878681609625e-05
1.463559864764608864e+00 1.906611606870346989e-05
1.463898509669686820e+00 2.040142529667769358e-05
1.467341047750460037e+00 1.921099805917680226e-05
1.467733806370455474e+00 2.200909841255500020e-05
1.469565280970317245e+00 2.147251499138121532e-05
1.469938825464798704e+00 1.785682036273411735e-05
1.469972185936944342e+00 1.767672783546352094e-05
1.470754349870896815e+00 2.440258995116126789e-05
1.472706125988490822e+00 2.111239448252130195e-05
1.477069330201776998e+00 1.816823200703464336e-05
1.477336604132532205e+00 1.849869530017902286e-05
1.478945757725030452e+00 2.065447488012110933e-05
1.479403484388238876e+00 1.881507367246788138e-05
1.480780090915076785e+00 1.975839113236633584e-05
1.481299038800208523e+00 2.043895446475878173e-05
1.481690646475898099e+00 1.783402481979380898e-05
1.481728505018614639e+00 1.882938491172385793e-05
1.482004235340249387e+00 1.987621423958801201e-05
1.482287589490317359e+00 1.821806655201096983e-05
1.482594752087021073e+00 1.708283853675780499e-05
1.484590252963345458e+00 2.049549016771544396e-05
1.485472105283165645e+00 1.910195343549304093e-05
1.486286099269159111e+00 1.705188528739281476e-05
1.487221219614125012e+00 1.708530952330067346e-05
1.487808818935766553e+00 1.647151634332352790e-05
1.491029535404355899e+00 1.755049982809082199e-05
1.492505502132431161e+00 2.090696244595754188e-05
1.492714173984456938e+00 1.645027263652880110e-05
1.493387753056302669e+00 2.278289107181227698e-05
1.494026717793094594e+00 2.002953705915690280e-05
1.495532419269895552e+00 1.917045492541693540e-05
1.497037754340844851e+00 1.818785961180399021e-05
1.497312951583171792e+00 2.030512483727433363e-05
1.498695212829044721e+00 1.758080494061198894e-05
1.500731351003869785e+00 2.024162349584045879e-05
1.501116535499303462e+00 1.902976388923840429e-05
1.502345218411481609e+00 1.993694550519448710e-05
1.503257745632841980e+00 1.746519933852952859e-05
1.504306500470723229e+00 1.862697911173305689e-05
1.504799449068257911e+00 1.659233890439803437e-05
1.504999952270197339e+00 1.683968044457167238e-05
1.505040387068486973e+00 2.101233120361331049e-05
1.505325010055769130e+00 1.923919377921341921e-05
1.507543995001074721e+00 2.000447778457359668e-05
1.507981427348209946e+00 2.182949910296311827e-05
1.508041499686726183e+00 1.636916662609316407e-05
1.508159091515496986e+00 1.908980761495993021e-05
1.508848849281920979e+00 1.983853355593135227e-05
1.509761971415876536e+00 1.851256241889794073e-05
1.509818045556134081e+00 1.752459710923113951e-05
1.515342318531431420e+00 1.734521365763892146e-05
1.516149946532640014e+00 1.936787870749085013e-05
1.516241663472403189e+00 1.968040970089483070e-05
1.520485899915754002e+00 2.005324226846912680e-05
1.521545368408651289e+00 1.605045662357298538e-05
1.522447839705375117e+00 1.756918769995206823e-05
1.524168194901233564e+00 1.788597856082560438e-05
1.524428843595916128e+00 1.813712304058600629e-05
1.525153696681668558e+00 2.037480174684587285e-05
1.527005836454727428e+00 1.522552642861517113e-05
1.527609528424591190e+00 1.687344604458575361e-05
1.527766236468373506e+00 2.136021153783832787e-05
1.527871399491042670e+00 1.796185766712528442e-05
1.531593606088016868e+00 1.805704303190291425e-05
1.532608074449496094e+00 1.750196563850699535e-05
1.541239197342203049e+00 1.756528313304496887e-05
1.541390559969650242e+00 1.678387211088493787e-05
1.542172029304961223e+00 1.986622007649120969e-05
1.543963347415740595e+00 1.900825613321833183e-05
1.545624996960139663e+00 1.918414665845926667e-05
1.547082418561351869e+00 2.121297115673379650e-05
1.548504949759049731e+00 1.711094168023154444e-05
1.549254951190542240e+00 1.604563991456325986e-05
1.549974925459189024e+00 1.745306201881931368e-05
1.552826837050204745e+00 1.901209941312414955e-05
1.554035600510501602e+00 2.050159940420059296e-05
1.555054519618358722e+00 1.821570583420255917e-05
1.555979897088789032e+00 1.603859597771399559e-05
1.556166027135986507e+00 1.901638291515003634e-05
1.561849866522607266e+00 1.733821179834516772e-05
1.563962630758247041e+00 1.843789733152139437e-05
1.564781702516480744e+00 1.904738867296615579e-05
1.565607672664391714e+00 1.790909340596987632e-05
1.565698945241433826e+00 1.778247884079684784e-05
1.567120364185166315e+00 1.760833949788680205e-05
1.568169999118653291e+00 2.039753258958274120e-05
1.569747163470345930e+00 1.637459814424011768e-05
1.569812885224680654e+00 1.549058637506935568e-05
1.569879928123407486e+00 1.904019853236074160e-05
1.572271488947028617e+00 1.513443672779650089e-05
1.572572076114875816e+00 1.922482543964624865e-05
1.574406930647187730e+00 1.599534368365761874e-05
1.575203637121415978e+00 1.556814862814694399e-05
1.575258790615289950e+00 1.639372259770469157e-05
1.579472503573616349e+00 2.091409301744746695e-05
1.581379881334725956e+00 1.779576707196260088e-05
1.581464300423949254e+00 1.862932076040865910e-05
1.581992177506566843e+00 1.663260467104493034e-05
1.589277457516650394e+00 1.791823864734834308e-05
1.590637763038877939e+00 1.697425010873096753e-05
1.595358642251511805e+00 1.725219071594640607e-05
1.596637613729939620e+00 1.578122814247251098e-05
1.596949480222313200e+00 1.268622781265335491e-05
1.597091554549251669e+00 1.390825517877024447e-05
1.597304149508471660e+00 1.615739415750723590e-05
1.597748589506408079e+00 1.728048414637743858e-05
1.602044892791729902e+00 1.557083828657087419e-05
1.603184702225880942e+00 1.474991985828650111e-05
1.603923383748111275e+00 1.432863347036550402e-05
1.605451500978098522e+00 1.426014571306936795e-05
1.606350170471828376e+00 1.281410855129541719e-05
1.606677478572650086e+00 1.714731225376283152e-05
1.607928619489766842e+00 1.329526332905589471e-05
1.609559665671455697e+00 1.676989494667232333e-05
1.610266894295496964e+00 1.476876923365597836e-05
1.612122164531616386e+00 1.486962132552955745e-05
1.613333047628847439e+00 1.591849337162853733e-05
1.614443001385774679e+00 1.234943301580115837e-05
1.615536638500503663e+00 1.427390844305087371e-05
1.615711027662901866e+00 1.339691625280145462e-05
1.618858524823064471e+00 1.347915697887772100e-05
1.619742151784600681e+00 1.273572398550019833e-05
1.619906924034949292e+00 1.481911804486551345e-05
1.621641614973587275e+00 1.486805154276483325e-05
1.621927715920262969e+00 1.486317270308037584e-05
1.623696926265211449e+00 1.359585290433860224e-05
1.624411858560625532e+00 1.465499770190619937e-05
1.625446147988556467e+00 1.389141332355221449e-05
1.625826211314002068e+00 1.461490920556015207e-05
1.627280600055258430e+00 1.423054288777220499e-05
1.627777483032536443e+00 1.780511831156955939e-05
1.627907444297728157e+00 1.636584852990503801e-05
1.628067781520111224e+00 1.387893079723606726e-05
1.628882573585428206e+00 1.240782333581981828e-05
1.629104544431363877e+00 1.382094453036046128e-05
1.629479495512727194e+00 1.225669784508137575e-05
1.635309269849278158e+00 1.372603119605359563e-05
1.636644188062931882e+00 1.351770829417783541e-05
1.637955308120959463e+00 1.593053324698425640e-05
1.639847750987104558e+00 1.669208698288721050e-05
1.643981627440530113e+00 1.284290678068944917e-05
1.644148475615512250e+00 1.477513613963687149e-05
1.644691758840879148e+00 1.431789030641104470e-05
1.646851032966486716e+00 1.191426380022162996e-05
1.647247166440596322e+00 1.293748904939028715e-05
1.649494369994764398e+00 1.397816859307210553e-05
1.649968995248132897e+00 1.518497997353613413e-05
1.650024067531880245e+00 1.307802067760543323e-05
1.650547261177791158e+00 1.420914330310471286e-05
1.650756691594217340e+00 1.293108760586187931e-05
1.659094486090919585e+00 1.611670967572864722e-05
1.659197633449880582e+00 1.392169988770829081e-05
1.659710570326065726e+00 1.414691244922010466e-05
1.662448637847776967e+00 1.241284004994926547e-05
1.662965991299388158e+00 1.395831473384483894e-05
1.662970516988474090e+00 1.180572417236711712e-05
1.663161970430574232e+00 1.264582058817223128e-05
1.663376476136564364e+00 1.308046481424246488e-05
1.664305076144678708e+00 1.240812882261940342e-05
1.667534323646197247e+00 1.130750924956742540e-05
1.668630878117892680e+00 1.431842009288397929e-05
1.669034783377989495e+00 1.491539093815300158e-05
1.671641337217528500e+00 1.249248522659389018e-05
1.672285726883578905e+00 1.247974937024494273e-05
1.672805521704230580e+00 1.228256573170839931e-05
1.674190271544837794e+00 1.481340358217055007e-05
1.674250754150348186e+00 1.251593446475389106e-05
1.674329850754007420e+00 1.216397985580891499e-05
1.674495135377739308e+00 1.285549157615018734e-05
1.676026254526365555e+00 1.228020802760484269e-05
1.681066621969355968e+00 1.285323862741524908e-05
1.683646636122432705e+00 1.094683190427870821e-05
1.684715834172354931e+00 1.461196778099582746e-05
1.684859925956037063e+00 1.185968533655497376e-05
1.686028606803837704e+00 1.477568458942426583e-05
1.688458407137591433e+00 1.226141239290971602e-05
1.689359187979193822e+00 1.184840095942218802e-05
1.690622414405062779e+00 1.210742309447903062e-05
1.691865872717338126e+00 1.262712113282164121e-05
1.695200002224541702e+00 1.342031428292100942e-05
1.695918862403212879e+00 1.439334228407565145e-05
1.705072430994659660e+00 1.290739006754089993e-05
1.709019435673833520e+00 1.262707010110583978e-05
1.710260326347225801e+00 1.288905944579423583e-05
1.717629609669651058e+00 1.308141141802842509e-05
1.720979240167377355e+00 1.259479246931568896e-05
1.721566936612370258e+00 1.369579148069799139e-05
1.723275388227502702e+00 1.451519702764474949e-05
1.723799963808517299e+00 1.165992314672529806e-05
1.726492133719676803e+00 1.317280388616581032e-05
1.727127091734479425e+00 1.087847791054190354e-05
1.728164856101150004e+00 1.226409725324605981e-05
1.728909963188617782e+00 1.182743767695331305e-05
1.729181007772432999e+00 1.107192348924113059e-05
1.732229900528566180e+00 1.051728545523766002e-05
1.732241371372727823e+00 1.296256855056470484e-05
1.736420622197642816e+00 1.220506038146844353e-05
1.736944062512330911e+00 1.140307524496805672e-05
1.737567298092129731e+00 1.195792417202523937e-05
1.739223602597262497e+00 1.093227809635801593e-05
1.740384866273097630e+00 1.137192051304960955e-05
1.741420513474045251e+00 1.057429740849735450e-05
1.744699205665332986e+00 1.108048877439335213e-05
1.747984628180938582e+00 1.216639990552793453e-05
1.751776521404049936e+00 1.083694627339937603e-05
1.752024767805112626e+00 1.328909995721104092e-05
1.756870652983787862e+00 1.015594928738658604e-05
1.760229693513875038e+00 1.172741219095478412e-05
1.760672014435023192e+00 1.075816632457059104e-05
1.760902318538895672e+00 9.586529000578821434e-06
1.761023382576849539e+00 9.301480090947771630e-06
1.763583362593316384e+00 1.039473782689983992e-05
1.763652742604292278e+00 1.145711563166303496e-05
1.765310396469531584e+00 9.393161426375140472e-06
1.767083407896719693e+00 1.093444687130274245e-05
1.767828098446632579e+00 1.116111342240143723e-05
1.768074200962503673e+00 9.731618900359579547e-06
1.770203405325207813e+00 1.048118680332246142e-05
1.771182307832747105e+00 1.005757319376568106e-05
1.772451416463329155e+00 9.605846382812640349e-06
1.773468283668366618e+00 9.442197783699034371e-06
1.773982525141768241e+00 1.022634762968806150e-05
1.776706948272381847e+00 1.098739690944617010e-05
1.777257557271758159e+00 1.175061409770664019e-05
1.778624252238860226e+00 9.607045549759701776e-06
1.779979617685374160e+00 1.104731287601667956e-05
1.781077199149975421e+00 1.065289111800802846e-05
1.784065519110297648e+00 1.144716235425858802e-05
1.787082166902506986e+00 1.101772589723783140e-05
1.789455888673449291e+00 9.763731040593677082e-06
1.792190202584102776e+00 1.037167850082883581e-05
1.792900268868717228e+00 9.772688879649933931e-06
1.793152583868103278e+00 1.050290502079382811e-05
1.798457288543431565e+00 1.052402755692058840e-05
1.799012919722686732e+00 1.084865197760008024e-05
1.800911483268055280e+00 1.194739696277227715e-05
1.805283403427857314e+00 8.961802078519508626e-06
1.807204870588156931e+00 1.016001793042227446e-05
1.807805814488156138e+00 1.026148804060776282e-05
1.809297869562047190e+00 1.139633445485938723e-05
1.813627485101440451e+00 1.124883533393740367e-05
1.816408390640769532e+00 1.012647375134190879e-05
1.816824320252887537e+00 9.816863235349709962e-06
1.819024059374045210e+00 1.069087787960699345e-05
1.826217701487157230e+00 9.785524488481439604e-06
1.829418985696829925e+00 9.888735586764789431e-06
1.831113980904298000e+00 9.346937644363097615e-06
1.831848473144346956e+00 1.071818201612715417e-05
1.835640856594713766e+00 9.053194959231392481e-06
1.838343112386757294e+00 1.066879845098543677e-05
1.838965701000433661e+00 8.678470742327609435e-06
1.840068331551154568e+00 8.535815752427727121e-06
1.845116535016732673e+00 8.936532767652320266e-06
1.845150201441949411e+00 8.514990208423266443e-06
1.848982055240918188e+00 8.816912860023347492e-06
1.850575006514715293e+00 1.038039986379842490e-05
1.852531221591763977e+00 9.313749719197910853e-06
1.853274266369560719e+00 9.505489039935803304e-06
1.854973480882312620e+00 8.984427045003106564e-06
1.856141433566020238e+00 8.420409111261321103e-06
1.857303269971582571e+00 9.276383131069498771e-06
1.860583949205641519e+00 9.523430952404552039e-06
1.860852132408717274e+00 7.829036407654886443e-06
1.864313087759826182e+00 8.819985761588176036e-06
1.864546572716864192e+00 9.044251962121455183e-06
1.866122995767806714e+00 9.424783146905067849e-06
1.867039805576154787e+00 9.077621663125091139e-06
1.868552173794195026e+00 8.757702289553503171e-06
1.869116390719382848e+00 1.000159396134759235e-05
1.870219392977418904e+00 9.022972853127162875e-06
1.876021098301722034e+00 8.651206620224104744e-06
1.880069929372211845e+00 8.571649586268003239e-06
1.884625662144241209e+00 1.076275507307417094e-05
1.893473991906841736e+00 8.941762121864275795e-06
1.893983294916840476e+00 8.367265145387006394e-06
1.899395930630037421e+00 8.105367086922610914e-06
1.901050383327385740e+00 7.992725262000611653e-06
1.902608143305621891e+00 9.417484857591133768e-06
1.905547272049722851e+00 8.687041868355255622e-06
1.905978393595875175e+00 9.951913053678176273e-06
1.907101310605956002e+00 8.317608689729843677e-06
1.909705009914187679e+00 8.413881479213191706e-06
1.911363607527979180e+00 8.079024215621622579e-06
1.918438867802189529e+00 8.287725751386386993e-06
1.923750068821922232e+00 8.076738593831931856e-06
1.925715134256318128e+00 8.643199233118562346e-06
1.927236269803691115e+00 9.643888864444967956e-06
1.930486909873265766e+00 8.297304493894411997e-06
1.934745510122022560e+00 6.965431445954917711e-06
1.938271541589666525e+00 6.979960408874932134e-06
1.939237661353676145e+00 7.643284370700860470e-06
1.941860566308758917e+00 8.530524042629063916e-06
1.946264660799540192e+00 7.814195444668461954e-06
1.950493321350945219e+00 8.013941183373871492e-06
1.951639834085490799e+00 8.923865239638208009e-06
1.955711668035664097e+00 8.125662776441496066e-06
1.956906218492728167e+00 7.325661262633325150e-06
1.957390366609753851e+00 6.763852149130999264e-06
1.960339964551732539e+00 8.390653208489745629e-06
1.961202108906679786e+00 7.186114527667763905e-06
1.961777912258494849e+00 7.249579762002792747e-06
1.963246212484876851e+00 7.764144043190883654e-06
1.971014865527782156e+00 5.702929511083276964e-06
1.972778675386785530e+00 6.672224720128233306e-06
1.972984101672476065e+00 6.957790181758296469e-06
1.973752405465296178e+00 7.341607167331511326e-06
1.975008908498527394e+00 7.839850486698245955e-06
1.976079644545504665e+00 6.578685207638559954e-06
1.978860116752570342e+00 9.182334909727791515e-06
1.979569333430659661e+00 7.227400728768151025e-06
1.981156804356740686e+00 7.182361336639585661e-06
1.983136651448592191e+00 7.180217132992711796e-06
1.983283041952924153e+00 7.675685866320264240e-06
1.989711457757385782e+00 7.422917151571839322e-06
1.992152525027545362e+00 7.271521208522408868e-06
2.014147907696320683e+00 7.036819999749042596e-06
2.022458907351152302e+00 6.732438982202243799e-06
2.025293903174507193e+00 6.452957967549448651e-06
2.030915415412425151e+00 6.666986694587498754e-06
2.033475545365064807e+00 7.275753612356898753e-06
2.035693743760658148e+00 7.882523453761312125e-06
2.036448557618075750e+00 6.946748026212588604e-06
2.039651916872364357e+00 6.591850967978289228e-06
2.045620083935681066e+00 7.273408002438921161e-06
2.046064187192488948e+00 6.470162807510112656e-06
2.046666662754142774e+00 6.452281011112476531e-06
2.047122673369375256e+00 6.376926672238381401e-06
2.047631738335033980e+00 6.339959819352688750e-06
2.058299945885260218e+00 5.861458862876355295e-06
2.059840512823052361e+00 6.254141391902409296e-06
2.060573074640468683e+00 7.265137906403318317e-06
2.063841510106477983e+00 6.564777771118649159e-06
2.068958869278138213e+00 6.418507956868108077e-06
2.069633507306218423e+00 6.827156456959488487e-06
2.070748536161512110e+00 6.180569538718963253e-06
2.070969701117174377e+00 6.798079604363194489e-06
2.071169069030854626e+00 5.451995887120898355e-06
2.075210422872247218e+00 6.494910712817320048e-06
2.076456838009867578e+00 6.233047446182509162e-06
2.080043811117251895e+00 6.044924655515408219e-06
2.086497932084149465e+00 6.240043024584964105e-06
2.090729031337978494e+00 6.842268369882524094e-06
2.091032336518203749e+00 6.345914959511993552e-06
2.103252927963226604e+00 5.902707911800922849e-06
2.116942652480834131e+00 5.862474137542067076e-06
2.117546347908207505e+00 6.252326554501006247e-06
2.118582813380429641e+00 5.640499400043120731e-06
2.121690812203223864e+00 5.565918865266064562e-06
2.125532203223072791e+00 6.110675478235476837e-06
2.126424524927344351e+00 6.068756986976663565e-06
2.128122494337341575e+00 5.177642863564018424e-06
2.130939994573399776e+00 5.849830613679295297e-06
2.134479841612359152e+00 5.730293200456633672e-06
2.140071333179113022e+00 5.845004063576699804e-06
2.142961602978188385e+00 6.179547509713606782e-06
2.146708437622154797e+00 5.884005752468607022e-06
2.149030616528657678e+00 5.494598258976973004e-06
2.154092584801450716e+00 5.351072613198168408e-06
2.158971175339607917e+00 5.508249026186185267e-06
2.162405564083376586e+00 6.005278028022299246e-06
2.165391413066042325e+00 5.773979875084511926e-06
2.171264060894211756e+00 5.652804742883233392e-06
2.175437125229043200e+00 5.744857697084877793e-06
2.182701657427401187e+00 5.434361840088526453e-06
2.183237224318792080e+00 5.555484076925763650e-06
2.192644278808778768e+00 5.736194626426784341e-06
2.192965571611392050e+00 5.729837260114978609e-06
2.198955324783591792e+00 5.273880304356245267e-06
2.200294270559995713e+00 4.803122170932881823e-06
2.201305020194259221e+00 5.295968139291064589e-06
2.202755835046794175e+00 4.547591305639781345e-06
2.202846711859558493e+00 5.132857791777710400e-06
2.203811102484723783e+00 4.517644441369511680e-06
2.206800086260378713e+00 5.160311398279263810e-06
2.209552122582166600e+00 4.992690688069176932e-06
2.212703651383119752e+00 4.634384645298483544e-06
2.223185455905190011e+00 5.301010994078541565e-06
2.227309891379625650e+00 5.308723549926133406e-06
2.227335217881677654e+00 5.541156007784672439e-06
2.229144765873811274e+00 5.249452260622197718e-06
2.231198648171555554e+00 4.975966480233830900e-06
2.239502629659931632e+00 5.186424306994937486e-06
2.243381551586689060e+00 4.907084639179542044e-06
2.244245838886907762e+00 4.311605547558411811e-06
2.252002200494148898e+00 4.582035365813866302e-06
2.253241187958443525e+00 5.043114119192523090e-06
2.257676414662742825e+00 4.920247762489273505e-06
2.258212838373562903e+00 4.792226409936915870e-06
2.263761910279042056e+00 5.102277155295258402e-06
2.265876015639928021e+00 5.061696429207001120e-06
2.272341059495278870e+00 4.814746706926710431e-06
2.277022526515735112e+00 4.736283819634825505e-06
2.286930941036206644e+00 4.341519438796001178e-06
2.295190964099483644e+00 4.534390704017225579e-06
2.300496616378935766e+00 4.456707497529750944e-06
2.302030974938827246e+00 4.253841102334378174e-06
2.304035383798387571e+00 4.163331045132837931e-06
2.304647747185567752e+00 3.866371484897630726e-06
2.307005991942291612e+00 4.096370093207592641e-06
2.309261357558018091e+00 4.514562013516197228e-06
2.318158773965811825e+00 4.843737920327389470e-06
2.321556352537232026e+00 4.640702956482789742e-06
2.323537408712844421e+00 4.019146176809608476e-06
2.328363378299962427e+00 4.434172183398899405e-06
2.328432320745986495e+00 4.098276218441955667e-06
2.336018755267525115e+00 4.344101489422861979e-06
2.349376353162489384e+00 3.892311107856062891e-06
2.355908897430707860e+00 3.971322238295776262e-06
2.356211508897877671e+00 3.835253811366866694e-06
2.360920071389114305e+00 3.656666539243989460e-06
2.361488458263564016e+00 4.038188059483872366e-06
2.363104446345562160e+00 3.480610502945653369e-06
2.369315705279453343e+00 3.783193662915457678e-06
2.370187253102149505e+00 3.673296396409804386e-06
2.373660332283560326e+00 3.810912877533303621e-06
2.380963946469446757e+00 3.754754588768859054e-06
2.384768667884186844e+00 4.252766892944889750e-06
2.386170289199573524e+00 3.874765912720560507e-06
2.389329106139118863e+00 3.673496911152078814e-06
2.396164662906569820e+00 3.505900014734941284e-06
2.398235210899256398e+00 3.463880197117954888e-06
2.401061467757052981e+00 3.765520622968940303e-06
2.403223846381236317e+00 4.347016589548967968e-06
2.408662512852706161e+00 3.861718247650424351e-06
2.410182907339607716e+00 3.704523937888311161e-06
2.419784324694624456e+00 3.830405820928889507e-06
2.427397364822628578e+00 3.749633358903740266e-06
2.430572401767527868e+00 4.175842692360089979e-06
2.463002421460338986e+00 3.853064347963317819e-06
2.464267945914391245e+00 4.139513887393081739e-06
2.487442614484167258e+00 4.010173876485132880e-06
2.497281789108603878e+00 3.265648183296260463e-06
2.504131773654374893e+00 3.573375227006125302e-06
2.509885643057593985e+00 3.358224226970319322e-06
2.513183456225470458e+00 3.399182620494316202e-06
2.515274852987538168e+00 3.432064065211468675e-06
2.518021881935947448e+00 3.315877618703258639e-06
2.525068001984323907e+00 3.506972246356397540e-06
2.539215997372918476e+00 3.227048007238632426e-06
2.542669765296625251e+00 3.442209549093005133e-06
2.554655685144208377e+00 3.528847415104283881e-06
2.560398149165349135e+00 2.999631677354006908e-06
2.575715056166407724e+00 3.106311414387195616e-06
2.584070578236687510e+00 2.927958217704103879e-06
2.593365183668173035e+00 3.006647583195887023e-06
2.594063945931378790e+00 3.194893854065012791e-06
2.609773637108808497e+00 2.638217355306175262e-06
2.619601519881574081e+00 3.016448373270435242e-06
2.620663196968036956e+00 2.962018860130919944e-06
2.623367269175493455e+00 2.681464733159655064e-06
2.632169220242750463e+00 3.121796855703077622e-06
2.645562879853218252e+00 2.958226207967023415e-06
2.662773667853099102e+00 2.749821549002612723e-06
2.670487597621161946e+00 2.750895713694281788e-06
2.686916267198396380e+00 2.500492595762717973e-06
2.708904781518111982e+00 2.656905657877443556e-06
2.711596827600796455e+00 2.574455733676762297e-06
2.735026105026669541e+00 2.572249187563060847e-06
2.736575126939474689e+00 2.550194508169094182e-06
2.800832799960458086e+00 2.506271187809660398e-06
2.807594199399790380e+00 2.319788695541902430e-06
2.831900343429427203e+00 2.604347692537970520e-06
2.841452074043683051e+00 2.356224071807771867e-06
2.856390143565669337e+00 2.119222980104836742e-06
2.860116795425374558e+00 2.363460404324493503e-06
2.867824532375631286e+00 2.110878295322682411e-06
2.871111279615210954e+00 2.181747547861537123e-06
2.905839221318661014e+00 2.143743116976778944e-06
2.960747127377998389e+00 2.124470275502177892e-06
2.980451035784243086e+00 1.845771787162230752e-06
3.031929762617900259e+00 1.757677257482664469e-06
3.033538479622186479e+00 1.927191174582281693e-06
3.065169519400414710e+00 2.088813352898221224e-06
3.160145694305805275e+00 1.623995204233417084e-06
3.423946314138163860e+00 1.423863494218348115e-06
3.798148714774287615e+00 1.085640112444539893e-06
