-3.495557983713867056e+00 1.282680991717503812e-06
-3.386194092317778015e+00 1.308862553850132961e-06
-3.351199577180420608e+00 1.420256661443902437e-06
-3.324520237456109140e+00 1.324140602220926373e-06
-3.107444798783992823e+00 1.812147184244384715e-06
-3.096042546482289382e+00 1.703225333586215353e-06
-3.091199788095928103e+00 1.607745054146931032e-06
-2.987126051357916978e+00 2.048681545472158020e-06
-2.954267011760291162e+00 1.989609727021290387e-06
-2.940594119622880420e+00 1.953845462621973109e-06
-2.918420313545904587e+00 2.114414505867042012e-06
-2.915725178162337894e+00 2.112728632413985454e-06
-2.888736483138163003e+00 1.966956394379861640e-06
-2.852327394257872850e+00 2.206569705036068231e-06
-2.834263432196283627e+00 2.393668274026793298e-06
-2.816965204487206442e+00 2.311884223706404189e-06
-2.769095529283302604e+00 2.226267371447293623e-06
-2.741300121500987341e+00 2.286912002202871794e-06
-2.733044065032498082e+00 2.434377959108173862e-06
-2.720647673734431837e+00 2.585090148877231237e-06
-2.713886095481319760e+00 2.393290540149773648e-06
-2.697403963002546590e+00 2.525662493084212455e-06
-2.688359536855770227e+00 2.628837020460892825e-06
-2.684116036946926354e+00 2.689139987680848587e-06
-2.681401544110506574e+00 2.697029625026969920e-06
-2.665653902891658156e+00 2.908389697027525366e-06
-2.664661735212494609e+00 2.719105955101120108e-06
-2.652987257934509291e+00 2.633471237295955876e-06
-2.633799925596075120e+00 2.772403601553008498e-06
-2.615718360431102951e+00 3.159074805638905031e-06
-2.610119963860197512e+00 2.954353033848953831e-06
-2.601003403134944492e+00 2.708173200922403154e-06
-2.599318372720928583e+00 2.889163176085805759e-06
-2.595327028989284468e+00 2.899818529567888945e-06
-2.594232463084223284e+00 2.994258997977827210e-06
-2.558400521477604439e+00 3.087626261513824754e-06
-2.553754743896054169e+00 2.872403676146049245e-06
-2.553493686228797355e+00 2.995919264110074876e-06
-2.542837091046215914e+00 3.214726903011748112e-06
-2.540253287357406631e+00 3.347263439946823757e-06
-2.526927500360919510e+00 3.175926841045856047e-06
-2.516068393081956955e+00 3.429455905817716687e-06
-2.494617734291620703e+00 3.157161999443377207e-06
-2.451960850098441114e+00 3.394909589295776965e-06
-2.449738740285485328e+00 3.729621204118255634e-06
-2.424544697054026976e+00 3.807170680863849194e-06
-2.420512019779582857e+00 3.550465934227483849e-06
-2.394606184474575183e+00 3.742229213177490589e-06
-2.383294141258170296e+00 3.744889920949574960e-06
-2.381270281996286986e+00 3.782965721946672492e-06
-2.371888293995731534e+00 3.749270445740908277e-06
-2.336033421887373063e+00 4.350314486057212751e-06
-2.334683206699223579e+00 3.572403829570730912e-06
-2.328052517072739747e+00 4.397909473434521780e-06
-2.325880510781657140e+00 3.548398886686010891e-06
-2.322981569355262454e+00 4.234001823734137832e-06
-2.322031717630071324e+00 4.141667425284749162e-06
-2.321315052287812097e+00 4.126887905919133128e-06
-2.319156998163113492e+00 3.987345818691839469e-06
-2.316489008992093979e+00 4.121839193223148553e-06
-2.309686716474819157e+00 4.427593427140359872e-06
-2.306580629773692159e+00 4.163805613375737656e-06
-2.305409166354679407e+00 4.311510373679426695e-06
-2.282070764956933839e+00 4.171355494422977878e-06
-2.276955168750356862e+00 3.581863790829168285e-06
-2.274245345327142509e+00 4.346215613509416399e-06
-2.264995515938239556e+00 5.121740661474911499e-06
-2.263111054177541437e+00 4.533935743842522996e-06
-2.257266309562883766e+00 4.816822307380127965e-06
-2.245947638965389181e+00 4.259570776411465446e-06
-2.244720239100049142e+00 4.757451402203029011e-06
-2.229994651176514076e+00 4.585334908653559566e-06
-2.229086967235690775e+00 4.499694939661288624e-06
-2.228250912855568977e+00 4.787185135051885488e-06
-2.226938660241121859e+00 5.295329467992432289e-06
-2.216999309798421525e+00 4.591324026291844462e-06
-2.216917597717504407e+00 4.868891469880654603e-06
-2.206778403573545599e+00 4.438862816819445695e-06
-2.172659165727903297e+00 5.050138848199680010e-06
-2.169778599847419276e+00 4.701027415551833914e-06
-2.166779210897616270e+00 5.084624447043643210e-06
-2.157876572321916431e+00 5.034675504450747231e-06
-2.155255599386844523e+00 4.659294717019448524e-06
-2.153163679207676928e+00 5.503413950039562897e-06
-2.145255381948908191e+00 5.405052087242347643e-06
-2.141433152768830173e+00 4.853210261679792459e-06
-2.140211514852428554e+00 5.918090232235583862e-06
-2.138933300457849462e+00 5.651567018568250500e-06
-2.136469597850480184e+00 5.838503245256762687e-06
-2.135787542196899480e+00 5.452618331410798914e-06
-2.128309581979617171e+00 5.320104605946686137e-06
-2.124385780979668681e+00 5.962067669604993691e-06
-2.121872136923955487e+00 5.139061173403214081e-06
-2.112942871815588930e+00 5.688644328492713050e-06
-2.110895417647617567e+00 5.294849215086108542e-06
-2.107008246142960672e+00 5.347575335333517790e-06
-2.091000675502683759e+00 5.610017877413445271e-06
-2.082074718924537216e+00 6.446619423772127365e-06
-2.081233988149024494e+00 5.824857450979928541e-06
-2.079705121784571897e+00 6.158848186414662756e-06
-2.079645881694452303e+00 5.864666683907650327e-06
-2.075391920357731124e+00 5.551521323572748934e-06
-2.073925334470369197e+00 5.839587355257803731e-06
-2.073776909681049663e+00 5.977725854921765329e-06
-2.073506846826853600e+00 6.171599201502035033e-06
-2.071690065541953896e+00 5.377160518778707970e-06
-2.070827082969722177e+00 6.486902159086921239e-06
-2.068937628155255837e+00 5.807580772299865984e-06
-2.066498249411839350e+00 5.572722910342274489e-06
-2.062896530415022855e+00 6.351996943731269745e-06
-2.061329499003379695e+00 6.299745325299282147e-06
-2.059815987630239320e+00 6.582351498717740883e-06
-2.058945580198608294e+00 6.266846831502479449e-06
-2.056782966587554107e+00 6.164317231828880964e-06
-2.056205728011632150e+00 6.037351344184553760e-06
-2.044187322078096170e+00 6.332160341547563751e-06
-2.036504482666243288e+00 6.824975097792205843e-06
-2.035737807623109408e+00 5.720867177543200943e-06
-2.032337321673567843e+00 7.099045091264887860e-06
-2.030179294625384934e+00 6.399637786769968360e-06
-2.028779778546283996e+00 6.317692340982562711e-06
-2.026868097173601058e+00 5.970614157445285708e-06
-2.017785447459874870e+00 7.133584243027101133e-06
-2.014898413527451471e+00 6.584495775923187819e-06
-2.012623302522057678e+00 6.200214623964425518e-06
-2.011727372980049999e+00 7.240042941473302476e-06
-2.011481460203498273e+00 5.933326399184377214e-06
-2.002581331927054009e+00 6.784366176251988828e-06
-2.000110996615574788e+00 6.754550929057133926e-06
-1.998796267250658731e+00 6.700408842207485734e-06
-1.993921102432783421e+00 6.524948132533975174e-06
-1.993720250762148094e+00 6.761228460491454511e-06
-1.988006725035812217e+00 6.923409183688993145e-06
-1.982873256891155567e+00 6.846827731979667442e-06
-1.981562955010754967e+00 6.966164187025939648e-06
-1.978164485500267356e+00 7.248104778880183567e-06
-1.975890702272649735e+00 7.522029840284874094e-06
-1.975086092379490621e+00 8.190247292948211859e-06
-1.969842900921231710e+00 6.751997142323298830e-06
-1.969637142196830837e+00 6.762499443893803396e-06
-1.968672238377479067e+00 7.076419190625720251e-06
-1.967242461645714258e+00 7.707969208760333030e-06
-1.965299927916502210e+00 7.436837772151110577e-06
-1.961934288472644505e+00 7.705069433978376108e-06
-1.961433137983752850e+00 7.212942357521692913e-06
-1.955961689986005725e+00 7.677340813539117718e-06
-1.949907624268656825e+00 7.468503444894170271e-06
-1.947726943837495339e+00 6.896660283762023448e-06
-1.943447944537651351e+00 8.090815557611225010e-06
-1.940590162606038449e+00 7.299032136316397741e-06
-1.933535854462414161e+00 7.099391150576084507e-06
-1.928955638532679151e+00 9.253045783296100614e-06
-1.928737363985208342e+00 8.423674034634805413e-06
-1.926829663053633901e+00 7.527281645819750155e-06
-1.921753143408416520e+00 7.868652646027080600e-06
-1.920415378066113510e+00 8.365344198022541881e-06
-1.918780287917182470e+00 8.936073871129459310e-06
-1.914370761229686746e+00 8.176688809217059345e-06
-1.912570134915770437e+00 7.611328365129648300e-06
-1.912367120456576419e+00 8.722633415513405213e-06
-1.909966820503228302e+00 8.368399699660605302e-06
-1.907701407599451393e+00 8.166780963092071604e-06
-1.905329732930045816e+00 7.673818593983130085e-06
-1.904688902388483873e+00 7.927002269383130951e-06
-1.902364549941565564e+00 7.852735278945377359e-06
-1.896543363761193257e+00 7.560594887841855736e-06
-1.896288506406580421e+00 7.891295391390541538e-06
-1.896221875760981668e+00 8.584008201260382898e-06
-1.896092344236171234e+00 8.501097399633165814e-06
-1.895464906031135932e+00 8.750185845665999025e-06
-1.890937634637569920e+00 8.088135302869427711e-06
-1.889983460804730786e+00 8.257182922158678068e-06
-1.889072749207476365e+00 7.728592093856092823e-06
-1.888153594635120669e+00 8.836405493720891240e-06
-1.886422058442102090e+00 7.880082577374546913e-06
-1.884722467192689876e+00 8.662891854598261051e-06
-1.880163718394892047e+00 9.362510741523978432e-06
-1.879263691137408321e+00 8.726823915911781484e-06
-1.878124562485962157e+00 8.311461929272138374e-06
-1.877456508541351488e+00 9.111875642791060484e-06
-1.876748662996354788e+00 7.884620654669934062e-06
-1.873412128826862366e+00 8.223804550141514352e-06
-1.872804528788859724e+00 8.098160581042216836e-06
-1.872736679620573774e+00 9.063537350465089576e-06
-1.869771333435469529e+00 8.586963488940346138e-06
-1.869552263678224246e+00 8.058428532654394314e-06
-1.867452418109184498e+00 8.260596103527129036e-06
-1.866401869668389057e+00 8.931715343855436187e-06
-1.865434420521261405e+00 9.380114269680531864e-06
-1.864330977320615812e+00 8.286342729632183957e-06
-1.862935257752908136e+00 8.504667140678016723e-06
-1.860823803335880378e+00 8.057137817827016472e-06
-1.859132203838811170e+00 7.979349191656349971e-06
-1.856915064953812644e+00 1.027304433165014493e-05
-1.854922611042612690e+00 9.446329386487609087e-06
-1.854606326711808251e+00 8.750557005083793067e-06
-1.850715960809361293e+00 9.037001797290045784e-06
-1.843740726792714169e+00 8.111608249691523774e-06
-1.842886367916300783e+00 8.144981306165622576e-06
-1.842596038551445492e+00 7.839701644908902051e-06
-1.837157071027290201e+00 9.819568414071711457e-06
-1.834184986365964276e+00 1.018216970716163169e-05
-1.832949641817018360e+00 9.655704261777750566e-06
-1.831944680253233759e+00 9.278988113690308121e-06
-1.831699105842272690e+00 9.715340533325495640e-06
-1.830181065486693015e+00 8.158878141894543176e-06
-1.830082334423252188e+00 8.723087226059643404e-06
-1.829684622246184000e+00 9.280367377307250024e-06
-1.827438646848855264e+00 9.935813482715778635e-06
-1.824928282547260361e+00 1.003816195223290942e-05
-1.820285349482756887e+00 9.635577102764181971e-06
-1.817278719833648415e+00 1.000134467520631248e-05
-1.816467061100994762e+00 9.581993111642349140e-06
-1.815502096742054983e+00 1.063999841624341266e-05
-1.815000604734668510e+00 1.133280634364819448e-05
-1.814713865910205337e+00 9.688653136651189109e-06
-1.811432089480518925e+00 9.394585573774348931e-06
-1.810709031184379425e+00 9.299931420081636763e-06
-1.808865288798767068e+00 9.986642632806863132e-06
-1.808370512069981118e+00 9.298936068828586259e-06
-1.807193970264396432e+00 1.014924832757719602e-05
-1.805891034625506375e+00 9.312794160796101706e-06
-1.805634140593041614e+00 9.075081519002492952e-06
-1.804966718448614671e+00 9.812445084417389802e-06
-1.804809866972959309e+00 9.115332251534317691e-06
-1.804782286781780876e+00 9.751314034572983915e-06
-1.803275379520734134e+00 9.712700091393900600e-06
-1.802788857553954571e+00 9.019660364075480818e-06
-1.801332816393964364e+00 9.859388544819963412e-06
-1.799198454486296450e+00 9.444410301639609551e-06
-1.792587209616135047e+00 9.945735755815177434e-06
-1.791848097615479807e+00 1.021306288483922768e-05
-1.791578295711804492e+00 8.352505686575190165e-06
-1.786047583276467510e+00 9.624572316698503272e-06
-1.785417930570046607e+00 9.407917408735655526e-06
-1.785013761319230952e+00 1.037886707566693675e-05
-1.783603062738682743e+00 9.959527109400075765e-06
-1.783276437699394812e+00 1.097624565650015481e-05
-1.783101510733610562e+00 1.056716916551373912e-05
-1.783053778052669180e+00 9.460707519607678976e-06
-1.778400883403031818e+00 9.710719611638524070e-06
-1.777263357790874077e+00 1.043553482431326030e-05
-1.776829412160748412e+00 9.379652678337905826e-06
-1.775758692884871648e+00 1.027917567398289781e-05
-1.774849088918415640e+00 1.127177726735267829e-05
-1.766832795445202109e+00 9.883989030123461783e-06
-1.765901111477085061e+00 1.082017234084528235e-05
-1.763864816660975610e+00 1.077624463468571147e-05
-1.761716848131780422e+00 1.094270542248953744e-05
-1.760285030021129682e+00 1.199969647584971178e-05
-1.755858860033911784e+00 1.160681085569016719e-05
-1.755683318238846491e+00 1.190023810979470841e-05
-1.755676852434508994e+00 1.259586098921641757e-05
-1.750401308814926615e+00 1.130408868233371926e-05
-1.747352767801285012e+00 1.172537945482401293e-05
-1.747119246143301385e+00 1.063263102050755055e-05
-1.745888000786449235e+00 1.063764564864194002e-05
-1.745175396899206088e+00 1.058577561362853390e-05
-1.744720791804845961e+00 9.562881573043678445e-06
-1.742506916549885654e+00 1.057363240062446030e-05
-1.742313316405966317e+00 1.120439459349212615e-05
-1.740083597011210959e+00 1.032516577831301340e-05
-1.738531398877909639e+00 1.110171107041248776e-05
-1.736782400490507694e+00 1.034819734172213950e-05
-1.736308808724672526e+00 1.244628924335105090e-05
-1.730827014243076167e+00 9.994900613346357078e-06
-1.730057688196635857e+00 1.014914935502675475e-05
-1.726324393379842004e+00 1.128438760063114185e-05
-1.725040232895177272e+00 1.056211778504404200e-05
-1.720207109336294282e+00 1.074788527478664436e-05
-1.718145368541224238e+00 9.735956586437051531e-06
-1.715695034446944822e+00 1.111859573394650196e-05
-1.712387599917762682e+00 1.233276888005703124e-05
-1.710885569886313018e+00 1.133450020488031368e-05
-1.708266500656494991e+00 1.199068442046720056e-05
-1.706611082632258025e+00 1.111223506386779279e-05
-1.703888624608421498e+00 1.297339902866595554e-05
-1.702041199303262031e+00 1.098591121860550824e-05
-1.700169523653727977e+00 1.005905353413964373e-05
-1.698356210415585377e+00 1.162240980684574216e-05
-1.696508961715814223e+00 1.200236913441368719e-05
-1.692339826201096464e+00 1.234288703100367875e-05
-1.691774418313178208e+00 1.148906053948054290e-05
-1.690851022184365560e+00 1.275567782196854705e-05
-1.687554438310550298e+00 1.266943312824470113e-05
-1.683083665257026684e+00 1.298971000322613608e-05
-1.679300477404161329e+00 1.205418614143876153e-05
-1.674092063018928878e+00 1.231955954909220406e-05
-1.672500969443448504e+00 1.235857628280976421e-05
-1.670986402819652161e+00 1.272495402582468453e-05
-1.668615174501896448e+00 1.298219281443805109e-05
-1.666478215483585101e+00 1.333380099300173285e-05
-1.666266914140493327e+00 1.266350314180171947e-05
-1.665518330053170182e+00 1.386635796713911628e-05
-1.662966136700048336e+00 1.260533631800582935e-05
-1.661228003785825802e+00 1.261946197150300062e-05
-1.660665491221172463e+00 1.239615752410601091e-05
-1.660347276848175291e+00 1.310995004355678355e-05
-1.659692507468873535e+00 1.290746104765834739e-05
-1.659459207092713218e+00 1.280670737645835854e-05
-1.659018320350933440e+00 1.181476989931717839e-05
-1.657634760436371701e+00 1.317318866224575230e-05
-1.649712430659565854e+00 1.289300422604389910e-05
-1.643962618170061507e+00 1.258371638405379129e-05
-1.643847626310458665e+00 1.272690009196801686e-05
-1.640962795484410153e+00 1.323451547506033374e-05
-1.639852036168113703e+00 1.314557777857960733e-05
-1.638397048236033493e+00 1.494348238101026571e-05
-1.635604197718899755e+00 1.372920813976953427e-05
-1.634120776965579669e+00 1.518777708776447104e-05
-1.633712047011505852e+00 1.514815249821461393e-05
-1.628561086027142446e+00 1.317681859165479711e-05
-1.628375014786431096e+00 1.214671479919683277e-05
-1.627869409732244810e+00 1.326168854484184017e-05
-1.627633280354698009e+00 1.379538840190821313e-05
-1.626525586453588579e+00 1.399355464149803954e-05
-1.626487354687122799e+00 1.334642910795135993e-05
-1.615908894447844357e+00 1.343868200084125756e-05
-1.613290248269295679e+00 1.302524698721704681e-05
-1.612886190456996882e+00 1.348429533420262640e-05
-1.612688458902155064e+00 1.339457818522083208e-05
-1.612623222163535486e+00 1.354769292307017727e-05
-1.612328357192712280e+00 1.327035194615586507e-05
-1.608772713691517531e+00 1.288963385667108070e-05
-1.608529363393352396e+00 1.457836736721276614e-05
-1.607615033044723196e+00 1.533194603127629909e-05
-1.602212333148375523e+00 1.425009162472860784e-05
-1.601944898276090434e+00 1.446687306129025356e-05
-1.601853836197995484e+00 1.505824687236066396e-05
-1.599383643106482955e+00 1.604251463478837048e-05
-1.598017137776179153e+00 1.462111035252540770e-05
-1.595461836318777360e+00 1.407969892141755914e-05
-1.594726583133554643e+00 1.477264918111915490e-05
-1.594637523927193046e+00 1.629245911309071097e-05
-1.594225760760452637e+00 1.278845451041698753e-05
-1.589117913324169740e+00 1.680545138560176398e-05
-1.587041918752228886e+00 1.503121759556573050e-05
-1.586835541018749796e+00 1.744935531097146638e-05
-1.584571560312569405e+00 1.562514902656534651e-05
-1.576754131031864237e+00 1.449578554193754450e-05
-1.574320739368674227e+00 1.762160214007406172e-05
-1.573032793676764740e+00 1.468124325845805016e-05
-1.572618439492174502e+00 1.518770497772953934e-05
-1.572316336991347985e+00 1.417790319135652682e-05
-1.572054914065275755e+00 1.637237597743063805e-05
-1.567696936551757236e+00 1.622263979794950504e-05
-1.564928003294347114e+00 1.549114168567253751e-05
-1.564013502518415644e+00 1.590330829933635719e-05
-1.563550186021688493e+00 1.445062274726446381e-05
-1.563442947945562711e+00 1.628376985822224576e-05
-1.562179311930834480e+00 1.500143349354769437e-05
-1.561415756079055361e+00 1.477542796127047807e-05
-1.560955045110818062e+00 1.829760463202406909e-05
-1.560377900537350371e+00 1.518512115349828795e-05
-1.558397657330188313e+00 1.772657212930706791e-05
-1.558165174871341430e+00 1.724791381721223777e-05
-1.556813372503617066e+00 1.742376489234299843e-05
-1.555465522301898718e+00 1.589984996683159238e-05
-1.553819342318802699e+00 1.748275332292360262e-05
-1.552562975579036220e+00 1.429564503658531700e-05
-1.551188622399387596e+00 1.670617303884093182e-05
-1.551045012598295747e+00 1.638718730807684252e-05
-1.548450648004049413e+00 2.093978189586918106e-05
-1.548074727179712395e+00 1.748430934627126596e-05
-1.547306903795454547e+00 1.773552599676691351e-05
-1.546314080549009873e+00 1.686602963193798013e-05
-1.546165101611098214e+00 1.691661221746622188e-05
-1.545348827919399426e+00 1.821976598991666732e-05
-1.541474379803358330e+00 1.573849896548652695e-05
-1.539703122896890486e+00 1.543543783263712682e-05
-1.536554304439432528e+00 1.968719358846339837e-05
-1.536106716878617329e+00 1.805925651414881400e-05
-1.535211145951655975e+00 1.594245218340130569e-05
-1.534729344503274140e+00 1.764136931112540867e-05
-1.532731064858623871e+00 1.622163464864919839e-05
-1.532423031272142522e+00 1.730592338371304291e-05
-1.529789111263075929e+00 1.810817800272685013e-05
-1.529602597076179737e+00 1.814111992689361585e-05
-1.529359335053206204e+00 1.656544235992408993e-05
-1.527192790193003358e+00 1.728358764310095549e-05
-1.526675078108292949e+00 1.714044239260170666e-05
-1.525856160497712333e+00 1.758630403073436918e-05
-1.523958144945579907e+00 1.723702147770674330e-05
-1.519943891674160108e+00 1.918505719274128603e-05
-1.518935478330658562e+00 1.916358368919873957e-05
-1.518644418700785481e+00 1.828201306215834158e-05
-1.516651531338496506e+00 1.799555624072140758e-05
-1.516575924594358415e+00 1.803745426257524209e-05
-1.514544623154733705e+00 1.776467175320976078e-05
-1.514199877271635630e+00 1.680852570419628226e-05
-1.513928604948503454e+00 1.687393139468422017e-05
-1.512295778844403360e+00 1.582943271726898929e-05
-1.510234153805146473e+00 1.769832017539814238e-05
-1.508628837966402569e+00 1.969204451956540287e-05
-1.506687399089371215e+00 1.804139053534355131e-05
-1.506079729170001880e+00 1.983790422389839704e-05
-1.505626901447565169e+00 1.993783030604832107e-05
-1.504822278629144305e+00 1.667563392375063930e-05
-1.502385535181994580e+00 1.882931924236907724e-05
-1.502154661305414418e+00 1.914321251443981532e-05
-1.501910256409946909e+00 1.787956983078756268e-05
-1.497966330764375353e+00 1.869460162027175281e-05
-1.497478754573994930e+00 1.804077621971918047e-05
-1.496821033800793233e+00 1.830840910399286111e-05
-1.493837211252413200e+00 2.239282855228738595e-05
-1.493750726564544440e+00 1.888512953036062937e-05
-1.492817254273749228e+00 1.761655016252167518e-05
-1.490488842168756323e+00 1.999431018526106417e-05
-1.489355273202535912e+00 1.801579997442076495e-05
-1.488714661486397972e+00 1.830191415989760787e-05
-1.487228776666916330e+00 2.029672516705769599e-05
-1.486838502664096007e+00 2.002368216159136559e-05
-1.486184975424347687e+00 1.820699607285602046e-05
-1.485709369750280562e+00 1.701650177625200938e-05
-1.484235561682065718e+00 1.866034500092115983e-05
-1.484041198820136742e+00 2.009776970985641321e-05
-1.480256684778528564e+00 1.949211735110035313e-05
-1.477748753162637874e+00 2.187779831455469097e-05
-1.477454146733579332e+00 1.757013633648922020e-05
-1.477357091675342016e+00 2.128067598242269626e-05
-1.477215078844674068e+00 2.029591535914742552e-05
-1.477047900267241198e+00 1.807170373248734348e-05
-1.477027517340331109e+00 2.177300311460023870e-05
-1.476857770771364153e+00 2.085753546878876228e-05
-1.476628706068658037e+00 1.929180252002338184e-05
-1.476565631960570890e+00 2.147516825269564386e-05
-1.475278287996649285e+00 1.898754025526339751e-05
-1.473856142998664298e+00 2.130623810055395781e-05
-1.473726601768022393e+00 2.241732507155345182e-05
-1.473673772978153274e+00 1.963074205117183176e-05
-1.472821252549119997e+00 1.952928621528801070e-05
-1.472408520714252989e+00 1.788275945955389911e-05
-1.467774269678216559e+00 1.955413811907759288e-05
-1.464578295001778052e+00 2.227552523642093140e-05
-1.464228310408236089e+00 1.907671928789730182e-05
-1.461793092162932961e+00 2.097404004880978792e-05
-1.459418631718347736e+00 2.276871900017945886e-05
-1.459300496842929729e+00 1.935802766566099812e-05
-1.457775359615844701e+00 2.295299405128794885e-05
-1.456930946170107877e+00 1.877643640647102703e-05
-1.456387340940902941e+00 2.245852856144973293e-05
-1.455698089082712254e+00 1.984191144668583066e-05
-1.454742640717038737e+00 2.687624110273566133e-05
-1.454717489370030314e+00 1.990988551244825123e-05
-1.454515832961003730e+00 2.338631289526734637e-05
-1.453081497461520932e+00 2.278836224326621541e-05
-1.450717283210668951e+00 1.772934010141971278e-05
-1.448872978267483180e+00 2.251004652530168746e-05
-1.446555612156971371e+00 1.979806496152635101e-05
-1.444561486638518799e+00 2.172755228768917773e-05
-1.444069024960525693e+00 2.167560214605853463e-05
-1.442463841214425280e+00 2.276276034429150567e-05
-1.441762085387687353e+00 2.320564854179275763e-05
-1.441396542469087771e+00 2.228907539234036353e-05
-1.440988307522274026e+00 2.079226709578183569e-05
-1.439495788945110544e+00 2.187148051571797931e-05
-1.438919318619910070e+00 2.310961444131572726e-05
-1.438713165560650209e+00 1.979169309931646276e-05
-1.438419870770963671e+00 2.010405834322664199e-05
-1.436510933803504253e+00 2.588615792339182765e-05
-1.435646477568791823e+00 1.980446141765237629e-05
-1.435433816730731227e+00 2.050753458287588293e-05
-1.434903316508251425e+00 2.271440336849323585e-05
-1.433562400431399375e+00 2.352071476376435855e-05
-1.432522370967177272e+00 2.370420451243015239e-05
-1.428196882043500038e+00 2.269977767193899861e-05
-1.426205698729295701e+00 2.090142974751770815e-05
-1.425277110544684867e+00 2.021123838380273877e-05
-1.425119719678991093e+00 2.007334954316099257e-05
-1.422207251405913420e+00 2.171156318635268913e-05
-1.421926090566979939e+00 2.088235442618320033e-05
-1.420554156382012545e+00 2.316699229589459720e-05
-1.420521902830502725e+00 2.483649411834957323e-05
-1.420050008645087125e+00 2.676650749466404392e-05
-1.419906454292178211e+00 2.512530034381182676e-05
-1.419005117372505120e+00 2.312472057085793314e-05
-1.418364330299898945e+00 2.347327320838121862e-05
-1.417338686242693102e+00 2.429472833717307537e-05
-1.417174116296679998e+00 2.332958449367631491e-05
-1.416109288343810002e+00 2.453916450682889821e-05
-1.416000765587251298e+00 2.336285411464903027e-05
-1.414763412854666891e+00 2.377814623941493428e-05
-1.413907176217119588e+00 2.275005383383255780e-05
-1.413435728394660140e+00 2.245855183659684884e-05
-1.412958397810489597e+00 2.525519031470699834e-05
-1.412927023348829803e+00 2.359392213737227236e-05
-1.411211754587573308e+00 2.092265209153296285e-05
-1.408656437305231046e+00 2.285614848525328405e-05
-1.408652077989319240e+00 2.619244672736716415e-05
-1.408199188174853234e+00 2.330943970645727307e-05
-1.406894865901841873e+00 3.094378572999535466e-05
-1.406024581039263754e+00 2.197557484095196120e-05
-1.405831977579043546e+00 2.544738557579294519e-05
-1.404132358705645123e+00 2.453323401345203908e-05
-1.402530264727829490e+00 2.655236130027763188e-05
-1.402517371533697599e+00 2.075069057429712743e-05
-1.401737046646693408e+00 2.414832851561160511e-05
-1.401445619647570417e+00 2.875204589848789311e-05
-1.401323087778276744e+00 2.260341438198066409e-05
-1.401148893625542735e+00 2.669583261753575375e-05
-1.400339331511919250e+00 2.185343215715998793e-05
-1.398404949820287513e+00 2.686592168247858316e-05
-1.394934775510019431e+00 2.270092057509987999e-05
-1.393739035481851962e+00 2.541179068752418734e-05
-1.393592181432420585e+00 2.219167852396147872e-05
-1.393567022102885078e+00 2.581211132608565828e-05
-1.393197658186733356e+00 2.648218613951587453e-05
-1.393038849556545777e+00 2.237840290378490473e-05
-1.392817553497359251e+00 2.263255561937626558e-05
-1.392643339181440121e+00 2.229639375685900523e-05
-1.392606197349627761e+00 2.694616519954106781e-05
-1.391654638733966554e+00 2.443069549686223158e-05
-1.390568096753112881e+00 2.293225571372761780e-05
-1.387095261268023849e+00 2.727507677132826644e-05
-1.385327913000905742e+00 2.163545817394803611e-05
-1.383716909228642322e+00 2.232526155994120050e-05
-1.383383028939439763e+00 2.270433025967836434e-05
-1.382668681469139127e+00 2.477253283213440472e-05
-1.378812070977580184e+00 2.142940301207452248e-05
-1.378687568940740071e+00 2.455564346057376540e-05
-1.378074065405723747e+00 2.333819994522483529e-05
-1.377505227026151857e+00 2.948292660063192656e-05
-1.377303744280769848e+00 2.802880107662936764e-05
-1.376881765107168309e+00 2.435719278922876530e-05
-1.376148107077814320e+00 2.503733786394720200e-05
-1.376124190223687593e+00 2.779270842455271436e-05
-1.375798914069357837e+00 2.401973505008388131e-05
-1.374769863466021702e+00 2.540458475746637583e-05
-1.374197477599646611e+00 2.546156348207432351e-05
-1.373852221237745974e+00 2.593116035256597913e-05
-1.373360347136659776e+00 2.302330542551484521e-05
-1.373053224269789485e+00 2.423610431804171608e-05
-1.372444047077551188e+00 2.598443029216011545e-05
-1.372163536583599575e+00 2.885741801833045548e-05
-1.372116824403019741e+00 2.594171800296575566e-05
-1.371994155781331770e+00 2.486993029241190014e-05
-1.370774576702883163e+00 2.719026751154344357e-05
-1.370655987694312516e+00 2.529709274651945752e-05
-1.370565670328408592e+00 2.476910725454298793e-05
-1.369246162258137112e+00 2.428245124452558371e-05
-1.368764236404618195e+00 2.538091814752038849e-05
-1.367913488947634093e+00 2.477410044525984380e-05
-1.367440082650335453e+00 2.568208963067416200e-05
-1.364924340494864774e+00 2.333352891226505793e-05
-1.363581015681016861e+00 2.572868421267004345e-05
-1.361350428580126781e+00 2.604006585936978480e-05
-1.361044354727568129e+00 2.477482949063471184e-05
-1.360640127319302284e+00 2.939845562417462495e-05
-1.360631368818722819e+00 2.457189941613547419e-05
-1.356501621178545003e+00 2.312107146204398265e-05
-1.356180937410693010e+00 2.213027611431676075e-05
-1.353989283412320832e+00 2.778238071457942251e-05
-1.353951704309696469e+00 2.708132712389510423e-05
-1.353843948438853140e+00 2.898329909005698823e-05
-1.353201718722460978e+00 2.835688018323541686e-05
-1.351407749859262708e+00 3.032740771329268533e-05
-1.350687652146361328e+00 2.628671449693118598e-05
-1.349768404060351923e+00 2.666032514962282502e-05
-1.348574088888590650e+00 2.997458411632298943e-05
-1.348110237519620336e+00 2.846013820488313406e-05
-1.347982361020032771e+00 3.105322119789722047e-05
-1.347833213449195267e+00 2.662745867130344036e-05
-1.347208426156515815e+00 2.903829119863458091e-05
-1.346097787391015821e+00 2.707682006027261419e-05
-1.345925567641399923e+00 2.600297509797188611e-05
-1.345598965124345625e+00 2.472857811319718036e-05
-1.345441143087086067e+00 2.934041365135845670e-05
-1.344759147512353703e+00 2.488131212055089586e-05
-1.342035036106411505e+00 2.948123913563532986e-05
-1.341900616387327938e+00 2.726385811073522953e-05
-1.340670986794111119e+00 2.882647508660042576e-05
-1.340131659893297966e+00 3.737431031853214689e-05
-1.339403658296564714e+00 3.111926677592921273e-05
-1.336937577186610548e+00 2.937893124744012213e-05
-1.336084599781013349e+00 3.071374837169473535e-05
-1.334681697287057878e+00 2.874889989653315873e-05
-1.334067389183418495e+00 3.110078987408763565e-05
-1.331826018784996402e+00 2.631248180347762941e-05
-1.330828965482019566e+00 2.777059516132377183e-05
-1.330606289628202932e+00 3.295996732683222915e-05
-1.330602498285816893e+00 2.947658121835133088e-05
-1.330083483832573243e+00 2.790613061629698715e-05
-1.328358658427989836e+00 3.329861395979251653e-05
-1.326832508399271804e+00 2.562622669767981184e-05
-1.325123191938098355e+00 2.903191791980617813e-05
-1.324796161458555721e+00 2.896184864826971956e-05
-1.324644305218256823e+00 3.030358836196547556e-05
-1.324291805287520551e+00 2.787043959491795106e-05
-1.323986176179200669e+00 3.125606394322749676e-05
-1.322793891208513539e+00 2.975779545857592753e-05
-1.321793178458072759e+00 2.792160091671312040e-05
-1.321372646785751170e+00 2.532991114448951571e-05
-1.319809794327791108e+00 2.814699298718723166e-05
-1.317234548111800851e+00 3.034042417488241425e-05
-1.314151248186994136e+00 2.943404988716664947e-05
-1.314129706374091100e+00 2.465107969752524652e-05
-1.314109084285822293e+00 3.047341921549666141e-05
-1.313887082817646768e+00 3.363079695861219659e-05
-1.313365230774109049e+00 2.911444220695538570e-05
-1.312742080201984685e+00 2.569599859173867095e-05
-1.311411427510350780e+00 3.135390144857231893e-05
-1.311392497937116541e+00 3.008786627115285524e-05
-1.311175641874618547e+00 3.310531856298326619e-05
-1.311107994630521745e+00 2.808691599416296466e-05
-1.307983701256951736e+00 2.906763660778692715e-05
-1.305734603729628907e+00 2.891877193136744282e-05
-1.304519365899141636e+00 2.931021373114113529e-05
-1.303891272453511441e+00 3.109689297839045264e-05
-1.303748003262175992e+00 2.845102759161365148e-05
-1.303275991042372572e+00 3.841812267945132503e-05
-1.302109141645011015e+00 3.219405782043539409e-05
-1.300670698198412190e+00 3.191504163020117353e-05
-1.300333447201064585e+00 2.724973962200098691e-05
-1.300272202597714255e+00 2.969188720327723189e-05
-1.300177698821859185e+00 3.097628256871804049e-05
-1.300061157736077222e+00 2.758575663502214794e-05
-1.299227118610289944e+00 2.348782818258678015e-05
-1.299170801541819964e+00 3.240785458485367769e-05
-1.299115023226932841e+00 3.029190186422722126e-05
-1.298935487783023701e+00 3.306890134073101788e-05
-1.298477802379086388e+00 2.910049756817928126e-05
-1.296910980228518362e+00 2.792080798704759631e-05
-1.295455435927320487e+00 4.718936517719611801e-05
-1.294604950690215528e+00 3.220022316245889322e-05
-1.293160326585669040e+00 3.178378546640025875e-05
-1.292151047437050115e+00 3.202643257205099530e-05
-1.292144386489875174e+00 2.915418800097777417e-05
-1.290850519158507792e+00 3.346701629166016969e-05
-1.290804479602090771e+00 2.798755280115090540e-05
-1.290134971053120028e+00 3.047242218641832464e-05
-1.288799112021873805e+00 3.041045784920584630e-05
-1.287805654935438193e+00 3.096379671922405670e-05
-1.287778869264215587e+00 3.379867414457733753e-05
-1.287342468609105950e+00 3.511546733283612399e-05
-1.285345182627314786e+00 3.321988013785067057e-05
-1.282641075059510083e+00 3.268979073520230359e-05
-1.282574186664233284e+00 3.181552901975002995e-05
-1.282444422382798432e+00 2.720502999842125253e-05
-1.279315676080531095e+00 3.173170944297236412e-05
-1.277920168328091854e+00 3.160530733121880305e-05
-1.276128352475127681e+00 3.129849853139559247e-05
-1.271772987515891407e+00 3.627483878757956000e-05
-1.267894787275466006e+00 3.394187616290803282e-05
-1.267893219584385722e+00 4.014770721286659738e-05
-1.266566810752606687e+00 3.174790997949014963e-05
-1.266380272804926488e+00 3.359776959644448461e-05
-1.265171381449267773e+00 3.071047910210042246e-05
-1.264419402789226154e+00 3.260067405652798716e-05
-1.262848408832404568e+00 2.992696297966190755e-05
-1.261259610582812662e+00 3.187439154267984997e-05
-1.261203283493894656e+00 2.654162517472894996e-05
-1.259420736354336157e+00 4.034657842574711532e-05
-1.258666912963594342e+00 3.085791337902836219e-05
-1.257980353818433317e+00 3.469512851337340395e-05
-1.257764549071608950e+00 3.497862118784424862e-05
-1.257161529420338875e+00 3.196700059319761090e-05
-1.255997015719651166e+00 3.709035057646552772e-05
-1.251753494185009252e+00 3.913393499362520690e-05
-1.250007059308400281e+00 3.471062581437468503e-05
-1.249768243968424342e+00 3.183751353344641216e-05
-1.249546699252716220e+00 3.006437557932543103e-05
-1.249253418236203172e+00 3.048237146046379201e-05
-1.248135243204717693e+00 3.410200666923002125e-05
-1.247747780708903909e+00 3.110344944570767137e-05
-1.247681374612990446e+00 3.530945713449256258e-05
-1.247084284467709470e+00 3.482361525420335339e-05
-1.246814360277396672e+00 4.584879644231653549e-05
-1.246663399120301552e+00 3.142064419822275436e-05
-1.246203408497922771e+00 3.567384247103989284e-05
-1.244850618204949022e+00 3.208161408195468593e-05
-1.244308406265620448e+00 3.449887286072551883e-05
-1.244114351545008601e+00 3.644285271612845561e-05
-1.243754020839392682e+00 3.780671500654820785e-05
-1.243650460824765158e+00 3.242762978339074086e-05
-1.242156402273895344e+00 3.985480853877515229e-05
-1.242142016479287792e+00 3.492416770976914043e-05
-1.241759533573694396e+00 3.852480173053331327e-05
-1.241610374444490184e+00 3.550348858106748545e-05
-1.241069820151734504e+00 3.408581013899469701e-05
-1.240764766472587377e+00 3.355467072736310625e-05
-1.239708565287834352e+00 2.857653574753408655e-05
-1.238720872108472815e+00 3.880391554823525545e-05
-1.237960813316528519e+00 3.594182718918845698e-05
-1.237954485272062310e+00 3.522193404379343501e-05
-1.237307796054520681e+00 3.409115927945901648e-05
-1.236713877109978377e+00 3.374298215849240332e-05
-1.236228512730515039e+00 3.859494668458953571e-05
-1.236175592003955659e+00 3.245295970385764375e-05
-1.234309128642444797e+00 3.445013816098865540e-05
-1.234114746514083372e+00 3.416456619125802878e-05
-1.232534561910090254e+00 3.539366523525691339e-05
-1.231799587415744579e+00 3.432430320332282631e-05
-1.231401761039026432e+00 3.367270174719190972e-05
-1.230407863376755229e+00 3.924780817940666966e-05
-1.228838223817348085e+00 3.690600867277582422e-05
-1.228081287882821337e+00 3.415956216110943426e-05
-1.227705982301647181e+00 4.212567531307070972e-05
-1.227098533285661874e+00 3.539256773027223406e-05
-1.227059624086181078e+00 3.690205147088093608e-05
-1.225976585386449269e+00 3.712077841583357162e-05
-1.225775478801843343e+00 2.753627973835516947e-05
-1.222705552414217189e+00 3.529910832191414393e-05
-1.222241356342028018e+00 3.370986449264830982e-05
-1.221833764863393457e+00 3.501977020600415664e-05
-1.220702967562797614e+00 3.957772483846366184e-05
-1.220632431753444713e+00 3.731797249532564420e-05
-1.220472311139693344e+00 3.347294231915398893e-05
-1.219478511507855245e+00 3.586373385077976409e-05
-1.218689245404640964e+00 3.451806471547393010e-05
-1.218478656371768665e+00 3.665317486688699861e-05
-1.217798855082607545e+00 3.523938708672734216e-05
-1.217622125222656448e+00 3.634846523356553740e-05
-1.217359979824780281e+00 2.985897599001011808e-05
-1.217198398471242893e+00 3.967908787870217633e-05
-1.216729903562046466e+00 4.137340402970893211e-05
-1.216582721151538538e+00 3.735963037263994376e-05
-1.215464250649194611e+00 3.345915146453596082e-05
-1.215098209193457457e+00 3.935114473874071032e-05
-1.214344279920980485e+00 4.759222333245143738e-05
-1.213496231554627158e+00 4.158082422079357695e-05
-1.211725873311544799e+00 3.561114645806795156e-05
-1.209837364529759318e+00 3.422448440343664987e-05
-1.206821268144661730e+00 3.705389806545081414e-05
-1.206773793419153362e+00 4.360794128269105112e-05
-1.206744039585158745e+00 3.260526251295183014e-05
-1.206626464766897167e+00 3.649467790017174064e-05
-1.205486268942753236e+00 3.543376199527218957e-05
-1.205483684396917665e+00 3.602619473817123713e-05
-1.204893980519654573e+00 3.643243970941396648e-05
-1.204403517830522130e+00 3.527126219546794836e-05
-1.203817230512475467e+00 4.107672069222924034e-05
-1.203747034038983088e+00 3.968943165010178296e-05
-1.202743883441481421e+00 3.909946724693695542e-05
-1.202581201285017887e+00 4.143184454730185396e-05
-1.202126715333403872e+00 3.659246834345797372e-05
-1.201582894317497097e+00 3.750418794887857296e-05
-1.201395229484726990e+00 3.968738517757671130e-05
-1.200649362454082603e+00 3.489445895486881460e-05
-1.199789778539590346e+00 3.943972352151280266e-05
-1.198174689441141139e+00 4.129817558750284711e-05
-1.197740970456205645e+00 3.458278412606659004e-05
-1.197332557001747011e+00 4.331813716555478071e-05
-1.195974407051686006e+00 3.874192161059965132e-05
-1.194895416601102323e+00 4.684752399853893656e-05
-1.194569810904672735e+00 3.460900391127555301e-05
-1.193277529305291740e+00 4.002270123219188507e-05
-1.191830600075435287e+00 4.146940557336846732e-05
-1.190411498898820808e+00 3.889973028839481496e-05
-1.189528970496678939e+00 4.390911130078772813e-05
-1.188944762995422399e+00 3.782783422367154202e-05
-1.188325221726058700e+00 3.652191566183968414e-05
-1.187612275676913853e+00 4.190232460873631365e-05
-1.187553995930478612e+00 3.679156665501706527e-05
-1.187038674223782397e+00 4.044213540583011332e-05
-1.186556529361050050e+00 3.760762845893357624e-05
-1.186480473832292049e+00 4.118501423102366020e-05
-1.182394164274862769e+00 3.844115832581394615e-05
-1.182186463045286962e+00 3.493359728040925993e-05
-1.181762139693023128e+00 3.949375210450123289e-05
-1.181677901382037099e+00 3.772181545603364456e-05
-1.179650347127900956e+00 4.439348011028566810e-05
-1.179021802969205446e+00 3.710134645604951412e-05
-1.178251589888799300e+00 4.244252752315244370e-05
-1.178044794641450066e+00 3.959095041962328401e-05
-1.177584006878619638e+00 3.897112307428455896e-05
-1.175995924185206931e+00 5.469139201308899784e-05
-1.175929675342911596e+00 3.677143687749903861e-05
-1.174082880536363893e+00 4.952216978016797682e-05
-1.174075789422312610e+00 4.560789720159850281e-05
-1.173930919209676293e+00 4.614212820159807306e-05
-1.173852239569904476e+00 4.903118147190667353e-05
-1.171374712844539756e+00 3.760678793242653141e-05
-1.170984898995277135e+00 4.170409577674713487e-05
-1.170211661522695845e+00 4.612957005058227080e-05
-1.169182070262028583e+00 4.113499885372838311e-05
-1.168172630782996713e+00 4.276111668350029754e-05
-1.167921800628061835e+00 4.232754165697256700e-05
-1.166526073713370915e+00 3.492175980757733549e-05
-1.164627368106258887e+00 4.080987342528384838e-05
-1.164095204080944468e+00 3.785202675362447190e-05
-1.163836910361619292e+00 4.100878994934352537e-05
-1.163004084603616928e+00 4.188760855958255586e-05
-1.162352326991360929e+00 4.260850642106929395e-05
-1.161984696928877625e+00 4.017865445761113156e-05
-1.161706775114992984e+00 4.449577473873026157e-05
-1.161588486718317714e+00 4.375649147037364743e-05
-1.161495694118851230e+00 3.883371982513542358e-05
-1.160340882718795985e+00 4.141972631872444102e-05
-1.158836547788315352e+00 4.263293753407089974e-05
-1.157781032141509847e+00 4.255304783588985537e-05
-1.157505212749448509e+00 4.369988688571072797e-05
-1.157364550447746110e+00 4.193896541952972371e-05
-1.156476980474900440e+00 5.720579934465968251e-05
-1.156268853890998427e+00 5.134591871866713871e-05
-1.155476271244380015e+00 4.383902136752840456e-05
-1.155187685130463437e+00 4.592446521535690178e-05
-1.155178728012412392e+00 4.377130643725553295e-05
-1.155160154607500544e+00 4.826955247311194488e-05
-1.153574550458467129e+00 4.312963530951160920e-05
-1.150078568524698586e+00 4.229061803961701218e-05
-1.149045907206818651e+00 4.429979158179375590e-05
-1.148691364200891130e+00 5.378340007250231782e-05
-1.148276913149092859e+00 4.973209244912983775e-05
-1.147948138636778692e+00 4.389780930393920923e-05
-1.147565852083590521e+00 3.532795306210933053e-05
-1.145849536463558138e+00 4.707220238861584155e-05
-1.144432685772862612e+00 4.150830354953762068e-05
-1.143404388495398605e+00 4.288723201769270815e-05
-1.142835866105208931e+00 4.126798467238770450e-05
-1.142333642126230009e+00 4.320418678244342277e-05
-1.142182577636217555e+00 4.887177562027214436e-05
-1.141185046115991586e+00 3.839477560524664574e-05
-1.140297930802425697e+00 4.367886029300105307e-05
-1.140293291671800713e+00 5.726697241104571848e-05
-1.138092789855546627e+00 4.756586670749668168e-05
-1.137637744538895657e+00 3.939930989731602680e-05
-1.137182224143541864e+00 4.259878755109289722e-05
-1.136925306974875927e+00 4.893807907235528989e-05
-1.136100617232844501e+00 4.862630176591030645e-05
-1.134698947989905671e+00 4.270858937915597878e-05
-1.134442349351836965e+00 4.327841459125343290e-05
-1.132924940296966554e+00 4.211425586461872803e-05
-1.131442309341808894e+00 4.752899891604290986e-05
-1.130339530939151960e+00 4.360691868883807902e-05
-1.130184755600443625e+00 4.210604894422430387e-05
-1.129499222726844110e+00 5.191149518195365352e-05
-1.127926754547591282e+00 4.889447157965898607e-05
-1.127394959024114129e+00 4.974506897485222301e-05
-1.126746064495382615e+00 4.204316300101915312e-05
-1.125372734641036931e+00 4.704846913777155934e-05
-1.124284834261648269e+00 4.613465879930943292e-05
-1.124010807715809745e+00 4.886184859179786276e-05
-1.123702364118149832e+00 4.888237929046192328e-05
-1.121057720801251323e+00 5.734128976828466948e-05
-1.120995552230799941e+00 4.442753734727074424e-05
-1.120148650972131010e+00 4.424931699818029863e-05
-1.119997846495643046e+00 5.354229227839150197e-05
-1.119699496240076142e+00 6.454285462978139260e-05
-1.119404993859938413e+00 5.143810584967489557e-05
-1.118149383460707247e+00 4.778732952086494875e-05
-1.117211207486790370e+00 4.634350809157908427e-05
-1.117114834324202999e+00 4.850367152269831442e-05
-1.116932240549792121e+00 4.970588796938814298e-05
-1.115684927161495477e+00 4.740608732411144262e-05
-1.114200408526321073e+00 5.065954609401056481e-05
-1.113873128968403625e+00 4.139536169258004018e-05
-1.113611317423510716e+00 5.407004719088150140e-05
-1.113604313374493948e+00 4.206277025579612802e-05
-1.112784500309989211e+00 6.425397630465856018e-05
-1.112526929512224871e+00 4.299750414593670969e-05
-1.112260555658587613e+00 5.769377831884818503e-05
-1.110933635504574912e+00 4.348295599627799142e-05
-1.110304883145864618e+00 4.895713950243048713e-05
-1.109501212301501116e+00 4.528325893269296811e-05
-1.109156198765843371e+00 3.936386209070417795e-05
-1.109018799062662541e+00 4.978547862132014023e-05
-1.107271477326380316e+00 5.260255856031616580e-05
-1.106057123753126925e+00 4.781916109780781377e-05
-1.105711256566278333e+00 5.712699832290761277e-05
-1.104758498646134068e+00 5.186274001169476376e-05
-1.103753364368109224e+00 5.176876740017116258e-05
-1.103421392440714799e+00 5.578068050222123489e-05
-1.103382728818421699e+00 5.163261518742658383e-05
-1.103379319182286045e+00 4.218327366738454289e-05
-1.102914381536972188e+00 5.365757587326413223e-05
-1.102560832036256100e+00 4.286368020749183305e-05
-1.100745319257260046e+00 4.509469653104736334e-05
-1.099921815167305361e+00 4.681298643705418338e-05
-1.099428259487322146e+00 5.374219675892134536e-05
-1.099203286128740853e+00 4.676993677569841356e-05
-1.096427962710745385e+00 5.317691590764000124e-05
-1.096059847281693367e+00 5.102436607563573848e-05
-1.095528553386987181e+00 5.591757545768606701e-05
-1.093806768644676408e+00 4.593353603211386681e-05
-1.093439978846550087e+00 5.263545283604582859e-05
-1.093100079423393378e+00 4.948849602418127410e-05
-1.092421374090155162e+00 5.227354501848831346e-05
-1.091626840124068076e+00 5.171863588408537240e-05
-1.091108368307471377e+00 5.354198134905316148e-05
-1.090385000712253971e+00 4.855843255670163033e-05
-1.087964673078546385e+00 5.857456041873889996e-05
-1.087183285132316657e+00 4.618745335829178161e-05
-1.086804846137940039e+00 5.496430141126089044e-05
-1.086607080162123928e+00 4.716459391896285627e-05
-1.085146130806936782e+00 6.210029370453254221e-05
-1.085085106294068735e+00 5.280202141189393924e-05
-1.084588999298504941e+00 5.136893398637512446e-05
-1.084378030860472020e+00 6.087204679954234603e-05
-1.082339828987883390e+00 7.735106764236487952e-05
-1.081873535063158087e+00 5.120155464297798247e-05
-1.081216142134233893e+00 5.287741333554249858e-05
-1.079532169014600473e+00 5.545363630476325971e-05
-1.079498969879066239e+00 5.303253084051926349e-05
-1.078734261984542142e+00 5.844660150301993456e-05
-1.078406833964676848e+00 5.156476467821162322e-05
-1.078340653098648794e+00 6.271265424807167187e-05
-1.077967885771437873e+00 5.623762204722392174e-05
-1.076969018538126655e+00 5.301842168798966148e-05
-1.076690956933138876e+00 4.892635994929157666e-05
-1.076592203127556990e+00 5.678926492132980194e-05
-1.076077867332729809e+00 5.187643436956714601e-05
-1.075877278955390981e+00 4.333125018645011162e-05
-1.074662796787356989e+00 5.363215787855121969e-05
-1.074203933522347887e+00 5.456103436389703090e-05
-1.073751492531920482e+00 5.724170860110355791e-05
-1.073644458755701026e+00 5.909944180845952508e-05
-1.072180271887119840e+00 4.969860875086578060e-05
-1.072028470823506163e+00 5.753105461854338007e-05
-1.071884294719479547e+00 5.268130857574497246e-05
-1.071082498393717941e+00 5.837977142892329533e-05
-1.069360310824872151e+00 5.194317462873023221e-05
-1.066543428036800245e+00 5.881994438236977070e-05
-1.064851533499761249e+00 6.735994748010048409e-05
-1.064322401264549134e+00 4.978100050189967259e-05
-1.063989503791076929e+00 6.106851258313813102e-05
-1.063869120447363814e+00 5.011336521935199349e-05
-1.063732657647573854e+00 7.076087757079759942e-05
-1.063558886230557388e+00 7.528576023283653040e-05
-1.061625726711899809e+00 6.002764162135116238e-05
-1.060818145833447801e+00 5.039991097455968574e-05
-1.060515491225008322e+00 6.901069989791802845e-05
-1.060312986139383185e+00 5.313720919524382656e-05
-1.059992338660305844e+00 5.717450642897821248e-05
-1.059895253379371738e+00 5.432764000177543609e-05
-1.058850140246804017e+00 5.502478102195786222e-05
-1.058524651072072720e+00 6.048479744332902060e-05
-1.058184302220741335e+00 6.643575942755457068e-05
-1.056854079012944592e+00 4.843169763603007166e-05
-1.056426185341438728e+00 4.939944583263389179e-05
-1.055377529160579586e+00 5.142299140987031968e-05
-1.055225363822332563e+00 5.870248682775173723e-05
-1.054998939534079971e+00 4.960731975820130256e-05
-1.053810063790789009e+00 5.590327576378235691e-05
-1.052836631622908081e+00 5.948946932457244299e-05
-1.052650713134689608e+00 6.147613839888336953e-05
-1.049906291808892389e+00 5.924731699777489619e-05
-1.048671039265977489e+00 5.532055940523917777e-05
-1.048215162438791870e+00 4.986890117109960056e-05
-1.047971977227128759e+00 5.555873650683490912e-05
-1.047612865208647381e+00 5.735330616069666653e-05
-1.047483225104351767e+00 5.065125696804905300e-05
-1.046521157878766983e+00 5.229898011003385617e-05
-1.044575009917967812e+00 5.931684592910094368e-05
-1.044499333225714421e+00 5.614116919779506027e-05
-1.042859593668359786e+00 5.118521319494784614e-05
-1.042420605673892497e+00 6.054428878316659817e-05
-1.041837625589700611e+00 6.836619348640646460e-05
-1.040677412908227017e+00 5.430571541208806642e-05
-1.039137541510127161e+00 5.765351551302540695e-05
-1.038615491266824176e+00 4.691074070464844428e-05
-1.036348799054851888e+00 6.550612378068957525e-05
-1.033536917817883483e+00 1.051043956701257616e-04
-1.032422896570988291e+00 6.345034103079541098e-05
-1.032415559439539887e+00 5.513787392489258055e-05
-1.031989993759406810e+00 5.442510807432647394e-05
-1.031808660408303879e+00 7.121013285541177547e-05
-1.029737486099202792e+00 5.698049480215561496e-05
-1.029558280684503169e+00 6.127059555257181834e-05
-1.029371871210847278e+00 7.185512059047945155e-05
-1.028557530181778867e+00 4.509605914871078064e-05
-1.027873071025788398e+00 5.992549628172636665e-05
-1.026350590121648088e+00 5.705628695102074908e-05
-1.026039365882167376e+00 5.684737924062908693e-05
-1.025486170476752390e+00 7.236885453583266137e-05
-1.025170668635391191e+00 5.443705772674749585e-05
-1.025025538408190329e+00 6.325850925996131873e-05
-1.024915300056676859e+00 5.289925075378336123e-05
-1.024621379669561572e+00 5.526388668748238533e-05
-1.023870924282813011e+00 6.226006310615321408e-05
-1.023449258810250839e+00 5.911835401768263999e-05
-1.022798047208457239e+00 6.942276879577701301e-05
-1.022270115376589850e+00 5.037199333721725265e-05
-1.021718853339494082e+00 5.751307655158872700e-05
-1.020301744774123831e+00 5.951572656892777964e-05
-1.019288082802733308e+00 5.535719832171456562e-05
-1.018751309913106473e+00 6.687705247659154366e-05
-1.017883828130232260e+00 6.635877428431249177e-05
-1.017290532345448861e+00 5.999717500877415043e-05
-1.015887821523974610e+00 5.933243625336599253e-05
-1.014855375143761229e+00 5.639787555197474177e-05
-1.014474954856017908e+00 5.632145632056102059e-05
-1.014344320899692065e+00 4.758699767519955628e-05
-1.014175086843049911e+00 6.372816083485400402e-05
-1.012490936525705099e+00 6.342078931333838951e-05
-1.012336149334870150e+00 7.821842373134148003e-05
-1.012220958677986005e+00 5.437539587963168870e-05
-1.011067788442364002e+00 6.446673854928264616e-05
-1.010738273892299421e+00 8.534559294880078085e-05
-1.010734063069649746e+00 6.054672138733432793e-05
-1.010441693722139433e+00 6.345947374268648140e-05
-1.010029937915970288e+00 6.435903799125441418e-05
-1.009632264920466094e+00 6.303394735174535431e-05
-1.009382336858900775e+00 6.885089443063091205e-05
-1.008655416018885198e+00 5.900372498985795338e-05
-1.008451459826570584e+00 6.909619550176885748e-05
-1.008361873613990323e+00 6.393046360891425841e-05
-1.006353325890083639e+00 5.596662671922154875e-05
-1.006119894514114099e+00 6.525233618792552538e-05
-1.005624859253112735e+00 6.237080622594069117e-05
-1.005368129614615524e+00 7.058950791539822815e-05
-1.004338232637177031e+00 5.861566510933652341e-05
-1.002160408562802640e+00 5.657401057247013606e-05
-1.001098369627155371e+00 6.601465176108292437e-05
-1.000951739999435430e+00 6.230613336302791956e-05
-1.000579138005246005e+00 7.437394578710034433e-05
-9.997388503512275593e-01 7.143835844005463139e-05
-9.978990479113566403e-01 6.019887531716138591e-05
-9.961477958332164429e-01 7.479846941448663558e-05
-9.958151580378989953e-01 8.241452964001625293e-05
-9.943561768018784885e-01 6.266959173545760939e-05
-9.942064166618674870e-01 7.065678474363377233e-05
-9.930268969815674307e-01 6.624846455253918429e-05
-9.903839041729022297e-01 6.117607761768304472e-05
-9.900449487222726663e-01 5.656963283485777239e-05
-9.885564166395311991e-01 7.104762966362992429e-05
-9.880217833284824502e-01 9.696478923699666796e-05
-9.875278103488008830e-01 8.466254740758057855e-05
-9.868641126615664838e-01 5.624921471068148828e-05
-9.856411904140488511e-01 7.097882794925108017e-05
-9.846929076004876658e-01 5.969231510262352228e-05
-9.839906951772884325e-01 6.858049073676681252e-05
-9.838051105026552889e-01 6.678829203571844120e-05
-9.834837464374469596e-01 6.789010698397254578e-05
-9.832360385309177886e-01 7.188036204733255329e-05
-9.830717215656271657e-01 7.330241176205713304e-05
-9.828661491865676725e-01 5.788867441843032109e-05
-9.811204490762202024e-01 6.557246511914197420e-05
-9.787268404470109706e-01 7.026491978802177870e-05
-9.779716927726486153e-01 8.250673167450529768e-05
-9.779159178254368534e-01 6.139782598354299147e-05
-9.771363567338425815e-01 6.447626926150313317e-05
-9.767417272504226311e-01 7.201307920387352486e-05
-9.760784952937665571e-01 6.787036299917212898e-05
-9.758451338084878079e-01 8.447224916227966248e-05
-9.757961316491434722e-01 6.319503897589777972e-05
-9.757888068685754979e-01 6.037226489520890107e-05
-9.753843668536277267e-01 7.448528273108371905e-05
-9.741846641161341358e-01 8.179008081712535916e-05
-9.715400291252296316e-01 5.932248577157918346e-05
-9.710758384164995816e-01 6.002328157539986209e-05
-9.710500922133122881e-01 6.276158675151143648e-05
-9.707410459579870476e-01 7.366866924568359716e-05
-9.702293306833618125e-01 8.217147859814455098e-05
-9.701134629284769995e-01 6.681344870535142430e-05
-9.688146773971462178e-01 6.670649683267068858e-05
-9.684977106405150415e-01 8.207725481674949517e-05
-9.679322800446111819e-01 1.292042680716666222e-04
-9.671432431558564247e-01 6.782069699563511502e-05
-9.662109579649084123e-01 7.262236499745584038e-05
-9.651921252817782237e-01 6.923679081242370978e-05
-9.645492191223762335e-01 5.457827047325283559e-05
-9.643358112767143053e-01 8.891292505742801609e-05
-9.642616290450448657e-01 6.414760121353145451e-05
-9.632517897664713002e-01 8.675404246693477065e-05
-9.617818023572788366e-01 6.113305835795822176e-05
-9.615535827635411925e-01 6.796819857659757238e-05
-9.612689109241907559e-01 6.967296002629089213e-05
-9.609847102838916522e-01 7.401293921467845148e-05
-9.598717126896150198e-01 6.524583109642544750e-05
-9.598139566612690077e-01 9.511183894430384289e-05
-9.588379881988035036e-01 6.832297630750971832e-05
-9.587528685883494051e-01 7.170882197136099658e-05
-9.574799730190448610e-01 8.753436418009561825e-05
-9.565709871341875337e-01 8.199672513505182304e-05
-9.562385650174912710e-01 7.447650692631910100e-05
-9.560251105172519193e-01 8.959765970048295123e-05
-9.557097835235780492e-01 5.581774437424367221e-05
-9.556715062295225716e-01 8.239816226006224491e-05
-9.552514823643070141e-01 6.433401197946200280e-05
-9.535465726987853996e-01 6.139139963890049971e-05
-9.524884491916310036e-01 2.460695342970521497e-04
-9.513024278798232203e-01 8.226418196317586092e-05
-9.508224468272374885e-01 7.740950622658689822e-05
-9.507517667917068094e-01 9.970411952060076596e-05
-9.501675345167319708e-01 7.017464269800967596e-05
-9.497388466339622415e-01 7.698940225620142940e-05
-9.487394192523933567e-01 6.861495803851858403e-05
-9.481939223798956373e-01 5.646202502852557350e-05
-9.470227004015798755e-01 9.438225765285309201e-05
-9.468514779921547442e-01 9.962316587654807063e-05
-9.457859942249988716e-01 7.213250029299681540e-05
-9.452361063595546842e-01 6.795684057270967452e-05
-9.448359346219826760e-01 6.699763873947293025e-05
-9.429169257625271694e-01 7.801420778240375237e-05
-9.414843399237055044e-01 1.031796841812467009e-04
-9.405838500514854816e-01 7.600720324798335029e-05
-9.400913196858498022e-01 1.044546589108164795e-04
-9.398632997879915463e-01 7.957961025410533753e-05
-9.396713769356853652e-01 8.359014106934978239e-05
-9.392894590001197308e-01 7.332030705184669950e-05
-9.386470593748821312e-01 7.173289231654534379e-05
-9.373749308987794349e-01 5.133492718560582615e-05
-9.370213623483831800e-01 7.875526884176495843e-05
-9.366363750164492519e-01 9.692510322551034486e-05
-9.359489607309894321e-01 6.765477888230865208e-05
-9.359367908490155985e-01 6.677935992299587249e-05
-9.342031435889753821e-01 1.162352909198721370e-04
-9.337095751647441766e-01 7.776256391503760942e-05
-9.326136100054466249e-01 6.687127863695529605e-05
-9.323453067629207114e-01 7.188543447795527530e-05
-9.316590611967853208e-01 8.914745628225785915e-05
-9.306928568019512404e-01 6.704413598260659433e-05
-9.304076619574780382e-01 7.814100437034211051e-05
-9.300470402612667220e-01 6.652155833913989168e-05
-9.296205413416558372e-01 9.178963125895569630e-05
-9.269601788540767773e-01 8.375309992927657357e-05
-9.268632512587243744e-01 7.963071697511931140e-05
-9.268597937255108610e-01 6.784891058178399794e-05
-9.256948567148383100e-01 7.953281737815913162e-05
-9.241523517048670922e-01 6.671494749686624284e-05
-9.235103231302717042e-01 7.485937863689658546e-05
-9.234147599554123342e-01 8.166315336125719976e-05
-9.230974197185718433e-01 1.005365062258228447e-04
-9.226928935070214388e-01 7.806102232598323561e-05
-9.217309057641258629e-01 7.097263471165814782e-05
-9.210563867375206604e-01 7.993674144931680789e-05
-9.199029339660936833e-01 8.485071169418245771e-05
-9.189520432298952102e-01 7.198051691800743388e-05
-9.187367048523165103e-01 7.211563360231193010e-05
-9.168134046099144507e-01 1.414030486133560584e-04
-9.166727221142040305e-01 8.804634316664054772e-05
-9.165251254306771012e-01 6.857321568618948520e-05
-9.153274492888103797e-01 9.420947443779073593e-05
-9.148537625168333687e-01 6.907712816588655732e-05
-9.144867267085103890e-01 6.982754464054030316e-05
-9.131653461927996540e-01 9.103089990752272784e-05
-9.131354107184668223e-01 9.425522216516363737e-05
-9.119589192228069185e-01 8.452196197977602881e-05
-9.117833113808839762e-01 7.852048735273702419e-05
-9.101718666632798715e-01 7.785408065532974944e-05
-9.100179946086931482e-01 7.147242110057041165e-05
-9.098701524849845956e-01 6.910709645448379166e-05
-9.094332902164509180e-01 7.303204685752416917e-05
-9.093657047644775338e-01 7.025238785222000378e-05
-9.087931348333603276e-01 9.436650527604157181e-05
-9.072262490101945520e-01 8.690217183008838199e-05
-9.065550045746318952e-01 1.431492496200619739e-04
-9.064508971705168561e-01 7.822907910508042264e-05
-9.044808594936853963e-01 9.580137313966055428e-05
-9.043027861935863942e-01 9.195990026012730134e-05
-9.039087096513307440e-01 7.543617214822797862e-05
-9.024884526990579747e-01 8.761661107833620303e-05
-9.019246872660480197e-01 7.838356499993373193e-05
-9.011615774323895600e-01 8.360142921148021506e-05
-9.010580808170154388e-01 1.035628086333181109e-04
-9.008889167228154582e-01 9.977845353489039470e-05
-8.999769338059578905e-01 6.732009056939224935e-05
-8.991551155349093438e-01 8.484707760907000463e-05
-8.982930088913599898e-01 8.263189532076170444e-05
-8.972953053065586548e-01 1.503093572404606295e-04
-8.972671849399711519e-01 7.983671790625904336e-05
-8.965940999504404818e-01 7.547540190109899437e-05
-8.965636409243837868e-01 7.430219713324704431e-05
-8.965302618416520763e-01 9.221365420322623851e-05
-8.955185993892275098e-01 7.520398651092410262e-05
-8.946661293343655119e-01 9.022048603990034379e-05
-8.944481071505296921e-01 8.765051386759864906e-05
-8.935122282548193517e-01 8.557463210104174689e-05
-8.924317954878485670e-01 7.834354464383120687e-05
-8.922838741322701717e-01 7.969065062788378124e-05
-8.914817273207386039e-01 8.730117128742476498e-05
-8.908001933803035843e-01 7.551771866759314370e-05
-8.893236515815975407e-01 7.563658375663099816e-05
-8.891601679334762975e-01 8.001802171991688603e-05
-8.887903583034744148e-01 1.153225750019042903e-04
-8.885942185018382844e-01 8.235411738418893512e-05
-8.871226318206829609e-01 7.844052165493725181e-05
-8.868375883977474006e-01 9.974757286140271582e-05
-8.864293142619310562e-01 8.055141839118390315e-05
-8.862583889068552656e-01 7.820044722548765781e-05
-8.840044307226229137e-01 1.205400871359230510e-04
-8.834909283377007094e-01 9.609441878248088003e-05
-8.819915738649121151e-01 9.911699583695507073e-05
-8.801926288480727001e-01 1.016072474481934508e-04
-8.800299204645488649e-01 7.163597826762951567e-05
-8.799407166955554027e-01 9.658580430379568190e-05
-8.798596361134977117e-01 9.058625945093780145e-05
-8.794962950062832352e-01 7.773288949771483083e-05
-8.793987392675014503e-01 8.663004901046298094e-05
-8.792447295372692873e-01 7.659458603903827997e-05
-8.772720546959411614e-01 9.518783001485954542e-05
-8.755255451833393598e-01 9.100156891340372366e-05
-8.751481264388987213e-01 8.627182158195653467e-05
-8.744530973845828781e-01 1.478148335223524487e-04
-8.743877926607857010e-01 9.116308445936325785e-05
-8.731898372392066232e-01 7.811188637203989114e-05
-8.728855657788802125e-01 7.805562388377608604e-05
-8.725776550994532865e-01 1.110218906436050704e-04
-8.715467329046234779e-01 9.391825711700297241e-05
-8.714977486438246768e-01 9.231115608205562326e-05
-8.713088386103170491e-01 8.141685087974809688e-05
-8.711609739881500669e-01 9.657814434543914820e-05
-8.711283606371493793e-01 9.319036546405811219e-05
-8.710969102541505915e-01 8.177673391847618801e-05
-8.699711672894669956e-01 1.061694294442951537e-04
-8.698377640605445826e-01 9.289548336175326249e-05
-8.687244834809050298e-01 1.193295462315607379e-04
-8.682152073158768690e-01 1.278552439092818115e-04
-8.679033358416234911e-01 1.139106834911555717e-04
-8.675830888961848508e-01 9.268297253028403833e-05
-8.664265492201397301e-01 9.103210782311705793e-05
-8.663034609434698829e-01 8.029677440144445072e-05
-8.650575904181450060e-01 9.370346585566622472e-05
-8.647648753804970667e-01 8.324201472146208671e-05
-8.638812102691963979e-01 8.007427996103661861e-05
-8.619212915076382986e-01 9.193123807783459844e-05
-8.602311427634367069e-01 8.538449201484671922e-05
-8.600213590979491896e-01 8.241610025448955676e-05
-8.592045951238089785e-01 8.841799144248199010e-05
-8.588602105358429384e-01 1.178911717411278430e-04
-8.585362290390045059e-01 8.960227662043170689e-05
-8.584674124187519073e-01 8.826336150929133884e-05
-8.579990881161515537e-01 8.590333081215037209e-05
-8.571064313752528863e-01 1.217105604650128858e-04
-8.570847002999101294e-01 8.299160484354791930e-05
-8.569435709493881115e-01 9.097746967963297494e-05
-8.568369738258430068e-01 9.117247890072938945e-05
-8.562267749068124267e-01 7.880113803765467762e-05
-8.557271215671364839e-01 8.459128686206352594e-05
-8.555529706852679217e-01 8.644223142638029404e-05
-8.553809907303714377e-01 1.197790100027056742e-04
-8.530624932121794179e-01 8.451767805816158378e-05
-8.527396922967459547e-01 8.441260130166349451e-05
-8.523517586985475125e-01 8.120739177760601351e-05
-8.514344537469867857e-01 9.162852091539519430e-05
-8.507173625774030468e-01 9.297988800646286931e-05
-8.504873366345966357e-01 8.496025556444991903e-05
-8.499872832539410172e-01 1.146554303892839102e-04
-8.497688884637323303e-01 1.089230939338286792e-04
-8.489373498561972875e-01 8.901219354623740782e-05
-8.488873687670658308e-01 1.365562950282149372e-04
-8.474261507994860221e-01 1.448263163154522642e-04
-8.467197493945034514e-01 1.114709001176518568e-04
-8.464140181584912659e-01 8.462978457989133612e-05
-8.462496458860063742e-01 8.335378049476202761e-05
-8.447394382056464535e-01 1.006834460401871781e-04
-8.445020428954657099e-01 1.073447290917077507e-04
-8.436678974914548768e-01 1.031095685471275817e-04
-8.435384503505433118e-01 9.462214320090942617e-05
-8.434810545713147256e-01 1.186059294555998132e-04
-8.431997793010314046e-01 9.843937175368436547e-05
-8.409822838129953348e-01 1.007479787764865799e-04
-8.401053097731647767e-01 7.024804347985904522e-05
-8.392082382146255348e-01 8.886869082846499341e-05
-8.389089771148755537e-01 1.254070682582286191e-04
-8.387030468315597176e-01 9.382678949714119828e-05
-8.374723381520751131e-01 1.442839502552773119e-04
-8.367815992010892989e-01 1.265525594198705793e-04
-8.365034972655874812e-01 9.686711300041264921e-05
-8.360930051070588620e-01 1.226846988130811519e-04
-8.359376781589330507e-01 1.052272766382793284e-04
-8.338970159383350955e-01 9.339450075165426084e-05
-8.337050350512870134e-01 1.090961035821458585e-04
-8.333936068549209208e-01 1.143325864346595702e-04
-8.333773711499856685e-01 9.514190556446880549e-05
-8.332139829475914139e-01 9.867282020315132124e-05
-8.322389105949081767e-01 1.362588969317229265e-04
-8.303220740006769240e-01 1.002636382984934728e-04
-8.286900431857147087e-01 1.178347097858737903e-04
-8.277259119926032582e-01 1.192272771529013256e-04
-8.275473796015587746e-01 1.023093664875611907e-04
-8.266092509315938752e-01 1.044586828071900021e-04
-8.264097214654022583e-01 1.069327677495718559e-04
-8.263881609359547964e-01 9.835723257285497044e-05
-8.254336397566849337e-01 8.803859637989822410e-05
-8.247791621165886378e-01 9.091848119166719979e-05
-8.246604509715007580e-01 1.045526694430843793e-04
-8.243254627723196615e-01 1.142074013530810725e-04
-8.237435323644926033e-01 8.562387222977278648e-05
-8.228107248824071407e-01 1.008184935190956625e-04
-8.227083369711744032e-01 1.120001820197580019e-04
-8.222103060222416548e-01 1.154400754401637655e-04
-8.217877623659188835e-01 1.036758008819099161e-04
-8.212959809154318780e-01 1.450730192946630742e-04
-8.212507215588665810e-01 9.300917236257336845e-05
-8.212183779080584056e-01 1.003696270459954908e-04
-8.200890767134454418e-01 9.391858905987176718e-05
-8.190784507699714334e-01 1.108925081831110924e-04
-8.189768286474626846e-01 1.072281131035452307e-04
-8.188900742751753503e-01 1.008138777082285241e-04
-8.186175309418152191e-01 1.226666455463755316e-04
-8.184806938307580548e-01 1.003703564026625395e-04
-8.175218711593201792e-01 1.226678811603941043e-04
-8.174805442854521376e-01 1.206220459781278380e-04
-8.160977696321563002e-01 1.144652337736429498e-04
-8.159516810709621648e-01 1.003687241329258349e-04
-8.139175232782923652e-01 1.598262046353847660e-04
-8.135334884774417796e-01 9.511265235507460243e-05
-8.131233552690863009e-01 1.118751094911873793e-04
-8.129665849767579999e-01 1.117680395058468813e-04
-8.125210749529293563e-01 1.085376489583119689e-04
-8.121633055939680990e-01 1.307084252222786083e-04
-8.113604765888889903e-01 1.902599687751636555e-04
-8.112626767288878549e-01 1.119877933140391724e-04
-8.106055983476183613e-01 1.211178300552113996e-04
-8.103840789145281276e-01 1.089428355118347548e-04
-8.101699674879990765e-01 1.322132894072256448e-04
-8.100329075523823308e-01 1.628843802947502206e-04
-8.098275133345265164e-01 1.369461151951962229e-04
-8.098125471677856124e-01 1.007911846361304588e-04
-8.096238277060789912e-01 1.026536609187047553e-04
-8.075024480287535944e-01 7.896367073269976459e-05
-8.074977150524766945e-01 1.075822571341148370e-04
-8.068957218620109728e-01 1.114939161430512308e-04
-8.066303201545174106e-01 1.460271411270995252e-04
-8.061563377536995478e-01 1.083431126596773254e-04
-8.048268172534588372e-01 1.275519196679199697e-04
-8.048262390234784958e-01 1.331069513725843052e-04
-8.047559953622970275e-01 1.848642249827408494e-04
-8.045239457755596346e-01 1.220371434700315202e-04
-8.043150678164182610e-01 1.330333011348677319e-04
-8.023278071846776660e-01 9.794621582394884155e-05
-8.020612597218060857e-01 1.254325070257754783e-04
-8.016729301158360688e-01 9.421757414785794204e-05
-8.014407405341213986e-01 1.024675835837183033e-04
-8.014261501502255580e-01 1.088941913404432637e-04
-8.006775666285206317e-01 1.108526187237472737e-04
-8.002815739241569970e-01 1.135549583698959792e-04
-8.001547432533004933e-01 1.335029897553289342e-04
-7.998023988227047631e-01 1.278961259909042159e-04
-7.992703270837278051e-01 1.077564366978356922e-04
-7.986154375197026534e-01 1.149671457662630454e-04
-7.981644973771471196e-01 1.025476415576949147e-04
-7.979230998242725637e-01 1.413970122701079185e-04
-7.968309175098612362e-01 1.472445175410384149e-04
-7.968193425836167521e-01 9.235146511850622067e-05
-7.967797160459827444e-01 1.100643617956087260e-04
-7.967618086653912579e-01 1.294024365519823674e-04
-7.963723295957367831e-01 1.078641039357135608e-04
-7.962200126865920380e-01 1.057464757011114233e-04
-7.960845758112081727e-01 1.033357706802452605e-04
-7.960548392490972569e-01 1.061642530473451716e-04
-7.957946812152157934e-01 1.003346502852683740e-04
-7.946554019264852053e-01 1.120149772288260603e-04
-7.938570558028519297e-01 1.091082714123061358e-04
-7.935870092331102077e-01 1.279635406645365325e-04
-7.932312182188713257e-01 1.122688229639403517e-04
-7.930313322703830270e-01 1.121870209435881877e-04
-7.929037094800178709e-01 1.157551553136477990e-04
-7.928391822922900012e-01 1.011804316875453195e-04
-7.917698894827174261e-01 1.190982475867165404e-04
-7.915265881186757113e-01 1.045172551463556787e-04
-7.913422526832962767e-01 1.220178371968102301e-04
-7.905293142383085225e-01 1.238374840965013703e-04
-7.898964706578824879e-01 1.244963818879126860e-04
-7.897998777784307478e-01 1.033131101838822056e-04
-7.894711795408793087e-01 8.737644502938568265e-05
-7.886591837827421347e-01 1.255674389127171104e-04
-7.878934526168857033e-01 1.343266050908130274e-04
-7.876971704475504987e-01 1.329729605846727855e-04
-7.873173607856368550e-01 1.276086723959966851e-04
-7.871439681985150649e-01 1.346514146676982995e-04
-7.860930716525470485e-01 2.111036728795194657e-04
-7.860161221094659201e-01 1.268894119119739962e-04
-7.856401583098449048e-01 1.514225470308401826e-04
-7.846958232268277378e-01 1.088544486405297271e-04
-7.843587279311793337e-01 1.163857822132408532e-04
-7.841065022790086880e-01 1.391107475015951962e-04
-7.829283612056048280e-01 1.050476334489711052e-04
-7.828562800197422789e-01 1.438552382856655564e-04
-7.828325677413594530e-01 1.085320446789730291e-04
-7.821947060610536795e-01 1.023680119060638421e-04
-7.809187994482775785e-01 1.093660540833593691e-04
-7.806947311433958259e-01 1.233894141752583874e-04
-7.804037907549032926e-01 1.404296987920420465e-04
-7.803761534922060150e-01 1.013290405171821709e-04
-7.802751305318538222e-01 1.006967288035306947e-04
-7.776893397074965408e-01 1.138163420373468869e-04
-7.774259130711441701e-01 9.389333965718812134e-05
-7.766728834214975397e-01 9.687506882530963806e-05
-7.761902353264785726e-01 1.157647744274062205e-04
-7.757808738747103972e-01 1.223158655602743440e-04
-7.755527065969443079e-01 1.398046854334466464e-04
-7.745506048640871111e-01 1.112439675182101396e-04
-7.742780341851434045e-01 1.074755992802660468e-04
-7.735501585231409072e-01 1.486781214188674888e-04
-7.729725974076606665e-01 1.748540703708374429e-04
-7.727365771549735696e-01 1.175233714714010497e-04
-7.721295632434725942e-01 1.944891141882042489e-04
-7.716984122340421193e-01 1.221461092949963176e-04
-7.716963103546654601e-01 1.260637475953536131e-04
-7.698232222858223395e-01 1.373460703377944498e-04
-7.693420458747622925e-01 1.117356806121061707e-04
-7.660731890923362375e-01 1.726458352388959751e-04
-7.660461146310674208e-01 1.328755455461708103e-04
-7.658685581760215078e-01 1.497635611509606822e-04
-7.651945463167366679e-01 1.206782020277304948e-04
-7.647533925172792513e-01 1.083368247617717508e-04
-7.647133175923939152e-01 1.283220140964869940e-04
-7.639748986565113587e-01 1.275534358321519742e-04
-7.634852453370396530e-01 1.735152080329862992e-04
-7.627896150340357506e-01 1.079171701104440859e-04
-7.619695533709944790e-01 1.352705028938567904e-04
-7.607150998207431458e-01 2.068989620998003373e-04
-7.606433625391555431e-01 1.374049924080104662e-04
-7.606116184309227313e-01 1.493822941590760450e-04
-7.603464182924204451e-01 1.482216772480085445e-04
-7.602772577676797372e-01 1.077669246163039156e-04
-7.601427611527881156e-01 1.404672474670827097e-04
-7.595949292702864897e-01 1.146160427288404600e-04
-7.594153179420689570e-01 1.262244366309706132e-04
-7.577084673772241930e-01 1.525704554743541536e-04
-7.576076732223100407e-01 1.107297395152812225e-04
-7.573910756602063588e-01 1.509941741344668267e-04
-7.566308011849725013e-01 1.309076877915086277e-04
-7.565617279446964494e-01 1.397685309675176417e-04
-7.565256147155097199e-01 1.303123861193084779e-04
-7.562440253339729468e-01 1.235238511960351818e-04
-7.555179008100243454e-01 1.448058302767423443e-04
-7.547396491319026124e-01 1.049179603572477851e-04
-7.544713183916115229e-01 1.278362559938255982e-04
-7.542299879819901465e-01 1.583632372653123114e-04
-7.535950217620031033e-01 1.279825933699129195e-04
-7.518764177761704248e-01 1.261920914808967653e-04
-7.511695503788760053e-01 1.232141624937889760e-04
-7.499031848588858518e-01 1.986979921183095832e-04
-7.492416320544855735e-01 1.175624600734660968e-04
-7.489093905659709449e-01 1.388912268183248734e-04
-7.488101240464786201e-01 1.023499672096915889e-04
-7.483495468329679490e-01 1.218987965047783564e-04
-7.481908929619097703e-01 1.151624208214526422e-04
-7.479417925980209603e-01 1.354153811118629107e-04
-7.470385028781452164e-01 1.245756531730438967e-04
-7.469330994549402414e-01 1.695603750916173488e-04
-7.442262280314401179e-01 1.183924609768158292e-04
-7.441970886533787466e-01 2.062045723145143627e-04
-7.441488972577097183e-01 1.265300623992467633e-04
-7.435736856365410263e-01 1.205240076795959187e-04
-7.432163229573707230e-01 1.432253937360843977e-04
-7.424400252836399483e-01 1.396555100940459178e-04
-7.423214533335399379e-01 1.130371269266626841e-04
-7.419413799285882183e-01 1.537139120659893673e-04
-7.414950804883415625e-01 1.340276382066428300e-04
-7.412930968573374635e-01 1.282921655771162379e-04
-7.402691766876305923e-01 1.552490014016320559e-04
-7.401746333169982872e-01 1.389575992024058646e-04
-7.389543800567484055e-01 1.313930734908226063e-04
-7.387839372396294291e-01 1.470299719468672463e-04
-7.387808881347843748e-01 1.184652178966840656e-04
-7.378073172486925291e-01 1.253912072936003955e-04
-7.375906136292731397e-01 1.270907245433760115e-04
-7.362619299974807463e-01 1.029975221339136097e-04
-7.361264181984348287e-01 1.488938830524554166e-04
-7.347559946681091470e-01 1.219165799880441667e-04
-7.346924307184705683e-01 1.941108902857163472e-04
-7.345995003000247436e-01 1.212426270852048915e-04
-7.342001720769808504e-01 1.299568855161635701e-04
-7.341357677235129664e-01 1.158347547412912906e-04
-7.337113304036084749e-01 1.113441995927840422e-04
-7.334262389342182109e-01 1.441235763342156378e-04
-7.331856707604554879e-01 1.225445845774052927e-04
-7.330938338246594244e-01 1.962080600995069301e-04
-7.328879628717415162e-01 1.726774129727766762e-04
-7.328541220001498768e-01 1.750163205243532945e-04
-7.328436415995839281e-01 1.217221141753469904e-04
-7.318547865956740450e-01 1.344499021657011122e-04
-7.315362100556230818e-01 1.391943845803804631e-04
-7.312907986218207812e-01 1.555281486314147310e-04
-7.305511735696738063e-01 1.195447167630311360e-04
-7.302676304105059080e-01 1.384959729772502904e-04
-7.300789949250966471e-01 1.650146125285549255e-04
-7.299073855381800202e-01 1.260141776191078475e-04
-7.298097586757912314e-01 1.500336807375478657e-04
-7.297841471452826134e-01 1.103093960211765085e-04
-7.288770283584102838e-01 1.357248278343700003e-04
-7.287219610187617436e-01 1.230516837774454160e-04
-7.284006467940223883e-01 1.240523790770219265e-04
-7.272278975887747077e-01 1.349989946157645836e-04
-7.271873436896718612e-01 2.774589223385980877e-04
-7.271640749313532659e-01 1.364534401568120699e-04
-7.271252934324029527e-01 1.209587713072214914e-04
-7.265037538853315047e-01 1.287636224000716944e-04
-7.254341218400349733e-01 1.446789241167629298e-04
-7.252885845752914395e-01 1.279131975723784404e-04
-7.249928734553351406e-01 1.310991793830200208e-04
-7.245915516549987778e-01 1.335639948552464504e-04
-7.237773804507411368e-01 1.138077888503293271e-04
-7.234952579848628051e-01 1.700329870693597072e-04
-7.233980986904096078e-01 1.544350625733027077e-04
-7.226656754104697766e-01 1.160134101431130506e-04
-7.221546684902684365e-01 2.249366879952009735e-04
-7.219406888804625888e-01 1.314786056101357743e-04
-7.218847905142836696e-01 1.088285033587224696e-04
-7.217097063167456916e-01 1.192640949667215952e-04
-7.217024528879165679e-01 1.389828612411981277e-04
-7.216423332493100418e-01 1.569402940610745611e-04
-7.204475488613216738e-01 1.531678182599815064e-04
-7.201409842856908439e-01 1.348512384765074355e-04
-7.198106648889980308e-01 1.447466994721084753e-04
-7.197723506437236907e-01 1.604708010455593251e-04
-7.185248494453891910e-01 1.371179029960784056e-04
-7.182395556763631062e-01 1.164019981145932264e-04
-7.171580250991501648e-01 1.653286867051674883e-04
-7.166608584719956765e-01 1.401514239232514087e-04
-7.162563364223206719e-01 1.859346168618579388e-04
-7.162380252077154008e-01 1.101814739726950164e-04
-7.159927597590021175e-01 1.119537175443029772e-04
-7.148402087672819372e-01 1.485131883835547875e-04
-7.147764347821067288e-01 1.132995075599737330e-04
-7.145099988223958531e-01 1.673320291776326846e-04
-7.142429231793329114e-01 1.526687055731607793e-04
-7.122113515345399604e-01 1.129835063303949417e-04
-7.112430254759106729e-01 1.390614932443261632e-04
-7.111916544543491758e-01 1.852339585157301459e-04
-7.109213380886104661e-01 1.112248498781227292e-04
-7.086903293849871055e-01 1.406651704568718392e-04
-7.085150334555703200e-01 1.439702026383746052e-04
-7.080416394857678153e-01 1.260429413756783477e-04
-7.072592791113286870e-01 1.217410197800593979e-04
-7.063473108525559763e-01 1.468567138854552851e-04
-7.062172743359704796e-01 1.095070087412864426e-04
-7.054193020496841715e-01 1.436849144976234493e-04
-7.052083080279301086e-01 1.274570057751041731e-04
-7.050950642571940374e-01 2.001392199384223220e-04
-7.042470558091326049e-01 1.510183504784358747e-04
-7.037169525951684212e-01 1.141967715994161988e-04
-7.022506291765431286e-01 1.637994150375712951e-04
-7.017557085738076461e-01 1.360605110735919703e-04
-7.017107215560349776e-01 1.255834071001289372e-04
-7.016106067018433867e-01 1.511548535710131023e-04
-7.005752907100148974e-01 1.821729466793866594e-04
-6.993337485240406215e-01 1.130529813876546822e-04
-6.989396714615796480e-01 1.188758666886385840e-04
-6.989320651597826783e-01 1.313884336365639632e-04
-6.987210027084966857e-01 1.360189490747590335e-04
-6.982945944037061148e-01 1.535553572143059757e-04
-6.973802107493144442e-01 1.628494035716508280e-04
-6.973387528934092972e-01 1.205705257134234834e-04
-6.972624999048889771e-01 2.099288813163591790e-04
-6.970953056531535852e-01 1.574373173357430683e-04
-6.968164913409364836e-01 1.108030498474307243e-04
-6.967821516216186062e-01 3.184444941644806325e-04
-6.957814396987885841e-01 1.259102326356758791e-04
-6.951163101195309002e-01 1.390531313574888087e-04
-6.947765591601678947e-01 1.347688206829120443e-04
-6.946576841868277175e-01 1.127252610081661325e-04
-6.945675216410327479e-01 1.537079042847048398e-04
-6.941789353475431579e-01 1.649183701191709434e-04
-6.939888818667470094e-01 1.543555859666654977e-04
-6.932634855325665590e-01 1.314570192379538934e-04
-6.928469114520227068e-01 1.453075805172319784e-04
-6.923112874814981721e-01 1.297318624279104535e-04
-6.913552697422773452e-01 1.458620479679003973e-04
-6.905725114947953713e-01 1.270025503007264839e-04
-6.904349876701896260e-01 1.447904059357476095e-04
-6.896633427904662605e-01 2.096879353536899144e-04
-6.894805490330691011e-01 2.038881100697736862e-04
-6.888218648711248449e-01 1.098756724266988365e-04
-6.884670232416307822e-01 1.257666906121467087e-04
-6.875387711424332249e-01 2.614680135447205187e-04
-6.859821379849468936e-01 1.592306708722942730e-04
-6.855777851164309711e-01 1.589139047895740480e-04
-6.854582894010488037e-01 1.470402489468600627e-04
-6.852998722002129339e-01 1.482178528036757613e-04
-6.851568182849920863e-01 1.705841144234494940e-04
-6.841124201666671789e-01 1.298224313505880385e-04
-6.840962247784265760e-01 1.466332839435144971e-04
-6.840137794167869822e-01 1.835105087796563546e-04
-6.834604832487464199e-01 1.508735311366839410e-04
-6.833392453549177459e-01 1.055061563561337585e-04
-6.832937962737627435e-01 1.584465942307173333e-04
-6.830533923472912328e-01 1.543335745768604432e-04
-6.823624895590097994e-01 1.384011178335429906e-04
-6.823043649922075904e-01 1.936413302603774342e-04
-6.817017789968126129e-01 1.669797964673651661e-04
-6.812112754633113942e-01 1.476992451906188086e-04
-6.801208326987581154e-01 1.228723065199209888e-04
-6.798375173508856006e-01 1.969494413235820364e-04
-6.786661225496961602e-01 1.703545867279585653e-04
-6.769958590419486999e-01 1.296988165459236810e-04
-6.768653590149420474e-01 1.563145422738498283e-04
-6.756791695250267127e-01 1.603154293116384706e-04
-6.753895885986945791e-01 1.655629724789185850e-04
-6.751560826572250429e-01 2.692999045935909764e-04
-6.738597875134400006e-01 1.301710652676770299e-04
-6.729789402403363319e-01 4.214863865323630792e-04
-6.723555392023987665e-01 1.628861037872098092e-04
-6.722250617932761241e-01 1.309262789486463402e-04
-6.721723997611376289e-01 1.726380195796640581e-04
-6.720731050538313323e-01 3.345813277327375147e-04
-6.718611461162423693e-01 1.627802883263176111e-04
-6.717585059333305297e-01 1.845039018406992109e-04
-6.709975091991727814e-01 1.491055981171077248e-04
-6.705517202850337366e-01 1.495197120160073273e-04
-6.683411006929772524e-01 2.285294007635662607e-04
-6.679178597806976203e-01 2.264195712246660943e-04
-6.674525764707509579e-01 1.428409364055008366e-04
-6.673350704294809255e-01 1.315841963637509626e-04
-6.670232083389191491e-01 1.763588430845260417e-04
-6.668524688096778563e-01 1.721900361447087162e-04
-6.649729035585829617e-01 1.896786299647835810e-04
-6.642684064404751343e-01 2.649284519906126303e-04
-6.641463123191105877e-01 2.281078402730801909e-04
-6.633052732930829753e-01 1.498778104295100423e-04
-6.631091331356471219e-01 1.264191413010593511e-04
-6.626387999928776695e-01 1.759503924703609463e-04
-6.621739771922627860e-01 1.347702462951346359e-04
-6.621331634268199373e-01 1.493042976715902093e-04
-6.617681025359796188e-01 1.713601311758141473e-04
-6.608045993856525024e-01 1.642994499496707773e-04
-6.606739493050421963e-01 1.828578634818219884e-04
-6.605864646272362473e-01 1.866911461991058597e-04
-6.603841597189095136e-01 1.746017924124493824e-04
-6.600894161757316914e-01 1.331733369512113111e-04
-6.594637807262704321e-01 1.534902565702262963e-04
-6.585123184407415398e-01 1.583250462697105966e-04
-6.577392166577090693e-01 1.329387916249253135e-04
-6.576070703638614567e-01 1.467001245980196881e-04
-6.572949886988465051e-01 1.447106408802917223e-04
-6.561122141809430097e-01 1.250075685793009960e-04
-6.560824147942780904e-01 1.637238828972339510e-04
-6.559599681040110264e-01 1.477212249265719059e-04
-6.551389926411492759e-01 1.734263400706990749e-04
-6.543970938153512718e-01 1.701021343095550603e-04
-6.542134064674852700e-01 2.148610751645470057e-04
-6.539415005870029551e-01 1.357472049372564823e-04
-6.538972265492516422e-01 1.307394184091544877e-04
-6.531609019418297413e-01 1.564036632294013302e-04
-6.530506457827240929e-01 1.403683517612511309e-04
-6.524483459463141788e-01 1.435856846313225286e-04
-6.519829980578093487e-01 1.330286925153470023e-04
-6.508500982720168970e-01 1.644723805185113199e-04
-6.504940724914868300e-01 1.608715899061676272e-04
-6.502618744024292186e-01 1.744328702145569890e-04
-6.502468921268061974e-01 2.657170745250371871e-04
-6.493601762675174083e-01 1.965753144359169680e-04
-6.480921051804153787e-01 1.906643311724998807e-04
-6.479791259999453379e-01 1.609915618056235651e-04
-6.476341064497549427e-01 1.291819768928830154e-04
-6.466502155699432874e-01 1.333525967941660807e-04
-6.461721604508906536e-01 1.386897916639093134e-04
-6.458799344382682994e-01 1.558887342512149730e-04
-6.451010006866068069e-01 1.529563548704027749e-04
-6.450345131835492074e-01 1.843467667230135293e-04
-6.448189866908705659e-01 1.904444044736093176e-04
-6.440381426425041411e-01 1.604119436973969258e-04
-6.440064813871895222e-01 1.301163531699222611e-04
-6.438412099696596558e-01 1.497124472206772178e-04
-6.436487134179716962e-01 2.042292179380325828e-04
-6.433555694524504265e-01 1.715736232140499518e-04
-6.433525377925092270e-01 1.488937018841137219e-04
-6.428456165553334545e-01 1.540042882242257749e-04
-6.428434170134658121e-01 2.184730204469642785e-04
-6.420936974817711418e-01 1.331713231179006704e-04
-6.420493579035175813e-01 1.489178327905112315e-04
-6.418134045367771545e-01 1.939019777071585189e-04
-6.417004081377656322e-01 2.636068343066457929e-04
-6.413315849689585901e-01 1.508257792697769556e-04
-6.406947892669976330e-01 1.527583010736327030e-04
-6.403185461869485007e-01 1.360321779706884400e-04
-6.400811184407115828e-01 1.447687557646474318e-04
-6.394428720483398276e-01 1.518491340771585985e-04
-6.392982393832333798e-01 1.576300683647042719e-04
-6.387357602575810533e-01 2.726216220879552768e-04
-6.382998390147016643e-01 2.087833314276858971e-04
-6.382362391926620360e-01 1.592313727228207544e-04
-6.376809976530031232e-01 1.550438358069944420e-04
-6.372756046164060884e-01 1.577765694203993297e-04
-6.369907424801160012e-01 1.544913705762712025e-04
-6.365439592832579097e-01 1.615341913485770543e-04
-6.364887091187020340e-01 1.843641766903913884e-04
-6.363050751700550789e-01 1.924059005800547967e-04
-6.345094146621006459e-01 1.588058533064381583e-04
-6.327778293721579850e-01 2.682702799367642308e-04
-6.324024626620955436e-01 1.633231946489835038e-04
-6.317180055100647396e-01 1.844954023564858447e-04
-6.315739161026432402e-01 1.640225695725322551e-04
-6.306568343794500819e-01 1.632838482513164794e-04
-6.298259049897894091e-01 1.843673159857536271e-04
-6.295959422073548195e-01 1.518558205479140686e-04
-6.281017902136417641e-01 1.757287120756679567e-04
-6.262033582186534719e-01 1.230097196989160101e-04
-6.261491929739050333e-01 1.324783181793880572e-04
-6.248103785030759694e-01 2.175558786885400063e-04
-6.247175336502197585e-01 1.461822534583545282e-04
-6.245136730996132535e-01 2.333863453744559543e-04
-6.243593630374345560e-01 1.983667964112892975e-04
-6.241188664754134807e-01 1.751399319022210450e-04
-6.240763830900072362e-01 1.621435385624431865e-04
-6.239785148384425773e-01 1.838497425721451119e-04
-6.235150717946006393e-01 1.630240704099646186e-04
-6.234467190114448831e-01 2.021597355128081433e-04
-6.234184694349284017e-01 1.792696109698348043e-04
-6.225389585471939879e-01 1.579112138744063847e-04
-6.217057376930622548e-01 1.684302166417224499e-04
-6.215206273535390791e-01 1.593154164520783770e-04
-6.210926066666393464e-01 2.102968640623365535e-04
-6.210838952772074206e-01 2.192918112250344788e-04
-6.209679776921909200e-01 1.989831937911356067e-04
-6.206088185696593262e-01 1.679427386188169326e-04
-6.199845680106811363e-01 1.926264973255150748e-04
-6.198139608956231283e-01 1.538882304687301202e-04
-6.196864922439027090e-01 1.475555506260654468e-04
-6.196654953358158302e-01 1.360413692418733719e-04
-6.194576614642369750e-01 1.699617730731426866e-04
-6.192759322985664783e-01 1.360405007867015277e-04
-6.179071543171276160e-01 1.900844693088177240e-04
-6.178936493961808551e-01 1.399458170925832262e-04
-6.176151173714978793e-01 1.824169752596795969e-04
-6.172633978810633248e-01 1.512799698564808377e-04
-6.170400283652276441e-01 1.294338942240285978e-04
-6.165570936150748249e-01 1.554582030670796189e-04
-6.158437712448193713e-01 1.559621616281961195e-04
-6.142997086905283011e-01 1.407113027163477451e-04
-6.139501225286877473e-01 1.269607829682450797e-04
-6.137698595078585617e-01 1.733525929861205641e-04
-6.130709560369224098e-01 6.452596870728712769e-04
-6.129166367522324022e-01 1.903812745413418551e-04
-6.125700626434881224e-01 1.967031230931945223e-04
-6.123804138435646749e-01 2.088242157353131638e-04
-6.117620830342684890e-01 1.245387099406574424e-04
-6.117555204173447114e-01 1.898127617245115150e-04
-6.117382948829810374e-01 1.520812251247955784e-04
-6.113438147940881695e-01 1.841304669590022142e-04
-6.109527579775496653e-01 1.844150473207778593e-04
-6.109329333296501519e-01 1.409165838709580286e-04
-6.108201780456784524e-01 1.521536906187055389e-04
-6.101951490240847820e-01 1.530318740228323591e-04
-6.099631237436282660e-01 1.891822658727172941e-04
-6.091066173184327415e-01 1.622526722981821224e-04
-6.090636099909984003e-01 1.221969684626306001e-04
-6.083989124967796869e-01 1.879316492079410818e-04
-6.075952298204224666e-01 1.415400666708037554e-04
-6.064528540582455607e-01 1.798469515609746815e-04
-6.056567515761478449e-01 1.969945812925789636e-04
-6.056230463414704612e-01 1.506723136947702433e-04
-6.054371202278604480e-01 1.787416126295527481e-04
-6.052869215152534288e-01 1.806639448476853222e-04
-6.040177019344937781e-01 1.683569039514397825e-04
-6.033284560364993165e-01 1.320379776992819366e-04
-6.025122077911415630e-01 1.653928452946205050e-04
-6.019673415104933589e-01 1.813901135199728779e-04
-6.008231238020174114e-01 1.566266411724362309e-04
-6.006889921368363527e-01 2.415284578952739934e-04
-6.006744893783318995e-01 2.125445676141569874e-04
-5.993909189408116456e-01 2.010146829444712764e-04
-5.986801196968979388e-01 2.014464197721734374e-04
-5.985500409236305108e-01 2.145498638440318105e-04
-5.980724609044956175e-01 1.801993355445911634e-04
-5.972034986803946843e-01 1.229732485878923124e-04
-5.971748070307711931e-01 1.425584920970685650e-04
-5.968094782853192726e-01 1.682856791972948745e-04
-5.967843425137121516e-01 1.335392863113754158e-04
-5.963774039958680273e-01 8.207832332517135763e-04
-5.958414820154183111e-01 1.812832407979481694e-04
-5.936053235704242814e-01 1.646311837201964621e-04
-5.931842860169079801e-01 1.764364991944583150e-04
-5.931687266307030804e-01 1.699173441268024456e-04
-5.925145255408325040e-01 1.490423520681183930e-04
-5.923096623669026339e-01 1.854988532850109862e-04
-5.922557583788239377e-01 1.408341812305257041e-04
-5.921855101398827426e-01 1.686581006213589795e-04
-5.916067428451023957e-01 1.483534879381696533e-04
-5.905475033973185406e-01 2.002108553649717870e-04
-5.904095913643188087e-01 1.998653195215799284e-04
-5.901947751815439513e-01 1.717201414966156828e-04
-5.894693444325344034e-01 1.312294266470565105e-04
-5.890709241594705992e-01 2.086628853945395338e-04
-5.890366746464031911e-01 1.879316999755527946e-04
-5.882053286071547982e-01 1.742150360700331618e-04
-5.881822598465562546e-01 1.709920192175705064e-04
-5.880058688590013016e-01 1.892688084270862108e-04
-5.876054202503179225e-01 2.091239533368652033e-04
-5.868290536415556868e-01 1.954230127459188925e-04
-5.868188254038114726e-01 1.576195487334931973e-04
-5.856475401751071175e-01 1.979625520767064936e-04
-5.849838804051593621e-01 1.747435331337941007e-04
-5.849244307042624769e-01 1.592078097125401227e-04
-5.845501107243230576e-01 2.773405634039581417e-04
-5.845007541394054984e-01 1.968134395316395739e-04
-5.832788360164664621e-01 1.755159195717387452e-04
-5.832043283041783432e-01 1.838100388789326697e-04
-5.830842130202212870e-01 1.533178421172857173e-04
-5.829703344441382606e-01 2.046610827492283927e-04
-5.829086740865989658e-01 2.452047740061243358e-04
-5.826022788045812639e-01 1.354290237454647489e-04
-5.815942226024959361e-01 1.762889336964252197e-04
-5.810720806265018412e-01 2.320531525987659758e-04
-5.791292931032571145e-01 1.529590417059758958e-04
-5.782912117222384074e-01 3.016546227527418939e-04
-5.778776428613853211e-01 1.563357581315239625e-04
-5.778128822019189537e-01 2.470610196503272892e-04
-5.771534115283859512e-01 1.921975323069556921e-04
-5.768445418872371055e-01 3.118710747534911808e-04
-5.760626206782937242e-01 1.690993467372238414e-04
-5.759999970936652280e-01 1.650070210667516427e-04
-5.752318603080750492e-01 1.620756987376543751e-04
-5.750664401532669112e-01 1.592591253756866945e-04
-5.745319557940111732e-01 1.857276778910176040e-04
-5.742373038117043471e-01 1.526877945499096007e-04
-5.738442742338131231e-01 2.248809280377663195e-04
-5.736093291719414067e-01 2.169470460882649539e-04
-5.731943583820234833e-01 2.072231317339458321e-04
-5.731165427029587534e-01 2.092216320059781453e-04
-5.728164670808483239e-01 1.602747220990410611e-04
-5.728092760992450350e-01 1.715085293700154456e-04
-5.728061261753839561e-01 1.607436673293307673e-04
-5.724274635365182995e-01 1.887356422495441437e-04
-5.719072651795508166e-01 1.771408862389019549e-04
-5.714857865906235457e-01 2.298947801005713984e-04
-5.710056046340489244e-01 1.887938776825852263e-04
-5.700589317926083588e-01 1.681613521180076894e-04
-5.697739831986030623e-01 1.607515857313322174e-04
-5.693126934573505826e-01 1.641750480847731079e-04
-5.689544051430918126e-01 1.844549833822080678e-04
-5.687337412271318282e-01 1.932164671298379184e-04
-5.679859507220137438e-01 1.797701708256833734e-04
-5.663366644355378732e-01 2.118341841834048473e-04
-5.659988205895450930e-01 1.809424499526659635e-04
-5.656212863088654341e-01 3.342777374525486914e-04
-5.644883134572452610e-01 1.854053129850494219e-04
-5.625932590347121343e-01 1.444241153601517002e-04
-5.620429869886648389e-01 2.174817590696082222e-04
-5.613726273550891932e-01 1.594025413636945170e-04
-5.611751608470717523e-01 1.383953696916424305e-04
-5.608754285791206495e-01 2.218161538444520756e-04
-5.606478733658120106e-01 2.340125458675414573e-04
-5.605057387948778613e-01 1.715712988838574704e-04
-5.605031151855889293e-01 1.700714647724724260e-04
-5.602996918957570127e-01 2.533182886815450751e-04
-5.602287829943681796e-01 1.931184980276024648e-04
-5.597924618008475184e-01 2.569239193663300745e-04
-5.594944423409812240e-01 1.772981655518248215e-04
-5.593403633580793510e-01 1.514386239395518760e-04
-5.583743786721957481e-01 1.864205200214980789e-04
-5.574079700701930484e-01 2.153824384747413166e-04
-5.573433795350986042e-01 1.450412337565760491e-04
-5.573131460540801108e-01 1.773571305452049929e-04
-5.572697226374021540e-01 1.634314434558368720e-04
-5.567816652425947588e-01 2.084656385567024866e-04
-5.564720318404803301e-01 2.663172405564842560e-04
-5.559525552293870243e-01 1.809941076541010424e-04
-5.557274635763975734e-01 1.806333551485319515e-04
-5.557094487468688948e-01 1.609952580535789523e-04
-5.550629408772655982e-01 1.735115567506679743e-04
-5.546453865226329549e-01 2.087870854777705240e-04
-5.532399111991300744e-01 2.103066356267969126e-04
-5.528422929307192923e-01 1.886942133599156925e-04
-5.526963982157989674e-01 1.695063628641033614e-04
-5.521359293546844738e-01 3.190450796079565715e-04
-5.516736327411815299e-01 2.482556672656641779e-04
-5.513838713967310623e-01 2.393707321093577363e-04
-5.507576412487080741e-01 1.875101732985076230e-04
-5.507030903167883240e-01 1.743621635823918630e-04
-5.502738833883329406e-01 1.989984606315503264e-04
-5.479330354668990877e-01 2.286132753393569337e-04
-5.477311067120655963e-01 2.833649577812445935e-04
-5.471341944705589988e-01 1.804303209794925296e-04
-5.467500692546674035e-01 1.494232436732523749e-04
-5.463675061095951691e-01 1.927700054942363449e-04
-5.452293356103070643e-01 2.172127101816267157e-04
-5.444966510081176159e-01 1.634010738610033626e-04
-5.444156249644394041e-01 2.165997789831620643e-04
-5.441741635989437720e-01 2.052925028690281691e-04
-5.441269465874775113e-01 2.240451130659219141e-04
-5.435594346167673674e-01 2.645095880638373832e-04
-5.424871179107282337e-01 1.729116958869292829e-04
-5.420120560738092008e-01 1.857355867054817471e-04
-5.414124565735690675e-01 1.993872512578917511e-04
-5.408765146194408624e-01 3.295075088373031181e-04
-5.403462485714950470e-01 1.957575098076510807e-04
-5.402035607401778350e-01 1.842444093155777356e-04
-5.395990580374843137e-01 2.205278375659673856e-04
-5.395182447080064669e-01 1.867936749914355602e-04
-5.394447891371442205e-01 1.788470884098987770e-04
-5.383888567419928828e-01 2.096485799901546946e-04
-5.367986328538295604e-01 2.109451386051627820e-04
-5.366827367447355446e-01 2.392258752102913123e-04
-5.364695365064751087e-01 3.048125589484351793e-04
-5.361927004805696617e-01 2.120538616686726090e-04
-5.354525574532617016e-01 1.905642829561611333e-04
-5.349343015209320207e-01 1.774939532357797014e-04
-5.348365701417550078e-01 1.984378435670623242e-04
-5.343187102538295985e-01 1.621386948789909754e-04
-5.343042525381580532e-01 1.847883934840754755e-04
-5.339225176376496407e-01 2.330112523039108458e-04
-5.337926284907622554e-01 1.510720356805384456e-04
-5.327287411910966997e-01 1.898961123454898981e-04
-5.325494197625104675e-01 2.317723176561559259e-04
-5.318026034331840846e-01 2.158654995336024515e-04
-5.309765443411256225e-01 1.878000520451302609e-04
-5.302386396866519691e-01 1.707164287306965167e-04
-5.297396144213483149e-01 2.039631051909260773e-04
-5.296645831924999825e-01 2.037263140466576508e-04
-5.296288008533099889e-01 1.575440549411625353e-04
-5.291468592625081513e-01 2.439454060833326466e-04
-5.283482481354450089e-01 2.443231896643213155e-04
-5.280571510859728424e-01 1.874606214032604155e-04
-5.264620598326706924e-01 1.947978096302232414e-04
-5.244039163606697418e-01 1.856295061997861699e-04
-5.241029511838497523e-01 2.192354741600950553e-04
-5.226190569961912669e-01 3.350636268222720120e-04
-5.217371565328698946e-01 2.494980777742208358e-04
-5.217124776024464339e-01 1.813634210759942271e-04
-5.213427783901007917e-01 1.723806114593821230e-04
-5.197902969838038567e-01 1.725369678789785862e-04
-5.196423910966870841e-01 1.799908279498610853e-04
-5.195060982562855756e-01 2.409001497482829478e-04
-5.194276821416304868e-01 1.819378248743356555e-04
-5.189234389930932334e-01 1.921040113054548523e-04
-5.189059452976090281e-01 1.911271449042800641e-04
-5.186556218506287452e-01 1.714888538507757508e-04
-5.184054225239433933e-01 2.088818805761967392e-04
-5.183986274013787643e-01 1.988183374754362337e-04
-5.183752644508780039e-01 2.145858443899571451e-04
-5.183574011050603447e-01 2.188367929269039087e-04
-5.181179110336157079e-01 1.812823463753317676e-04
-5.175950073501192072e-01 1.832189674726432242e-04
-5.171263879869217872e-01 1.811978576180883283e-04
-5.162975131074144519e-01 1.947229075925544525e-04
-5.162525208156573120e-01 2.479785308210403247e-04
-5.152181438431774341e-01 2.486452548766770305e-04
-5.147127215151825474e-01 1.794471291433404221e-04
-5.146925100843324774e-01 2.744712367527941629e-04
-5.145662098674805840e-01 1.671361473993311511e-04
-5.142242781312217348e-01 1.958409948868402239e-04
-5.139378956912457053e-01 2.162441169803997170e-04
-5.138488727978606230e-01 2.083524496766046548e-04
-5.133235686831917333e-01 1.817623349084454033e-04
-5.129603086100585907e-01 2.230872704230746806e-04
-5.128658291001366720e-01 1.850113142349940176e-04
-5.127587007471586800e-01 2.057747981561517249e-04
-5.126726998668503787e-01 2.109322650254150447e-04
-5.103248865569840476e-01 2.424781793651189675e-04
-5.103006342827819397e-01 3.026173822560265076e-04
-5.097492010748000402e-01 1.938749686939488610e-04
-5.097125798403551178e-01 2.164012812075201777e-04
-5.096999248712705821e-01 2.289438889976915762e-04
-5.092715447317497368e-01 1.631743771445505952e-04
-5.092062349552897160e-01 2.238795245624308078e-04
-5.091734103708087655e-01 2.421525511691901037e-04
-5.089352099054539336e-01 2.255449188389133423e-04
-5.086907695077105274e-01 2.047236027775538075e-04
-5.070968481340992762e-01 2.117356842180302472e-04
-5.061573767495975984e-01 2.079924819359371994e-04
-5.053147695386811522e-01 2.642042817674064245e-04
-5.043550359904800384e-01 1.818438837367027951e-04
-5.041321720123580485e-01 4.202875482246563009e-04
-5.038347128694898869e-01 2.433446620126267039e-04
-5.036168156422378139e-01 1.646494236104437082e-04
-5.034193027682660748e-01 2.129116237833979632e-04
-5.023385508763323903e-01 2.218394075358125933e-04
-5.020290020175620649e-01 2.241807478995648279e-04
-5.008162005978901155e-01 2.508574799392257861e-04
-5.006132530858041774e-01 2.962820792653003579e-04
-5.005083283517705040e-01 2.896826736717758978e-04
-5.004835573953823058e-01 2.093272676090983029e-04
-5.001168068073686968e-01 1.927448540429754016e-04
-4.986916819487869357e-01 1.826765444547431415e-04
-4.979980075941742301e-01 2.527959930670960523e-04
-4.977996285949805588e-01 2.412667868113872467e-04
-4.977610542493610679e-01 1.688284337735951584e-04
-4.977473786675029599e-01 2.281317478857481653e-04
-4.969554449779975958e-01 2.464322363628758199e-04
-4.969365733130675644e-01 2.242603200874591126e-04
-4.968178267760471334e-01 1.964611502096558454e-04
-4.965643980111414946e-01 2.131585239249106660e-04
-4.963086523913165515e-01 2.192359566972233655e-04
-4.959090697600957998e-01 2.169212309395515724e-04
-4.950800796310022012e-01 2.027082159175068129e-04
-4.950257678726350252e-01 2.150103839628436056e-04
-4.927812318741900399e-01 2.569070848426190535e-04
-4.923415240131555626e-01 1.723816119276528247e-04
-4.920068656527113449e-01 2.348093430160883195e-04
-4.918308184856630128e-01 2.676980910561997684e-04
-4.918035757691318066e-01 1.389020904325808498e-04
-4.916248603593829647e-01 2.295706768669378642e-04
-4.907281321452405254e-01 1.947570571447646611e-04
-4.904978687979290042e-01 2.015313233209824466e-04
-4.882035874648921192e-01 1.855554738570359746e-04
-4.872216388497548900e-01 3.578461760380754900e-04
-4.871011977954495253e-01 2.700853611918889929e-04
-4.865807971448932734e-01 1.998877653687828563e-04
-4.857417447530381627e-01 1.840375118006787824e-04
-4.848948098491970837e-01 2.475673072563627374e-04
-4.847499824414829850e-01 2.022436708258079153e-04
-4.844922156466652807e-01 1.679259555260119137e-04
-4.843989379026196751e-01 2.580557230394069199e-04
-4.842363675145383572e-01 2.173477942140862932e-04
-4.835726673569774592e-01 2.326319535341074833e-04
-4.832516371641278896e-01 4.071584115479146373e-04
-4.830780113008879550e-01 2.491534738473606052e-04
-4.821032063227142506e-01 2.460540994010486436e-04
-4.815413830300681042e-01 2.544662790665042930e-04
-4.814373375882074479e-01 2.368662162859952360e-04
-4.814013886778794604e-01 2.496443524209425642e-04
-4.813997808539540735e-01 2.202106760917959183e-04
-4.810664978609690556e-01 2.298932183704519049e-04
-4.809989648784630534e-01 2.913562100439569388e-04
-4.803652705073364060e-01 2.454630093535662794e-04
-4.803569074157904017e-01 1.773739657580641069e-04
-4.801955537595118395e-01 2.008471251214995971e-04
-4.799039153692026272e-01 2.006420198364212775e-04
-4.798411620139489964e-01 2.503161688738145024e-04
-4.797870611734122437e-01 2.051864199641925690e-04
-4.793589385716788276e-01 2.411478630734777443e-04
-4.785991218444054507e-01 1.717064708854066073e-04
-4.779360314018686884e-01 2.366951080552070173e-04
-4.775067336617614400e-01 2.943982993406870806e-04
-4.773405296527038488e-01 2.377411894176607008e-04
-4.766878404853964191e-01 1.879156657271312508e-04
-4.765211855232816540e-01 2.682336180293404238e-04
-4.764197529667748010e-01 2.016148761837205188e-04
-4.760013465669915012e-01 2.173123943436546771e-04
-4.755771838626333126e-01 2.128986758602442557e-04
-4.743368070111227408e-01 1.799276019928476339e-04
-4.742505903841039983e-01 2.131918458393606826e-04
-4.741314518873636086e-01 2.023919623826762166e-04
-4.739857615857942519e-01 2.116117826713117167e-04
-4.736461829644423305e-01 2.698706306866906061e-04
-4.731835345461450903e-01 2.210954209130578361e-04
-4.728221356546772336e-01 1.750655885527954670e-04
-4.724268237337599929e-01 1.911735537211792539e-04
-4.719201418387422020e-01 1.911095653055213772e-04
-4.715255847236697329e-01 2.228755200193875327e-04
-4.709442592165011265e-01 1.603606864760604475e-04
-4.706190116453314309e-01 2.156381977089516793e-04
-4.697686660904039635e-01 8.703606334780387239e-04
-4.690702450380082045e-01 3.194533822033080979e-04
-4.690483609445565416e-01 1.909141463005748537e-04
-4.690102113793715999e-01 1.792062495816963252e-04
-4.689949457988699666e-01 2.494145386246908501e-04
-4.689140261431032353e-01 1.776513198839035424e-04
-4.688051853873803632e-01 3.091838699766485932e-04
-4.685228809666758809e-01 2.649156198284151635e-04
-4.681896320119193211e-01 2.666845367946862259e-04
-4.673541541013407352e-01 1.839043437418291696e-04
-4.673105030009890304e-01 1.932361144210623105e-04
-4.671016224618721457e-01 2.544889142978617384e-04
-4.670050134303986855e-01 2.165290375021002749e-04
-4.666834339648564534e-01 2.578008164183515213e-04
-4.662957235874496953e-01 2.034052383096036671e-04
-4.659321549529431006e-01 2.128701246415434106e-04
-4.656219145521459102e-01 2.751108582395277993e-04
-4.644079785424918838e-01 2.011392228964686705e-04
-4.643064623753622167e-01 1.655071857987735150e-04
-4.641648934479072341e-01 2.328910472526462031e-04
-4.638350110916701907e-01 2.184087110697433020e-04
-4.637770456047046741e-01 1.726658848370508665e-04
-4.634931280566682021e-01 2.823384236492494496e-04
-4.632247232559415506e-01 2.287142892251182807e-04
-4.632188261195827050e-01 2.231027665103180603e-04
-4.630094966833534498e-01 1.815749699499062480e-04
-4.625672888827275786e-01 2.753438775905337138e-04
-4.623395845354921208e-01 1.934424897113681320e-04
-4.619513659145549345e-01 1.721168848662306254e-04
-4.617986535184305241e-01 9.729503977869737030e-04
-4.611477460333182621e-01 2.199466713258821436e-04
-4.606541123862483156e-01 3.121476522582872356e-04
-4.603879489513929002e-01 3.019533788664879740e-04
-4.598866820020049428e-01 2.061454305707611731e-04
-4.595891678835591909e-01 1.710121723521346073e-04
-4.594199254782638797e-01 2.198276592834590105e-04
-4.590920929937679640e-01 2.538965114026285066e-04
-4.590303158819167284e-01 2.187173392939160965e-04
-4.587791154297670704e-01 2.237509850255551722e-04
-4.579054659761067625e-01 2.539943006785258680e-04
-4.579032261086313782e-01 2.713559392605228537e-04
-4.570633561054445182e-01 2.229249884537960497e-04
-4.563778906064448471e-01 2.272014537019942501e-04
-4.562068300563444367e-01 2.030361245998660953e-04
-4.552490726187076731e-01 2.084609767785136159e-04
-4.549158732740324340e-01 1.750756400802017999e-04
-4.547800122815782720e-01 2.536254682229167629e-04
-4.545246496246942991e-01 2.014656920571457582e-04
-4.533310694566710652e-01 2.650626825221946768e-04
-4.532881043531927778e-01 2.442384349439454721e-04
-4.527545673020939021e-01 3.644515447964467901e-04
-4.526874899318826806e-01 1.995875621488224039e-04
-4.519758467630983767e-01 2.097476758471398996e-04
-4.512524731427839386e-01 2.392267023200769489e-04
-4.512279268039124935e-01 2.389850740586397712e-04
-4.511150416394426044e-01 2.946922494443300362e-04
-4.507742823963945544e-01 2.329712839617922881e-04
-4.502562114003273441e-01 2.907229586775528555e-04
-4.491706589594831045e-01 1.899724760905153217e-04
-4.491068354070573143e-01 4.085340491431434956e-04
-4.489906630958720446e-01 2.012094665040495734e-04
-4.488645162368514185e-01 1.900122497303095479e-04
-4.487336744553668266e-01 2.213728617204410232e-04
-4.485834628156000203e-01 1.992539306112543014e-04
-4.485503865171611704e-01 2.660661963121376309e-04
-4.473045834354711370e-01 2.462280763566098655e-04
-4.470483589101073019e-01 2.620174870375069722e-04
-4.467553091661995990e-01 2.247542151783086259e-04
-4.463761447094237722e-01 2.188199581506441462e-04
-4.460673157020416113e-01 1.704401019933693450e-04
-4.458764701726115054e-01 2.381124032471538621e-04
-4.458241163366806759e-01 1.748869364626869018e-04
-4.449418554167273721e-01 2.307374227466025456e-04
-4.446478218271022742e-01 2.380019151612106478e-04
-4.444084554371169893e-01 3.033416484262790283e-04
-4.444036272689563249e-01 2.369004280735378378e-04
-4.428092812040492210e-01 1.759560615163597761e-04
-4.427289914077952027e-01 2.278036801840741584e-04
-4.420179035078060092e-01 1.758619058698069845e-04
-4.407965997376847578e-01 2.936788154414660492e-04
-4.407157768041972679e-01 2.979421072557167740e-04
-4.400258309160731685e-01 2.966294535104294821e-04
-4.398558201331455031e-01 2.005401294090448689e-04
-4.396011893327633202e-01 3.630269796635686550e-04
-4.395182271321392831e-01 2.583195739418630210e-04
-4.393594271933443096e-01 3.041687471735246085e-04
-4.392739112455753547e-01 3.686275429410855974e-04
-4.388575708353693039e-01 2.476598406518048493e-04
-4.385983802503840012e-01 2.686322506314077030e-04
-4.383013883424948243e-01 2.602163961841570585e-04
-4.369783116894216946e-01 2.406080582529715223e-04
-4.362922979832699055e-01 2.269677733946227417e-04
-4.362814658743394691e-01 2.667387978069406620e-04
-4.362457805537885980e-01 2.942652026257649512e-04
-4.351027521965881162e-01 2.549553734197640377e-04
-4.346385455693032585e-01 2.526527049441071771e-04
-4.346020365145648046e-01 2.197613144969208141e-04
-4.336619994776291231e-01 2.183928177698094756e-04
-4.329990778287445274e-01 1.656343788457967272e-04
-4.325870225685492509e-01 1.617970953180522618e-04
-4.324388594423205223e-01 2.566802014291731616e-04
-4.324114077196224426e-01 1.949315807983727960e-04
-4.319553830701783337e-01 5.235218249052401348e-04
-4.316544323917393955e-01 3.352825734236794227e-04
-4.316540094575050390e-01 2.037032124938606263e-04
-4.312353741734251122e-01 2.194359374520653857e-04
-4.307020979966039720e-01 3.819435319674483755e-04
-4.300379378200454017e-01 2.081077404015960360e-04
-4.297282786982568048e-01 2.561716529495324120e-04
-4.296320678812975968e-01 2.020045775402210908e-04
-4.293746065180435445e-01 2.160958370960380727e-04
-4.292792167499304146e-01 1.991838185256239555e-04
-4.292210943896922481e-01 3.580969780065210595e-04
-4.289403384827206733e-01 2.029974798344088953e-04
-4.289311838067008109e-01 3.056102440644160802e-04
-4.275509405863126000e-01 2.728037561748312577e-04
-4.275147640090116719e-01 2.046353909276077713e-04
-4.267944573917503703e-01 3.122022795140109259e-04
-4.263911429061740255e-01 2.430413056531051136e-04
-4.261476038664051003e-01 2.462921852805753935e-04
-4.260870436079595702e-01 2.909381857779054005e-04
-4.259528684345073590e-01 2.301401565551646270e-04
-4.259212542959261993e-01 2.157060979234645009e-04
-4.257809290751001785e-01 2.884320588472715440e-04
-4.256544412533626032e-01 2.195292652587385498e-04
-4.252962341359648457e-01 2.094596347291792927e-04
-4.238867025946485012e-01 1.908488182172348780e-04
-4.226955158170868643e-01 2.386297227664262936e-04
-4.225996478677588875e-01 7.941200220864915371e-04
-4.221552106527080572e-01 3.300018783168485732e-04
-4.218768615908896624e-01 3.064955433160255777e-04
-4.215518674627765083e-01 2.962522154511067120e-04
-4.212657524198072378e-01 2.186390475147273059e-04
-4.211471120500783205e-01 1.697257127529829554e-04
-4.205625314494563227e-01 2.513011276523162874e-04
-4.202291875988047876e-01 2.431128304948661006e-04
-4.201474614983048417e-01 2.811110845550927580e-04
-4.198251138893123735e-01 2.529010560154823289e-04
-4.190358994686140814e-01 1.954448042290204501e-04
-4.185211395169213811e-01 2.574497472843454413e-04
-4.178685043669354005e-01 2.297943491319370270e-04
-4.178660694056687275e-01 2.477935396972366666e-04
-4.177579218614708711e-01 3.052763180644588810e-04
-4.175736035476388941e-01 2.430289830625766330e-04
-4.170211073915048305e-01 2.597674666773241124e-04
-4.169643070285874997e-01 2.372323805898616633e-04
-4.168750304954792485e-01 3.188209336837537254e-04
-4.168527972653054414e-01 1.976496480246357605e-04
-4.163419195893910407e-01 2.262886141200677592e-04
-4.163383776296851191e-01 3.520816936677856660e-04
-4.161451106936159272e-01 1.604675990135013381e-04
-4.161438117505603107e-01 2.781566950725263888e-04
-4.161062496523421084e-01 3.397261805708641350e-04
-4.158661575244671504e-01 2.318676555905975641e-04
-4.154863973116083020e-01 2.160661944737699610e-04
-4.152371835478880779e-01 2.356799792828576903e-04
-4.151427411469177930e-01 1.769572366965293402e-04
-4.145362419151423228e-01 2.609071752525576925e-04
-4.145002216471193046e-01 3.854369941081319277e-04
-4.140069167028653796e-01 2.424167538864377511e-04
-4.133414343818557768e-01 2.143912870390090176e-04
-4.127764991648642523e-01 2.429903433099880796e-04
-4.122589864689859551e-01 2.644152988688553861e-04
-4.121872547528677155e-01 1.898074874427815937e-04
-4.119486117398601377e-01 2.016617587484996910e-04
-4.119003178215354111e-01 3.123906753738109224e-04
-4.118547013003678869e-01 2.033740711438297678e-04
-4.115132088243599884e-01 3.225152433747917801e-04
-4.112618778177880019e-01 3.307946960575961414e-04
-4.111749925143726725e-01 3.065085376365563009e-04
-4.099296278178977126e-01 2.461412459085733574e-04
-4.097125058607558046e-01 2.542150414699288004e-04
-4.095283300187015363e-01 2.733946371674468340e-04
-4.093929968992401358e-01 4.776013133301914605e-04
-4.092975620055233077e-01 3.403509247251025409e-04
-4.089647949544331085e-01 2.707531210238349299e-04
-4.082682576627941207e-01 5.218489962604930428e-04
-4.075619773635349441e-01 2.271746127874513601e-04
-4.071986492778044697e-01 2.135094737650327843e-04
-4.070491194706687410e-01 2.180925389359776308e-04
-4.053799791915214112e-01 1.989587943638663266e-04
-4.051177730580441949e-01 5.890142847851954347e-04
-4.049177332700281129e-01 2.391631798701794609e-04
-4.048754607514528647e-01 3.399019076336183662e-04
-4.042494714801773692e-01 2.565196353684654428e-04
-4.035277874506512097e-01 1.903361512227477726e-04
-4.030307688407103184e-01 3.793507579530345695e-04
-4.027600678202856721e-01 2.356386817239160974e-04
-4.025938514158152737e-01 2.069094955736348570e-04
-4.024005555040668369e-01 2.507713320074969089e-04
-4.022672216545025159e-01 2.721059658647882393e-04
-4.021534534907892922e-01 2.687416222422225583e-04
-4.018413627296361645e-01 2.031428679059662395e-04
-4.014730095078002936e-01 2.962347492514116019e-04
-4.014002266393251750e-01 4.481332600836455114e-04
-4.005188129010693876e-01 3.245828474410815184e-04
-4.001019777035955127e-01 2.688870153107588887e-04
-3.990287146955577846e-01 2.228042328520016811e-04
-3.986788703116474486e-01 2.270705061918198303e-04
-3.983821913521273239e-01 2.013796406473404999e-04
-3.980705696496203427e-01 2.700032590166563185e-04
-3.975457771095872173e-01 2.711035037015882207e-04
-3.973101097857347774e-01 2.075866314262208808e-04
-3.971584875020457983e-01 2.944017427598955971e-04
-3.945835026021200509e-01 1.985331251179457397e-04
-3.941964633015829222e-01 2.221797118854099704e-04
-3.941773207300591775e-01 2.545090951667635065e-04
-3.941573057015982928e-01 2.210957699259288758e-04
-3.925866721618019861e-01 2.394715834380070521e-04
-3.925557724595979403e-01 3.103516256369103854e-04
-3.898966793208610837e-01 2.179555425747185620e-04
-3.894980427952670632e-01 2.201783925487635330e-04
-3.887242322732396560e-01 2.998320643640811612e-04
-3.883906871361559876e-01 2.496804996381346391e-04
-3.880779137815574820e-01 2.255355885283663283e-04
-3.878775299309512037e-01 2.075754547982293678e-04
-3.868526215335301166e-01 3.949261201827383608e-04
-3.867825318546200819e-01 2.711287439662328947e-04
-3.848626602624137250e-01 3.118000103511078726e-04
-3.843521855445949931e-01 2.068192515565104987e-04
-3.825731645609198317e-01 2.156015447038092637e-04
-3.807768878117531175e-01 2.115387905925860193e-04
-3.807023411406636471e-01 3.031015033618343754e-04
-3.805662857454891190e-01 2.390453997009983861e-04
-3.804936753426181872e-01 2.940348595646880741e-04
-3.802860252550672726e-01 2.348808503147819117e-04
-3.796389610933678105e-01 3.553721852077683504e-04
-3.794173749379644023e-01 2.258164253038534358e-04
-3.781341386594832543e-01 2.498835029369685535e-04
-3.779752196714812329e-01 2.678817497950938299e-04
-3.776980645575524487e-01 3.944820128256107264e-04
-3.774714291709151404e-01 2.011313218003202058e-04
-3.774168075329379923e-01 3.455231065104734877e-04
-3.773278412740260768e-01 1.993450529000835884e-04
-3.772185740779931962e-01 2.724047872968765800e-04
-3.771021245922681620e-01 3.315426288341779713e-04
-3.765614322748445653e-01 2.734463968851558679e-04
-3.756818684873602932e-01 2.807013503076333325e-04
-3.753251980344415317e-01 2.649676993483653640e-04
-3.750246924353786704e-01 2.930503572876802304e-04
-3.748978999213811170e-01 2.233585834586009034e-04
-3.748490701568055750e-01 2.368161631792358747e-04
-3.748489793303073636e-01 2.624941830232351285e-04
-3.743826066899509919e-01 2.711857468657075305e-04
-3.743575971850041650e-01 2.368483105760025578e-04
-3.742431466487446956e-01 3.536556848844640572e-04
-3.740247953159871463e-01 2.586283671354789779e-04
-3.734099611979332378e-01 2.004916315943810589e-04
-3.730146691905703582e-01 2.431894607421489338e-04
-3.729415161967990500e-01 2.070508984319061735e-04
-3.729110832025055999e-01 3.001092166821329120e-04
-3.727391623155019151e-01 2.622558238636133734e-04
-3.726545720848249976e-01 2.250950727905787663e-04
-3.725866441499314785e-01 3.007601084328374841e-04
-3.718255952913462892e-01 2.478494210012394767e-04
-3.710122408278523909e-01 2.437537359728565061e-04
-3.701602310639015569e-01 2.231638438343815382e-04
-3.696765246553181949e-01 2.339240176070465904e-04
-3.696341941156784938e-01 1.633336183522745655e-04
-3.692347156891555016e-01 3.684583795268677256e-04
-3.691038753779554149e-01 3.617477361266515962e-04
-3.687269658335367017e-01 4.185165720956352041e-04
-3.684437073102479476e-01 2.983418370499504391e-04
-3.682393469979748923e-01 2.287698022644018073e-04
-3.673049343645089504e-01 3.793098640021495393e-04
-3.670755293780182948e-01 2.002403837378632294e-04
-3.667538412441946893e-01 2.500726974594647488e-04
-3.664436968201285061e-01 2.483303294607104518e-04
-3.652991750551400352e-01 2.263407677834482603e-04
-3.650336602202533531e-01 7.048594894936451158e-04
-3.640375890292008587e-01 2.773405229641150442e-04
-3.637265335648133258e-01 2.444361739349520013e-04
-3.637018382261498206e-01 3.611754338376010811e-04
-3.636537219216284256e-01 2.123221480845513261e-04
-3.633957987156865022e-01 2.781770089808849951e-04
-3.633445690785739313e-01 3.989571865443054702e-04
-3.627132546466862451e-01 2.958997028192729070e-04
-3.627070971735190663e-01 2.346862258567657534e-04
-3.625101792943176693e-01 1.989409246568776390e-04
-3.622404679295453400e-01 2.458204017657307657e-04
-3.619734114927642410e-01 2.347052993146512266e-04
-3.619404664329179955e-01 1.960984507767426393e-04
-3.611218323946845388e-01 2.567735354215452785e-04
-3.608734519021217224e-01 2.815833370389321001e-04
-3.608317127817011194e-01 2.368057469984807925e-04
-3.608274228456926913e-01 2.458194794240250417e-04
-3.594261446892926259e-01 2.155697896320769651e-04
-3.594210739371453966e-01 2.369990490258444451e-04
-3.594164621858307318e-01 4.127420644303690395e-04
-3.584637989867845986e-01 2.593209812839262444e-04
-3.583908010371976149e-01 2.232206686244492581e-04
-3.583580877516461816e-01 2.170037308280005567e-04
-3.580946040446172929e-01 2.515086890790948419e-04
-3.571822319868896423e-01 2.773473932219261027e-04
-3.569017376914990214e-01 2.593620946965478728e-04
-3.567216035994883461e-01 6.183268382292697292e-04
-3.562978442415690172e-01 2.383299044865138858e-04
-3.560883215170451144e-01 4.110973225060465244e-04
-3.560505488630522075e-01 2.583684665554026867e-04
-3.556338052970871577e-01 1.730592426316096121e-04
-3.552919317500070062e-01 2.237496047315785084e-04
-3.548721984357292580e-01 2.334878325212359459e-04
-3.547216971201965219e-01 2.264237366647822724e-04
-3.544402177049270075e-01 3.145313892910330043e-04
-3.538077457007229865e-01 4.556346406978221161e-04
-3.536246979503052112e-01 2.206867583469389500e-04
-3.535382433344478326e-01 2.812310951632955970e-04
-3.535036040096888876e-01 2.204326762139530572e-04
-3.532153987530024519e-01 2.284191117338445578e-04
-3.528774727521786780e-01 2.651306711081868493e-04
-3.528542794291861240e-01 2.651779263264489902e-04
-3.525227655265337767e-01 1.900051292900760218e-04
-3.521546623629092099e-01 3.267727780764013447e-04
-3.521034963037645293e-01 2.773502354962275999e-04
-3.513380028687255741e-01 2.098866720767577742e-04
-3.506711576999935742e-01 1.963310107100366185e-04
-3.503816851815650946e-01 2.264625292759171217e-04
-3.503778812787014529e-01 2.363922183804126938e-04
-3.502417529086047643e-01 2.489631081804857772e-04
-3.498712075635269647e-01 3.060951604268863369e-04
-3.497207678619009830e-01 3.214726623999147057e-04
-3.496335836847042078e-01 1.968950644585595747e-04
-3.492549823815616072e-01 4.236519897878677555e-04
-3.484364211383263465e-01 2.500149010367659326e-04
-3.482909910593379732e-01 2.473775654569965068e-04
-3.476666480609363896e-01 2.063305220351349938e-04
-3.469404925774108306e-01 2.991175602775818731e-04
-3.468608187903587381e-01 2.371609312347133780e-04
-3.466416052918900315e-01 1.970425246312373262e-04
-3.457451089775803732e-01 2.497126377620252895e-04
-3.456272935413367553e-01 3.208000073737940581e-04
-3.451591864021506528e-01 3.015122186861513096e-04
-3.451373988674688587e-01 2.229973195733787525e-04
-3.441462891587371287e-01 2.125572546489297822e-04
-3.434210630985675694e-01 2.095654331619039592e-04
-3.433532122039204548e-01 2.914319922260128143e-04
-3.431252000644534061e-01 3.028136093641442430e-04
-3.426863114579808411e-01 2.798279986143010763e-04
-3.418952565295433343e-01 2.671125414572552933e-04
-3.418081235566607923e-01 2.908987513253767968e-04
-3.417453517327168067e-01 2.607876863789437621e-04
-3.416774641113239919e-01 3.019533810480407097e-04
-3.412436032225774074e-01 2.171536298273944341e-04
-3.408753079688302545e-01 3.482991194450139319e-04
-3.403875752911648678e-01 3.468162402491121706e-04
-3.401428576948028470e-01 2.134555624328443655e-04
-3.391795211513704000e-01 2.553449223850280171e-04
-3.385639498893496802e-01 2.472372379252437205e-04
-3.381397953004771639e-01 3.293853509413455553e-04
-3.375506244798902600e-01 3.094716860144659559e-04
-3.371972967798095300e-01 2.171690650777510702e-04
-3.368873912212113630e-01 2.703348208118397790e-04
-3.366189958757510037e-01 2.336232050771128665e-04
-3.365567735002325533e-01 3.057042042269776270e-04
-3.356719103228273937e-01 2.448345909079840369e-04
-3.356049495690552331e-01 2.315621675532854990e-04
-3.352852108334062886e-01 3.327269692386514545e-04
-3.339510542748209132e-01 2.091736614234798134e-04
-3.337939581694874258e-01 2.380643132254345925e-04
-3.314317339599411882e-01 7.452993586587360053e-04
-3.309546148826710832e-01 3.477570230653493515e-04
-3.308510705523401429e-01 2.260697686487710904e-04
-3.304248619122754915e-01 3.712054207664739576e-04
-3.303961169103518114e-01 1.912418131024538372e-04
-3.302286264245660741e-01 2.682019547934359673e-04
-3.292844854742634220e-01 2.612235741445013536e-04
-3.288866691706697210e-01 3.522991443198187191e-04
-3.287959240289875518e-01 2.417317117259099447e-04
-3.281396835752396490e-01 2.139507477822331580e-04
-3.273760776290963181e-01 1.803063224159934036e-04
-3.268743612345303973e-01 2.041486149202688090e-04
-3.266579329939985898e-01 2.056902501568473487e-04
-3.264805717810497776e-01 2.938076288700237513e-04
-3.261217783012597127e-01 3.490525810535725307e-04
-3.260593035886872881e-01 2.664011989740213814e-04
-3.258961656077450919e-01 2.612416620755926479e-04
-3.257203822847420382e-01 1.979420290916160754e-04
-3.253681880284839956e-01 2.911097471704729607e-04
-3.253420499839095315e-01 2.215656985613090964e-04
-3.248495556182124933e-01 2.592223269653619365e-04
-3.247358177303023008e-01 1.966017600739574376e-04
-3.243580670330621363e-01 2.277969333879548705e-04
-3.222464733641584589e-01 2.850232114545816261e-04
-3.220869308987804325e-01 2.319484550328810538e-04
-3.220644611334511631e-01 2.021659492232914400e-04
-3.219056174339182674e-01 2.458657908189315036e-04
-3.218065084540427945e-01 2.669750528561167522e-04
-3.217391784001241706e-01 2.178386745368695676e-04
-3.210904935748536415e-01 3.289697412903867953e-04
-3.206716329038062363e-01 2.606060810437739374e-04
-3.206490114675823455e-01 4.849540768231850262e-04
-3.206079660399386300e-01 2.278597099855789968e-04
-3.204180650616663129e-01 2.303673093933357788e-04
-3.198394395832226400e-01 3.119456743710192549e-04
-3.196263000188740988e-01 2.626353678474988213e-04
-3.178304693746840104e-01 2.351837209722546635e-04
-3.172214255565944940e-01 2.979216816118543431e-04
-3.171957996952895487e-01 2.473145143260845405e-04
-3.169345709134194777e-01 2.705512012988842510e-04
-3.168353725369777441e-01 5.004684730276330205e-04
-3.165417461790921982e-01 2.751185601396840706e-04
-3.162706746591589235e-01 2.040602073383801019e-04
-3.158558950427473588e-01 2.622257617866183689e-04
-3.157282660987965617e-01 3.076978494614615177e-04
-3.156895406659914194e-01 2.923702622989807882e-04
-3.155061748349755613e-01 2.302955051351895802e-04
-3.142483731226587418e-01 3.032408129984167744e-04
-3.140215495061944306e-01 2.581802496282995288e-04
-3.138153203287192827e-01 2.794434011908998247e-04
-3.131074984514507498e-01 2.940516274150035037e-04
-3.130973268152024147e-01 3.758157935673480570e-04
-3.129818444187622006e-01 4.630645232052088230e-04
-3.129804504021296840e-01 3.371322524079918299e-04
-3.127703605937195985e-01 1.904651606878211628e-04
-3.126840390238219136e-01 3.711306681784030752e-04
-3.120924366044136034e-01 3.784815520978910153e-04
-3.112182165391929045e-01 2.535374560044545422e-04
-3.100849198076864321e-01 2.335465825708150239e-04
-3.087418830035310036e-01 2.744786713604202566e-04
-3.078283610162970696e-01 2.117303699538597905e-04
-3.077158977800553696e-01 2.156349232051176889e-04
-3.071814146882583807e-01 2.692178588301194692e-04
-3.066149000511462219e-01 2.901630808729095722e-04
-3.066119579687959229e-01 2.261325228051144765e-04
-3.063673061165788636e-01 2.279785370255525451e-04
-3.060481208382252460e-01 2.212602646551357032e-04
-3.055588824585027119e-01 2.843504936307075445e-04
-3.050768442052829710e-01 2.428507297185601482e-04
-3.048925901678403716e-01 1.870722054405729877e-04
-3.042468946373557137e-01 2.700125120309788984e-04
-3.031969561364403210e-01 2.793021856917031064e-04
-3.029395160551969224e-01 2.774509302748043955e-04
-3.026511068585309716e-01 2.746320270238881414e-04
-3.023794390379225816e-01 3.018311573466475020e-04
-3.022397327135298295e-01 3.020123118053558348e-04
-3.017074470863418401e-01 2.233355506774442525e-04
-3.015326285884202817e-01 2.878363693686906088e-04
-3.012405813588658332e-01 2.354784206622121876e-04
-3.007051779200921593e-01 4.832997248030551619e-04
-2.999689021538453071e-01 2.333736394615539835e-04
-2.997567405601036516e-01 2.218233451882858942e-04
-2.993585993455590843e-01 2.213273541186847916e-04
-2.993332076627409633e-01 3.253185891385444858e-04
-2.986026465315567147e-01 2.661781613943733416e-04
-2.985575163325835946e-01 2.601801028564245419e-04
-2.983473747146572763e-01 3.124547904380236153e-04
-2.982525917771740032e-01 1.942672977200364515e-04
-2.982302373448679211e-01 2.089960671089257597e-04
-2.981190209774295941e-01 2.653456744880274432e-04
-2.973115400964064237e-01 2.312315294108637355e-04
-2.972409654207551766e-01 2.614973449881107448e-04
-2.964283460489198219e-01 9.527278319558496987e-04
-2.961329197147154479e-01 3.175932164519306182e-04
-2.957657632466405007e-01 3.079855868140649370e-04
-2.956011602979840003e-01 2.973713011947361402e-04
-2.953435349647494657e-01 2.477162897766458597e-04
-2.947798293379369494e-01 2.661882865911554771e-04
-2.941682486012844322e-01 2.319591336185302278e-04
-2.938396899919694105e-01 2.217531362461794210e-04
-2.930752144942448956e-01 2.650810894605082476e-04
-2.930727805758335247e-01 2.151203972954638484e-04
-2.929921799979218200e-01 2.774057226560715304e-04
-2.928421037946061789e-01 3.641744377183784567e-04
-2.927323606766399355e-01 4.216210154592901055e-04
-2.921583456275655966e-01 2.225539645662201721e-04
-2.918922716016125185e-01 4.565211987223622846e-04
-2.918160664005346461e-01 2.628119474412253563e-04
-2.914793720941326050e-01 2.612588935089577924e-04
-2.914497356471364986e-01 2.601383926769049713e-04
-2.908840582865744318e-01 2.737074926289882076e-04
-2.902029957981382968e-01 2.284505406048144369e-04
-2.896007327762877281e-01 2.230666245405874947e-04
-2.886961663922127386e-01 2.535277844338529167e-04
-2.883030173892664472e-01 2.750985974488683603e-04
-2.877529616610040031e-01 2.203326188575342054e-04
-2.874991840487536310e-01 4.095097251623590470e-04
-2.870078781455043804e-01 2.712424023435528863e-04
-2.866819476082562712e-01 2.383700568094423598e-04
-2.864610094282971087e-01 4.635203059909773281e-04
-2.861620323380003050e-01 6.448855594991978295e-04
-2.860967789032139996e-01 2.788161700714508816e-04
-2.860574882401511476e-01 3.380796150887218450e-04
-2.857328573888798795e-01 4.738903699108338750e-04
-2.854968088199727472e-01 2.587553048447918235e-04
-2.851238781655776044e-01 3.248788423832475909e-04
-2.851128650875615622e-01 3.569447503042199482e-04
-2.842929987009261139e-01 1.944730488986539177e-04
-2.836859099688132102e-01 3.068755788205986749e-04
-2.832419598025250340e-01 2.515203040120208297e-04
-2.832177636883532190e-01 2.516680789981031743e-04
-2.823991182631984120e-01 2.286205271510097909e-04
-2.820630085119069652e-01 2.945719478113386735e-04
-2.820255337689088759e-01 2.564362025926200032e-04
-2.819803251984128734e-01 3.326234042045654246e-04
-2.818894537618790164e-01 2.542833069844289300e-04
-2.818272237519416912e-01 3.133061575890434434e-04
-2.812539548872966533e-01 3.974664515071406681e-04
-2.809856576431346564e-01 2.050831093525470384e-04
-2.807355631073059077e-01 2.934218414348289125e-04
-2.807285223503672156e-01 5.103862543092647702e-04
-2.797487306668771656e-01 2.259170157872365478e-04
-2.794132671361851394e-01 2.434827689483039541e-04
-2.791714110247844882e-01 2.560787330945610459e-04
-2.791284369619960737e-01 3.311967658174160651e-04
-2.784039607924180815e-01 3.185935377466673894e-04
-2.783723501056196148e-01 2.398552486055186581e-04
-2.779250365402736178e-01 3.018416488154385623e-04
-2.772672112600454430e-01 2.134751253357357662e-04
-2.766873493473437362e-01 3.034012833789994290e-04
-2.765654186565879025e-01 3.173173054341753589e-04
-2.747019788841408849e-01 4.375776222574136480e-04
-2.745160953793569503e-01 3.631383431776806546e-04
-2.741694503778919767e-01 2.510826785255084229e-04
-2.739823220326008668e-01 2.664078680377500495e-04
-2.738177298025122330e-01 2.683330528557567119e-04
-2.736879284939526813e-01 2.402124491233276768e-04
-2.730655773297253619e-01 2.759722595957059136e-04
-2.725883221796028266e-01 2.458060362778814669e-04
-2.725310028300397813e-01 2.537949900988872658e-04
-2.722732486773602467e-01 3.816264395337443972e-04
-2.720402070975173614e-01 2.618292891236349081e-04
-2.715478000300279304e-01 2.287868099713319500e-04
-2.711445513107872962e-01 3.052385766488587568e-04
-2.708191850762430852e-01 2.158391737024764254e-04
-2.706957204379530912e-01 3.036480033931217249e-04
-2.706187234666878050e-01 2.802200568006727507e-04
-2.699922482218448661e-01 2.144353137572699373e-04
-2.680474205320486636e-01 2.660333616186414361e-04
-2.676413009548068156e-01 2.487655052995258755e-04
-2.672849432636938416e-01 2.452694816615935301e-04
-2.672016404608201223e-01 3.457833516264159244e-04
-2.669877788571514143e-01 3.568552064606201907e-04
-2.663401805793282895e-01 3.153946495991902851e-04
-2.658349768817948600e-01 2.262391574233155265e-04
-2.653565002327319400e-01 2.368678570906675976e-04
-2.653036405689205846e-01 2.401022302536152324e-04
-2.652032330395912019e-01 3.233575159690828087e-04
-2.651347732237217536e-01 3.022693391905871595e-04
-2.648450463787310749e-01 2.311822950505790719e-04
-2.646452323451234379e-01 1.933408634578479620e-04
-2.644164712047025190e-01 2.463315490150335459e-04
-2.644091962757432746e-01 2.367414105294110322e-04
-2.642469767877748121e-01 3.701872739109871653e-04
-2.642343613598391316e-01 2.392610132251585969e-04
-2.638302876697747879e-01 2.409155954408883206e-04
-2.634166776380896802e-01 3.229011380947870201e-04
-2.626903901955026099e-01 3.446955102311529610e-04
-2.618075798421471423e-01 4.824703669566384498e-04
-2.616045695581030173e-01 4.228788552202915156e-04
-2.603086252835030701e-01 2.913115588078498091e-04
-2.602570858577892277e-01 2.797843291946349744e-04
-2.597848059177983449e-01 4.619092208332782439e-04
-2.595106298122115684e-01 2.404254064650543799e-04
-2.593111527423792029e-01 3.740566212347061449e-04
-2.588144517924206855e-01 2.701395518156502720e-04
-2.582068446554804941e-01 2.569429453967034889e-04
-2.581062109092477352e-01 2.402760746619754832e-04
-2.579881833952198944e-01 2.372246036838888115e-04
-2.576219429909601955e-01 3.750107300497412571e-04
-2.568125080955902528e-01 3.599161526905833228e-04
-2.565435337740405997e-01 2.475510489279280496e-04
-2.560922343577745619e-01 5.205336084052708230e-04
-2.553662820116976984e-01 2.111209126041278990e-04
-2.549435634176085985e-01 2.838369655037543504e-04
-2.540419710983627399e-01 4.539287455181248085e-04
-2.527273321406539042e-01 2.645234062091606159e-04
-2.527109616571772133e-01 3.634643435371391943e-04
-2.526018471069162441e-01 2.181386015265969697e-04
-2.525950818465939052e-01 2.980780140990541872e-04
-2.523792193014240959e-01 2.840922196542041713e-04
-2.521161042052841861e-01 2.084787793364603343e-04
-2.519516482137859059e-01 3.599437966204831673e-04
-2.517543151649604960e-01 2.962749065423009331e-04
-2.517008196488999539e-01 4.184633942336136309e-04
-2.516878730881722537e-01 1.880386283440262964e-04
-2.510960321900845282e-01 3.562789791546380866e-04
-2.505429461208232289e-01 2.361455065425347745e-04
-2.497341457988155877e-01 2.584188225096959368e-04
-2.493724916726926533e-01 2.343298251721754341e-04
-2.487422887543840055e-01 3.926233057440741401e-04
-2.486545066825357198e-01 2.741288528201155810e-04
-2.485376901300757058e-01 2.415563137111562575e-04
-2.475344524071653451e-01 3.989876074291997198e-04
-2.456372630661024792e-01 2.629952194418672096e-04
-2.454467036044117589e-01 2.908903752684821706e-04
-2.454397202532146716e-01 2.229306345183850271e-04
-2.450660513084978454e-01 3.053091640663014249e-04
-2.431496124811138859e-01 2.788378333807577276e-04
-2.430569086889772523e-01 2.198900591408426515e-04
-2.427629871263919659e-01 2.580125508295101600e-04
-2.425659959705533941e-01 2.775880850710886819e-04
-2.422801544347345515e-01 2.147148375869635366e-04
-2.414389912432589602e-01 3.270330868660185127e-04
-2.412398215096424325e-01 2.073427903680593112e-04
-2.410778073702869451e-01 1.985923953773523166e-04
-2.409922984903816734e-01 2.956263099647939629e-04
-2.407711770062532231e-01 2.751604502619888143e-04
-2.398633780231816948e-01 3.154265643016207292e-04
-2.397248465264321116e-01 7.392920266540902938e-04
-2.389666115335221108e-01 2.203509812502646794e-04
-2.386599383139210162e-01 2.516774714242596650e-04
-2.377118930703388255e-01 2.122987528386949274e-04
-2.377105436602096611e-01 2.620748621721805441e-04
-2.376206232489948000e-01 2.641901773222224740e-04
-2.372513507006696887e-01 2.845118112228820959e-04
-2.368305777598857798e-01 2.599206608798389911e-04
-2.367540482019145076e-01 2.323275416376338598e-04
-2.364611732332646266e-01 2.506287630129885391e-04
-2.349460924772465154e-01 2.625463642067211545e-04
-2.349335933067859816e-01 2.208432752057931582e-04
-2.346157234072186459e-01 2.286381694456731523e-04
-2.345587396883593578e-01 3.100596531906542417e-04
-2.336091084061135414e-01 2.618896581001698039e-04
-2.335406913114951022e-01 3.300572632622536052e-04
-2.328113320495319161e-01 3.014300617723946461e-04
-2.315039654437358874e-01 2.744239378598543780e-04
-2.308860324485365600e-01 2.974879931298472194e-04
-2.302954654759866993e-01 3.110939112068564672e-04
-2.299818626450125802e-01 2.445338834524838148e-04
-2.296218387304439223e-01 4.076007937465891138e-04
-2.287360906099913938e-01 3.008630660808827998e-04
-2.287181938812144766e-01 2.675031679947139415e-04
-2.285309991013483033e-01 4.661827110951076458e-04
-2.274053596687356515e-01 2.763134966374618229e-04
-2.271993094894297627e-01 6.635846396042604459e-04
-2.269016311099797401e-01 2.677916189717231854e-04
-2.266681516589049150e-01 2.791317144872119157e-04
-2.262273588059717233e-01 2.861694065528959667e-04
-2.255884314501049037e-01 2.878222578922007822e-04
-2.255646918426595371e-01 2.802876808818259590e-04
-2.251109695095825369e-01 2.506661984339880202e-04
-2.247215532941520266e-01 2.375758158344224943e-04
-2.244984557595199326e-01 2.866739107895343252e-04
-2.242693795617309582e-01 2.188351051875049341e-04
-2.239784123478487099e-01 5.230137284013216962e-04
-2.233761821335127351e-01 2.900986053512468583e-04
-2.230109402411040997e-01 2.274032499351284385e-04
-2.218463280612690547e-01 4.146606062496486448e-04
-2.204817678173386641e-01 3.336403439506310082e-04
-2.204715088909065257e-01 2.518838638912002212e-04
-2.202351112966538793e-01 3.121957489920099355e-04
-2.200387319128344343e-01 2.391545343610392167e-04
-2.198234217385926503e-01 2.643946489144401299e-04
-2.197377570876535846e-01 3.717254454494711962e-04
-2.193536164459375937e-01 2.735919680270996720e-04
-2.191051709372148770e-01 2.523045648610845715e-04
-2.190825708167046526e-01 3.149470903387770323e-04
-2.186273427409844705e-01 3.445804336847886943e-04
-2.184850423052626389e-01 2.916086808357038450e-04
-2.181998065464877679e-01 2.469922202417478225e-04
-2.180883996091368959e-01 3.338571700666422590e-04
-2.180048236923141092e-01 2.661271162350923062e-04
-2.180040468000688236e-01 3.179902510479685291e-04
-2.165187600824943492e-01 2.432893467420725218e-04
-2.157955734384744972e-01 5.047707087329533814e-04
-2.153313428496518023e-01 3.279710359324475907e-04
-2.140494213394084078e-01 4.358329190863789271e-04
-2.140429945759159958e-01 2.392564220712523255e-04
-2.138371681789009715e-01 2.805131010781633386e-04
-2.125118630349599191e-01 3.434394178533797890e-04
-2.122022911612986285e-01 3.333362002555523155e-04
-2.120910996528296288e-01 3.037585951092022069e-04
-2.112047505976608619e-01 4.300029581681702072e-04
-2.111150430257924537e-01 2.573993361456070159e-04
-2.109492177449120431e-01 2.731775903851858789e-04
-2.107573511669718347e-01 2.942073084985838264e-04
-2.103446488450670115e-01 2.711667370084370121e-04
-2.096818303387736337e-01 2.964845483865849105e-04
-2.088430335294583773e-01 2.586685377772698024e-04
-2.081841246607327167e-01 2.849415424265598130e-04
-2.069895481939727500e-01 2.984665654022557201e-04
-2.069683327692974917e-01 2.680028709675573396e-04
-2.069233948939978307e-01 3.724318698535624425e-04
-2.067610157093129342e-01 2.012920107596681638e-04
-2.066339705207076993e-01 2.718763158885921364e-04
-2.065593422357392406e-01 3.280672828333878153e-04
-2.065128761910225152e-01 2.870221714462989479e-04
-2.065080997889340853e-01 2.724440851452839939e-04
-2.062511675151515178e-01 5.386608591073209235e-04
-2.052377548837927279e-01 3.249108859453051596e-04
-2.050360326878626904e-01 2.229399018582232613e-04
-2.050311329896144230e-01 2.618906154959357141e-04
-2.048986967894075861e-01 2.372067923157842760e-04
-2.042195180481526096e-01 2.700228304469590537e-04
-2.037460003758029548e-01 2.573869739397470664e-04
-2.033161668142491607e-01 2.455216447966497312e-04
-2.027852794990037122e-01 2.896641897019763194e-04
-2.024934567513045347e-01 2.710654315453832168e-04
-2.021377934212940930e-01 3.426851039291361469e-04
-2.020416317540196238e-01 2.413176455463654209e-04
-2.014396392228887944e-01 3.444099396285335113e-04
-2.012924211751784265e-01 2.675465385367544868e-04
-2.009556309745950675e-01 2.998301635625590664e-04
-2.005452534036254175e-01 2.565152429866810347e-04
-1.994240871855142427e-01 2.438492240577882760e-04
-1.988113678579435384e-01 3.226672749885046293e-04
-1.986958963262979994e-01 2.702081522506934153e-04
-1.986836784636036024e-01 3.272981420662411049e-04
-1.981629683748503956e-01 9.054508000497846947e-04
-1.974848451230907798e-01 2.806140935811230960e-04
-1.961690682903435845e-01 2.514671327804828536e-04
-1.961485217252271762e-01 2.889462242406531673e-04
-1.954678451416875795e-01 3.357266628626334390e-04
-1.951533255000224565e-01 2.050914629223940674e-04
-1.942652724137815534e-01 2.298757628077807171e-04
-1.941827660989636772e-01 7.661438208515054197e-04
-1.937762841053987939e-01 2.891631487132068925e-04
-1.937116606361443116e-01 2.243319183419686903e-04
-1.934954554078088529e-01 3.187989816296896628e-04
-1.927483155049090069e-01 2.447071177179719671e-04
-1.924903079742151801e-01 3.882567331902889900e-04
-1.924870766448476544e-01 2.440099332475648673e-04
-1.906274733223888296e-01 2.728247859451577123e-04
-1.880991056335368505e-01 4.010974926220410857e-04
-1.861770452992518032e-01 3.346625064857250528e-04
-1.857144049042344924e-01 2.680139416135373016e-04
-1.849924358341331621e-01 2.556250569593943880e-04
-1.844790014064225658e-01 2.545606545129851261e-04
-1.839582670473317305e-01 2.649992586912871704e-04
-1.837745064487961433e-01 2.880985807134086533e-04
-1.832988049763970562e-01 4.263355819714798132e-04
-1.829004308820703917e-01 3.005488882360245369e-04
-1.827399032675778023e-01 3.780155232939169251e-04
-1.822258300248195406e-01 3.046777097187290955e-04
-1.821025621002425599e-01 2.833812543936048986e-04
-1.819149891077734005e-01 3.986144363771547232e-04
-1.816591499356525197e-01 2.566521759796543600e-04
-1.815023856900032373e-01 2.197066847324620422e-04
-1.803147356932509604e-01 2.954417466334803761e-04
-1.793669516905340711e-01 2.304732084703616066e-04
-1.791574067285651439e-01 3.120783194063752935e-04
-1.786057769200856404e-01 2.695941377813268827e-04
-1.778178601693283234e-01 2.614897841122969593e-04
-1.776172551198121896e-01 2.731763208262877655e-04
-1.774383268431729554e-01 3.908395583161198205e-04
-1.750220938723782704e-01 2.874959374081646258e-04
-1.748164911835882740e-01 3.479081935265715213e-04
-1.739818783401519409e-01 2.721884015177572242e-04
-1.736970716374985624e-01 4.864683010210343710e-04
-1.736534465265394400e-01 2.698412946397821840e-04
-1.733099847408378358e-01 2.438338585614152349e-04
-1.727452377770249958e-01 2.936982388364963760e-04
-1.727313613633482403e-01 3.394546893463914312e-04
-1.722826685164972338e-01 2.060264044583411363e-04
-1.719255857071449178e-01 2.716139315674661551e-04
-1.713928485309739180e-01 2.632896607262711600e-04
-1.711173903977757926e-01 2.349391730786511373e-04
-1.710539931811611847e-01 3.255350655743766098e-04
-1.710458914651931117e-01 2.345630202022766432e-04
-1.707633642796197448e-01 2.535297571168174330e-04
-1.707375014976334482e-01 2.639982057501619596e-04
-1.703941095058846000e-01 2.147744318353633807e-04
-1.695895964495051367e-01 2.145862593646509129e-04
-1.683262626779169213e-01 2.959130908756853651e-04
-1.681625389465038201e-01 3.025618494152462214e-04
-1.680282204907554144e-01 3.102777341981003984e-04
-1.677519065193311398e-01 2.909731358716926750e-04
-1.675772847912672392e-01 3.100521821066085527e-04
-1.659800819366160640e-01 3.007968083280552454e-04
-1.656829387298805745e-01 3.092747802704435330e-04
-1.653585360150136296e-01 4.590285221465856226e-04
-1.652456729592613471e-01 2.888446755542108937e-04
-1.650842862640046482e-01 2.812051753251521035e-04
-1.647038150260869693e-01 2.823905885856313903e-04
-1.646126385694632044e-01 2.347213363741427236e-04
-1.643562603544478917e-01 4.151335175040843286e-04
-1.641672463393342163e-01 3.854667068244398511e-04
-1.640867901056228262e-01 3.158465901302839928e-04
-1.633907614335411984e-01 2.761142464095282995e-04
-1.630676950264318137e-01 3.362902888516036541e-04
-1.630414795468214384e-01 2.986858872905342088e-04
-1.625806282529945190e-01 2.197266655424712895e-04
-1.623381119210609014e-01 3.160840071453694246e-04
-1.621417349072764857e-01 3.947286817117901057e-04
-1.619474342627427732e-01 2.974234943685912587e-04
-1.619371365719559364e-01 3.401219295353300333e-04
-1.614924641567203056e-01 3.501447857522964942e-04
-1.613992068971505101e-01 3.275373498238188705e-04
-1.609561066706279020e-01 2.747543543324696617e-04
-1.605666162318996337e-01 3.922620763676055913e-04
-1.604240655156951023e-01 3.276117160845470780e-04
-1.598602498512489145e-01 4.152663829804060873e-04
-1.595414515005850464e-01 3.182380494605861103e-04
-1.583036226279704028e-01 2.439288087531980105e-04
-1.581466959476413581e-01 2.619857314197948000e-04
-1.580503982482067138e-01 2.614319777397173801e-04
-1.579985849309027690e-01 2.864667069715881825e-04
-1.573173980124321913e-01 3.131852082685497628e-04
-1.572202753300213363e-01 4.235635253862479722e-04
-1.571866491124261633e-01 2.198755706074544526e-04
-1.563779755503271751e-01 3.115056026095656071e-04
-1.561692965422899204e-01 2.576011772014450210e-04
-1.561534373319491686e-01 2.900642397365818027e-04
-1.560823995523992480e-01 3.373641240191162021e-04
-1.552009714911593563e-01 2.890779694177263745e-04
-1.544480796851640247e-01 2.333027764630234721e-04
-1.541806796657767820e-01 5.510066794743166988e-04
-1.540792486948626694e-01 4.621002403428504501e-04
-1.539923232247829565e-01 4.846584034689607225e-04
-1.538790500736522404e-01 3.819050800299699389e-04
-1.538130555229315355e-01 2.267275761609570785e-04
-1.532703847851025758e-01 2.732043787214514250e-04
-1.532592619976547721e-01 3.419592209049882817e-04
-1.528067385547267343e-01 3.883338716686049008e-04
-1.518787136922227221e-01 3.053753517224628775e-04
-1.517770455203915070e-01 2.831148189371094238e-04
-1.515434165118456356e-01 2.815310563111790934e-04
-1.512978080093480560e-01 2.995895297465669873e-04
-1.509076686607727369e-01 2.367756866170712190e-04
-1.506890141046577092e-01 3.006513306340128765e-04
-1.503772105924571778e-01 3.483768957516205148e-04
-1.498870113228495116e-01 3.104192227849321959e-04
-1.491245434869487851e-01 2.682678038037856691e-04
-1.488557924918028907e-01 4.326010252447014715e-04
-1.487684401472518791e-01 2.893572509702191224e-04
-1.483706020130656222e-01 4.134373013335449821e-04
-1.482831183631081184e-01 2.757575588501243354e-04
-1.478922350281409170e-01 2.569983222205912817e-04
-1.478381165611376835e-01 2.356559702991413332e-04
-1.474230929333801565e-01 2.036175462688190644e-04
-1.473981105122405821e-01 3.353681552901950419e-04
-1.470412915043803614e-01 2.928760692946114639e-04
-1.470244528841313791e-01 3.060163781330755704e-04
-1.464866684109212003e-01 3.725560444585480240e-04
-1.451273770415408559e-01 3.185758330996799862e-04
-1.451054404861932545e-01 2.350165546318135946e-04
-1.449796288731706462e-01 2.244662058549016625e-04
-1.447900467984393202e-01 2.257564449916578321e-04
-1.447679554067736185e-01 2.599288501940095770e-04
-1.445311748722126477e-01 3.608087301023959179e-04
-1.444066568283084717e-01 2.773558137645232855e-04
-1.438117017119338592e-01 4.385744400288668111e-04
-1.427436990979113751e-01 2.497185397421125596e-04
-1.425063708417664554e-01 6.299229022006150964e-04
-1.419356956371235490e-01 3.698183000912697613e-04
-1.418090222623187846e-01 2.090970007946915362e-04
-1.411090753577707857e-01 3.532311477986723553e-04
-1.410714213310264864e-01 2.264155369042859160e-04
-1.410190397195970613e-01 2.671039552393045203e-04
-1.406192940622159049e-01 3.705238231459380112e-04
-1.405996273508351990e-01 2.799879656155776649e-04
-1.394764056646188854e-01 3.206398572548469200e-04
-1.392965125331409870e-01 3.103646098394401620e-04
-1.391306880529144252e-01 2.698953851101196602e-04
-1.389839574891596485e-01 2.499998118773683292e-04
-1.389782491239307249e-01 3.265306189548282064e-04
-1.383742054049549031e-01 2.919008525945462266e-04
-1.379914350038788096e-01 2.362081584836878286e-04
-1.376676680386824947e-01 3.813039003957578894e-04
-1.368360630768833686e-01 3.096747211252956163e-04
-1.367873619019017717e-01 2.797707515516283171e-04
-1.366862571496252898e-01 2.830948983670074771e-04
-1.365664578446700861e-01 4.252251488611112043e-04
-1.365365974847956021e-01 2.874008338875010354e-04
-1.358933069897082790e-01 2.044803059829845490e-04
-1.358324491656105470e-01 3.595944026708551284e-04
-1.355252079138021537e-01 3.254481386729145059e-04
-1.350001818074845483e-01 3.006140151771758058e-04
-1.349357884462642487e-01 2.836474704852658623e-04
-1.344970445703696227e-01 2.858718056473731834e-04
-1.344755625813285060e-01 3.791320176841814996e-04
-1.344514381277325255e-01 3.289127720091905680e-04
-1.341087070548788729e-01 2.752511055719294650e-04
-1.334586010312438231e-01 2.744991808848562358e-04
-1.327622916071568016e-01 4.489588716223481433e-04
-1.327085379083945971e-01 2.917855228691316441e-04
-1.322901309160844641e-01 3.853286488343095166e-04
-1.317358914654030988e-01 2.311160193462207934e-04
-1.313756396820084660e-01 2.367219219318863414e-04
-1.308760573364677327e-01 2.962001102629313706e-04
-1.295704221142680301e-01 3.126369989849142475e-04
-1.294444426491931366e-01 2.746322436937601811e-04
-1.292876868260864620e-01 3.567255609168851617e-04
-1.291243159602743218e-01 3.667593315493151594e-04
-1.281875118936489089e-01 2.909811762210946263e-04
-1.280811630730177564e-01 3.295365094212456491e-04
-1.279644995931915885e-01 2.756816430344116936e-04
-1.277084839266931504e-01 4.688008903646090917e-04
-1.276072766868512620e-01 2.380905682716219984e-04
-1.275038843469343264e-01 2.822214046170499146e-04
-1.271123088072694529e-01 2.090903339036123524e-04
-1.265471962207651568e-01 2.928067826701117194e-04
-1.264207063169701939e-01 2.366703586571723434e-04
-1.264059349759470152e-01 2.581119786101433830e-04
-1.259032856400514599e-01 2.727007626099553972e-04
-1.258354642749882069e-01 3.962130547077416152e-04
-1.255846219660799457e-01 2.376997143593195165e-04
-1.254982912571837861e-01 2.518300997282490756e-04
-1.250519340741850227e-01 3.442969655466248161e-04
-1.244286045856144995e-01 2.436246153938857089e-04
-1.243904815933330743e-01 2.663300047834913720e-04
-1.243050691197774282e-01 2.771294258338715647e-04
-1.238908588354824397e-01 2.805150192619313581e-04
-1.237900588188088485e-01 3.016991206558314624e-04
-1.237161720352858568e-01 2.943738239360862508e-04
-1.236483557039392278e-01 3.091798988474019202e-04
-1.229901595940372100e-01 2.905153256404134307e-04
-1.222674908966881330e-01 3.652029010684577676e-04
-1.219489907415373803e-01 2.174420166535525971e-04
-1.213523143178691782e-01 2.728645999666827753e-04
-1.200186121729637651e-01 2.486943599341226961e-04
-1.197582949720071288e-01 2.173560203938939141e-04
-1.196917844174984341e-01 3.064422993395294866e-04
-1.191708154170895012e-01 2.907660446320177276e-04
-1.187400344279919695e-01 2.878488005991174906e-04
-1.182237686756129891e-01 3.031636850684483239e-04
-1.177251866989397350e-01 3.439686168696315448e-04
-1.176205957903812410e-01 6.294427922822815784e-04
-1.175882869358203797e-01 3.131442427061101015e-04
-1.165395803435945177e-01 4.512405843064552671e-04
-1.161174019564672338e-01 2.178346399416709726e-04
-1.158647760217284411e-01 3.851107003335869981e-04
-1.155141957390251467e-01 2.730416941537072966e-04
-1.147587835157592717e-01 3.516324747364005785e-04
-1.146504460587631224e-01 2.216586650649617453e-04
-1.145816250241547540e-01 3.214002288768231532e-04
-1.140983587587070941e-01 3.411944060239782326e-04
-1.138483158871793077e-01 3.403895679115116236e-04
-1.131661188216538522e-01 3.227162852758310796e-04
-1.128334640639619690e-01 3.888647550171630434e-04
-1.117943359785517066e-01 2.626190626537144792e-04
-1.111889148827755747e-01 2.654578243370809935e-04
-1.110097958940011592e-01 3.100081017225803006e-04
-1.109924295285455997e-01 2.668843040125541189e-04
-1.108835241522142662e-01 3.375461452721665125e-04
-1.107823950347666120e-01 4.019873342967396216e-04
-1.107320844553611877e-01 3.588930931738533382e-04
-1.101159732003460096e-01 2.635973263624802440e-04
-1.092794829071931928e-01 3.920713375186090570e-04
-1.082652295727205560e-01 2.756005978668202099e-04
-1.082005998673702674e-01 4.479080580620384755e-04
-1.080617876224496676e-01 2.961204617305807215e-04
-1.075320883644198811e-01 2.175239377776474038e-04
-1.074834045702828950e-01 2.885434370088106409e-04
-1.074549060983278070e-01 2.515582599511651191e-04
-1.069888480061756825e-01 2.794710940445358253e-04
-1.067572641155701690e-01 2.772900113839188419e-04
-1.066972701567892451e-01 3.123008597449971474e-04
-1.066623618863134088e-01 2.521216950437022873e-04
-1.056176555782272486e-01 3.214013309250044349e-04
-1.044781724036646930e-01 2.087179346478669961e-04
-1.043493895896579343e-01 2.802938725925446968e-04
-1.040775610915499749e-01 4.967352189824438252e-04
-1.040671612346980995e-01 2.244307699904849916e-04
-1.037457882607680792e-01 3.977922760297718501e-04
-1.029098176460331027e-01 2.095368218155159153e-04
-1.028389374420781294e-01 3.778168661017186126e-04
-1.020883822087492177e-01 3.716489165685392501e-04
-1.017242599649098717e-01 2.954532062457383072e-04
-1.016504570409790253e-01 3.332110876714634374e-04
-1.012067378735316964e-01 2.616375463009066411e-04
-9.966157368638292602e-02 4.431986920188573189e-04
-9.965742596091532735e-02 3.670083630418169256e-04
-9.962602716936448666e-02 2.500560870052958369e-04
-9.849984208438754274e-02 2.602426339842471461e-04
-9.776552961372503292e-02 3.419704061290979426e-04
-9.690018445898222754e-02 3.916053328818308262e-04
-9.634950850302820280e-02 3.952785126632098905e-04
-9.625173657506576330e-02 1.103688198115532898e-03
-9.556952278562851066e-02 4.233106651065968976e-04
-9.523497183572009195e-02 2.557074610862690835e-04
-9.500426629949972057e-02 4.996389610249315659e-04
-9.498517617211678365e-02 3.351119549346261899e-04
-9.457794360690591207e-02 3.326178950663276454e-04
-9.386257032711695092e-02 2.860899062845780961e-04
-9.355870565569107677e-02 2.895669647307943270e-04
-9.314195641594667785e-02 2.609027521250658721e-04
-9.305953894959891060e-02 3.294371187240829977e-04
-9.263287034240028084e-02 7.179875871083005699e-04
-9.212349909784470214e-02 2.938084661652760345e-04
-9.171855786776855757e-02 3.073241469260779533e-04
-9.148799437992176375e-02 2.392158173394545056e-04
-9.061568154800217489e-02 3.446368607555681113e-04
-9.000836517808764869e-02 9.906647312660668385e-04
-8.969216224334027043e-02 4.242092927720551247e-04
-8.903279915973863479e-02 2.408999519910233239e-04
-8.847592809504409295e-02 8.029934061195721090e-04
-8.707459728335867344e-02 2.415606644264122567e-04
-8.644464306220628336e-02 2.408776475759236754e-04
-8.611135165757856369e-02 3.243979513705642827e-04
-8.601123532961582607e-02 3.104910083361632814e-04
-8.560841679003389215e-02 3.250187814890341271e-04
-8.531380168265229047e-02 3.665607692225742419e-04
-8.517489409077154405e-02 3.325589046330109126e-04
-8.392146178097065201e-02 4.542309519557937813e-04
-8.314105789179587758e-02 3.056647355749193677e-04
-8.279371492230840068e-02 3.883731360984527285e-04
-8.207598342539113023e-02 2.929329573402551725e-04
-8.193282091714958193e-02 2.880081578071706219e-04
-8.072386160427254265e-02 2.538785251327528992e-04
-8.065669887529355875e-02 2.586859298758917617e-04
-8.049475635989004896e-02 3.680688591841222183e-04
-7.999058166150795068e-02 2.302775446752205937e-04
-7.987202509829569030e-02 5.858481473677022754e-04
-7.975578773241084884e-02 2.429557104200163466e-04
-7.917416516866331022e-02 3.112783478837471019e-04
-7.883577492296120481e-02 2.710934739338871180e-04
-7.878402893089529735e-02 4.273615276275890976e-04
-7.857348080744142038e-02 2.347947734841994351e-04
-7.848858649150719513e-02 2.893900128690762939e-04
-7.839188634396920818e-02 3.059698474428515806e-04
-7.808019616010353214e-02 2.285230549997446748e-04
-7.801712751878631114e-02 4.198327992863836356e-04
-7.733818001309615553e-02 2.652764599974287104e-04
-7.697329724893833824e-02 3.873992269166702637e-04
-7.689585458039617516e-02 4.387899105647912411e-04
-7.532904970914419684e-02 2.722604521970854122e-04
-7.530258202586485872e-02 3.273114878899328786e-04
-7.520731481094865278e-02 2.498950443098635365e-04
-7.519961968912175498e-02 4.035756752892129327e-04
-7.495153465728400521e-02 2.759419484498243542e-04
-7.464870959541999862e-02 3.756880721972210733e-04
-7.376821456282363354e-02 3.995942749635729299e-04
-7.351913460877303186e-02 2.473546659590910722e-04
-7.306834763375759378e-02 2.473490855708746113e-04
-7.293337381662923224e-02 3.417278595598592737e-04
-7.246630016891714154e-02 2.713451415579635779e-04
-7.236097637432982455e-02 2.827374326581048999e-04
-7.214851478304473709e-02 3.679291156405092877e-04
-7.165663877622041600e-02 2.293474219540995074e-04
-7.089500824037922588e-02 3.688621288811570688e-04
-7.043592217096066033e-02 2.867103013596056433e-04
-7.036277866611415077e-02 5.092676373446414608e-04
-7.022629513732805973e-02 2.262476300011492889e-04
-7.008967462530869830e-02 3.239667332302991983e-04
-6.938516674875186419e-02 2.740169838408736515e-04
-6.904459992103695321e-02 3.142762824668683609e-04
-6.873389029751146573e-02 3.495867300414957717e-04
-6.846957378215089152e-02 3.140564190776171756e-04
-6.832465276800739340e-02 2.758229952106208390e-04
-6.818642708220690185e-02 2.984811680491782147e-04
-6.813583640615389347e-02 3.240014695948076773e-04
-6.765234125386770936e-02 3.048715859641167622e-04
-6.742471481940776057e-02 2.919603120203917456e-04
-6.732529927011102200e-02 3.619526534914887530e-04
-6.640776505381704164e-02 3.954818196424338844e-04
-6.568259353431223080e-02 3.305509000504391654e-04
-6.476311313805895031e-02 3.127596062621763309e-04
-6.420846681788590360e-02 3.518882699435807969e-04
-6.351851760377463796e-02 2.983669392412101936e-04
-6.349351996509702833e-02 2.179901200614415744e-04
-6.348058956565365285e-02 3.055105301353272323e-04
-6.295800322114317171e-02 3.075077212857068296e-04
-6.286216923570832338e-02 2.896104809684997149e-04
-6.186061856160118833e-02 3.811456784541416599e-04
-6.172737087885896146e-02 3.539964677007278950e-04
-6.103774021557344109e-02 2.460076759515999957e-04
-6.048928793921552749e-02 3.001392640364013522e-04
-6.039481819332687823e-02 2.676650407850755049e-04
-6.037927320820290350e-02 2.944450401688143508e-04
-5.992266789888939932e-02 3.108974240614554674e-04
-5.985275459429517664e-02 2.744063766363321363e-04
-5.975995143911914248e-02 5.180601715742097924e-04
-5.954382774484575508e-02 2.354489746117309186e-04
-5.950349257175196332e-02 2.776380683557218266e-04
-5.914417435342268770e-02 2.337640666130075566e-04
-5.820959142889235022e-02 2.626770923614100300e-04
-5.796667296198765307e-02 3.739227287240119084e-04
-5.749389182707293627e-02 2.832631292017616636e-04
-5.747618953672538333e-02 2.371256415556947223e-04
-5.708253349409180000e-02 2.086989334391700613e-04
-5.707943016828175703e-02 2.837443757349978018e-04
-5.692675059812685873e-02 2.417716515113227285e-04
-5.664395994969814024e-02 3.010458006590025870e-04
-5.640011248914954256e-02 3.388054928860151165e-04
-5.619510886082584866e-02 3.908943631743537917e-04
-5.582797781645165713e-02 2.510860835455506600e-04
-5.571342903019743664e-02 3.443466159713980059e-04
-5.544312139856479027e-02 2.404145174984800414e-04
-5.412305667589371871e-02 2.341344137429989187e-04
-5.395468072421490818e-02 2.859913834610018093e-04
-5.376020379188557047e-02 3.237084746958501986e-04
-5.358782307065462075e-02 7.091650087216844981e-04
-5.352863816878919434e-02 2.307808692741920528e-04
-5.195429861702343527e-02 4.914331700078287740e-04
-5.179001077727012070e-02 4.922524475359635722e-04
-5.137519822520859175e-02 3.283636600062015201e-04
-5.120720914598193840e-02 8.937741778320669548e-04
-5.088500855596708727e-02 2.490561340978860025e-04
-4.821537382633694913e-02 2.361225846696871089e-04
-4.740538132997473841e-02 4.158304059959430903e-04
-4.734444133089846241e-02 3.619334915097718397e-04
-4.709701278599455476e-02 2.702322725980301648e-04
-4.707859807778431993e-02 2.682680498201297386e-04
-4.693225349171228911e-02 3.578250047318723751e-04
-4.661612301861608326e-02 2.822458295169823716e-04
-4.646115831632270654e-02 3.074117636085837014e-04
-4.617525602928869433e-02 2.900603254548085271e-04
-4.612383160355128936e-02 2.935230336463917860e-04
-4.463138116120596299e-02 2.498781972907827592e-04
-4.430490457670267085e-02 2.479653893920118007e-04
-4.425445753694279283e-02 2.494561240381982289e-04
-4.411842661564872176e-02 2.594605349098505031e-04
-4.382254624657464653e-02 2.666834272823872414e-04
-4.370545522350229029e-02 2.782931319448054912e-04
-4.348785595594469033e-02 2.119711633554514875e-04
-4.338957830493354179e-02 3.338862101045851865e-04
-4.330509386234380337e-02 3.267230313685952846e-04
-4.282843591126291732e-02 5.660714256518307530e-04
-4.223977945062836609e-02 3.070731561449442973e-04
-4.208037046369372119e-02 2.976783469531326786e-04
-4.195155731286659417e-02 2.478549317052376353e-04
-4.191636850970831274e-02 2.717206218805437857e-04
-4.162578805977215635e-02 4.916712232508096058e-04
-4.147482904734461212e-02 2.533646874738709168e-04
-4.142732868176441513e-02 3.285283920411449050e-04
-4.132249309458661118e-02 2.749056517249783851e-04
-4.099596348309229865e-02 1.828061913011287849e-04
-4.056223454361499586e-02 3.407220723154896509e-04
-4.041986057377171260e-02 2.471901604980899126e-04
-4.019236564692826169e-02 4.422839420008267556e-04
-4.011795489259448177e-02 3.836845460348326051e-04
-3.947792995656473902e-02 2.139201968736561968e-04
-3.941467444624819488e-02 2.119125358082011928e-04
-3.913462680181957476e-02 2.798372518458154263e-04
-3.897167820858597059e-02 3.408498009408835513e-04
-3.819304617765163085e-02 3.355284124758891955e-04
-3.770612372727467909e-02 3.159546515337472187e-04
-3.762025026413686607e-02 2.911989532727683391e-04
-3.628181852523146289e-02 3.739199459486248329e-04
-3.610429532880226472e-02 3.843117839280125927e-04
-3.551771246036317109e-02 2.751310526436987727e-04
-3.521966975758857726e-02 2.319290458343693079e-04
-3.476965649537836628e-02 3.615621032194896558e-04
-3.447225896421515084e-02 3.840105328516059966e-04
-3.397429175845947252e-02 2.912828696816017657e-04
-3.354914986779877067e-02 2.348205077586818391e-04
-3.232084081046238122e-02 2.639006369554149165e-04
-3.204761752057944113e-02 2.604173488963738522e-04
-3.178018344458748146e-02 3.492794800493301765e-04
-3.142618758575810994e-02 3.111529240800500339e-04
-3.132418239250747000e-02 4.342983207510045410e-04
-3.131666151437296347e-02 3.699509018696215388e-04
-3.038586392079603571e-02 2.285749277777312117e-04
-3.025621053659792448e-02 2.152101323481132031e-04
-2.993145563404329274e-02 2.155551279333887960e-04
-2.960859218704122581e-02 6.500158353431941287e-04
-2.866979398099071125e-02 2.549346698250565951e-04
-2.864416294639935551e-02 2.669838380064030276e-04
-2.854541702721137900e-02 3.251405811279976864e-04
-2.802628058761580040e-02 2.972580458171555223e-04
-2.765835727939450206e-02 3.417976724059584078e-04
-2.663237950877932886e-02 2.101460866148204898e-04
-2.536807383258300047e-02 3.156328223084266900e-04
-2.504223356938903994e-02 3.104175500035876020e-04
-2.461601419490590595e-02 4.448860415658797756e-04
-2.430324696332912190e-02 2.933722704372698775e-04
-2.387318746749131013e-02 2.837217217632698272e-04
-2.377843319805503924e-02 2.293677668792618496e-04
-2.360206687554517943e-02 2.673084843305561392e-04
-2.318665852702801386e-02 2.367248815217385858e-04
-2.285849934626563162e-02 5.319330513171804898e-04
-2.279681508010763386e-02 6.091626680683836061e-04
-2.260174015784276874e-02 2.862264578873714043e-04
-2.217579467154423209e-02 2.558530265986164892e-04
-2.211345691908937067e-02 3.111533829469132146e-04
-2.209548182079388440e-02 2.369615909778053720e-04
-2.199021541908448632e-02 3.396281815394886503e-04
-2.176556590263994603e-02 2.971108045540774467e-04
-2.167283587859701599e-02 4.674849611630753983e-04
-2.093633186922407713e-02 3.776325101324545948e-04
-1.948126945326839402e-02 2.332334484621151078e-04
-1.928215824763024333e-02 2.959095807970239344e-04
-1.889814798916927482e-02 2.718714292189850878e-04
-1.790713792746437966e-02 3.820614795579633269e-04
-1.749202330496521865e-02 3.027106979317583735e-04
-1.692651233048775641e-02 2.709695656975481316e-04
-1.671629900581844339e-02 4.251603904489980050e-04
-1.660509680272008112e-02 3.112100235596477462e-04
-1.639073512213327227e-02 3.023479151250563104e-04
-1.635003549373138104e-02 2.603912222749731747e-04
-1.622119481990364279e-02 3.439674421158708047e-04
-1.607187082886041632e-02 3.299005013763926016e-04
-1.585138176028816348e-02 2.482717313830165367e-04
-1.569854279596411342e-02 3.393384683598629466e-04
-1.540628165201350999e-02 2.655082295718593725e-04
-1.490171587648019512e-02 2.786898846505028509e-04
-1.465864796496108881e-02 4.286245311753753939e-04
-1.446440809424570650e-02 3.390086600089940358e-04
-1.429018436806812030e-02 3.295103315243469639e-04
-1.364739639236089465e-02 4.179824530890761968e-04
-1.319134152811252125e-02 3.991665170120423968e-04
-1.285749007929060279e-02 2.950986777424948696e-04
-1.231655005177319587e-02 6.886139780580603515e-04
-1.198267821464260932e-02 2.659923797113144172e-04
-1.187925897666602601e-02 2.747605072496336594e-04
-1.156349982428536531e-02 4.019012362283715806e-04
-1.134042246124824550e-02 4.344319707791629366e-04
-1.118834832752474417e-02 3.288475552212075559e-04
-1.084046608751210519e-02 2.556474273534519565e-04
-1.055949301831955733e-02 3.027168089234848571e-04
-1.047452539347580591e-02 2.648171355153576523e-04
-9.847788373526945166e-03 3.068781872881548318e-04
-9.467167624397802850e-03 2.887581145062906415e-04
-9.216263545151129680e-03 2.579748534475103695e-04
-8.245297593906769640e-03 3.056064934176348628e-04
-7.169386951744577928e-03 3.035800418724012885e-04
-5.984814018036732457e-03 2.511646367960948686e-04
-5.943563182195768686e-03 2.176774855759466625e-04
-4.869167699279432736e-03 3.042713004574964489e-04
-3.693927349612531261e-03 2.826606065305052986e-04
-3.370381953169863769e-03 3.515831862705670434e-04
-3.203754401792634383e-03 2.596805296946560647e-04
-2.628274216171315545e-03 2.861649299394960610e-04
-2.342953166136392453e-03 2.072827703689909416e-04
-1.696131886401163217e-03 3.035054881743989917e-04
-1.486952735748522806e-03 2.491076839672835656e-04
2.274080219242806573e-04 2.371133624369704416e-04
2.461189622132409736e-04 2.765452136383837333e-04
3.235155001512919864e-04 2.299068770007434473e-04
3.608225509633977441e-04 2.866170660711412038e-04
5.571548189224820443e-04 3.161432860037450047e-04
2.076307629507851121e-03 2.216760814459203170e-04
2.123942643080628436e-03 8.554438807971573256e-04
2.417550911947493296e-03 2.123583533105140395e-04
2.425188955000216490e-03 2.724762365153488757e-04
2.622779606977005979e-03 3.891675089784869574e-04
3.047113309022401583e-03 2.744037475091318993e-04
3.083371594803182951e-03 3.320449666873248953e-04
3.133058020013701830e-03 2.869336211420013983e-04
3.518106343956005182e-03 3.806280812685892316e-04
3.622788313538715874e-03 5.137656560947201226e-04
3.976306587461454246e-03 3.709169383397410290e-04
3.988488523347358608e-03 2.355774809286538866e-04
4.299735156493086560e-03 3.686346149009337813e-04
5.898341633755928466e-03 2.552966101180906690e-04
5.920658774403369205e-03 2.160549265015163512e-04
6.299273870195879962e-03 2.488174497417871330e-04
6.600573328800997050e-03 3.631634538067205604e-04
6.840272385518896860e-03 3.274332266975294218e-04
6.942768353912747402e-03 2.532716727243877601e-04
7.843777549122849316e-03 2.734974475275046791e-04
8.154867213426036932e-03 2.851134337979301732e-04
8.661706643041611198e-03 2.223045959612297113e-04
9.293425716685455029e-03 2.946551029648247669e-04
9.707137178842762879e-03 3.272252312219619858e-04
1.006863027635825254e-02 2.485814045342859494e-04
1.073636259210136897e-02 2.708293287729635979e-04
1.101335481927240637e-02 3.276595694177552990e-04
1.139286497309315027e-02 2.833158598300733726e-04
1.184494966938744176e-02 2.056738001668904502e-04
1.236359005310485627e-02 2.318059732958567727e-04
1.401630239390910110e-02 2.929101081817088296e-04
1.439219972757378556e-02 2.562378491228377774e-04
1.440242987444577058e-02 3.890901339279059052e-04
1.451573245158129140e-02 2.276064108206764030e-04
1.456677061225872087e-02 2.652948740081959608e-04
1.521867519457941430e-02 2.715370566685932382e-04
1.584884168643027613e-02 2.964859272964393195e-04
1.593234286814942252e-02 3.107262250893273780e-04
1.614811351406794659e-02 2.661561070436366814e-04
1.633177973734763547e-02 2.483372121266112027e-04
1.655038761915532744e-02 2.333550857922609681e-04
1.658472245116546576e-02 3.398049029917185907e-04
1.693490512319026711e-02 5.423137648484340411e-04
1.694212529263253511e-02 2.600450776114813503e-04
1.730020461239839893e-02 4.140123037131784737e-04
1.774421028812917314e-02 3.482586595757202115e-04
1.779755965552727928e-02 6.164246238400321147e-04
1.818338392472555742e-02 4.128897153159230820e-04
1.870631321119960166e-02 2.628827675036933932e-04
1.960637797232006943e-02 2.815615886254816866e-04
2.016497887491797841e-02 2.980101340507715964e-04
2.025523746965677066e-02 3.282058299165618300e-04
2.039192833288627077e-02 2.998333458304478297e-04
2.052499820857214829e-02 4.172908768186513878e-04
2.113610788905946961e-02 2.823318764507550481e-04
2.154488456747595537e-02 3.050229262687920357e-04
2.212701366216965684e-02 2.298859074960651232e-04
2.213127536296226328e-02 2.463173935096166223e-04
2.273670941472684046e-02 2.816258039278986183e-04
2.285170983179268811e-02 3.764601358444160761e-04
2.288903438270176519e-02 2.935177584221787127e-04
2.324683945688319278e-02 3.459503370618500898e-04
2.359912815926679119e-02 4.224770920134615615e-04
2.422471903880774394e-02 2.982801656036169710e-04
2.720579661352887091e-02 3.495114623177600788e-04
2.773256761924362476e-02 4.231260704325961845e-04
2.909439422118095808e-02 5.283545701991152225e-04
2.919188462869235293e-02 3.800534907050198458e-04
2.923500854844294713e-02 3.133333133182840272e-04
2.955974344717992794e-02 2.832916681638378655e-04
2.964149036532663650e-02 3.007615898569749799e-04
2.972331974298106014e-02 3.910598229768777511e-04
3.003301396357265646e-02 4.005040501851264939e-04
3.013347230392809245e-02 3.266841576992660177e-04
3.112489620880946536e-02 2.655505338088955006e-04
3.117575103465455508e-02 3.458949777761042427e-04
3.137143544020105229e-02 2.737640804610221934e-04
3.158092311832087773e-02 2.472083635947955565e-04
3.191399349309727990e-02 2.744564972412658109e-04
3.356326025980095606e-02 3.524669020742351977e-04
3.368463612890684050e-02 2.629309511128112629e-04
3.394421217496720877e-02 3.009249019227408593e-04
3.399533595532674979e-02 4.000164512313350118e-04
3.414732952141498468e-02 4.434479187045073508e-04
3.422541605105354490e-02 2.172814324719217678e-04
3.481789834177573262e-02 2.885151165288381584e-04
3.598823932589283875e-02 4.639987469394541613e-04
3.599366079738020724e-02 3.080401543200512971e-04
3.636239456332739789e-02 3.266630387556905915e-04
3.720400091797772951e-02 3.242606545136481836e-04
3.728155946887269645e-02 3.287603946137208129e-04
4.024816768784972298e-02 3.715429297343420196e-04
4.065091724185262989e-02 3.631748166669133103e-04
4.208741008198760986e-02 2.537040609163264491e-04
4.317474684254292427e-02 2.328852817997823519e-04
4.433449297638580866e-02 5.678746429555206433e-04
4.434058681186314743e-02 3.464904555112484829e-04
4.459065007903991601e-02 3.147784327780665174e-04
4.462106420573965643e-02 3.092388946105226882e-04
4.492003492538212267e-02 4.119401433220092252e-04
4.539047734244065074e-02 5.005339404299364529e-04
4.539656520276390966e-02 2.602653220669191164e-04
4.576637635622633066e-02 3.178351904074118244e-04
4.611314536070950515e-02 3.033924419673461148e-04
4.696176126916716542e-02 2.908258474991435444e-04
4.724289300161127469e-02 2.249673218311297148e-04
4.724963854650151424e-02 3.247776297122579757e-04
4.749421941102939526e-02 2.117528073191902061e-04
4.809383135066393894e-02 2.749240424893834977e-04
4.829511258034987348e-02 2.675210368981454571e-04
4.847227647441946369e-02 2.412490593365949573e-04
4.856071247286786186e-02 2.712684008920982371e-04
5.013830150102317751e-02 2.399474164276848274e-04
5.033284373570848930e-02 5.148821247835810725e-04
5.086015430860289094e-02 2.974140383224864828e-04
5.121557059638628950e-02 2.926347365186458263e-04
5.169832604326890513e-02 3.040988303416254147e-04
5.205785051603090130e-02 2.876349857532720772e-04
5.208232073252107991e-02 2.808426695288715859e-04
5.256819617296099034e-02 2.505322040238271088e-04
5.332290512828381096e-02 3.356410983802793672e-04
5.375386030276885913e-02 2.374655251157020783e-04
5.459127550711966731e-02 3.596350491275394066e-04
5.473857040718799888e-02 3.051964312531033605e-04
5.506427178054457139e-02 2.783338112339628920e-04
5.523652609555148446e-02 3.048972202290351949e-04
5.574090623608657369e-02 5.118371986490275784e-04
5.575369849492090718e-02 5.678053110436607738e-04
5.589384835934069207e-02 1.982533788192211504e-04
5.620148758457629151e-02 2.108411669682841926e-04
5.622688452752377941e-02 2.435681083883931464e-04
5.636198576338356803e-02 2.962515278895647771e-04
5.666309798009808163e-02 2.581746792212917443e-04
5.697548355366367084e-02 2.389866894740535390e-04
5.735823275439955182e-02 2.674802039548904728e-04
5.742388887281423687e-02 2.468762060924989551e-04
5.761869011060072321e-02 2.523636439888257222e-04
5.788609679186348250e-02 2.699873213381136857e-04
5.825136489331968204e-02 2.582698951861659613e-04
5.841827148041610351e-02 2.152325902232646196e-04
5.858467794576369819e-02 2.398103844933480177e-04
5.901596406151041196e-02 2.284130991774201928e-04
5.914409488212400007e-02 3.707452248367835925e-04
5.981369225991177430e-02 2.937220057739571089e-04
5.999746639768759743e-02 2.824289798084104455e-04
6.053280504769550929e-02 3.465021550461911608e-04
6.076881885217334106e-02 4.553263430293147352e-04
6.083069133163748754e-02 5.281016572435593857e-04
6.174003294706151973e-02 3.854613903767147606e-04
6.184574236398650282e-02 8.087722541944885116e-04
6.206484495122911726e-02 3.268254346011884135e-04
6.229231863705276401e-02 2.950987153059588734e-04
6.264833889011295343e-02 2.837787854426023892e-04
6.277371576958906685e-02 2.732978883457485068e-04
6.299841755796960208e-02 2.432491673060952896e-04
6.302315329482423290e-02 2.937130496580860994e-04
6.304320960573217558e-02 3.783552972016405547e-04
6.320762771391874590e-02 2.035131258844214319e-04
6.425046918572169252e-02 2.928927161027091407e-04
6.440021477966265118e-02 3.164069579784257861e-04
6.611883903889630154e-02 2.672238213624401112e-04
6.690423463810560301e-02 3.517778157560710406e-04
6.704638010446770102e-02 2.983695714836472317e-04
6.730956692677730890e-02 2.446957927696196051e-04
6.731390840883630378e-02 2.659420317689463833e-04
6.835413926942024432e-02 3.017132441940369018e-04
6.868468626919961573e-02 3.182580647016124771e-04
6.877207326150522326e-02 3.306965193982536882e-04
6.878191807654039647e-02 2.480787509470567002e-04
6.887224848597593707e-02 2.536309510603493669e-04
7.021424717127029702e-02 3.330275733337420899e-04
7.024224179619502351e-02 2.523157867803734085e-04
7.039591683543090783e-02 3.062065417690360480e-04
7.057845670968286578e-02 2.730580489925877783e-04
7.100298670823612657e-02 6.832938404011371005e-04
7.170257046109469734e-02 2.508394038484329275e-04
7.185315229256199199e-02 3.278965063197319019e-04
7.383771124100323158e-02 2.268814120229236037e-04
7.440659691378145868e-02 2.144540877722082742e-04
7.491266195514491300e-02 3.725607191598095816e-04
7.688619438177581034e-02 2.037017421432378214e-04
7.720355897273059598e-02 2.404318967497579083e-04
7.816019347563346598e-02 2.742518492622304598e-04
7.902743531104541863e-02 3.256688964829198402e-04
7.969804817259681928e-02 2.538094019787209485e-04
7.976165970575289921e-02 2.235192025310443027e-04
7.978254646741332612e-02 2.452213747173442328e-04
8.060901707885589906e-02 3.927574322363740602e-04
8.064109882558298525e-02 2.410003751615364428e-04
8.136087600697791689e-02 2.840072790081916792e-04
8.138943138402347788e-02 3.324839583829072766e-04
8.143639956673208447e-02 2.962240940008787921e-04
8.261505900205209918e-02 2.086176503875843905e-04
8.263893169241808001e-02 2.317835940599048922e-04
8.267973102007836195e-02 2.532058060128229444e-04
8.356363980362709054e-02 2.615465934311365123e-04
8.371221384655183617e-02 2.467009611435960065e-04
8.420758135439490588e-02 2.610747587186883277e-04
8.461005603138944953e-02 2.773918612859460880e-04
8.478642644122462435e-02 2.611684427014231993e-04
8.548543162362441661e-02 3.184163656388278854e-04
8.572765244748820068e-02 2.781738764725871565e-04
8.576910039125804075e-02 2.163931881649169158e-04
8.630075619868626813e-02 3.248215772419477490e-04
8.700426876536029863e-02 1.970992353714305753e-04
8.765667734073780137e-02 2.355118567930617802e-04
8.785187776979387630e-02 2.803440134290190438e-04
8.809125543106781364e-02 3.173738852798176861e-04
8.835162290745643410e-02 2.265763805135980412e-04
8.892022821964189194e-02 3.244407601669900684e-04
8.893848094961451234e-02 2.970559954395541984e-04
8.898876044605612268e-02 6.459419286283444965e-04
8.934604475090937581e-02 2.292705365991450062e-04
9.041169029354759190e-02 3.178470525290637348e-04
9.058516993988971477e-02 2.548559961218700059e-04
9.060344384744430102e-02 3.479538868984918430e-04
9.115519291578159933e-02 4.949071055774518883e-04
9.121690104897973994e-02 3.649621429882606428e-04
9.155799886293790324e-02 2.367479289242118182e-04
9.170056766136482074e-02 2.520624124489383926e-04
9.206431011157852062e-02 2.568364950362719357e-04
9.243603550044124373e-02 3.225194890343024805e-04
9.252514694176743049e-02 2.394750396110641914e-04
9.260466686850320206e-02 2.058366672333295812e-04
9.289000191917244631e-02 3.917858835301156776e-04
9.349747671747302147e-02 2.702390471298776633e-04
9.427255079075644306e-02 2.901585821955593903e-04
9.464518737637334089e-02 3.242553317143827057e-04
9.466802396704623868e-02 3.840651844005571643e-04
9.485891369974813747e-02 2.971078939350018278e-04
9.497861349195417524e-02 3.202688653351711033e-04
9.531146414023003444e-02 5.640766415938597983e-04
9.539864763937470904e-02 2.728242705703186072e-04
9.586563695133619445e-02 3.453938945700695418e-04
9.630717803499799778e-02 2.760541691184630183e-04
9.640796804849385837e-02 2.003121351659665973e-04
9.675209039972545999e-02 2.698052578953223082e-04
9.770600829574771495e-02 3.296299446536661202e-04
9.777405342983454262e-02 2.436179203879817394e-04
9.795210387503358596e-02 2.435388211499456594e-04
9.875911723123889652e-02 3.016981125145198200e-04
9.925487319629514027e-02 3.890824593143744708e-04
9.931947172905740417e-02 2.590292921653587223e-04
9.947359802893673830e-02 3.022045995599521775e-04
1.001091972837864080e-01 2.016677413743520107e-04
1.012665203166238370e-01 2.636498981295717675e-04
1.014546731305828314e-01 2.661089942147954867e-04
1.016418278858962909e-01 3.796179640085714361e-04
1.022266656683313013e-01 2.297098935534389291e-04
1.022628976207592549e-01 2.502707809442185545e-04
1.034254809876607173e-01 2.318578151614848889e-04
1.036257020213378066e-01 2.887634524410388303e-04
1.037940193900552949e-01 3.387916956679406415e-04
1.044105361939377252e-01 2.557438576443986497e-04
1.051328755696620681e-01 2.808889153519596735e-04
1.064767932953161605e-01 3.375771823824673477e-04
1.071934909890927129e-01 2.894266433855150747e-04
1.072964337576771260e-01 2.537933506460449563e-04
1.075006772622628393e-01 2.463169062547323411e-04
1.078566396140296230e-01 2.462970404295056399e-04
1.079274802785955140e-01 2.466822279444334776e-04
1.080689138784314135e-01 2.141058023645675524e-04
1.082310470002383895e-01 2.393188385221466574e-04
1.082698539243260177e-01 3.356256936659622755e-04
1.086783063186108067e-01 3.281016879350929735e-04
1.093735183748739265e-01 2.180810921182966752e-04
1.098325018696183625e-01 3.363896357376999313e-04
1.099709219044465863e-01 2.881304614953759794e-04
1.099926080602234568e-01 3.026949488096476563e-04
1.103995317738449278e-01 3.665337600566979134e-04
1.104634694680897977e-01 2.599972294843549514e-04
1.107582018948601588e-01 2.412076242700994370e-04
1.109119115583260401e-01 3.279700081706392605e-04
1.111235054549568751e-01 3.419729283728341319e-04
1.111473382519121006e-01 3.381148663829223089e-04
1.114980801449689668e-01 2.881529062791948802e-04
1.115499121272186811e-01 2.970709456238508975e-04
1.119059112806195799e-01 2.024083727586495265e-04
1.122045725955373163e-01 3.623280218494393358e-04
1.124835245960029428e-01 2.503301604871927596e-04
1.127232406337117104e-01 3.080488603606500761e-04
1.139967732064370159e-01 3.719374975795972354e-04
1.147756684676017047e-01 2.215453684905723864e-04
1.150937858600767222e-01 3.287716560097038074e-04
1.154492620016093068e-01 1.981821218751988513e-04
1.155376077664403006e-01 2.718087197464507635e-04
1.155376238209292750e-01 2.768357667291849859e-04
1.161438811695855305e-01 2.576963792779779147e-04
1.161888057401058716e-01 5.511500290037063716e-04
1.162898830667272038e-01 4.103082800596505623e-04
1.168769640622280143e-01 2.390412936513606915e-04
1.181128708013190615e-01 2.987597524659318525e-04
1.184139295036144707e-01 2.335302689266698279e-04
1.206458268601890704e-01 3.816874059350572356e-04
1.212433901106945572e-01 3.073054522027111077e-04
1.216701291439977739e-01 2.282957127907378600e-04
1.220647610626044710e-01 2.950097549108474234e-04
1.221050848747307904e-01 2.680103501264032972e-04
1.226665040589064171e-01 2.582461807821376395e-04
1.229228645163371741e-01 2.079525139308837614e-04
1.231966093165517140e-01 2.185216477995572456e-04
1.236445192740275728e-01 2.772149888513939626e-04
1.237751295662064266e-01 3.359864134021687035e-04
1.246292250540269181e-01 3.024508531901348675e-04
1.247037627749375127e-01 4.602694401947157146e-04
1.247084215162670151e-01 2.370443639504380133e-04
1.252382323730797109e-01 4.702006671709044508e-04
1.254139295505135032e-01 3.286263434108144276e-04
1.256332115175055886e-01 2.740832269241653290e-04
1.262521963868953323e-01 2.993881279476245960e-04
1.266607833785161341e-01 2.803082032835913493e-04
1.270343546579049687e-01 2.901711665720459079e-04
1.273540791090368440e-01 2.836926088728259038e-04
1.283502274701903978e-01 3.639594166900763403e-04
1.290594533511529585e-01 2.758797838806610440e-04
1.297134442804855070e-01 2.272802921115278435e-04
1.300623386018831262e-01 2.748939504504466030e-04
1.304266230992449649e-01 2.723229338297428344e-04
1.311786621808817555e-01 2.373555936607335754e-04
1.312349231259627158e-01 2.511436235844740467e-04
1.314318278986693622e-01 2.182673190405667407e-04
1.327722722529974253e-01 2.463468157656476215e-04
1.330376937706255758e-01 2.509804659240635850e-04
1.330616219998478622e-01 2.454818373013939936e-04
1.334197587842124721e-01 3.548780009378815943e-04
1.341358061606733321e-01 3.231957398774526783e-04
1.342359375117724296e-01 3.290807475650918477e-04
1.344045363837083895e-01 3.130928357053770284e-04
1.344815214919139468e-01 2.771597950893094618e-04
1.347972010268980725e-01 2.841837095654712393e-04
1.351794343878513494e-01 3.859746616259519705e-04
1.352686942984629437e-01 3.823691901777294378e-04
1.352905692993838505e-01 2.809285633802369978e-04
1.353571149659444639e-01 2.405247037843792342e-04
1.358465390841831211e-01 2.594673789409807953e-04
1.367442357018901489e-01 2.920254176197052123e-04
1.369333375914284223e-01 2.879379120626864345e-04
1.376983907242274041e-01 3.105336641682842702e-04
1.379847770763278358e-01 2.429282652148298635e-04
1.381324790725256546e-01 2.233190433764745933e-04
1.382520484596493349e-01 3.350624209094928726e-04
1.383950728009726849e-01 3.004508301553964226e-04
1.386833066508401380e-01 3.163624494824127066e-04
1.396121998130795683e-01 2.074094718139273701e-04
1.404611677554107041e-01 3.639798520423696078e-04
1.409211239880098776e-01 3.205344291790464999e-04
1.412268547278369146e-01 2.994680206266127766e-04
1.413652647519010597e-01 1.991000408238468677e-04
1.414054628949371339e-01 2.902151470822874561e-04
1.414964821487562918e-01 2.890422910749890239e-04
1.415297627099695588e-01 2.927847788387531280e-04
1.418283620858584448e-01 2.487138118517706132e-04
1.424024908929782118e-01 2.615630683827417733e-04
1.426878312682894057e-01 2.847991765344225733e-04
1.432620106039536045e-01 2.355910621792380781e-04
1.436015961795182039e-01 2.293067459946938641e-04
1.444102956365549417e-01 5.537378086265803013e-04
1.444440900730506738e-01 2.792087840569015171e-04
1.447972552233999233e-01 2.720967418987032703e-04
1.448330441377744526e-01 2.306665253732854883e-04
1.449824189283928921e-01 3.163781534631831594e-04
1.453439270390220195e-01 2.377430231734541533e-04
1.455768043278378998e-01 2.513241317685627305e-04
1.457087140852131590e-01 2.797306307845568644e-04
1.463645105243625844e-01 2.308611501153763309e-04
1.467712808432275751e-01 5.134567575265978987e-04
1.469148544604897688e-01 2.121492666022392723e-04
1.474367940494277496e-01 3.989304728892545328e-04
1.476302182506649963e-01 2.524571269234396798e-04
1.476463816251915584e-01 3.397847064288047605e-04
1.480010161216262221e-01 3.807656317502758759e-04
1.483932540255636923e-01 2.087090244636504626e-04
1.487861596294129674e-01 2.461405145584671223e-04
1.490610483452577406e-01 2.092731374142495757e-04
1.491988597410883188e-01 2.239349707277103600e-04
1.497236337099343839e-01 2.023437116760774010e-04
1.499485954567478241e-01 3.012720740579588738e-04
1.511908985824648444e-01 3.511509152119290803e-04
1.516688844553244209e-01 2.449986996578909374e-04
1.519849595175175039e-01 3.067575418272854080e-04
1.528235431421187951e-01 3.380498766173451624e-04
1.532531816124378388e-01 2.173775733437191971e-04
1.536160175931098604e-01 3.723720881369994265e-04
1.540667653674452353e-01 3.195383860905373239e-04
1.540817533176948584e-01 2.060025229072406710e-04
1.544106321117153791e-01 2.982957954892631819e-04
1.545632855052035959e-01 4.207228578192116070e-04
1.548747810541498127e-01 2.243658700173660090e-04
1.552488211238586546e-01 2.818551286701216131e-04
1.556470924180306248e-01 2.855604337984435880e-04
1.559740019777731412e-01 3.710532966027086884e-04
1.577902962827249511e-01 2.716802097742852373e-04
1.581038919704197687e-01 3.248953066087048006e-04
1.583033009107444045e-01 4.118346644222149202e-04
1.586026013716618777e-01 2.825437300623246761e-04
1.587519592029536519e-01 2.812537835719495930e-04
1.597369088556162275e-01 3.543934909736927929e-04
1.598902004378253139e-01 3.910874104620534839e-04
1.602467738717262558e-01 2.997843040368543830e-04
1.606050888640015439e-01 5.778195148379114843e-04
1.622677820404222482e-01 2.817386070565700701e-04
1.629169347492884501e-01 4.368236503128054794e-04
1.640527780942322988e-01 3.327300112366627987e-04
1.649802475342702357e-01 2.764562704637840837e-04
1.655019878973458258e-01 3.393348047269128197e-04
1.658057184697458719e-01 4.040377981976952713e-04
1.659826322289409684e-01 2.368718424795370771e-04
1.661937549598918318e-01 2.814927202062477156e-04
1.663275751267820901e-01 2.413897247166515742e-04
1.665247734446974881e-01 2.778449532710090234e-04
1.668225230356732702e-01 2.342916005986576370e-04
1.675175460074328215e-01 2.590700959540520208e-04
1.681871029027684483e-01 3.220607160755322470e-04
1.702147840084676234e-01 3.378395062102135466e-04
1.705810439625123076e-01 3.044542547152954146e-04
1.706971842239714265e-01 2.176224504501914135e-04
1.707975835965231393e-01 3.255747114229628819e-04
1.717071739408013720e-01 3.808033983698074442e-04
1.721805500676171219e-01 3.118525344752210208e-04
1.736602412915311533e-01 2.592884701139602809e-04
1.738603681474018281e-01 2.795636144487639841e-04
1.740355308617860530e-01 4.178105063410459817e-04
1.740361999897381273e-01 2.542986392254303700e-04
1.751736013194416519e-01 3.202654720890374287e-04
1.755883493309021992e-01 2.980743354986884613e-04
1.757131583480703862e-01 4.061466312058673836e-04
1.757953079742621272e-01 2.565265401603789128e-04
1.764636971577950852e-01 2.940359875350582845e-04
1.772021948600112640e-01 2.385418592455067687e-04
1.773108841361844823e-01 2.636918847840202806e-04
1.775298003508881395e-01 1.892594906313354707e-04
1.785227716602513781e-01 2.603270534360794305e-04
1.788037658979257927e-01 2.698998948392917888e-04
1.791611635017416881e-01 2.431993314678117626e-04
1.796531254353785634e-01 2.157478806505190539e-04
1.798613028063710262e-01 2.516961301571260003e-04
1.809988431556030231e-01 2.192402801685143325e-04
1.811786418466418414e-01 3.046415062598093826e-04
1.812214061628448225e-01 2.244500150942423512e-04
1.818746349301434140e-01 4.094218282690399247e-04
1.818915044024859151e-01 2.742014552826216203e-04
1.827443674349022162e-01 2.264973877573738274e-04
1.829000202536793518e-01 3.460898384850681067e-04
1.834762661410783147e-01 2.777692545328912677e-04
1.836064672355919858e-01 2.351382242942259035e-04
1.836399298275313285e-01 2.488002300809593064e-04
1.838880293461100102e-01 2.932547658345198319e-04
1.842535982052864174e-01 3.001905732155937898e-04
1.842760976397343764e-01 3.024499311048700623e-04
1.844046274492733561e-01 2.328960372703618329e-04
1.845482410412264129e-01 2.855579919255060110e-04
1.852240693013421646e-01 2.284790639493506086e-04
1.859901864822257056e-01 3.269256920678847078e-04
1.863267467776854591e-01 4.544871456417365189e-04
1.864002604623806458e-01 2.173587437812313358e-04
1.864594483237467237e-01 6.066260989739853410e-04
1.870492989241740456e-01 2.624771376943035514e-04
1.872294632180332152e-01 2.887253826688528612e-04
1.875676651042511855e-01 2.745434363433178456e-04
1.878109590240196747e-01 2.631233385070590072e-04
1.887978389765451182e-01 2.643549113845162601e-04
1.906776796077216396e-01 2.837063340330606490e-04
1.906813930104784283e-01 2.149088829435160536e-04
1.908546124889571594e-01 2.899449124902580915e-04
1.913860959108004411e-01 5.019651163724038424e-04
1.921057658946475066e-01 4.530181356917826986e-04
1.923530088900755608e-01 2.665514522917953959e-04
1.928722901710376580e-01 2.725392042799425988e-04
1.932087440948440926e-01 2.458920375480633962e-04
1.933529373429144493e-01 1.970298524334312561e-04
1.941134332785981742e-01 2.699936895701645885e-04
1.941179042003592370e-01 2.750615391623350051e-04
1.941435785735580455e-01 3.078642305435309672e-04
1.942701285924336441e-01 3.367735707754343586e-04
1.946639974509764004e-01 3.557896019184150316e-04
1.946770706223811542e-01 2.363972907516037082e-04
1.952397988594533340e-01 2.164769848259995375e-04
1.958610009699918997e-01 2.798071590813424724e-04
1.962308417250285819e-01 7.790135064275041567e-04
1.966627611772344686e-01 3.135575038620427532e-04
1.978145478239976829e-01 3.100040136322301733e-04
1.982136861306235676e-01 2.651637906009909331e-04
1.983879311117379973e-01 3.515917869754688974e-04
1.984814973165404395e-01 2.769753399227736280e-04
1.989398792939307270e-01 2.462343374739929384e-04
1.993578322374309209e-01 2.138399723015398828e-04
1.993622987866517926e-01 2.517156465497135732e-04
1.994975066448657353e-01 2.767432164379392159e-04
1.995664648387769635e-01 3.166765639962739473e-04
2.005221258763165704e-01 5.930429435515329178e-04
2.010865165805046928e-01 3.255680227273434284e-04
2.014357575670010225e-01 2.192082064659624967e-04
2.015813426843044709e-01 2.205336699117476545e-04
2.018205270452707034e-01 2.530120819060371787e-04
2.021602105421203832e-01 3.123207336375762987e-04
2.024748011962938243e-01 2.952238280416378093e-04
2.026835125996593323e-01 4.261853313431463743e-04
2.029035265858822601e-01 4.741565033081139818e-04
2.035920412485606179e-01 2.357314873076582929e-04
2.045666835934065730e-01 2.600738495081717492e-04
2.052541345699277486e-01 5.593497536218850581e-04
2.060983009346271100e-01 2.412020607650958756e-04
2.062370644052033408e-01 2.283295866324909723e-04
2.066482383455233163e-01 2.574612424461814107e-04
2.087686544056681359e-01 2.225372868799568296e-04
2.088563105301342038e-01 2.269457305808781733e-04
2.089957251001434979e-01 2.749756795514822537e-04
2.098744289129292062e-01 2.196008553041027957e-04
2.099817349997344651e-01 1.958725537822683714e-04
2.100091047085082541e-01 8.129867104034025791e-04
2.101947950747700133e-01 2.242044468865325637e-04
2.109072359284926979e-01 3.111584454280157249e-04
2.110053170978674897e-01 2.383289129148430851e-04
2.110579901342160558e-01 2.301937607031694652e-04
2.111993354030720915e-01 4.249297392185499215e-04
2.116166315167510581e-01 2.295113924971097972e-04
2.117618356040008865e-01 2.723541525041191301e-04
2.118880556809800697e-01 2.499951539130548621e-04
2.120551143358525292e-01 2.603492552852930647e-04
2.123829812470076350e-01 3.421138266671286941e-04
2.129161501057765526e-01 4.609281970020927418e-04
2.129230853680987856e-01 4.696605237368898481e-04
2.129404995143498736e-01 3.034543944589683496e-04
2.130907727867419610e-01 2.456556197035100839e-04
2.131204681264875500e-01 2.621577557167534484e-04
2.135131189198889723e-01 6.364307311055818943e-04
2.135328843857441650e-01 2.099921319905295541e-04
2.135975489384678849e-01 3.157316976548859319e-04
2.138372422207997225e-01 3.176805698757649392e-04
2.150065747940863581e-01 3.562134628747160134e-04
2.151232869144698856e-01 1.936677585490682179e-04
2.151417211461249257e-01 2.396108455297830616e-04
2.152520590351852670e-01 2.498434347792540759e-04
2.153366451496662171e-01 2.243375916528921965e-04
2.160594712215253843e-01 2.378233171721840953e-04
2.160999469354090707e-01 3.385702487677663209e-04
2.171562483793808007e-01 2.434652563980543459e-04
2.171728940605926195e-01 2.364701375295927125e-04
2.171962858157634457e-01 1.949039372101329470e-04
2.176102540413595576e-01 2.948054443590343034e-04
2.177537624283508444e-01 2.625793697543135196e-04
2.179581478918438675e-01 3.084325528767656679e-04
2.185202343962169003e-01 2.203456502064267777e-04
2.187141833172273064e-01 4.614044443235216630e-04
2.194817960974905224e-01 2.236089485033372647e-04
2.204534846066303344e-01 2.592533556556394668e-04
2.205961159921172032e-01 3.243243652306874569e-04
2.206051479331410936e-01 3.392273765481597283e-04
2.207230010281368004e-01 2.487928110510517440e-04
2.215071473577300554e-01 2.512394359731550363e-04
2.215356184901100811e-01 2.229818337520229595e-04
2.218781667273710401e-01 2.301401605476582457e-04
2.234592376383389700e-01 1.897145443162710722e-04
2.236433710543104247e-01 2.512795238112191490e-04
2.253782989953146965e-01 2.775680274225488333e-04
2.265351702391933952e-01 2.693615854516596703e-04
2.270766219971232791e-01 2.389047006838067809e-04
2.273636990359173271e-01 2.510286840796607387e-04
2.277097251202675754e-01 2.346019375096171377e-04
2.281421628781976074e-01 2.121502430783061611e-04
2.285214179234975329e-01 2.294431304827777591e-04
2.288271202887187938e-01 2.710248329748615845e-04
2.288570899250401691e-01 3.357421885234206549e-04
2.290684171471919217e-01 3.906663446238159919e-04
2.292728728187766463e-01 2.871918194219388941e-04
2.295550540135989082e-01 2.329931160496139528e-04
2.295599182507725988e-01 2.251256419471781510e-04
2.299182745664115624e-01 2.028630977741227679e-04
2.300367470225595512e-01 2.943754812454878363e-04
2.304993013984691086e-01 2.446997851693019405e-04
2.314644194279176781e-01 3.009247355403482952e-04
2.322501238695402759e-01 3.425819683671222802e-04
2.333074555658362359e-01 2.560303902165284961e-04
2.336755019444250459e-01 2.258894867626974287e-04
2.337495442250964173e-01 2.493768419699132158e-04
2.353274112384258765e-01 2.415896058760960729e-04
2.353835656166551604e-01 3.199576752843158239e-04
2.354658066976023090e-01 2.567744141669770592e-04
2.356781486286128602e-01 2.276671208728195937e-04
2.358502446450298218e-01 2.511082071732407975e-04
2.359214887309359909e-01 2.468694646406173064e-04
2.359328141338681017e-01 1.857766188232637817e-04
2.361669613970511228e-01 2.229672524324898637e-04
2.367925671335074367e-01 2.625214007536188100e-04
2.369443390428800089e-01 2.664798903380364995e-04
2.369950510248701459e-01 2.135686569142250014e-04
2.373170183631148622e-01 2.802100199999099607e-04
2.375576408181371002e-01 3.364124260197359989e-04
2.375725221916864249e-01 3.122023785510792942e-04
2.382112782855013988e-01 2.594858182500474710e-04
2.382371343393654139e-01 3.000008056226057093e-04
2.386629965630639172e-01 2.533629329505529982e-04
2.389016834446232029e-01 2.102187855605845441e-04
2.391647293431505006e-01 2.394453684538217831e-04
2.393769009754526389e-01 3.540956744424655976e-04
2.396044335110489309e-01 2.292326984682876328e-04
2.406898133396631889e-01 2.423289013554239077e-04
2.408316237894655709e-01 2.504420628926262455e-04
2.409128088549061519e-01 2.689555916446369579e-04
2.410877829100159242e-01 2.533384637109860381e-04
2.411546892332271930e-01 3.400965286878818486e-04
2.414327996695524725e-01 2.607297202700656672e-04
2.414874799235390002e-01 2.630662402894482291e-04
2.420160160838928654e-01 2.181729675243639956e-04
2.423465541477140828e-01 2.013827652384120293e-04
2.423745120420027488e-01 2.721800338707456310e-04
2.429714948928030915e-01 2.388404565829354783e-04
2.436415260845216368e-01 3.143795135885992680e-04
2.438506419342794107e-01 2.148619493458218184e-04
2.441820556622019134e-01 2.693988384773103270e-04
2.442058952749992795e-01 2.249244511412116989e-04
2.444427147381766086e-01 2.253626171561684023e-04
2.448190311107484030e-01 2.384802161436422438e-04
2.449855512271851832e-01 3.001217988972830529e-04
2.451044769420143987e-01 1.977492209159308870e-04
2.456059662430269130e-01 2.132343266021881367e-04
2.461422082348495577e-01 2.087368004047859089e-04
2.463294166165287402e-01 2.690283340920252985e-04
2.464893363565608120e-01 2.640445319715146988e-04
2.465066885812537689e-01 2.433347363910715998e-04
2.470937899962231954e-01 3.130628621172963535e-04
2.479535010579577148e-01 4.144916820081788944e-04
2.479847643412647074e-01 2.455082967865871357e-04
2.482844649192821884e-01 2.197351970391437997e-04
2.494015813423443861e-01 2.684040240727528790e-04
2.504896159575086823e-01 2.013832129752848887e-04
2.509534526096018903e-01 2.514852142417802632e-04
2.514768520262916085e-01 2.220071906352202331e-04
2.526203288612544062e-01 2.512901846704913432e-04
2.527097203857741059e-01 2.569568307471257378e-04
2.529217029919104687e-01 2.096114545834150010e-04
2.536557528975713072e-01 2.111387292417360993e-04
2.539139917607547425e-01 2.431615946518270047e-04
2.546054675368346065e-01 1.804899201371322178e-04
2.546591355604352902e-01 2.229800913781829436e-04
2.546613360710984209e-01 3.219989154368409039e-04
2.548513661426444754e-01 2.682909361631955424e-04
2.551733661685130494e-01 3.877723341992617297e-04
2.553884395763947324e-01 2.419129072820960205e-04
2.559389439264603827e-01 2.472974571414184161e-04
2.574626525254297138e-01 2.999970325028825276e-04
2.578687109477834083e-01 2.588570836421335620e-04
2.579027560732058411e-01 2.207171240053780632e-04
2.581902921576013088e-01 3.902725675173592717e-04
2.583657299756325632e-01 2.855402015093974730e-04
2.586585515395365964e-01 2.501874366652799661e-04
2.589333400218333803e-01 3.781566927396910120e-04
2.590112395365154474e-01 3.184580111246894190e-04
2.592101181993853309e-01 2.063342138371218582e-04
2.602454138521979043e-01 3.566404865357650461e-04
2.602854357730678414e-01 2.961297029947996986e-04
2.607401827327223698e-01 2.423373066411889701e-04
2.611750451368900494e-01 2.229940832556603816e-04
2.613972190706369547e-01 3.474384999876332079e-04
2.615801447046423034e-01 2.662227502415601610e-04
2.616740277985813434e-01 2.163500000736367081e-04
2.620889961570074811e-01 3.107551942247403103e-04
2.623185011333810102e-01 3.787409882750361026e-04
2.624899564480479008e-01 3.308389018226965631e-04
2.630396771072446294e-01 5.071189611617282029e-04
2.641566395006391121e-01 2.747572609922021192e-04
2.651365238757100173e-01 2.401586055161659624e-04
2.652455962218575602e-01 2.315737482768773909e-04
2.656252830497839446e-01 2.475184052062868838e-04
2.656456543461502839e-01 2.607420017552472113e-04
2.663748753497330868e-01 3.329689971318482828e-04
2.664640634812033282e-01 2.128367606007560634e-04
2.664954927513565885e-01 2.049233147221589542e-04
2.667488656327530183e-01 2.528504069032931709e-04
2.670801304710907487e-01 2.029762329410742016e-04
2.675956171696325936e-01 2.968178865270739201e-04
2.677670051487064384e-01 2.133064622320076547e-04
2.680279763200307253e-01 2.665979929975633897e-04
2.683904100327101361e-01 2.878802686524414541e-04
2.686495625012710886e-01 2.345937902029563544e-04
2.689997019309144921e-01 2.091473625063038327e-04
2.690061415146937640e-01 2.050659225606562761e-04
2.690184348198245701e-01 2.809774314063953247e-04
2.690890906010569017e-01 3.622212780090940175e-04
2.706602244957676540e-01 2.158944783229333755e-04
2.710919395307770374e-01 2.339775490729911886e-04
2.711907254839213133e-01 6.134251270369775249e-04
2.714551166352120459e-01 2.999825343079739657e-04
2.716818684963100416e-01 3.588649379544164180e-04
2.738249633648224823e-01 2.155070210764947248e-04
2.741534269828717618e-01 2.724871652217529137e-04
2.743595631333367035e-01 2.203175381186893227e-04
2.750423573977200942e-01 2.449760830235176877e-04
2.751995633558670940e-01 2.246243932637169839e-04
2.765518255395028047e-01 4.062299195024612897e-04
2.776285118911686611e-01 2.930001293676567442e-04
2.780610274123487269e-01 2.674604537926143430e-04
2.785396409922927252e-01 3.201721594342318454e-04
2.786686165342424082e-01 2.572825430521124006e-04
2.789930257610677145e-01 3.659607668419441375e-04
2.793710100540145458e-01 2.297449904954094752e-04
2.800472298620796940e-01 3.048332988077972583e-04
2.804468607964105131e-01 3.190889264272942860e-04
2.807408591036794077e-01 3.092896556704358320e-04
2.817745879006057774e-01 2.331215461681517540e-04
2.831974873736116116e-01 1.802219674808289249e-04
2.833229895365246276e-01 2.029018994894640738e-04
2.835045798366586101e-01 2.298260431422778139e-04
2.846432112414070681e-01 2.286860456512665386e-04
2.848700796671914670e-01 2.415498528799257826e-04
2.853088447937591199e-01 3.748997940682258765e-04
2.853268202767626494e-01 2.692186274446399692e-04
2.858726489337322096e-01 3.844762255380919152e-04
2.858855247357575124e-01 2.456055148796765773e-04
2.861166110135157647e-01 3.425517194765021053e-04
2.861245194733508246e-01 2.382693316251348694e-04
2.863476978221560221e-01 2.265290221970814658e-04
2.863619711129571366e-01 3.229735700969609035e-04
2.869680186951080736e-01 2.216119092245338819e-04
2.870008478325343781e-01 2.678396293933120670e-04
2.871061014264014721e-01 2.418710095317192204e-04
2.874200210180266057e-01 3.086110026055687320e-04
2.875687915803353811e-01 2.110633861095098651e-04
2.877944879128492839e-01 3.942925933342645585e-04
2.883626218698914223e-01 2.462907761585876251e-04
2.894434262567367466e-01 2.516771277616004082e-04
2.897469323653452111e-01 2.042822981336678387e-04
2.903039452226226502e-01 3.583228056743707540e-04
2.918842757344656258e-01 2.247528538848138141e-04
2.928083402950689695e-01 2.635481109515406574e-04
2.930622999317271105e-01 2.820394972409153139e-04
2.943973654978905841e-01 3.157016268525601938e-04
2.953338720764733250e-01 2.099840288416686645e-04
2.953436948804657458e-01 3.168787360931244802e-04
2.967226587611884181e-01 2.444915703951560759e-04
2.971582084615129737e-01 2.191564232097613710e-04
2.974434433219313445e-01 2.149340194172467673e-04
2.979183467583595979e-01 3.006669436558024764e-04
2.986402415603938154e-01 7.489017267833186992e-04
2.987895102277535186e-01 1.897143949979885344e-04
2.989423774956720958e-01 2.317961209501396484e-04
2.990443707229567538e-01 2.676644639892403980e-04
2.992626531644367871e-01 1.822942836188738290e-04
2.999434770097886838e-01 2.232001379204233773e-04
3.005535118940925732e-01 5.090201462137245066e-04
3.006992005038638394e-01 2.814885484893799852e-04
3.007102513257067788e-01 2.093043246626590892e-04
3.011802535463375396e-01 1.759750182110028638e-04
3.013452617056464056e-01 2.160809465085156123e-04
3.018498825870847835e-01 2.537949106280489356e-04
3.018936757497368006e-01 3.134596130096187422e-04
3.019113626370724668e-01 2.939490604363036944e-04
3.020205217996909108e-01 1.915910374723024309e-04
3.023711948774567837e-01 2.072761928215805058e-04
3.024056843115977555e-01 2.162748654781689191e-04
3.024818150431025088e-01 2.182269132036733733e-04
3.027926085008078028e-01 3.942162820059813598e-04
3.030788862395255578e-01 1.958477316834542732e-04
3.033640723696503505e-01 2.067880827830196559e-04
3.037671973894751076e-01 2.179243359070650850e-04
3.040199925807949288e-01 2.097996876586480841e-04
3.044353199690793543e-01 3.525783458427436418e-04
3.044466841931799395e-01 2.717825058507117764e-04
3.046603860328250812e-01 2.102202903500780765e-04
3.050305971470045341e-01 2.059247149507021724e-04
3.052717882065492105e-01 2.184501926732518892e-04
3.056377501893221549e-01 2.316193594044112540e-04
3.059064882988845047e-01 2.321086783571008462e-04
3.060561795728258261e-01 1.965305438993662909e-04
3.080935155590773800e-01 2.857693364459475529e-04
3.081798087146842002e-01 2.714098550538863270e-04
3.085796363699593869e-01 2.649532217604791840e-04
3.089370142348941140e-01 1.952582650037404345e-04
3.092224324524933121e-01 2.317016202339312544e-04
3.093469150777837795e-01 2.760679392166751479e-04
3.096959847542455901e-01 2.209213753170996455e-04
3.097841981843396653e-01 1.806258764641058680e-04
3.099208138207171226e-01 2.285275748371288411e-04
3.102515408795545326e-01 4.265298325284801097e-04
3.104391152676281296e-01 2.242256839130960390e-04
3.107227733504137057e-01 2.460418244457993476e-04
3.108526595585419661e-01 2.837070934737694278e-04
3.109315270526011865e-01 2.691234051678547973e-04
3.111691098688723067e-01 3.668116059273000156e-04
3.116856498611041970e-01 2.201537615340358413e-04
3.117963191471852524e-01 2.777298122775704518e-04
3.121172546418233273e-01 2.734344662021079763e-04
3.144766825814215294e-01 2.830307973127788208e-04
3.147345598738874317e-01 2.496895594705990677e-04
3.148424578850698707e-01 2.586023481173321901e-04
3.152337930297451352e-01 2.912442196827801240e-04
3.154241632613123958e-01 2.125235027729438541e-04
3.156152730074429646e-01 2.648727067622633322e-04
3.157818791332180353e-01 2.796210540331546036e-04
3.173216085949375209e-01 2.904838469745588646e-04
3.178354681711077490e-01 2.368869534537673628e-04
3.184496042305766106e-01 1.666270170009705393e-04
3.184864797899858435e-01 2.807171518846914991e-04
3.189571949604646517e-01 2.915758300892048647e-04
3.190180859805783475e-01 3.198700134078400360e-04
3.193778847796294174e-01 3.163668591142658926e-04
3.197186117548667106e-01 2.413780689276485199e-04
3.197955772850232248e-01 2.203692308441427281e-04
3.208574461669750910e-01 1.804734787990560719e-04
3.214422145612080839e-01 2.357690030179030783e-04
3.214713027088691999e-01 1.594463176486135938e-04
3.216426519735474110e-01 2.174733385882777321e-04
3.218699278522001994e-01 2.214848717679350845e-04
3.223124379094916003e-01 2.231698809584499379e-04
3.227764955501303268e-01 2.330603075751089856e-04
3.229365048745848066e-01 4.690313306903725623e-04
3.230842799691601708e-01 1.949429413467061831e-04
3.234269236272479531e-01 2.544926266352800582e-04
3.241467589160227369e-01 2.657074577044043887e-04
3.247627814788047740e-01 3.545361841497476105e-04
3.250027931172823070e-01 2.808474828520770910e-04
3.252070213998453085e-01 2.272288718252508813e-04
3.252841681694197407e-01 2.507989122549851959e-04
3.257936848956140552e-01 2.475425776562292291e-04
3.260850245330951802e-01 2.505830830228752732e-04
3.262525945891515677e-01 2.335612655389123328e-04
3.266302249101070143e-01 2.223104112663510301e-04
3.274321756770295355e-01 3.849306354281840990e-04
3.277922978184468761e-01 2.271273213699073930e-04
3.279153506414257402e-01 2.113726496209829102e-04
3.282030480893655122e-01 2.318019882292496922e-04
3.282421139478293171e-01 1.808584811838710911e-04
3.282976452246443300e-01 2.577431504423947093e-04
3.284694240022963396e-01 1.915645598562535853e-04
3.285730038415112242e-01 2.187506714345005597e-04
3.291861698285033500e-01 2.127978854847556716e-04
3.292207328606736594e-01 2.355330004578686702e-04
3.300742177715453862e-01 2.685291282405348804e-04
3.304597783408508294e-01 2.847522600335586915e-04
3.309064561296006235e-01 2.943093338773388932e-04
3.311360373454500516e-01 3.799402234179509669e-04
3.314063593956718679e-01 1.866031434126131402e-04
3.323762062270048667e-01 2.744333109782325108e-04
3.329339727070470545e-01 2.269642620643646657e-04
3.332970108756510563e-01 2.679298615095113286e-04
3.334333482302877516e-01 2.297685302745355309e-04
3.334872706246796437e-01 1.954797568825727332e-04
3.338017130800940424e-01 2.152237901280449782e-04
3.338380018854245623e-01 2.089724725926496429e-04
3.338588358738697748e-01 2.928294158624217399e-04
3.339225489569406236e-01 2.517735866546643581e-04
3.349977285009287375e-01 2.173609727002185949e-04
3.351238797756486698e-01 2.498164452639389278e-04
3.367939585526864010e-01 3.618127952354578724e-04
3.369360090333358149e-01 3.252231338776459210e-04
3.371782758828229531e-01 1.912974785100852288e-04
3.390701235808702974e-01 2.144839627977398490e-04
3.391195811410032124e-01 4.436303708963738142e-04
3.391388092704588075e-01 3.144125076714702084e-04
3.397159936529442481e-01 1.957608703144635999e-04
3.403134609777383468e-01 2.149667225503379495e-04
3.405469655798408213e-01 1.655433984152447082e-04
3.406193842184424558e-01 3.132155688725843357e-04
3.412265431954424888e-01 2.126748105165265522e-04
3.416011420147500588e-01 2.047211141901738847e-04
3.421529536645318559e-01 3.429368163522071447e-04
3.430547781638458860e-01 2.374221168925084134e-04
3.431005950204735755e-01 2.344039738318291126e-04
3.435040993525472208e-01 2.422152195713578109e-04
3.438378105050736711e-01 1.983041192104600839e-04
3.439405069388496994e-01 2.005095052322801940e-04
3.440533018967845136e-01 1.861789847015110915e-04
3.444316603063256044e-01 2.406481976682363702e-04
3.445466708316496929e-01 2.091843421681137568e-04
3.447691961271813765e-01 1.712120197138738845e-04
3.451510968622273912e-01 2.057133917331369229e-04
3.453547711661495989e-01 1.661258682467718823e-04
3.459151530058159341e-01 2.278008190423986082e-04
3.459160700992910398e-01 1.983985709542212324e-04
3.470079710107477067e-01 3.990894765811913271e-04
3.474354744357821545e-01 7.063557646324785180e-04
3.476484195667273180e-01 3.844771522528416126e-04
3.479283941775829225e-01 2.644238482090098237e-04
3.479912199561606134e-01 2.125745904718025442e-04
3.482696316908003298e-01 2.502799118870945418e-04
3.488660506060877742e-01 2.337971714380812042e-04
3.488864400260309195e-01 2.153288925125779315e-04
3.489833790511932543e-01 2.076209431740637737e-04
3.490977552376063886e-01 2.584956384496838247e-04
3.500867775351239053e-01 2.211445678719677879e-04
3.503747126607416607e-01 2.098693634222115743e-04
3.513036765913716830e-01 2.342361080704153536e-04
3.513359243991450165e-01 1.884142923281767500e-04
3.518372250855265060e-01 1.694053551611944216e-04
3.524697629606459159e-01 2.282030170655271703e-04
3.525655406594795371e-01 1.973802461734572810e-04
3.525883300887460159e-01 2.514597246005806472e-04
3.526973428250744780e-01 2.059086776946978390e-04
3.529059331314813308e-01 2.242702099879340159e-04
3.531634266859746685e-01 2.391005217373057680e-04
3.534472415759882802e-01 2.862935482212236441e-04
3.545178200602275842e-01 1.833259950379067496e-04
3.545293535552068165e-01 2.155586520491578845e-04
3.548761947365056679e-01 2.722170508593231542e-04
3.549515223618552318e-01 1.993488828374104791e-04
3.551146484497010869e-01 2.216387172665133765e-04
3.554668795978671580e-01 2.174932231669349366e-04
3.555298545555293788e-01 3.866804262069719819e-04
3.568123853747973695e-01 1.950909901459647346e-04
3.569137299946061881e-01 2.405040963456914888e-04
3.569625209903261043e-01 2.100129800587257516e-04
3.570215106405435490e-01 1.882005280647087617e-04
3.570303595188839552e-01 2.011629602690770467e-04
3.574839052995549826e-01 1.833260112864208398e-04
3.575603650154174917e-01 1.808378553716720829e-04
3.577027532003928534e-01 2.055005054170714837e-04
3.579623238493453985e-01 2.039928581148402610e-04
3.581093695691807688e-01 2.231771309479687172e-04
3.582911735384970986e-01 2.680977484993454221e-04
3.587046033763512387e-01 2.323489726410369444e-04
3.589934290572230902e-01 3.509817286979946787e-04
3.590158021215175133e-01 2.816876894382925093e-04
3.596000323548970146e-01 2.421521231208262326e-04
3.598382768060262027e-01 2.167096519319177263e-04
3.601853780594902465e-01 2.075893051084196160e-04
3.618880480130636235e-01 1.703974120830436612e-04
3.620772138802776374e-01 1.915392610491890846e-04
3.620966857316261223e-01 2.481433710404388647e-04
3.623488024238307181e-01 2.904483444751453027e-04
3.628736096514284526e-01 1.974478204517337958e-04
3.630170123451735287e-01 1.913469547453411162e-04
3.630325411186049456e-01 2.455515738376964300e-04
3.631629230164968303e-01 2.475921296418366916e-04
3.634283801018834970e-01 2.628951478478594125e-04
3.639284767878699922e-01 1.944893087962724617e-04
3.642461780872069399e-01 2.029993327565720110e-04
3.646055569081311232e-01 3.261633518274474662e-04
3.655584040379634692e-01 2.025727571019305035e-04
3.655592586596744242e-01 2.268249941809862154e-04
3.656559846238841005e-01 1.759925254304302083e-04
3.657277225212980931e-01 2.188347225248802295e-04
3.662981414210386144e-01 3.579203565179536295e-04
3.663336082553558248e-01 2.413647333895134678e-04
3.674795460314714268e-01 2.196739470854636113e-04
3.675855096793315124e-01 1.892120315978708216e-04
3.679379115348475060e-01 2.327174406317202536e-04
3.694533953841766527e-01 3.158506897120232321e-04
3.696100985836639485e-01 2.343739635419105798e-04
3.701033732087912753e-01 2.303123633297171559e-04
3.702888495175077899e-01 5.063895670844904698e-04
3.704475472191900431e-01 2.051478502857949858e-04
3.713986333938389395e-01 2.931766357385108524e-04
3.720383427958685596e-01 2.605895507880027530e-04
3.722241858739432363e-01 2.435412416245474692e-04
3.733340856863809898e-01 2.359899192098510918e-04
3.742881566369146151e-01 1.825889706115215426e-04
3.750807069716342590e-01 2.134345470793834801e-04
3.756726469068065177e-01 2.492019492632415812e-04
3.757061493116064521e-01 1.748544693033346681e-04
3.758255598274619080e-01 2.492532819173455950e-04
3.761298929808251645e-01 2.668246080002203524e-04
3.762331205260940892e-01 4.088634249586929961e-04
3.776440872950291849e-01 2.301687274765610832e-04
3.777590276312428608e-01 2.888818033559510451e-04
3.779163621185564481e-01 1.785408017888273700e-04
3.779590830799576251e-01 2.042212634200994898e-04
3.785186398566548482e-01 1.873184760944839706e-04
3.785733248358285619e-01 1.966429743702022986e-04
3.789620471811178115e-01 2.599876655922802281e-04
3.793227561553340066e-01 2.396768075460049472e-04
3.794102396217240436e-01 2.867660326104899226e-04
3.802640333454512800e-01 2.044811308633575134e-04
3.810287445765034309e-01 1.618587171977294763e-04
3.810990148138470035e-01 2.196242513189419993e-04
3.820679186222972756e-01 2.185222775167648776e-04
3.822204476231757519e-01 2.903158442504217163e-04
3.825806848736654775e-01 2.108659166513236879e-04
3.828407129180115276e-01 2.038572848165178333e-04
3.830729260132084146e-01 2.810776079276379371e-04
3.830843551580848105e-01 2.149028014740907589e-04
3.832624517654724672e-01 1.582435850527212716e-04
3.850355809447839062e-01 3.016097516610159192e-04
3.857531156645074288e-01 2.453326746511024143e-04
3.857924559143230958e-01 2.159264805787950402e-04
3.864226684674918477e-01 7.248584045628448042e-04
3.866855023791622159e-01 2.804354390331607319e-04
3.867020899642166221e-01 1.416935979227981334e-04
3.871263171374638712e-01 2.810198188349959298e-04
3.883702058721134609e-01 2.159666879046643825e-04
3.889968474731097525e-01 1.942876810464565533e-04
3.891457989900530268e-01 2.339776243504606678e-04
3.895805616509033231e-01 1.896849079071802314e-04
3.896028629926435172e-01 1.983592683899827399e-04
3.896432787461820424e-01 2.029919513592319752e-04
3.897172149570448663e-01 2.765638136898223502e-04
3.898931028272729638e-01 3.263064872555897743e-04
3.900909432363198759e-01 2.227904280412101694e-04
3.915000119841584580e-01 3.184190786017025818e-04
3.915328802164408928e-01 2.669868407040130055e-04
3.915818690033164295e-01 3.069825445591628683e-04
3.918475653512784040e-01 1.907631999072340663e-04
3.919479199348389065e-01 2.120215465655098737e-04
3.928798905367001382e-01 2.801408184227407766e-04
3.928833398175774483e-01 2.900021275063171698e-04
3.929951493892051007e-01 2.182411238968756553e-04
3.933146162844353144e-01 2.023468409877745677e-04
3.938301829389277975e-01 3.792315706153761320e-04
3.942837036777134818e-01 1.470953211568237372e-04
3.950595857306523073e-01 1.713896447682124353e-04
3.956248709246718009e-01 1.913527463773281271e-04
3.956480954542868633e-01 2.372462443928019060e-04
3.968693751863274222e-01 1.836229592530164677e-04
3.971590389566566626e-01 1.502068350066274049e-04
3.971914455591653570e-01 1.792167657807976059e-04
3.979414582841803161e-01 2.143090439319031296e-04
3.979889902614160424e-01 2.292767360504747119e-04
3.981632188556644136e-01 2.092089975195323141e-04
4.013307279106312353e-01 2.189959634921896366e-04
4.019187467805577785e-01 1.747624129150209601e-04
4.021618290401612894e-01 1.748271250178660800e-04
4.022539945029801611e-01 3.387910183248771679e-04
4.022900781766603484e-01 1.499966761174645650e-04
4.023842552254836558e-01 2.511447254639247932e-04
4.024831414450203981e-01 2.315231160957654329e-04
4.025683545155886445e-01 1.859370483290253575e-04
4.037551043974028087e-01 1.893232803319390076e-04
4.038460128196391108e-01 2.181140815819032532e-04
4.039505565467202963e-01 1.707281817502894156e-04
4.051721886354707758e-01 4.517208350373792141e-04
4.059843968835886163e-01 2.664524464077088969e-04
4.060467671333416462e-01 1.531303443549099765e-04
4.060820515687711407e-01 2.341699993437452076e-04
4.063611898204899653e-01 2.430961486247562109e-04
4.070797410630010993e-01 1.838251253213535916e-04
4.075681618448974142e-01 1.906313077316629852e-04
4.082340010201747638e-01 1.881598278799987930e-04
4.089667452745720522e-01 2.229914998227476369e-04
4.092062014016291105e-01 1.737282460839872000e-04
4.092549866156092730e-01 2.271140734549251337e-04
4.095179960782739936e-01 2.322946517227257222e-04
4.096831921674686239e-01 2.091789080212569211e-04
4.099994477450207286e-01 2.077446900295941412e-04
4.104306135299124469e-01 1.665718747937350243e-04
4.106080171064998563e-01 1.495981516308617836e-04
4.115947468533890929e-01 2.257775299834323878e-04
4.118303623611120345e-01 2.323395536818793157e-04
4.129112131943916686e-01 2.034527616235396429e-04
4.138363897434069738e-01 2.377983755294532935e-04
4.142006607426574893e-01 2.320042909363602727e-04
4.146236059120271822e-01 2.179942669134694898e-04
4.148812546186024797e-01 2.271401005505674353e-04
4.151966340268745670e-01 2.106139262174355233e-04
4.153517149102264883e-01 2.000530915242397696e-04
4.155846350378676890e-01 1.764949877321703273e-04
4.160056236741230817e-01 1.817596317007558649e-04
4.165430973193784414e-01 1.915565354206061604e-04
4.170534816049364935e-01 1.912992720646607299e-04
4.171735976273093227e-01 1.608412233078184176e-04
4.174189321591892932e-01 1.635705349284784465e-04
4.181681323570359821e-01 2.724711167057616325e-04
4.190161616866294181e-01 4.612782698320403623e-04
4.191258255920965459e-01 1.909324625797216189e-04
4.195669692932005868e-01 2.050213239620883305e-04
4.199195375816960341e-01 4.401345149742606744e-04
4.199426599881947442e-01 1.752123435278195014e-04
4.204030541896780493e-01 3.120608930186491176e-04
4.205960934049685629e-01 1.873240759044673064e-04
4.216384558145628847e-01 2.196894543733497534e-04
4.218928164412145132e-01 1.816871680237582747e-04
4.219069867678948982e-01 1.630592468549719684e-04
4.224766403800644943e-01 2.372607506709073944e-04
4.227485597888696600e-01 2.627179326855646167e-04
4.228509511616347361e-01 2.367804383267493201e-04
4.229843131421462399e-01 1.932447266317007407e-04
4.236579820009708230e-01 2.035040498390563253e-04
4.240648973056455606e-01 1.738348727922498394e-04
4.246624403262462266e-01 1.468200395530027801e-04
4.252406986228959296e-01 2.018865251588019682e-04
4.258175481754532532e-01 2.037044664949835382e-04
4.263683379798363093e-01 2.925714353082647370e-04
4.266832238499141949e-01 1.960715705990259553e-04
4.269407095788148032e-01 2.388664738934317521e-04
4.270212186485464745e-01 2.160310261277274423e-04
4.279003423991587507e-01 2.636030146378972347e-04
4.280356638644861600e-01 1.871690857597055400e-04
4.282583508371147207e-01 2.084227125136122296e-04
4.283554710013049438e-01 1.690726471530709424e-04
4.285157828223773446e-01 2.037020242550089939e-04
4.293881452067906390e-01 2.159754604332029084e-04
4.302197570480956190e-01 1.958362373485655927e-04
4.304197945798046154e-01 1.883735751155384247e-04
4.305718067526429493e-01 1.690817391483885894e-04
4.310029852986650423e-01 2.663033096211900297e-04
4.314094833787313066e-01 1.930598949412817356e-04
4.315957845387463077e-01 1.989787093376442777e-04
4.318038839319750521e-01 2.354360535337398871e-04
4.321812247397711082e-01 1.584247811019241618e-04
4.322191772320183589e-01 1.722913768163074669e-04
4.323489309913371437e-01 2.236556853857586853e-04
4.323821850578057346e-01 2.007497870535065814e-04
4.324204209332314641e-01 2.215114448989861690e-04
4.335292455235178477e-01 2.295899378272398710e-04
4.340804275127591039e-01 2.252853986913097117e-04
4.343985676956556574e-01 2.077597669621132994e-04
4.344806410774479377e-01 2.393844708749523216e-04
4.354314478496242313e-01 3.275465871720574062e-04
4.357318798536778393e-01 1.609497969116195052e-04
4.359599283256473390e-01 1.711322810814269605e-04
4.359884236824085879e-01 2.282346766687857933e-04
4.359976381891775832e-01 2.117989062433175518e-04
4.363416364839259320e-01 1.611974532732043659e-04
4.368945163349235439e-01 1.812434170337625706e-04
4.369211340006041722e-01 1.966010028462891735e-04
4.376582601542279849e-01 2.031834774953601827e-04
4.381141119280483887e-01 1.577385451674383600e-04
4.382161262411679026e-01 2.376286383417086569e-04
4.384940915681984630e-01 1.985995225563659766e-04
4.385143868451695237e-01 2.059630237955362402e-04
4.389646492801729805e-01 1.729193752862491279e-04
4.392133345565257252e-01 2.144475605147137603e-04
4.393140626109262592e-01 1.671110147063411590e-04
4.394512712210909000e-01 1.661211360889249910e-04
4.397389717447948154e-01 2.829747036415695624e-04
4.406053784193042500e-01 1.727361053501718041e-04
4.407315373707585415e-01 2.544073006937051839e-04
4.408081618059117024e-01 1.698441189175634546e-04
4.408275786416631647e-01 2.097613812722953514e-04
4.428967013470043179e-01 2.954757422082337419e-04
4.430008194834252899e-01 1.948030568907760916e-04
4.432276660476226482e-01 1.906264923583628754e-04
4.433808557028579012e-01 1.640797641064033934e-04
4.435572250901026470e-01 2.152021539024119232e-04
4.441733431730695014e-01 2.269383952027420473e-04
4.442669119742027606e-01 1.904953557699493060e-04
4.446498036747368876e-01 2.797269742128423399e-04
4.454890100195729175e-01 2.060716317500630964e-04
4.460464106218665070e-01 2.082619103700152432e-04
4.461201372646725338e-01 1.931684675626053503e-04
4.464743758739641022e-01 1.757024149745382586e-04
4.472751246102407152e-01 1.998245354045012005e-04
4.478628548264783071e-01 2.256919276207066522e-04
4.482681091467782264e-01 1.737207234884298750e-04
4.484517822117295438e-01 2.117264189547847628e-04
4.484789012521626650e-01 1.674142622777467012e-04
4.491588180100715699e-01 1.767226331936657194e-04
4.498209009026071237e-01 1.486754155734609198e-04
4.506089668468739040e-01 2.466683341500027155e-04
4.511736467428915653e-01 2.449047676832675938e-04
4.517925155331481979e-01 1.810131851380989939e-04
4.521751470313073451e-01 2.235744348396383478e-04
4.525490013991604332e-01 2.534522595471138209e-04
4.526116859999937958e-01 2.300341032521988917e-04
4.530457581816589863e-01 2.049032651557972887e-04
4.532738160491915358e-01 2.009859296027471974e-04
4.535026264958564313e-01 1.600551892945786944e-04
4.541879577755305042e-01 2.185778483841586245e-04
4.554785191674199929e-01 1.902399458194509499e-04
4.558576354311096313e-01 1.934127330932754402e-04
4.560383923807426187e-01 1.889015002762393523e-04
4.563334652815236869e-01 1.975717415035143070e-04
4.569092204821320058e-01 2.152772558944169765e-04
4.569557923826013668e-01 1.705729392523214736e-04
4.576244786109270324e-01 2.100769476117655174e-04
4.576913650910767184e-01 2.400350429311498611e-04
4.579912616840348116e-01 3.229384183055431889e-04
4.582746554002217754e-01 1.709541735924536882e-04
4.587113206889715245e-01 1.469789961328685213e-04
4.595775828570282662e-01 2.093180491227854061e-04
4.603153882590530488e-01 2.370674904707455459e-04
4.603721482611510263e-01 2.850607387128394456e-04
4.609128215675356022e-01 2.167581682879470277e-04
4.609285909395983150e-01 1.703161817728032171e-04
4.614716506698492426e-01 1.472990650749025931e-04
4.615251635559337595e-01 1.668906720034309522e-04
4.622032011505063931e-01 2.575413402271873177e-04
4.623344213919839407e-01 1.828458411983109068e-04
4.648742332792270560e-01 1.668426605362025570e-04
4.657999567982309963e-01 2.180370113983655139e-04
4.658228834036537425e-01 3.064942770849150540e-04
4.659906774414829256e-01 1.887774580169154358e-04
4.666992046184975651e-01 1.858993243787535434e-04
4.667498667947136415e-01 2.058230725972947641e-04
4.676265990750235746e-01 1.643088127004464359e-04
4.680777957564851155e-01 1.706955124725292340e-04
4.683892146345037810e-01 2.075737311635374974e-04
4.687996096438712956e-01 1.665175242034361975e-04
4.689037586781335532e-01 1.202589213775180909e-04
4.689498571737781840e-01 2.332374171840099022e-04
4.689773466850135630e-01 1.800809831308687039e-04
4.697566750603627272e-01 1.841408751942685742e-04
4.700751473795513058e-01 1.695422612925276374e-04
4.701311000471175006e-01 2.301196505014520310e-04
4.706408880560361552e-01 1.856514155350808741e-04
4.711539721517222779e-01 2.633592541355824889e-04
4.714470550601072008e-01 2.379690844864852835e-04
4.721917985949872221e-01 1.340551757373045403e-04
4.722008816952644739e-01 1.719737973778344572e-04
4.737517718244016462e-01 1.735219386967608052e-04
4.737565134348987184e-01 1.673385626204591217e-04
4.739828569909610989e-01 1.465758438917287934e-04
4.744306562812580785e-01 2.200127356263749802e-04
4.750869720519699246e-01 2.423223714993623075e-04
4.753796578839162290e-01 1.730777485495523904e-04
4.754575122857508940e-01 1.724740343852138491e-04
4.756895074730815853e-01 3.890287030586407949e-04
4.770391137069979193e-01 1.921562152286510582e-04
4.772120480494203565e-01 1.500932983508699572e-04
4.774400275020798667e-01 1.779639957357290084e-04
4.775767802706025189e-01 2.284787130161042789e-04
4.777997209097592513e-01 1.625902265757090412e-04
4.782251954431077090e-01 1.896455772495686792e-04
4.786075125748401882e-01 1.724228621064988025e-04
4.786380331690481826e-01 2.251088426290332671e-04
4.789988379990818279e-01 1.616694751831480111e-04
4.813825851792816191e-01 2.448527440033413500e-04
4.817496697675219819e-01 2.270257678184722165e-04
4.831695327439777254e-01 1.775091708931209543e-04
4.835441357253396633e-01 1.825211872184145955e-04
4.837944212819122458e-01 1.645566569716195226e-04
4.854310990780889568e-01 2.011350561709887227e-04
4.859897317378297221e-01 2.522161633890191508e-04
4.867423071398702672e-01 1.315830690722225276e-04
4.879267060750024365e-01 2.282015802800159659e-04
4.879998483476734039e-01 1.688018277039405961e-04
4.881393744166974691e-01 2.625408414011935277e-04
4.884754823143112046e-01 2.814801673669272515e-04
4.885435723785828133e-01 1.363971590463559079e-04
4.887802761761601000e-01 1.973865811652379199e-04
4.888903709928933417e-01 2.494561339233452375e-04
4.889507033792190871e-01 1.635612160350413116e-04
4.893949934620001607e-01 2.882811581236134190e-04
4.899451623199790884e-01 1.672603877562289212e-04
4.900388296122444864e-01 2.221095260881402660e-04
4.902007035135175772e-01 1.978230543808716792e-04
4.913834056977579579e-01 1.596446955799943378e-04
4.915081847944094418e-01 1.392863291490154106e-04
4.916306461889057844e-01 1.675009655459577275e-04
4.919182737298945507e-01 1.871495588209282047e-04
4.923623176388508549e-01 2.621567584364013987e-04
4.925316654080440504e-01 2.219448978929800616e-04
4.927182873951836961e-01 1.749886328601229482e-04
4.929063877646506220e-01 1.684914464847774506e-04
4.944131878458035145e-01 1.685315541871585689e-04
4.948668913628556099e-01 1.809022075435899363e-04
4.952352383244547074e-01 1.515848032436946662e-04
4.952803424701187618e-01 1.584210216211170128e-04
4.955610289656627310e-01 2.218887800472890508e-04
4.956697521157544806e-01 2.203264815317301166e-04
4.973232446190570810e-01 2.658949309998506435e-04
4.983774625219332122e-01 2.092617308315854901e-04
4.993035899415377843e-01 1.758067219260233056e-04
5.008672180261298790e-01 1.549962102148276326e-04
5.015313730096596645e-01 1.616193274205399253e-04
5.015338148087707948e-01 1.911561570600488018e-04
5.024376618701128505e-01 3.448947983679473764e-04
5.028287545271412640e-01 2.136071071222235703e-04
5.030081222083970793e-01 1.579982921483973665e-04
5.037368203697832891e-01 1.619498520451757514e-04
5.042881281914315394e-01 1.647600753076056796e-04
5.060572845185120627e-01 1.962071014055657753e-04
5.069145430178153555e-01 1.366350466201462967e-04
5.072656172147318454e-01 2.399406985538985468e-04
5.073154974431780539e-01 1.668960397511922832e-04
5.076224317601472080e-01 1.626731475736468849e-04
5.079851849922125684e-01 1.516347602192551604e-04
5.082402438089823615e-01 1.954797753278282829e-04
5.089047010616435385e-01 2.202225359886348841e-04
5.089362706605821129e-01 2.035522873142741977e-04
5.093996909202115342e-01 2.028189492779651894e-04
5.095624545415181617e-01 1.764779521554707311e-04
5.098117174374564575e-01 2.005354478592140735e-04
5.100653572792209767e-01 1.996507132829742172e-04
5.102342978283379571e-01 1.866992619866606601e-04
5.104968077137173044e-01 1.556530160712791091e-04
5.109757844624104317e-01 1.861607642082720962e-04
5.112738335513979937e-01 2.527927761330370725e-04
5.114760262082924669e-01 1.632986370476046712e-04
5.116766955747573675e-01 1.839004228458495055e-04
5.118139801951979706e-01 1.868489476739001933e-04
5.126900024721338101e-01 1.892684310792523499e-04
5.130133405304647676e-01 1.368685009914296887e-04
5.132665828096908411e-01 1.667241397271323014e-04
5.133048186075991337e-01 1.671640836956265206e-04
5.144965256433594591e-01 1.873074773885696211e-04
5.154028081203780864e-01 1.965873081286181271e-04
5.154295258852016337e-01 1.783741520049996756e-04
5.156179549394922512e-01 1.722185440413094766e-04
5.164258945514171861e-01 1.784419569591354910e-04
5.169025688556110332e-01 1.343007366713960154e-04
5.176466105527282036e-01 1.528210328204787627e-04
5.177757636439631606e-01 1.652088459292289221e-04
5.180799415417278730e-01 1.397240158423803378e-04
5.183919860923242862e-01 1.798861294409386316e-04
5.184444282828636341e-01 1.567540963713456338e-04
5.185423525440192583e-01 1.237142578494994849e-04
5.191757406124100083e-01 1.537035633797011961e-04
5.205863834963230241e-01 1.966152354257761237e-04
5.209138807409910976e-01 1.490466019001230409e-04
5.211233716258613091e-01 1.307016339879596455e-04
5.216184843118937264e-01 1.393885486402678478e-04
5.239538753343893074e-01 1.652350425882985149e-04
5.249689081596055074e-01 2.229054749282772824e-04
5.249809264913437579e-01 1.504441863697519182e-04
5.253739968925573711e-01 1.412053529136198915e-04
5.258781042497812086e-01 1.565797031263233387e-04
5.260834654645420994e-01 1.726310190566446301e-04
5.272153881412857679e-01 1.488038262351083578e-04
5.273818893034870614e-01 7.889674204121341523e-04
5.286128309164959127e-01 1.836229633565805003e-04
5.287287031464803500e-01 1.648338289122925368e-04
5.292354295160091038e-01 1.157527368011973643e-04
5.298316049082888446e-01 1.536577391458321016e-04
5.316533934763281177e-01 1.382714964963802009e-04
5.320704460484853016e-01 1.690247032219358014e-04
5.320946768332451837e-01 1.545908049683157679e-04
5.329330186895081534e-01 1.940387297700946157e-04
5.338312627366967877e-01 1.827892533008968466e-04
5.344905876555992030e-01 2.321286753495859173e-04
5.346880274612193507e-01 2.158156611569443033e-04
5.356779798114085223e-01 1.568882818401372129e-04
5.357209502296396142e-01 1.633019742616386772e-04
5.359001395798476119e-01 1.988133153454969436e-04
5.361071420804682797e-01 1.522948778759290170e-04
5.364655764555037454e-01 3.449882382901879401e-04
5.365327601667930768e-01 1.896792691234328737e-04
5.366145023112015577e-01 1.589877982655076786e-04
5.369269688438065291e-01 1.261492197708869963e-04
5.371567797837839553e-01 1.722857077501797462e-04
5.373369034854864612e-01 2.779036349342949453e-04
5.376824850936852140e-01 1.337426025879273725e-04
5.378275935744868397e-01 1.738984713722594431e-04
5.378945976058585599e-01 1.898058848180265762e-04
5.385275277230119340e-01 2.032844242867220489e-04
5.386600934577029376e-01 2.036132795882960678e-04
5.394040067638004032e-01 1.401424233938883095e-04
5.396794230183948882e-01 1.487619389477355019e-04
5.405580315676388192e-01 1.516912541461343082e-04
5.406713247656644850e-01 1.658114520123196657e-04
5.409369706373813314e-01 1.759066349577246158e-04
5.412821569300898528e-01 1.474469691349423247e-04
5.417290942215371441e-01 1.691662704906976024e-04
5.422596190129642668e-01 1.380863731792125672e-04
5.424895157387127353e-01 1.384244829303780890e-04
5.429710668763741976e-01 2.431207460752120167e-04
5.435117473562559587e-01 1.570151389377485540e-04
5.440321461862611674e-01 2.409575925368703493e-04
5.445933469318922082e-01 1.760613969749953635e-04
5.449477909881200732e-01 2.020832356685985510e-04
5.459949613502715904e-01 2.159238511280790935e-04
5.463268216143621903e-01 1.663522768984848632e-04
5.468362153894059663e-01 1.694696171107185642e-04
5.469647953498204540e-01 1.320682967111888996e-04
5.472170890118310815e-01 1.436698716765428727e-04
5.474982893023220276e-01 1.777475386556757455e-04
5.479436583672049332e-01 1.851096051810077162e-04
5.481796148508444322e-01 1.776600624288395534e-04
5.482262875710232075e-01 2.659882755159870206e-04
5.489430204071406028e-01 1.672174343081056958e-04
5.504176146074073461e-01 4.376896654581849248e-04
5.507814794295301519e-01 1.411571976405222382e-04
5.509599727406550018e-01 1.950674558244117117e-04
5.511794491025630016e-01 1.593921666346455161e-04
5.512419625483950814e-01 1.386941582406675554e-04
5.513159045876188102e-01 1.483514052225472387e-04
5.513433992325372790e-01 1.239927327074729160e-04
5.521557956474588691e-01 1.582552816596887585e-04
5.527471286954056540e-01 1.652868863506582364e-04
5.528836515274281327e-01 1.947786554372732469e-04
5.555850684693763863e-01 1.802925540347195517e-04
5.560775658836613067e-01 1.352848646979248361e-04
5.568863836737193429e-01 1.362926381437964474e-04
5.578300743096220593e-01 1.572180620951494278e-04
5.578660235870087636e-01 1.361119782142173229e-04
5.588687813694657169e-01 1.723473922929834388e-04
5.593573251954633285e-01 1.447854482006822739e-04
5.594547989192192317e-01 1.243121091584057964e-04
5.598247169789415389e-01 2.146765032518404442e-04
5.602698200610908286e-01 1.606407927915543628e-04
5.604356189969285085e-01 1.641483081714620643e-04
5.608775550391977838e-01 1.231972034072543033e-04
5.610888219368227459e-01 1.883907090084053213e-04
5.612824151483782886e-01 2.119872352018759487e-04
5.615911398270496679e-01 1.525143127429916842e-04
5.618043883878820477e-01 1.279156346188059490e-04
5.618658963995425415e-01 1.424285072089981352e-04
5.622173332037712079e-01 1.522228193269927333e-04
5.626926444677278205e-01 1.509443370824612785e-04
5.656507559565255860e-01 1.510920140322886734e-04
5.659015040176124112e-01 1.757182606019290613e-04
5.660782275936210306e-01 1.715186728374851427e-04
5.661868728770714787e-01 1.682319033731710775e-04
5.672180557763574216e-01 1.788857942957427236e-04
5.673482516971708467e-01 2.572059108609339208e-04
5.674166130806215236e-01 1.492372077582065340e-04
5.678115731709101333e-01 1.597557721239514772e-04
5.681631165602956113e-01 1.530515890609079573e-04
5.686109887557367903e-01 1.811044804961636290e-04
5.686346504971229177e-01 1.210280309657974521e-04
5.693817946253489914e-01 1.438675737876758708e-04
5.697746176866913537e-01 1.692193658489332003e-04
5.702474167638087454e-01 1.439051428096536683e-04
5.717109798429461653e-01 1.604925208740239876e-04
5.723434131432673100e-01 1.836438049459882449e-04
5.725401026267861182e-01 1.421565169141112588e-04
5.726571745647838219e-01 2.117157322890058702e-04
5.727859691603058856e-01 1.575572471888187127e-04
5.731496330661393079e-01 1.567188157392731130e-04
5.734611956949179357e-01 1.514203406823952283e-04
5.740773214470061836e-01 1.507764554667963123e-04
5.740930650819016101e-01 2.257952412019883300e-04
5.745501615191520584e-01 1.667587732141067604e-04
5.749070690657969163e-01 1.566638936457857086e-04
5.758816420030434813e-01 1.955168048629745434e-04
5.762061523546339048e-01 1.660832215246528716e-04
5.763721938433681302e-01 1.593763690224522171e-04
5.764664754812282021e-01 1.955938653557124979e-04
5.764719684240823261e-01 1.384927965742199579e-04
5.770961118787083510e-01 1.680597268693871877e-04
5.773157914296767057e-01 1.450629474835153393e-04
5.777772312147743117e-01 1.682984798644722620e-04
5.779945386487498338e-01 2.176158058320444262e-04
5.791074651247717364e-01 1.643949504759703616e-04
5.801627966552621585e-01 1.264853015366011822e-04
5.816513106014880030e-01 1.463959918543697241e-04
5.822362115928596538e-01 1.366400809105218462e-04
5.827292780781706538e-01 2.268425266650071184e-04
5.832948359381583403e-01 2.624160181692259059e-04
5.847710448718632659e-01 1.171873931779797450e-04
5.848478553366207588e-01 1.807147587648840175e-04
5.856282791070668292e-01 1.928736536755650194e-04
5.856513802273161096e-01 1.317420272993002038e-04
5.861732947015562134e-01 1.568554532313232283e-04
5.868410897987650365e-01 1.261798694175574238e-04
5.873214342612425032e-01 1.264740609191830102e-04
5.873492229212667892e-01 1.590677691066958517e-04
5.874425673070233778e-01 1.694520068814386459e-04
5.880535559498358822e-01 1.566669947136274329e-04
5.882420684796050292e-01 1.557866784877312105e-04
5.886179684464969419e-01 1.431761144874678317e-04
5.892888595167795618e-01 1.276978315327367852e-04
5.895387488776017149e-01 1.931741425784959160e-04
5.896134434652889889e-01 1.686411508133792549e-04
5.897622505500843548e-01 1.583699263765854146e-04
5.906724124512647833e-01 1.264767946301430040e-04
5.917934907503705766e-01 1.398405488724968127e-04
5.923095173177231887e-01 1.489761927039755707e-04
5.925620009991445780e-01 1.479561708385273568e-04
5.927859541242852526e-01 1.531785738255642842e-04
5.936746157796962686e-01 1.525279741125320230e-04
5.937918778479017723e-01 1.822472757793092114e-04
5.943412072941561819e-01 1.955721223790701790e-04
5.943866522741996228e-01 1.368694870590287359e-04
5.949146963903134688e-01 1.863734339760199821e-04
5.951748072455198546e-01 1.438386520278209235e-04
5.952085326327495318e-01 1.370127915043092197e-04
5.952461590651362267e-01 1.433116151223817660e-04
5.965461075710263295e-01 1.714309174756787398e-04
5.968408502236520752e-01 2.342448991292377949e-04
5.968588298773280787e-01 1.662987491765550746e-04
5.969646315625698474e-01 1.619836101131163976e-04
5.980832404588196649e-01 1.155108380078100056e-04
5.985840167433122971e-01 1.856933132383299808e-04
5.989567269065070310e-01 1.306643599732748291e-04
5.997999421866092584e-01 1.442890082983975327e-04
5.998151130127876707e-01 1.374441516890884216e-04
6.000075611235463624e-01 1.029777899901069546e-04
6.001580985168700755e-01 1.274837733854927040e-04
6.006665772214886401e-01 3.471195105412225876e-04
6.008423585893345464e-01 1.570833836510030022e-04
6.012376216866346379e-01 1.377036500452006435e-04
6.022200872146187267e-01 1.626904060318631363e-04
6.022336394596775611e-01 1.511676846774954292e-04
6.026029414208005086e-01 1.367331450680011706e-04
6.031087543811024521e-01 1.521457918425543230e-04
6.033766049530936426e-01 2.037104662846999650e-04
6.037312693685534803e-01 1.185551980855698983e-04
6.043584157635424337e-01 1.870985612657305507e-04
6.048748554089468099e-01 1.260812592733841220e-04
6.054750125189608534e-01 1.641540072638291467e-04
6.062583948189468330e-01 1.787156437524732566e-04
6.066146804698414607e-01 1.531083098325878883e-04
6.067945605426388056e-01 1.756532084268250412e-04
6.071926781575014420e-01 1.259958858723312226e-04
6.075681224935561842e-01 1.377108486741823973e-04
6.085222083969780149e-01 1.381433490877423506e-04
6.093684610196863360e-01 1.666503317098084504e-04
6.107751509573999815e-01 1.579063010514341096e-04
6.120055416652410152e-01 1.185476959401464691e-04
6.120106779786658180e-01 2.450687222675124329e-04
6.131268074675444435e-01 1.338631484500234215e-04
6.139489216367057800e-01 1.335336394792818889e-04
6.141067686882644150e-01 1.594200166627862648e-04
6.146257948508985214e-01 1.330336674539964897e-04
6.151426061539477796e-01 1.558441991918053102e-04
6.155272002969365275e-01 1.308527763347064679e-04
6.163304284024702095e-01 1.372170491825561102e-04
6.177084643830286215e-01 1.553760114192165222e-04
6.179316425809666669e-01 1.507465889191035298e-04
6.180368479655228287e-01 1.724779807669979523e-04
6.187281835583408052e-01 1.251182958593175583e-04
6.193639363096707928e-01 1.415754395045776823e-04
6.194955730847774289e-01 1.906930174822486388e-04
6.195476757548964430e-01 1.548139105089251291e-04
6.198991099765606139e-01 1.602612821814040597e-04
6.203496495809828204e-01 1.380699055525721054e-04
6.211643969576483570e-01 1.592081774088639507e-04
6.212879004092062285e-01 1.543278327266020306e-04
6.218966310283328136e-01 1.719816595054212273e-04
6.220655775036239010e-01 1.282808905214930927e-04
6.221208882074630298e-01 1.009949602304333093e-04
6.224377869623300974e-01 1.175779803699011347e-04
6.225503391726013858e-01 1.455789569185812608e-04
6.225572496701572422e-01 1.257572279900347786e-04
6.230968591037696624e-01 1.156346269033685836e-04
6.235175846052851689e-01 1.472826386037770540e-04
6.242632547706810087e-01 1.519894696017807720e-04
6.254869606644199997e-01 1.192390376932978252e-04
6.268275937364260475e-01 1.422862821639285199e-04
6.280067856268931603e-01 1.501486628394145810e-04
6.281791970214622989e-01 1.955662299816515249e-04
6.285108504704775001e-01 1.223451321057265266e-04
6.288754098256860159e-01 1.785492755999532467e-04
6.295600188776094841e-01 2.405677920161464493e-04
6.301054276253504893e-01 1.882791184784937981e-04
6.304000051414782035e-01 2.071015200782362359e-04
6.304620799581341917e-01 1.544472018997642348e-04
6.312302633327065982e-01 1.170085547143200527e-04
6.326713407306008286e-01 1.384522640856044673e-04
6.327584665762396865e-01 1.102046203249834415e-04
6.339790893802820237e-01 1.344675224733386397e-04
6.350136896993230362e-01 1.497827000332562126e-04
6.365342671566407429e-01 1.512626795877649037e-04
6.366696818004237146e-01 1.519290355242065166e-04
6.370503857164709904e-01 2.149081972656483519e-04
6.379040099167738731e-01 1.366631525283429859e-04
6.387600949681069284e-01 1.682595214371144913e-04
6.393512385819254407e-01 1.113350234765077832e-04
6.399376702082421042e-01 1.343747003561196539e-04
6.404117041497223717e-01 1.145242021205692946e-04
6.409628490983986238e-01 1.459586550632887018e-04
6.409679951461551006e-01 1.219407194379724680e-04
6.419679547465545477e-01 1.384009510699975537e-04
6.420615710276210697e-01 1.009811391911005817e-04
6.431560039251601468e-01 1.256816583105525463e-04
6.432307287577571087e-01 1.458182837863394583e-04
6.433133812880994507e-01 1.296809132218212891e-04
6.433472176266823439e-01 1.363129395174161548e-04
6.436933302282331626e-01 1.209125031969737778e-04
6.442525447676088479e-01 1.057456527288939095e-04
6.463846289858851124e-01 1.137213187545835235e-04
6.465436833169706521e-01 1.351624138555226917e-04
6.478748054865812733e-01 1.693471949723422026e-04
6.482608059610607265e-01 1.613972594081744657e-04
6.484579192950907789e-01 1.243563294309164109e-04
6.493047327253270717e-01 1.339003590625761962e-04
6.495224227313848298e-01 1.011159509435823251e-04
6.496830879063931752e-01 1.073235050321124322e-04
6.505085427399713849e-01 1.027919069835381315e-04
6.514570566388685480e-01 1.392207018914080982e-04
6.519753311290994446e-01 1.299545777489998692e-04
6.527576738512342880e-01 1.228232948509024958e-04
6.540966240434222811e-01 1.263402787852888130e-04
6.542793908746284970e-01 1.071313274073406474e-04
6.543848301669731304e-01 1.219607738287853020e-04
6.548514626652602866e-01 1.560015359588358375e-04
6.549346277326848487e-01 1.132950584596839036e-04
6.553324160243281238e-01 1.422334586941925922e-04
6.555850163207893599e-01 1.674169972931531818e-04
6.558186308767921524e-01 1.045940547109152231e-04
6.559821717221016035e-01 1.053754505664118035e-04
6.571513402117911129e-01 1.357255760460729626e-04
6.579998155636662682e-01 1.226728574522873078e-04
6.580467395110262130e-01 1.437340782631564161e-04
6.583741743360499443e-01 1.097628160446471364e-04
6.595267376533078263e-01 9.829040707063102392e-05
6.618483485636514896e-01 1.708968386933076183e-04
6.619117050050412621e-01 1.408402718767807322e-04
6.631802575148093570e-01 1.295699513636211617e-04
6.635162164507597549e-01 1.356890318202285891e-04
6.639393147272406592e-01 1.254266922644850632e-04
6.642659743605362488e-01 1.129782920309729865e-04
6.643661954943038683e-01 1.992505158514192975e-04
6.648487638912186082e-01 1.146879090282698887e-04
6.648527548824987310e-01 1.413327418658188387e-04
6.659568626904089905e-01 1.258070347970981966e-04
6.669032673695440838e-01 1.424263708037055791e-04
6.675403562371012844e-01 1.448743841151853740e-04
6.678512438956716313e-01 1.235871668461495615e-04
6.687025633410282888e-01 1.269337098589884568e-04
6.693372985035275224e-01 2.041946677789141594e-04
6.693994369083323681e-01 1.005516731796529651e-04
6.698710063893545952e-01 1.175365064441917263e-04
6.706083144815649932e-01 1.309767592324927264e-04
6.706385790656572699e-01 1.381147298108304476e-04
6.707232351640399770e-01 1.201924100665685823e-04
6.714757218418027085e-01 1.249067762033298143e-04
6.715049259711147744e-01 1.560888343858433773e-04
6.717415687091561338e-01 9.957844661450685278e-05
6.727296538866464060e-01 1.099502718844004942e-04
6.735572320831200166e-01 1.253365547763359890e-04
6.737125127430034777e-01 1.067392119213304283e-04
6.738702253959969468e-01 1.304853452051142853e-04
6.743882509297933758e-01 1.040719716197652760e-04
6.747063875108412212e-01 1.263208769571727021e-04
6.750399913871588664e-01 1.039482363539501799e-04
6.757792720496433869e-01 1.302799944714530664e-04
6.760433644759544780e-01 1.761547202355836378e-04
6.776858687255644664e-01 1.331920917230730063e-04
6.779161763286880582e-01 1.170188032651360441e-04
6.804833234765673700e-01 1.563081927718264913e-04
6.809729329125553399e-01 1.370398826277845943e-04
6.812188731341646264e-01 1.201346826131554388e-04
6.812668909154875330e-01 1.658210747246184982e-04
6.812760621549185380e-01 1.204428408494869450e-04
6.816965856149495018e-01 1.180408953227391530e-04
6.821726683226247978e-01 1.349508610868280895e-04
6.825154269295898857e-01 1.607920327365466699e-04
6.828462885298030027e-01 1.081566579513900794e-04
6.830064152686792234e-01 9.245666692068204759e-05
6.848058525330479318e-01 1.261968177514229150e-04
6.849543320859116102e-01 1.299410485097548965e-04
6.854697663460519452e-01 1.671157141489989584e-04
6.856301871564246531e-01 1.052837221477511315e-04
6.864076695363533487e-01 1.163228150629704873e-04
6.871330964951527509e-01 1.137121084588506092e-04
6.873799714653646697e-01 2.014142157356232877e-04
6.902296147405910798e-01 9.889046548952750847e-05
6.903601442129884136e-01 9.172639090678543893e-05
6.908796165482011808e-01 6.441332720618587939e-04
6.911249335208127231e-01 1.011192685935141618e-04
6.915690917708998686e-01 1.798978897593784686e-04
6.920064319228138583e-01 2.311047830784392391e-04
6.934276103770368183e-01 1.173433200511130037e-04
6.934847269314613483e-01 1.017053032302049593e-04
6.947349963790593330e-01 7.390516016923152031e-05
6.968324590138861296e-01 9.576874079398534003e-05
6.969433434748983913e-01 1.146549995829674543e-04
6.971158261715683091e-01 1.117144800587396896e-04
6.972263630554165204e-01 1.115125752547599635e-04
6.972696946603664792e-01 1.010661623954737208e-04
6.973182140164571052e-01 1.012533638845380897e-04
6.985807824005978439e-01 1.122518604139423034e-04
6.986220254187177625e-01 1.710576057449009744e-04
6.986333350364529737e-01 1.070616103984739774e-04
7.003962899675693077e-01 1.176056582196585162e-04
7.006039693396867163e-01 1.040163394244935589e-04
7.006704299687258608e-01 1.014157467514768476e-04
7.007188688294572199e-01 1.411156992483626152e-04
7.008896722070220298e-01 1.257497480026946739e-04
7.013974185324410859e-01 1.315237562033380473e-04
7.015837650892136068e-01 1.012670055276307802e-04
7.036876685263163678e-01 1.258180584539856370e-04
7.037385994444930182e-01 1.019591040542728791e-04
7.051867492487435829e-01 1.212450286430902279e-04
7.054384614782870377e-01 1.111980252232508442e-04
7.055078568430439567e-01 1.001745981897271835e-04
7.059495921416172326e-01 1.131673022212150364e-04
7.060974820729020163e-01 1.042036155885418569e-04
7.072544907818318904e-01 9.884705265143626813e-05
7.075418231221499710e-01 1.169066182087172994e-04
7.076137770150259243e-01 1.001559787563911531e-04
7.089105470303584955e-01 1.291823134552788611e-04
7.091807039559967496e-01 1.175946460800337374e-04
7.092183528140686422e-01 1.334997405297919505e-04
7.106616638910111527e-01 9.109147485735988054e-05
7.110118190875476252e-01 1.323128261302283163e-04
7.115242207366055949e-01 1.001239719302653180e-04
7.116144165672404487e-01 1.033549456336956294e-04
7.116965230145350096e-01 1.203550770434649734e-04
7.125704934870997764e-01 9.681474298159651942e-05
7.126195122315944763e-01 1.278449998978077584e-04
7.126652705642299024e-01 1.264909653718305875e-04
7.131025841260628662e-01 1.145175121806331662e-04
7.142853768511181478e-01 1.150247653768753374e-04
7.147481096334650230e-01 1.435825821365848765e-04
7.158749737386130851e-01 1.128267959648850068e-04
7.159927345888742467e-01 1.193648499463260390e-04
7.162912223553237201e-01 1.176494357811082048e-04
7.169477364386761531e-01 1.129476510359941725e-04
7.172256436874950847e-01 8.522308421627731024e-05
7.173064597776763751e-01 1.231802475425476271e-04
7.173731077184387628e-01 1.140916009743688777e-04
7.191370424683373175e-01 2.681556696234105503e-04
7.198930875153145559e-01 1.188627552150964208e-04
7.200070695278331101e-01 1.221633821670880442e-04
7.216488350708319954e-01 9.386423245513048335e-05
7.225687090152300707e-01 1.031610367331282143e-04
7.227851225274166680e-01 8.804231057393977031e-05
7.232135824586801709e-01 1.066090324289688073e-04
7.232683887959989733e-01 9.789913483955540703e-05
7.244234834063500994e-01 1.095792431003022471e-04
7.251954254672794420e-01 1.199820216504194579e-04
7.256042177600172671e-01 9.631184778006830825e-05
7.259357966376264182e-01 1.161604088904549684e-04
7.261407607736998226e-01 1.021391577600638481e-04
7.265096631571342778e-01 1.357866544804443582e-04
7.274542084333209813e-01 1.122542220467497069e-04
7.277701154182861787e-01 1.308564135854097302e-04
7.285532083953519811e-01 1.082972048385828193e-04
7.294866667138510952e-01 1.242405458804243757e-04
7.298092291470640314e-01 9.796642381153019890e-05
7.303255629432278129e-01 1.087736115668732983e-04
7.309304911790807102e-01 1.107601188399696745e-04
7.310706543644350797e-01 9.284353242682671285e-05
7.313034458521998626e-01 1.157515815920714150e-04
7.319653522438951398e-01 1.419183315783652342e-04
7.321393505028560567e-01 1.000076944743469190e-04
7.324299961434120876e-01 1.184415079607152653e-04
7.325262621872782320e-01 8.725697034103615201e-05
7.335798611942818681e-01 1.354929744108223711e-04
7.344721092914833216e-01 8.560977497048757618e-05
7.350437238689443431e-01 1.486749721372760400e-04
7.351829478374579674e-01 1.084576441220866231e-04
7.357262779560199695e-01 9.194202786401158933e-05
7.368203518988180045e-01 9.312131523021677205e-05
7.382413040020252559e-01 1.829552813542654598e-04
7.396861723626713125e-01 1.158808965051412367e-04
7.403642781308242826e-01 1.066334334043533610e-04
7.433689879326607075e-01 1.207647704295277351e-04
7.434885682781393612e-01 9.676610549986360747e-05
7.445604805247877378e-01 1.108230979038327791e-04
7.452416826492909152e-01 8.066796229500408958e-05
7.453932865477622682e-01 1.022421638109115055e-04
7.467866853571391017e-01 9.608099072887346702e-05
7.472380139366753271e-01 1.297253149767841794e-04
7.475089176921541068e-01 1.303040149827325615e-04
7.485791513535073882e-01 1.301053815779993836e-04
7.487273604248738668e-01 8.025851611853747813e-05
7.487877075353092104e-01 8.645198147247753909e-05
7.495566176370814793e-01 1.101912495487821810e-04
7.495578495939991814e-01 1.722801781637283423e-04
7.507111552539782462e-01 1.024773535324463071e-04
7.511516638975190840e-01 1.262455909576574108e-04
7.514125086116977270e-01 1.058112626865160064e-04
7.517528549777428015e-01 1.366400435525890183e-04
7.517660926583733527e-01 1.266645309246498580e-04
7.521304033591583726e-01 7.537338931198665846e-05
7.524582061422449009e-01 9.640233194169737152e-05
7.532519127214294397e-01 9.300542143484288274e-05
7.534879015896807086e-01 1.073860594850692597e-04
7.545629612858438806e-01 9.704367270257081130e-05
7.547669858875918347e-01 8.256601824882197726e-05
7.558698703376164341e-01 1.102000615174973631e-04
7.560547998006053039e-01 9.558117198462816365e-05
7.561402935010578252e-01 8.827642245784930839e-05
7.575653171760002857e-01 8.212755573582142417e-05
7.581219598077791888e-01 2.277915372147178348e-04
7.583171347735535583e-01 8.948770222817226409e-05
7.585867675795706644e-01 1.036327610946083979e-04
7.586574037077420396e-01 1.752771136031489106e-04
7.595105884791291118e-01 1.040980478689436639e-04
7.597291567102678611e-01 1.041412170229600865e-04
7.603270275693778668e-01 9.240602547116316548e-05
7.615064723213419429e-01 1.099687346715879168e-04
7.617917483618981134e-01 9.946329064007401223e-05
7.624509780482532362e-01 9.770438138665624985e-05
7.632756435079642854e-01 8.619946989310193304e-05
7.633857543452094996e-01 1.136692780978269107e-04
7.643898041060974702e-01 1.244929759949063943e-04
7.658476944726746449e-01 1.217779285145752547e-04
7.658757683173216257e-01 1.305011953156598209e-04
7.661549636025253296e-01 9.378964668171882782e-05
7.661931551958053310e-01 7.964836295566037993e-05
7.666754083089438732e-01 1.163240820148680343e-04
7.677635474764807899e-01 8.946823678295509131e-05
7.684073114030555152e-01 8.910677721371575957e-05
7.688440461713199614e-01 9.272833199190821842e-05
7.696758863102987069e-01 8.805020194632116892e-05
7.709376010030707382e-01 9.508975255195166020e-05
7.715482913994924363e-01 1.030278989286090551e-04
7.717561638439262017e-01 2.794636815000853453e-04
7.718092880173325065e-01 7.741653177126789451e-05
7.726387227089152043e-01 1.052380693328271155e-04
7.731261970804419459e-01 8.971205665916193823e-05
7.731432738875992916e-01 1.006373621796515774e-04
7.736101639899228832e-01 1.112197373180340271e-04
7.742958625247620130e-01 1.082080237923406746e-04
7.744747750643907747e-01 9.995436257226898702e-05
7.752822768539061604e-01 1.041397901553341480e-04
7.753542436723134257e-01 1.035565201440047812e-04
7.754785676829236696e-01 9.416268207437829816e-05
7.756174082726597918e-01 7.625211236681561460e-05
7.773984408554783787e-01 1.046939809861669140e-04
7.785957618613934539e-01 8.673651160864726971e-05
7.786560283680897809e-01 9.370017732920169775e-05
7.787514921866129924e-01 9.492480889816137194e-05
7.790058722732774443e-01 1.137173001744583512e-04
7.799253012084217396e-01 8.670558166778967620e-05
7.800734514941287667e-01 9.262839089156265683e-05
7.801104134529844858e-01 8.298944558427667111e-05
7.811695839407604147e-01 9.447997970197862883e-05
7.823067974049082718e-01 1.043808595355024928e-04
7.828661260511399211e-01 9.726640396401561308e-05
7.841784363714308093e-01 1.068843753202711747e-04
7.846296387476262568e-01 9.125170536275669915e-05
7.851380127293188238e-01 7.948895027640920624e-05
7.851639630553475246e-01 9.633936526317102809e-05
7.852853719332025806e-01 1.086891781496251947e-04
7.856992922276399005e-01 8.084592422086867610e-05
7.858995120916202337e-01 8.642685767937991240e-05
7.870610472834002058e-01 9.577264946565249948e-05
7.878589607385889648e-01 8.876815669093393786e-05
7.890217027318143783e-01 7.379312382915948095e-05
7.899377624629423389e-01 9.245472410391463889e-05
7.901316251622427789e-01 1.075117904352553564e-04
7.902903615128528125e-01 8.559504288469743053e-05
7.905377474198118648e-01 1.015216831828746853e-04
7.913106941897285473e-01 8.724926731338371300e-05
7.924696291615470622e-01 1.161251830999501631e-04
7.934330636555424476e-01 6.956626659350756870e-05
7.934511048845709347e-01 1.899522920922485682e-04
7.937145257060383985e-01 1.033466900748073787e-04
7.937270781950092058e-01 9.157351013607311285e-05
7.937871885463800847e-01 8.555938308359685245e-05
7.939705267886203455e-01 7.706447817869094502e-05
7.956030167142204013e-01 1.047325429317815231e-04
7.960900696307915414e-01 1.012353984034449481e-04
7.963583971260662642e-01 8.891968459323737126e-05
7.964909668623865180e-01 9.350954510490587708e-05
7.970224971249662005e-01 1.015695169124294076e-04
7.971310621143764541e-01 9.446040897546487656e-05
7.971648072674255570e-01 8.953617939527226937e-05
7.974658690407688821e-01 1.410697906199858895e-04
7.977315461637602967e-01 7.637982641714398174e-05
7.978534254076943277e-01 8.630548315081457112e-05
7.978990805312655699e-01 9.429711707019130488e-05
7.980432517501576672e-01 6.687782937186606937e-05
7.982248345214514318e-01 9.882563742614339296e-05
8.002958934241598543e-01 9.839896562783476120e-05
8.005237640453378711e-01 8.527532245662150284e-05
8.006948656346596360e-01 8.974701223889664317e-05
8.014007667150648828e-01 1.274515896647756088e-04
8.026336304043709680e-01 9.796246659758200482e-05
8.038613183139980967e-01 1.215963431771420645e-04
8.047418666865268078e-01 8.680822619795362371e-05
8.052242215538107928e-01 8.101928424182014920e-05
8.052501036247446953e-01 1.162764849235006288e-04
8.062545644724433691e-01 8.491170687751001798e-05
8.064015207340867741e-01 9.919466518258224631e-05
8.076045215073440753e-01 8.019425364219870032e-05
8.080824939637868409e-01 7.994393457339271788e-05
8.082845099831105218e-01 7.788822787650332205e-05
8.084823245947586612e-01 7.510400070798077066e-05
8.098482586546869033e-01 8.846144162045211355e-05
8.100302202029320275e-01 1.060042400661252330e-04
8.106720717648225882e-01 8.804269531168074461e-05
8.108953477732223636e-01 8.771591618272243051e-05
8.121364001494081331e-01 7.994444413557700853e-05
8.123767658615624887e-01 7.738652952084056720e-05
8.127936521253688040e-01 7.588358128458103492e-05
8.139707107245341966e-01 1.000993961374738216e-04
8.156939450659772550e-01 1.819546595443142774e-04
8.161079433423614748e-01 9.481577105897947514e-05
8.172990763978954520e-01 8.831577100569812583e-05
8.185009972670072020e-01 7.748162913195769715e-05
8.189387772598113457e-01 8.262081787368294157e-05
8.191211715773750734e-01 9.487292033919021597e-05
8.191359222166741949e-01 9.941907223726592418e-05
8.194780644489338961e-01 9.569313159031048665e-05
8.195131511347550912e-01 8.250763266886174552e-05
8.198536750857581268e-01 7.506524669666381634e-05
8.201335867018996195e-01 9.257325630232269100e-05
8.201963724688274837e-01 9.409668127551256821e-05
8.208086600628047291e-01 7.531526174155860932e-05
8.208680210989839354e-01 9.428100640432115240e-05
8.211087371568995819e-01 8.777021816609370595e-05
8.217580377682635051e-01 7.210374869365751018e-05
8.238071382259232189e-01 8.742073439522502539e-05
8.240745084916937246e-01 7.571932537003532864e-05
8.241409471432510347e-01 1.107789645845900199e-04
8.245005822951931851e-01 9.674394432887676502e-05
8.247333489336453605e-01 6.604842121323821361e-05
8.255873476558692747e-01 1.087393956554352168e-04
8.262066457350737414e-01 1.024589007035009062e-04
8.272113958580636917e-01 1.313593694728936324e-04
8.276923402193263613e-01 8.014836118338200955e-05
8.277236324767978104e-01 8.244566859137668065e-05
8.277420969939177642e-01 8.455473507490366000e-05
8.278589347807392418e-01 7.962917769263291217e-05
8.288497808735906247e-01 7.101529869641037601e-05
8.293362358709853721e-01 1.009030951293581052e-04
8.304448892867424270e-01 1.161897029480522196e-04
8.321534669704349074e-01 7.772068772146020494e-05
8.322528347895503664e-01 8.030123102648120540e-05
8.324073574054579039e-01 1.926334815774161525e-04
8.328092041076859964e-01 9.254622858131906571e-05
8.333063008640155811e-01 8.998823688152046826e-05
8.355740402001750056e-01 8.425359248337813578e-05
8.359849638565314267e-01 9.863017885926131411e-05
8.362912934756880912e-01 8.121573516410929088e-05
8.366046374483017134e-01 8.422987810952990955e-05
8.367019427409210230e-01 7.750661512623271900e-05
8.370901484580298701e-01 8.638284982683238689e-05
8.377035219796437060e-01 8.475634644527615317e-05
8.379173407572648724e-01 7.773232020354047477e-05
8.383534701548138734e-01 7.639201452603071102e-05
8.390275708950351019e-01 6.906674454386063893e-05
8.401230426317439770e-01 8.251786815095576966e-05
8.402215092242706351e-01 7.316389616165427457e-05
8.403335834026651741e-01 7.145348044022384088e-05
8.411967012127460341e-01 9.902974310806067124e-05
8.426857062355057604e-01 7.415186293814570644e-05
8.427119888958162219e-01 7.177152481442366399e-05
8.428937148292074966e-01 7.651819946470381586e-05
8.429314127247214961e-01 7.860318423928189084e-05
8.432487424787672436e-01 9.137666598069162896e-05
8.433253772577181673e-01 8.423833285274909526e-05
8.452546170197620112e-01 8.903427988159816450e-05
8.456026236994216294e-01 8.634488513655487018e-05
8.457708834920119045e-01 7.310726575979514168e-05
8.460451096659853398e-01 6.960932467854968821e-05
8.471569655686228550e-01 6.712070842889345012e-05
8.471882754602567678e-01 7.800576302193862419e-05
8.473553413628372999e-01 7.973884195999867038e-05
8.485384734383595307e-01 9.652644318725106195e-05
8.497353090104210471e-01 1.261594485061678429e-04
8.499403902920831255e-01 7.990066210174215692e-05
8.499757627325960074e-01 7.052136952481039326e-05
8.515290969828169798e-01 9.360201567521924976e-05
8.515996033796283671e-01 7.172208263366225758e-05
8.533162350938319207e-01 8.204826528990356806e-05
8.536656927692041208e-01 9.001769255455146959e-05
8.541001133429900749e-01 8.609180765082910893e-05
8.570372314219367738e-01 7.875641534564989832e-05
8.574946770213978109e-01 8.104398269670379901e-05
8.577196632619157324e-01 7.317104406888987566e-05
8.584952503433465054e-01 8.807142556020621914e-05
8.595654272561682463e-01 1.015650653747478862e-04
8.603507278666351343e-01 8.770681075151421334e-05
8.605194743913165967e-01 7.467810267557003752e-05
8.605613702901112605e-01 8.845342106274900029e-05
8.617025125568446020e-01 6.888120523009030741e-05
8.620291695421543610e-01 7.195286631117500935e-05
8.632157838995052623e-01 7.480505463844952605e-05
8.632265530205506243e-01 8.459306658787191615e-05
8.637738371797700765e-01 8.234320241730112215e-05
8.645786900636164285e-01 8.622087454790148858e-05
8.653143083745115094e-01 9.605350568463589915e-05
8.653708353001531295e-01 7.881312100125986676e-05
8.657527059210158304e-01 5.981317151614681685e-05
8.659175736753862429e-01 9.045840012557218156e-05
8.662477204730838487e-01 6.875780709474130605e-05
8.670096701965651631e-01 8.107139646972313745e-05
8.683075055942603981e-01 7.336937609129147323e-05
8.693525249081370809e-01 9.695396539611236722e-05
8.697971249627319823e-01 9.200894959003739799e-05
8.703046072887677953e-01 6.454609774027181041e-05
8.715154110842286972e-01 7.496812819726866894e-05
8.723116171913518624e-01 7.158130964344340454e-05
8.727196750679999671e-01 8.411277452866209637e-05
8.732376994250037328e-01 7.718396591835697293e-05
8.733191594573059824e-01 7.329861125572708009e-05
8.737391315562065275e-01 7.364628258556867989e-05
8.743125180452149259e-01 7.751556765282076420e-05
8.752101517645675122e-01 7.988561372688882014e-05
8.754190767948114571e-01 9.786852470800866952e-05
8.757319467863524665e-01 5.951908946602790595e-05
8.760762168654594451e-01 7.735945899644053520e-05
8.776946390851275703e-01 8.482010708223553918e-05
8.779823634742027760e-01 8.397848252630488381e-05
8.797604928949174230e-01 6.760453441351951223e-05
8.807600225677179040e-01 6.122317705752182177e-05
8.813835978559380058e-01 7.196875235961499673e-05
8.823962730813068589e-01 7.429854710287912638e-05
8.824427647657170359e-01 7.184518953505528095e-05
8.824596611956203596e-01 8.217498209094496113e-05
8.824874572229103320e-01 6.614078094811159860e-05
8.825294957011742270e-01 8.339910063962455578e-05
8.833424326036610763e-01 7.749658606435851982e-05
8.837117444110348385e-01 9.316937946224247301e-05
8.865547564507114675e-01 9.122862143740157988e-05
8.867466843885398742e-01 6.674681742425567167e-05
8.878441941399368709e-01 6.629078835572342545e-05
8.879037723174824093e-01 6.509276832626914990e-05
8.895380796756704456e-01 7.946409344347895773e-05
8.900568329817631907e-01 7.504581161096506383e-05
8.903674986870535601e-01 7.721277991267469010e-05
8.917305311184626770e-01 6.593750546907679411e-05
8.918044379020720891e-01 6.579910545170956405e-05
8.918425666063549695e-01 9.013673829229756950e-05
8.921405581389019179e-01 7.454428474645179636e-05
8.940594025318733262e-01 6.495055045517892202e-05
8.941254527996278512e-01 7.391066743269376395e-05
8.944738676941378364e-01 9.149435810435883095e-05
8.948423376465409751e-01 7.153096890407799639e-05
8.954256030499032626e-01 8.681425419740166607e-05
8.963018966702548385e-01 7.219052630901626460e-05
8.969443044109719487e-01 6.915617185138946913e-05
8.972545856797597974e-01 7.108127443106769321e-05
8.987491860396633614e-01 7.251032006392464549e-05
8.988442716308953084e-01 6.543487394431426660e-05
8.993437655866288738e-01 9.430843885217717873e-05
9.006326230087083884e-01 7.916242056113302302e-05
9.009191683429980113e-01 7.167885263010238621e-05
9.019093511878827352e-01 9.082951449464689883e-05
9.020689470333884685e-01 6.619383669346526561e-05
9.033487758864655603e-01 8.294416848457812023e-05
9.044385080396833976e-01 9.771732556599057522e-05
9.045706257725041333e-01 6.955669220224147177e-05
9.048010489939672940e-01 7.864616545764823905e-05
9.052776124927343071e-01 7.374109686772468161e-05
9.055363691681729277e-01 6.424783661198575321e-05
9.057982900707693963e-01 7.262733655769711106e-05
9.061812505426883879e-01 1.186244139407677793e-04
9.064163133141174278e-01 8.489414274169512266e-05
9.066071361953270680e-01 6.323893674650865636e-05
9.084909994612500039e-01 7.590788940470582548e-05
9.107339796042923652e-01 7.197609671324780591e-05
9.116089706790287961e-01 7.815419424155934432e-05
9.125670126390660331e-01 5.660737312187751313e-05
9.132617402617139168e-01 6.661393995750123189e-05
9.133958912400476082e-01 6.811155291275782734e-05
9.135285779741686429e-01 6.448949139451475856e-05
9.139558747887777113e-01 8.025270658376291132e-05
9.143418177677572478e-01 7.333714739412739987e-05
9.145142916851720649e-01 1.189981849258767643e-04
9.157225986433924492e-01 6.665264272330361341e-05
9.157405079458197372e-01 6.793401053343544227e-05
9.163934275448645250e-01 5.700335756009785920e-05
9.171567977684061956e-01 8.231837699069310510e-05
9.177974869167576655e-01 6.453043342509586985e-05
9.186420786885147738e-01 5.253051100998354166e-05
9.188281397987017041e-01 6.568089031593989026e-05
9.194976566195678380e-01 6.358981457282602450e-05
9.198647862487081550e-01 5.904431055290159031e-05
9.210048202563387854e-01 7.151755934104060686e-05
9.211958836562748054e-01 7.635002013138746872e-05
9.212484425345516259e-01 6.004109743100833973e-05
9.214109408073097862e-01 8.776684232404768319e-05
9.214551732894498137e-01 6.914219972381539043e-05
9.214551962111773298e-01 6.310255124086762912e-05
9.223962878374378782e-01 5.695274093530745195e-05
9.224663858458953536e-01 6.757242231576627016e-05
9.239730341440944850e-01 7.869404066272942520e-05
9.242104056170665771e-01 5.696669859048845909e-05
9.244608144856655274e-01 7.088325451802215569e-05
9.257764741795035945e-01 7.311442528113384107e-05
9.259348316295514802e-01 6.260289828216416880e-05
9.264126933459785329e-01 6.052668483759139688e-05
9.267036455316203236e-01 7.565787004951940692e-05
9.274253635883721314e-01 6.422379794816140183e-05
9.274417055991313052e-01 5.137774190054375891e-05
9.278896092715658295e-01 6.281394310622981315e-05
9.286134403165839935e-01 7.052069478733284625e-05
9.296626611093511405e-01 5.753777388732188243e-05
9.304759131152959828e-01 6.597556952678001617e-05
9.307002648089676144e-01 6.196889725345602288e-05
9.307838671467171254e-01 5.640747050637505547e-05
9.327715912000148490e-01 5.502084326476134154e-05
9.336156155157161463e-01 7.738192583153820771e-05
9.339339634321596195e-01 5.733496685577708462e-05
9.347740870837453198e-01 6.984751402597461425e-05
9.389512395907044784e-01 6.974116514979930809e-05
9.390827577522268266e-01 7.594921000969249829e-05
9.394648458265230095e-01 6.180599658818753891e-05
9.398194848351224540e-01 5.593086691784630816e-05
9.405856716625501379e-01 6.062608564183716710e-05
9.406325883360995288e-01 5.577303635955926681e-05
9.406776370770131290e-01 5.912648862250601163e-05
9.408285703020938806e-01 6.442270098363587073e-05
9.412073656345374406e-01 6.090510911553443204e-05
9.420180209799184912e-01 5.891327397964385968e-05
9.420780467823023363e-01 6.404307808224166446e-05
9.426199349899083701e-01 7.382879740798100720e-05
9.426518599991929870e-01 6.827647755635231363e-05
9.438858678323404083e-01 6.582052779190127859e-05
9.441348890786607218e-01 6.597483715971041204e-05
9.458403663130862116e-01 8.142523835406165395e-05
9.460292909597398658e-01 5.715682939155729779e-05
9.495974240285259826e-01 6.651360443211410593e-05
9.496105364982380115e-01 7.456241082674940524e-05
9.515794442779729190e-01 6.585315553875417975e-05
9.517005596873622242e-01 6.528821313964353729e-05
9.519468492252499692e-01 6.798573576242697089e-05
9.528085255037082035e-01 5.566685889155780913e-05
9.538184942969710756e-01 4.577541500995938956e-05
9.550412818840131601e-01 7.877373634187698464e-05
9.558268326114394142e-01 7.179303807344837411e-05
9.575162771029016584e-01 6.549436875792790020e-05
9.587845143020494731e-01 5.555423082873295581e-05
9.590989478877038898e-01 8.477376755600368307e-05
9.595489101525911391e-01 6.762967244918381899e-05
9.596054669769770173e-01 7.169833158109406069e-05
9.597523134521388499e-01 7.151208749978847732e-05
9.603623961970878531e-01 5.538032955629171550e-05
9.614684484823822208e-01 8.921267902057640530e-05
9.616877596758547364e-01 6.460042859352416742e-05
9.618370546331386217e-01 5.214456755836030906e-05
9.622781171248721011e-01 5.231944933367910206e-05
9.623633859517275457e-01 5.542895452245940344e-05
9.638649987662334384e-01 6.202872749390261279e-05
9.647964509468743843e-01 5.590511999130969522e-05
9.650414689531116030e-01 5.428725576648613267e-05
9.654436634018429553e-01 5.549343035967140085e-05
9.665874152526453544e-01 6.514627631535196311e-05
9.672094619991062903e-01 5.643314812887922552e-05
9.672111042701285744e-01 5.552879719271552108e-05
9.676490838386405668e-01 6.900692726547872529e-05
9.688308995673452495e-01 6.375663880662695764e-05
9.691520049179340734e-01 5.620573643052090897e-05
9.695746222620034160e-01 6.599150633193617572e-05
9.702050187950228555e-01 5.558523536684404032e-05
9.741621878547207514e-01 5.637481280306727577e-05
9.746243135950466430e-01 6.143107573644370259e-05
9.748103663504465999e-01 5.844527843886812666e-05
9.748962065510580199e-01 6.394215889020629542e-05
9.757601897470963292e-01 5.644210189890022607e-05
9.758715804217489298e-01 4.732718057663444511e-05
9.760055825878836133e-01 4.855716906980638237e-05
9.760208720169890606e-01 7.526914418267782823e-05
9.779979628865547170e-01 5.343815235236851967e-05
9.782740841861339298e-01 5.983295913563624211e-05
9.791403974790472420e-01 6.314419916344663007e-05
9.830302868690345974e-01 5.281099156111745204e-05
9.837033127466559002e-01 6.691009892244110179e-05
9.838720974217525228e-01 5.525515732745779575e-05
9.853274821947394235e-01 5.524223513681835899e-05
9.854778960361861850e-01 7.606085882686132579e-05
9.855088598665502353e-01 5.822516704159909167e-05
9.855780764300807739e-01 5.606342956021965828e-05
9.869170297082504595e-01 6.078251048648446609e-05
9.883821693458861857e-01 5.418242901422512298e-05
9.900810501793486651e-01 6.149941177293682200e-05
9.924176174151393415e-01 6.152299658143091583e-05
9.924479692708985112e-01 6.744532142713587281e-05
9.928404607738616772e-01 6.001369577855168605e-05
9.929608218415856280e-01 5.484047024830687072e-05
9.929681487529586903e-01 6.801105525590652270e-05
9.934131521003878307e-01 5.682185963691112395e-05
9.934549539982618915e-01 6.003028806241227495e-05
9.934608488547383986e-01 5.999074081747926047e-05
9.939449604966814622e-01 6.211127051360584828e-05
9.947635426632043254e-01 5.668372737269862483e-05
9.950667508353204793e-01 5.819466183166684158e-05
9.955298087831176979e-01 6.196417912343137036e-05
9.955790930363936919e-01 4.946597986464866396e-05
9.960570224441447351e-01 4.920484411762999355e-05
9.962776558405623817e-01 6.100574997813482141e-05
9.967375994868625799e-01 6.136137254659048464e-05
9.969320172775132383e-01 5.743844650524713806e-05
9.974650510894317312e-01 5.137834967772082881e-05
9.975013882326725367e-01 6.282182988590381248e-05
9.978819922711139601e-01 4.926962939591366145e-05
9.979275650742791548e-01 6.266727791705387378e-05
9.982724057316860744e-01 9.719726628089575505e-05
9.989605302441112444e-01 5.896288474859886944e-05
9.989941844905413371e-01 5.411397272071709292e-05
9.997077751870161455e-01 4.626065914031324077e-05
1.001708001714421314e+00 5.747075872675454369e-05
1.002268885899288753e+00 5.314992557461029125e-05
1.002667415978847121e+00 6.017299529825274976e-05
1.002704572242375969e+00 4.436440432271448011e-05
1.003372698048585310e+00 6.590143286152047662e-05
1.004201606236607036e+00 5.941749489557369681e-05
1.005313547445210842e+00 6.403387321471051569e-05
1.005388512694058267e+00 5.737682604532772852e-05
1.005754294468809595e+00 5.608526720639689053e-05
1.005855867356677091e+00 4.729559396731063218e-05
1.006566771226154344e+00 5.489766726478878528e-05
1.007046353681842144e+00 9.051061774016038819e-05
1.007085358946268050e+00 4.987239431013346054e-05
1.007124820468859649e+00 4.843054879081175323e-05
1.007261922424191214e+00 5.984044378468450016e-05
1.007482165166281751e+00 5.020731031374287077e-05
1.007796076406592301e+00 6.156816042894267687e-05
1.007990036438180415e+00 5.071530584016155081e-05
1.008305400984909062e+00 5.358497528604680849e-05
1.008335718691223848e+00 7.259914062770133833e-05
1.008402349098946216e+00 5.546657574561256296e-05
1.009923622276089672e+00 5.802682206399568883e-05
1.010161274321060620e+00 5.865874428801970473e-05
1.010218968270211626e+00 5.090006764651209376e-05
1.010654790244039258e+00 5.443060269992774502e-05
1.011345818085623405e+00 6.102983421525409361e-05
1.012336615162038989e+00 5.059609418905674946e-05
1.013765904868335399e+00 7.075972897960922559e-05
1.014791988274769352e+00 5.202158292247822697e-05
1.015146023231179084e+00 6.392960729710097138e-05
1.015754393048715398e+00 4.818308466691850517e-05
1.016241495437565590e+00 4.939919907708930562e-05
1.016408598279883613e+00 5.705084960681129316e-05
1.016879221258361721e+00 4.545789537175660457e-05
1.017133615966991478e+00 6.499830219520156454e-05
1.017354540005611652e+00 4.847603276289203726e-05
1.017542736772833134e+00 6.339974605197946564e-05
1.018211343870876417e+00 4.921343342976341860e-05
1.018791424634055032e+00 5.934908110282241913e-05
1.019506636660269860e+00 5.075994377774149081e-05
1.020093948303965492e+00 5.340735881939970156e-05
1.020370079502319394e+00 7.552657638690418317e-05
1.020622818445663160e+00 5.077946285971486682e-05
1.021830833116607273e+00 6.490630006119724844e-05
1.021856296712437162e+00 4.921735053077722202e-05
1.022994185646428633e+00 6.228047483435303680e-05
1.023421215255874817e+00 4.009526944527411815e-05
1.024047968118156682e+00 5.191900828962368934e-05
1.024198028972390873e+00 5.838435429370020794e-05
1.024909464053249231e+00 5.585083467579135612e-05
1.025898611848907072e+00 4.603225865258727935e-05
1.026787237405450304e+00 4.436891358835675953e-05
1.028339769191646491e+00 4.945068397756126403e-05
1.028670361994341587e+00 5.133121505545774253e-05
1.029185728704512304e+00 4.794607232701650530e-05
1.029568854814290502e+00 4.732638442644654115e-05
1.030060598900510049e+00 5.312730952440217018e-05
1.030406333586282308e+00 4.840986225041026263e-05
1.030776899143650560e+00 4.820078884374895466e-05
1.031264654511599321e+00 5.578756658669138202e-05
1.031583571471278882e+00 5.326392720282764040e-05
1.032001282309904511e+00 5.475773334804361151e-05
1.032137621259434868e+00 5.432747263521255305e-05
1.032487037880482239e+00 5.173470600582176005e-05
1.033043829376010692e+00 5.377338038301902998e-05
1.033127488275265904e+00 4.506528798464866370e-05
1.034385060148003133e+00 4.860211308302714084e-05
1.034668568996740756e+00 4.966374768651762753e-05
1.034994237648829252e+00 8.581010609741920067e-05
1.035502814937956151e+00 5.249481111758758133e-05
1.036324208808958591e+00 6.105496317894456280e-05
1.036568114395255868e+00 4.773710023190162971e-05
1.037310446000296205e+00 4.875111744327500926e-05
1.037321782373605616e+00 4.907312068617564177e-05
1.038263192046559480e+00 5.019788716477222186e-05
1.039338303040385769e+00 4.426807160898231774e-05
1.040598535572903938e+00 5.033050407677225379e-05
1.040779609792060079e+00 5.395597138920448058e-05
1.041829167994295702e+00 5.200769095749267697e-05
1.042279263949103862e+00 5.166190245600539094e-05
1.042539759768123186e+00 4.632990290816108280e-05
1.042731558164737171e+00 4.920685756214934693e-05
1.043051513114519935e+00 4.576614273039836408e-05
1.043103204548160967e+00 5.387381623908775777e-05
1.043552019365041161e+00 4.507469730054219990e-05
1.044159258466847762e+00 4.367157296895138042e-05
1.044261343484778504e+00 5.005844566407574640e-05
1.044433121551566090e+00 4.762027176662860504e-05
1.044479584721696996e+00 6.074815404463649812e-05
1.045552341653374517e+00 5.822531796670764336e-05
1.046857823311649227e+00 5.696280919541795563e-05
1.047198895936474639e+00 5.387772498918862993e-05
1.047380810059048040e+00 4.916888360124296929e-05
1.047628685964687278e+00 4.122388887195211173e-05
1.048403111346162264e+00 5.002077626086903929e-05
1.049984496542571311e+00 6.001110731711297195e-05
1.051001750414520375e+00 4.998835841119949897e-05
1.051450208021652344e+00 5.641130879056576179e-05
1.051594796831579748e+00 4.564611282675394452e-05
1.051757616335146528e+00 5.074073752736583151e-05
1.052436603307888907e+00 5.208970860569182615e-05
1.052640173809929580e+00 5.525320165198051515e-05
1.052852535891573238e+00 4.432481458929750915e-05
1.053391827359332344e+00 5.167666530795845577e-05
1.053606306476460253e+00 4.638033440095365055e-05
1.054721726853239838e+00 4.673700414907504166e-05
1.056414804843756716e+00 4.343408293394347653e-05
1.056586728998289981e+00 4.773766841949672748e-05
1.057296808976229796e+00 4.740931281048323137e-05
1.057344275440427639e+00 5.828972807241399376e-05
1.058049601023647535e+00 4.920762372274956054e-05
1.058173470818304374e+00 4.337945267093998373e-05
1.059967523221755581e+00 4.613732404695381644e-05
1.061793956388377369e+00 5.560325921587406942e-05
1.061974577178949053e+00 5.011390695063165423e-05
1.062446586411847305e+00 4.089079966370280531e-05
1.062799705798626038e+00 4.896233847136137468e-05
1.063807829824474860e+00 4.699192229377327935e-05
1.064656935610273747e+00 5.148683735366685468e-05
1.065700652087409050e+00 4.616005372122193421e-05
1.066040461309442078e+00 6.094569054939039522e-05
1.066811613253520363e+00 4.950158975946886017e-05
1.067264137520287814e+00 4.834361213018584209e-05
1.067286862998423347e+00 4.034047303028639883e-05
1.067912714671238161e+00 4.332880269749484685e-05
1.069007865500350096e+00 4.638599641702074241e-05
1.070887833553683555e+00 4.342335142666276155e-05
1.070991863941273659e+00 4.394345787171627274e-05
1.071168892258366201e+00 4.051677687288006863e-05
1.071719395471740999e+00 4.684493086323783756e-05
1.071909628089060540e+00 5.134630158797436056e-05
1.072394791553909377e+00 4.312410547161554754e-05
1.073077149502065453e+00 4.327058411310048927e-05
1.073600738126615051e+00 4.180854859901021714e-05
1.075875628622616764e+00 4.456440342938723659e-05
1.076404732381813556e+00 4.797498510173891579e-05
1.077273279927734695e+00 4.875043306729419634e-05
1.078276047561166795e+00 5.736081443568966494e-05
1.078477763627528008e+00 5.295532024980169068e-05
1.079782849919903365e+00 4.614970021875468455e-05
1.079848026398025018e+00 5.828860031331089007e-05
1.080276750193237989e+00 4.334231648643197741e-05
1.080363285584214239e+00 4.779153673693421891e-05
1.081986709484066722e+00 3.721064237166104953e-05
1.083220000244932368e+00 4.416963088227741235e-05
1.085617667707305278e+00 5.179497728284065733e-05
1.085997886048102545e+00 4.275332119801478865e-05
1.086649074186040176e+00 5.854301081527334431e-05
1.086755700467897823e+00 4.260905148110435075e-05
1.087250321766536354e+00 4.261081542394586145e-05
1.088246509265480277e+00 4.510153480399025120e-05
1.090587169678961521e+00 4.401258985721105368e-05
1.091291802451994197e+00 4.178871645511464367e-05
1.091346209868153005e+00 3.685069836736957057e-05
1.091446434151764233e+00 4.607399464804118756e-05
1.093462856246384174e+00 4.555727179898113986e-05
1.095366734665284003e+00 4.980307820381226554e-05
1.095496671102893727e+00 4.788272050784963819e-05
1.096403941451635999e+00 4.803246642897557214e-05
1.096727632102662664e+00 4.222050334112413712e-05
1.097542065451024396e+00 4.358953601495240001e-05
1.097840044227994971e+00 4.813466736009575059e-05
1.097986477738674971e+00 4.667432671578162687e-05
1.099410097390272067e+00 4.256164322663393126e-05
1.099416572918451740e+00 5.031518456926493672e-05
1.103661101958461010e+00 4.587203086320115888e-05
1.103835868583268542e+00 4.853964544018028325e-05
1.104504903531224880e+00 5.498662294574983275e-05
1.104665645770994908e+00 4.638578775665172310e-05
1.104696990381148547e+00 5.317035976004427924e-05
1.104760385986070848e+00 3.666384987444404499e-05
1.105563349128073858e+00 4.092342233274548420e-05
1.106254839816160906e+00 4.358133593605295706e-05
1.106957280033526558e+00 5.614993784163993296e-05
1.107207288040814808e+00 4.048234543974110522e-05
1.107243206699722426e+00 4.014131645677697580e-05
1.108224067568636340e+00 4.353434542512756147e-05
1.108656635598147977e+00 5.682552554309515906e-05
1.111128629977256477e+00 3.696385927808054536e-05
1.111142611040331740e+00 4.266248964905461187e-05
1.111738051626272039e+00 4.517183227823630404e-05
1.113183528822290214e+00 4.255518103298324285e-05
1.114316120940667787e+00 4.321002552652717564e-05
1.115534120154573428e+00 4.513682216859157240e-05
1.115920163736338955e+00 3.858371373491351026e-05
1.117106214432805888e+00 4.207901052883155160e-05
1.117320543298039537e+00 4.190187315924280283e-05
1.119488378917889104e+00 4.691012760682360274e-05
1.120682023638400970e+00 3.653545265441393976e-05
1.121130242023354651e+00 6.490381677776091635e-05
1.121617114594753106e+00 4.472867750181363914e-05
1.122303182562563784e+00 3.582023724632604533e-05
1.122487546574945538e+00 4.053064067970670183e-05
1.122949440003371935e+00 4.773489047133462290e-05
1.123053970106767441e+00 3.803026194563862838e-05
1.123869969408014979e+00 4.112489330687897708e-05
1.124786514497732037e+00 4.189910548896189194e-05
1.125093215834612526e+00 4.058695381572194165e-05
1.125710560668047311e+00 4.154430625511228777e-05
1.125982856194882809e+00 3.861128348996194703e-05
1.128174727278510980e+00 3.627696192461122963e-05
1.128189211696484007e+00 3.595798257505207843e-05
1.128677584871820239e+00 3.372659568743397232e-05
1.129595275935118659e+00 5.356949559557055838e-05
1.130983946996479306e+00 3.770108542387178995e-05
1.131129193232323527e+00 4.343788294517224151e-05
1.131900221844395205e+00 3.637761756518656465e-05
1.131907303844249535e+00 4.030595562159291952e-05
1.132245336300712335e+00 4.040190322204834382e-05
1.132296556918860775e+00 4.213908132093943437e-05
1.132680333923579585e+00 3.967518889578815325e-05
1.132953154738839396e+00 4.280053293141133924e-05
1.133035944612588386e+00 4.269722253773408448e-05
1.133629117540753573e+00 3.329959601886267617e-05
1.134221659055977716e+00 4.310566766946360908e-05
1.136624680820450983e+00 4.605797560200697316e-05
1.138262068354277678e+00 4.573850630813219441e-05
1.138539740766044916e+00 3.851114534406578714e-05
1.139023711146561313e+00 4.934526576694648448e-05
1.139051447570873066e+00 3.819452990146356326e-05
1.139587938124518196e+00 3.764294035260642719e-05
1.141324893931155549e+00 4.741882881228508484e-05
1.141364701352947097e+00 3.888371328401929244e-05
1.141839582696433819e+00 4.927794554770194020e-05
1.142995368944061063e+00 3.632473746156423400e-05
1.143300967111061439e+00 3.806705015205026437e-05
1.144567104523958045e+00 4.895709234424840367e-05
1.144584912086670458e+00 3.695326182582453386e-05
1.145099438086024435e+00 3.340016085687890201e-05
1.146605454207452190e+00 3.819143588921792974e-05
1.147467398766686575e+00 4.081408655121593441e-05
1.148779720532258297e+00 3.337912971140149127e-05
1.149020223700062848e+00 3.643232498448709491e-05
1.149184896695675917e+00 4.434125901149628656e-05
1.151131880893637716e+00 3.629094460769766444e-05
1.151844459658920128e+00 3.911528545045592318e-05
1.151882814237843222e+00 3.609761039320218644e-05
1.152349315077561664e+00 3.656406765998155786e-05
1.153296756086769737e+00 4.033296017191475446e-05
1.154324544982138434e+00 3.953938189879148261e-05
1.155463699075224726e+00 3.502562133978113731e-05
1.155856190864486210e+00 3.722409292975334432e-05
1.155960389025067814e+00 3.502122990276296710e-05
1.157001341599753319e+00 3.784773435678717046e-05
1.158601773811224422e+00 3.871963847324053147e-05
1.158870356421409120e+00 4.477794290309964899e-05
1.159262643037927365e+00 3.853486318433139274e-05
1.159356476017878501e+00 3.893293197409394667e-05
1.162006174135767456e+00 3.353948198370693883e-05
1.162473308623906521e+00 3.515076622896277968e-05
1.164028658261701210e+00 3.771873061424370631e-05
1.164322828461388015e+00 4.410271659539159917e-05
1.165351250589649501e+00 3.624225219366437872e-05
1.165966628608756883e+00 3.729432906237309966e-05
1.166983318034598760e+00 3.974214871094191681e-05
1.167023495129047461e+00 4.569889097184751749e-05
1.169302321725415705e+00 3.078963321580857664e-05
1.169479532886553708e+00 5.668355329574305647e-05
1.171177651340510550e+00 3.426659888925862664e-05
1.171397557885745844e+00 3.375123729369466544e-05
1.172032442400722685e+00 4.122315658828103278e-05
1.172359683821011966e+00 3.122497810353268115e-05
1.172388356313334823e+00 3.921734235049972259e-05
1.173727109972127591e+00 3.460200901772522459e-05
1.174667622471679440e+00 3.554469991856249031e-05
1.175316440774171634e+00 3.700559374856160402e-05
1.175544512748357029e+00 3.250350647469718704e-05
1.175622417251582563e+00 4.912349009016908738e-05
1.176016918787599064e+00 3.583510906781985772e-05
1.176852345066227157e+00 3.126593966666172124e-05
1.177069108411896048e+00 3.895491496823611172e-05
1.178648540300162750e+00 3.469376805529873119e-05
1.180424503368977973e+00 3.384344751418972820e-05
1.181016108973630185e+00 4.085987285771183888e-05
1.181205529821286015e+00 3.410585092537567312e-05
1.182279734131849169e+00 4.560873107513262274e-05
1.182656776606549220e+00 3.628522275359703726e-05
1.182738188061576823e+00 3.057014097280791076e-05
1.186933991056245530e+00 3.540972042936135555e-05
1.187285017392968989e+00 3.428425953010716837e-05
1.187708897023867172e+00 3.661375567717285831e-05
1.188058986569887621e+00 3.757225268422147298e-05
1.188674667018324360e+00 2.661181027889815998e-05
1.191152986513436041e+00 3.056894321230940688e-05
1.192863718798199191e+00 3.185992121146944648e-05
1.193317557627181502e+00 3.509493067032233555e-05
1.193351548859765021e+00 3.296702330052931669e-05
1.193626489023346560e+00 3.467295677940939889e-05
1.195463148715829149e+00 1.020317320933105065e-04
1.195992790811380324e+00 3.606677053951851288e-05
1.196362633926175922e+00 3.399894876050852017e-05
1.196810408530482706e+00 3.970979227940721633e-05
1.196830319339648119e+00 3.297780519118154489e-05
1.196864921750441457e+00 2.940008259647520827e-05
1.197024927945023132e+00 3.249541838415676671e-05
1.197415296886441549e+00 3.644423629445583642e-05
1.197467462879763245e+00 3.695597790484229570e-05
1.199402764778336516e+00 3.447333449027503699e-05
1.200208481618632250e+00 3.202774276407500107e-05
1.200808747265118104e+00 3.062590084138812417e-05
1.203064298011901734e+00 3.825301247679744877e-05
1.204413399411305097e+00 3.072056460180332273e-05
1.204948657854965743e+00 3.558542721805188171e-05
1.206087233620725785e+00 3.352633522496442940e-05
1.206205527733462235e+00 3.200839409579789519e-05
1.209286733057890917e+00 3.281107295614170579e-05
1.210233777543570532e+00 3.504840484426663828e-05
1.214760457234970614e+00 3.460520474573909898e-05
1.215219263325772570e+00 3.141964485636866678e-05
1.216706901586913414e+00 3.097127563686809227e-05
1.217249210511253565e+00 3.231211955312197811e-05
1.217988925280833357e+00 2.856498250189299385e-05
1.218237285965582117e+00 4.314600728340045534e-05
1.218920154780543719e+00 3.175095569614132403e-05
1.219901276766076625e+00 3.175125316228597666e-05
1.221148390369939829e+00 2.959529100792946481e-05
1.224251014115443459e+00 3.001236098371448121e-05
1.226421246860951886e+00 3.547454916466217628e-05
1.227146552420201875e+00 3.567854370945013607e-05
1.227793781444552534e+00 3.034127796191487132e-05
1.228332240911698792e+00 3.053245899297089437e-05
1.228802021992917881e+00 3.730863980633947587e-05
1.228870022537302598e+00 2.760505872184729792e-05
1.228881437557519662e+00 2.907648278318867161e-05
1.228920527763715187e+00 3.092656064457115477e-05
1.229056494108269115e+00 2.925718137134563718e-05
1.229168995414801069e+00 2.978259742092091418e-05
1.229230890974184476e+00 3.280696920708113231e-05
1.230103060664850645e+00 3.240903105698278528e-05
1.230256231327600203e+00 3.593137347679468242e-05
1.230511468614352788e+00 2.756866448938213239e-05
1.230768936963285709e+00 3.016931298530566043e-05
1.230905035687104299e+00 2.911105320874145234e-05
1.231263791425160958e+00 3.400644663117185839e-05
1.231735356885563348e+00 3.086162998336795734e-05
1.231970684699641438e+00 2.573622367551639425e-05
1.232368799504311108e+00 3.056422218679113572e-05
1.232967761415703078e+00 3.010533726068962505e-05
1.235466923274052498e+00 3.407547487687869337e-05
1.236108060053283442e+00 3.028705992820644353e-05
1.236488190961990474e+00 2.930619830726548277e-05
1.238344037266560171e+00 2.949807951029153699e-05
1.238429244934473594e+00 2.874908506757488708e-05
1.239143292935365182e+00 2.658027231255206792e-05
1.241153257499712614e+00 2.693126675015741753e-05
1.241206891109452481e+00 3.914760723612733086e-05
1.241255446700107123e+00 2.956064571441985217e-05
1.242305047435863452e+00 2.911957742979965418e-05
1.243424173581591408e+00 3.016427429235109145e-05
1.243589532168349221e+00 3.423038509041445408e-05
1.245820599140353258e+00 3.034270534209073601e-05
1.246207433654266117e+00 3.228391998459579010e-05
1.247812144303808823e+00 2.576151671776917467e-05
1.248243334659038029e+00 3.062686897675228459e-05
1.250765906579822007e+00 2.465181571535845457e-05
1.251411122337271031e+00 2.968324785387933083e-05
1.253165844551661356e+00 3.085482907642381949e-05
1.253810595439061482e+00 2.921428886617960489e-05
1.253954250533255266e+00 2.634486297456695272e-05
1.254122343576271836e+00 2.792242300897231349e-05
1.256711087764398771e+00 2.866800400234750936e-05
1.257110230644878923e+00 2.755706074414157635e-05
1.257910488014776895e+00 3.256002077942636341e-05
1.258019183449303746e+00 2.868632834356824572e-05
1.258854299551262157e+00 3.081254631976999717e-05
1.259278909722768791e+00 3.011634663216417588e-05
1.259470555750536791e+00 3.054288335874885360e-05
1.259751293838955233e+00 3.258602586750250583e-05
1.260636539778462462e+00 3.028988067102983606e-05
1.264037154236563598e+00 3.025219878859578779e-05
1.264106749123337536e+00 3.088334067322646786e-05
1.267469729776504739e+00 2.769816370996724191e-05
1.269145798168710870e+00 2.862037130775622659e-05
1.269184681946216253e+00 2.557641307755406578e-05
1.270450049559560091e+00 2.550754582708354842e-05
1.273344977115847154e+00 2.875172281845519542e-05
1.273478020462748939e+00 3.308282014580748835e-05
1.274788164922712186e+00 2.533126520587184924e-05
1.275387694064379795e+00 2.764031962305333513e-05
1.275853470287372726e+00 2.682938066973016719e-05
1.276938707299023701e+00 2.771472520290239132e-05
1.276970493623165837e+00 2.543485233481949451e-05
1.278970626047584158e+00 3.387109394018679410e-05
1.280442929834689325e+00 2.444923986381924934e-05
1.281298285854157726e+00 2.703404892493719354e-05
1.281372968708359039e+00 2.882142930920929359e-05
1.282825453400242344e+00 2.900737011835221124e-05
1.283068956190520860e+00 2.552670547339189224e-05
1.286522932108721484e+00 3.073959946051818993e-05
1.287359080073007478e+00 3.054359415435730800e-05
1.287862603606747536e+00 3.355298802949871788e-05
1.291158684419418279e+00 2.350813675658235230e-05
1.295512990539234410e+00 2.637066381586570274e-05
1.296285662461496679e+00 2.637083412123151740e-05
1.296874534332271178e+00 2.877617150073753471e-05
1.296962873599828425e+00 2.573877606351863747e-05
1.298827050181439624e+00 2.485245652448178378e-05
1.299008348051906125e+00 2.430079767892656824e-05
1.300439236083211547e+00 2.662524616246633654e-05
1.300614312253267402e+00 2.760298060232126136e-05
1.304534163119490886e+00 2.657841567233990715e-05
1.305987756977152969e+00 2.771845110352548654e-05
1.307399752324610143e+00 2.493037692205454228e-05
1.307890577562491163e+00 2.223441362806755171e-05
1.308080643873427817e+00 2.822198055537589886e-05
1.308231754768365063e+00 2.496896789440876109e-05
1.308524491330284256e+00 2.927966854305186651e-05
1.308846160566088379e+00 2.505496910579772704e-05
1.310291240876199748e+00 2.397334709430898875e-05
1.310816974125913248e+00 2.275515400997489657e-05
1.311023506141476558e+00 2.562629420407242504e-05
1.312713199739567349e+00 2.510691286163889332e-05
1.313767190734404844e+00 2.468037353517866326e-05
1.314620631225435377e+00 2.459896772115899188e-05
1.314733702704927509e+00 2.438914471485084055e-05
1.315740374053461670e+00 2.393585887017670368e-05
1.316875009517636030e+00 2.128446273180213311e-05
1.318192884128358555e+00 2.404721592759072733e-05
1.318637643244487956e+00 2.410525457153050256e-05
1.320789746827823574e+00 2.393543698468003606e-05
1.322641051210646568e+00 2.499168891627742359e-05
1.322880173746812105e+00 2.675657260559733972e-05
1.322898146646918738e+00 2.537167989837866379e-05
1.322909606120063364e+00 2.667780756440984335e-05
1.324286729635573145e+00 3.259694996946921547e-05
1.324979867119418397e+00 2.580310076561326079e-05
1.325949045750159039e+00 2.546363958074510908e-05
1.327453027904610172e+00 2.829029645984677881e-05
1.328396720734843495e+00 2.363987338873826973e-05
1.330376521917609356e+00 2.305489410625500659e-05
1.330704749181457425e+00 2.491462220196656013e-05
1.330766187702899783e+00 2.425221427976218512e-05
1.334072972530359502e+00 2.378957568330815486e-05
1.334984293884526885e+00 2.502797771113151717e-05
1.336323714987473377e+00 2.340106435828057116e-05
1.338401532139789074e+00 2.245531546803062253e-05
1.341312010701907642e+00 2.826893657967042436e-05
1.341635926977673865e+00 2.356582956501045086e-05
1.341756385857017397e+00 2.761202473183407260e-05
1.342892968277861199e+00 2.181341425154799426e-05
1.343190334927315766e+00 2.691942660008430610e-05
1.343986804003845403e+00 2.247698326404770698e-05
1.345366279928420283e+00 2.220418909552398124e-05
1.345866327900340220e+00 2.331772385417962677e-05
1.346350717547747378e+00 2.284207078882796087e-05
1.347415898862326156e+00 2.532711272754948324e-05
1.348843631711482249e+00 3.042270137473155887e-05
1.348998522123872945e+00 2.345201377055011811e-05
1.351037333113145333e+00 2.405413642718524009e-05
1.352212740350772879e+00 2.254699838890646750e-05
1.353039312238438985e+00 2.284433034382586181e-05
1.353435682175844645e+00 2.378856872576177349e-05
1.355818250960714400e+00 2.389074135425654817e-05
1.357474823221966886e+00 2.115958850899118192e-05
1.357560578161736364e+00 2.275157504950933574e-05
1.357865918556914409e+00 2.227858126770053304e-05
1.358157429917496106e+00 2.151713742830936441e-05
1.360729842764564657e+00 2.263140013728412008e-05
1.361276883783598679e+00 2.365961928532612292e-05
1.361751879028625822e+00 2.242475561451670040e-05
1.362428688297195212e+00 2.298279751926743752e-05
1.362569665109845118e+00 2.085106290269503674e-05
1.364491444397117448e+00 2.127086329194478802e-05
1.366987263324228152e+00 2.715760682264030461e-05
1.367837739411127629e+00 2.222173498192890116e-05
1.369664527717070923e+00 2.558363936447085736e-05
1.371523640592146709e+00 2.508806113307515207e-05
1.371978231742607690e+00 2.249680403322806789e-05
1.372231918050489607e+00 2.098792868170263544e-05
1.373910953573699967e+00 2.375033092579845022e-05
1.376083747061339624e+00 2.033309102045998825e-05
1.376914222788006459e+00 2.045504488084020755e-05
1.379757155581156303e+00 2.020143916434299881e-05
1.381341480186679016e+00 2.356068591078239028e-05
1.382261465514594834e+00 2.082855978104066483e-05
1.382584509745378387e+00 2.012046091813796367e-05
1.382742481811321422e+00 2.019742440494227414e-05
1.383193342444572149e+00 2.020452364757115789e-05
1.384064169585629944e+00 2.176509248655632219e-05
1.385507340074006555e+00 2.498788548211472864e-05
1.386562713650504985e+00 2.182914463022608012e-05
1.387363388263205488e+00 2.091865787982679598e-05
1.388184204400745969e+00 2.008898357772614387e-05
1.388326513377478255e+00 1.925737407614740325e-05
1.389122872501591388e+00 2.061328858106925219e-05
1.389750905123090297e+00 1.898630727651230707e-05
1.390307946867556987e+00 2.340937788693742185e-05
1.390583264168420596e+00 2.051595061708671211e-05
1.390679498063718933e+00 2.091914849910840669e-05
1.390680764565686678e+00 2.385954456216930037e-05
1.390944816236271642e+00 2.220880485888458564e-05
1.391586183582016467e+00 1.988431486566164831e-05
1.391912824432634199e+00 2.047201306963438417e-05
1.393385681361514195e+00 2.408552338653493854e-05
1.394005059041056205e+00 2.001492339349665697e-05
1.396146413115791907e+00 2.090568606372777109e-05
1.397027399280590609e+00 1.961309262466657662e-05
1.400718233838524451e+00 1.935905908544362884e-05
1.402425593499472045e+00 2.283597444827907368e-05
1.403109794607594552e+00 1.917228212583743741e-05
1.404139204704087707e+00 1.889623037394970052e-05
1.404564881110795138e+00 1.769494600024570539e-05
1.404989926738199557e+00 1.841607938581337083e-05
1.405380191114925292e+00 1.871612971293307078e-05
1.406109760321737401e+00 2.003155272836791578e-05
1.409948733178463476e+00 1.996906151097691643e-05
1.412873074023720310e+00 2.282642274455227652e-05
1.414217232029943094e+00 1.912687885635792071e-05
1.414850870923815895e+00 1.912687618600029943e-05
1.415056433168342620e+00 1.852284938005059741e-05
1.416926505993048924e+00 1.852917221107747522e-05
1.418154795596147988e+00 2.137229297823089362e-05
1.421669035872345388e+00 1.784506635209299528e-05
1.422064684136335355e+00 1.748879264049748081e-05
1.423478147140336825e+00 1.796844205037663114e-05
1.423619687985955951e+00 1.843859344723396956e-05
1.423702166403202574e+00 2.035822444968388956e-05
1.423841054899638525e+00 2.048233754673133079e-05
1.427638097473326484e+00 2.028650943833288671e-05
1.428433964661761202e+00 2.028557407070936846e-05
1.428694988875107930e+00 1.824311719373629428e-05
1.428910689511915910e+00 1.789321773524699705e-05
1.429692741396006994e+00 1.761819214519596354e-05
1.430668542206696481e+00 1.827883990469390054e-05
1.430808931011867680e+00 2.092184486425929400e-05
1.431243529079374799e+00 1.936544845841808735e-05
1.431431394609274710e+00 2.423359303725386974e-05
1.432291801733309056e+00 1.939801228927316858e-05
1.432921830155815757e+00 1.975979746584348443e-05
1.434334519249905959e+00 1.854663325676703657e-05
1.436331053420096815e+00 1.999731128983008607e-05
1.436365445841296218e+00 1.926743201572220078e-05
1.437328070844715366e+00 1.946053444753408009e-05
1.440084931606702590e+00 1.903694551503159416e-05
1.441096530894237393e+00 1.829347429933960293e-05
1.441418486313607028e+00 1.705124644767863680e-05
1.442143006247452730e+00 2.036269028537310456e-05
1.442575555678111465e+00 1.634915209834550366e-05
1.442761915536732609e+00 1.872689036590143607e-05
1.446138487205562484e+00 2.031709127222989527e-05
1.446467103816444055e+00 1.966837541867833786e-05
1.447301162217594417e+00 1.711558137124084318e-05
1.447972347528304171e+00 1.988332477920346585e-05
1.449401286955296131e+00 1.803500346668176474e-05
1.449570157515287283e+00 1.743728250053339226e-05
1.451471850750883252e+00 1.526100544416356114e-05
1.452402631099918295e+00 1.886172490562335632e-05
1.453504933916304864e+00 1.900260690144930134e-05
1.454110474642520634e+00 1.860590560373635467e-05
1.454434415548150339e+00 1.658222587201020428e-05
1.454881447839917463e+00 1.683081007501637408e-05
1.459881767886184845e+00 1.960862150618173394e-05
1.460305905080678146e+00 1.748234906230756845e-05
1.460941899899772523e+00 1.884199666805029042e-05
1.461238334492101831e+00 1.632092591719470554e-05
1.462057592309942367e+00 1.659850211494365424e-05
1.462406802504459868e+00 1.956358873855567457e-05
1.463559864764608864e+00 2.063349059310917065e-05
1.463898509669686820e+00 1.567740851943944674e-05
1.467341047750460037e+00 1.816860065212624203e-05
1.467733806370455474e+00 1.685155030292321686e-05
1.469565280970317245e+00 1.712441584575068092e-05
1.469938825464798704e+00 1.685170612632036431e-05
1.469972185936944342e+00 1.812983754723043148e-05
1.470754349870896815e+00 1.657367842904472908e-05
1.472706125988490822e+00 2.184979647506030665e-05
1.477069330201776998e+00 1.770062990543690970e-05
1.477336604132532205e+00 1.817294588059922296e-05
1.478945757725030452e+00 1.540932215499081224e-05
1.479403484388238876e+00 1.807491186300060805e-05
1.480780090915076785e+00 1.796396670899818451e-05
1.481299038800208523e+00 1.932679054902342776e-05
1.481690646475898099e+00 1.633499803093085801e-05
1.481728505018614639e+00 1.785444596408549016e-05
1.482004235340249387e+00 1.602621316484391235e-05
1.482287589490317359e+00 1.831128144090766265e-05
1.482594752087021073e+00 1.653739624850221536e-05
1.484590252963345458e+00 1.685373797343281996e-05
1.485472105283165645e+00 1.533582488514241519e-05
1.486286099269159111e+00 1.955776578631721760e-05
1.487221219614125012e+00 1.988195438297673601e-05
1.487808818935766553e+00 1.852494987118813834e-05
1.491029535404355899e+00 1.638664692420660607e-05
1.492505502132431161e+00 1.677582144553156160e-05
1.492714173984456938e+00 1.558667537664013819e-05
1.493387753056302669e+00 1.770580351382081166e-05
1.494026717793094594e+00 1.514310248251684110e-05
1.495532419269895552e+00 1.651857985779891957e-05
1.497037754340844851e+00 1.898364545572425643e-05
1.497312951583171792e+00 1.576918934396072481e-05
1.498695212829044721e+00 1.674195184412174847e-05
1.500731351003869785e+00 1.598647371195432258e-05
1.501116535499303462e+00 1.537991756339544854e-05
1.502345218411481609e+00 1.557063147195517192e-05
1.503257745632841980e+00 1.712499423559172101e-05
1.504306500470723229e+00 1.379545937820000917e-05
1.504799449068257911e+00 1.662040635945340067e-05
1.504999952270197339e+00 1.514646386428563131e-05
1.505040387068486973e+00 1.758830279485392651e-05
1.505325010055769130e+00 1.625479857909006314e-05
1.507543995001074721e+00 1.706028820671190975e-05
1.507981427348209946e+00 1.656945448305500090e-05
1.508041499686726183e+00 1.456487284039443342e-05
1.508159091515496986e+00 1.689417281933772277e-05
1.508848849281920979e+00 1.504835917981251555e-05
1.509761971415876536e+00 1.624142303314311814e-05
1.509818045556134081e+00 1.568792675521418322e-05
1.515342318531431420e+00 1.655472742352368673e-05
1.516149946532640014e+00 1.609472916920874584e-05
1.516241663472403189e+00 1.760326756947037865e-05
1.520485899915754002e+00 1.522539855777286728e-05
1.521545368408651289e+00 1.504658423201067647e-05
1.522447839705375117e+00 1.784718994102217344e-05
1.524168194901233564e+00 1.563123077208707136e-05
1.524428843595916128e+00 1.521094717546713279e-05
1.525153696681668558e+00 1.571009000836571062e-05
1.527005836454727428e+00 1.517665675677746797e-05
1.527609528424591190e+00 1.595986857147912492e-05
1.527766236468373506e+00 1.569794213956686129e-05
1.527871399491042670e+00 1.606954948365950248e-05
1.531593606088016868e+00 1.393589512353503518e-05
1.532608074449496094e+00 1.617424651934969750e-05
1.541239197342203049e+00 1.491907104872719814e-05
1.541390559969650242e+00 1.510194207711599380e-05
1.542172029304961223e+00 1.489240847160818559e-05
1.543963347415740595e+00 1.531619793076486387e-05
1.545624996960139663e+00 1.466413227169891631e-05
1.547082418561351869e+00 1.341573509611687571e-05
1.548504949759049731e+00 1.379198668542608566e-05
1.549254951190542240e+00 1.380989407823047727e-05
1.549974925459189024e+00 1.450223125875605095e-05
1.552826837050204745e+00 1.510165070817555615e-05
1.554035600510501602e+00 1.357508230566586650e-05
1.555054519618358722e+00 1.658227481728894587e-05
1.555979897088789032e+00 1.479394980960996588e-05
1.556166027135986507e+00 1.701051229628845087e-05
1.561849866522607266e+00 1.362680287365554025e-05
1.563962630758247041e+00 1.215331710663078985e-05
1.564781702516480744e+00 1.288190520406658621e-05
1.565607672664391714e+00 1.484110035364378654e-05
1.565698945241433826e+00 1.417829300215553312e-05
1.567120364185166315e+00 1.419081874441118617e-05
1.568169999118653291e+00 1.501288443338791530e-05
1.569747163470345930e+00 1.614459813405343569e-05
1.569812885224680654e+00 1.246469274704453393e-05
1.569879928123407486e+00 1.535119575099750975e-05
1.572271488947028617e+00 1.160939587078378396e-05
1.572572076114875816e+00 1.354847965393109224e-05
1.574406930647187730e+00 1.442187961186840590e-05
1.575203637121415978e+00 1.316544080330709780e-05
1.575258790615289950e+00 1.351771453529486072e-05
1.579472503573616349e+00 1.554390576776460458e-05
1.581379881334725956e+00 1.367667806669350792e-05
1.581464300423949254e+00 1.266545912981200600e-05
1.581992177506566843e+00 1.344234015469934068e-05
1.589277457516650394e+00 1.345248519454524763e-05
1.590637763038877939e+00 1.378929491668080107e-05
1.595358642251511805e+00 1.264744902356027998e-05
1.596637613729939620e+00 1.453794997422134875e-05
1.596949480222313200e+00 1.358349924367484677e-05
1.597091554549251669e+00 1.276799364577949574e-05
1.597304149508471660e+00 1.341863700964375144e-05
1.597748589506408079e+00 1.221471118884226378e-05
1.602044892791729902e+00 1.403401596298101821e-05
1.603184702225880942e+00 1.171054019273936240e-05
1.603923383748111275e+00 1.413653932647475415e-05
1.605451500978098522e+00 1.372025796450505540e-05
1.606350170471828376e+00 1.183914117722296411e-05
1.606677478572650086e+00 1.284710224817327403e-05
1.607928619489766842e+00 1.432940309772339418e-05
1.609559665671455697e+00 1.267178961564716248e-05
1.610266894295496964e+00 1.138117571844433886e-05
1.612122164531616386e+00 1.304776617222715935e-05
1.613333047628847439e+00 1.502066066089389340e-05
1.614443001385774679e+00 1.238117469684957896e-05
1.615536638500503663e+00 1.165318195087744867e-05
1.615711027662901866e+00 1.216393939153016721e-05
1.618858524823064471e+00 1.324016369044027003e-05
1.619742151784600681e+00 1.184364374233161515e-05
1.619906924034949292e+00 1.424599713113214257e-05
1.621641614973587275e+00 1.230250498635596775e-05
1.621927715920262969e+00 1.329839728135074639e-05
1.623696926265211449e+00 1.433613429102096050e-05
1.624411858560625532e+00 1.289536482105324915e-05
1.625446147988556467e+00 1.201001800252028668e-05
1.625826211314002068e+00 1.275347420733053606e-05
1.627280600055258430e+00 1.360390493105477136e-05
1.627777483032536443e+00 1.244740533783504639e-05
1.627907444297728157e+00 1.302411466507007472e-05
1.628067781520111224e+00 1.250781872319142962e-05
1.628882573585428206e+00 1.356012592473634565e-05
1.629104544431363877e+00 1.215431801911079876e-05
1.629479495512727194e+00 1.218923682075643712e-05
1.635309269849278158e+00 1.241313331427201376e-05
1.636644188062931882e+00 1.215395538640970789e-05
1.637955308120959463e+00 1.346113490254095795e-05
1.639847750987104558e+00 1.277243157138246434e-05
1.643981627440530113e+00 1.146467257035546831e-05
1.644148475615512250e+00 1.280306782970363149e-05
1.644691758840879148e+00 1.349343914843889222e-05
1.646851032966486716e+00 1.047747593536162347e-05
1.647247166440596322e+00 1.339528196063356718e-05
1.649494369994764398e+00 1.042032266006778766e-05
1.649968995248132897e+00 1.308229397811913185e-05
1.650024067531880245e+00 1.157085197896244766e-05
1.650547261177791158e+00 1.205334791925674854e-05
1.650756691594217340e+00 1.167318969090900185e-05
1.659094486090919585e+00 1.153433829077991536e-05
1.659197633449880582e+00 1.024540556455618772e-05
1.659710570326065726e+00 1.198462976409127920e-05
1.662448637847776967e+00 1.206593723398063103e-05
1.662965991299388158e+00 9.974175513742143743e-06
1.662970516988474090e+00 1.121065228096061984e-05
1.663161970430574232e+00 1.022739001414887969e-05
1.663376476136564364e+00 1.130257838867544944e-05
1.664305076144678708e+00 9.987486320038538323e-06
1.667534323646197247e+00 1.135894879378356399e-05
1.668630878117892680e+00 1.237693441104979159e-05
1.669034783377989495e+00 1.310658408430332618e-05
1.671641337217528500e+00 1.143906619681243766e-05
1.672285726883578905e+00 1.204896448111883149e-05
1.672805521704230580e+00 1.292975742211661631e-05
1.674190271544837794e+00 1.137094251330229102e-05
1.674250754150348186e+00 1.068718497721738589e-05
1.674329850754007420e+00 1.069970294602732329e-05
1.674495135377739308e+00 1.304950198974100101e-05
1.676026254526365555e+00 1.088874403838523261e-05
1.681066621969355968e+00 1.122457827357166119e-05
1.683646636122432705e+00 9.953566960218408592e-06
1.684715834172354931e+00 1.046972866590566034e-05
1.684859925956037063e+00 1.117422383582014542e-05
1.686028606803837704e+00 1.093517481525534459e-05
1.688458407137591433e+00 1.205414393442398218e-05
1.689359187979193822e+00 1.151190410384308155e-05
1.690622414405062779e+00 1.046921746146225318e-05
1.691865872717338126e+00 1.099102600604621241e-05
1.695200002224541702e+00 1.194702043358053524e-05
1.695918862403212879e+00 1.082391334739767018e-05
1.705072430994659660e+00 1.079112982861112421e-05
1.709019435673833520e+00 1.054890449041145547e-05
1.710260326347225801e+00 8.789029740137552999e-06
1.717629609669651058e+00 1.172730556853943485e-05
1.720979240167377355e+00 1.033829777587073023e-05
1.721566936612370258e+00 9.912496413920480841e-06
1.723275388227502702e+00 1.047734926051810465e-05
1.723799963808517299e+00 1.018879187410000381e-05
1.726492133719676803e+00 1.088100538572635620e-05
1.727127091734479425e+00 9.644274465474861227e-06
1.728164856101150004e+00 1.106384025757546199e-05
1.728909963188617782e+00 9.950035774071833464e-06
1.729181007772432999e+00 9.776673552771472225e-06
1.732229900528566180e+00 9.843163117612130364e-06
1.732241371372727823e+00 9.529240418329433179e-06
1.736420622197642816e+00 9.854790485355188200e-06
1.736944062512330911e+00 1.020551113817192176e-05
1.737567298092129731e+00 9.355371020491676099e-06
1.739223602597262497e+00 9.890682720441498998e-06
1.740384866273097630e+00 9.145780382383510206e-06
1.741420513474045251e+00 9.078274671679805024e-06
1.744699205665332986e+00 1.205504090613473556e-05
1.747984628180938582e+00 9.447438643489118387e-06
1.751776521404049936e+00 1.030901791616527485e-05
1.752024767805112626e+00 9.669750050461835408e-06
1.756870652983787862e+00 1.050436155540975319e-05
1.760229693513875038e+00 9.309441150969873638e-06
1.760672014435023192e+00 9.273108892980448957e-06
1.760902318538895672e+00 9.116121422098528404e-06
1.761023382576849539e+00 8.954654352881674485e-06
1.763583362593316384e+00 9.591409404656308231e-06
1.763652742604292278e+00 9.422969854558448343e-06
1.765310396469531584e+00 1.028832656577919487e-05
1.767083407896719693e+00 9.539149647685807068e-06
1.767828098446632579e+00 8.495564950220010604e-06
1.768074200962503673e+00 9.946857977819074858e-06
1.770203405325207813e+00 1.120353480355951662e-05
1.771182307832747105e+00 9.304908063777779295e-06
1.772451416463329155e+00 9.677019551245766754e-06
1.773468283668366618e+00 1.068326410748305292e-05
1.773982525141768241e+00 8.940936807806502024e-06
1.776706948272381847e+00 1.032531163605637716e-05
1.777257557271758159e+00 8.520822820194543982e-06
1.778624252238860226e+00 9.361680661018099108e-06
1.779979617685374160e+00 9.086579972414593980e-06
1.781077199149975421e+00 9.227031896157679842e-06
1.784065519110297648e+00 9.489979662870818379e-06
1.787082166902506986e+00 8.294907947080213290e-06
1.789455888673449291e+00 8.458828595240746120e-06
1.792190202584102776e+00 8.831931051747676163e-06
1.792900268868717228e+00 9.911351153276536598e-06
1.793152583868103278e+00 9.346817215656455090e-06
1.798457288543431565e+00 9.325905951279782636e-06
1.799012919722686732e+00 8.430457824722720176e-06
1.800911483268055280e+00 9.164988796235320933e-06
1.805283403427857314e+00 8.208839936341453484e-06
1.807204870588156931e+00 8.846499107233071453e-06
1.807805814488156138e+00 9.521894877194633132e-06
1.809297869562047190e+00 9.516520390399109137e-06
1.813627485101440451e+00 8.268014643135915905e-06
1.816408390640769532e+00 8.400573337557457618e-06
1.816824320252887537e+00 7.543136596645052031e-06
1.819024059374045210e+00 8.745516646540785630e-06
1.826217701487157230e+00 8.955226101196635269e-06
1.829418985696829925e+00 8.595841236003247537e-06
1.831113980904298000e+00 8.197156192520337804e-06
1.831848473144346956e+00 8.596736772558070391e-06
1.835640856594713766e+00 7.575769108893114631e-06
1.838343112386757294e+00 8.839414941370339225e-06
1.838965701000433661e+00 8.036325573422885380e-06
1.840068331551154568e+00 7.927806216788504910e-06
1.845116535016732673e+00 8.430504562155198708e-06
1.845150201441949411e+00 7.574290240953977435e-06
1.848982055240918188e+00 8.433401964753363321e-06
1.850575006514715293e+00 7.467109813630510113e-06
1.852531221591763977e+00 6.976461552098607666e-06
1.853274266369560719e+00 7.811761189794715147e-06
1.854973480882312620e+00 8.072840358774316114e-06
1.856141433566020238e+00 8.472154246068577701e-06
1.857303269971582571e+00 7.616601544247776347e-06
1.860583949205641519e+00 8.214319118109702163e-06
1.860852132408717274e+00 8.704501174287671521e-06
1.864313087759826182e+00 8.019646246400963894e-06
1.864546572716864192e+00 7.444054752385747899e-06
1.866122995767806714e+00 7.749931687049895718e-06
1.867039805576154787e+00 8.384803882662925320e-06
1.868552173794195026e+00 8.736364133716586621e-06
1.869116390719382848e+00 6.858354001866212904e-06
1.870219392977418904e+00 7.796201425442837697e-06
1.876021098301722034e+00 7.419425242571495185e-06
1.880069929372211845e+00 7.195912895765441525e-06
1.884625662144241209e+00 7.501157330004099930e-06
1.893473991906841736e+00 6.882831569819860175e-06
1.893983294916840476e+00 6.960258431569490495e-06
1.899395930630037421e+00 7.125213682108265486e-06
1.901050383327385740e+00 7.942574063431198663e-06
1.902608143305621891e+00 7.079372680782376736e-06
1.905547272049722851e+00 6.678989777636344935e-06
1.905978393595875175e+00 8.892885565257659016e-06
1.907101310605956002e+00 6.612972283088803336e-06
1.909705009914187679e+00 7.110279052616813795e-06
1.911363607527979180e+00 6.614626944388315125e-06
1.918438867802189529e+00 7.829029734613621579e-06
1.923750068821922232e+00 7.441311964416665675e-06
1.925715134256318128e+00 7.652237020719608924e-06
1.927236269803691115e+00 6.573185114318603837e-06
1.930486909873265766e+00 7.484545418849501503e-06
1.934745510122022560e+00 6.683996977359961285e-06
1.938271541589666525e+00 6.382421670301035637e-06
1.939237661353676145e+00 6.828573676737371775e-06
1.941860566308758917e+00 5.854114166724143210e-06
1.946264660799540192e+00 6.948420103255159373e-06
1.950493321350945219e+00 7.060336874600704450e-06
1.951639834085490799e+00 6.881257209890484650e-06
1.955711668035664097e+00 6.224473575532061035e-06
1.956906218492728167e+00 6.080701738198988606e-06
1.957390366609753851e+00 6.556934343959277964e-06
1.960339964551732539e+00 6.254944416491938316e-06
1.961202108906679786e+00 6.491943214699217971e-06
1.961777912258494849e+00 6.523378659651565554e-06
1.963246212484876851e+00 6.118124669522398614e-06
1.971014865527782156e+00 5.943464047409732343e-06
1.972778675386785530e+00 6.242930759338140912e-06
1.972984101672476065e+00 7.397034734392025135e-06
1.973752405465296178e+00 6.360500281401676562e-06
1.975008908498527394e+00 6.569580571078982959e-06
1.976079644545504665e+00 5.760827157217710456e-06
1.978860116752570342e+00 6.423237812728486577e-06
1.979569333430659661e+00 6.125007088338554937e-06
1.981156804356740686e+00 6.783651190401739390e-06
1.983136651448592191e+00 5.714646035441962852e-06
1.983283041952924153e+00 6.139502366981057857e-06
1.989711457757385782e+00 6.017160870157148648e-06
1.992152525027545362e+00 5.944440889294440285e-06
2.014147907696320683e+00 5.756190930144511412e-06
2.022458907351152302e+00 5.709842451595829119e-06
2.025293903174507193e+00 5.710434938094222986e-06
2.030915415412425151e+00 5.821779030464187877e-06
2.033475545365064807e+00 5.103023319939543861e-06
2.035693743760658148e+00 5.881733993684494008e-06
2.036448557618075750e+00 5.837943161924720071e-06
2.039651916872364357e+00 5.674517539615703841e-06
2.045620083935681066e+00 5.439088827056213727e-06
2.046064187192488948e+00 5.737313216920539930e-06
2.046666662754142774e+00 5.449895665734269948e-06
2.047122673369375256e+00 5.930234990194567353e-06
2.047631738335033980e+00 5.374166211288118760e-06
2.058299945885260218e+00 5.742083206492424199e-06
2.059840512823052361e+00 6.092072572026377144e-06
2.060573074640468683e+00 5.468042705136082836e-06
2.063841510106477983e+00 5.522604226729426813e-06
2.068958869278138213e+00 5.804481056894738656e-06
2.069633507306218423e+00 5.469491774947440146e-06
2.070748536161512110e+00 5.806000962225049744e-06
2.070969701117174377e+00 5.467589621339840955e-06
2.071169069030854626e+00 5.450329679997756447e-06
2.075210422872247218e+00 5.748582191455683174e-06
2.076456838009867578e+00 5.978093622686488374e-06
2.080043811117251895e+00 5.696546909403990905e-06
2.086497932084149465e+00 4.923537048668970620e-06
2.090729031337978494e+00 5.101022114233513767e-06
2.091032336518203749e+00 5.665491595257406020e-06
2.103252927963226604e+00 4.919576547769238932e-06
2.116942652480834131e+00 4.900019839832179547e-06
2.117546347908207505e+00 5.326303990636540611e-06
2.118582813380429641e+00 4.756258725651394365e-06
2.121690812203223864e+00 5.336920057734547722e-06
2.125532203223072791e+00 5.356356530827202788e-06
2.126424524927344351e+00 5.291146677980965649e-06
2.128122494337341575e+00 4.913249853297537398e-06
2.130939994573399776e+00 4.917811294174642362e-06
2.134479841612359152e+00 5.175496617898135026e-06
2.140071333179113022e+00 4.750287341836669285e-06
2.142961602978188385e+00 4.991718745090291721e-06
2.146708437622154797e+00 5.004789126247868598e-06
2.149030616528657678e+00 4.858026388601168418e-06
2.154092584801450716e+00 4.437934846886492704e-06
2.158971175339607917e+00 4.655837980297492884e-06
2.162405564083376586e+00 4.780057364635657685e-06
2.165391413066042325e+00 4.541193317123682094e-06
2.171264060894211756e+00 4.731761632520822670e-06
2.175437125229043200e+00 5.069898999890954800e-06
2.182701657427401187e+00 4.824439713613524901e-06
2.183237224318792080e+00 4.768078893455508609e-06
2.192644278808778768e+00 4.646159899227294507e-06
2.192965571611392050e+00 4.864789169089684256e-06
2.198955324783591792e+00 4.389280187195010566e-06
2.200294270559995713e+00 5.114870267444584483e-06
2.201305020194259221e+00 4.698752258127652997e-06
2.202755835046794175e+00 4.715027319179613612e-06
2.202846711859558493e+00 4.921026091664956302e-06
2.203811102484723783e+00 4.456666306973068482e-06
2.206800086260378713e+00 5.140304485509545171e-06
2.209552122582166600e+00 5.095127829348355618e-06
2.212703651383119752e+00 4.513736512574285768e-06
2.223185455905190011e+00 4.334182921635194379e-06
2.227309891379625650e+00 4.629541871186223846e-06
2.227335217881677654e+00 4.088196444091928808e-06
2.229144765873811274e+00 4.113594165992414081e-06
2.231198648171555554e+00 4.589586868111246210e-06
2.239502629659931632e+00 4.119213232152286382e-06
2.243381551586689060e+00 4.427226972679753840e-06
2.244245838886907762e+00 4.216760307473480535e-06
2.252002200494148898e+00 3.771885586780144302e-06
2.253241187958443525e+00 3.955360486403988432e-06
2.257676414662742825e+00 3.884917509001442231e-06
2.258212838373562903e+00 3.746998548145098123e-06
2.263761910279042056e+00 4.486632193650526971e-06
2.265876015639928021e+00 4.021804856552935498e-06
2.272341059495278870e+00 3.750360202806551938e-06
2.277022526515735112e+00 3.745796366732830821e-06
2.286930941036206644e+00 3.661361114556978348e-06
2.295190964099483644e+00 3.818281634814549671e-06
2.300496616378935766e+00 3.871354902530990550e-06
2.302030974938827246e+00 3.448341092948908634e-06
2.304035383798387571e+00 4.369907501736420053e-06
2.304647747185567752e+00 3.897577082022359387e-06
2.307005991942291612e+00 3.852687712207295090e-06
2.309261357558018091e+00 3.732634859048340154e-06
2.318158773965811825e+00 3.958709324349154862e-06
2.321556352537232026e+00 4.168467421556915129e-06
2.323537408712844421e+00 4.051971878706268958e-06
2.328363378299962427e+00 3.834835399858466501e-06
2.328432320745986495e+00 3.814902676923369741e-06
2.336018755267525115e+00 3.727749464847295712e-06
2.349376353162489384e+00 3.937204233010629179e-06
2.355908897430707860e+00 4.111450212485395368e-06
2.356211508897877671e+00 3.852324841281199857e-06
2.360920071389114305e+00 3.413826710366550484e-06
2.361488458263564016e+00 3.794427751594793330e-06
2.363104446345562160e+00 3.980929475434154950e-06
2.369315705279453343e+00 3.506897548270753488e-06
2.370187253102149505e+00 3.803612432694227448e-06
2.373660332283560326e+00 3.285316168630599839e-06
2.380963946469446757e+00 3.442406902912850065e-06
2.384768667884186844e+00 3.207610476187248803e-06
2.386170289199573524e+00 3.587514230193213416e-06
2.389329106139118863e+00 3.463213960073455086e-06
2.396164662906569820e+00 3.489729569129317182e-06
2.398235210899256398e+00 3.535437175540695781e-06
2.401061467757052981e+00 3.329064011648491837e-06
2.403223846381236317e+00 3.464094133351226661e-06
2.408662512852706161e+00 3.670286806055616216e-06
2.410182907339607716e+00 3.385479697723675268e-06
2.419784324694624456e+00 3.345941644673560908e-06
2.427397364822628578e+00 3.556536325218579935e-06
2.430572401767527868e+00 3.415369640448544531e-06
2.463002421460338986e+00 3.050302953808029471e-06
2.464267945914391245e+00 3.154045042026939371e-06
2.487442614484167258e+00 3.257088407497332956e-06
2.497281789108603878e+00 3.255871929863839941e-06
2.504131773654374893e+00 3.077755598782517061e-06
2.509885643057593985e+00 3.046961256964439620e-06
2.513183456225470458e+00 2.959902094837695257e-06
2.515274852987538168e+00 3.112505326642635323e-06
2.518021881935947448e+00 2.632003183300289871e-06
2.525068001984323907e+00 2.832191345618019816e-06
2.539215997372918476e+00 2.799742374620657289e-06
2.542669765296625251e+00 2.676117844028276949e-06
2.554655685144208377e+00 2.644930704440173238e-06
2.560398149165349135e+00 2.892451648546391082e-06
2.575715056166407724e+00 2.869086521475760940e-06
2.584070578236687510e+00 3.067794597761491801e-06
2.593365183668173035e+00 2.818810543242179251e-06
2.594063945931378790e+00 2.566682798917878773e-06
2.609773637108808497e+00 2.780979547238331099e-06
2.619601519881574081e+00 2.672696888896653393e-06
2.620663196968036956e+00 2.328678812696245038e-06
2.623367269175493455e+00 2.559489357215005816e-06
2.632169220242750463e+00 2.649544001580094380e-06
2.645562879853218252e+00 2.452752633446659596e-06
2.662773667853099102e+00 2.686784669051998106e-06
2.670487597621161946e+00 2.514599840583832579e-06
2.686916267198396380e+00 2.440568300055878522e-06
2.708904781518111982e+00 2.280908670639680076e-06
2.711596827600796455e+00 2.438974807982522698e-06
2.735026105026669541e+00 2.187014421964272991e-06
2.736575126939474689e+00 2.377852236528464794e-06
2.800832799960458086e+00 2.327749998516724470e-06
2.807594199399790380e+00 2.109491958232611057e-06
2.831900343429427203e+00 2.204742451653034217e-06
2.841452074043683051e+00 2.192143111304618402e-06
2.856390143565669337e+00 1.923368318632788811e-06
2.860116795425374558e+00 2.127645795868235416e-06
2.867824532375631286e+00 2.028335338851881145e-06
2.871111279615210954e+00 2.034491361046836755e-06
2.905839221318661014e+00 1.819198423849925758e-06
2.960747127377998389e+00 1.953976585809752835e-06
2.980451035784243086e+00 1.829106617039715637e-06
3.031929762617900259e+00 1.643987438977861014e-06
3.033538479622186479e+00 1.805547950542560595e-06
3.065169519400414710e+00 1.858316862084491145e-06
3.160145694305805275e+00 1.481188843545761303e-06
3.423946314138163860e+00 1.251095480677022306e-06
3.798148714774287615e+00 1.047066959422134326e-06
