-3.495557983713867056e+00 1.576702051471261132e-07
-3.386194092317778015e+00 1.568594995270625445e-07
-3.351199577180420608e+00 1.628535535710681606e-07
-3.324520237456109140e+00 1.552297648576741546e-07
-3.107444798783992823e+00 1.924795287514923644e-07
-3.096042546482289382e+00 1.990879918363541211e-07
-3.091199788095928103e+00 2.040284479357993126e-07
-2.987126051357916978e+00 2.184365872925864582e-07
-2.954267011760291162e+00 2.146161510749020509e-07
-2.940594119622880420e+00 2.215546407573885838e-07
-2.918420313545904587e+00 2.052494718995180485e-07
-2.915725178162337894e+00 2.092163761553032522e-07
-2.888736483138163003e+00 2.099023652997764178e-07
-2.852327394257872850e+00 2.830665898309040313e-07
-2.834263432196283627e+00 2.594612451180868601e-07
-2.816965204487206442e+00 2.413777050545803095e-07
-2.769095529283302604e+00 2.842055736380436183e-07
-2.741300121500987341e+00 2.828561855702565784e-07
-2.733044065032498082e+00 2.498491466790800811e-07
-2.720647673734431837e+00 2.744316708993310106e-07
-2.713886095481319760e+00 2.611944765207457534e-07
-2.697403963002546590e+00 2.633451201541098281e-07
-2.688359536855770227e+00 3.091421709473897923e-07
-2.684116036946926354e+00 2.767141492347764200e-07
-2.681401544110506574e+00 3.371363100204494086e-07
-2.665653902891658156e+00 2.460812136740538343e-07
-2.664661735212494609e+00 2.906588105527059995e-07
-2.652987257934509291e+00 2.907755345649574891e-07
-2.633799925596075120e+00 2.655340512772079436e-07
-2.615718360431102951e+00 3.187981935831737459e-07
-2.610119963860197512e+00 2.971400150481504091e-07
-2.601003403134944492e+00 3.269890457346501727e-07
-2.599318372720928583e+00 2.807611026099573271e-07
-2.595327028989284468e+00 3.025987761287286031e-07
-2.594232463084223284e+00 2.784185818887705638e-07
-2.558400521477604439e+00 3.175111672968065258e-07
-2.553754743896054169e+00 3.036043932051911304e-07
-2.553493686228797355e+00 2.846084289859350950e-07
-2.542837091046215914e+00 3.287293593758069296e-07
-2.540253287357406631e+00 3.649965607295444627e-07
-2.526927500360919510e+00 2.932457901180513360e-07
-2.516068393081956955e+00 3.725573604562522335e-07
-2.494617734291620703e+00 3.211793932305654815e-07
-2.451960850098441114e+00 3.071255416230642501e-07
-2.449738740285485328e+00 3.444346069202173354e-07
-2.424544697054026976e+00 3.531755508028808728e-07
-2.420512019779582857e+00 3.424216951252854631e-07
-2.394606184474575183e+00 4.068766734763732381e-07
-2.383294141258170296e+00 3.250824948558647919e-07
-2.381270281996286986e+00 3.361941371186672711e-07
-2.371888293995731534e+00 3.677390837190921592e-07
-2.336033421887373063e+00 4.391067142280241916e-07
-2.334683206699223579e+00 4.141024648760091770e-07
-2.328052517072739747e+00 4.147454849136738016e-07
-2.325880510781657140e+00 3.613383993422008285e-07
-2.322981569355262454e+00 3.838788264218800556e-07
-2.322031717630071324e+00 3.093955215699631326e-07
-2.321315052287812097e+00 3.298474126782505031e-07
-2.319156998163113492e+00 3.911133216020438504e-07
-2.316489008992093979e+00 3.854306498124759116e-07
-2.309686716474819157e+00 4.214724377035507283e-07
-2.306580629773692159e+00 4.750531165982035553e-07
-2.305409166354679407e+00 3.862608254499395547e-07
-2.282070764956933839e+00 4.566248157311727812e-07
-2.276955168750356862e+00 4.322433365536677340e-07
-2.274245345327142509e+00 5.129668314631915622e-07
-2.264995515938239556e+00 4.842792871070531065e-07
-2.263111054177541437e+00 4.213486765800849147e-07
-2.257266309562883766e+00 4.379467257396251518e-07
-2.245947638965389181e+00 5.031111161967174546e-07
-2.244720239100049142e+00 4.289369700977499266e-07
-2.229994651176514076e+00 4.123239539430851286e-07
-2.229086967235690775e+00 4.366519778774728834e-07
-2.228250912855568977e+00 4.298072125860889432e-07
-2.226938660241121859e+00 4.866185989802419499e-07
-2.216999309798421525e+00 4.984013324363804992e-07
-2.216917597717504407e+00 4.568673519949332247e-07
-2.206778403573545599e+00 4.633821652542819670e-07
-2.172659165727903297e+00 5.248302617170101232e-07
-2.169778599847419276e+00 4.606969721943573911e-07
-2.166779210897616270e+00 4.498143153083503915e-07
-2.157876572321916431e+00 4.862066629620076366e-07
-2.155255599386844523e+00 4.699951622738885001e-07
-2.153163679207676928e+00 5.768143917857138316e-07
-2.145255381948908191e+00 5.131312662978162842e-07
-2.141433152768830173e+00 5.237237931630582647e-07
-2.140211514852428554e+00 4.743176471668008672e-07
-2.138933300457849462e+00 4.830070317757686360e-07
-2.136469597850480184e+00 4.999279578954895361e-07
-2.135787542196899480e+00 5.733667953992768515e-07
-2.128309581979617171e+00 5.127261653769847430e-07
-2.124385780979668681e+00 4.982515042521065531e-07
-2.121872136923955487e+00 4.917253621919172118e-07
-2.112942871815588930e+00 5.987973084622946650e-07
-2.110895417647617567e+00 6.060327596627482609e-07
-2.107008246142960672e+00 4.928038068309933274e-07
-2.091000675502683759e+00 5.888181300868783634e-07
-2.082074718924537216e+00 5.224806159565284313e-07
-2.081233988149024494e+00 4.931652302398583130e-07
-2.079705121784571897e+00 5.254255108293059029e-07
-2.079645881694452303e+00 5.504128170300296122e-07
-2.075391920357731124e+00 5.512752737234708538e-07
-2.073925334470369197e+00 5.333196313138231645e-07
-2.073776909681049663e+00 5.258205877556600535e-07
-2.073506846826853600e+00 5.129721280969551071e-07
-2.071690065541953896e+00 5.634465867045181549e-07
-2.070827082969722177e+00 5.636231820023986011e-07
-2.068937628155255837e+00 6.633052740541474653e-07
-2.066498249411839350e+00 5.605905243935631791e-07
-2.062896530415022855e+00 5.941455365262741330e-07
-2.061329499003379695e+00 5.698212599017805685e-07
-2.059815987630239320e+00 6.082328375079962132e-07
-2.058945580198608294e+00 5.195346103077178991e-07
-2.056782966587554107e+00 5.497142445577340387e-07
-2.056205728011632150e+00 5.837338066484320327e-07
-2.044187322078096170e+00 6.744423851062781425e-07
-2.036504482666243288e+00 6.248876011255640173e-07
-2.035737807623109408e+00 5.884739069583746430e-07
-2.032337321673567843e+00 5.497044549034080350e-07
-2.030179294625384934e+00 5.837582425377964214e-07
-2.028779778546283996e+00 5.730487841913301272e-07
-2.026868097173601058e+00 5.591367267627419438e-07
-2.017785447459874870e+00 5.693931338173686636e-07
-2.014898413527451471e+00 6.599003480147977894e-07
-2.012623302522057678e+00 6.105742175123345402e-07
-2.011727372980049999e+00 6.120017280267543256e-07
-2.011481460203498273e+00 5.918956456679326788e-07
-2.002581331927054009e+00 6.435297584289644985e-07
-2.000110996615574788e+00 6.764004780626402391e-07
-1.998796267250658731e+00 6.375364189868596701e-07
-1.993921102432783421e+00 6.480751929385613089e-07
-1.993720250762148094e+00 6.684343490703908837e-07
-1.988006725035812217e+00 7.923731433822694764e-07
-1.982873256891155567e+00 6.671314838151616370e-07
-1.981562955010754967e+00 7.761094716929538618e-07
-1.978164485500267356e+00 7.288004437169478839e-07
-1.975890702272649735e+00 7.006979643648697592e-07
-1.975086092379490621e+00 6.583269909174905039e-07
-1.969842900921231710e+00 6.345756314609858650e-07
-1.969637142196830837e+00 5.859590149455892117e-07
-1.968672238377479067e+00 6.822332632718004515e-07
-1.967242461645714258e+00 6.413668921783951778e-07
-1.965299927916502210e+00 6.621633570194211382e-07
-1.961934288472644505e+00 7.585995691765456495e-07
-1.961433137983752850e+00 7.006065159956231022e-07
-1.955961689986005725e+00 7.768469069995372302e-07
-1.949907624268656825e+00 7.723505199824539088e-07
-1.947726943837495339e+00 7.251522977662765342e-07
-1.943447944537651351e+00 8.515859769749929229e-07
-1.940590162606038449e+00 6.979392619088248817e-07
-1.933535854462414161e+00 7.310750533819510917e-07
-1.928955638532679151e+00 8.231802224922869211e-07
-1.928737363985208342e+00 8.774276376924108353e-07
-1.926829663053633901e+00 7.318860777840296122e-07
-1.921753143408416520e+00 7.254269344100899958e-07
-1.920415378066113510e+00 8.766887990541649330e-07
-1.918780287917182470e+00 7.426012472597541572e-07
-1.914370761229686746e+00 7.053677343793703951e-07
-1.912570134915770437e+00 7.734009278216496508e-07
-1.912367120456576419e+00 6.752041614215759913e-07
-1.909966820503228302e+00 7.541356086853266331e-07
-1.907701407599451393e+00 9.166016799235514598e-07
-1.905329732930045816e+00 7.767300773061432859e-07
-1.904688902388483873e+00 7.619829055463670626e-07
-1.902364549941565564e+00 7.391302149448552575e-07
-1.896543363761193257e+00 8.004292774086175868e-07
-1.896288506406580421e+00 7.183270070377507724e-07
-1.896221875760981668e+00 8.498214638341173182e-07
-1.896092344236171234e+00 7.617511333254737159e-07
-1.895464906031135932e+00 7.407625612245844295e-07
-1.890937634637569920e+00 6.898482391477432100e-07
-1.889983460804730786e+00 8.134062975306744960e-07
-1.889072749207476365e+00 9.382968252944263246e-07
-1.888153594635120669e+00 9.319019820697575207e-07
-1.886422058442102090e+00 7.941850396800918556e-07
-1.884722467192689876e+00 7.999862095090125032e-07
-1.880163718394892047e+00 6.573923885322394713e-07
-1.879263691137408321e+00 8.504679567920896936e-07
-1.878124562485962157e+00 7.531454570975908765e-07
-1.877456508541351488e+00 7.887404934454657399e-07
-1.876748662996354788e+00 8.061501889623805666e-07
-1.873412128826862366e+00 8.665780345012889578e-07
-1.872804528788859724e+00 8.099401038571427768e-07
-1.872736679620573774e+00 7.902355112693773710e-07
-1.869771333435469529e+00 8.250586950891701579e-07
-1.869552263678224246e+00 7.489280775556702721e-07
-1.867452418109184498e+00 6.930877985478221326e-07
-1.866401869668389057e+00 7.808325650000656169e-07
-1.865434420521261405e+00 8.209149084784808912e-07
-1.864330977320615812e+00 8.405899822883037829e-07
-1.862935257752908136e+00 8.049161475289943465e-07
-1.860823803335880378e+00 7.960298820847485685e-07
-1.859132203838811170e+00 1.040676136310508816e-06
-1.856915064953812644e+00 9.692212113760188281e-07
-1.854922611042612690e+00 8.500716518718015619e-07
-1.854606326711808251e+00 9.718124689528996487e-07
-1.850715960809361293e+00 9.537835425092221183e-07
-1.843740726792714169e+00 1.040074889631776539e-06
-1.842886367916300783e+00 8.597331539606041693e-07
-1.842596038551445492e+00 7.820490603618908791e-07
-1.837157071027290201e+00 8.468837304971394673e-07
-1.834184986365964276e+00 9.485080663695568090e-07
-1.832949641817018360e+00 8.805447283799922353e-07
-1.831944680253233759e+00 8.516361065344323982e-07
-1.831699105842272690e+00 7.081769400435350019e-07
-1.830181065486693015e+00 7.266566652180190765e-07
-1.830082334423252188e+00 6.885470111447420669e-07
-1.829684622246184000e+00 8.521805063413086247e-07
-1.827438646848855264e+00 8.477465351024724394e-07
-1.824928282547260361e+00 9.571723733624430351e-07
-1.820285349482756887e+00 1.075387321128474536e-06
-1.817278719833648415e+00 9.298881764836257149e-07
-1.816467061100994762e+00 7.759594129039240268e-07
-1.815502096742054983e+00 9.259862562667660583e-07
-1.815000604734668510e+00 9.681185186468057275e-07
-1.814713865910205337e+00 9.423981609099832354e-07
-1.811432089480518925e+00 8.760345783553826524e-07
-1.810709031184379425e+00 7.019416888712248763e-07
-1.808865288798767068e+00 7.540856900482818116e-07
-1.808370512069981118e+00 8.684782253555804329e-07
-1.807193970264396432e+00 8.018769814484830195e-07
-1.805891034625506375e+00 6.890271593681027716e-07
-1.805634140593041614e+00 6.425693627101644182e-07
-1.804966718448614671e+00 8.332589694142046736e-07
-1.804809866972959309e+00 6.973148206122221295e-07
-1.804782286781780876e+00 7.766526386895066799e-07
-1.803275379520734134e+00 9.523401793427574182e-07
-1.802788857553954571e+00 1.101211361512412753e-06
-1.801332816393964364e+00 9.121024634741142605e-07
-1.799198454486296450e+00 1.007544441826258244e-06
-1.792587209616135047e+00 1.058590653523270476e-06
-1.791848097615479807e+00 1.057581743990389668e-06
-1.791578295711804492e+00 9.702498365181588364e-07
-1.786047583276467510e+00 9.832564044567197515e-07
-1.785417930570046607e+00 1.056346680163757389e-06
-1.785013761319230952e+00 9.468166792730424743e-07
-1.783603062738682743e+00 8.786765786947423576e-07
-1.783276437699394812e+00 8.437797068268562466e-07
-1.783101510733610562e+00 8.675869633186158867e-07
-1.783053778052669180e+00 9.322758183787044118e-07
-1.778400883403031818e+00 1.014944284396915335e-06
-1.777263357790874077e+00 1.023856283610760281e-06
-1.776829412160748412e+00 9.505594765526777896e-07
-1.775758692884871648e+00 9.828481945810331058e-07
-1.774849088918415640e+00 1.083203277102559584e-06
-1.766832795445202109e+00 1.161182837482765257e-06
-1.765901111477085061e+00 1.012369524388559873e-06
-1.763864816660975610e+00 1.086930774322556877e-06
-1.761716848131780422e+00 8.592776812419008647e-07
-1.760285030021129682e+00 1.115191212980407415e-06
-1.755858860033911784e+00 1.024544525610025655e-06
-1.755683318238846491e+00 9.001287063252635289e-07
-1.755676852434508994e+00 1.179372930548245827e-06
-1.750401308814926615e+00 9.750281099896789990e-07
-1.747352767801285012e+00 9.058426818908764327e-07
-1.747119246143301385e+00 8.703004253452130530e-07
-1.745888000786449235e+00 9.114737823841415677e-07
-1.745175396899206088e+00 1.033859882379411167e-06
-1.744720791804845961e+00 8.779473153783376398e-07
-1.742506916549885654e+00 8.417907613465658368e-07
-1.742313316405966317e+00 1.046999709923799326e-06
-1.740083597011210959e+00 9.229910895597339446e-07
-1.738531398877909639e+00 9.801757328957462445e-07
-1.736782400490507694e+00 8.730941245303013045e-07
-1.736308808724672526e+00 9.192546752484370338e-07
-1.730827014243076167e+00 1.127580943157832541e-06
-1.730057688196635857e+00 1.030538297343176277e-06
-1.726324393379842004e+00 1.013067297704484654e-06
-1.725040232895177272e+00 1.097972153426048684e-06
-1.720207109336294282e+00 1.074053716251668357e-06
-1.718145368541224238e+00 1.109213337556840623e-06
-1.715695034446944822e+00 9.285414301708991948e-07
-1.712387599917762682e+00 1.226695996572659415e-06
-1.710885569886313018e+00 1.003003533205300007e-06
-1.708266500656494991e+00 8.997960258320293772e-07
-1.706611082632258025e+00 8.743771214820159147e-07
-1.703888624608421498e+00 8.146385129861465115e-07
-1.702041199303262031e+00 8.369499641184324266e-07
-1.700169523653727977e+00 1.158044165537822067e-06
-1.698356210415585377e+00 1.186844253392977046e-06
-1.696508961715814223e+00 1.009998720982879542e-06
-1.692339826201096464e+00 1.075564705651377123e-06
-1.691774418313178208e+00 1.068338542491214789e-06
-1.690851022184365560e+00 1.176612442576870640e-06
-1.687554438310550298e+00 1.145032553456494510e-06
-1.683083665257026684e+00 1.094137800758556269e-06
-1.679300477404161329e+00 1.123501949861851892e-06
-1.674092063018928878e+00 1.065465104900277278e-06
-1.672500969443448504e+00 1.244141078931270177e-06
-1.670986402819652161e+00 1.170822139043716457e-06
-1.668615174501896448e+00 1.000069144532993840e-06
-1.666478215483585101e+00 1.049940352197238130e-06
-1.666266914140493327e+00 1.057635082581729563e-06
-1.665518330053170182e+00 1.046031349170829949e-06
-1.662966136700048336e+00 9.388811269690688571e-07
-1.661228003785825802e+00 9.812468864805781801e-07
-1.660665491221172463e+00 8.221972884675532396e-07
-1.660347276848175291e+00 9.396426573601150171e-07
-1.659692507468873535e+00 9.235010115255805480e-07
-1.659459207092713218e+00 1.079097892489532684e-06
-1.659018320350933440e+00 1.040001261200815435e-06
-1.657634760436371701e+00 9.451722938447509798e-07
-1.649712430659565854e+00 1.303233929447371902e-06
-1.643962618170061507e+00 1.188707863967831054e-06
-1.643847626310458665e+00 1.077659376632976805e-06
-1.640962795484410153e+00 1.241385820582026942e-06
-1.639852036168113703e+00 1.180714680463192210e-06
-1.638397048236033493e+00 1.071262382632389223e-06
-1.635604197718899755e+00 1.270193676599449307e-06
-1.634120776965579669e+00 1.228396183120671688e-06
-1.633712047011505852e+00 1.421825639576642061e-06
-1.628561086027142446e+00 1.045893297697709455e-06
-1.628375014786431096e+00 1.169760930635004877e-06
-1.627869409732244810e+00 9.565190032725286963e-07
-1.627633280354698009e+00 9.177021363075735827e-07
-1.626525586453588579e+00 1.266236209682141256e-06
-1.626487354687122799e+00 1.108806961444430592e-06
-1.615908894447844357e+00 1.372681175209088820e-06
-1.613290248269295679e+00 1.385484134358365191e-06
-1.612886190456996882e+00 1.016006785386318851e-06
-1.612688458902155064e+00 1.201153231788470889e-06
-1.612623222163535486e+00 1.114511805859204627e-06
-1.612328357192712280e+00 1.139606590475168374e-06
-1.608772713691517531e+00 1.166440222336150920e-06
-1.608529363393352396e+00 1.120097569992778784e-06
-1.607615033044723196e+00 1.231443733893478209e-06
-1.602212333148375523e+00 1.439121318656000708e-06
-1.601944898276090434e+00 1.432765105873801745e-06
-1.601853836197995484e+00 1.392230559706524564e-06
-1.599383643106482955e+00 1.470874982147400311e-06
-1.598017137776179153e+00 1.078085428815253091e-06
-1.595461836318777360e+00 1.283040544950696381e-06
-1.594726583133554643e+00 1.276487807798550796e-06
-1.594637523927193046e+00 1.391076416665091020e-06
-1.594225760760452637e+00 1.205214499251553636e-06
-1.589117913324169740e+00 1.481533260825895954e-06
-1.587041918752228886e+00 1.584959241874064653e-06
-1.586835541018749796e+00 1.421862427183086030e-06
-1.584571560312569405e+00 1.549292354956458527e-06
-1.576754131031864237e+00 1.701596346055378190e-06
-1.574320739368674227e+00 1.561242251788463619e-06
-1.573032793676764740e+00 1.442374239836446719e-06
-1.572618439492174502e+00 1.344558693796021858e-06
-1.572316336991347985e+00 1.276032486042030665e-06
-1.572054914065275755e+00 1.311011951130476817e-06
-1.567696936551757236e+00 1.257731604576197466e-06
-1.564928003294347114e+00 1.503516591001765244e-06
-1.564013502518415644e+00 1.334775553399480915e-06
-1.563550186021688493e+00 1.318426176140881941e-06
-1.563442947945562711e+00 1.497240001556067583e-06
-1.562179311930834480e+00 1.281873771591411954e-06
-1.561415756079055361e+00 1.039800522050916813e-06
-1.560955045110818062e+00 1.319698348809143663e-06
-1.560377900537350371e+00 1.564450141398919370e-06
-1.558397657330188313e+00 1.476433135486898238e-06
-1.558165174871341430e+00 1.280838410966087322e-06
-1.556813372503617066e+00 1.358316724708321009e-06
-1.555465522301898718e+00 1.193426559394433357e-06
-1.553819342318802699e+00 1.338259263899696050e-06
-1.552562975579036220e+00 1.418546435569453943e-06
-1.551188622399387596e+00 1.281771950425598112e-06
-1.551045012598295747e+00 1.773017987907538556e-06
-1.548450648004049413e+00 1.433432569820412389e-06
-1.548074727179712395e+00 1.604158104111834703e-06
-1.547306903795454547e+00 1.408212176540613313e-06
-1.546314080549009873e+00 1.585693866868882481e-06
-1.546165101611098214e+00 1.480217962127262645e-06
-1.545348827919399426e+00 1.386922385231177741e-06
-1.541474379803358330e+00 1.979754458836495700e-06
-1.539703122896890486e+00 1.567889314394355080e-06
-1.536554304439432528e+00 1.611313619758675863e-06
-1.536106716878617329e+00 1.567624324548123245e-06
-1.535211145951655975e+00 1.701620486079182257e-06
-1.534729344503274140e+00 1.697295618758848583e-06
-1.532731064858623871e+00 1.782615771058698982e-06
-1.532423031272142522e+00 1.494153433809227731e-06
-1.529789111263075929e+00 1.607351094576458967e-06
-1.529602597076179737e+00 1.741602778245978259e-06
-1.529359335053206204e+00 1.696573626311434985e-06
-1.527192790193003358e+00 1.536938985953914656e-06
-1.526675078108292949e+00 1.487206868816029697e-06
-1.525856160497712333e+00 1.661472269105101317e-06
-1.523958144945579907e+00 1.478518559919019519e-06
-1.519943891674160108e+00 1.693903245291383582e-06
-1.518935478330658562e+00 1.659793741629116390e-06
-1.518644418700785481e+00 1.762581781125099937e-06
-1.516651531338496506e+00 1.594237424208493070e-06
-1.516575924594358415e+00 1.364860330355795276e-06
-1.514544623154733705e+00 1.392636766672081869e-06
-1.514199877271635630e+00 1.615319215466621927e-06
-1.513928604948503454e+00 2.173587144106814864e-06
-1.512295778844403360e+00 1.790189409927215884e-06
-1.510234153805146473e+00 2.050513196130872211e-06
-1.508628837966402569e+00 1.615448790410424502e-06
-1.506687399089371215e+00 2.010497404549230103e-06
-1.506079729170001880e+00 1.737941864175859441e-06
-1.505626901447565169e+00 1.566645881312499945e-06
-1.504822278629144305e+00 1.949892258578115482e-06
-1.502385535181994580e+00 1.604345004211710404e-06
-1.502154661305414418e+00 1.768119982502517245e-06
-1.501910256409946909e+00 1.667480235421016355e-06
-1.497966330764375353e+00 1.830582572852663159e-06
-1.497478754573994930e+00 2.091640024727341198e-06
-1.496821033800793233e+00 1.792420115986856487e-06
-1.493837211252413200e+00 1.575161764477467573e-06
-1.493750726564544440e+00 1.668595249281859766e-06
-1.492817254273749228e+00 1.749232638596546605e-06
-1.490488842168756323e+00 1.698127816576024112e-06
-1.489355273202535912e+00 1.698319055517400431e-06
-1.488714661486397972e+00 2.229702919422008029e-06
-1.487228776666916330e+00 2.043402609478056324e-06
-1.486838502664096007e+00 2.980692400248945169e-06
-1.486184975424347687e+00 1.589340742566499825e-06
-1.485709369750280562e+00 1.875629142240567659e-06
-1.484235561682065718e+00 1.772587888627401626e-06
-1.484041198820136742e+00 1.484873967398149185e-06
-1.480256684778528564e+00 1.559435139469129981e-06
-1.477748753162637874e+00 1.418125775328986995e-06
-1.477454146733579332e+00 1.591978893106541022e-06
-1.477357091675342016e+00 2.009225811706230976e-06
-1.477215078844674068e+00 1.746562116969299338e-06
-1.477047900267241198e+00 1.610126818237932962e-06
-1.477027517340331109e+00 1.943979496264821138e-06
-1.476857770771364153e+00 1.779285365805496795e-06
-1.476628706068658037e+00 1.350193597597844716e-06
-1.476565631960570890e+00 1.706883412100013929e-06
-1.475278287996649285e+00 1.634950457152231278e-06
-1.473856142998664298e+00 1.994348636094884144e-06
-1.473726601768022393e+00 1.578637534088381119e-06
-1.473673772978153274e+00 1.920455551211545089e-06
-1.472821252549119997e+00 1.808577310401955457e-06
-1.472408520714252989e+00 1.553616609190504320e-06
-1.467774269678216559e+00 1.883718722520470411e-06
-1.464578295001778052e+00 2.084041921324328279e-06
-1.464228310408236089e+00 1.808389588213698415e-06
-1.461793092162932961e+00 2.264119692084271647e-06
-1.459418631718347736e+00 2.213769393692421189e-06
-1.459300496842929729e+00 2.117456670504707758e-06
-1.457775359615844701e+00 1.759361483030244773e-06
-1.456930946170107877e+00 1.686843598521945154e-06
-1.456387340940902941e+00 2.189255408509627083e-06
-1.455698089082712254e+00 2.024386905420700387e-06
-1.454742640717038737e+00 1.696317366971198302e-06
-1.454717489370030314e+00 2.077570132250263816e-06
-1.454515832961003730e+00 1.809412101499639271e-06
-1.453081497461520932e+00 1.898453566442762149e-06
-1.450717283210668951e+00 1.899115854279753036e-06
-1.448872978267483180e+00 1.488647500228316212e-06
-1.446555612156971371e+00 2.688747205391938885e-06
-1.444561486638518799e+00 2.157717695252095247e-06
-1.444069024960525693e+00 2.118808239368348658e-06
-1.442463841214425280e+00 1.896063508869692897e-06
-1.441762085387687353e+00 2.005846733628708444e-06
-1.441396542469087771e+00 1.728801501245245593e-06
-1.440988307522274026e+00 1.903110527573838357e-06
-1.439495788945110544e+00 2.021638020059962422e-06
-1.438919318619910070e+00 1.990482742863444331e-06
-1.438713165560650209e+00 1.330045808495375906e-06
-1.438419870770963671e+00 1.957102475504471700e-06
-1.436510933803504253e+00 1.950906538347234836e-06
-1.435646477568791823e+00 2.320871865789138661e-06
-1.435433816730731227e+00 1.813934810876765467e-06
-1.434903316508251425e+00 2.601361828439226191e-06
-1.433562400431399375e+00 2.018056377008942384e-06
-1.432522370967177272e+00 2.230748289432896332e-06
-1.428196882043500038e+00 2.185898379223885051e-06
-1.426205698729295701e+00 2.231798086508938057e-06
-1.425277110544684867e+00 1.905071715817198302e-06
-1.425119719678991093e+00 2.402966279711087844e-06
-1.422207251405913420e+00 2.056055471796747604e-06
-1.421926090566979939e+00 1.875150395392636838e-06
-1.420554156382012545e+00 1.745383599127306254e-06
-1.420521902830502725e+00 2.128697057739594720e-06
-1.420050008645087125e+00 2.174282163325774665e-06
-1.419906454292178211e+00 1.866470515904896864e-06
-1.419005117372505120e+00 1.976217498808942696e-06
-1.418364330299898945e+00 1.963176370554741089e-06
-1.417338686242693102e+00 2.121374643629433311e-06
-1.417174116296679998e+00 2.473546093555268564e-06
-1.416109288343810002e+00 2.146558415063629902e-06
-1.416000765587251298e+00 2.552009225056015335e-06
-1.414763412854666891e+00 1.723642668397896147e-06
-1.413907176217119588e+00 2.445710431528592581e-06
-1.413435728394660140e+00 2.100568314324306781e-06
-1.412958397810489597e+00 2.374465374420156142e-06
-1.412927023348829803e+00 2.336206114085544523e-06
-1.411211754587573308e+00 2.181299019042563107e-06
-1.408656437305231046e+00 2.268416077002783711e-06
-1.408652077989319240e+00 3.087201769401861039e-06
-1.408199188174853234e+00 2.335907725775313731e-06
-1.406894865901841873e+00 2.871809896080904860e-06
-1.406024581039263754e+00 2.825375396947123218e-06
-1.405831977579043546e+00 2.597232428957978372e-06
-1.404132358705645123e+00 2.487254316937530557e-06
-1.402530264727829490e+00 2.395988321099596570e-06
-1.402517371533697599e+00 2.315926826883567424e-06
-1.401737046646693408e+00 3.333430446046148726e-06
-1.401445619647570417e+00 2.445793437991031261e-06
-1.401323087778276744e+00 2.364720233799908282e-06
-1.401148893625542735e+00 2.723167696619085534e-06
-1.400339331511919250e+00 2.439319047484926195e-06
-1.398404949820287513e+00 2.451711459134717547e-06
-1.394934775510019431e+00 2.369137460606430110e-06
-1.393739035481851962e+00 2.306509554843641846e-06
-1.393592181432420585e+00 2.526072055855081670e-06
-1.393567022102885078e+00 2.618628772856434572e-06
-1.393197658186733356e+00 2.054689221520514628e-06
-1.393038849556545777e+00 2.441155772397309796e-06
-1.392817553497359251e+00 2.533658890927566446e-06
-1.392643339181440121e+00 2.446031995639891123e-06
-1.392606197349627761e+00 2.674995072822863420e-06
-1.391654638733966554e+00 2.472624660738042609e-06
-1.390568096753112881e+00 2.399878649702932357e-06
-1.387095261268023849e+00 2.537752502295559382e-06
-1.385327913000905742e+00 3.191571888272627881e-06
-1.383716909228642322e+00 2.384865547470231916e-06
-1.383383028939439763e+00 2.433214013064969717e-06
-1.382668681469139127e+00 2.390955200388125924e-06
-1.378812070977580184e+00 1.972681256008927684e-06
-1.378687568940740071e+00 2.177617279135509406e-06
-1.378074065405723747e+00 2.269324312999609964e-06
-1.377505227026151857e+00 2.080843798217854230e-06
-1.377303744280769848e+00 2.685024905568197903e-06
-1.376881765107168309e+00 2.090941309276335173e-06
-1.376148107077814320e+00 2.710238564263433633e-06
-1.376124190223687593e+00 2.090603003874660972e-06
-1.375798914069357837e+00 2.377537197494147841e-06
-1.374769863466021702e+00 2.356131901138359208e-06
-1.374197477599646611e+00 1.917728298784709773e-06
-1.373852221237745974e+00 2.695296168546220125e-06
-1.373360347136659776e+00 2.204590423956319384e-06
-1.373053224269789485e+00 2.150024415238554871e-06
-1.372444047077551188e+00 2.493174385574464364e-06
-1.372163536583599575e+00 1.902345702806902178e-06
-1.372116824403019741e+00 1.992652175460327938e-06
-1.371994155781331770e+00 2.507667188080517388e-06
-1.370774576702883163e+00 2.163718519313226937e-06
-1.370655987694312516e+00 2.190286755753423037e-06
-1.370565670328408592e+00 2.256792559353812801e-06
-1.369246162258137112e+00 2.856336564149534504e-06
-1.368764236404618195e+00 2.017041040190609229e-06
-1.367913488947634093e+00 2.250141488714960184e-06
-1.367440082650335453e+00 2.097474263823480514e-06
-1.364924340494864774e+00 2.169018951796438117e-06
-1.363581015681016861e+00 2.520099687746128927e-06
-1.361350428580126781e+00 2.860602814776135889e-06
-1.361044354727568129e+00 2.875469176724899089e-06
-1.360640127319302284e+00 2.530951436781756786e-06
-1.360631368818722819e+00 3.461191528539921852e-06
-1.356501621178545003e+00 2.721277862319061694e-06
-1.356180937410693010e+00 3.331066043149799817e-06
-1.353989283412320832e+00 2.730071117937629119e-06
-1.353951704309696469e+00 3.348781349055644159e-06
-1.353843948438853140e+00 2.793092460149819120e-06
-1.353201718722460978e+00 3.114181525924898122e-06
-1.351407749859262708e+00 2.418274298959233408e-06
-1.350687652146361328e+00 2.430962303744113621e-06
-1.349768404060351923e+00 2.589920287065794530e-06
-1.348574088888590650e+00 2.459642667614286935e-06
-1.348110237519620336e+00 2.420593065657798057e-06
-1.347982361020032771e+00 2.138295723147285238e-06
-1.347833213449195267e+00 2.493024715166535224e-06
-1.347208426156515815e+00 2.096660851276150686e-06
-1.346097787391015821e+00 2.910008771714197255e-06
-1.345925567641399923e+00 2.413825931172559053e-06
-1.345598965124345625e+00 2.463272724682387466e-06
-1.345441143087086067e+00 3.142376928880599518e-06
-1.344759147512353703e+00 2.994839229004784046e-06
-1.342035036106411505e+00 2.347750377868365982e-06
-1.341900616387327938e+00 2.289075739130289770e-06
-1.340670986794111119e+00 2.372894475814407510e-06
-1.340131659893297966e+00 2.841989792841648663e-06
-1.339403658296564714e+00 2.601260786597598930e-06
-1.336937577186610548e+00 3.049636448866726532e-06
-1.336084599781013349e+00 2.428623955288347907e-06
-1.334681697287057878e+00 2.949228037730948378e-06
-1.334067389183418495e+00 2.413815421836192630e-06
-1.331826018784996402e+00 5.116131913661043211e-06
-1.330828965482019566e+00 2.134867913174068293e-06
-1.330606289628202932e+00 2.542682220513342737e-06
-1.330602498285816893e+00 2.192681005343998937e-06
-1.330083483832573243e+00 3.027812473969592556e-06
-1.328358658427989836e+00 3.664743410406757464e-06
-1.326832508399271804e+00 2.986897340586923771e-06
-1.325123191938098355e+00 2.785960198774060553e-06
-1.324796161458555721e+00 2.676392613945746698e-06
-1.324644305218256823e+00 2.782590366791942177e-06
-1.324291805287520551e+00 2.906937058437828397e-06
-1.323986176179200669e+00 2.975848411703944851e-06
-1.322793891208513539e+00 2.840042220647384918e-06
-1.321793178458072759e+00 2.475756686923216233e-06
-1.321372646785751170e+00 2.900218841000581320e-06
-1.319809794327791108e+00 3.205461323482598762e-06
-1.317234548111800851e+00 2.976759460800280045e-06
-1.314151248186994136e+00 2.610672503079884251e-06
-1.314129706374091100e+00 2.920293558043388358e-06
-1.314109084285822293e+00 2.951290247839488321e-06
-1.313887082817646768e+00 3.912909114540025934e-06
-1.313365230774109049e+00 2.576618140855693200e-06
-1.312742080201984685e+00 2.367176434008371048e-06
-1.311411427510350780e+00 2.068194870377884033e-06
-1.311392497937116541e+00 3.458078274448807758e-06
-1.311175641874618547e+00 2.335175128420128433e-06
-1.311107994630521745e+00 2.994884503279704802e-06
-1.307983701256951736e+00 3.271648411296327810e-06
-1.305734603729628907e+00 2.929116531359379115e-06
-1.304519365899141636e+00 2.569628457593007054e-06
-1.303891272453511441e+00 2.546067982653802887e-06
-1.303748003262175992e+00 2.729253712522702843e-06
-1.303275991042372572e+00 2.996413615203735313e-06
-1.302109141645011015e+00 2.768115939133055032e-06
-1.300670698198412190e+00 3.468131759381850918e-06
-1.300333447201064585e+00 2.853609394298531329e-06
-1.300272202597714255e+00 2.590962148388886555e-06
-1.300177698821859185e+00 2.757599272084215804e-06
-1.300061157736077222e+00 2.396409376249753768e-06
-1.299227118610289944e+00 3.005711788490479365e-06
-1.299170801541819964e+00 2.380157377771564814e-06
-1.299115023226932841e+00 2.788021303146221301e-06
-1.298935487783023701e+00 3.182487080293255254e-06
-1.298477802379086388e+00 2.709752996641708393e-06
-1.296910980228518362e+00 2.254366870502417445e-06
-1.295455435927320487e+00 3.053722511413452564e-06
-1.294604950690215528e+00 2.387953307810976420e-06
-1.293160326585669040e+00 2.574165887218307373e-06
-1.292151047437050115e+00 3.031464450213350352e-06
-1.292144386489875174e+00 3.014918983453082229e-06
-1.290850519158507792e+00 2.468286349493016876e-06
-1.290804479602090771e+00 2.564265233971412262e-06
-1.290134971053120028e+00 2.651251134532813699e-06
-1.288799112021873805e+00 2.904318464703683993e-06
-1.287805654935438193e+00 2.713955096962346672e-06
-1.287778869264215587e+00 2.714177833384945713e-06
-1.287342468609105950e+00 3.137848621248240717e-06
-1.285345182627314786e+00 4.147738051180171716e-06
-1.282641075059510083e+00 3.448112153769358337e-06
-1.282574186664233284e+00 4.333832384805032463e-06
-1.282444422382798432e+00 3.719290241034368972e-06
-1.279315676080531095e+00 3.450115828126636124e-06
-1.277920168328091854e+00 3.850562635188558124e-06
-1.276128352475127681e+00 4.682303646366070630e-06
-1.271772987515891407e+00 4.629097454605779060e-06
-1.267894787275466006e+00 3.093180259373235699e-06
-1.267893219584385722e+00 3.026726289400480284e-06
-1.266566810752606687e+00 3.609849303261797933e-06
-1.266380272804926488e+00 2.872445502067713413e-06
-1.265171381449267773e+00 3.372237041000076749e-06
-1.264419402789226154e+00 3.166140117867919723e-06
-1.262848408832404568e+00 3.044951173104257770e-06
-1.261259610582812662e+00 2.822549727827510686e-06
-1.261203283493894656e+00 3.331774702965096574e-06
-1.259420736354336157e+00 5.519734840369200515e-06
-1.258666912963594342e+00 2.869557941976677504e-06
-1.257980353818433317e+00 3.901464374382034287e-06
-1.257764549071608950e+00 5.637399714343371100e-06
-1.257161529420338875e+00 3.284973359234648371e-06
-1.255997015719651166e+00 3.121418720058392357e-06
-1.251753494185009252e+00 3.452720135567724551e-06
-1.250007059308400281e+00 2.958658438919702389e-06
-1.249768243968424342e+00 4.163659809458325131e-06
-1.249546699252716220e+00 2.995179074079961855e-06
-1.249253418236203172e+00 3.219481905480536352e-06
-1.248135243204717693e+00 2.838919153861999977e-06
-1.247747780708903909e+00 4.809486710782947850e-06
-1.247681374612990446e+00 3.242319221668647403e-06
-1.247084284467709470e+00 3.202704570850627027e-06
-1.246814360277396672e+00 2.989913534995200316e-06
-1.246663399120301552e+00 3.236911186378819398e-06
-1.246203408497922771e+00 3.453188203580390694e-06
-1.244850618204949022e+00 3.134518080382540152e-06
-1.244308406265620448e+00 3.155227429143467220e-06
-1.244114351545008601e+00 2.593224815376726293e-06
-1.243754020839392682e+00 3.085772339881981835e-06
-1.243650460824765158e+00 3.016333094587999907e-06
-1.242156402273895344e+00 2.832316204335821340e-06
-1.242142016479287792e+00 3.679794844453285705e-06
-1.241759533573694396e+00 2.813033048861900946e-06
-1.241610374444490184e+00 3.079208317783173531e-06
-1.241069820151734504e+00 3.002396001608926524e-06
-1.240764766472587377e+00 2.929465662806264643e-06
-1.239708565287834352e+00 3.364196263909661305e-06
-1.238720872108472815e+00 2.720756090613550879e-06
-1.237960813316528519e+00 3.027685194042404281e-06
-1.237954485272062310e+00 3.999773792953060322e-06
-1.237307796054520681e+00 3.201556127772254512e-06
-1.236713877109978377e+00 3.205778812281248908e-06
-1.236228512730515039e+00 4.286557777531510005e-06
-1.236175592003955659e+00 3.485189184358026685e-06
-1.234309128642444797e+00 3.415284894383028496e-06
-1.234114746514083372e+00 2.735474014978724837e-06
-1.232534561910090254e+00 3.447484106800337896e-06
-1.231799587415744579e+00 3.575632268507362430e-06
-1.231401761039026432e+00 3.469296545237677058e-06
-1.230407863376755229e+00 4.772208026318890032e-06
-1.228838223817348085e+00 3.678191079458602835e-06
-1.228081287882821337e+00 3.968369494082972458e-06
-1.227705982301647181e+00 4.058239848695038900e-06
-1.227098533285661874e+00 4.820729062357906183e-06
-1.227059624086181078e+00 4.358470213167771090e-06
-1.225976585386449269e+00 3.034638236428744706e-06
-1.225775478801843343e+00 3.687363688052702009e-06
-1.222705552414217189e+00 4.250217916525615881e-06
-1.222241356342028018e+00 4.083728703189471113e-06
-1.221833764863393457e+00 3.042253705651200373e-06
-1.220702967562797614e+00 4.364557817753366644e-06
-1.220632431753444713e+00 3.758114874285125715e-06
-1.220472311139693344e+00 4.399450005413549215e-06
-1.219478511507855245e+00 3.705335187756011815e-06
-1.218689245404640964e+00 3.991599810108279591e-06
-1.218478656371768665e+00 4.567112113988494299e-06
-1.217798855082607545e+00 3.977734998790505518e-06
-1.217622125222656448e+00 3.262114098065325902e-06
-1.217359979824780281e+00 4.130776206392834177e-06
-1.217198398471242893e+00 3.472833265397525997e-06
-1.216729903562046466e+00 4.312610888485111559e-06
-1.216582721151538538e+00 4.227223925013262227e-06
-1.215464250649194611e+00 3.531820105678406674e-06
-1.215098209193457457e+00 3.492214038510634757e-06
-1.214344279920980485e+00 4.838123019936425483e-06
-1.213496231554627158e+00 6.154884415063000658e-06
-1.211725873311544799e+00 4.006824121031915409e-06
-1.209837364529759318e+00 4.637037577844181909e-06
-1.206821268144661730e+00 3.673818531797851960e-06
-1.206773793419153362e+00 3.277961833056459548e-06
-1.206744039585158745e+00 4.042599416829995357e-06
-1.206626464766897167e+00 3.981799078500532075e-06
-1.205486268942753236e+00 4.243653435518169321e-06
-1.205483684396917665e+00 3.676730727393177513e-06
-1.204893980519654573e+00 4.378802028755301456e-06
-1.204403517830522130e+00 3.437599707881413399e-06
-1.203817230512475467e+00 3.768813629774891593e-06
-1.203747034038983088e+00 3.575483655237306030e-06
-1.202743883441481421e+00 3.142134372504778396e-06
-1.202581201285017887e+00 6.128909855684595484e-06
-1.202126715333403872e+00 3.299335454544018745e-06
-1.201582894317497097e+00 3.602523761736885133e-06
-1.201395229484726990e+00 3.911724734670169402e-06
-1.200649362454082603e+00 4.823117950706226988e-06
-1.199789778539590346e+00 4.914996059154913594e-06
-1.198174689441141139e+00 3.548844002016384123e-06
-1.197740970456205645e+00 5.033906711863255835e-06
-1.197332557001747011e+00 3.798946398401322646e-06
-1.195974407051686006e+00 4.687075962238897414e-06
-1.194895416601102323e+00 4.587287101248886030e-06
-1.194569810904672735e+00 4.134606333245384785e-06
-1.193277529305291740e+00 4.041915454302014413e-06
-1.191830600075435287e+00 4.092949858733117644e-06
-1.190411498898820808e+00 4.694575522018027246e-06
-1.189528970496678939e+00 3.458033008558126164e-06
-1.188944762995422399e+00 3.441181408490654931e-06
-1.188325221726058700e+00 5.389843679429008839e-06
-1.187612275676913853e+00 4.509437251189025672e-06
-1.187553995930478612e+00 3.968151150857868626e-06
-1.187038674223782397e+00 6.105362400473310155e-06
-1.186556529361050050e+00 5.086985612105198597e-06
-1.186480473832292049e+00 4.771723459011402820e-06
-1.182394164274862769e+00 5.705239099745689353e-06
-1.182186463045286962e+00 3.973547141462297832e-06
-1.181762139693023128e+00 4.277066965431711106e-06
-1.181677901382037099e+00 4.294939832685992313e-06
-1.179650347127900956e+00 6.344850552293390406e-06
-1.179021802969205446e+00 4.409052464649225551e-06
-1.178251589888799300e+00 3.959274587863425337e-06
-1.178044794641450066e+00 5.251049573895660619e-06
-1.177584006878619638e+00 5.283273437593452439e-06
-1.175995924185206931e+00 5.432146475495613561e-06
-1.175929675342911596e+00 3.610307591378606029e-06
-1.174082880536363893e+00 4.095982962586521260e-06
-1.174075789422312610e+00 3.778590296332192423e-06
-1.173930919209676293e+00 3.897976517506319913e-06
-1.173852239569904476e+00 5.957167249129920877e-06
-1.171374712844539756e+00 5.292117556261188815e-06
-1.170984898995277135e+00 4.662415983300230500e-06
-1.170211661522695845e+00 4.360691378057727290e-06
-1.169182070262028583e+00 5.623399188955034983e-06
-1.168172630782996713e+00 7.425982043358736989e-06
-1.167921800628061835e+00 5.326986000252013503e-06
-1.166526073713370915e+00 5.145791281022970644e-06
-1.164627368106258887e+00 4.711122639958405233e-06
-1.164095204080944468e+00 4.277703205246596929e-06
-1.163836910361619292e+00 4.462892468562165889e-06
-1.163004084603616928e+00 4.320666303990407924e-06
-1.162352326991360929e+00 4.764188931356251715e-06
-1.161984696928877625e+00 4.786173490901713361e-06
-1.161706775114992984e+00 4.224218338525308197e-06
-1.161588486718317714e+00 4.191305392186000046e-06
-1.161495694118851230e+00 5.500819241709474524e-06
-1.160340882718795985e+00 4.286511207031662149e-06
-1.158836547788315352e+00 4.048239542080151470e-06
-1.157781032141509847e+00 3.542843142408910020e-06
-1.157505212749448509e+00 3.903440741402523668e-06
-1.157364550447746110e+00 5.488642980357590955e-06
-1.156476980474900440e+00 5.263311246559039626e-06
-1.156268853890998427e+00 3.455352156449383239e-06
-1.155476271244380015e+00 4.178008704381610238e-06
-1.155187685130463437e+00 5.169616170382203734e-06
-1.155178728012412392e+00 4.749346600543548721e-06
-1.155160154607500544e+00 3.662474695274528761e-06
-1.153574550458467129e+00 4.518848407065367002e-06
-1.150078568524698586e+00 5.453945459266737705e-06
-1.149045907206818651e+00 4.741236444030103638e-06
-1.148691364200891130e+00 4.543711184847469302e-06
-1.148276913149092859e+00 5.306870547105428449e-06
-1.147948138636778692e+00 5.576509946771670911e-06
-1.147565852083590521e+00 4.777089805711994446e-06
-1.145849536463558138e+00 5.995905523208742243e-06
-1.144432685772862612e+00 5.342363852802265177e-06
-1.143404388495398605e+00 4.514713020755120087e-06
-1.142835866105208931e+00 3.517212890301270490e-06
-1.142333642126230009e+00 5.005080297325010506e-06
-1.142182577636217555e+00 4.327249416549794209e-06
-1.141185046115991586e+00 5.007263984523012469e-06
-1.140297930802425697e+00 4.745611447687139017e-06
-1.140293291671800713e+00 4.947579293451372872e-06
-1.138092789855546627e+00 4.364009867513021982e-06
-1.137637744538895657e+00 5.346703354991738445e-06
-1.137182224143541864e+00 5.525467607446444590e-06
-1.136925306974875927e+00 4.281769554891566249e-06
-1.136100617232844501e+00 6.064112125011383205e-06
-1.134698947989905671e+00 6.925277440556884255e-06
-1.134442349351836965e+00 6.808109334134551462e-06
-1.132924940296966554e+00 4.976415640395842526e-06
-1.131442309341808894e+00 4.641921855417185488e-06
-1.130339530939151960e+00 4.454710611070731007e-06
-1.130184755600443625e+00 5.013930060965929861e-06
-1.129499222726844110e+00 5.914873127668133169e-06
-1.127926754547591282e+00 4.157755082758191615e-06
-1.127394959024114129e+00 6.529507613361444521e-06
-1.126746064495382615e+00 4.800536287248361974e-06
-1.125372734641036931e+00 5.177806809647938944e-06
-1.124284834261648269e+00 6.251542111588686379e-06
-1.124010807715809745e+00 4.121943998240188918e-06
-1.123702364118149832e+00 5.465961204732034815e-06
-1.121057720801251323e+00 5.652009431564504538e-06
-1.120995552230799941e+00 5.524685006533954161e-06
-1.120148650972131010e+00 5.920328310068997907e-06
-1.119997846495643046e+00 6.243189831677762583e-06
-1.119699496240076142e+00 6.218841683531142362e-06
-1.119404993859938413e+00 5.018381741995094979e-06
-1.118149383460707247e+00 5.990129250126418454e-06
-1.117211207486790370e+00 4.307790588923798509e-06
-1.117114834324202999e+00 5.081686284223251406e-06
-1.116932240549792121e+00 6.068137565248180840e-06
-1.115684927161495477e+00 3.499170909870378156e-06
-1.114200408526321073e+00 9.224409021077414306e-06
-1.113873128968403625e+00 4.285315899346145566e-06
-1.113611317423510716e+00 5.435008006036436903e-06
-1.113604313374493948e+00 6.384309851795337111e-06
-1.112784500309989211e+00 4.069698676366177466e-06
-1.112526929512224871e+00 5.427733092599851698e-06
-1.112260555658587613e+00 4.934405825835448065e-06
-1.110933635504574912e+00 4.349285939172798046e-06
-1.110304883145864618e+00 4.451466757915584248e-06
-1.109501212301501116e+00 4.403226890773534592e-06
-1.109156198765843371e+00 3.837336705428742813e-06
-1.109018799062662541e+00 5.861339821042691764e-06
-1.107271477326380316e+00 5.524064040316025635e-06
-1.106057123753126925e+00 4.696667975164508034e-06
-1.105711256566278333e+00 7.669378794831510800e-06
-1.104758498646134068e+00 4.472617961266337227e-06
-1.103753364368109224e+00 5.750556931456295155e-06
-1.103421392440714799e+00 4.819086892915021361e-06
-1.103382728818421699e+00 6.686805608532705893e-06
-1.103379319182286045e+00 5.880054358647372525e-06
-1.102914381536972188e+00 7.554584875954698389e-06
-1.102560832036256100e+00 5.873742746809234983e-06
-1.100745319257260046e+00 5.670833654412829761e-06
-1.099921815167305361e+00 5.111982622409418664e-06
-1.099428259487322146e+00 6.227065249598888397e-06
-1.099203286128740853e+00 4.028521859031735192e-06
-1.096427962710745385e+00 7.253047626389018964e-06
-1.096059847281693367e+00 5.784047969005554696e-06
-1.095528553386987181e+00 5.572300752532790682e-06
-1.093806768644676408e+00 5.888711967700344571e-06
-1.093439978846550087e+00 6.416526438960868115e-06
-1.093100079423393378e+00 5.185265556937212445e-06
-1.092421374090155162e+00 7.996393334336438061e-06
-1.091626840124068076e+00 7.461890240844501841e-06
-1.091108368307471377e+00 5.728132094034764780e-06
-1.090385000712253971e+00 5.194119616292798077e-06
-1.087964673078546385e+00 5.459368802534586948e-06
-1.087183285132316657e+00 6.047747878512648863e-06
-1.086804846137940039e+00 5.684280672171374377e-06
-1.086607080162123928e+00 7.662570348681649476e-06
-1.085146130806936782e+00 5.889461435748988964e-06
-1.085085106294068735e+00 5.845742511971068577e-06
-1.084588999298504941e+00 5.879934829904693284e-06
-1.084378030860472020e+00 5.605045312191106470e-06
-1.082339828987883390e+00 7.537472871402510686e-06
-1.081873535063158087e+00 5.721341885676268531e-06
-1.081216142134233893e+00 5.192098728135676318e-06
-1.079532169014600473e+00 4.991984408560136111e-06
-1.079498969879066239e+00 5.826672560544255128e-06
-1.078734261984542142e+00 5.427087740926720207e-06
-1.078406833964676848e+00 7.090704105037341131e-06
-1.078340653098648794e+00 4.423952300631098511e-06
-1.077967885771437873e+00 4.470788665521467683e-06
-1.076969018538126655e+00 7.593792340749211433e-06
-1.076690956933138876e+00 4.668266456716268134e-06
-1.076592203127556990e+00 4.845557670040254187e-06
-1.076077867332729809e+00 5.073911061521179400e-06
-1.075877278955390981e+00 5.502202090610119718e-06
-1.074662796787356989e+00 5.596154377308216531e-06
-1.074203933522347887e+00 5.208407323239426105e-06
-1.073751492531920482e+00 6.350856111040335895e-06
-1.073644458755701026e+00 4.818063846768965322e-06
-1.072180271887119840e+00 5.919514220301494760e-06
-1.072028470823506163e+00 6.372208068223596153e-06
-1.071884294719479547e+00 5.241758184059444221e-06
-1.071082498393717941e+00 6.960386570219326136e-06
-1.069360310824872151e+00 5.614774620709187501e-06
-1.066543428036800245e+00 6.865365140855693560e-06
-1.064851533499761249e+00 5.940383108522292417e-06
-1.064322401264549134e+00 5.806738595697094729e-06
-1.063989503791076929e+00 8.072615429092947859e-06
-1.063869120447363814e+00 4.866954357235995738e-06
-1.063732657647573854e+00 6.271617257517670580e-06
-1.063558886230557388e+00 5.854116342691254885e-06
-1.061625726711899809e+00 5.919590450054788547e-06
-1.060818145833447801e+00 5.606257983412638617e-06
-1.060515491225008322e+00 6.894530857748754502e-06
-1.060312986139383185e+00 5.969308566113900216e-06
-1.059992338660305844e+00 6.452085779772146554e-06
-1.059895253379371738e+00 5.737260290846360248e-06
-1.058850140246804017e+00 5.862538954648019005e-06
-1.058524651072072720e+00 7.521931534532122372e-06
-1.058184302220741335e+00 7.246519954430009146e-06
-1.056854079012944592e+00 6.130930480422239633e-06
-1.056426185341438728e+00 5.919161399763508998e-06
-1.055377529160579586e+00 5.867589396261148324e-06
-1.055225363822332563e+00 8.046670281246658167e-06
-1.054998939534079971e+00 5.815083812977347868e-06
-1.053810063790789009e+00 5.503106562514944963e-06
-1.052836631622908081e+00 6.745073647975248988e-06
-1.052650713134689608e+00 7.398509605192383613e-06
-1.049906291808892389e+00 6.909905568779702705e-06
-1.048671039265977489e+00 6.620653225217845897e-06
-1.048215162438791870e+00 9.771278146381412235e-06
-1.047971977227128759e+00 5.347008790693904344e-06
-1.047612865208647381e+00 7.296598228395760555e-06
-1.047483225104351767e+00 6.482188931995192706e-06
-1.046521157878766983e+00 7.423244097541603570e-06
-1.044575009917967812e+00 8.017095981474653125e-06
-1.044499333225714421e+00 7.272676816109392210e-06
-1.042859593668359786e+00 7.335373643139854773e-06
-1.042420605673892497e+00 9.785501059718884783e-06
-1.041837625589700611e+00 8.033240178756395622e-06
-1.040677412908227017e+00 7.311669407794918720e-06
-1.039137541510127161e+00 8.837051567523653367e-06
-1.038615491266824176e+00 8.895008712377906092e-06
-1.036348799054851888e+00 7.530620165863804769e-06
-1.033536917817883483e+00 7.717177034901884163e-06
-1.032422896570988291e+00 6.813784399720062432e-06
-1.032415559439539887e+00 7.922489064064949736e-06
-1.031989993759406810e+00 8.439239154532162814e-06
-1.031808660408303879e+00 8.177109416831801055e-06
-1.029737486099202792e+00 8.742042960152635647e-06
-1.029558280684503169e+00 8.721705813503822485e-06
-1.029371871210847278e+00 1.089939101417723064e-05
-1.028557530181778867e+00 7.823610876641043008e-06
-1.027873071025788398e+00 6.617869270758996901e-06
-1.026350590121648088e+00 8.222888391714627723e-06
-1.026039365882167376e+00 7.639808071985794151e-06
-1.025486170476752390e+00 9.091762404131122736e-06
-1.025170668635391191e+00 8.483267280185249971e-06
-1.025025538408190329e+00 6.003583501845826531e-06
-1.024915300056676859e+00 8.348673307061630169e-06
-1.024621379669561572e+00 7.686503847904007023e-06
-1.023870924282813011e+00 7.488622745240932165e-06
-1.023449258810250839e+00 7.365635056174644162e-06
-1.022798047208457239e+00 5.765495517501696604e-06
-1.022270115376589850e+00 8.258082393200968466e-06
-1.021718853339494082e+00 7.268111148240720960e-06
-1.020301744774123831e+00 6.104416828029935844e-06
-1.019288082802733308e+00 6.621938203398170556e-06
-1.018751309913106473e+00 7.352482168340273484e-06
-1.017883828130232260e+00 7.375634965096648836e-06
-1.017290532345448861e+00 6.354839009814818661e-06
-1.015887821523974610e+00 6.598707426874774618e-06
-1.014855375143761229e+00 6.725932472783600665e-06
-1.014474954856017908e+00 8.548493453984328780e-06
-1.014344320899692065e+00 6.935366985761980363e-06
-1.014175086843049911e+00 5.679463173649323313e-06
-1.012490936525705099e+00 8.781517677758851072e-06
-1.012336149334870150e+00 8.502704743378230575e-06
-1.012220958677986005e+00 7.740447532607708537e-06
-1.011067788442364002e+00 9.628214846858523218e-06
-1.010738273892299421e+00 7.259134889983778283e-06
-1.010734063069649746e+00 5.427922113205038946e-06
-1.010441693722139433e+00 7.331549232978344966e-06
-1.010029937915970288e+00 7.380744678370144064e-06
-1.009632264920466094e+00 7.203204858271988593e-06
-1.009382336858900775e+00 8.358843775373369999e-06
-1.008655416018885198e+00 8.763721284543752132e-06
-1.008451459826570584e+00 6.363987989434046704e-06
-1.008361873613990323e+00 5.935102801197689480e-06
-1.006353325890083639e+00 9.340912256322588469e-06
-1.006119894514114099e+00 6.942603115778073242e-06
-1.005624859253112735e+00 6.777689436888842212e-06
-1.005368129614615524e+00 6.285328558053298097e-06
-1.004338232637177031e+00 7.853467534108981410e-06
-1.002160408562802640e+00 1.142841782159457804e-05
-1.001098369627155371e+00 1.032119322944873123e-05
-1.000951739999435430e+00 8.620873576925785608e-06
-1.000579138005246005e+00 8.453717957012775664e-06
-9.997388503512275593e-01 1.368088443011523906e-05
-9.978990479113566403e-01 1.024470968854197650e-05
-9.961477958332164429e-01 8.793160861952503953e-06
-9.958151580378989953e-01 1.089452019478221442e-05
-9.943561768018784885e-01 1.224281410069208756e-05
-9.942064166618674870e-01 1.242811191318147763e-05
-9.930268969815674307e-01 9.209491229663562150e-06
-9.903839041729022297e-01 9.299613733917823328e-06
-9.900449487222726663e-01 9.998956825833804708e-06
-9.885564166395311991e-01 6.633639660633764218e-06
-9.880217833284824502e-01 7.671484828263067012e-06
-9.875278103488008830e-01 7.198221643916962944e-06
-9.868641126615664838e-01 9.099213786523899922e-06
-9.856411904140488511e-01 8.757953138924876854e-06
-9.846929076004876658e-01 8.888917066403321092e-06
-9.839906951772884325e-01 7.915059689606699657e-06
-9.838051105026552889e-01 1.057169419308131044e-05
-9.834837464374469596e-01 1.170738406854336331e-05
-9.832360385309177886e-01 8.554767362604116397e-06
-9.830717215656271657e-01 7.939645132011410378e-06
-9.828661491865676725e-01 9.594211417579694731e-06
-9.811204490762202024e-01 8.349177336778465194e-06
-9.787268404470109706e-01 8.325411869107339098e-06
-9.779716927726486153e-01 8.641906589607085750e-06
-9.779159178254368534e-01 2.668355186421411858e-05
-9.771363567338425815e-01 1.212930972177678349e-05
-9.767417272504226311e-01 6.601556354300361586e-06
-9.760784952937665571e-01 8.642987246588674968e-06
-9.758451338084878079e-01 9.388812725281459837e-06
-9.757961316491434722e-01 8.341228125006324082e-06
-9.757888068685754979e-01 7.301568616776726013e-06
-9.753843668536277267e-01 8.141088379587824937e-06
-9.741846641161341358e-01 8.699705817496506294e-06
-9.715400291252296316e-01 8.173822171032304619e-06
-9.710758384164995816e-01 8.904635172489113614e-06
-9.710500922133122881e-01 8.770434122080596697e-06
-9.707410459579870476e-01 7.206925991367669399e-06
-9.702293306833618125e-01 1.053473122258907339e-05
-9.701134629284769995e-01 1.136881496397790765e-05
-9.688146773971462178e-01 8.115397538268562396e-06
-9.684977106405150415e-01 8.708088646878768099e-06
-9.679322800446111819e-01 9.231288512759002368e-06
-9.671432431558564247e-01 1.048711899757936982e-05
-9.662109579649084123e-01 1.017886727691994930e-05
-9.651921252817782237e-01 9.392179514346737657e-06
-9.645492191223762335e-01 8.759324918730637181e-06
-9.643358112767143053e-01 9.335126297608049154e-06
-9.642616290450448657e-01 9.880793997634390035e-06
-9.632517897664713002e-01 1.297981126794122144e-05
-9.617818023572788366e-01 9.940815908319415567e-06
-9.615535827635411925e-01 1.060696804488266758e-05
-9.612689109241907559e-01 7.854696100484994322e-06
-9.609847102838916522e-01 9.703458051653822099e-06
-9.598717126896150198e-01 8.480440880532719565e-06
-9.598139566612690077e-01 1.036405765796984218e-05
-9.588379881988035036e-01 1.114046514323718847e-05
-9.587528685883494051e-01 8.623831913616880921e-06
-9.574799730190448610e-01 8.360971176047587709e-06
-9.565709871341875337e-01 8.940430744008294694e-06
-9.562385650174912710e-01 8.096617652624426537e-06
-9.560251105172519193e-01 8.147127076920775488e-06
-9.557097835235780492e-01 8.632203414275627077e-06
-9.556715062295225716e-01 7.476723198168615042e-06
-9.552514823643070141e-01 8.819600775672616338e-06
-9.535465726987853996e-01 1.028730398282734197e-05
-9.524884491916310036e-01 1.135716010414219353e-05
-9.513024278798232203e-01 1.202414469300060141e-05
-9.508224468272374885e-01 9.701395034632423990e-06
-9.507517667917068094e-01 9.581003165490214161e-06
-9.501675345167319708e-01 1.243675821596969584e-05
-9.497388466339622415e-01 1.175185595492951890e-05
-9.487394192523933567e-01 1.146502878481208494e-05
-9.481939223798956373e-01 9.991303464687215007e-06
-9.470227004015798755e-01 1.691539617512910991e-05
-9.468514779921547442e-01 1.405560318788877342e-05
-9.457859942249988716e-01 1.547092511872408127e-05
-9.452361063595546842e-01 1.364896665516800385e-05
-9.448359346219826760e-01 9.842631186771302960e-06
-9.429169257625271694e-01 1.015435170640530661e-05
-9.414843399237055044e-01 1.001654744943238682e-05
-9.405838500514854816e-01 9.980741206366592236e-06
-9.400913196858498022e-01 1.062266529910770317e-05
-9.398632997879915463e-01 1.244624945472403231e-05
-9.396713769356853652e-01 1.112843006646285401e-05
-9.392894590001197308e-01 1.300504029857488323e-05
-9.386470593748821312e-01 1.114075583277691556e-05
-9.373749308987794349e-01 9.391933470554319848e-06
-9.370213623483831800e-01 9.265487690219617516e-06
-9.366363750164492519e-01 1.083039600627241237e-05
-9.359489607309894321e-01 1.136838905537352128e-05
-9.359367908490155985e-01 1.178793228585912217e-05
-9.342031435889753821e-01 9.596892739801972058e-06
-9.337095751647441766e-01 9.790730493460974486e-06
-9.326136100054466249e-01 7.712521610385230262e-06
-9.323453067629207114e-01 7.221513526049679709e-06
-9.316590611967853208e-01 9.283259616496011227e-06
-9.306928568019512404e-01 9.332115198200201584e-06
-9.304076619574780382e-01 1.046923474325324167e-05
-9.300470402612667220e-01 9.661291077516662854e-06
-9.296205413416558372e-01 1.111905450324508708e-05
-9.269601788540767773e-01 1.126657595713494481e-05
-9.268632512587243744e-01 1.243212951888548536e-05
-9.268597937255108610e-01 1.184222018596027251e-05
-9.256948567148383100e-01 1.649606240952744893e-05
-9.241523517048670922e-01 1.098708544134449871e-05
-9.235103231302717042e-01 1.157570087323706850e-05
-9.234147599554123342e-01 1.231818351593568478e-05
-9.230974197185718433e-01 1.044656679836914216e-05
-9.226928935070214388e-01 1.131923059033732429e-05
-9.217309057641258629e-01 1.543089381650080352e-05
-9.210563867375206604e-01 1.306704838174512181e-05
-9.199029339660936833e-01 1.558638452164136788e-05
-9.189520432298952102e-01 1.401629403968321088e-05
-9.187367048523165103e-01 1.367256602254413985e-05
-9.168134046099144507e-01 1.670474428995706714e-05
-9.166727221142040305e-01 1.379630587728036916e-05
-9.165251254306771012e-01 1.365813910915658932e-05
-9.153274492888103797e-01 1.589770574257462390e-05
-9.148537625168333687e-01 1.426713634295236410e-05
-9.144867267085103890e-01 1.329995568318172499e-05
-9.131653461927996540e-01 1.174920588298466907e-05
-9.131354107184668223e-01 1.181032169751563349e-05
-9.119589192228069185e-01 1.182378563770101344e-05
-9.117833113808839762e-01 1.587232536674529197e-05
-9.101718666632798715e-01 1.077881585332310056e-05
-9.100179946086931482e-01 1.567467956691895857e-05
-9.098701524849845956e-01 1.247638728806019539e-05
-9.094332902164509180e-01 1.130209265043908831e-05
-9.093657047644775338e-01 1.530254592310807744e-05
-9.087931348333603276e-01 1.200386022692786773e-05
-9.072262490101945520e-01 1.521005327515407390e-05
-9.065550045746318952e-01 1.308525947494135097e-05
-9.064508971705168561e-01 1.508563361496522559e-05
-9.044808594936853963e-01 1.206272430660746282e-05
-9.043027861935863942e-01 1.844499996615100532e-05
-9.039087096513307440e-01 1.107323378643341286e-05
-9.024884526990579747e-01 1.142553010015290432e-05
-9.019246872660480197e-01 1.736518049499505953e-05
-9.011615774323895600e-01 1.354688816349732967e-05
-9.010580808170154388e-01 1.583120633393286463e-05
-9.008889167228154582e-01 1.681216066301186002e-05
-8.999769338059578905e-01 1.510801361921228634e-05
-8.991551155349093438e-01 1.074821682078919191e-05
-8.982930088913599898e-01 1.215581096448618178e-05
-8.972953053065586548e-01 1.748854072501354465e-05
-8.972671849399711519e-01 1.959324999540922794e-05
-8.965940999504404818e-01 1.166825734305286047e-05
-8.965636409243837868e-01 1.350190274391093540e-05
-8.965302618416520763e-01 1.469661267422245124e-05
-8.955185993892275098e-01 1.239712347684717556e-05
-8.946661293343655119e-01 1.207107320372430531e-05
-8.944481071505296921e-01 1.315861682875703247e-05
-8.935122282548193517e-01 1.408885108664878460e-05
-8.924317954878485670e-01 1.629255365603647589e-05
-8.922838741322701717e-01 1.780483379090204535e-05
-8.914817273207386039e-01 1.407558626446692152e-05
-8.908001933803035843e-01 1.710762019083087842e-05
-8.893236515815975407e-01 1.461963178485753008e-05
-8.891601679334762975e-01 1.737998551061131701e-05
-8.887903583034744148e-01 1.176101584201964799e-05
-8.885942185018382844e-01 1.183334540204232879e-05
-8.871226318206829609e-01 1.445568651706580222e-05
-8.868375883977474006e-01 1.465182144594745953e-05
-8.864293142619310562e-01 1.469204087993994892e-05
-8.862583889068552656e-01 1.473528153378384684e-05
-8.840044307226229137e-01 1.361039362720016238e-05
-8.834909283377007094e-01 1.700910622414500192e-05
-8.819915738649121151e-01 1.550921831857246579e-05
-8.801926288480727001e-01 1.409913121336107900e-05
-8.800299204645488649e-01 1.241027473921188821e-05
-8.799407166955554027e-01 1.512593923972754458e-05
-8.798596361134977117e-01 1.374900888342932810e-05
-8.794962950062832352e-01 1.666024024299271863e-05
-8.793987392675014503e-01 1.383436706685361420e-05
-8.792447295372692873e-01 1.517137096734675872e-05
-8.772720546959411614e-01 1.489275610669776771e-05
-8.755255451833393598e-01 2.556179071824162059e-05
-8.751481264388987213e-01 1.801677432832510402e-05
-8.744530973845828781e-01 1.691294050677974938e-05
-8.743877926607857010e-01 1.751297932398494805e-05
-8.731898372392066232e-01 1.326561781993499143e-05
-8.728855657788802125e-01 1.727573320917633629e-05
-8.725776550994532865e-01 1.669103921522241857e-05
-8.715467329046234779e-01 1.552527986314687948e-05
-8.714977486438246768e-01 1.471641395231999892e-05
-8.713088386103170491e-01 1.306839535048847582e-05
-8.711609739881500669e-01 3.131441836708081860e-05
-8.711283606371493793e-01 1.833482285059071556e-05
-8.710969102541505915e-01 2.124045283873068915e-05
-8.699711672894669956e-01 1.681991168324841509e-05
-8.698377640605445826e-01 1.981005966922783619e-05
-8.687244834809050298e-01 1.717783064427857122e-05
-8.682152073158768690e-01 1.308064476283442668e-05
-8.679033358416234911e-01 1.646575672188479875e-05
-8.675830888961848508e-01 1.835697207384679618e-05
-8.664265492201397301e-01 1.319124519033683095e-05
-8.663034609434698829e-01 1.842021288170213089e-05
-8.650575904181450060e-01 1.715890149885229755e-05
-8.647648753804970667e-01 2.034404182597226841e-05
-8.638812102691963979e-01 1.826824101938079266e-05
-8.619212915076382986e-01 1.692947180637061066e-05
-8.602311427634367069e-01 1.547657651605061627e-05
-8.600213590979491896e-01 1.669765875571303044e-05
-8.592045951238089785e-01 1.825827769102286971e-05
-8.588602105358429384e-01 1.493814816338675660e-05
-8.585362290390045059e-01 1.586863877610891662e-05
-8.584674124187519073e-01 2.416866531789442848e-05
-8.579990881161515537e-01 2.093312270121663337e-05
-8.571064313752528863e-01 2.907158131100311805e-05
-8.570847002999101294e-01 1.926129293741408966e-05
-8.569435709493881115e-01 1.473145173379033811e-05
-8.568369738258430068e-01 1.414527649402904177e-05
-8.562267749068124267e-01 1.546191055537862838e-05
-8.557271215671364839e-01 1.352960570525203790e-05
-8.555529706852679217e-01 1.512812156095254563e-05
-8.553809907303714377e-01 1.608357181499326904e-05
-8.530624932121794179e-01 4.300990628651770971e-05
-8.527396922967459547e-01 1.882688575286152832e-05
-8.523517586985475125e-01 1.929930002527656432e-05
-8.514344537469867857e-01 1.805100618780199721e-05
-8.507173625774030468e-01 2.119107436037268816e-05
-8.504873366345966357e-01 2.617846739262173620e-05
-8.499872832539410172e-01 2.550882518425478615e-05
-8.497688884637323303e-01 1.537145497987109586e-05
-8.489373498561972875e-01 3.102370073295489461e-05
-8.488873687670658308e-01 1.914149196801358398e-05
-8.474261507994860221e-01 2.072553393944710168e-05
-8.467197493945034514e-01 2.254122953619083213e-05
-8.464140181584912659e-01 2.223262176671498468e-05
-8.462496458860063742e-01 1.741219167173699308e-05
-8.447394382056464535e-01 2.069946096111467972e-05
-8.445020428954657099e-01 1.901496388655722457e-05
-8.436678974914548768e-01 2.680663156651454083e-05
-8.435384503505433118e-01 3.723438535996946266e-05
-8.434810545713147256e-01 1.779515155748412743e-05
-8.431997793010314046e-01 2.649607037872619121e-05
-8.409822838129953348e-01 2.337090310158934547e-05
-8.401053097731647767e-01 2.321828060103384018e-05
-8.392082382146255348e-01 1.539045105481432474e-05
-8.389089771148755537e-01 1.985853316970997967e-05
-8.387030468315597176e-01 1.528128701620150748e-05
-8.374723381520751131e-01 1.889940521387608449e-05
-8.367815992010892989e-01 3.286587508672708495e-05
-8.365034972655874812e-01 2.020044475628674427e-05
-8.360930051070588620e-01 2.016338772523360256e-05
-8.359376781589330507e-01 1.987304541451104370e-05
-8.338970159383350955e-01 2.752692290965209321e-05
-8.337050350512870134e-01 1.798565451425768392e-05
-8.333936068549209208e-01 1.868425998607842116e-05
-8.333773711499856685e-01 2.661515915244246099e-05
-8.332139829475914139e-01 1.985655596186370890e-05
-8.322389105949081767e-01 2.779813181426259660e-05
-8.303220740006769240e-01 2.092150045950613734e-05
-8.286900431857147087e-01 2.082147670158153525e-05
-8.277259119926032582e-01 1.735563156647216396e-05
-8.275473796015587746e-01 2.373577077069867543e-05
-8.266092509315938752e-01 1.777751299220998302e-05
-8.264097214654022583e-01 2.127349782302848143e-05
-8.263881609359547964e-01 2.085323564469893919e-05
-8.254336397566849337e-01 2.099927328899297793e-05
-8.247791621165886378e-01 2.033775321053721689e-05
-8.246604509715007580e-01 2.721386990281827184e-05
-8.243254627723196615e-01 2.815284157085529477e-05
-8.237435323644926033e-01 2.758807445664404051e-05
-8.228107248824071407e-01 2.328033425260226484e-05
-8.227083369711744032e-01 2.702833091649984597e-05
-8.222103060222416548e-01 2.038533242121734533e-05
-8.217877623659188835e-01 2.257174094581230206e-05
-8.212959809154318780e-01 2.898728867986095602e-05
-8.212507215588665810e-01 1.990211005139475858e-05
-8.212183779080584056e-01 1.519947486655523857e-05
-8.200890767134454418e-01 1.755486362875027218e-05
-8.190784507699714334e-01 1.794983740019270995e-05
-8.189768286474626846e-01 2.328495325506323290e-05
-8.188900742751753503e-01 2.949060717489731214e-05
-8.186175309418152191e-01 2.253234659309910726e-05
-8.184806938307580548e-01 3.003891489447300237e-05
-8.175218711593201792e-01 3.218834075653218723e-05
-8.174805442854521376e-01 2.076633252121029143e-05
-8.160977696321563002e-01 1.946821689173619676e-05
-8.159516810709621648e-01 2.282154896257811724e-05
-8.139175232782923652e-01 2.029342243315306385e-05
-8.135334884774417796e-01 2.538805884699707729e-05
-8.131233552690863009e-01 2.140583191588312157e-05
-8.129665849767579999e-01 2.293707791791786650e-05
-8.125210749529293563e-01 1.966690042775481612e-05
-8.121633055939680990e-01 2.341444821120013218e-05
-8.113604765888889903e-01 2.485041408610595766e-05
-8.112626767288878549e-01 1.883854790135937844e-05
-8.106055983476183613e-01 2.134692341227790847e-05
-8.103840789145281276e-01 1.731658101809277372e-05
-8.101699674879990765e-01 1.866751482458936466e-05
-8.100329075523823308e-01 2.046749746797619482e-05
-8.098275133345265164e-01 2.014842601971073065e-05
-8.098125471677856124e-01 2.399487580513793997e-05
-8.096238277060789912e-01 2.990849734326109984e-05
-8.075024480287535944e-01 2.445679090876377875e-05
-8.074977150524766945e-01 1.871165720268475361e-05
-8.068957218620109728e-01 2.802957967495766801e-05
-8.066303201545174106e-01 2.297588548835643950e-05
-8.061563377536995478e-01 2.331982093662653718e-05
-8.048268172534588372e-01 2.769368268298787265e-05
-8.048262390234784958e-01 2.092340688504937837e-05
-8.047559953622970275e-01 2.116349071600223669e-05
-8.045239457755596346e-01 1.987634085461055568e-05
-8.043150678164182610e-01 2.464605741380034514e-05
-8.023278071846776660e-01 1.657331441512437714e-05
-8.020612597218060857e-01 3.137005294281983251e-05
-8.016729301158360688e-01 1.943817754728547346e-05
-8.014407405341213986e-01 1.913374627777022688e-05
-8.014261501502255580e-01 1.573185260133003749e-05
-8.006775666285206317e-01 2.650636028860745049e-05
-8.002815739241569970e-01 3.640334710898873846e-05
-8.001547432533004933e-01 2.137862441633840937e-05
-7.998023988227047631e-01 2.060054780985903842e-05
-7.992703270837278051e-01 2.620545235304981436e-05
-7.986154375197026534e-01 1.993144873085942571e-05
-7.981644973771471196e-01 2.115608045035726473e-05
-7.979230998242725637e-01 2.273643090277607381e-05
-7.968309175098612362e-01 1.814797645354507307e-05
-7.968193425836167521e-01 2.791586293193318481e-05
-7.967797160459827444e-01 2.247634739293423946e-05
-7.967618086653912579e-01 2.134157754294040054e-05
-7.963723295957367831e-01 2.488791681012230051e-05
-7.962200126865920380e-01 2.141637228941719614e-05
-7.960845758112081727e-01 2.113831635822239100e-05
-7.960548392490972569e-01 2.130423918778596954e-05
-7.957946812152157934e-01 2.559746151687078362e-05
-7.946554019264852053e-01 2.298676656446918862e-05
-7.938570558028519297e-01 2.047972174088809485e-05
-7.935870092331102077e-01 2.130143598108014781e-05
-7.932312182188713257e-01 2.494306914288074674e-05
-7.930313322703830270e-01 2.747284427387598684e-05
-7.929037094800178709e-01 2.297556291860177312e-05
-7.928391822922900012e-01 2.578961189589230264e-05
-7.917698894827174261e-01 2.644465469111018915e-05
-7.915265881186757113e-01 2.214724005503768665e-05
-7.913422526832962767e-01 2.628910582011053604e-05
-7.905293142383085225e-01 1.910983584723629307e-05
-7.898964706578824879e-01 2.187983077922468235e-05
-7.897998777784307478e-01 2.120064760012866411e-05
-7.894711795408793087e-01 4.476474433625919386e-05
-7.886591837827421347e-01 2.253684168576404009e-05
-7.878934526168857033e-01 2.441278904204141750e-05
-7.876971704475504987e-01 2.152521264470960173e-05
-7.873173607856368550e-01 3.190927282882653613e-05
-7.871439681985150649e-01 1.955511476829248341e-05
-7.860930716525470485e-01 2.356686851816341890e-05
-7.860161221094659201e-01 2.136408471362265653e-05
-7.856401583098449048e-01 2.433009034924482538e-05
-7.846958232268277378e-01 2.722810001303124046e-05
-7.843587279311793337e-01 3.011072531403606380e-05
-7.841065022790086880e-01 3.285391419154634911e-05
-7.829283612056048280e-01 3.325040928093974828e-05
-7.828562800197422789e-01 2.674123818352689430e-05
-7.828325677413594530e-01 2.433533310273115183e-05
-7.821947060610536795e-01 2.587139910917924849e-05
-7.809187994482775785e-01 2.379477096322538555e-05
-7.806947311433958259e-01 2.867679109724252483e-05
-7.804037907549032926e-01 2.940300797642916161e-05
-7.803761534922060150e-01 2.667762099297576680e-05
-7.802751305318538222e-01 2.764264167260814235e-05
-7.776893397074965408e-01 3.208495477655792506e-05
-7.774259130711441701e-01 2.414051401027747629e-05
-7.766728834214975397e-01 3.349268866517062231e-05
-7.761902353264785726e-01 2.774922893216474085e-05
-7.757808738747103972e-01 3.124665676124452861e-05
-7.755527065969443079e-01 5.586455313437266827e-05
-7.745506048640871111e-01 3.381866052952653575e-05
-7.742780341851434045e-01 3.337907464989306510e-05
-7.735501585231409072e-01 4.237437585094469821e-05
-7.729725974076606665e-01 4.011904373807109400e-05
-7.727365771549735696e-01 3.407691331032365383e-05
-7.721295632434725942e-01 2.819132332320947525e-05
-7.716984122340421193e-01 3.936439458423395752e-05
-7.716963103546654601e-01 4.872761254582649669e-05
-7.698232222858223395e-01 3.131791046892513859e-05
-7.693420458747622925e-01 2.618432503587025058e-05
-7.660731890923362375e-01 2.639432962216416002e-05
-7.660461146310674208e-01 2.476625354921177381e-05
-7.658685581760215078e-01 3.786342170164013301e-05
-7.651945463167366679e-01 2.831764553323279476e-05
-7.647533925172792513e-01 3.029393320870555552e-05
-7.647133175923939152e-01 3.083234135032285745e-05
-7.639748986565113587e-01 2.887143567771166265e-05
-7.634852453370396530e-01 3.881729503084302917e-05
-7.627896150340357506e-01 4.138494245024009106e-05
-7.619695533709944790e-01 3.475660160928772062e-05
-7.607150998207431458e-01 4.068853917129968962e-05
-7.606433625391555431e-01 3.320411180195893553e-05
-7.606116184309227313e-01 2.453324944574965689e-05
-7.603464182924204451e-01 3.487873934094554233e-05
-7.602772577676797372e-01 4.022056035987620119e-05
-7.601427611527881156e-01 3.127334152088981226e-05
-7.595949292702864897e-01 2.571716701727712559e-05
-7.594153179420689570e-01 2.834945029484516916e-05
-7.577084673772241930e-01 3.003168704283515434e-05
-7.576076732223100407e-01 6.371465191095412699e-05
-7.573910756602063588e-01 3.981738014359895373e-05
-7.566308011849725013e-01 4.467831021558835326e-05
-7.565617279446964494e-01 2.687921073267940221e-05
-7.565256147155097199e-01 3.157311415976321009e-05
-7.562440253339729468e-01 5.706021963539396414e-05
-7.555179008100243454e-01 2.407668746196313020e-05
-7.547396491319026124e-01 2.932950027980891900e-05
-7.544713183916115229e-01 4.119769085656941975e-05
-7.542299879819901465e-01 6.191073801006109864e-05
-7.535950217620031033e-01 3.423327766210675598e-05
-7.518764177761704248e-01 3.921190547649895718e-05
-7.511695503788760053e-01 5.110500174792102801e-05
-7.499031848588858518e-01 3.749931819433452294e-05
-7.492416320544855735e-01 3.030258990520153233e-05
-7.489093905659709449e-01 4.817409612403001040e-05
-7.488101240464786201e-01 2.604987146256718285e-05
-7.483495468329679490e-01 3.775041430045479238e-05
-7.481908929619097703e-01 7.233320873626571264e-05
-7.479417925980209603e-01 3.768208110776510600e-05
-7.470385028781452164e-01 3.952482651754498028e-05
-7.469330994549402414e-01 3.553178657695519021e-05
-7.442262280314401179e-01 3.803859909738359065e-05
-7.441970886533787466e-01 4.228854346770998164e-05
-7.441488972577097183e-01 3.212114598697623721e-05
-7.435736856365410263e-01 3.392014214374471217e-05
-7.432163229573707230e-01 3.875568455190815756e-05
-7.424400252836399483e-01 3.835109221954031907e-05
-7.423214533335399379e-01 3.064369619250971303e-05
-7.419413799285882183e-01 3.581240613220463740e-05
-7.414950804883415625e-01 3.949511162387365793e-05
-7.412930968573374635e-01 3.290900918771622047e-05
-7.402691766876305923e-01 2.926734228721275001e-05
-7.401746333169982872e-01 3.097154308167929644e-05
-7.389543800567484055e-01 3.414603655839491001e-05
-7.387839372396294291e-01 5.671357045302930026e-05
-7.387808881347843748e-01 4.140272405553618428e-05
-7.378073172486925291e-01 3.904788278746511136e-05
-7.375906136292731397e-01 3.378774244116722060e-05
-7.362619299974807463e-01 4.248684448910422854e-05
-7.361264181984348287e-01 4.186376219763100791e-05
-7.347559946681091470e-01 3.840565719352824427e-05
-7.346924307184705683e-01 3.658135578975607659e-05
-7.345995003000247436e-01 4.163297881156996050e-05
-7.342001720769808504e-01 4.084497706502730535e-05
-7.341357677235129664e-01 3.382434812369332447e-05
-7.337113304036084749e-01 3.535878301830231303e-05
-7.334262389342182109e-01 3.094995529761382537e-05
-7.331856707604554879e-01 4.107757842092704751e-05
-7.330938338246594244e-01 3.637106845247228197e-05
-7.328879628717415162e-01 4.755966182264096455e-05
-7.328541220001498768e-01 3.075001408532935404e-05
-7.328436415995839281e-01 2.989312486156774713e-05
-7.318547865956740450e-01 3.212336726842256022e-05
-7.315362100556230818e-01 4.054552732915902994e-05
-7.312907986218207812e-01 3.020808850099779283e-05
-7.305511735696738063e-01 2.739489337233833477e-05
-7.302676304105059080e-01 3.642615056389152063e-05
-7.300789949250966471e-01 3.100299439853950291e-05
-7.299073855381800202e-01 2.758612563730903464e-05
-7.298097586757912314e-01 4.256500017064202755e-05
-7.297841471452826134e-01 3.457218618236848644e-05
-7.288770283584102838e-01 3.722772986709370493e-05
-7.287219610187617436e-01 2.860892683444413786e-05
-7.284006467940223883e-01 2.881976709269807736e-05
-7.272278975887747077e-01 3.677014241335928524e-05
-7.271873436896718612e-01 3.102653389286321199e-05
-7.271640749313532659e-01 2.652466442274382222e-05
-7.271252934324029527e-01 3.227270962201425869e-05
-7.265037538853315047e-01 5.412755576902808751e-05
-7.254341218400349733e-01 3.787639013901483866e-05
-7.252885845752914395e-01 6.250501336149990705e-05
-7.249928734553351406e-01 3.946520408255148592e-05
-7.245915516549987778e-01 3.699535139352694096e-05
-7.237773804507411368e-01 3.747652833038332676e-05
-7.234952579848628051e-01 3.332307677593905338e-05
-7.233980986904096078e-01 4.138395255900942669e-05
-7.226656754104697766e-01 5.184889758829197754e-05
-7.221546684902684365e-01 4.299108197340238604e-05
-7.219406888804625888e-01 3.364164784133586648e-05
-7.218847905142836696e-01 3.683219399681507454e-05
-7.217097063167456916e-01 4.697596732580873143e-05
-7.217024528879165679e-01 3.560661927931689779e-05
-7.216423332493100418e-01 5.313648614961669829e-05
-7.204475488613216738e-01 3.984019725971257034e-05
-7.201409842856908439e-01 3.893437433855262479e-05
-7.198106648889980308e-01 3.836483210755182880e-05
-7.197723506437236907e-01 3.296569745588218559e-05
-7.185248494453891910e-01 5.929132473234980733e-05
-7.182395556763631062e-01 3.570323142496615909e-05
-7.171580250991501648e-01 6.274408495814667245e-05
-7.166608584719956765e-01 3.715247707880183072e-05
-7.162563364223206719e-01 4.674391747427831585e-05
-7.162380252077154008e-01 4.049437750571074175e-05
-7.159927597590021175e-01 3.827590979649283777e-05
-7.148402087672819372e-01 4.601191416793310178e-05
-7.147764347821067288e-01 4.386070757643014323e-05
-7.145099988223958531e-01 4.422845065808632588e-05
-7.142429231793329114e-01 6.810610171818459019e-05
-7.122113515345399604e-01 4.461302292334638888e-05
-7.112430254759106729e-01 6.429640087642317099e-05
-7.111916544543491758e-01 4.080583479281163191e-05
-7.109213380886104661e-01 3.934395226923807228e-05
-7.086903293849871055e-01 4.604297276563283999e-05
-7.085150334555703200e-01 4.086862840158113271e-05
-7.080416394857678153e-01 6.927005745916103808e-05
-7.072592791113286870e-01 5.852873614500813678e-05
-7.063473108525559763e-01 1.506978595429944083e-04
-7.062172743359704796e-01 5.430093029223799744e-05
-7.054193020496841715e-01 4.715726566680005112e-05
-7.052083080279301086e-01 5.329412799262747111e-05
-7.050950642571940374e-01 3.811000287128833692e-05
-7.042470558091326049e-01 3.842907274554647850e-05
-7.037169525951684212e-01 4.022568788403985184e-05
-7.022506291765431286e-01 6.481690365452708589e-05
-7.017557085738076461e-01 5.498344954093988554e-05
-7.017107215560349776e-01 5.140923217276860202e-05
-7.016106067018433867e-01 4.877296876746828417e-05
-7.005752907100148974e-01 9.497319737694894588e-05
-6.993337485240406215e-01 3.264583784654266385e-05
-6.989396714615796480e-01 3.876979325061236001e-05
-6.989320651597826783e-01 4.381820399829355824e-05
-6.987210027084966857e-01 4.769962734527201555e-05
-6.982945944037061148e-01 4.516682329062083842e-05
-6.973802107493144442e-01 5.874121708180326309e-05
-6.973387528934092972e-01 3.668117881527877667e-05
-6.972624999048889771e-01 4.077675590719323452e-05
-6.970953056531535852e-01 5.911683839685048070e-05
-6.968164913409364836e-01 4.125221118830642335e-05
-6.967821516216186062e-01 3.742952396795020146e-05
-6.957814396987885841e-01 4.470094510773742127e-05
-6.951163101195309002e-01 4.930520499083641524e-05
-6.947765591601678947e-01 5.146794964091076232e-05
-6.946576841868277175e-01 3.642991260094390380e-05
-6.945675216410327479e-01 5.298601961177325535e-05
-6.941789353475431579e-01 6.592666704278596173e-05
-6.939888818667470094e-01 3.321739893439706995e-05
-6.932634855325665590e-01 5.652348051504389991e-05
-6.928469114520227068e-01 4.152431667405135219e-05
-6.923112874814981721e-01 4.459682874925682003e-05
-6.913552697422773452e-01 4.366720219566597259e-05
-6.905725114947953713e-01 6.171967756501589065e-05
-6.904349876701896260e-01 3.966285348080346749e-05
-6.896633427904662605e-01 4.352920637249478640e-05
-6.894805490330691011e-01 4.281405503903248862e-05
-6.888218648711248449e-01 4.197623550160598139e-05
-6.884670232416307822e-01 1.127876967559112299e-04
-6.875387711424332249e-01 5.158494749137796487e-05
-6.859821379849468936e-01 6.906608945012504726e-05
-6.855777851164309711e-01 4.316105126926894327e-05
-6.854582894010488037e-01 4.185818534701305155e-05
-6.852998722002129339e-01 5.420395176451071905e-05
-6.851568182849920863e-01 8.592118857028845937e-05
-6.841124201666671789e-01 9.390593000651215223e-05
-6.840962247784265760e-01 6.209588172849836809e-05
-6.840137794167869822e-01 6.620456401973936545e-05
-6.834604832487464199e-01 5.242640995511503029e-05
-6.833392453549177459e-01 4.722102884354621808e-05
-6.832937962737627435e-01 4.390937963913146759e-05
-6.830533923472912328e-01 4.431556809866964034e-05
-6.823624895590097994e-01 9.679353356884159564e-05
-6.823043649922075904e-01 6.650479627605712077e-05
-6.817017789968126129e-01 5.765271781034949966e-05
-6.812112754633113942e-01 6.964682394148429857e-05
-6.801208326987581154e-01 4.612082933446544683e-05
-6.798375173508856006e-01 6.084038916882105017e-05
-6.786661225496961602e-01 5.175423129489414593e-05
-6.769958590419486999e-01 7.049948681913253566e-05
-6.768653590149420474e-01 6.234419613073853344e-05
-6.756791695250267127e-01 7.126101614693384112e-05
-6.753895885986945791e-01 8.641733267151809593e-05
-6.751560826572250429e-01 5.248463352638739775e-05
-6.738597875134400006e-01 9.296999739257091541e-05
-6.729789402403363319e-01 6.314293608647584329e-05
-6.723555392023987665e-01 8.799311806972850991e-05
-6.722250617932761241e-01 5.104826026569524953e-05
-6.721723997611376289e-01 4.010028734511719521e-05
-6.720731050538313323e-01 5.183386028551480548e-05
-6.718611461162423693e-01 6.329757425010931109e-05
-6.717585059333305297e-01 5.708951089941745273e-05
-6.709975091991727814e-01 6.394287578519178218e-05
-6.705517202850337366e-01 6.459054421762702117e-05
-6.683411006929772524e-01 4.254603371592262064e-05
-6.679178597806976203e-01 3.855297331253302066e-05
-6.674525764707509579e-01 6.393075218536506616e-05
-6.673350704294809255e-01 5.726475943707159152e-05
-6.670232083389191491e-01 6.366480964937559859e-05
-6.668524688096778563e-01 5.303052514725234271e-05
-6.649729035585829617e-01 5.915377587206731194e-05
-6.642684064404751343e-01 4.196155033891416363e-05
-6.641463123191105877e-01 7.442517489332942603e-05
-6.633052732930829753e-01 7.670169034572302009e-05
-6.631091331356471219e-01 5.276879072240686332e-05
-6.626387999928776695e-01 7.250675900507555993e-05
-6.621739771922627860e-01 5.976852113329597524e-05
-6.621331634268199373e-01 5.392338279297572828e-05
-6.617681025359796188e-01 6.716375770592712918e-05
-6.608045993856525024e-01 4.191865088257497714e-05
-6.606739493050421963e-01 4.070272127950127892e-05
-6.605864646272362473e-01 5.636780790007551761e-05
-6.603841597189095136e-01 1.139183132081997350e-04
-6.600894161757316914e-01 7.979271958996081730e-05
-6.594637807262704321e-01 4.171003887576229505e-05
-6.585123184407415398e-01 4.817866820121201169e-05
-6.577392166577090693e-01 5.103043249286014660e-05
-6.576070703638614567e-01 4.559294467761540280e-05
-6.572949886988465051e-01 2.151827593168236788e-04
-6.561122141809430097e-01 8.156278004736944656e-05
-6.560824147942780904e-01 6.200596222208435955e-05
-6.559599681040110264e-01 6.707723329279502986e-05
-6.551389926411492759e-01 5.894262290558225720e-05
-6.543970938153512718e-01 5.325090558180477549e-05
-6.542134064674852700e-01 5.616314634508979826e-05
-6.539415005870029551e-01 5.627476201914603598e-05
-6.538972265492516422e-01 4.433282182680334162e-05
-6.531609019418297413e-01 6.053533360474559646e-05
-6.530506457827240929e-01 6.082006249279214746e-05
-6.524483459463141788e-01 5.126958983377452123e-05
-6.519829980578093487e-01 4.784097767977575671e-05
-6.508500982720168970e-01 5.937892780432684929e-05
-6.504940724914868300e-01 4.269595636555129054e-05
-6.502618744024292186e-01 4.009799861775870182e-05
-6.502468921268061974e-01 5.745106871250449322e-05
-6.493601762675174083e-01 7.810214684344761742e-05
-6.480921051804153787e-01 6.056256430142735708e-05
-6.479791259999453379e-01 5.261159924140185580e-05
-6.476341064497549427e-01 6.394114604001832495e-05
-6.466502155699432874e-01 5.903892090035914265e-05
-6.461721604508906536e-01 7.128348771036313147e-05
-6.458799344382682994e-01 5.596648332646423176e-05
-6.451010006866068069e-01 4.683675176842851118e-05
-6.450345131835492074e-01 5.656753863391089323e-05
-6.448189866908705659e-01 6.047564098833149737e-05
-6.440381426425041411e-01 4.642614273845682932e-05
-6.440064813871895222e-01 5.932410213325504256e-05
-6.438412099696596558e-01 6.115866872942581089e-05
-6.436487134179716962e-01 7.722127864757404752e-05
-6.433555694524504265e-01 7.968746457336533032e-05
-6.433525377925092270e-01 5.687437198263453934e-05
-6.428456165553334545e-01 9.483425188619555655e-05
-6.428434170134658121e-01 5.139222089051412361e-05
-6.420936974817711418e-01 5.825858029522719124e-05
-6.420493579035175813e-01 7.585530297081756706e-05
-6.418134045367771545e-01 5.185579200561765521e-05
-6.417004081377656322e-01 7.547177713566660586e-05
-6.413315849689585901e-01 6.672081345554725033e-05
-6.406947892669976330e-01 7.906762324307381527e-05
-6.403185461869485007e-01 8.420333581709020694e-05
-6.400811184407115828e-01 6.579737509864246145e-05
-6.394428720483398276e-01 6.744397261988178071e-05
-6.392982393832333798e-01 5.004481861512460460e-05
-6.387357602575810533e-01 5.500919842615215180e-05
-6.382998390147016643e-01 7.718776360990530654e-05
-6.382362391926620360e-01 5.749362155002997059e-05
-6.376809976530031232e-01 4.992609652536195202e-05
-6.372756046164060884e-01 8.018124189322154154e-05
-6.369907424801160012e-01 9.452107911308398871e-05
-6.365439592832579097e-01 5.322727536082207919e-05
-6.364887091187020340e-01 7.012347710951912134e-05
-6.363050751700550789e-01 6.661877080052471727e-05
-6.345094146621006459e-01 6.416358440653454687e-05
-6.327778293721579850e-01 8.391701660960497054e-05
-6.324024626620955436e-01 6.822818794237730296e-05
-6.317180055100647396e-01 1.580355559956048898e-04
-6.315739161026432402e-01 5.429531667105746024e-05
-6.306568343794500819e-01 6.259700737807426360e-05
-6.298259049897894091e-01 8.016654481151142052e-05
-6.295959422073548195e-01 1.180271017602368879e-04
-6.281017902136417641e-01 9.057279644549993676e-05
-6.262033582186534719e-01 7.262003618399357873e-05
-6.261491929739050333e-01 8.364437117911230866e-05
-6.248103785030759694e-01 7.176326011210558485e-05
-6.247175336502197585e-01 8.965185183572538328e-05
-6.245136730996132535e-01 8.315941258842958874e-05
-6.243593630374345560e-01 6.325226995917248554e-05
-6.241188664754134807e-01 6.314178729763216859e-05
-6.240763830900072362e-01 8.873269487414139846e-05
-6.239785148384425773e-01 7.833646845028976579e-05
-6.235150717946006393e-01 7.683892138633791188e-05
-6.234467190114448831e-01 7.524737116654287396e-05
-6.234184694349284017e-01 6.330958764536050002e-05
-6.225389585471939879e-01 9.732116806570851144e-05
-6.217057376930622548e-01 6.391496988983013630e-05
-6.215206273535390791e-01 1.622458249832565026e-04
-6.210926066666393464e-01 4.133913708467900846e-05
-6.210838952772074206e-01 8.880737312372843939e-05
-6.209679776921909200e-01 5.918952080254469766e-05
-6.206088185696593262e-01 6.557538596459884484e-05
-6.199845680106811363e-01 5.740447262794372068e-05
-6.198139608956231283e-01 6.574764270568379094e-05
-6.196864922439027090e-01 5.005105618804627340e-05
-6.196654953358158302e-01 7.082485081023248621e-05
-6.194576614642369750e-01 7.482184868302538012e-05
-6.192759322985664783e-01 6.301248034014469317e-05
-6.179071543171276160e-01 7.509628951972435740e-05
-6.178936493961808551e-01 5.253130049931719085e-05
-6.176151173714978793e-01 6.911765829909081234e-05
-6.172633978810633248e-01 6.280042767074702371e-05
-6.170400283652276441e-01 7.122136365387180088e-05
-6.165570936150748249e-01 1.353866472188454471e-04
-6.158437712448193713e-01 6.814426414139606941e-05
-6.142997086905283011e-01 8.193732471901575337e-05
-6.139501225286877473e-01 7.219417105376878556e-05
-6.137698595078585617e-01 5.327973839605248209e-05
-6.130709560369224098e-01 6.756615550105613346e-05
-6.129166367522324022e-01 1.123741788518586892e-04
-6.125700626434881224e-01 5.295865391822080447e-05
-6.123804138435646749e-01 7.935069162809940061e-05
-6.117620830342684890e-01 8.543017490960001467e-05
-6.117555204173447114e-01 8.798038280834983302e-05
-6.117382948829810374e-01 7.406269108647275359e-05
-6.113438147940881695e-01 7.333051470352527478e-05
-6.109527579775496653e-01 6.620895607051521044e-05
-6.109329333296501519e-01 4.857852253288622431e-05
-6.108201780456784524e-01 8.240190853756493663e-05
-6.101951490240847820e-01 5.189105135412315159e-05
-6.099631237436282660e-01 7.742575308342358178e-05
-6.091066173184327415e-01 6.057587170191409704e-05
-6.090636099909984003e-01 6.440348050506232045e-05
-6.083989124967796869e-01 8.663459483618476844e-05
-6.075952298204224666e-01 6.649880000822124861e-05
-6.064528540582455607e-01 9.346167247495177353e-05
-6.056567515761478449e-01 1.105397711191915514e-04
-6.056230463414704612e-01 7.755975850670855393e-05
-6.054371202278604480e-01 7.744822684870753752e-05
-6.052869215152534288e-01 6.736730128128905453e-05
-6.040177019344937781e-01 8.596137042904676995e-05
-6.033284560364993165e-01 6.259825295483177642e-05
-6.025122077911415630e-01 7.669684865302697459e-05
-6.019673415104933589e-01 6.918217392257351652e-05
-6.008231238020174114e-01 7.088256255156238396e-05
-6.006889921368363527e-01 8.535283959433981760e-05
-6.006744893783318995e-01 7.521778750496849793e-05
-5.993909189408116456e-01 7.405310572165182818e-05
-5.986801196968979388e-01 8.522595942249159228e-05
-5.985500409236305108e-01 1.114867848082253611e-04
-5.980724609044956175e-01 1.019831825071097016e-04
-5.972034986803946843e-01 7.995072425180801360e-05
-5.971748070307711931e-01 9.875383305953634662e-05
-5.968094782853192726e-01 7.902706506146603535e-05
-5.967843425137121516e-01 9.727195632009079569e-05
-5.963774039958680273e-01 1.083650620809352650e-04
-5.958414820154183111e-01 9.794762711967724890e-05
-5.936053235704242814e-01 8.311029305107640213e-05
-5.931842860169079801e-01 9.773072539598492568e-05
-5.931687266307030804e-01 1.153016482912364076e-04
-5.925145255408325040e-01 9.473713397112295718e-05
-5.923096623669026339e-01 5.851349961845375963e-05
-5.922557583788239377e-01 1.380845284150734582e-04
-5.921855101398827426e-01 8.877251450466095860e-05
-5.916067428451023957e-01 9.131987225808769625e-05
-5.905475033973185406e-01 9.543840898624797507e-05
-5.904095913643188087e-01 9.254700780440694853e-05
-5.901947751815439513e-01 8.122877569054035311e-05
-5.894693444325344034e-01 6.133536626803535920e-05
-5.890709241594705992e-01 6.400599253505672814e-05
-5.890366746464031911e-01 5.468874773370722232e-05
-5.882053286071547982e-01 5.333637150224027187e-05
-5.881822598465562546e-01 9.748780668272782890e-05
-5.880058688590013016e-01 7.209602636810879595e-05
-5.876054202503179225e-01 9.075773605806979917e-05
-5.868290536415556868e-01 6.305799178352115690e-05
-5.868188254038114726e-01 6.387804921557542264e-05
-5.856475401751071175e-01 6.340276029614471353e-05
-5.849838804051593621e-01 1.055483404771927718e-04
-5.849244307042624769e-01 1.313347548293119160e-04
-5.845501107243230576e-01 1.023037824651079110e-04
-5.845007541394054984e-01 6.937681799394518367e-05
-5.832788360164664621e-01 9.638435734950071606e-05
-5.832043283041783432e-01 1.391904594400846917e-04
-5.830842130202212870e-01 1.135109692281074565e-04
-5.829703344441382606e-01 9.637495637031486039e-05
-5.829086740865989658e-01 1.067278100887508507e-04
-5.826022788045812639e-01 9.333611250966200308e-05
-5.815942226024959361e-01 1.083801681331966174e-04
-5.810720806265018412e-01 1.234182063419704772e-04
-5.791292931032571145e-01 7.816199629268960961e-05
-5.782912117222384074e-01 8.712584595859409987e-05
-5.778776428613853211e-01 8.563950617114323262e-05
-5.778128822019189537e-01 1.088275786993513040e-04
-5.771534115283859512e-01 9.017703814188456253e-05
-5.768445418872371055e-01 8.653759833240368485e-05
-5.760626206782937242e-01 1.091601315902856296e-04
-5.759999970936652280e-01 9.661917143516573689e-05
-5.752318603080750492e-01 8.398298314468085636e-05
-5.750664401532669112e-01 8.862030638191399537e-05
-5.745319557940111732e-01 8.371812270630171716e-05
-5.742373038117043471e-01 1.099754844721001495e-04
-5.738442742338131231e-01 1.204165549536634610e-04
-5.736093291719414067e-01 9.642199766577048969e-05
-5.731943583820234833e-01 8.156741325579700095e-05
-5.731165427029587534e-01 7.622188564554941163e-05
-5.728164670808483239e-01 1.009711593830786000e-04
-5.728092760992450350e-01 9.925985057882489562e-05
-5.728061261753839561e-01 1.066621474204486407e-04
-5.724274635365182995e-01 9.716610415127602089e-05
-5.719072651795508166e-01 9.455344892920503617e-05
-5.714857865906235457e-01 7.358643163898550979e-05
-5.710056046340489244e-01 9.707680903967996647e-05
-5.700589317926083588e-01 1.218549146857387882e-04
-5.697739831986030623e-01 1.001859466347331022e-04
-5.693126934573505826e-01 1.288363211148138413e-04
-5.689544051430918126e-01 7.613558330823586224e-05
-5.687337412271318282e-01 9.589310570896583024e-05
-5.679859507220137438e-01 1.039331669836728294e-04
-5.663366644355378732e-01 9.577851760952012250e-05
-5.659988205895450930e-01 7.787012244111846733e-05
-5.656212863088654341e-01 7.924777044291308938e-05
-5.644883134572452610e-01 1.263564074474479270e-04
-5.625932590347121343e-01 1.176345775114877610e-04
-5.620429869886648389e-01 1.259133129882622731e-04
-5.613726273550891932e-01 8.955610385291641390e-05
-5.611751608470717523e-01 1.103745774885095919e-04
-5.608754285791206495e-01 9.895651687742793587e-05
-5.606478733658120106e-01 1.404071813837055806e-04
-5.605057387948778613e-01 7.789573023118629509e-05
-5.605031151855889293e-01 1.220225301256168578e-04
-5.602996918957570127e-01 1.149426954724140859e-04
-5.602287829943681796e-01 9.021857349514645513e-05
-5.597924618008475184e-01 1.082831997413808990e-04
-5.594944423409812240e-01 9.180627066625607227e-05
-5.593403633580793510e-01 1.280026504542615775e-04
-5.583743786721957481e-01 1.067159345121560513e-04
-5.574079700701930484e-01 1.748250998171005832e-04
-5.573433795350986042e-01 8.777819563877223036e-05
-5.573131460540801108e-01 1.431509818871518633e-04
-5.572697226374021540e-01 9.406961800365971828e-05
-5.567816652425947588e-01 9.654196213551616528e-05
-5.564720318404803301e-01 1.157622789836239838e-04
-5.559525552293870243e-01 2.960614645502146177e-04
-5.557274635763975734e-01 1.399013202205759410e-04
-5.557094487468688948e-01 1.554949301271207494e-04
-5.550629408772655982e-01 1.042261471077595011e-04
-5.546453865226329549e-01 1.193275825492052768e-04
-5.532399111991300744e-01 1.411615382000649987e-04
-5.528422929307192923e-01 1.414697984053256549e-04
-5.526963982157989674e-01 1.059789731709703163e-04
-5.521359293546844738e-01 1.179170853272749116e-04
-5.516736327411815299e-01 9.600012216336631225e-05
-5.513838713967310623e-01 1.109553630927232029e-04
-5.507576412487080741e-01 8.004112360353993465e-05
-5.507030903167883240e-01 1.194710241761246254e-04
-5.502738833883329406e-01 1.185741263670227013e-04
-5.479330354668990877e-01 1.001582324344748914e-04
-5.477311067120655963e-01 1.044054753798761572e-04
-5.471341944705589988e-01 9.374757854168293985e-05
-5.467500692546674035e-01 1.868629960280284070e-04
-5.463675061095951691e-01 1.077519441873891814e-04
-5.452293356103070643e-01 1.072838339295176268e-04
-5.444966510081176159e-01 8.397213716435447477e-05
-5.444156249644394041e-01 1.011121814679682193e-04
-5.441741635989437720e-01 1.214638705254098537e-04
-5.441269465874775113e-01 1.081849991540032876e-04
-5.435594346167673674e-01 9.221473778129330172e-05
-5.424871179107282337e-01 1.362511660415008819e-04
-5.420120560738092008e-01 1.222200448231073623e-04
-5.414124565735690675e-01 1.124748529563395725e-04
-5.408765146194408624e-01 1.437352511998202275e-04
-5.403462485714950470e-01 1.491051291931240160e-04
-5.402035607401778350e-01 1.002001127596319500e-04
-5.395990580374843137e-01 1.907505057157415289e-04
-5.395182447080064669e-01 1.175806404188443888e-04
-5.394447891371442205e-01 1.363102268719504806e-04
-5.383888567419928828e-01 1.109325293616730547e-04
-5.367986328538295604e-01 1.209767552158445478e-04
-5.366827367447355446e-01 1.162561233371891959e-04
-5.364695365064751087e-01 1.206899659624753818e-04
-5.361927004805696617e-01 1.163257140567080443e-04
-5.354525574532617016e-01 1.141582066107435560e-04
-5.349343015209320207e-01 1.113171591276845856e-04
-5.348365701417550078e-01 1.465079038748051199e-04
-5.343187102538295985e-01 1.507982255743233011e-04
-5.343042525381580532e-01 1.062838022241860593e-04
-5.339225176376496407e-01 9.642275817314540601e-05
-5.337926284907622554e-01 1.376831044208913296e-04
-5.327287411910966997e-01 1.432454262630669054e-04
-5.325494197625104675e-01 1.106879366991033115e-04
-5.318026034331840846e-01 1.325357826994372223e-04
-5.309765443411256225e-01 1.073861021483911232e-04
-5.302386396866519691e-01 2.210378026981548436e-04
-5.297396144213483149e-01 1.341381581812811522e-04
-5.296645831924999825e-01 1.285697554356772109e-04
-5.296288008533099889e-01 1.199411740810058587e-04
-5.291468592625081513e-01 1.115134618476464181e-04
-5.283482481354450089e-01 1.206994463306281277e-04
-5.280571510859728424e-01 1.715987566370398803e-04
-5.264620598326706924e-01 1.419511331845454472e-04
-5.244039163606697418e-01 1.153570265105106381e-04
-5.241029511838497523e-01 1.153076906610089333e-04
-5.226190569961912669e-01 1.013400253901021729e-04
-5.217371565328698946e-01 1.115692224818090058e-04
-5.217124776024464339e-01 9.296357420938995404e-05
-5.213427783901007917e-01 9.200571402525306488e-05
-5.197902969838038567e-01 1.383854096942676985e-04
-5.196423910966870841e-01 1.240705285261956513e-04
-5.195060982562855756e-01 1.429737355861431186e-04
-5.194276821416304868e-01 9.096018009747910851e-05
-5.189234389930932334e-01 1.229753756235769143e-04
-5.189059452976090281e-01 1.652577867252369925e-04
-5.186556218506287452e-01 1.423875622188662472e-04
-5.184054225239433933e-01 1.185453059784702195e-04
-5.183986274013787643e-01 1.146487942402333731e-04
-5.183752644508780039e-01 1.630580414422751450e-04
-5.183574011050603447e-01 1.306757748391035691e-04
-5.181179110336157079e-01 1.480000770486395692e-04
-5.175950073501192072e-01 8.316206689204585850e-05
-5.171263879869217872e-01 1.178060084671975140e-04
-5.162975131074144519e-01 9.840232342158135672e-05
-5.162525208156573120e-01 1.307295473537501622e-04
-5.152181438431774341e-01 1.660474677397145592e-04
-5.147127215151825474e-01 1.043811233717058251e-04
-5.146925100843324774e-01 1.180616493175707060e-04
-5.145662098674805840e-01 1.387930165707931698e-04
-5.142242781312217348e-01 1.034958421329149270e-04
-5.139378956912457053e-01 1.264612780449909425e-04
-5.138488727978606230e-01 2.137574914992815343e-04
-5.133235686831917333e-01 7.888725911571177560e-05
-5.129603086100585907e-01 1.469891485869125340e-04
-5.128658291001366720e-01 1.665704747523948938e-04
-5.127587007471586800e-01 1.080163068716353522e-04
-5.126726998668503787e-01 1.062229702465086517e-04
-5.103248865569840476e-01 1.117660409781534472e-04
-5.103006342827819397e-01 1.343580082177796774e-04
-5.097492010748000402e-01 1.949106095888100557e-04
-5.097125798403551178e-01 1.699292546485054400e-04
-5.096999248712705821e-01 1.349696337772346877e-04
-5.092715447317497368e-01 1.246907960247073865e-04
-5.092062349552897160e-01 1.525749492328336049e-04
-5.091734103708087655e-01 2.837506162958855125e-04
-5.089352099054539336e-01 1.301126346502261613e-04
-5.086907695077105274e-01 1.725342608804220676e-04
-5.070968481340992762e-01 1.385737667656760069e-04
-5.061573767495975984e-01 1.778848079875070941e-04
-5.053147695386811522e-01 1.333493330872390515e-04
-5.043550359904800384e-01 1.427082664736715686e-04
-5.041321720123580485e-01 1.236389750729123571e-04
-5.038347128694898869e-01 1.410507200950398166e-04
-5.036168156422378139e-01 1.520510584904148481e-04
-5.034193027682660748e-01 1.656325191232456678e-04
-5.023385508763323903e-01 1.599661982922179248e-04
-5.020290020175620649e-01 1.312113170220722777e-04
-5.008162005978901155e-01 1.333337905713192573e-04
-5.006132530858041774e-01 2.842581203045553410e-04
-5.005083283517705040e-01 2.006163742793277776e-04
-5.004835573953823058e-01 1.596044694876419989e-04
-5.001168068073686968e-01 1.540974360368027596e-04
-4.986916819487869357e-01 2.579404631058258911e-04
-4.979980075941742301e-01 1.354970023238316319e-04
-4.977996285949805588e-01 1.666711315490459252e-04
-4.977610542493610679e-01 1.634718378750104153e-04
-4.977473786675029599e-01 1.404322918910610855e-04
-4.969554449779975958e-01 1.734603927518547028e-04
-4.969365733130675644e-01 1.467980737622704205e-04
-4.968178267760471334e-01 2.061677648095604568e-04
-4.965643980111414946e-01 1.451969929505238027e-04
-4.963086523913165515e-01 1.604301757028318484e-04
-4.959090697600957998e-01 1.428561651431323393e-04
-4.950800796310022012e-01 1.969790057245799210e-04
-4.950257678726350252e-01 1.594799721057999593e-04
-4.927812318741900399e-01 1.516403756144063910e-04
-4.923415240131555626e-01 1.727531227315099501e-04
-4.920068656527113449e-01 3.953324210696375200e-04
-4.918308184856630128e-01 1.808564554889316380e-04
-4.918035757691318066e-01 1.561494317000412053e-04
-4.916248603593829647e-01 1.386020117912414710e-04
-4.907281321452405254e-01 1.616258969536648639e-04
-4.904978687979290042e-01 1.122375481749752910e-04
-4.882035874648921192e-01 1.156849798150639760e-04
-4.872216388497548900e-01 2.061906336024255744e-04
-4.871011977954495253e-01 2.107464049284392133e-04
-4.865807971448932734e-01 2.066703307456412681e-04
-4.857417447530381627e-01 1.548657068560917410e-04
-4.848948098491970837e-01 1.205307661296262648e-04
-4.847499824414829850e-01 1.560623195391154614e-04
-4.844922156466652807e-01 1.594598063372703158e-04
-4.843989379026196751e-01 1.338870117363506209e-04
-4.842363675145383572e-01 1.476008602017382459e-04
-4.835726673569774592e-01 1.486551346500800997e-04
-4.832516371641278896e-01 1.614051402129540306e-04
-4.830780113008879550e-01 1.508657637988275436e-04
-4.821032063227142506e-01 1.542655686321418081e-04
-4.815413830300681042e-01 1.943216839136475689e-04
-4.814373375882074479e-01 2.000321391518872769e-04
-4.814013886778794604e-01 1.342229186809900624e-04
-4.813997808539540735e-01 1.621585191581008693e-04
-4.810664978609690556e-01 1.354153835288300362e-04
-4.809989648784630534e-01 1.136848279053241081e-04
-4.803652705073364060e-01 2.230043427314518968e-04
-4.803569074157904017e-01 1.249176107367172724e-04
-4.801955537595118395e-01 1.734266473939583637e-04
-4.799039153692026272e-01 1.208094002245400071e-04
-4.798411620139489964e-01 1.283698313294600549e-04
-4.797870611734122437e-01 1.565867516034015949e-04
-4.793589385716788276e-01 2.211354473388497087e-04
-4.785991218444054507e-01 1.399593133572370695e-04
-4.779360314018686884e-01 1.168261683061732069e-04
-4.775067336617614400e-01 1.306905142035085865e-04
-4.773405296527038488e-01 5.640683097054621569e-04
-4.766878404853964191e-01 1.436266582410390105e-04
-4.765211855232816540e-01 1.551381682387663200e-04
-4.764197529667748010e-01 1.892860404017177956e-04
-4.760013465669915012e-01 1.782986017770865693e-04
-4.755771838626333126e-01 1.299412416074059923e-04
-4.743368070111227408e-01 1.822670928100156220e-04
-4.742505903841039983e-01 1.174464840757947213e-04
-4.741314518873636086e-01 1.880021829551086843e-04
-4.739857615857942519e-01 1.687614654179448988e-04
-4.736461829644423305e-01 1.251238006137159631e-04
-4.731835345461450903e-01 1.663147878841071930e-04
-4.728221356546772336e-01 1.610775998019888682e-04
-4.724268237337599929e-01 1.223081936438317455e-04
-4.719201418387422020e-01 1.365300394418484916e-04
-4.715255847236697329e-01 1.352971234962959692e-04
-4.709442592165011265e-01 1.815049551724616354e-04
-4.706190116453314309e-01 1.352868658086117410e-04
-4.697686660904039635e-01 1.398118115213022451e-04
-4.690702450380082045e-01 1.767642687120200460e-04
-4.690483609445565416e-01 1.409532777641707717e-04
-4.690102113793715999e-01 1.469589168555573890e-04
-4.689949457988699666e-01 1.239947536914687656e-04
-4.689140261431032353e-01 2.707309185624603661e-04
-4.688051853873803632e-01 1.549349275384380008e-04
-4.685228809666758809e-01 1.862676285879060075e-04
-4.681896320119193211e-01 1.470539214053772519e-04
-4.673541541013407352e-01 1.885144257359297774e-04
-4.673105030009890304e-01 1.410744188767696803e-04
-4.671016224618721457e-01 1.510153373606981100e-04
-4.670050134303986855e-01 1.661700205328603950e-04
-4.666834339648564534e-01 2.156740682217090255e-04
-4.662957235874496953e-01 1.913312983806920769e-04
-4.659321549529431006e-01 1.245976059061773089e-04
-4.656219145521459102e-01 1.437255974664223212e-04
-4.644079785424918838e-01 1.896533443243291080e-04
-4.643064623753622167e-01 1.625581805977078338e-04
-4.641648934479072341e-01 1.174902459371898045e-04
-4.638350110916701907e-01 1.786947009535547963e-04
-4.637770456047046741e-01 2.034307772793585753e-04
-4.634931280566682021e-01 1.195833665287035301e-04
-4.632247232559415506e-01 2.615990834309583771e-04
-4.632188261195827050e-01 2.029224322130613407e-04
-4.630094966833534498e-01 1.430194580884698336e-04
-4.625672888827275786e-01 1.436912248097077050e-04
-4.623395845354921208e-01 1.375883296629053297e-04
-4.619513659145549345e-01 2.275695664559498573e-04
-4.617986535184305241e-01 1.694800400399030713e-04
-4.611477460333182621e-01 2.782443042552213601e-04
-4.606541123862483156e-01 1.347382956423689537e-04
-4.603879489513929002e-01 1.847416550936979956e-04
-4.598866820020049428e-01 2.203048092198538557e-04
-4.595891678835591909e-01 1.858001864447538312e-04
-4.594199254782638797e-01 1.699119705018862592e-04
-4.590920929937679640e-01 1.745039220620217665e-04
-4.590303158819167284e-01 1.563545093362785445e-04
-4.587791154297670704e-01 1.942562493251172111e-04
-4.579054659761067625e-01 1.426618720040781930e-04
-4.579032261086313782e-01 1.737969394215536369e-04
-4.570633561054445182e-01 1.736777464538756912e-04
-4.563778906064448471e-01 1.513287795452643574e-04
-4.562068300563444367e-01 1.927800851080206277e-04
-4.552490726187076731e-01 1.698166386043955622e-04
-4.549158732740324340e-01 1.546502499704721829e-04
-4.547800122815782720e-01 1.392184628658124721e-04
-4.545246496246942991e-01 1.793599027091079051e-04
-4.533310694566710652e-01 1.365156234585758932e-04
-4.532881043531927778e-01 1.885755143780145639e-04
-4.527545673020939021e-01 2.259632659582192112e-04
-4.526874899318826806e-01 1.462925955752155164e-04
-4.519758467630983767e-01 2.614024221209987884e-04
-4.512524731427839386e-01 1.455243614892335778e-04
-4.512279268039124935e-01 1.462959397030658571e-04
-4.511150416394426044e-01 1.584637300443355213e-04
-4.507742823963945544e-01 1.967305124493534002e-04
-4.502562114003273441e-01 1.883659331533805114e-04
-4.491706589594831045e-01 1.660453617300541949e-04
-4.491068354070573143e-01 2.523262774010044934e-04
-4.489906630958720446e-01 2.892590340048911777e-04
-4.488645162368514185e-01 1.489194663830247173e-04
-4.487336744553668266e-01 2.854739180801177975e-04
-4.485834628156000203e-01 2.009567994928250164e-04
-4.485503865171611704e-01 1.601645139571832564e-04
-4.473045834354711370e-01 2.300143910966234674e-04
-4.470483589101073019e-01 2.594427089227477898e-04
-4.467553091661995990e-01 2.087046092072484898e-04
-4.463761447094237722e-01 2.182239468862534073e-04
-4.460673157020416113e-01 1.860170493481817550e-04
-4.458764701726115054e-01 1.531538080311332440e-04
-4.458241163366806759e-01 1.792631932115066435e-04
-4.449418554167273721e-01 2.053359255440564469e-04
-4.446478218271022742e-01 1.450920214250671640e-04
-4.444084554371169893e-01 2.040258242645462514e-04
-4.444036272689563249e-01 2.548319046791492617e-04
-4.428092812040492210e-01 2.899308069384806457e-04
-4.427289914077952027e-01 2.646667007157613377e-04
-4.420179035078060092e-01 1.653876929632847026e-04
-4.407965997376847578e-01 2.453523522196221799e-04
-4.407157768041972679e-01 2.395097803078845777e-04
-4.400258309160731685e-01 2.222244902501084184e-04
-4.398558201331455031e-01 1.950154193899960003e-04
-4.396011893327633202e-01 1.936248629849367546e-04
-4.395182271321392831e-01 2.547894549188344307e-04
-4.393594271933443096e-01 2.320361350440576682e-04
-4.392739112455753547e-01 1.713501586372231944e-04
-4.388575708353693039e-01 1.774701208329777585e-04
-4.385983802503840012e-01 2.781268329983523839e-04
-4.383013883424948243e-01 3.106909406455763182e-04
-4.369783116894216946e-01 2.977048617185759790e-04
-4.362922979832699055e-01 2.173772368285441508e-04
-4.362814658743394691e-01 3.032043915238141893e-04
-4.362457805537885980e-01 2.274772049458971849e-04
-4.351027521965881162e-01 2.468809750726830179e-04
-4.346385455693032585e-01 2.736617756316778844e-04
-4.346020365145648046e-01 2.084936491726442403e-04
-4.336619994776291231e-01 2.491728292019185329e-04
-4.329990778287445274e-01 1.695558178887444955e-04
-4.325870225685492509e-01 2.040459851271833353e-04
-4.324388594423205223e-01 1.938854127689958542e-04
-4.324114077196224426e-01 1.529537359109450810e-04
-4.319553830701783337e-01 1.336660695683411634e-04
-4.316544323917393955e-01 2.023820133015652542e-04
-4.316540094575050390e-01 1.605777658321322116e-04
-4.312353741734251122e-01 2.872118309004626901e-04
-4.307020979966039720e-01 1.878510235196590675e-04
-4.300379378200454017e-01 2.074446154530280471e-04
-4.297282786982568048e-01 1.642871419612953337e-04
-4.296320678812975968e-01 1.420017275188770894e-04
-4.293746065180435445e-01 3.674119157637631568e-04
-4.292792167499304146e-01 2.183218815881165533e-04
-4.292210943896922481e-01 2.071780726387457408e-04
-4.289403384827206733e-01 1.573684850668535882e-04
-4.289311838067008109e-01 1.617950236035270428e-04
-4.275509405863126000e-01 1.460265108159754569e-04
-4.275147640090116719e-01 1.833137553881007285e-04
-4.267944573917503703e-01 2.785862914607238746e-04
-4.263911429061740255e-01 1.900556953791960745e-04
-4.261476038664051003e-01 1.304751675430178303e-04
-4.260870436079595702e-01 2.764416966903625642e-04
-4.259528684345073590e-01 1.877718866195788499e-04
-4.259212542959261993e-01 2.126292713285697872e-04
-4.257809290751001785e-01 1.610351067529838863e-04
-4.256544412533626032e-01 2.654200637466513934e-04
-4.252962341359648457e-01 1.956108603265552823e-04
-4.238867025946485012e-01 1.795762965530569623e-04
-4.226955158170868643e-01 1.837700848243501914e-04
-4.225996478677588875e-01 2.180293568004366717e-04
-4.221552106527080572e-01 2.727399108320619869e-04
-4.218768615908896624e-01 2.313649072841676517e-04
-4.215518674627765083e-01 1.783222498028844236e-04
-4.212657524198072378e-01 1.741463336938049516e-04
-4.211471120500783205e-01 1.976049203116475692e-04
-4.205625314494563227e-01 1.590097026015284659e-04
-4.202291875988047876e-01 1.836799540552946333e-04
-4.201474614983048417e-01 1.843108022664658276e-04
-4.198251138893123735e-01 1.574013276998762877e-04
-4.190358994686140814e-01 3.226496362901220389e-04
-4.185211395169213811e-01 2.274123470230130515e-04
-4.178685043669354005e-01 1.616966619512680151e-04
-4.178660694056687275e-01 2.802237833669284171e-04
-4.177579218614708711e-01 1.296892339548077274e-04
-4.175736035476388941e-01 2.229989423778759789e-04
-4.170211073915048305e-01 2.503432238677290810e-04
-4.169643070285874997e-01 2.258154372124936181e-04
-4.168750304954792485e-01 1.919429640550597267e-04
-4.168527972653054414e-01 2.122576541113633652e-04
-4.163419195893910407e-01 1.898529717397631300e-04
-4.163383776296851191e-01 1.921558553021801064e-04
-4.161451106936159272e-01 1.580788829837663175e-04
-4.161438117505603107e-01 1.791325359799910268e-04
-4.161062496523421084e-01 3.117666144260480138e-04
-4.158661575244671504e-01 1.471370066531644128e-04
-4.154863973116083020e-01 2.442102215502454563e-04
-4.152371835478880779e-01 1.984861686349381771e-04
-4.151427411469177930e-01 1.592499007007655782e-04
-4.145362419151423228e-01 2.149494477914600584e-04
-4.145002216471193046e-01 1.909897107925248247e-04
-4.140069167028653796e-01 2.046990889153602088e-04
-4.133414343818557768e-01 2.324642817470924693e-04
-4.127764991648642523e-01 1.363293030060222933e-04
-4.122589864689859551e-01 1.891077445987974592e-04
-4.121872547528677155e-01 1.992748427874910168e-04
-4.119486117398601377e-01 1.719130969779270100e-04
-4.119003178215354111e-01 2.162632835364206192e-04
-4.118547013003678869e-01 2.275065445441576092e-04
-4.115132088243599884e-01 2.241309799042919969e-04
-4.112618778177880019e-01 1.944848664160780190e-04
-4.111749925143726725e-01 1.745513772710533765e-04
-4.099296278178977126e-01 2.265330120842389721e-04
-4.097125058607558046e-01 1.835605810273113715e-04
-4.095283300187015363e-01 1.765954600956099526e-04
-4.093929968992401358e-01 1.874261178443181839e-04
-4.092975620055233077e-01 2.478279749199134596e-04
-4.089647949544331085e-01 2.112824080242489916e-04
-4.082682576627941207e-01 1.538854832661188353e-04
-4.075619773635349441e-01 2.410997824531231984e-04
-4.071986492778044697e-01 1.717620757704337909e-04
-4.070491194706687410e-01 2.130648130834300439e-04
-4.053799791915214112e-01 2.691612184015474644e-04
-4.051177730580441949e-01 2.636902723165571259e-04
-4.049177332700281129e-01 2.330199045619361236e-04
-4.048754607514528647e-01 1.932129564982366595e-04
-4.042494714801773692e-01 2.689897406892751818e-04
-4.035277874506512097e-01 2.587651958570785955e-04
-4.030307688407103184e-01 3.155711114537230457e-04
-4.027600678202856721e-01 2.562099519123901391e-04
-4.025938514158152737e-01 1.971344125946837469e-04
-4.024005555040668369e-01 1.685707110538732186e-04
-4.022672216545025159e-01 1.978106569865054325e-04
-4.021534534907892922e-01 2.059183367572725695e-04
-4.018413627296361645e-01 2.653259014598124618e-04
-4.014730095078002936e-01 2.827567941096711425e-04
-4.014002266393251750e-01 2.426893775660983747e-04
-4.005188129010693876e-01 2.913570546239538611e-04
-4.001019777035955127e-01 2.600492116083773491e-04
-3.990287146955577846e-01 2.800798746822214273e-04
-3.986788703116474486e-01 1.925969032911992282e-04
-3.983821913521273239e-01 2.466272539994058947e-04
-3.980705696496203427e-01 2.726349901732972019e-04
-3.975457771095872173e-01 3.279859375222846703e-04
-3.973101097857347774e-01 3.004461100160554592e-04
-3.971584875020457983e-01 1.565563979037278670e-04
-3.945835026021200509e-01 2.535374847714187219e-04
-3.941964633015829222e-01 2.424477211114939952e-04
-3.941773207300591775e-01 2.802898168914918684e-04
-3.941573057015982928e-01 4.608024823796045329e-04
-3.925866721618019861e-01 5.361898441232357867e-04
-3.925557724595979403e-01 2.773433671056180303e-04
-3.898966793208610837e-01 3.578989023540582763e-04
-3.894980427952670632e-01 2.982255465620804779e-04
-3.887242322732396560e-01 3.269716416629999257e-04
-3.883906871361559876e-01 6.634853204135942109e-04
-3.880779137815574820e-01 3.004416620155996530e-04
-3.878775299309512037e-01 2.868482712767909362e-04
-3.868526215335301166e-01 4.401060227135278401e-04
-3.867825318546200819e-01 5.008583455440354095e-04
-3.848626602624137250e-01 3.084824725831790838e-04
-3.843521855445949931e-01 5.021554491715630140e-04
-3.825731645609198317e-01 3.130419817836340053e-04
-3.807768878117531175e-01 2.147931081009984912e-04
-3.807023411406636471e-01 3.146148581120274059e-04
-3.805662857454891190e-01 3.431221744161722727e-04
-3.804936753426181872e-01 2.179798244724248559e-04
-3.802860252550672726e-01 2.489755984128265280e-04
-3.796389610933678105e-01 2.668019459926024447e-04
-3.794173749379644023e-01 2.505028958026646259e-04
-3.781341386594832543e-01 1.996975324512419332e-04
-3.779752196714812329e-01 2.781842992506273213e-04
-3.776980645575524487e-01 2.729506318925310781e-04
-3.774714291709151404e-01 1.780800558283682710e-04
-3.774168075329379923e-01 3.231881335754955772e-04
-3.773278412740260768e-01 2.911199441381542700e-04
-3.772185740779931962e-01 1.966491647445596221e-04
-3.771021245922681620e-01 2.428422730268330249e-04
-3.765614322748445653e-01 2.264064906055282490e-04
-3.756818684873602932e-01 2.270026651802737293e-04
-3.753251980344415317e-01 2.562058840228414926e-04
-3.750246924353786704e-01 3.078800641938381926e-04
-3.748978999213811170e-01 2.310710443625494791e-04
-3.748490701568055750e-01 2.698333619654503732e-04
-3.748489793303073636e-01 1.112400602162456035e-04
-3.743826066899509919e-01 1.803930815906521412e-04
-3.743575971850041650e-01 3.516625884137898421e-04
-3.742431466487446956e-01 1.841224377243477859e-04
-3.740247953159871463e-01 5.238981156493553986e-04
-3.734099611979332378e-01 2.570433172571252325e-04
-3.730146691905703582e-01 2.149782578625695681e-04
-3.729415161967990500e-01 2.490781350117594385e-04
-3.729110832025055999e-01 2.275190100062605243e-04
-3.727391623155019151e-01 2.178073613099347266e-04
-3.726545720848249976e-01 1.953284677088247242e-04
-3.725866441499314785e-01 3.194374622004790055e-04
-3.718255952913462892e-01 2.147716808821982461e-04
-3.710122408278523909e-01 2.161624349247306921e-04
-3.701602310639015569e-01 1.792634812559386185e-04
-3.696765246553181949e-01 2.539840581057104148e-04
-3.696341941156784938e-01 2.298331227232994385e-04
-3.692347156891555016e-01 2.288196418785370088e-04
-3.691038753779554149e-01 1.882191053944257120e-04
-3.687269658335367017e-01 2.771239870503864624e-04
-3.684437073102479476e-01 2.281997828676317797e-04
-3.682393469979748923e-01 2.473819193421972272e-04
-3.673049343645089504e-01 2.125015582986342153e-04
-3.670755293780182948e-01 2.122977184599425440e-04
-3.667538412441946893e-01 1.821095548311997970e-04
-3.664436968201285061e-01 2.197006532279398934e-04
-3.652991750551400352e-01 2.650093787958441617e-04
-3.650336602202533531e-01 2.251581538900023459e-04
-3.640375890292008587e-01 2.000819693774492534e-04
-3.637265335648133258e-01 2.788815874372192857e-04
-3.637018382261498206e-01 1.946361027110908375e-04
-3.636537219216284256e-01 2.128332077794449896e-04
-3.633957987156865022e-01 2.572715918865796218e-04
-3.633445690785739313e-01 2.135931640522738674e-04
-3.627132546466862451e-01 1.895628469687062414e-04
-3.627070971735190663e-01 2.283158414890748035e-04
-3.625101792943176693e-01 2.698404991347781376e-04
-3.622404679295453400e-01 2.309593378164725313e-04
-3.619734114927642410e-01 2.451811130298563310e-04
-3.619404664329179955e-01 2.221325700505037291e-04
-3.611218323946845388e-01 3.132882511484906757e-04
-3.608734519021217224e-01 2.225942260162286314e-04
-3.608317127817011194e-01 1.199949067406372896e-04
-3.608274228456926913e-01 2.452486114041229617e-04
-3.594261446892926259e-01 1.859293022605134271e-04
-3.594210739371453966e-01 1.710515393867235718e-04
-3.594164621858307318e-01 2.050950021062496913e-04
-3.584637989867845986e-01 2.255029853403332080e-04
-3.583908010371976149e-01 1.832100393716264044e-04
-3.583580877516461816e-01 2.810752471070883602e-04
-3.580946040446172929e-01 2.732034396807795436e-04
-3.571822319868896423e-01 2.549219854282924812e-04
-3.569017376914990214e-01 2.308773370343702666e-04
-3.567216035994883461e-01 2.509223707866995150e-04
-3.562978442415690172e-01 2.716881033069408198e-04
-3.560883215170451144e-01 2.976171570582765067e-04
-3.560505488630522075e-01 1.911206577895207149e-04
-3.556338052970871577e-01 2.501652874238967502e-04
-3.552919317500070062e-01 3.367614084527691489e-04
-3.548721984357292580e-01 3.698125291138991953e-04
-3.547216971201965219e-01 3.032675615442615791e-04
-3.544402177049270075e-01 2.491238828967209224e-04
-3.538077457007229865e-01 2.022971969036365075e-04
-3.536246979503052112e-01 2.244217086769136320e-04
-3.535382433344478326e-01 3.747760705358969520e-04
-3.535036040096888876e-01 3.566984041703618030e-04
-3.532153987530024519e-01 1.738742741789435693e-04
-3.528774727521786780e-01 3.767348086641013815e-04
-3.528542794291861240e-01 5.243474365862095532e-04
-3.525227655265337767e-01 2.141983549002772686e-04
-3.521546623629092099e-01 3.306080299597863098e-04
-3.521034963037645293e-01 3.091843394108478968e-04
-3.513380028687255741e-01 4.041390456835925707e-04
-3.506711576999935742e-01 1.978720502602698285e-04
-3.503816851815650946e-01 3.229291931492424337e-04
-3.503778812787014529e-01 2.177871078411483855e-04
-3.502417529086047643e-01 2.273579872923389190e-04
-3.498712075635269647e-01 2.114061785954302758e-04
-3.497207678619009830e-01 2.571705581839440861e-04
-3.496335836847042078e-01 3.731288773989418269e-04
-3.492549823815616072e-01 1.730316789600758827e-04
-3.484364211383263465e-01 2.101168601208572339e-04
-3.482909910593379732e-01 2.147047370960037500e-04
-3.476666480609363896e-01 3.119653725221572041e-04
-3.469404925774108306e-01 2.156393758540752392e-04
-3.468608187903587381e-01 3.157006977015896208e-04
-3.466416052918900315e-01 3.524532622727387593e-04
-3.457451089775803732e-01 4.171635631256229724e-04
-3.456272935413367553e-01 9.312209380191272890e-04
-3.451591864021506528e-01 2.253384302517433887e-04
-3.451373988674688587e-01 2.518194305338259525e-04
-3.441462891587371287e-01 3.585238712733746511e-04
-3.434210630985675694e-01 2.592399911771878815e-04
-3.433532122039204548e-01 3.875988053110319552e-04
-3.431252000644534061e-01 2.043589174680921915e-04
-3.426863114579808411e-01 4.328965542124044272e-04
-3.418952565295433343e-01 2.943188612644733783e-04
-3.418081235566607923e-01 2.902888252670267908e-04
-3.417453517327168067e-01 2.361778403436733760e-04
-3.416774641113239919e-01 3.931169434895312887e-04
-3.412436032225774074e-01 3.562109587616929551e-04
-3.408753079688302545e-01 2.604112265025871373e-04
-3.403875752911648678e-01 3.396276991642494512e-04
-3.401428576948028470e-01 3.006976065418775937e-04
-3.391795211513704000e-01 3.544756817393523995e-04
-3.385639498893496802e-01 2.748350163259703815e-04
-3.381397953004771639e-01 3.513880395311932644e-04
-3.375506244798902600e-01 2.990517166068325152e-04
-3.371972967798095300e-01 4.994427201942961336e-04
-3.368873912212113630e-01 2.633538905792616198e-04
-3.366189958757510037e-01 5.257574204713280717e-04
-3.365567735002325533e-01 3.720835029881687972e-04
-3.356719103228273937e-01 4.031536048321164730e-04
-3.356049495690552331e-01 5.030034126558559056e-04
-3.352852108334062886e-01 4.347449745579900636e-04
-3.339510542748209132e-01 4.237646518105315781e-04
-3.337939581694874258e-01 5.000381822109499540e-04
-3.314317339599411882e-01 4.232333108269944241e-04
-3.309546148826710832e-01 3.178143546955061239e-04
-3.308510705523401429e-01 3.476327070174191737e-04
-3.304248619122754915e-01 3.809425020771320392e-04
-3.303961169103518114e-01 3.307048556077871182e-04
-3.302286264245660741e-01 4.053802701810208919e-04
-3.292844854742634220e-01 2.683756798568308843e-04
-3.288866691706697210e-01 2.332453413779267209e-04
-3.287959240289875518e-01 3.547395614277103855e-04
-3.281396835752396490e-01 2.754411377805857900e-04
-3.273760776290963181e-01 2.990930587891462442e-04
-3.268743612345303973e-01 2.942985953458767301e-04
-3.266579329939985898e-01 3.549101984343966290e-04
-3.264805717810497776e-01 4.168154628796747613e-04
-3.261217783012597127e-01 2.790443527528743218e-04
-3.260593035886872881e-01 2.919994956982210573e-04
-3.258961656077450919e-01 3.548213041358614706e-04
-3.257203822847420382e-01 2.189717063036715700e-04
-3.253681880284839956e-01 4.011109206504656806e-04
-3.253420499839095315e-01 3.702105549233528688e-04
-3.248495556182124933e-01 3.166873859731113945e-04
-3.247358177303023008e-01 3.242765461297307094e-04
-3.243580670330621363e-01 2.057701098523885281e-04
-3.222464733641584589e-01 2.488719810413035421e-04
-3.220869308987804325e-01 2.880910143429518244e-04
-3.220644611334511631e-01 3.693716026601175139e-04
-3.219056174339182674e-01 2.072110989628540032e-04
-3.218065084540427945e-01 3.878706778599135571e-04
-3.217391784001241706e-01 3.639044441188968955e-04
-3.210904935748536415e-01 3.136007139509343214e-04
-3.206716329038062363e-01 2.502506437487840270e-04
-3.206490114675823455e-01 3.916393837271328008e-04
-3.206079660399386300e-01 2.177255616037988048e-04
-3.204180650616663129e-01 3.932252044452732957e-04
-3.198394395832226400e-01 2.903082966807047152e-04
-3.196263000188740988e-01 3.173428477006320458e-04
-3.178304693746840104e-01 3.395961766344760945e-04
-3.172214255565944940e-01 3.836684820806999445e-04
-3.171957996952895487e-01 2.305527551423588247e-04
-3.169345709134194777e-01 2.636428460520311352e-04
-3.168353725369777441e-01 2.142098755021526902e-04
-3.165417461790921982e-01 2.811478752148479526e-04
-3.162706746591589235e-01 2.938296972963172667e-04
-3.158558950427473588e-01 4.250799403115243101e-04
-3.157282660987965617e-01 3.121773104141384748e-04
-3.156895406659914194e-01 3.777319616927107284e-04
-3.155061748349755613e-01 2.765162645012877681e-04
-3.142483731226587418e-01 2.635489691285098691e-04
-3.140215495061944306e-01 3.241162483143002725e-04
-3.138153203287192827e-01 1.840844836823729298e-04
-3.131074984514507498e-01 2.479201840956601010e-04
-3.130973268152024147e-01 2.918398000364671508e-04
-3.129818444187622006e-01 2.995138954878365559e-04
-3.129804504021296840e-01 2.826593504463211512e-04
-3.127703605937195985e-01 2.642246404337876770e-04
-3.126840390238219136e-01 2.292354718663704096e-04
-3.120924366044136034e-01 3.151911360486801188e-04
-3.112182165391929045e-01 2.509529412403932219e-04
-3.100849198076864321e-01 2.493436610706569433e-04
-3.087418830035310036e-01 5.396556447660375401e-04
-3.078283610162970696e-01 2.787176846937556261e-04
-3.077158977800553696e-01 3.003435647062207029e-04
-3.071814146882583807e-01 3.940417579195734329e-04
-3.066149000511462219e-01 3.367981272321697562e-04
-3.066119579687959229e-01 5.701402520353421538e-04
-3.063673061165788636e-01 2.697067867868413352e-04
-3.060481208382252460e-01 4.554378703646366419e-04
-3.055588824585027119e-01 2.574339938719791819e-04
-3.050768442052829710e-01 2.763495797466753692e-04
-3.048925901678403716e-01 2.951941365492330004e-04
-3.042468946373557137e-01 2.846442933910597862e-04
-3.031969561364403210e-01 3.920459040102858370e-04
-3.029395160551969224e-01 2.692085549566916591e-04
-3.026511068585309716e-01 3.024937972708278402e-04
-3.023794390379225816e-01 3.382591454038079057e-04
-3.022397327135298295e-01 3.022017129131277717e-04
-3.017074470863418401e-01 3.770319162083025336e-04
-3.015326285884202817e-01 3.023915286110107027e-04
-3.012405813588658332e-01 3.682829015666913065e-04
-3.007051779200921593e-01 3.549175169232271542e-04
-2.999689021538453071e-01 3.325898866308212216e-04
-2.997567405601036516e-01 4.346454130904974064e-04
-2.993585993455590843e-01 4.402962493155434848e-04
-2.993332076627409633e-01 3.854393981757088831e-04
-2.986026465315567147e-01 2.733531343678471948e-04
-2.985575163325835946e-01 3.032286604697295306e-04
-2.983473747146572763e-01 3.656347806968770348e-04
-2.982525917771740032e-01 3.268963727503148490e-04
-2.982302373448679211e-01 3.051492466349052090e-04
-2.981190209774295941e-01 2.787364380962389422e-04
-2.973115400964064237e-01 3.121718420501410165e-04
-2.972409654207551766e-01 4.497167275220748258e-04
-2.964283460489198219e-01 3.132324142219696981e-04
-2.961329197147154479e-01 3.218879535307014221e-04
-2.957657632466405007e-01 3.602752177258829115e-04
-2.956011602979840003e-01 4.148029178900640630e-04
-2.953435349647494657e-01 2.273645373086003363e-04
-2.947798293379369494e-01 3.181097762793556427e-04
-2.941682486012844322e-01 4.482915084333477453e-04
-2.938396899919694105e-01 3.344156233571827824e-04
-2.930752144942448956e-01 3.385768094243828174e-04
-2.930727805758335247e-01 3.318677829980156671e-04
-2.929921799979218200e-01 3.549840419168257791e-04
-2.928421037946061789e-01 3.191007242152887088e-04
-2.927323606766399355e-01 2.109902628104296527e-04
-2.921583456275655966e-01 2.395213295179715292e-04
-2.918922716016125185e-01 2.941553798456943863e-04
-2.918160664005346461e-01 2.726124947388321347e-04
-2.914793720941326050e-01 3.038590422412499594e-04
-2.914497356471364986e-01 2.912128555954377634e-04
-2.908840582865744318e-01 3.359925199504848123e-04
-2.902029957981382968e-01 2.654900427830855130e-04
-2.896007327762877281e-01 3.867556646532729773e-04
-2.886961663922127386e-01 4.678517367975027061e-04
-2.883030173892664472e-01 3.625016618685228159e-04
-2.877529616610040031e-01 3.713492374721970562e-04
-2.874991840487536310e-01 3.064077907976667930e-04
-2.870078781455043804e-01 2.818086579156835582e-04
-2.866819476082562712e-01 4.325563061629882013e-04
-2.864610094282971087e-01 3.289880144476497840e-04
-2.861620323380003050e-01 2.843099701553623545e-04
-2.860967789032139996e-01 2.879699996594236059e-04
-2.860574882401511476e-01 2.892175028409194894e-04
-2.857328573888798795e-01 1.771770049316097686e-04
-2.854968088199727472e-01 3.889222674068898585e-04
-2.851238781655776044e-01 2.685250487045485134e-04
-2.851128650875615622e-01 3.854422543879851780e-04
-2.842929987009261139e-01 2.332884893653824790e-04
-2.836859099688132102e-01 2.284979901808492110e-04
-2.832419598025250340e-01 2.954369955702951440e-04
-2.832177636883532190e-01 3.260892823301888514e-04
-2.823991182631984120e-01 3.534784004182668551e-04
-2.820630085119069652e-01 2.998401406347621931e-04
-2.820255337689088759e-01 2.899436443160732313e-04
-2.819803251984128734e-01 3.596308381295862931e-04
-2.818894537618790164e-01 3.089290972865577122e-04
-2.818272237519416912e-01 2.301911912434855174e-04
-2.812539548872966533e-01 2.040233765521992334e-04
-2.809856576431346564e-01 2.946677612765551168e-04
-2.807355631073059077e-01 2.663391175595837979e-04
-2.807285223503672156e-01 2.977623887981265330e-04
-2.797487306668771656e-01 5.380101539047145009e-04
-2.794132671361851394e-01 3.705798808775966177e-04
-2.791714110247844882e-01 2.897009054007860769e-04
-2.791284369619960737e-01 3.735065824853841566e-04
-2.784039607924180815e-01 3.848654230804621798e-04
-2.783723501056196148e-01 2.957022334445471765e-04
-2.779250365402736178e-01 3.493566248341780441e-04
-2.772672112600454430e-01 4.560232330368536565e-04
-2.766873493473437362e-01 3.516382177441971135e-04
-2.765654186565879025e-01 2.945602986781980853e-04
-2.747019788841408849e-01 2.066774642064295891e-04
-2.745160953793569503e-01 2.715339188200529912e-04
-2.741694503778919767e-01 2.724817602300516357e-04
-2.739823220326008668e-01 3.669092897510388158e-04
-2.738177298025122330e-01 4.141096863161984956e-04
-2.736879284939526813e-01 3.660634188760828757e-04
-2.730655773297253619e-01 2.163536338032131395e-04
-2.725883221796028266e-01 3.619787965386293219e-04
-2.725310028300397813e-01 3.283693543050934696e-04
-2.722732486773602467e-01 2.766587580996556352e-04
-2.720402070975173614e-01 2.093844089317284992e-04
-2.715478000300279304e-01 3.561871678365107451e-04
-2.711445513107872962e-01 4.971354156165693752e-04
-2.708191850762430852e-01 2.376240128009584544e-04
-2.706957204379530912e-01 3.806100357029166192e-04
-2.706187234666878050e-01 2.746437045191622807e-04
-2.699922482218448661e-01 3.032032951719742012e-04
-2.680474205320486636e-01 4.760000928093360319e-04
-2.676413009548068156e-01 2.630880568228279905e-04
-2.672849432636938416e-01 3.026937703972872344e-04
-2.672016404608201223e-01 3.090736165852590194e-04
-2.669877788571514143e-01 3.650577876281286909e-04
-2.663401805793282895e-01 3.700186970950620742e-04
-2.658349768817948600e-01 2.856015894032981053e-04
-2.653565002327319400e-01 2.202213474090036825e-04
-2.653036405689205846e-01 3.164329435889295483e-04
-2.652032330395912019e-01 3.255466523755055756e-04
-2.651347732237217536e-01 2.774177658910146347e-04
-2.648450463787310749e-01 2.483935107909730679e-04
-2.646452323451234379e-01 3.338345499410198900e-04
-2.644164712047025190e-01 3.358050340633014427e-04
-2.644091962757432746e-01 3.169829607678987735e-04
-2.642469767877748121e-01 3.421782776915865791e-04
-2.642343613598391316e-01 3.061146611305338538e-04
-2.638302876697747879e-01 2.937105391004438430e-04
-2.634166776380896802e-01 2.906879429160571138e-04
-2.626903901955026099e-01 4.665809683669087634e-04
-2.618075798421471423e-01 4.694239082078854246e-04
-2.616045695581030173e-01 4.401827801202255882e-04
-2.603086252835030701e-01 3.260630000027651206e-04
-2.602570858577892277e-01 4.740324013248960492e-04
-2.597848059177983449e-01 4.351832202115780957e-04
-2.595106298122115684e-01 5.343096205940738074e-04
-2.593111527423792029e-01 2.946017635579791264e-04
-2.588144517924206855e-01 2.344108870173489221e-04
-2.582068446554804941e-01 4.268830865797977733e-04
-2.581062109092477352e-01 3.663513018712107028e-04
-2.579881833952198944e-01 2.498624299032037484e-04
-2.576219429909601955e-01 2.521169918885206285e-04
-2.568125080955902528e-01 3.496825748923898004e-04
-2.565435337740405997e-01 2.591354003683182697e-04
-2.560922343577745619e-01 3.040135626457325267e-04
-2.553662820116976984e-01 3.250513933852678034e-04
-2.549435634176085985e-01 3.252445353881326228e-04
-2.540419710983627399e-01 6.188518910378361946e-04
-2.527273321406539042e-01 2.287633407653719391e-04
-2.527109616571772133e-01 2.911911481556908382e-04
-2.526018471069162441e-01 2.239780615333025174e-04
-2.525950818465939052e-01 2.415344720818870454e-04
-2.523792193014240959e-01 5.510994702563786407e-04
-2.521161042052841861e-01 3.604952783959111521e-04
-2.519516482137859059e-01 2.769265627852617365e-04
-2.517543151649604960e-01 3.146495876093212971e-04
-2.517008196488999539e-01 4.391407269030901564e-04
-2.516878730881722537e-01 2.743760783683404122e-04
-2.510960321900845282e-01 4.237814609693664383e-04
-2.505429461208232289e-01 3.077931995076845146e-04
-2.497341457988155877e-01 2.524754646424902794e-04
-2.493724916726926533e-01 4.821775995134692789e-04
-2.487422887543840055e-01 4.504863252074098258e-04
-2.486545066825357198e-01 3.433781046507582515e-04
-2.485376901300757058e-01 4.798891357117193138e-04
-2.475344524071653451e-01 3.401841674771367537e-04
-2.456372630661024792e-01 4.173759280036897293e-04
-2.454467036044117589e-01 2.791966258328334744e-04
-2.454397202532146716e-01 2.777739490643328039e-04
-2.450660513084978454e-01 3.126231028592500261e-04
-2.431496124811138859e-01 3.320256790558519743e-04
-2.430569086889772523e-01 2.529374352696050891e-04
-2.427629871263919659e-01 4.523075457163624438e-04
-2.425659959705533941e-01 3.423722168589176176e-04
-2.422801544347345515e-01 3.267690431075818231e-04
-2.414389912432589602e-01 2.707847303153906155e-04
-2.412398215096424325e-01 4.132631714818110411e-04
-2.410778073702869451e-01 2.866743424260781610e-04
-2.409922984903816734e-01 3.396353207371978922e-04
-2.407711770062532231e-01 2.548474679132900315e-04
-2.398633780231816948e-01 3.737885878889964965e-04
-2.397248465264321116e-01 3.635265636954727615e-04
-2.389666115335221108e-01 3.746516133652560889e-04
-2.386599383139210162e-01 3.206650340175474395e-04
-2.377118930703388255e-01 2.718251447631094388e-04
-2.377105436602096611e-01 2.756220975839327402e-04
-2.376206232489948000e-01 4.750623244272410392e-04
-2.372513507006696887e-01 2.466326243296647282e-04
-2.368305777598857798e-01 3.926514536038765114e-04
-2.367540482019145076e-01 2.908288953955525985e-04
-2.364611732332646266e-01 2.841748467059036255e-04
-2.349460924772465154e-01 3.662445106555596661e-04
-2.349335933067859816e-01 3.065474055808327576e-04
-2.346157234072186459e-01 3.200074727729164382e-04
-2.345587396883593578e-01 2.636621308993670944e-04
-2.336091084061135414e-01 3.751441517318509860e-04
-2.335406913114951022e-01 2.747654148193505300e-04
-2.328113320495319161e-01 2.114458272238412310e-04
-2.315039654437358874e-01 3.187178591782156519e-04
-2.308860324485365600e-01 2.374905877741829540e-04
-2.302954654759866993e-01 4.321530880679155980e-04
-2.299818626450125802e-01 3.539642270825094951e-04
-2.296218387304439223e-01 2.127537554178411964e-04
-2.287360906099913938e-01 2.771216074249670605e-04
-2.287181938812144766e-01 4.560690434539729776e-04
-2.285309991013483033e-01 4.859379448961835199e-04
-2.274053596687356515e-01 2.878672539381357375e-04
-2.271993094894297627e-01 2.360340711217569589e-04
-2.269016311099797401e-01 2.560895818837679834e-04
-2.266681516589049150e-01 3.888050341849256576e-04
-2.262273588059717233e-01 2.818213885153064311e-04
-2.255884314501049037e-01 2.951105238421514176e-04
-2.255646918426595371e-01 3.078926783999148429e-04
-2.251109695095825369e-01 3.509854965528938020e-04
-2.247215532941520266e-01 3.005639014528150655e-04
-2.244984557595199326e-01 2.509821582663840107e-04
-2.242693795617309582e-01 3.176534302335067960e-04
-2.239784123478487099e-01 2.886945534199706416e-04
-2.233761821335127351e-01 3.170312364275399341e-04
-2.230109402411040997e-01 3.580433690078716770e-04
-2.218463280612690547e-01 2.759916286358554552e-04
-2.204817678173386641e-01 3.645516082771363018e-04
-2.204715088909065257e-01 3.439370473874785411e-04
-2.202351112966538793e-01 3.015124888575006321e-04
-2.200387319128344343e-01 2.404438225789484664e-04
-2.198234217385926503e-01 4.305943185368172753e-04
-2.197377570876535846e-01 3.401586515104891855e-04
-2.193536164459375937e-01 3.693260509492232550e-04
-2.191051709372148770e-01 3.619088809632572913e-04
-2.190825708167046526e-01 2.887931143398476735e-04
-2.186273427409844705e-01 3.056818335257780513e-04
-2.184850423052626389e-01 2.355635134470303023e-04
-2.181998065464877679e-01 3.223192729527227631e-04
-2.180883996091368959e-01 2.638893406361098211e-04
-2.180048236923141092e-01 3.567658014741636107e-04
-2.180040468000688236e-01 3.242187336839085811e-04
-2.165187600824943492e-01 3.569513782066300136e-04
-2.157955734384744972e-01 3.690530708278299209e-04
-2.153313428496518023e-01 3.446849349545626586e-04
-2.140494213394084078e-01 5.069253802224651419e-04
-2.140429945759159958e-01 3.204574971534674939e-04
-2.138371681789009715e-01 3.536554667026665585e-04
-2.125118630349599191e-01 3.290891732639117558e-04
-2.122022911612986285e-01 3.743863085913857244e-04
-2.120910996528296288e-01 3.023507569463611722e-04
-2.112047505976608619e-01 3.652790783586561899e-04
-2.111150430257924537e-01 3.342047632319898706e-04
-2.109492177449120431e-01 4.260155031228793159e-04
-2.107573511669718347e-01 3.667649420435170875e-04
-2.103446488450670115e-01 3.594478448687960068e-04
-2.096818303387736337e-01 3.811848765301244853e-04
-2.088430335294583773e-01 3.962814659075931684e-04
-2.081841246607327167e-01 3.026304942319121448e-04
-2.069895481939727500e-01 3.057317489292498921e-04
-2.069683327692974917e-01 3.416678491063639220e-04
-2.069233948939978307e-01 3.462103283331778190e-04
-2.067610157093129342e-01 3.258768041842260554e-04
-2.066339705207076993e-01 3.174372093844945010e-04
-2.065593422357392406e-01 4.350946840252764894e-04
-2.065128761910225152e-01 2.384729332544012926e-04
-2.065080997889340853e-01 2.209630195026867565e-04
-2.062511675151515178e-01 3.594031042096257388e-04
-2.052377548837927279e-01 2.777855398818827003e-04
-2.050360326878626904e-01 3.659949188219621652e-04
-2.050311329896144230e-01 3.188593751146490368e-04
-2.048986967894075861e-01 3.644815261071772958e-04
-2.042195180481526096e-01 2.864698304555904958e-04
-2.037460003758029548e-01 3.322497251461172625e-04
-2.033161668142491607e-01 3.537094070078625912e-04
-2.027852794990037122e-01 3.773613545498911222e-04
-2.024934567513045347e-01 3.120382355496129599e-04
-2.021377934212940930e-01 3.237927805538887149e-04
-2.020416317540196238e-01 2.645947369471807913e-04
-2.014396392228887944e-01 3.511770750674729513e-04
-2.012924211751784265e-01 3.481062351125532232e-04
-2.009556309745950675e-01 3.050407984885835418e-04
-2.005452534036254175e-01 3.272884163281130038e-04
-1.994240871855142427e-01 2.992094298275951619e-04
-1.988113678579435384e-01 2.392535977496592129e-04
-1.986958963262979994e-01 2.851538285389716557e-04
-1.986836784636036024e-01 4.155374722040233899e-04
-1.981629683748503956e-01 3.809003988548918113e-04
-1.974848451230907798e-01 4.566720302808483932e-04
-1.961690682903435845e-01 4.192576529115487477e-04
-1.961485217252271762e-01 3.472879465407765825e-04
-1.954678451416875795e-01 3.656212101579487707e-04
-1.951533255000224565e-01 4.831373764070520313e-04
-1.942652724137815534e-01 2.933989506383504267e-04
-1.941827660989636772e-01 3.526001966386559930e-04
-1.937762841053987939e-01 5.084868634058644331e-04
-1.937116606361443116e-01 3.841725650245287997e-04
-1.934954554078088529e-01 3.726627365170416951e-04
-1.927483155049090069e-01 3.637871796324035887e-04
-1.924903079742151801e-01 4.245534938480597623e-04
-1.924870766448476544e-01 4.654170144992483523e-04
-1.906274733223888296e-01 2.872488474178657358e-04
-1.880991056335368505e-01 3.818448142695800383e-04
-1.861770452992518032e-01 4.854351992143308937e-04
-1.857144049042344924e-01 4.825140471720640203e-04
-1.849924358341331621e-01 4.528967376846407982e-04
-1.844790014064225658e-01 4.073621554222672672e-04
-1.839582670473317305e-01 3.183610963966274662e-04
-1.837745064487961433e-01 4.801035974592274985e-04
-1.832988049763970562e-01 4.112568334640854888e-04
-1.829004308820703917e-01 4.907997839258716874e-04
-1.827399032675778023e-01 6.826172334806735430e-04
-1.822258300248195406e-01 5.013856746216754966e-04
-1.821025621002425599e-01 4.296079204976539388e-04
-1.819149891077734005e-01 3.945534635049066717e-04
-1.816591499356525197e-01 7.446001161652162194e-04
-1.815023856900032373e-01 3.298554238555311772e-04
-1.803147356932509604e-01 3.482229819947425483e-04
-1.793669516905340711e-01 4.682229144959483319e-04
-1.791574067285651439e-01 3.848007704925849649e-04
-1.786057769200856404e-01 5.537295131281100811e-04
-1.778178601693283234e-01 5.013205018752054341e-04
-1.776172551198121896e-01 5.478038026815679412e-04
-1.774383268431729554e-01 4.738448792755231174e-04
-1.750220938723782704e-01 6.200702123025683384e-04
-1.748164911835882740e-01 9.170378982364071245e-04
-1.739818783401519409e-01 5.809853084595430726e-04
-1.736970716374985624e-01 4.086090040899482598e-04
-1.736534465265394400e-01 5.060099240801470104e-04
-1.733099847408378358e-01 4.229165898044463454e-04
-1.727452377770249958e-01 4.834750339037555372e-04
-1.727313613633482403e-01 6.129802606629213176e-04
-1.722826685164972338e-01 4.661713317682776516e-04
-1.719255857071449178e-01 3.379654308854761376e-04
-1.713928485309739180e-01 3.906022795036152785e-04
-1.711173903977757926e-01 4.885692534588840933e-04
-1.710539931811611847e-01 3.314240948979962843e-04
-1.710458914651931117e-01 3.646371863278493751e-04
-1.707633642796197448e-01 3.500760170125900134e-04
-1.707375014976334482e-01 3.257516257398281089e-04
-1.703941095058846000e-01 4.352820439606357476e-04
-1.695895964495051367e-01 3.394837946681109530e-04
-1.683262626779169213e-01 3.511461077180707256e-04
-1.681625389465038201e-01 3.253870840889154709e-04
-1.680282204907554144e-01 4.719564877536059971e-04
-1.677519065193311398e-01 7.134795172925507446e-04
-1.675772847912672392e-01 2.963911750916731094e-04
-1.659800819366160640e-01 4.099755721629102351e-04
-1.656829387298805745e-01 2.494469836273025573e-04
-1.653585360150136296e-01 2.778368442866621765e-04
-1.652456729592613471e-01 4.125385403528924761e-04
-1.650842862640046482e-01 3.087476065582800064e-04
-1.647038150260869693e-01 2.883274208461007043e-04
-1.646126385694632044e-01 4.399414290289618877e-04
-1.643562603544478917e-01 2.675339969205283623e-04
-1.641672463393342163e-01 4.723911053798482505e-04
-1.640867901056228262e-01 6.446650021808491378e-04
-1.633907614335411984e-01 2.379061050855020359e-04
-1.630676950264318137e-01 2.145941190784750254e-04
-1.630414795468214384e-01 4.921050197712179258e-04
-1.625806282529945190e-01 3.381612767581034310e-04
-1.623381119210609014e-01 5.045417078024145045e-04
-1.621417349072764857e-01 4.074641417911876919e-04
-1.619474342627427732e-01 2.325935874580936050e-04
-1.619371365719559364e-01 3.196993699210254553e-04
-1.614924641567203056e-01 3.373499285530737581e-04
-1.613992068971505101e-01 3.300177725776464377e-04
-1.609561066706279020e-01 4.724354189554646664e-04
-1.605666162318996337e-01 2.530518606378176450e-04
-1.604240655156951023e-01 3.573001509127126220e-04
-1.598602498512489145e-01 3.606412800810339186e-04
-1.595414515005850464e-01 3.143032983013062799e-04
-1.583036226279704028e-01 3.954464533691880385e-04
-1.581466959476413581e-01 4.218644037831220488e-04
-1.580503982482067138e-01 3.871225695830708647e-04
-1.579985849309027690e-01 4.015320545576313792e-04
-1.573173980124321913e-01 4.049154018034413168e-04
-1.572202753300213363e-01 3.435686918385225477e-04
-1.571866491124261633e-01 7.219930983523386268e-04
-1.563779755503271751e-01 3.391873805397891501e-04
-1.561692965422899204e-01 4.514074359916782765e-04
-1.561534373319491686e-01 2.853242089920056076e-04
-1.560823995523992480e-01 3.758005601284972142e-04
-1.552009714911593563e-01 4.049501366465218469e-04
-1.544480796851640247e-01 3.203155652272224470e-04
-1.541806796657767820e-01 4.124062972776482258e-04
-1.540792486948626694e-01 3.387676041615868250e-04
-1.539923232247829565e-01 5.171777816168048741e-04
-1.538790500736522404e-01 3.411336383998889708e-04
-1.538130555229315355e-01 4.183421979890896282e-04
-1.532703847851025758e-01 6.224308150723573607e-04
-1.532592619976547721e-01 3.219623216800836306e-04
-1.528067385547267343e-01 5.410879105473570148e-04
-1.518787136922227221e-01 3.551782726393755332e-04
-1.517770455203915070e-01 4.527186403112858299e-04
-1.515434165118456356e-01 5.802197528668947852e-04
-1.512978080093480560e-01 4.806913443535133649e-04
-1.509076686607727369e-01 3.587789979956965808e-04
-1.506890141046577092e-01 4.688780740315620144e-04
-1.503772105924571778e-01 8.626466992047936806e-04
-1.498870113228495116e-01 4.164891334625753856e-04
-1.491245434869487851e-01 2.409729384347116898e-04
-1.488557924918028907e-01 3.766358961655030813e-04
-1.487684401472518791e-01 3.309346062680553033e-04
-1.483706020130656222e-01 3.746597377995270991e-04
-1.482831183631081184e-01 3.524160128383798632e-04
-1.478922350281409170e-01 4.468652734047919278e-04
-1.478381165611376835e-01 3.508477348022091477e-04
-1.474230929333801565e-01 5.756871607081539980e-04
-1.473981105122405821e-01 4.167850843517371040e-04
-1.470412915043803614e-01 4.194453525673208310e-04
-1.470244528841313791e-01 2.505332215319172086e-04
-1.464866684109212003e-01 4.833443850756065190e-04
-1.451273770415408559e-01 3.776960993080327278e-04
-1.451054404861932545e-01 4.352133607088497745e-04
-1.449796288731706462e-01 3.823785629508450151e-04
-1.447900467984393202e-01 3.975854602045278017e-04
-1.447679554067736185e-01 7.749448152376489391e-04
-1.445311748722126477e-01 4.623506313771222863e-04
-1.444066568283084717e-01 4.165693485657311177e-04
-1.438117017119338592e-01 3.751151781789736667e-04
-1.427436990979113751e-01 2.936611620312948681e-04
-1.425063708417664554e-01 4.248459880116475145e-04
-1.419356956371235490e-01 3.873349686002265299e-04
-1.418090222623187846e-01 3.999879184809645473e-04
-1.411090753577707857e-01 5.912778537498617924e-04
-1.410714213310264864e-01 3.614953383948302039e-04
-1.410190397195970613e-01 3.799542272707892121e-04
-1.406192940622159049e-01 4.052886218061828370e-04
-1.405996273508351990e-01 3.731985241958592865e-04
-1.394764056646188854e-01 3.353132302208602315e-04
-1.392965125331409870e-01 2.834349482290693173e-04
-1.391306880529144252e-01 2.941619664408621029e-04
-1.389839574891596485e-01 5.627046285369483166e-04
-1.389782491239307249e-01 4.901913538202023676e-04
-1.383742054049549031e-01 5.704204736971234951e-04
-1.379914350038788096e-01 3.110036263316211334e-04
-1.376676680386824947e-01 3.947388257382893235e-04
-1.368360630768833686e-01 6.431094910110382503e-04
-1.367873619019017717e-01 3.379484041953070774e-04
-1.366862571496252898e-01 3.561838835256992048e-04
-1.365664578446700861e-01 3.496676834297483523e-04
-1.365365974847956021e-01 3.342146596151520993e-04
-1.358933069897082790e-01 3.594082732025682329e-04
-1.358324491656105470e-01 5.105958868252655387e-04
-1.355252079138021537e-01 3.653946024739979960e-04
-1.350001818074845483e-01 6.034483076685432301e-04
-1.349357884462642487e-01 6.396280810448426533e-04
-1.344970445703696227e-01 4.795744755918147635e-04
-1.344755625813285060e-01 3.071708458965526209e-04
-1.344514381277325255e-01 3.607934278030763158e-04
-1.341087070548788729e-01 6.857140142505739481e-04
-1.334586010312438231e-01 2.655066366372657344e-04
-1.327622916071568016e-01 5.262402801564507486e-04
-1.327085379083945971e-01 4.063620475465262965e-04
-1.322901309160844641e-01 4.493573637766708423e-04
-1.317358914654030988e-01 4.188525948059908049e-04
-1.313756396820084660e-01 3.584279344056246820e-04
-1.308760573364677327e-01 4.429283067189737177e-04
-1.295704221142680301e-01 5.031281490287476061e-04
-1.294444426491931366e-01 4.800918742625317082e-04
-1.292876868260864620e-01 3.890643216428365516e-04
-1.291243159602743218e-01 5.067223179622451067e-04
-1.281875118936489089e-01 3.790753622181290109e-04
-1.280811630730177564e-01 4.382575776278300095e-04
-1.279644995931915885e-01 3.778131103042311990e-04
-1.277084839266931504e-01 5.845117147247501019e-04
-1.276072766868512620e-01 9.885777974238702404e-04
-1.275038843469343264e-01 3.358490487240407959e-04
-1.271123088072694529e-01 5.180006878119950905e-04
-1.265471962207651568e-01 3.285669733340979698e-04
-1.264207063169701939e-01 3.628999823084122609e-04
-1.264059349759470152e-01 4.463522229438380445e-04
-1.259032856400514599e-01 3.568728937978305556e-04
-1.258354642749882069e-01 3.637731246215915987e-04
-1.255846219660799457e-01 3.471217323602242624e-04
-1.254982912571837861e-01 4.640806600478054357e-04
-1.250519340741850227e-01 3.641689104875878310e-04
-1.244286045856144995e-01 5.743872160874265859e-04
-1.243904815933330743e-01 2.569974244234880735e-04
-1.243050691197774282e-01 4.025786516551100886e-04
-1.238908588354824397e-01 7.651356060060665208e-04
-1.237900588188088485e-01 3.661764890309910617e-04
-1.237161720352858568e-01 4.055363161586809017e-04
-1.236483557039392278e-01 2.704084035378511146e-04
-1.229901595940372100e-01 4.250505401915910075e-04
-1.222674908966881330e-01 3.710983037404661455e-04
-1.219489907415373803e-01 3.983054382520974834e-04
-1.213523143178691782e-01 4.307778611696146489e-04
-1.200186121729637651e-01 6.245078867980207067e-04
-1.197582949720071288e-01 4.292729017849579247e-04
-1.196917844174984341e-01 4.343837243095605627e-04
-1.191708154170895012e-01 6.013968656547947263e-04
-1.187400344279919695e-01 3.856307312186600905e-04
-1.182237686756129891e-01 6.349516022423747031e-04
-1.177251866989397350e-01 5.290143137857410572e-04
-1.176205957903812410e-01 5.203796749069307566e-04
-1.175882869358203797e-01 7.417015760675514007e-04
-1.165395803435945177e-01 6.438224529905376076e-04
-1.161174019564672338e-01 5.356960075596715323e-04
-1.158647760217284411e-01 6.677674001623570181e-04
-1.155141957390251467e-01 4.345735089134469755e-04
-1.147587835157592717e-01 4.159708287667968248e-04
-1.146504460587631224e-01 5.608676489816150253e-04
-1.145816250241547540e-01 4.977150248499763799e-04
-1.140983587587070941e-01 3.985781651950292236e-04
-1.138483158871793077e-01 5.232001362400308993e-04
-1.131661188216538522e-01 3.982978913193670938e-04
-1.128334640639619690e-01 3.417991347497176756e-04
-1.117943359785517066e-01 4.529367578320431329e-04
-1.111889148827755747e-01 5.383527098509337553e-04
-1.110097958940011592e-01 5.220176045007924670e-04
-1.109924295285455997e-01 3.520936070858518498e-04
-1.108835241522142662e-01 4.486460646030244548e-04
-1.107823950347666120e-01 3.476931948909016954e-04
-1.107320844553611877e-01 4.505867226187964506e-04
-1.101159732003460096e-01 4.387584716274794505e-04
-1.092794829071931928e-01 5.594195413651183342e-04
-1.082652295727205560e-01 4.459821788079230444e-04
-1.082005998673702674e-01 3.916528196586494762e-04
-1.080617876224496676e-01 5.159071297755307272e-04
-1.075320883644198811e-01 4.389647908473389174e-04
-1.074834045702828950e-01 5.692133589663564766e-04
-1.074549060983278070e-01 5.255387006349181199e-04
-1.069888480061756825e-01 3.943193949768058365e-04
-1.067572641155701690e-01 6.762055492305393389e-04
-1.066972701567892451e-01 5.004318391596737896e-04
-1.066623618863134088e-01 4.177137124286284101e-04
-1.056176555782272486e-01 6.037152038687705006e-04
-1.044781724036646930e-01 4.928392738059167574e-04
-1.043493895896579343e-01 6.508553511668603358e-04
-1.040775610915499749e-01 4.881500035895455108e-04
-1.040671612346980995e-01 5.683711168925762629e-04
-1.037457882607680792e-01 5.525194130457175426e-04
-1.029098176460331027e-01 6.401316345297520388e-04
-1.028389374420781294e-01 5.522293600368230557e-04
-1.020883822087492177e-01 4.371622954153793332e-04
-1.017242599649098717e-01 3.913873734215642716e-04
-1.016504570409790253e-01 4.025313802019408116e-04
-1.012067378735316964e-01 7.741765387607050034e-04
-9.966157368638292602e-02 5.956140921430885761e-04
-9.965742596091532735e-02 5.337943170065515214e-04
-9.962602716936448666e-02 5.381182067313596516e-04
-9.849984208438754274e-02 6.192580833830785714e-04
-9.776552961372503292e-02 4.490051395482428493e-04
-9.690018445898222754e-02 4.397188559731911111e-04
-9.634950850302820280e-02 5.935852751804436339e-04
-9.625173657506576330e-02 6.326851488189782092e-04
-9.556952278562851066e-02 5.883267593673289098e-04
-9.523497183572009195e-02 4.205997724495061764e-04
-9.500426629949972057e-02 5.030504766590713746e-04
-9.498517617211678365e-02 5.741964506979888201e-04
-9.457794360690591207e-02 5.778735723224612481e-04
-9.386257032711695092e-02 9.290857170107573665e-04
-9.355870565569107677e-02 6.847686775495105162e-04
-9.314195641594667785e-02 7.007921637334690521e-04
-9.305953894959891060e-02 5.506087769458998258e-04
-9.263287034240028084e-02 3.598647294702499882e-04
-9.212349909784470214e-02 7.064746068625468809e-04
-9.171855786776855757e-02 6.127162701750691861e-04
-9.148799437992176375e-02 6.534821937164135043e-04
-9.061568154800217489e-02 5.174783591763425662e-04
-9.000836517808764869e-02 4.695971068505806669e-04
-8.969216224334027043e-02 5.364204429798024882e-04
-8.903279915973863479e-02 4.343331100875676056e-04
-8.847592809504409295e-02 5.913272088832715722e-04
-8.707459728335867344e-02 5.434763429413629011e-04
-8.644464306220628336e-02 4.099943202022461250e-04
-8.611135165757856369e-02 3.505619950064536340e-04
-8.601123532961582607e-02 4.556386400671135319e-04
-8.560841679003389215e-02 5.985079159181751467e-04
-8.531380168265229047e-02 6.748007344699779230e-04
-8.517489409077154405e-02 3.499402197475702655e-04
-8.392146178097065201e-02 5.182253496516444225e-04
-8.314105789179587758e-02 5.025810382588636249e-04
-8.279371492230840068e-02 5.913951737843991825e-04
-8.207598342539113023e-02 5.730805860277687468e-04
-8.193282091714958193e-02 4.692948944090696308e-04
-8.072386160427254265e-02 5.621411796452959776e-04
-8.065669887529355875e-02 4.577698990974358399e-04
-8.049475635989004896e-02 4.817539735667436280e-04
-7.999058166150795068e-02 7.827662887947106456e-04
-7.987202509829569030e-02 3.472270883719687879e-04
-7.975578773241084884e-02 5.239753483678863876e-04
-7.917416516866331022e-02 6.551080157117036970e-04
-7.883577492296120481e-02 5.572161941527936950e-04
-7.878402893089529735e-02 3.698831695526890503e-04
-7.857348080744142038e-02 6.645117690537589430e-04
-7.848858649150719513e-02 8.501709737800626889e-04
-7.839188634396920818e-02 4.304593466429140866e-04
-7.808019616010353214e-02 4.237775866311416857e-04
-7.801712751878631114e-02 4.674469097579026888e-04
-7.733818001309615553e-02 6.354740362013584472e-04
-7.697329724893833824e-02 4.822092004766800064e-04
-7.689585458039617516e-02 4.974923521823025130e-04
-7.532904970914419684e-02 6.074332286604744490e-04
-7.530258202586485872e-02 3.485541916531731464e-04
-7.520731481094865278e-02 4.584452945518949522e-04
-7.519961968912175498e-02 6.207316687059709305e-04
-7.495153465728400521e-02 4.892206178465331127e-04
-7.464870959541999862e-02 3.565559228736504284e-04
-7.376821456282363354e-02 6.970024358693826388e-04
-7.351913460877303186e-02 2.919127678063012515e-04
-7.306834763375759378e-02 4.971079720479568793e-04
-7.293337381662923224e-02 6.285149457377580112e-04
-7.246630016891714154e-02 4.076517954108937027e-04
-7.236097637432982455e-02 5.759801856794610894e-04
-7.214851478304473709e-02 1.534562152910955331e-03
-7.165663877622041600e-02 4.902226603735424263e-04
-7.089500824037922588e-02 4.805230365731070715e-04
-7.043592217096066033e-02 4.525969447615399302e-04
-7.036277866611415077e-02 3.568019461125246025e-04
-7.022629513732805973e-02 6.102246356516503791e-04
-7.008967462530869830e-02 4.357299869742931346e-04
-6.938516674875186419e-02 4.412577634260836010e-04
-6.904459992103695321e-02 4.476085063852580539e-04
-6.873389029751146573e-02 4.375949694342211294e-04
-6.846957378215089152e-02 3.945334813575132821e-04
-6.832465276800739340e-02 3.896849085623099187e-04
-6.818642708220690185e-02 4.154932242534341421e-04
-6.813583640615389347e-02 6.234176195897512748e-04
-6.765234125386770936e-02 5.884001759626013598e-04
-6.742471481940776057e-02 3.467847107353130430e-04
-6.732529927011102200e-02 5.760468435920815863e-04
-6.640776505381704164e-02 4.721860373675178615e-04
-6.568259353431223080e-02 6.675755602564094121e-04
-6.476311313805895031e-02 3.864575441415796578e-04
-6.420846681788590360e-02 4.188790564975854039e-04
-6.351851760377463796e-02 4.047018053749055328e-04
-6.349351996509702833e-02 5.251329707847274394e-04
-6.348058956565365285e-02 5.183302020481327880e-04
-6.295800322114317171e-02 3.824564509209145251e-04
-6.286216923570832338e-02 4.492829937586099737e-04
-6.186061856160118833e-02 4.537069203181021723e-04
-6.172737087885896146e-02 5.779828668562804386e-04
-6.103774021557344109e-02 6.176388562706693845e-04
-6.048928793921552749e-02 5.869062646339281552e-04
-6.039481819332687823e-02 6.623514537922630318e-04
-6.037927320820290350e-02 3.206936536674500704e-04
-5.992266789888939932e-02 6.773216207075010657e-04
-5.985275459429517664e-02 4.507906823277038448e-04
-5.975995143911914248e-02 4.891735726888402254e-04
-5.954382774484575508e-02 4.704504931340613874e-04
-5.950349257175196332e-02 5.237500343406513263e-04
-5.914417435342268770e-02 4.360338074417953414e-04
-5.820959142889235022e-02 4.089701761451615359e-04
-5.796667296198765307e-02 7.556521779205378894e-04
-5.749389182707293627e-02 4.294266658780234065e-04
-5.747618953672538333e-02 6.418503503923027537e-04
-5.708253349409180000e-02 4.838265804303863975e-04
-5.707943016828175703e-02 4.405289739518589761e-04
-5.692675059812685873e-02 4.612681056097459129e-04
-5.664395994969814024e-02 4.757663618598501065e-04
-5.640011248914954256e-02 3.940313110894998454e-04
-5.619510886082584866e-02 4.208562089987336811e-04
-5.582797781645165713e-02 3.925643442679404129e-04
-5.571342903019743664e-02 4.923452797871416325e-04
-5.544312139856479027e-02 3.735946328620156015e-04
-5.412305667589371871e-02 4.903991995804688831e-04
-5.395468072421490818e-02 3.923349430098336198e-04
-5.376020379188557047e-02 7.497964605373486557e-04
-5.358782307065462075e-02 7.421170115894333346e-04
-5.352863816878919434e-02 5.421403658783036572e-04
-5.195429861702343527e-02 4.288973496073187047e-04
-5.179001077727012070e-02 5.273936625320546330e-04
-5.137519822520859175e-02 5.043057084344532755e-04
-5.120720914598193840e-02 3.957708000098241071e-04
-5.088500855596708727e-02 3.227898119725448401e-04
-4.821537382633694913e-02 9.165719136711794352e-04
-4.740538132997473841e-02 6.728074771163720024e-04
-4.734444133089846241e-02 3.684505293674532854e-04
-4.709701278599455476e-02 5.036644533494783133e-04
-4.707859807778431993e-02 2.905968201924879904e-04
-4.693225349171228911e-02 3.916246580751222574e-04
-4.661612301861608326e-02 6.770614970469674559e-04
-4.646115831632270654e-02 5.054076754650196728e-04
-4.617525602928869433e-02 4.010099259613607238e-04
-4.612383160355128936e-02 3.980033281358737966e-04
-4.463138116120596299e-02 4.372029391598601026e-04
-4.430490457670267085e-02 4.282106815567266866e-04
-4.425445753694279283e-02 5.667214742018722787e-04
-4.411842661564872176e-02 4.795000663659978210e-04
-4.382254624657464653e-02 4.029629886545390226e-04
-4.370545522350229029e-02 8.541496648937848971e-04
-4.348785595594469033e-02 6.919850447126811447e-04
-4.338957830493354179e-02 4.717605712453939743e-04
-4.330509386234380337e-02 5.311176041174303468e-04
-4.282843591126291732e-02 6.623877267329030894e-04
-4.223977945062836609e-02 5.430492518137070230e-04
-4.208037046369372119e-02 4.840661657293888814e-04
-4.195155731286659417e-02 4.754819899746631556e-04
-4.191636850970831274e-02 4.145595502712339062e-04
-4.162578805977215635e-02 6.914705561585104314e-04
-4.147482904734461212e-02 4.228560383410184483e-04
-4.142732868176441513e-02 8.964012606355131838e-04
-4.132249309458661118e-02 6.835343961721136339e-04
-4.099596348309229865e-02 3.496251702271020549e-04
-4.056223454361499586e-02 6.139332336156443993e-04
-4.041986057377171260e-02 6.016510766903215499e-04
-4.019236564692826169e-02 5.172267972915953454e-04
-4.011795489259448177e-02 5.174411008311622078e-04
-3.947792995656473902e-02 5.170897344461377861e-04
-3.941467444624819488e-02 8.514107319813955625e-04
-3.913462680181957476e-02 8.962642682835527319e-04
-3.897167820858597059e-02 3.563137819246335776e-04
-3.819304617765163085e-02 6.839283653798610123e-04
-3.770612372727467909e-02 3.246801966664844097e-04
-3.762025026413686607e-02 5.442861631924070156e-04
-3.628181852523146289e-02 5.595840142655859059e-04
-3.610429532880226472e-02 6.209922134092127257e-04
-3.551771246036317109e-02 4.950301806380404774e-04
-3.521966975758857726e-02 5.001160491878575568e-04
-3.476965649537836628e-02 7.662997022678695244e-04
-3.447225896421515084e-02 4.389904845541237641e-04
-3.397429175845947252e-02 5.913736198564193032e-04
-3.354914986779877067e-02 4.587335119404309792e-04
-3.232084081046238122e-02 5.769725655540804870e-04
-3.204761752057944113e-02 3.805587468807060153e-04
-3.178018344458748146e-02 4.649486088762270195e-04
-3.142618758575810994e-02 3.926105041810702082e-04
-3.132418239250747000e-02 4.736893545388893602e-04
-3.131666151437296347e-02 4.132017874489152948e-04
-3.038586392079603571e-02 5.020206911577608467e-04
-3.025621053659792448e-02 5.395277563274529639e-04
-2.993145563404329274e-02 6.575832795753244753e-04
-2.960859218704122581e-02 5.881844846229707189e-04
-2.866979398099071125e-02 7.059841187501014357e-04
-2.864416294639935551e-02 4.706440109254360544e-04
-2.854541702721137900e-02 4.120336285494019426e-04
-2.802628058761580040e-02 4.990843187787199001e-04
-2.765835727939450206e-02 3.878804352494200623e-04
-2.663237950877932886e-02 5.649363758924127229e-04
-2.536807383258300047e-02 6.631250365144332731e-04
-2.504223356938903994e-02 3.412154157081135133e-04
-2.461601419490590595e-02 5.501084682329835263e-04
-2.430324696332912190e-02 5.703009008814656023e-04
-2.387318746749131013e-02 5.329111065873672493e-04
-2.377843319805503924e-02 3.445127678636636555e-04
-2.360206687554517943e-02 5.234614783845843548e-04
-2.318665852702801386e-02 3.946269828299835483e-04
-2.285849934626563162e-02 3.269241058610360584e-04
-2.279681508010763386e-02 3.607432103612977833e-04
-2.260174015784276874e-02 3.391264525221111782e-04
-2.217579467154423209e-02 6.290879165208542899e-04
-2.211345691908937067e-02 5.028311888773045546e-04
-2.209548182079388440e-02 3.471331286605432230e-04
-2.199021541908448632e-02 4.636017995615395989e-04
-2.176556590263994603e-02 3.602102614741206437e-04
-2.167283587859701599e-02 5.591675008100764144e-04
-2.093633186922407713e-02 4.178059189098088560e-04
-1.948126945326839402e-02 6.765993236537148903e-04
-1.928215824763024333e-02 4.473716501872718166e-04
-1.889814798916927482e-02 3.403397578065789852e-04
-1.790713792746437966e-02 4.776038903143847714e-04
-1.749202330496521865e-02 4.515261035941873190e-04
-1.692651233048775641e-02 4.572015401198157507e-04
-1.671629900581844339e-02 3.976744710703816917e-04
-1.660509680272008112e-02 8.460683804446962044e-04
-1.639073512213327227e-02 5.477689729753870175e-04
-1.635003549373138104e-02 4.300180013880636567e-04
-1.622119481990364279e-02 4.834265669103526082e-04
-1.607187082886041632e-02 4.725022859530071738e-04
-1.585138176028816348e-02 5.069964047331865361e-04
-1.569854279596411342e-02 6.592490100344101413e-04
-1.540628165201350999e-02 3.985877038122575492e-04
-1.490171587648019512e-02 6.822327840648030562e-04
-1.465864796496108881e-02 4.434500281623138078e-04
-1.446440809424570650e-02 3.928939935140439909e-04
-1.429018436806812030e-02 3.420988977152855616e-04
-1.364739639236089465e-02 4.294640762360619579e-04
-1.319134152811252125e-02 6.199406231669200070e-04
-1.285749007929060279e-02 3.557355804336985905e-04
-1.231655005177319587e-02 5.500936099968290697e-04
-1.198267821464260932e-02 4.591220275267666323e-04
-1.187925897666602601e-02 3.807237568634861302e-04
-1.156349982428536531e-02 4.801707902711107364e-04
-1.134042246124824550e-02 5.245329394840130173e-04
-1.118834832752474417e-02 1.038595401332331096e-03
-1.084046608751210519e-02 3.499037987403958057e-04
-1.055949301831955733e-02 2.987513502845989474e-04
-1.047452539347580591e-02 4.536830704858106828e-04
-9.847788373526945166e-03 4.143392007673366798e-04
-9.467167624397802850e-03 4.628161928653338466e-04
-9.216263545151129680e-03 4.220805438318037247e-04
-8.245297593906769640e-03 5.303724664371863842e-04
-7.169386951744577928e-03 3.673368242552361757e-04
-5.984814018036732457e-03 4.769407172138092547e-04
-5.943563182195768686e-03 6.118881720172226167e-04
-4.869167699279432736e-03 3.840253290997723600e-04
-3.693927349612531261e-03 5.625259527239784025e-04
-3.370381953169863769e-03 3.411224595224154714e-04
-3.203754401792634383e-03 3.833167281651849150e-04
-2.628274216171315545e-03 4.480543426342599163e-04
-2.342953166136392453e-03 5.029567214594263128e-04
-1.696131886401163217e-03 4.408399101966522051e-04
-1.486952735748522806e-03 1.004578564701891479e-03
2.274080219242806573e-04 4.765515438397702262e-04
2.461189622132409736e-04 4.194497496996635842e-04
3.235155001512919864e-04 4.991887408592742296e-04
3.608225509633977441e-04 4.981837870648609008e-04
5.571548189224820443e-04 4.860898512742533326e-04
2.076307629507851121e-03 3.548558442290564575e-04
2.123942643080628436e-03 6.854230991600837901e-04
2.417550911947493296e-03 4.527041679278647097e-04
2.425188955000216490e-03 4.943513577156912397e-04
2.622779606977005979e-03 6.514777837820712788e-04
3.047113309022401583e-03 7.231431822058595428e-04
3.083371594803182951e-03 4.065989772683062495e-04
3.133058020013701830e-03 4.894882436438744442e-04
3.518106343956005182e-03 4.419459378387939944e-04
3.622788313538715874e-03 5.027609872447301844e-04
3.976306587461454246e-03 6.746782874329671376e-04
3.988488523347358608e-03 4.052186976633857709e-04
4.299735156493086560e-03 4.397898532719475648e-04
5.898341633755928466e-03 5.403544885881288824e-04
5.920658774403369205e-03 4.438571124497927255e-04
6.299273870195879962e-03 8.637572493630527124e-04
6.600573328800997050e-03 5.388398242124409687e-04
6.840272385518896860e-03 8.385658711115604813e-04
6.942768353912747402e-03 4.184598813217130231e-04
7.843777549122849316e-03 2.902570226149863634e-04
8.154867213426036932e-03 4.438939826358502929e-04
8.661706643041611198e-03 4.495685897315660601e-04
9.293425716685455029e-03 4.988527783283259846e-04
9.707137178842762879e-03 5.882644757839448121e-04
1.006863027635825254e-02 4.514715873746677857e-04
1.073636259210136897e-02 4.207699485386609019e-04
1.101335481927240637e-02 3.799837672369658242e-04
1.139286497309315027e-02 4.165431516937460649e-04
1.184494966938744176e-02 6.238938936595735726e-04
1.236359005310485627e-02 8.241106211813743190e-04
1.401630239390910110e-02 4.327191543413515772e-04
1.439219972757378556e-02 5.429911741418026955e-04
1.440242987444577058e-02 3.753049780847267326e-04
1.451573245158129140e-02 5.300552656409068201e-04
1.456677061225872087e-02 4.329038653053250045e-04
1.521867519457941430e-02 4.748316678807391520e-04
1.584884168643027613e-02 5.374876404152048202e-04
1.593234286814942252e-02 2.664314998938183132e-04
1.614811351406794659e-02 4.701749146636090824e-04
1.633177973734763547e-02 3.025956120790539573e-04
1.655038761915532744e-02 4.621702114674198841e-04
1.658472245116546576e-02 5.211765371956091075e-04
1.693490512319026711e-02 3.046288401695305026e-04
1.694212529263253511e-02 5.077883877345010927e-04
1.730020461239839893e-02 4.265218590815233850e-04
1.774421028812917314e-02 3.727240148750696051e-04
1.779755965552727928e-02 3.764532555812432984e-04
1.818338392472555742e-02 5.342732847578548138e-04
1.870631321119960166e-02 4.790615658830724155e-04
1.960637797232006943e-02 3.883935291542824639e-04
2.016497887491797841e-02 4.182589153582670681e-04
2.025523746965677066e-02 3.952188281337963701e-04
2.039192833288627077e-02 5.170593122525246697e-04
2.052499820857214829e-02 3.947648253979272291e-04
2.113610788905946961e-02 6.952176447601814786e-04
2.154488456747595537e-02 3.315033109801216729e-04
2.212701366216965684e-02 4.529350388822324077e-04
2.213127536296226328e-02 5.934737481621977367e-04
2.273670941472684046e-02 3.179727158418204150e-04
2.285170983179268811e-02 4.314187548917920701e-04
2.288903438270176519e-02 3.862227966509564959e-04
2.324683945688319278e-02 7.757905207237719876e-04
2.359912815926679119e-02 4.667499337212106737e-04
2.422471903880774394e-02 4.940762401520035121e-04
2.720579661352887091e-02 3.816350192762770952e-04
2.773256761924362476e-02 4.467549485583889525e-04
2.909439422118095808e-02 5.154703284456730802e-04
2.919188462869235293e-02 5.132498734838127508e-04
2.923500854844294713e-02 4.129484619041539815e-04
2.955974344717992794e-02 4.054424712925458951e-04
2.964149036532663650e-02 7.943508900196149559e-04
2.972331974298106014e-02 5.237233926638637993e-04
3.003301396357265646e-02 3.683751968791022639e-04
3.013347230392809245e-02 4.104808968625643715e-04
3.112489620880946536e-02 6.386062110979994367e-04
3.117575103465455508e-02 7.883136178888552198e-04
3.137143544020105229e-02 5.946999282474010017e-04
3.158092311832087773e-02 3.744902919288092520e-04
3.191399349309727990e-02 4.612217860758246525e-04
3.356326025980095606e-02 5.701838210650909565e-04
3.368463612890684050e-02 4.404796069664690243e-04
3.394421217496720877e-02 5.382212664263015620e-04
3.399533595532674979e-02 5.411424396128952305e-04
3.414732952141498468e-02 4.358154332831715356e-04
3.422541605105354490e-02 4.880050103004622661e-04
3.481789834177573262e-02 4.272650079019889280e-04
3.598823932589283875e-02 4.998166958205555116e-04
3.599366079738020724e-02 5.311037055702585779e-04
3.636239456332739789e-02 5.423735041810378134e-04
3.720400091797772951e-02 3.097907827245314030e-04
3.728155946887269645e-02 3.476509871741703369e-04
4.024816768784972298e-02 6.303768329573222404e-04
4.065091724185262989e-02 3.514706474003680635e-04
4.208741008198760986e-02 4.309377830542217226e-04
4.317474684254292427e-02 5.223279014613296843e-04
4.433449297638580866e-02 4.776344289924515352e-04
4.434058681186314743e-02 4.090452807166423390e-04
4.459065007903991601e-02 3.201892361774282209e-04
4.462106420573965643e-02 6.967133041671303480e-04
4.492003492538212267e-02 3.300673768478536727e-04
4.539047734244065074e-02 6.722995775146657638e-04
4.539656520276390966e-02 4.768427036432791133e-04
4.576637635622633066e-02 5.390470611755755282e-04
4.611314536070950515e-02 4.972464718145642136e-04
4.696176126916716542e-02 3.435899384937679351e-04
4.724289300161127469e-02 4.136320370968955286e-04
4.724963854650151424e-02 4.276323491784419671e-04
4.749421941102939526e-02 4.623460464321821361e-04
4.809383135066393894e-02 3.892909745732991045e-04
4.829511258034987348e-02 4.026181587215963450e-04
4.847227647441946369e-02 3.521681927686593047e-04
4.856071247286786186e-02 3.098552302646100532e-04
5.013830150102317751e-02 3.713292930545088232e-04
5.033284373570848930e-02 3.744886986412204744e-04
5.086015430860289094e-02 4.114603260289736693e-04
5.121557059638628950e-02 8.026302860969188654e-04
5.169832604326890513e-02 3.009272410443900557e-04
5.205785051603090130e-02 3.415111528260528825e-04
5.208232073252107991e-02 3.817704922969991990e-04
5.256819617296099034e-02 3.721313567019043336e-04
5.332290512828381096e-02 3.188318110469315976e-04
5.375386030276885913e-02 4.031822295836856975e-04
5.459127550711966731e-02 4.078391235221055853e-04
5.473857040718799888e-02 3.918159367807731806e-04
5.506427178054457139e-02 5.045113707257864628e-04
5.523652609555148446e-02 3.082136529401922551e-04
5.574090623608657369e-02 3.438349553975698155e-04
5.575369849492090718e-02 3.085289223215553094e-04
5.589384835934069207e-02 2.478564548762179302e-04
5.620148758457629151e-02 3.733131240536955472e-04
5.622688452752377941e-02 5.998599473532115070e-04
5.636198576338356803e-02 3.807915701101947372e-04
5.666309798009808163e-02 3.629662839346883092e-04
5.697548355366367084e-02 4.465529446061354069e-04
5.735823275439955182e-02 6.349691748571572756e-04
5.742388887281423687e-02 3.565587831402688718e-04
5.761869011060072321e-02 4.108433978105901162e-04
5.788609679186348250e-02 3.122607553341010607e-04
5.825136489331968204e-02 3.144490293839434232e-04
5.841827148041610351e-02 3.208947421542052321e-04
5.858467794576369819e-02 6.013427872884371779e-04
5.901596406151041196e-02 4.560022778294867954e-04
5.914409488212400007e-02 4.193488687745614571e-04
5.981369225991177430e-02 4.252785471999504072e-04
5.999746639768759743e-02 3.556608339509706104e-04
6.053280504769550929e-02 5.287561455743293014e-04
6.076881885217334106e-02 3.052158946175609236e-04
6.083069133163748754e-02 3.068746080264858796e-04
6.174003294706151973e-02 3.373629300137189900e-04
6.184574236398650282e-02 3.877165057572882351e-04
6.206484495122911726e-02 4.362629387443023223e-04
6.229231863705276401e-02 3.594530250491970668e-04
6.264833889011295343e-02 4.036807689337693701e-04
6.277371576958906685e-02 3.819487796941537601e-04
6.299841755796960208e-02 3.272021349755010067e-04
6.302315329482423290e-02 7.251106317456193062e-04
6.304320960573217558e-02 4.012008607074706219e-04
6.320762771391874590e-02 3.510785593816960763e-04
6.425046918572169252e-02 3.723142343806852702e-04
6.440021477966265118e-02 4.105028100035514093e-04
6.611883903889630154e-02 3.173189577296095672e-04
6.690423463810560301e-02 4.106728384678393225e-04
6.704638010446770102e-02 3.745024162911687188e-04
6.730956692677730890e-02 4.412242647259388044e-04
6.731390840883630378e-02 4.644406664543391898e-04
6.835413926942024432e-02 3.859652174814683220e-04
6.868468626919961573e-02 4.697875115144063457e-04
6.877207326150522326e-02 6.160433561347552957e-04
6.878191807654039647e-02 3.955338025034995752e-04
6.887224848597593707e-02 3.629772436160556099e-04
7.021424717127029702e-02 4.132210278119648823e-04
7.024224179619502351e-02 5.870177432958496823e-04
7.039591683543090783e-02 4.228311039251137177e-04
7.057845670968286578e-02 4.451448986759409744e-04
7.100298670823612657e-02 4.422462992242248594e-04
7.170257046109469734e-02 4.044374174701948106e-04
7.185315229256199199e-02 4.058835556035488490e-04
7.383771124100323158e-02 3.940317219993301500e-04
7.440659691378145868e-02 3.911532643781597592e-04
7.491266195514491300e-02 4.492382771485005713e-04
7.688619438177581034e-02 4.061953177991410981e-04
7.720355897273059598e-02 3.524737744667029112e-04
7.816019347563346598e-02 3.821453393608108501e-04
7.902743531104541863e-02 3.622440201533885708e-04
7.969804817259681928e-02 5.391168099871235632e-04
7.976165970575289921e-02 5.005542511607085016e-04
7.978254646741332612e-02 5.000921726541115433e-04
8.060901707885589906e-02 4.269904185017866409e-04
8.064109882558298525e-02 3.706655120643048609e-04
8.136087600697791689e-02 6.428397025555874665e-04
8.138943138402347788e-02 4.468214336573563591e-04
8.143639956673208447e-02 3.094216066478375866e-04
8.261505900205209918e-02 5.042066450902983350e-04
8.263893169241808001e-02 3.717485840261321758e-04
8.267973102007836195e-02 5.228281619706054689e-04
8.356363980362709054e-02 3.372100162746461869e-04
8.371221384655183617e-02 6.125293492826792800e-04
8.420758135439490588e-02 3.929579046726271066e-04
8.461005603138944953e-02 4.777228287786187359e-04
8.478642644122462435e-02 3.801393589511968779e-04
8.548543162362441661e-02 4.223161120866408044e-04
8.572765244748820068e-02 3.385159212726389128e-04
8.576910039125804075e-02 3.770559295512498845e-04
8.630075619868626813e-02 4.734102106501634458e-04
8.700426876536029863e-02 4.641337345985384485e-04
8.765667734073780137e-02 3.718872195225029305e-04
8.785187776979387630e-02 3.908441668487680921e-04
8.809125543106781364e-02 4.479000842422157873e-04
8.835162290745643410e-02 2.984760253605277442e-04
8.892022821964189194e-02 3.796893699047193798e-04
8.893848094961451234e-02 3.157623137115330727e-04
8.898876044605612268e-02 4.456798960213038518e-04
8.934604475090937581e-02 3.950945466074911715e-04
9.041169029354759190e-02 3.301012903019213528e-04
9.058516993988971477e-02 3.982692161953004092e-04
9.060344384744430102e-02 4.642848267387139757e-04
9.115519291578159933e-02 4.045493540794511218e-04
9.121690104897973994e-02 3.934453918773391976e-04
9.155799886293790324e-02 5.660858790229952604e-04
9.170056766136482074e-02 5.459871839947842004e-04
9.206431011157852062e-02 4.758577783006673985e-04
9.243603550044124373e-02 2.800972559208496555e-04
9.252514694176743049e-02 5.856965517088611297e-04
9.260466686850320206e-02 2.937934470582246791e-04
9.289000191917244631e-02 6.175026051786066880e-04
9.349747671747302147e-02 2.650217655361155060e-04
9.427255079075644306e-02 5.311820794235928627e-04
9.464518737637334089e-02 4.590984112839245753e-04
9.466802396704623868e-02 3.866315862040893038e-04
9.485891369974813747e-02 5.538879639519286727e-04
9.497861349195417524e-02 3.930556111204656033e-04
9.531146414023003444e-02 2.895605758147248529e-04
9.539864763937470904e-02 6.779633526990105821e-04
9.586563695133619445e-02 3.418011182521806467e-04
9.630717803499799778e-02 4.477364621747216273e-04
9.640796804849385837e-02 3.380264495785522349e-04
9.675209039972545999e-02 4.107042182780863237e-04
9.770600829574771495e-02 3.864516327743215511e-04
9.777405342983454262e-02 3.095086311672281339e-04
9.795210387503358596e-02 4.435510941712069474e-04
9.875911723123889652e-02 4.001775581124077845e-04
9.925487319629514027e-02 5.241212756869810616e-04
9.931947172905740417e-02 3.694757163801203406e-04
9.947359802893673830e-02 3.369145875617610792e-04
1.001091972837864080e-01 3.465114651305199051e-04
1.012665203166238370e-01 4.393181267210473492e-04
1.014546731305828314e-01 3.397184466398339795e-04
1.016418278858962909e-01 3.736177675388944455e-04
1.022266656683313013e-01 3.305881738494682279e-04
1.022628976207592549e-01 5.040083784540149965e-04
1.034254809876607173e-01 3.901406943193664613e-04
1.036257020213378066e-01 5.992266095135324313e-04
1.037940193900552949e-01 5.326084355644655245e-04
1.044105361939377252e-01 3.126901516656145456e-04
1.051328755696620681e-01 3.515302835749509192e-04
1.064767932953161605e-01 4.662217039547291515e-04
1.071934909890927129e-01 4.125655154621960842e-04
1.072964337576771260e-01 3.496976717885688342e-04
1.075006772622628393e-01 4.802873534272027916e-04
1.078566396140296230e-01 2.929658181897513676e-04
1.079274802785955140e-01 3.471976760169840802e-04
1.080689138784314135e-01 3.044518294816764498e-04
1.082310470002383895e-01 2.670820137421549582e-04
1.082698539243260177e-01 3.830647273557877047e-04
1.086783063186108067e-01 3.691350297989646014e-04
1.093735183748739265e-01 4.258418998714435730e-04
1.098325018696183625e-01 4.169246598252985604e-04
1.099709219044465863e-01 4.255193917763395225e-04
1.099926080602234568e-01 2.497892549120722346e-04
1.103995317738449278e-01 6.830041485212561339e-04
1.104634694680897977e-01 3.547919398732149259e-04
1.107582018948601588e-01 4.448404926330835809e-04
1.109119115583260401e-01 6.054190793616533693e-04
1.111235054549568751e-01 5.018658478492494602e-04
1.111473382519121006e-01 3.533557499278613132e-04
1.114980801449689668e-01 3.410724513011687887e-04
1.115499121272186811e-01 3.980021928034450864e-04
1.119059112806195799e-01 4.293911490097588463e-04
1.122045725955373163e-01 3.847598789870602010e-04
1.124835245960029428e-01 3.498369314712430358e-04
1.127232406337117104e-01 4.977426270447772323e-04
1.139967732064370159e-01 5.846481665580563047e-04
1.147756684676017047e-01 6.816996108726997754e-04
1.150937858600767222e-01 6.357895024621806890e-04
1.154492620016093068e-01 5.026591286566664020e-04
1.155376077664403006e-01 4.068480499862716510e-04
1.155376238209292750e-01 5.487586610275562533e-04
1.161438811695855305e-01 3.752287068313172377e-04
1.161888057401058716e-01 3.831319206308513264e-04
1.162898830667272038e-01 3.757727408764287486e-04
1.168769640622280143e-01 4.284252157649950823e-04
1.181128708013190615e-01 6.584840149772710300e-04
1.184139295036144707e-01 4.608989345687507341e-04
1.206458268601890704e-01 2.766725623517299034e-04
1.212433901106945572e-01 4.072110093071870619e-04
1.216701291439977739e-01 4.573221940133319536e-04
1.220647610626044710e-01 2.925413380278968009e-04
1.221050848747307904e-01 9.675462663904739252e-04
1.226665040589064171e-01 3.963925507641419439e-04
1.229228645163371741e-01 3.665006031467521789e-04
1.231966093165517140e-01 4.835112404963377419e-04
1.236445192740275728e-01 3.015467270310718227e-04
1.237751295662064266e-01 3.101483857070703944e-04
1.246292250540269181e-01 3.657594405536334021e-04
1.247037627749375127e-01 5.206832089854027427e-04
1.247084215162670151e-01 4.569632052964230995e-04
1.252382323730797109e-01 5.072506139662820001e-04
1.254139295505135032e-01 3.930489624427544620e-04
1.256332115175055886e-01 4.349891740612035936e-04
1.262521963868953323e-01 2.984546085551518808e-04
1.266607833785161341e-01 7.391326338721967938e-04
1.270343546579049687e-01 3.630930080741905010e-04
1.273540791090368440e-01 3.577645613445577496e-04
1.283502274701903978e-01 4.555847994168385874e-04
1.290594533511529585e-01 3.594153490020137310e-04
1.297134442804855070e-01 3.456535726944485239e-04
1.300623386018831262e-01 4.644617433614880303e-04
1.304266230992449649e-01 3.584494444121753506e-04
1.311786621808817555e-01 3.493269325803615225e-04
1.312349231259627158e-01 4.434674218533129304e-04
1.314318278986693622e-01 5.110548712733190523e-04
1.327722722529974253e-01 3.869670637460963973e-04
1.330376937706255758e-01 8.116813878067322260e-04
1.330616219998478622e-01 3.959952796227634805e-04
1.334197587842124721e-01 5.515840045777701661e-04
1.341358061606733321e-01 4.031670241162925244e-04
1.342359375117724296e-01 7.381248785052503666e-04
1.344045363837083895e-01 3.985604772353647848e-04
1.344815214919139468e-01 5.490071368677201845e-04
1.347972010268980725e-01 3.245218699674552580e-04
1.351794343878513494e-01 4.983217443415859007e-04
1.352686942984629437e-01 4.803132480338516029e-04
1.352905692993838505e-01 5.464464636658454295e-04
1.353571149659444639e-01 4.241542797949019740e-04
1.358465390841831211e-01 6.548018898833831217e-04
1.367442357018901489e-01 3.941862509438313986e-04
1.369333375914284223e-01 4.365191348616020962e-04
1.376983907242274041e-01 7.248114326484417138e-04
1.379847770763278358e-01 5.416579171074709879e-04
1.381324790725256546e-01 4.488408286671268259e-04
1.382520484596493349e-01 6.564347873494867256e-04
1.383950728009726849e-01 3.050781299957947500e-04
1.386833066508401380e-01 3.597076085524604483e-04
1.396121998130795683e-01 3.247276835185703260e-04
1.404611677554107041e-01 3.282363909497815332e-04
1.409211239880098776e-01 4.843732440884535701e-04
1.412268547278369146e-01 4.009815024780887210e-04
1.413652647519010597e-01 1.199674219613569483e-03
1.414054628949371339e-01 3.417222573644899410e-04
1.414964821487562918e-01 6.786947985540655150e-04
1.415297627099695588e-01 3.181027617347831717e-04
1.418283620858584448e-01 3.109599864200134089e-04
1.424024908929782118e-01 3.442744561048255566e-04
1.426878312682894057e-01 3.573745856123875051e-04
1.432620106039536045e-01 3.787558759939935855e-04
1.436015961795182039e-01 3.111142330689170609e-04
1.444102956365549417e-01 3.552192023485390088e-04
1.444440900730506738e-01 3.642228940486689028e-04
1.447972552233999233e-01 3.694046075025899430e-04
1.448330441377744526e-01 2.903573999813535787e-04
1.449824189283928921e-01 4.977896322342980099e-04
1.453439270390220195e-01 4.749492629712404957e-04
1.455768043278378998e-01 2.809708384979947397e-04
1.457087140852131590e-01 6.605131605268657223e-04
1.463645105243625844e-01 3.258631814941850445e-04
1.467712808432275751e-01 7.796963237429683840e-04
1.469148544604897688e-01 2.951772920343308910e-04
1.474367940494277496e-01 5.284516327157187795e-04
1.476302182506649963e-01 4.201303079277756217e-04
1.476463816251915584e-01 3.657127888906510716e-04
1.480010161216262221e-01 2.848762580167637040e-04
1.483932540255636923e-01 3.102708323372893920e-04
1.487861596294129674e-01 3.209612726734890182e-04
1.490610483452577406e-01 3.606953680208011318e-04
1.491988597410883188e-01 3.882699650878517080e-04
1.497236337099343839e-01 3.930044568523917122e-04
1.499485954567478241e-01 4.093929687427384930e-04
1.511908985824648444e-01 3.108072891960400748e-04
1.516688844553244209e-01 3.656998438560454074e-04
1.519849595175175039e-01 5.196021353640984872e-04
1.528235431421187951e-01 3.348214161673902746e-04
1.532531816124378388e-01 4.231418707466223545e-04
1.536160175931098604e-01 3.373514876570180682e-04
1.540667653674452353e-01 4.480566066042717581e-04
1.540817533176948584e-01 2.928596053685449748e-04
1.544106321117153791e-01 7.050748844758207958e-04
1.545632855052035959e-01 3.696407249292594350e-04
1.548747810541498127e-01 4.637839333780737795e-04
1.552488211238586546e-01 4.299745306308787687e-04
1.556470924180306248e-01 4.466322673900044817e-04
1.559740019777731412e-01 3.912290164381093281e-04
1.577902962827249511e-01 3.570603045461561700e-04
1.581038919704197687e-01 5.436400357858875649e-04
1.583033009107444045e-01 3.957677867172953068e-04
1.586026013716618777e-01 5.132892470865548819e-04
1.587519592029536519e-01 6.774613834468184298e-04
1.597369088556162275e-01 7.083994640164199786e-04
1.598902004378253139e-01 5.437256389181615440e-04
1.602467738717262558e-01 5.347742011016512953e-04
1.606050888640015439e-01 6.818467871663804218e-04
1.622677820404222482e-01 4.503067927499714430e-04
1.629169347492884501e-01 3.323550209692266249e-04
1.640527780942322988e-01 6.948636432699717858e-04
1.649802475342702357e-01 5.610818347139516623e-04
1.655019878973458258e-01 6.448844419538206276e-04
1.658057184697458719e-01 5.525809607709790492e-04
1.659826322289409684e-01 5.933105148522730072e-04
1.661937549598918318e-01 8.067787839909632604e-04
1.663275751267820901e-01 4.682442264131215798e-04
1.665247734446974881e-01 4.311081095554011346e-04
1.668225230356732702e-01 6.504301242008509029e-04
1.675175460074328215e-01 4.666400741001972149e-04
1.681871029027684483e-01 5.880951775042135435e-04
1.702147840084676234e-01 4.408702091612495171e-04
1.705810439625123076e-01 3.308335066853573488e-04
1.706971842239714265e-01 5.904341823306649218e-04
1.707975835965231393e-01 3.290230745441685917e-04
1.717071739408013720e-01 3.901572010075079729e-04
1.721805500676171219e-01 4.578290712580683854e-04
1.736602412915311533e-01 5.270506854766567094e-04
1.738603681474018281e-01 4.813607077188644819e-04
1.740355308617860530e-01 3.497704171570905620e-04
1.740361999897381273e-01 4.409899371904814997e-04
1.751736013194416519e-01 4.709415907617217167e-04
1.755883493309021992e-01 2.996136811548870036e-04
1.757131583480703862e-01 7.013960552604632699e-04
1.757953079742621272e-01 4.919506022347778932e-04
1.764636971577950852e-01 4.628314458362498907e-04
1.772021948600112640e-01 6.011727926258694224e-04
1.773108841361844823e-01 3.952484694453014332e-04
1.775298003508881395e-01 6.394819877734233974e-04
1.785227716602513781e-01 4.606778295176111701e-04
1.788037658979257927e-01 5.635275618853766329e-04
1.791611635017416881e-01 3.832379298468612146e-04
1.796531254353785634e-01 3.213485974927933063e-04
1.798613028063710262e-01 4.260265789463248305e-04
1.809988431556030231e-01 3.830413362038268574e-04
1.811786418466418414e-01 5.733438150662227692e-04
1.812214061628448225e-01 4.137654838720739936e-04
1.818746349301434140e-01 3.869891011434130530e-04
1.818915044024859151e-01 3.723730161271962113e-04
1.827443674349022162e-01 3.438180993879814268e-04
1.829000202536793518e-01 7.463299965531773302e-04
1.834762661410783147e-01 5.323246152496327425e-04
1.836064672355919858e-01 3.933830008274851321e-04
1.836399298275313285e-01 3.184843665970468361e-04
1.838880293461100102e-01 3.199878609985908214e-04
1.842535982052864174e-01 3.004159382188939086e-04
1.842760976397343764e-01 2.786357945997754138e-04
1.844046274492733561e-01 4.336436471591579634e-04
1.845482410412264129e-01 3.359424125974912103e-04
1.852240693013421646e-01 4.832650132991265319e-04
1.859901864822257056e-01 5.490980032396006790e-04
1.863267467776854591e-01 5.091863055740083847e-04
1.864002604623806458e-01 4.723903393887109777e-04
1.864594483237467237e-01 3.637967325868603132e-04
1.870492989241740456e-01 4.845623829896552486e-04
1.872294632180332152e-01 3.633488744141288775e-04
1.875676651042511855e-01 3.730249259239484198e-04
1.878109590240196747e-01 2.992522238729700894e-04
1.887978389765451182e-01 5.024175484362997492e-04
1.906776796077216396e-01 7.844942829188298033e-04
1.906813930104784283e-01 5.031706906646609290e-04
1.908546124889571594e-01 3.950898525962181791e-04
1.913860959108004411e-01 8.411842416556045187e-04
1.921057658946475066e-01 4.189831479218514678e-04
1.923530088900755608e-01 4.289225939384861048e-04
1.928722901710376580e-01 5.213617668473038893e-04
1.932087440948440926e-01 4.234271772221445489e-04
1.933529373429144493e-01 7.230837673157268150e-04
1.941134332785981742e-01 5.326434796087191293e-04
1.941179042003592370e-01 5.518944463481534638e-04
1.941435785735580455e-01 5.263185016671185568e-04
1.942701285924336441e-01 5.347892068442659233e-04
1.946639974509764004e-01 4.335545418729568816e-04
1.946770706223811542e-01 3.747192255482455279e-04
1.952397988594533340e-01 5.145767321064458749e-04
1.958610009699918997e-01 6.637119417410609901e-04
1.962308417250285819e-01 3.489944311057775273e-04
1.966627611772344686e-01 3.428531650510813146e-04
1.978145478239976829e-01 4.479382754150679690e-04
1.982136861306235676e-01 3.211600070443686368e-04
1.983879311117379973e-01 5.277601256845989609e-04
1.984814973165404395e-01 2.850879648914326527e-04
1.989398792939307270e-01 3.848023212934771273e-04
1.993578322374309209e-01 4.858973943707363169e-04
1.993622987866517926e-01 3.192834957554587785e-04
1.994975066448657353e-01 4.072053047779545577e-04
1.995664648387769635e-01 3.930688945122448727e-04
2.005221258763165704e-01 4.863555893938272564e-04
2.010865165805046928e-01 3.623319902768654165e-04
2.014357575670010225e-01 4.285987300860064943e-04
2.015813426843044709e-01 2.810839610450623300e-04
2.018205270452707034e-01 5.237374210443798391e-04
2.021602105421203832e-01 6.043189752252291951e-04
2.024748011962938243e-01 5.056485858827492515e-04
2.026835125996593323e-01 7.124157306933673458e-04
2.029035265858822601e-01 3.958101632826802030e-04
2.035920412485606179e-01 3.552276154750801411e-04
2.045666835934065730e-01 2.443830797814115470e-04
2.052541345699277486e-01 4.075334628236750175e-04
2.060983009346271100e-01 3.724882726284576531e-04
2.062370644052033408e-01 4.600326126855169341e-04
2.066482383455233163e-01 4.492384468872527049e-04
2.087686544056681359e-01 3.667618512900244830e-04
2.088563105301342038e-01 3.810580500659019819e-04
2.089957251001434979e-01 2.421596417932200872e-04
2.098744289129292062e-01 4.077351717562357515e-04
2.099817349997344651e-01 4.203798389886869227e-04
2.100091047085082541e-01 3.165601614039201955e-04
2.101947950747700133e-01 3.740676392718654867e-04
2.109072359284926979e-01 3.267856026402754738e-04
2.110053170978674897e-01 4.615987106342361022e-04
2.110579901342160558e-01 3.558247676381039886e-04
2.111993354030720915e-01 3.267731021104703986e-04
2.116166315167510581e-01 4.246449024619529410e-04
2.117618356040008865e-01 6.141661583794529727e-04
2.118880556809800697e-01 3.281371369299243687e-04
2.120551143358525292e-01 4.628346815969220447e-04
2.123829812470076350e-01 2.962776132061470022e-04
2.129161501057765526e-01 4.704424911545799582e-04
2.129230853680987856e-01 4.978970275054349619e-04
2.129404995143498736e-01 2.830305829972883363e-04
2.130907727867419610e-01 3.080056549379819701e-04
2.131204681264875500e-01 3.615373369994291132e-04
2.135131189198889723e-01 3.954782812496526875e-04
2.135328843857441650e-01 4.120500417988896130e-04
2.135975489384678849e-01 3.643228902599410018e-04
2.138372422207997225e-01 2.150688808141231986e-04
2.150065747940863581e-01 4.767679090692790119e-04
2.151232869144698856e-01 3.258013452546501933e-04
2.151417211461249257e-01 3.270555900104133882e-04
2.152520590351852670e-01 3.779962402471030453e-04
2.153366451496662171e-01 4.036470268097547536e-04
2.160594712215253843e-01 3.354605043630990184e-04
2.160999469354090707e-01 3.793915293790490876e-04
2.171562483793808007e-01 4.608408042430346490e-04
2.171728940605926195e-01 2.609617082744500327e-04
2.171962858157634457e-01 2.640058003937242707e-04
2.176102540413595576e-01 6.486984919116504803e-04
2.177537624283508444e-01 4.513387352511747438e-04
2.179581478918438675e-01 3.933359392431256857e-04
2.185202343962169003e-01 3.619421759990767745e-04
2.187141833172273064e-01 2.762653433143816826e-04
2.194817960974905224e-01 4.815196680673024016e-04
2.204534846066303344e-01 4.576611975540904854e-04
2.205961159921172032e-01 3.862081636720181310e-04
2.206051479331410936e-01 4.622809521123857034e-04
2.207230010281368004e-01 2.399071020273300036e-04
2.215071473577300554e-01 3.423692843271930572e-04
2.215356184901100811e-01 3.597379702053317115e-04
2.218781667273710401e-01 3.483222848776214688e-04
2.234592376383389700e-01 3.469785012260600166e-04
2.236433710543104247e-01 4.644073654316070807e-04
2.253782989953146965e-01 5.790955208906709397e-04
2.265351702391933952e-01 3.906093544875556154e-04
2.270766219971232791e-01 4.641986936090723888e-04
2.273636990359173271e-01 4.404038073173821804e-04
2.277097251202675754e-01 4.942327169366346733e-04
2.281421628781976074e-01 3.789163808849003090e-04
2.285214179234975329e-01 7.909057967228299126e-04
2.288271202887187938e-01 5.447984243758657039e-04
2.288570899250401691e-01 5.515609651246273365e-04
2.290684171471919217e-01 5.454584790801080170e-04
2.292728728187766463e-01 3.580818921005933780e-04
2.295550540135989082e-01 4.833619000102597012e-04
2.295599182507725988e-01 7.103185988263618000e-04
2.299182745664115624e-01 3.820450812728872023e-04
2.300367470225595512e-01 3.845766497840306984e-04
2.304993013984691086e-01 3.448397836251268066e-04
2.314644194279176781e-01 4.697610341937714213e-04
2.322501238695402759e-01 4.860515176634599890e-04
2.333074555658362359e-01 4.610963536943094953e-04
2.336755019444250459e-01 2.648860567921467075e-04
2.337495442250964173e-01 3.039689513766199547e-04
2.353274112384258765e-01 3.051960098787624503e-04
2.353835656166551604e-01 3.123559759887462560e-04
2.354658066976023090e-01 3.342853298629054116e-04
2.356781486286128602e-01 3.595989262589107532e-04
2.358502446450298218e-01 3.320577435371483777e-04
2.359214887309359909e-01 4.692402534571081659e-04
2.359328141338681017e-01 3.481945879489051318e-04
2.361669613970511228e-01 3.153609126958088933e-04
2.367925671335074367e-01 3.159114758189306344e-04
2.369443390428800089e-01 3.695279470037708398e-04
2.369950510248701459e-01 2.120351822131058084e-04
2.373170183631148622e-01 3.181910535815435565e-04
2.375576408181371002e-01 4.264043061263034164e-04
2.375725221916864249e-01 3.118257044080949541e-04
2.382112782855013988e-01 3.373324323385581578e-04
2.382371343393654139e-01 3.557839804163862919e-04
2.386629965630639172e-01 4.155870753405166255e-04
2.389016834446232029e-01 3.034839396256282349e-04
2.391647293431505006e-01 3.428707100327076530e-04
2.393769009754526389e-01 4.699770246768447722e-04
2.396044335110489309e-01 2.800149409598909843e-04
2.406898133396631889e-01 3.821755912639553370e-04
2.408316237894655709e-01 2.953683974988970877e-04
2.409128088549061519e-01 3.682933483474673053e-04
2.410877829100159242e-01 4.076768122074988393e-04
2.411546892332271930e-01 3.637809519609997919e-04
2.414327996695524725e-01 3.700080142372930516e-04
2.414874799235390002e-01 2.908714907246603434e-04
2.420160160838928654e-01 4.097388262273260712e-04
2.423465541477140828e-01 4.396194428503994518e-04
2.423745120420027488e-01 4.368722700098074145e-04
2.429714948928030915e-01 2.899819531310476937e-04
2.436415260845216368e-01 4.043563202786131221e-04
2.438506419342794107e-01 3.820110761732214023e-04
2.441820556622019134e-01 2.674229133369389723e-04
2.442058952749992795e-01 3.600270006569674416e-04
2.444427147381766086e-01 2.657128349149211416e-04
2.448190311107484030e-01 3.152000587090012743e-04
2.449855512271851832e-01 2.630882357433781326e-04
2.451044769420143987e-01 4.080581613845135429e-04
2.456059662430269130e-01 2.611790511433601100e-04
2.461422082348495577e-01 4.902646382500670764e-04
2.463294166165287402e-01 3.833075780823429484e-04
2.464893363565608120e-01 2.720502631052226393e-04
2.465066885812537689e-01 3.314863601160362517e-04
2.470937899962231954e-01 3.077118656423478505e-04
2.479535010579577148e-01 3.895583453610898506e-04
2.479847643412647074e-01 3.413690593161881415e-04
2.482844649192821884e-01 3.349935140787676287e-04
2.494015813423443861e-01 2.407763626579908773e-04
2.504896159575086823e-01 3.847275687694959832e-04
2.509534526096018903e-01 3.441309442984685752e-04
2.514768520262916085e-01 2.378342503971304933e-04
2.526203288612544062e-01 3.380992689013851706e-04
2.527097203857741059e-01 2.570217292300084277e-04
2.529217029919104687e-01 2.677320589054885775e-04
2.536557528975713072e-01 3.700016848626450127e-04
2.539139917607547425e-01 2.492011499517481229e-04
2.546054675368346065e-01 3.026660486347901432e-04
2.546591355604352902e-01 2.613413329849070127e-04
2.546613360710984209e-01 3.819716030533767590e-04
2.548513661426444754e-01 5.609250022825309221e-04
2.551733661685130494e-01 3.303111073844687919e-04
2.553884395763947324e-01 2.700358392371513569e-04
2.559389439264603827e-01 4.694283595122379377e-04
2.574626525254297138e-01 3.240691862843193675e-04
2.578687109477834083e-01 7.868796597747528291e-04
2.579027560732058411e-01 3.814896541593656661e-04
2.581902921576013088e-01 3.989117273477781468e-04
2.583657299756325632e-01 3.481947202664315878e-04
2.586585515395365964e-01 4.127044886915851485e-04
2.589333400218333803e-01 2.486402953808787238e-04
2.590112395365154474e-01 4.834477495723104386e-04
2.592101181993853309e-01 3.644292251715829209e-04
2.602454138521979043e-01 3.656380104456627791e-04
2.602854357730678414e-01 3.878205879683300941e-04
2.607401827327223698e-01 4.762690493915931679e-04
2.611750451368900494e-01 2.470711733609927906e-04
2.613972190706369547e-01 3.571515441644693947e-04
2.615801447046423034e-01 3.442867450623335150e-04
2.616740277985813434e-01 2.324979215903632613e-04
2.620889961570074811e-01 6.765288298740135004e-04
2.623185011333810102e-01 2.648802317354833941e-04
2.624899564480479008e-01 5.860449818267472657e-04
2.630396771072446294e-01 3.104874749402022080e-04
2.641566395006391121e-01 3.837994782254177512e-04
2.651365238757100173e-01 5.527034470532601711e-04
2.652455962218575602e-01 5.154094310922644091e-04
2.656252830497839446e-01 2.749304222883551616e-04
2.656456543461502839e-01 3.697738264145154861e-04
2.663748753497330868e-01 3.309016074880450384e-04
2.664640634812033282e-01 4.390833602879089335e-04
2.664954927513565885e-01 3.888627331307520341e-04
2.667488656327530183e-01 4.397747387490009725e-04
2.670801304710907487e-01 4.237192707094780274e-04
2.675956171696325936e-01 3.688356686065677090e-04
2.677670051487064384e-01 5.274684670222277603e-04
2.680279763200307253e-01 3.966197331217205220e-04
2.683904100327101361e-01 3.411878833369508517e-04
2.686495625012710886e-01 4.826413293097477812e-04
2.689997019309144921e-01 7.823592736061804045e-04
2.690061415146937640e-01 3.197845662147683087e-04
2.690184348198245701e-01 5.137783810157538862e-04
2.690890906010569017e-01 3.711222007773365850e-04
2.706602244957676540e-01 4.576493008527814576e-04
2.710919395307770374e-01 3.596223596799870002e-04
2.711907254839213133e-01 5.446320393373429254e-04
2.714551166352120459e-01 3.709329005145103235e-04
2.716818684963100416e-01 4.608814492425336974e-04
2.738249633648224823e-01 3.667024691722168108e-04
2.741534269828717618e-01 3.920702338558144386e-04
2.743595631333367035e-01 3.806887009147999533e-04
2.750423573977200942e-01 2.938250445411081605e-04
2.751995633558670940e-01 3.958764922045048310e-04
2.765518255395028047e-01 4.229556617415922734e-04
2.776285118911686611e-01 6.329239415120154573e-04
2.780610274123487269e-01 4.020494541667614624e-04
2.785396409922927252e-01 3.366832100442589517e-04
2.786686165342424082e-01 4.759397307037364889e-04
2.789930257610677145e-01 5.141672708530211624e-04
2.793710100540145458e-01 3.118339499523277588e-04
2.800472298620796940e-01 4.034641998575165750e-04
2.804468607964105131e-01 3.681878454795632768e-04
2.807408591036794077e-01 3.197719044041962260e-04
2.817745879006057774e-01 3.099638214544978617e-04
2.831974873736116116e-01 4.328655538784172488e-04
2.833229895365246276e-01 3.380483907376324350e-04
2.835045798366586101e-01 5.519938358974900861e-04
2.846432112414070681e-01 2.963919166893805063e-04
2.848700796671914670e-01 3.798334601475943919e-04
2.853088447937591199e-01 3.641286359797478358e-04
2.853268202767626494e-01 3.056242068599805879e-04
2.858726489337322096e-01 5.628282235828162413e-04
2.858855247357575124e-01 4.637414084453505571e-04
2.861166110135157647e-01 3.327714299027619786e-04
2.861245194733508246e-01 2.614119296499803910e-04
2.863476978221560221e-01 3.419950485321110499e-04
2.863619711129571366e-01 4.492948853582532211e-04
2.869680186951080736e-01 5.893718339845400566e-04
2.870008478325343781e-01 3.647758687042756856e-04
2.871061014264014721e-01 3.371182466258564763e-04
2.874200210180266057e-01 3.526756348623731694e-04
2.875687915803353811e-01 3.235283358973358890e-04
2.877944879128492839e-01 3.950174237442978997e-04
2.883626218698914223e-01 5.931816702467464751e-04
2.894434262567367466e-01 3.611588568857083720e-04
2.897469323653452111e-01 3.871158609918538178e-04
2.903039452226226502e-01 3.351776069891878413e-04
2.918842757344656258e-01 4.290719993776457414e-04
2.928083402950689695e-01 3.288317675880350946e-04
2.930622999317271105e-01 4.558195229480006523e-04
2.943973654978905841e-01 3.137993169007926306e-04
2.953338720764733250e-01 2.594915393594335665e-04
2.953436948804657458e-01 2.917580594643030909e-04
2.967226587611884181e-01 3.585643069745709979e-04
2.971582084615129737e-01 2.721739485643615637e-04
2.974434433219313445e-01 3.165052097623271025e-04
2.979183467583595979e-01 2.800689642621666578e-04
2.986402415603938154e-01 2.380904693353181603e-04
2.987895102277535186e-01 3.404126935566482623e-04
2.989423774956720958e-01 3.593171073391381769e-04
2.990443707229567538e-01 2.563609776194364321e-04
2.992626531644367871e-01 3.414084304523273957e-04
2.999434770097886838e-01 4.427567069669549626e-04
3.005535118940925732e-01 7.284134425395331425e-04
3.006992005038638394e-01 2.979762869524718561e-04
3.007102513257067788e-01 4.173316911774791350e-04
3.011802535463375396e-01 2.999331377262746154e-04
3.013452617056464056e-01 3.041291912863131118e-04
3.018498825870847835e-01 2.774125995428955741e-04
3.018936757497368006e-01 3.589729170752874459e-04
3.019113626370724668e-01 3.437204059761317224e-04
3.020205217996909108e-01 2.908135910662053205e-04
3.023711948774567837e-01 2.869438206317399776e-04
3.024056843115977555e-01 3.098384411952336101e-04
3.024818150431025088e-01 3.790552364252132238e-04
3.027926085008078028e-01 2.623630836685209456e-04
3.030788862395255578e-01 4.200609371463851654e-04
3.033640723696503505e-01 2.622498669955551447e-04
3.037671973894751076e-01 3.990146397080107914e-04
3.040199925807949288e-01 3.427669521755838129e-04
3.044353199690793543e-01 3.022524962670909308e-04
3.044466841931799395e-01 2.868878230598422788e-04
3.046603860328250812e-01 2.535010436034865959e-04
3.050305971470045341e-01 2.646524512530331360e-04
3.052717882065492105e-01 4.238406675059034506e-04
3.056377501893221549e-01 3.189461190517184808e-04
3.059064882988845047e-01 3.660491045574173216e-04
3.060561795728258261e-01 3.362231499386359661e-04
3.080935155590773800e-01 2.504694884108368564e-04
3.081798087146842002e-01 2.679480471580800703e-04
3.085796363699593869e-01 3.348407505402194238e-04
3.089370142348941140e-01 3.218224731583068971e-04
3.092224324524933121e-01 2.948381067485294073e-04
3.093469150777837795e-01 2.379050722333022998e-04
3.096959847542455901e-01 2.922811080989682286e-04
3.097841981843396653e-01 5.922043100521601992e-04
3.099208138207171226e-01 2.976087399191499174e-04
3.102515408795545326e-01 3.780078471790990365e-04
3.104391152676281296e-01 2.162407499502802110e-04
3.107227733504137057e-01 3.463494496350927494e-04
3.108526595585419661e-01 2.734618733562466596e-04
3.109315270526011865e-01 3.235069181732015209e-04
3.111691098688723067e-01 4.175934353327854023e-04
3.116856498611041970e-01 4.475797983383281490e-04
3.117963191471852524e-01 2.594282325682709806e-04
3.121172546418233273e-01 2.222999191581936430e-04
3.144766825814215294e-01 4.314205051053780012e-04
3.147345598738874317e-01 2.624488388598411603e-04
3.148424578850698707e-01 3.895507090095249821e-04
3.152337930297451352e-01 5.520569137871636544e-04
3.154241632613123958e-01 2.983980311169482768e-04
3.156152730074429646e-01 2.755137974034930245e-04
3.157818791332180353e-01 3.316611410358714256e-04
3.173216085949375209e-01 4.651865248838695237e-04
3.178354681711077490e-01 2.594869190655122414e-04
3.184496042305766106e-01 3.403232905524874118e-04
3.184864797899858435e-01 3.254570933528592135e-04
3.189571949604646517e-01 3.376389918668980445e-04
3.190180859805783475e-01 4.064770799476555697e-04
3.193778847796294174e-01 2.593553946761515284e-04
3.197186117548667106e-01 2.711757286863090109e-04
3.197955772850232248e-01 3.746178696503548160e-04
3.208574461669750910e-01 3.643640644875654035e-04
3.214422145612080839e-01 2.133236520304114244e-04
3.214713027088691999e-01 2.216811964491860411e-04
3.216426519735474110e-01 3.159793916910904558e-04
3.218699278522001994e-01 2.688845987706965949e-04
3.223124379094916003e-01 4.352312787213945505e-04
3.227764955501303268e-01 3.629743694376066031e-04
3.229365048745848066e-01 3.965839867735778822e-04
3.230842799691601708e-01 3.625425908859012834e-04
3.234269236272479531e-01 2.629596722371597647e-04
3.241467589160227369e-01 3.932074167431584468e-04
3.247627814788047740e-01 2.133187355871171708e-04
3.250027931172823070e-01 2.732191145911621894e-04
3.252070213998453085e-01 3.214378630501530374e-04
3.252841681694197407e-01 5.482036092661532987e-04
3.257936848956140552e-01 2.727451381487977044e-04
3.260850245330951802e-01 2.792808432661219925e-04
3.262525945891515677e-01 2.330817814144716760e-04
3.266302249101070143e-01 2.802921933070281731e-04
3.274321756770295355e-01 4.368456430750067613e-04
3.277922978184468761e-01 3.303773047098317733e-04
3.279153506414257402e-01 2.800481268045853047e-04
3.282030480893655122e-01 3.440718675024299639e-04
3.282421139478293171e-01 2.589330602616847846e-04
3.282976452246443300e-01 2.835185079884714019e-04
3.284694240022963396e-01 3.240660220739741831e-04
3.285730038415112242e-01 3.545535498171711940e-04
3.291861698285033500e-01 4.998249594302787719e-04
3.292207328606736594e-01 5.282433161219647231e-04
3.300742177715453862e-01 3.505239417745216403e-04
3.304597783408508294e-01 2.378667614887008605e-04
3.309064561296006235e-01 3.015554789856810425e-04
3.311360373454500516e-01 2.498325341869747271e-04
3.314063593956718679e-01 4.373982713328024470e-04
3.323762062270048667e-01 2.646869359765600168e-04
3.329339727070470545e-01 2.966944437378246581e-04
3.332970108756510563e-01 2.572080003294635424e-04
3.334333482302877516e-01 3.504368634500020126e-04
3.334872706246796437e-01 2.493114147472229466e-04
3.338017130800940424e-01 4.737074519899722746e-04
3.338380018854245623e-01 4.092257009581461136e-04
3.338588358738697748e-01 3.813411320244261072e-04
3.339225489569406236e-01 4.559578221591430646e-04
3.349977285009287375e-01 3.177080431417935108e-04
3.351238797756486698e-01 2.537875753417500463e-04
3.367939585526864010e-01 3.995498042106433571e-04
3.369360090333358149e-01 2.829634945139217358e-04
3.371782758828229531e-01 2.578781470089251205e-04
3.390701235808702974e-01 5.037007875664803935e-04
3.391195811410032124e-01 3.057398890107258425e-04
3.391388092704588075e-01 3.050909605583597894e-04
3.397159936529442481e-01 3.713686357378107148e-04
3.403134609777383468e-01 3.329415179644288985e-04
3.405469655798408213e-01 3.910447587504858402e-04
3.406193842184424558e-01 3.197851464024259916e-04
3.412265431954424888e-01 3.159356018206145459e-04
3.416011420147500588e-01 3.447938755624341636e-04
3.421529536645318559e-01 3.375986151312759830e-04
3.430547781638458860e-01 3.424319299316788364e-04
3.431005950204735755e-01 3.527984496131728433e-04
3.435040993525472208e-01 3.771300527687167941e-04
3.438378105050736711e-01 2.625292608017809485e-04
3.439405069388496994e-01 2.210386496911572710e-04
3.440533018967845136e-01 2.932305235464958255e-04
3.444316603063256044e-01 3.617201106579641823e-04
3.445466708316496929e-01 2.404651503309389771e-04
3.447691961271813765e-01 2.629599363301360934e-04
3.451510968622273912e-01 4.983289311066627222e-04
3.453547711661495989e-01 3.249642017103590965e-04
3.459151530058159341e-01 2.862973316801294067e-04
3.459160700992910398e-01 2.767491384106184863e-04
3.470079710107477067e-01 3.277958308679638144e-04
3.474354744357821545e-01 3.050589118664663200e-04
3.476484195667273180e-01 3.082444282643424988e-04
3.479283941775829225e-01 2.531053327259370224e-04
3.479912199561606134e-01 3.223427818060185628e-04
3.482696316908003298e-01 2.347335930984850011e-04
3.488660506060877742e-01 2.465679987613258128e-04
3.488864400260309195e-01 2.243559305894171597e-04
3.489833790511932543e-01 5.235375559663142447e-04
3.490977552376063886e-01 4.886689387898382302e-04
3.500867775351239053e-01 2.544658290640215877e-04
3.503747126607416607e-01 3.512966640189408717e-04
3.513036765913716830e-01 2.385710047812295064e-04
3.513359243991450165e-01 3.244268665227994239e-04
3.518372250855265060e-01 2.405103728101568906e-04
3.524697629606459159e-01 3.775661428233464891e-04
3.525655406594795371e-01 2.702031667158403530e-04
3.525883300887460159e-01 2.644516417962194878e-04
3.526973428250744780e-01 2.690495093347130152e-04
3.529059331314813308e-01 3.301679956723228273e-04
3.531634266859746685e-01 3.664435416314569039e-04
3.534472415759882802e-01 3.440840125534985316e-04
3.545178200602275842e-01 3.530087400147192945e-04
3.545293535552068165e-01 2.125257807372140577e-04
3.548761947365056679e-01 2.964496906222775265e-04
3.549515223618552318e-01 2.083176945553072206e-04
3.551146484497010869e-01 2.452229267222584661e-04
3.554668795978671580e-01 2.532891662472742142e-04
3.555298545555293788e-01 4.479481164580607932e-04
3.568123853747973695e-01 2.825296252979661886e-04
3.569137299946061881e-01 4.670973099855024670e-04
3.569625209903261043e-01 2.313640626715796663e-04
3.570215106405435490e-01 2.693120650507512025e-04
3.570303595188839552e-01 2.022582607303377111e-04
3.574839052995549826e-01 2.179808770265570061e-04
3.575603650154174917e-01 2.689901682870427056e-04
3.577027532003928534e-01 2.622132731154390830e-04
3.579623238493453985e-01 2.262773652191683187e-04
3.581093695691807688e-01 1.893777320514196589e-04
3.582911735384970986e-01 2.941227472431347332e-04
3.587046033763512387e-01 2.607455954330688427e-04
3.589934290572230902e-01 2.599654597834435456e-04
3.590158021215175133e-01 2.423779390341164973e-04
3.596000323548970146e-01 3.885756461900022763e-04
3.598382768060262027e-01 3.532792019270815181e-04
3.601853780594902465e-01 2.161868107371756021e-04
3.618880480130636235e-01 4.415438434249602142e-04
3.620772138802776374e-01 5.297787874680955685e-04
3.620966857316261223e-01 2.907244913738109607e-04
3.623488024238307181e-01 2.787951716897951694e-04
3.628736096514284526e-01 2.202006799216040304e-04
3.630170123451735287e-01 3.605034564431248609e-04
3.630325411186049456e-01 3.709501577617683207e-04
3.631629230164968303e-01 2.906260507379651451e-04
3.634283801018834970e-01 3.225617998190737816e-04
3.639284767878699922e-01 2.705679027998759674e-04
3.642461780872069399e-01 2.714502034065927418e-04
3.646055569081311232e-01 3.868112154600933774e-04
3.655584040379634692e-01 2.234226279752822922e-04
3.655592586596744242e-01 2.831616827847499985e-04
3.656559846238841005e-01 3.065550102042303863e-04
3.657277225212980931e-01 5.585948805941632744e-04
3.662981414210386144e-01 2.623157562660790015e-04
3.663336082553558248e-01 3.803135905253857141e-04
3.674795460314714268e-01 3.137844469633519666e-04
3.675855096793315124e-01 2.916549341557223094e-04
3.679379115348475060e-01 4.277599253231717589e-04
3.694533953841766527e-01 2.812166714026823511e-04
3.696100985836639485e-01 4.377069493318662104e-04
3.701033732087912753e-01 2.785501282864320631e-04
3.702888495175077899e-01 7.259785806096640329e-04
3.704475472191900431e-01 3.206908110229707808e-04
3.713986333938389395e-01 2.702924051022904104e-04
3.720383427958685596e-01 2.640706542459212033e-04
3.722241858739432363e-01 3.937086380873964435e-04
3.733340856863809898e-01 3.221480951720829622e-04
3.742881566369146151e-01 3.722569797775984713e-04
3.750807069716342590e-01 3.417095059515568999e-04
3.756726469068065177e-01 5.010096669308455788e-04
3.757061493116064521e-01 2.783826951629591305e-04
3.758255598274619080e-01 3.992476426645573482e-04
3.761298929808251645e-01 2.840306907406221467e-04
3.762331205260940892e-01 6.748045379714157728e-04
3.776440872950291849e-01 4.599546886074972981e-04
3.777590276312428608e-01 3.319195940913543088e-04
3.779163621185564481e-01 3.128081548289672240e-04
3.779590830799576251e-01 2.174103645848628902e-04
3.785186398566548482e-01 2.604634493011167683e-04
3.785733248358285619e-01 3.031860633683021358e-04
3.789620471811178115e-01 3.263624586920939276e-04
3.793227561553340066e-01 1.999614449443388520e-04
3.794102396217240436e-01 2.200484835523817614e-04
3.802640333454512800e-01 3.344901669758185386e-04
3.810287445765034309e-01 2.137931844822107486e-04
3.810990148138470035e-01 2.820126523938067250e-04
3.820679186222972756e-01 3.266144945352186303e-04
3.822204476231757519e-01 3.254786515132860594e-04
3.825806848736654775e-01 2.373129142763153213e-04
3.828407129180115276e-01 3.441609101599592117e-04
3.830729260132084146e-01 2.367656289009295166e-04
3.830843551580848105e-01 3.242499294854011139e-04
3.832624517654724672e-01 3.015148437015094949e-04
3.850355809447839062e-01 2.174835257972466756e-04
3.857531156645074288e-01 2.382994058659907485e-04
3.857924559143230958e-01 3.610023609841530754e-04
3.864226684674918477e-01 2.649291975259791994e-04
3.866855023791622159e-01 2.721853719384228066e-04
3.867020899642166221e-01 2.982422438677119350e-04
3.871263171374638712e-01 2.823863819813471365e-04
3.883702058721134609e-01 2.703481328704550974e-04
3.889968474731097525e-01 2.064161950662321120e-04
3.891457989900530268e-01 3.476674109241914470e-04
3.895805616509033231e-01 2.336891559562174277e-04
3.896028629926435172e-01 2.907801241856865595e-04
3.896432787461820424e-01 3.604921039839623000e-04
3.897172149570448663e-01 6.694499035945052296e-04
3.898931028272729638e-01 1.858014728390990978e-04
3.900909432363198759e-01 2.673882847271957818e-04
3.915000119841584580e-01 2.493923152401916169e-04
3.915328802164408928e-01 4.142909925172112056e-04
3.915818690033164295e-01 2.478635516145658957e-04
3.918475653512784040e-01 2.891532039946821502e-04
3.919479199348389065e-01 3.211080246175057498e-04
3.928798905367001382e-01 2.393605331124732327e-04
3.928833398175774483e-01 2.846368120194394313e-04
3.929951493892051007e-01 3.127435835262112212e-04
3.933146162844353144e-01 2.923472304426983281e-04
3.938301829389277975e-01 2.529045966575709284e-04
3.942837036777134818e-01 2.843107381410855472e-04
3.950595857306523073e-01 3.495822455361178335e-04
3.956248709246718009e-01 3.258214250810868222e-04
3.956480954542868633e-01 2.994827537693315147e-04
3.968693751863274222e-01 7.499368996773750091e-04
3.971590389566566626e-01 3.018716217217383251e-04
3.971914455591653570e-01 1.774735834926921107e-04
3.979414582841803161e-01 2.788299362271764829e-04
3.979889902614160424e-01 2.356377164481309318e-04
3.981632188556644136e-01 3.443278297975507253e-04
4.013307279106312353e-01 2.704298784880609778e-04
4.019187467805577785e-01 2.790028741087884263e-04
4.021618290401612894e-01 4.197706709075051980e-04
4.022539945029801611e-01 2.244856058655882115e-04
4.022900781766603484e-01 3.288629264621929565e-04
4.023842552254836558e-01 3.273742151236143025e-04
4.024831414450203981e-01 2.504012844997810776e-04
4.025683545155886445e-01 5.463835729248331212e-04
4.037551043974028087e-01 2.906010887353388788e-04
4.038460128196391108e-01 4.107792418085460650e-04
4.039505565467202963e-01 2.912956024836963506e-04
4.051721886354707758e-01 2.835585709341025104e-04
4.059843968835886163e-01 1.950354055201409642e-04
4.060467671333416462e-01 2.543358024747914884e-04
4.060820515687711407e-01 4.055752847163290506e-04
4.063611898204899653e-01 3.168234420771385532e-04
4.070797410630010993e-01 3.206266112466094964e-04
4.075681618448974142e-01 1.714354840141861535e-04
4.082340010201747638e-01 3.051986404333377240e-04
4.089667452745720522e-01 3.398294741354999471e-04
4.092062014016291105e-01 2.336117279786709665e-04
4.092549866156092730e-01 2.479256700349309357e-04
4.095179960782739936e-01 2.791659920855070628e-04
4.096831921674686239e-01 4.622349622174011410e-04
4.099994477450207286e-01 2.350113264652762028e-04
4.104306135299124469e-01 2.665569174451469666e-04
4.106080171064998563e-01 2.369564730677319053e-04
4.115947468533890929e-01 2.485407939576239861e-04
4.118303623611120345e-01 1.943086644099393352e-04
4.129112131943916686e-01 2.307555103918349382e-04
4.138363897434069738e-01 2.056558339442926455e-04
4.142006607426574893e-01 3.136486614495587839e-04
4.146236059120271822e-01 2.382994670449832845e-04
4.148812546186024797e-01 3.754154607726394271e-04
4.151966340268745670e-01 3.194526518258181645e-04
4.153517149102264883e-01 3.700271581830683011e-04
4.155846350378676890e-01 1.629604560788439603e-04
4.160056236741230817e-01 1.938828648041792887e-04
4.165430973193784414e-01 2.754805094202500545e-04
4.170534816049364935e-01 1.607516891487896222e-04
4.171735976273093227e-01 2.525203042808486743e-04
4.174189321591892932e-01 1.791735259610239205e-04
4.181681323570359821e-01 1.985191431862307499e-04
4.190161616866294181e-01 2.173422114671429302e-04
4.191258255920965459e-01 1.315030062483215126e-04
4.195669692932005868e-01 2.183477916890877966e-04
4.199195375816960341e-01 1.815646017369907457e-04
4.199426599881947442e-01 2.958651489893623248e-04
4.204030541896780493e-01 2.374573761195553415e-04
4.205960934049685629e-01 2.420623547197016108e-04
4.216384558145628847e-01 1.906543523970125661e-04
4.218928164412145132e-01 1.953409218450980964e-04
4.219069867678948982e-01 2.308025632594417774e-04
4.224766403800644943e-01 2.290900440905912485e-04
4.227485597888696600e-01 1.712773878724073765e-04
4.228509511616347361e-01 1.912010071855306276e-04
4.229843131421462399e-01 2.368601858896313031e-04
4.236579820009708230e-01 2.373709044478803992e-04
4.240648973056455606e-01 1.633732763137575421e-04
4.246624403262462266e-01 1.719427636591798795e-04
4.252406986228959296e-01 2.420703554605208995e-04
4.258175481754532532e-01 3.613689497941627933e-04
4.263683379798363093e-01 2.035871813305373647e-04
4.266832238499141949e-01 1.871522259404003949e-04
4.269407095788148032e-01 1.661461386169663665e-04
4.270212186485464745e-01 2.576174509509280446e-04
4.279003423991587507e-01 2.193765448747721409e-04
4.280356638644861600e-01 1.832658246935460662e-04
4.282583508371147207e-01 2.385811717856778033e-04
4.283554710013049438e-01 2.153131694177794913e-04
4.285157828223773446e-01 2.817299788205379000e-04
4.293881452067906390e-01 1.925202031787533424e-04
4.302197570480956190e-01 2.651052728720957588e-04
4.304197945798046154e-01 1.902559756947695398e-04
4.305718067526429493e-01 1.446602829300983094e-04
4.310029852986650423e-01 2.309288895460162561e-04
4.314094833787313066e-01 1.521518351050011296e-04
4.315957845387463077e-01 9.343687785624941880e-04
4.318038839319750521e-01 2.219072741885261876e-04
4.321812247397711082e-01 1.738090011795919896e-04
4.322191772320183589e-01 2.831660294003011556e-04
4.323489309913371437e-01 2.219812598104258872e-04
4.323821850578057346e-01 2.363401118336477065e-04
4.324204209332314641e-01 1.848194751437060577e-04
4.335292455235178477e-01 1.890301388282115383e-04
4.340804275127591039e-01 1.582931588184827219e-04
4.343985676956556574e-01 1.865194697754803783e-04
4.344806410774479377e-01 2.425640353529230262e-04
4.354314478496242313e-01 1.387043877023952723e-04
4.357318798536778393e-01 1.808186502477009963e-04
4.359599283256473390e-01 1.883668190649470566e-04
4.359884236824085879e-01 1.774701422278162147e-04
4.359976381891775832e-01 1.844057739475125576e-04
4.363416364839259320e-01 1.446975332310013738e-04
4.368945163349235439e-01 1.494288319085088296e-04
4.369211340006041722e-01 1.538686260960178697e-04
4.376582601542279849e-01 2.222778350708652672e-04
4.381141119280483887e-01 1.737769398893094998e-04
4.382161262411679026e-01 3.151236722282618774e-04
4.384940915681984630e-01 1.608383957021356436e-04
4.385143868451695237e-01 1.806735869356345715e-04
4.389646492801729805e-01 1.846007628085062353e-04
4.392133345565257252e-01 1.254652344461717377e-04
4.393140626109262592e-01 2.245372645223986906e-04
4.394512712210909000e-01 1.448637384944507708e-04
4.397389717447948154e-01 1.961475381165008803e-04
4.406053784193042500e-01 2.210618758598246797e-04
4.407315373707585415e-01 2.125782341601616349e-04
4.408081618059117024e-01 1.749205413253778190e-04
4.408275786416631647e-01 1.293829852972313795e-04
4.428967013470043179e-01 2.966662438460803265e-04
4.430008194834252899e-01 2.102130060011561164e-04
4.432276660476226482e-01 2.521451562773549407e-04
4.433808557028579012e-01 2.225915648432751635e-04
4.435572250901026470e-01 1.534759266367756697e-04
4.441733431730695014e-01 1.819323463907566193e-04
4.442669119742027606e-01 1.485132294778786677e-04
4.446498036747368876e-01 1.742128578835059922e-04
4.454890100195729175e-01 2.151628498537085901e-04
4.460464106218665070e-01 1.736218197269422461e-04
4.461201372646725338e-01 1.668634138457085209e-04
4.464743758739641022e-01 1.713116572450864531e-04
4.472751246102407152e-01 2.285618557981565523e-04
4.478628548264783071e-01 1.879832408519904708e-04
4.482681091467782264e-01 1.801124659603433481e-04
4.484517822117295438e-01 1.596865733857450549e-04
4.484789012521626650e-01 1.967985943573333783e-04
4.491588180100715699e-01 2.936470150728765567e-04
4.498209009026071237e-01 2.444083306705108791e-04
4.506089668468739040e-01 1.750124975961985364e-04
4.511736467428915653e-01 1.795437197243793226e-04
4.517925155331481979e-01 3.019523887950492950e-04
4.521751470313073451e-01 2.178949234628676146e-04
4.525490013991604332e-01 1.608296988024716457e-04
4.526116859999937958e-01 1.925503602375214175e-04
4.530457581816589863e-01 2.570280344387678838e-04
4.532738160491915358e-01 1.622906905418766569e-04
4.535026264958564313e-01 1.941977965163105204e-04
4.541879577755305042e-01 1.714812630033324848e-04
4.554785191674199929e-01 1.742227185064155245e-04
4.558576354311096313e-01 1.359540927473768424e-04
4.560383923807426187e-01 1.477201203422196440e-04
4.563334652815236869e-01 2.126806949916148527e-04
4.569092204821320058e-01 1.881360464463993686e-04
4.569557923826013668e-01 1.269931479271608045e-04
4.576244786109270324e-01 1.737735511047220835e-04
4.576913650910767184e-01 2.147498995637880427e-04
4.579912616840348116e-01 2.143128455884739196e-04
4.582746554002217754e-01 1.747004233495889913e-04
4.587113206889715245e-01 3.308800413146317592e-04
4.595775828570282662e-01 1.873006002666676697e-04
4.603153882590530488e-01 1.459269821376029059e-04
4.603721482611510263e-01 2.070469993605061963e-04
4.609128215675356022e-01 1.987559681016757055e-04
4.609285909395983150e-01 3.250473257601491279e-04
4.614716506698492426e-01 4.138939340162835082e-04
4.615251635559337595e-01 1.953082023374931901e-04
4.622032011505063931e-01 1.544868370320727881e-04
4.623344213919839407e-01 3.175433212590885509e-04
4.648742332792270560e-01 1.551372820811757077e-04
4.657999567982309963e-01 1.184022122846865020e-04
4.658228834036537425e-01 1.872401091065608659e-04
4.659906774414829256e-01 1.574641171090904190e-04
4.666992046184975651e-01 2.334723994798302410e-04
4.667498667947136415e-01 1.933141681692310493e-04
4.676265990750235746e-01 1.525908306204452284e-04
4.680777957564851155e-01 1.888729005367835749e-04
4.683892146345037810e-01 1.831377918418892776e-04
4.687996096438712956e-01 1.473551243043408831e-04
4.689037586781335532e-01 2.503755757427792990e-04
4.689498571737781840e-01 1.574044104220404688e-04
4.689773466850135630e-01 1.353086385444792275e-04
4.697566750603627272e-01 1.401810282997844096e-04
4.700751473795513058e-01 1.638547470172158874e-04
4.701311000471175006e-01 1.735834648995125446e-04
4.706408880560361552e-01 1.712827889751383727e-04
4.711539721517222779e-01 1.335289303971093713e-04
4.714470550601072008e-01 1.558756831139998631e-04
4.721917985949872221e-01 1.466765672302912642e-04
4.722008816952644739e-01 1.275017906948450999e-04
4.737517718244016462e-01 1.410544072591357796e-04
4.737565134348987184e-01 1.394432087940391054e-04
4.739828569909610989e-01 1.557706604170801072e-04
4.744306562812580785e-01 1.201175148422478427e-04
4.750869720519699246e-01 2.180811204927546776e-04
4.753796578839162290e-01 1.344218914316999062e-04
4.754575122857508940e-01 1.209523184816101334e-04
4.756895074730815853e-01 1.271092697199253550e-04
4.770391137069979193e-01 1.395524915985492029e-04
4.772120480494203565e-01 1.527839866629860993e-04
4.774400275020798667e-01 1.269573493318737012e-04
4.775767802706025189e-01 1.186721677818667063e-04
4.777997209097592513e-01 1.259366564063639916e-04
4.782251954431077090e-01 1.116576833064696935e-04
4.786075125748401882e-01 1.730881566918258626e-04
4.786380331690481826e-01 1.780133925931564481e-04
4.789988379990818279e-01 1.347551199733705324e-04
4.813825851792816191e-01 1.251030818376908647e-04
4.817496697675219819e-01 1.839900447967199684e-04
4.831695327439777254e-01 1.557316460609763813e-04
4.835441357253396633e-01 1.785733821315638994e-04
4.837944212819122458e-01 1.512184691231285285e-04
4.854310990780889568e-01 1.154661751894245944e-04
4.859897317378297221e-01 1.473061152941508155e-04
4.867423071398702672e-01 1.517015545335031719e-04
4.879267060750024365e-01 2.225396704570470363e-04
4.879998483476734039e-01 1.733516131396808469e-04
4.881393744166974691e-01 1.312196299068172636e-04
4.884754823143112046e-01 2.608435160488407271e-04
4.885435723785828133e-01 1.097637397136296363e-04
4.887802761761601000e-01 1.431544425015428593e-04
4.888903709928933417e-01 1.805408451016288164e-04
4.889507033792190871e-01 2.508687691666271571e-04
4.893949934620001607e-01 1.336635447057042995e-04
4.899451623199790884e-01 1.317803293938456569e-04
4.900388296122444864e-01 1.556714774419816689e-04
4.902007035135175772e-01 1.358940823106261531e-04
4.913834056977579579e-01 1.757314745612665468e-04
4.915081847944094418e-01 1.411381042274204663e-04
4.916306461889057844e-01 1.433468498853861131e-04
4.919182737298945507e-01 1.561970540832522357e-04
4.923623176388508549e-01 1.056124389662496660e-04
4.925316654080440504e-01 1.674634984939131325e-04
4.927182873951836961e-01 2.369066646231325418e-04
4.929063877646506220e-01 1.309544473873850529e-04
4.944131878458035145e-01 1.570944523712299772e-04
4.948668913628556099e-01 1.382621919058297133e-04
4.952352383244547074e-01 1.219627616756693904e-04
4.952803424701187618e-01 1.211729894482656820e-04
4.955610289656627310e-01 1.053024893851956596e-04
4.956697521157544806e-01 1.046686481523762202e-04
4.973232446190570810e-01 9.153487468021990385e-05
4.983774625219332122e-01 1.639133113514180777e-04
4.993035899415377843e-01 1.237469570353196360e-04
5.008672180261298790e-01 1.000142621510713669e-04
5.015313730096596645e-01 1.623977554456487694e-04
5.015338148087707948e-01 1.357431419425440269e-04
5.024376618701128505e-01 1.077056954483664831e-04
5.028287545271412640e-01 1.190802567831080605e-04
5.030081222083970793e-01 1.660348219202906607e-04
5.037368203697832891e-01 1.290764747033543115e-04
5.042881281914315394e-01 1.167751766070655256e-04
5.060572845185120627e-01 1.064750201941386243e-04
5.069145430178153555e-01 8.740805406155984913e-05
5.072656172147318454e-01 1.029793033000231899e-04
5.073154974431780539e-01 1.028422092540438095e-04
5.076224317601472080e-01 1.128019064989375659e-04
5.079851849922125684e-01 1.182164658977951640e-04
5.082402438089823615e-01 9.733253197863304279e-05
5.089047010616435385e-01 1.231410270473059154e-04
5.089362706605821129e-01 7.898280944823821105e-05
5.093996909202115342e-01 7.635833794676992307e-05
5.095624545415181617e-01 7.868077485439235860e-05
5.098117174374564575e-01 1.233425776949915607e-04
5.100653572792209767e-01 1.277356228387137326e-04
5.102342978283379571e-01 9.536681642574770768e-05
5.104968077137173044e-01 1.296879348275884337e-04
5.109757844624104317e-01 1.038465552813130043e-04
5.112738335513979937e-01 1.329455749552718236e-04
5.114760262082924669e-01 8.017458509183261728e-05
5.116766955747573675e-01 1.014567495818142746e-04
5.118139801951979706e-01 1.031362805325934082e-04
5.126900024721338101e-01 9.611078762013463943e-05
5.130133405304647676e-01 8.888323092364516483e-05
5.132665828096908411e-01 1.039479733023688759e-04
5.133048186075991337e-01 8.315300786923742881e-05
5.144965256433594591e-01 1.256751081481037862e-04
5.154028081203780864e-01 9.953183295462722155e-05
5.154295258852016337e-01 1.131646106217955343e-04
5.156179549394922512e-01 8.251548148394408295e-05
5.164258945514171861e-01 1.155468628627823587e-04
5.169025688556110332e-01 1.336018952536239298e-04
5.176466105527282036e-01 1.289876721109756564e-04
5.177757636439631606e-01 8.258072554261272331e-05
5.180799415417278730e-01 1.489550367464360936e-04
5.183919860923242862e-01 1.325826793942733552e-04
5.184444282828636341e-01 1.218791752625819977e-04
5.185423525440192583e-01 1.082449315602899287e-04
5.191757406124100083e-01 2.324234261177936863e-04
5.205863834963230241e-01 1.148692324823656619e-04
5.209138807409910976e-01 1.033928712667989982e-04
5.211233716258613091e-01 1.356253542890416839e-04
5.216184843118937264e-01 2.099198006815322323e-04
5.239538753343893074e-01 1.038475435716402107e-04
5.249689081596055074e-01 1.730130130808349637e-04
5.249809264913437579e-01 8.171160074430856455e-05
5.253739968925573711e-01 9.823701861453364918e-05
5.258781042497812086e-01 1.120949944605065382e-04
5.260834654645420994e-01 1.109954632829017912e-04
5.272153881412857679e-01 1.054384001106662810e-04
5.273818893034870614e-01 9.319914667160442720e-05
5.286128309164959127e-01 1.019326493779882710e-04
5.287287031464803500e-01 1.016211019187955551e-04
5.292354295160091038e-01 1.153514556503643096e-04
5.298316049082888446e-01 1.418970889010810635e-04
5.316533934763281177e-01 1.037871570404231468e-04
5.320704460484853016e-01 9.745726009493584920e-05
5.320946768332451837e-01 7.159155875252123382e-05
5.329330186895081534e-01 1.069730114862914853e-04
5.338312627366967877e-01 1.169988901899657611e-04
5.344905876555992030e-01 8.775239164238381629e-05
5.346880274612193507e-01 1.005051958469443621e-04
5.356779798114085223e-01 1.018116066939472013e-04
5.357209502296396142e-01 1.665610466208517306e-04
5.359001395798476119e-01 8.738830025274155818e-05
5.361071420804682797e-01 1.019901143242633038e-04
5.364655764555037454e-01 8.798251776795292791e-05
5.365327601667930768e-01 8.472603376067095046e-05
5.366145023112015577e-01 1.152517107431674841e-04
5.369269688438065291e-01 1.059328418549893399e-04
5.371567797837839553e-01 1.044890064171686851e-04
5.373369034854864612e-01 1.147654244256994093e-04
5.376824850936852140e-01 7.562010854187580238e-05
5.378275935744868397e-01 8.119748553666750071e-05
5.378945976058585599e-01 1.099225650716513449e-04
5.385275277230119340e-01 7.869900836327364227e-05
5.386600934577029376e-01 1.083252904815822597e-04
5.394040067638004032e-01 1.077285487107255746e-04
5.396794230183948882e-01 6.978808928858823164e-05
5.405580315676388192e-01 1.459992225361501613e-04
5.406713247656644850e-01 6.941109572894796538e-05
5.409369706373813314e-01 6.151705812385630109e-05
5.412821569300898528e-01 6.463336836689975739e-05
5.417290942215371441e-01 6.163219479408331121e-05
5.422596190129642668e-01 6.679500934684487197e-05
5.424895157387127353e-01 8.250535701346250474e-05
5.429710668763741976e-01 8.663910110448476464e-05
5.435117473562559587e-01 9.027274371891347261e-05
5.440321461862611674e-01 9.966429425870984647e-05
5.445933469318922082e-01 1.047791936768665172e-04
5.449477909881200732e-01 8.523951269959580612e-05
5.459949613502715904e-01 7.728083192638710551e-05
5.463268216143621903e-01 7.042756412707148084e-05
5.468362153894059663e-01 9.366141332372833494e-05
5.469647953498204540e-01 8.012549781629896219e-05
5.472170890118310815e-01 8.682800445755967686e-05
5.474982893023220276e-01 1.215111030272550039e-04
5.479436583672049332e-01 1.166183901649032751e-04
5.481796148508444322e-01 7.697561507736134503e-05
5.482262875710232075e-01 7.037837696612911148e-05
5.489430204071406028e-01 1.269015703888911044e-04
5.504176146074073461e-01 9.177748910926875113e-05
5.507814794295301519e-01 1.771219722054136680e-04
5.509599727406550018e-01 1.142884982192947325e-04
5.511794491025630016e-01 8.925741968976483689e-05
5.512419625483950814e-01 6.908583247834987925e-05
5.513159045876188102e-01 8.667673628769900437e-05
5.513433992325372790e-01 1.042535021456356662e-04
5.521557956474588691e-01 9.312647432390867104e-05
5.527471286954056540e-01 8.980397613099246328e-05
5.528836515274281327e-01 1.532320514775643166e-04
5.555850684693763863e-01 5.970521219609045666e-05
5.560775658836613067e-01 8.760244890427404266e-05
5.568863836737193429e-01 6.976387923623736755e-05
5.578300743096220593e-01 6.251605295755198141e-05
5.578660235870087636e-01 7.821145602863480378e-05
5.588687813694657169e-01 8.255375349704616411e-05
5.593573251954633285e-01 1.027407844098340254e-04
5.594547989192192317e-01 6.688000519527759506e-05
5.598247169789415389e-01 7.898058676093327709e-05
5.602698200610908286e-01 1.001009664201378248e-04
5.604356189969285085e-01 7.827208845249741397e-05
5.608775550391977838e-01 7.519192925275383881e-05
5.610888219368227459e-01 8.408937507662846177e-05
5.612824151483782886e-01 8.718840015792053157e-05
5.615911398270496679e-01 8.807305938719017476e-05
5.618043883878820477e-01 7.592610287946960996e-05
5.618658963995425415e-01 1.057373896157120288e-04
5.622173332037712079e-01 1.081095361301078969e-04
5.626926444677278205e-01 7.000860667316723986e-05
5.656507559565255860e-01 9.578959406671170380e-05
5.659015040176124112e-01 1.183481850060118793e-04
5.660782275936210306e-01 7.769635742064179903e-05
5.661868728770714787e-01 7.158645864468431293e-05
5.672180557763574216e-01 9.036754274267106129e-05
5.673482516971708467e-01 7.160276121395636685e-05
5.674166130806215236e-01 8.048191332351698520e-05
5.678115731709101333e-01 5.614644478285377789e-05
5.681631165602956113e-01 7.213494744673282818e-05
5.686109887557367903e-01 6.917249975309771790e-05
5.686346504971229177e-01 9.593159191500487154e-05
5.693817946253489914e-01 7.151446222436810829e-05
5.697746176866913537e-01 7.516419548055852586e-05
5.702474167638087454e-01 5.439528734613406624e-05
5.717109798429461653e-01 7.735165253846411186e-05
5.723434131432673100e-01 7.382542429525992920e-05
5.725401026267861182e-01 9.022759663435349668e-05
5.726571745647838219e-01 8.127000188283365083e-05
5.727859691603058856e-01 7.071961403168114434e-05
5.731496330661393079e-01 7.287982648465155520e-05
5.734611956949179357e-01 7.917474815370489308e-05
5.740773214470061836e-01 5.960829729515012968e-05
5.740930650819016101e-01 5.650733929427198548e-05
5.745501615191520584e-01 7.904011230707161720e-05
5.749070690657969163e-01 5.869068498077776902e-05
5.758816420030434813e-01 6.699904265893684853e-05
5.762061523546339048e-01 6.296173267989332780e-05
5.763721938433681302e-01 6.253894790436687317e-05
5.764664754812282021e-01 8.043228243794167827e-05
5.764719684240823261e-01 6.200891944233808155e-05
5.770961118787083510e-01 7.636996906447543389e-05
5.773157914296767057e-01 6.798924730046992666e-05
5.777772312147743117e-01 6.460383435784730285e-05
5.779945386487498338e-01 9.889118451924081455e-05
5.791074651247717364e-01 5.172468424146023234e-05
5.801627966552621585e-01 7.017651257618168139e-05
5.816513106014880030e-01 7.399967586726591544e-05
5.822362115928596538e-01 7.254390083650468868e-05
5.827292780781706538e-01 7.977788903801379908e-05
5.832948359381583403e-01 6.956144941400887625e-05
5.847710448718632659e-01 7.544675672385144994e-05
5.848478553366207588e-01 8.113182930621631601e-05
5.856282791070668292e-01 6.016135108692841874e-05
5.856513802273161096e-01 6.604710324749666576e-05
5.861732947015562134e-01 6.067251975182368356e-05
5.868410897987650365e-01 6.085614515785560597e-05
5.873214342612425032e-01 5.725427357071945418e-05
5.873492229212667892e-01 7.652359693492961315e-05
5.874425673070233778e-01 5.976263723151720197e-05
5.880535559498358822e-01 8.185277557465567440e-05
5.882420684796050292e-01 7.296874766669829795e-05
5.886179684464969419e-01 9.293263094668588627e-05
5.892888595167795618e-01 6.618813412670843490e-05
5.895387488776017149e-01 6.921755132058560460e-05
5.896134434652889889e-01 5.305487021191205508e-05
5.897622505500843548e-01 4.918141733414663344e-05
5.906724124512647833e-01 4.815230907134654165e-05
5.917934907503705766e-01 5.499698051356840948e-05
5.923095173177231887e-01 4.606467029789359071e-05
5.925620009991445780e-01 5.044023502428547921e-05
5.927859541242852526e-01 5.726732817687648117e-05
5.936746157796962686e-01 6.174986127345651965e-05
5.937918778479017723e-01 6.077587784464496390e-05
5.943412072941561819e-01 5.038482363237317067e-05
5.943866522741996228e-01 6.328949456929236310e-05
5.949146963903134688e-01 4.939711389909999203e-05
5.951748072455198546e-01 1.039136609627752949e-04
5.952085326327495318e-01 5.669579937076778562e-05
5.952461590651362267e-01 5.128070014636416788e-05
5.965461075710263295e-01 4.425559081325516686e-05
5.968408502236520752e-01 5.646629047562603989e-05
5.968588298773280787e-01 6.624326859029885570e-05
5.969646315625698474e-01 4.910907608505362906e-05
5.980832404588196649e-01 5.381670413653040171e-05
5.985840167433122971e-01 6.547946301992074540e-05
5.989567269065070310e-01 6.855997228223140269e-05
5.997999421866092584e-01 4.330327678201360413e-05
5.998151130127876707e-01 6.224862063417987664e-05
6.000075611235463624e-01 4.072097998691396833e-05
6.001580985168700755e-01 6.449512284254468777e-05
6.006665772214886401e-01 5.172491786506873499e-05
6.008423585893345464e-01 6.934086787747647878e-05
6.012376216866346379e-01 5.175686986541386134e-05
6.022200872146187267e-01 8.208600311966174172e-05
6.022336394596775611e-01 6.839004786713256750e-05
6.026029414208005086e-01 5.693041304516135916e-05
6.031087543811024521e-01 5.987934799580993715e-05
6.033766049530936426e-01 5.697141158611261814e-05
6.037312693685534803e-01 4.676503423376469828e-05
6.043584157635424337e-01 4.779793486568011828e-05
6.048748554089468099e-01 5.970830709844737809e-05
6.054750125189608534e-01 4.174711254874562431e-05
6.062583948189468330e-01 5.851044798522819199e-05
6.066146804698414607e-01 6.919675450049092688e-05
6.067945605426388056e-01 5.764266943799649314e-05
6.071926781575014420e-01 7.617032559927246259e-05
6.075681224935561842e-01 7.140999247337525928e-05
6.085222083969780149e-01 7.218560849167127624e-05
6.093684610196863360e-01 6.652748438734381556e-05
6.107751509573999815e-01 5.002710514624512521e-05
6.120055416652410152e-01 5.602390146067410154e-05
6.120106779786658180e-01 5.430400956169486085e-05
6.131268074675444435e-01 4.201653527259062763e-05
6.139489216367057800e-01 5.712479369897972619e-05
6.141067686882644150e-01 6.295972926802962278e-05
6.146257948508985214e-01 8.201741207690339992e-05
6.151426061539477796e-01 5.610948647108360483e-05
6.155272002969365275e-01 8.204051330659803973e-05
6.163304284024702095e-01 7.195528471148782287e-05
6.177084643830286215e-01 6.099999397124170237e-05
6.179316425809666669e-01 7.441066696158330721e-05
6.180368479655228287e-01 5.165562872501887830e-05
6.187281835583408052e-01 4.269918570767361666e-05
6.193639363096707928e-01 4.565805772171069391e-05
6.194955730847774289e-01 4.706981221430719682e-05
6.195476757548964430e-01 4.848431251336902947e-05
6.198991099765606139e-01 3.744968884481512575e-05
6.203496495809828204e-01 4.535007866017140538e-05
6.211643969576483570e-01 4.064623482592397504e-05
6.212879004092062285e-01 3.512179972552180565e-05
6.218966310283328136e-01 4.376496527529977150e-05
6.220655775036239010e-01 6.207992789350751280e-05
6.221208882074630298e-01 4.519736079297273555e-05
6.224377869623300974e-01 3.983056161476154885e-05
6.225503391726013858e-01 5.131217666916445879e-05
6.225572496701572422e-01 5.131537370223081447e-05
6.230968591037696624e-01 5.044433269581425077e-05
6.235175846052851689e-01 5.155773266701190019e-05
6.242632547706810087e-01 4.730799650692150819e-05
6.254869606644199997e-01 4.208864113226696045e-05
6.268275937364260475e-01 6.696011852648040149e-05
6.280067856268931603e-01 3.944698395078065676e-05
6.281791970214622989e-01 3.829094662653386111e-05
6.285108504704775001e-01 5.186666210079456124e-05
6.288754098256860159e-01 4.342849872494057524e-05
6.295600188776094841e-01 4.216780486415805336e-05
6.301054276253504893e-01 5.575812594433824136e-05
6.304000051414782035e-01 3.950421622158344369e-05
6.304620799581341917e-01 4.030344272888452877e-05
6.312302633327065982e-01 5.232521453318864286e-05
6.326713407306008286e-01 5.540215090986227965e-05
6.327584665762396865e-01 4.537762714226721122e-05
6.339790893802820237e-01 4.851120950767391518e-05
6.350136896993230362e-01 5.775795160598604338e-05
6.365342671566407429e-01 4.542775521330372218e-05
6.366696818004237146e-01 5.317204532967645294e-05
6.370503857164709904e-01 4.525476153025760639e-05
6.379040099167738731e-01 6.172634751561762616e-05
6.387600949681069284e-01 4.286125383294847038e-05
6.393512385819254407e-01 5.936122745312422296e-05
6.399376702082421042e-01 4.725893215621418343e-05
6.404117041497223717e-01 4.817282446688775176e-05
6.409628490983986238e-01 5.475735058271813394e-05
6.409679951461551006e-01 4.410661653665761133e-05
6.419679547465545477e-01 5.125712236680765279e-05
6.420615710276210697e-01 3.979542079755795937e-05
6.431560039251601468e-01 4.850882514104554166e-05
6.432307287577571087e-01 4.241736357147569785e-05
6.433133812880994507e-01 4.277681269437439430e-05
6.433472176266823439e-01 3.523170816260424949e-05
6.436933302282331626e-01 6.045075385183404392e-05
6.442525447676088479e-01 6.317782895852218177e-05
6.463846289858851124e-01 3.604553216264211649e-05
6.465436833169706521e-01 6.457940290784216001e-05
6.478748054865812733e-01 4.257237284270812164e-05
6.482608059610607265e-01 5.052498565753102346e-05
6.484579192950907789e-01 4.983427773160281610e-05
6.493047327253270717e-01 3.923370400996001079e-05
6.495224227313848298e-01 4.729907331801247764e-05
6.496830879063931752e-01 3.391141176131823288e-05
6.505085427399713849e-01 4.313369018609600084e-05
6.514570566388685480e-01 6.014557494695159422e-05
6.519753311290994446e-01 3.969060106242966739e-05
6.527576738512342880e-01 3.892012529919322837e-05
6.540966240434222811e-01 3.571159036280096026e-05
6.542793908746284970e-01 6.733195948327292649e-05
6.543848301669731304e-01 4.807535748701648680e-05
6.548514626652602866e-01 4.299869401833906536e-05
6.549346277326848487e-01 3.542501456107000161e-05
6.553324160243281238e-01 4.395296721826827510e-05
6.555850163207893599e-01 4.259060927503994267e-05
6.558186308767921524e-01 4.469023619231303658e-05
6.559821717221016035e-01 3.843928879283481592e-05
6.571513402117911129e-01 4.426905497543699621e-05
6.579998155636662682e-01 4.160656720827232908e-05
6.580467395110262130e-01 3.487551506585581836e-05
6.583741743360499443e-01 3.370756864337196739e-05
6.595267376533078263e-01 4.381801250155336740e-05
6.618483485636514896e-01 4.192816016784642937e-05
6.619117050050412621e-01 4.648318274873962537e-05
6.631802575148093570e-01 3.800715616248371859e-05
6.635162164507597549e-01 5.586313369746865427e-05
6.639393147272406592e-01 3.807851827604280689e-05
6.642659743605362488e-01 3.696870034965900613e-05
6.643661954943038683e-01 4.433426030117170960e-05
6.648487638912186082e-01 4.607776393895865474e-05
6.648527548824987310e-01 3.309661642435208313e-05
6.659568626904089905e-01 4.825829584283011011e-05
6.669032673695440838e-01 2.998481858959511182e-05
6.675403562371012844e-01 4.090661021857732604e-05
6.678512438956716313e-01 3.211761975977423975e-05
6.687025633410282888e-01 2.692709670438864580e-05
6.693372985035275224e-01 3.314651468189569201e-05
6.693994369083323681e-01 4.905801350530816963e-05
6.698710063893545952e-01 3.148926853016621177e-05
6.706083144815649932e-01 2.839486159271103189e-05
6.706385790656572699e-01 3.411672535126204233e-05
6.707232351640399770e-01 4.021115498735898438e-05
6.714757218418027085e-01 6.557157982346922592e-05
6.715049259711147744e-01 3.090834074986729025e-05
6.717415687091561338e-01 3.870232675742736622e-05
6.727296538866464060e-01 3.597754334327340028e-05
6.735572320831200166e-01 2.980448345372927065e-05
6.737125127430034777e-01 3.039356918296816127e-05
6.738702253959969468e-01 3.223735476226537107e-05
6.743882509297933758e-01 2.829950100905077921e-05
6.747063875108412212e-01 2.745744068261824329e-05
6.750399913871588664e-01 3.737015302708890125e-05
6.757792720496433869e-01 3.012634962397384478e-05
6.760433644759544780e-01 3.512233425325312779e-05
6.776858687255644664e-01 3.399305583819496661e-05
6.779161763286880582e-01 4.185106207345214852e-05
6.804833234765673700e-01 3.488595270813250665e-05
6.809729329125553399e-01 3.403563768483612378e-05
6.812188731341646264e-01 3.269791967026232393e-05
6.812668909154875330e-01 3.980300155418071219e-05
6.812760621549185380e-01 3.139517185885580726e-05
6.816965856149495018e-01 4.152024881620976454e-05
6.821726683226247978e-01 4.135323020013066773e-05
6.825154269295898857e-01 3.865356853124042759e-05
6.828462885298030027e-01 3.743604121723749392e-05
6.830064152686792234e-01 2.309903132623332853e-05
6.848058525330479318e-01 2.493485234199876421e-05
6.849543320859116102e-01 3.691055689378147989e-05
6.854697663460519452e-01 3.903792022619724403e-05
6.856301871564246531e-01 3.582031685500443904e-05
6.864076695363533487e-01 3.176680620474263417e-05
6.871330964951527509e-01 3.210052780893082614e-05
6.873799714653646697e-01 3.093657597433444658e-05
6.902296147405910798e-01 2.846136072389798778e-05
6.903601442129884136e-01 3.050614250329211768e-05
6.908796165482011808e-01 3.425882420602823885e-05
6.911249335208127231e-01 4.117943714646771279e-05
6.915690917708998686e-01 3.211684247428764756e-05
6.920064319228138583e-01 4.501569931602140669e-05
6.934276103770368183e-01 4.026112471218096402e-05
6.934847269314613483e-01 3.794927369860545859e-05
6.947349963790593330e-01 3.185569969706726612e-05
6.968324590138861296e-01 3.111897064047771126e-05
6.969433434748983913e-01 2.963433269778804186e-05
6.971158261715683091e-01 2.652919472416389321e-05
6.972263630554165204e-01 3.195384371908374492e-05
6.972696946603664792e-01 3.763322031993809202e-05
6.973182140164571052e-01 3.247066553498580442e-05
6.985807824005978439e-01 3.007659674129888668e-05
6.986220254187177625e-01 3.040218228355270791e-05
6.986333350364529737e-01 3.232383234409766631e-05
7.003962899675693077e-01 2.327675480277252264e-05
7.006039693396867163e-01 2.510859079921814213e-05
7.006704299687258608e-01 2.881978463566724346e-05
7.007188688294572199e-01 3.028570951515967364e-05
7.008896722070220298e-01 2.690540112852254966e-05
7.013974185324410859e-01 2.386995550021606295e-05
7.015837650892136068e-01 2.888512235742286119e-05
7.036876685263163678e-01 2.670040175855020043e-05
7.037385994444930182e-01 2.553957926272692767e-05
7.051867492487435829e-01 2.694065048024749221e-05
7.054384614782870377e-01 2.462419780969048904e-05
7.055078568430439567e-01 2.305894973820995342e-05
7.059495921416172326e-01 2.720275684164699285e-05
7.060974820729020163e-01 2.461235582191712807e-05
7.072544907818318904e-01 3.148108248991037526e-05
7.075418231221499710e-01 2.363711721535158189e-05
7.076137770150259243e-01 2.694117769214215378e-05
7.089105470303584955e-01 2.435390125545461347e-05
7.091807039559967496e-01 2.822410262702279536e-05
7.092183528140686422e-01 2.524608208019267098e-05
7.106616638910111527e-01 3.060689703780779513e-05
7.110118190875476252e-01 3.160151310084937016e-05
7.115242207366055949e-01 2.987021634786568209e-05
7.116144165672404487e-01 2.574974023482764116e-05
7.116965230145350096e-01 2.571439206646754995e-05
7.125704934870997764e-01 2.684263088560860799e-05
7.126195122315944763e-01 3.403062929614251021e-05
7.126652705642299024e-01 3.049169504824858007e-05
7.131025841260628662e-01 2.582088924110452198e-05
7.142853768511181478e-01 2.611803509228535300e-05
7.147481096334650230e-01 3.156028361080110648e-05
7.158749737386130851e-01 2.633634950687783230e-05
7.159927345888742467e-01 1.884144109651816196e-05
7.162912223553237201e-01 2.313726786441633603e-05
7.169477364386761531e-01 2.181682191258070539e-05
7.172256436874950847e-01 3.011836867313424254e-05
7.173064597776763751e-01 3.292289024820364759e-05
7.173731077184387628e-01 2.339786165394451773e-05
7.191370424683373175e-01 2.890147650337993596e-05
7.198930875153145559e-01 4.055809663685577832e-05
7.200070695278331101e-01 2.748749953462839685e-05
7.216488350708319954e-01 3.909058368015803925e-05
7.225687090152300707e-01 2.733894654004284625e-05
7.227851225274166680e-01 2.336747489414564655e-05
7.232135824586801709e-01 2.458792531641203793e-05
7.232683887959989733e-01 2.982919789566672365e-05
7.244234834063500994e-01 2.810970345117256466e-05
7.251954254672794420e-01 2.933098379911689758e-05
7.256042177600172671e-01 2.850766177593645227e-05
7.259357966376264182e-01 2.370625618938222842e-05
7.261407607736998226e-01 3.420770082975737941e-05
7.265096631571342778e-01 2.248925761980479616e-05
7.274542084333209813e-01 2.128254536445342666e-05
7.277701154182861787e-01 2.084469722552650221e-05
7.285532083953519811e-01 2.397242695661560424e-05
7.294866667138510952e-01 2.070005646403596996e-05
7.298092291470640314e-01 2.710297315641864094e-05
7.303255629432278129e-01 2.223762274091067162e-05
7.309304911790807102e-01 2.286280883546609497e-05
7.310706543644350797e-01 4.391270672400485431e-05
7.313034458521998626e-01 2.309658784323496961e-05
7.319653522438951398e-01 3.020333875182193431e-05
7.321393505028560567e-01 2.446902945631519702e-05
7.324299961434120876e-01 2.319687458065499395e-05
7.325262621872782320e-01 3.013688874665961068e-05
7.335798611942818681e-01 2.595649206735168186e-05
7.344721092914833216e-01 2.763717967101715910e-05
7.350437238689443431e-01 2.834994936762623292e-05
7.351829478374579674e-01 2.469916085956987126e-05
7.357262779560199695e-01 3.358554960604303381e-05
7.368203518988180045e-01 2.546304213873043225e-05
7.382413040020252559e-01 2.985196232382598548e-05
7.396861723626713125e-01 2.918679189026170928e-05
7.403642781308242826e-01 2.952911746107783939e-05
7.433689879326607075e-01 3.503769170173572122e-05
7.434885682781393612e-01 2.296887068974751196e-05
7.445604805247877378e-01 2.742569073178818893e-05
7.452416826492909152e-01 2.359177295634566287e-05
7.453932865477622682e-01 4.378420303394320030e-05
7.467866853571391017e-01 2.152403608900223874e-05
7.472380139366753271e-01 2.269138338749790302e-05
7.475089176921541068e-01 1.836325739239100781e-05
7.485791513535073882e-01 2.216257860954526477e-05
7.487273604248738668e-01 2.291585723375833634e-05
7.487877075353092104e-01 2.069287139757311860e-05
7.495566176370814793e-01 1.911205392666203448e-05
7.495578495939991814e-01 2.328412572661527533e-05
7.507111552539782462e-01 2.091754933313022302e-05
7.511516638975190840e-01 2.232161455326139737e-05
7.514125086116977270e-01 3.119138579950115118e-05
7.517528549777428015e-01 2.377158233992260095e-05
7.517660926583733527e-01 2.089151046444052029e-05
7.521304033591583726e-01 5.943951991423905291e-05
7.524582061422449009e-01 2.393348779374118319e-05
7.532519127214294397e-01 1.942926176572363947e-05
7.534879015896807086e-01 1.673152136631156627e-05
7.545629612858438806e-01 2.855121690097903140e-05
7.547669858875918347e-01 2.270438161961763204e-05
7.558698703376164341e-01 2.511524028407838329e-05
7.560547998006053039e-01 4.216872777086412154e-05
7.561402935010578252e-01 2.806657184830375817e-05
7.575653171760002857e-01 1.891268770838205345e-05
7.581219598077791888e-01 2.819395915857147539e-05
7.583171347735535583e-01 1.863655568106272370e-05
7.585867675795706644e-01 2.103386196169479983e-05
7.586574037077420396e-01 3.078935266660141326e-05
7.595105884791291118e-01 2.470014040499418086e-05
7.597291567102678611e-01 2.363166798440195118e-05
7.603270275693778668e-01 2.104810772343349142e-05
7.615064723213419429e-01 2.606108952934016912e-05
7.617917483618981134e-01 2.066047505016259023e-05
7.624509780482532362e-01 2.519361032566614286e-05
7.632756435079642854e-01 2.349902277651356482e-05
7.633857543452094996e-01 1.907343210896932185e-05
7.643898041060974702e-01 3.782068819730723380e-05
7.658476944726746449e-01 1.957470833698756474e-05
7.658757683173216257e-01 2.364293753961282341e-05
7.661549636025253296e-01 1.899815471983165276e-05
7.661931551958053310e-01 2.796632924353238700e-05
7.666754083089438732e-01 1.944863791933456492e-05
7.677635474764807899e-01 2.376790602395809616e-05
7.684073114030555152e-01 2.057223704830008924e-05
7.688440461713199614e-01 2.124300796282041539e-05
7.696758863102987069e-01 2.162483911895725635e-05
7.709376010030707382e-01 2.162160662796484953e-05
7.715482913994924363e-01 2.081669958552106309e-05
7.717561638439262017e-01 2.442787557876144330e-05
7.718092880173325065e-01 2.091784488759696061e-05
7.726387227089152043e-01 1.557333024373764135e-05
7.731261970804419459e-01 1.866459959727189430e-05
7.731432738875992916e-01 2.222499785504941609e-05
7.736101639899228832e-01 1.781154594731534653e-05
7.742958625247620130e-01 1.300270103515949004e-05
7.744747750643907747e-01 2.171439510215172924e-05
7.752822768539061604e-01 2.000879914713048812e-05
7.753542436723134257e-01 2.520906043041878537e-05
7.754785676829236696e-01 1.815451115274650898e-05
7.756174082726597918e-01 2.174077218983956559e-05
7.773984408554783787e-01 1.779173433891581975e-05
7.785957618613934539e-01 2.074151112285533373e-05
7.786560283680897809e-01 1.672611256659750794e-05
7.787514921866129924e-01 1.848356441700233817e-05
7.790058722732774443e-01 1.762359964075108920e-05
7.799253012084217396e-01 2.018866172545844589e-05
7.800734514941287667e-01 1.906839702826441918e-05
7.801104134529844858e-01 1.625254405011516276e-05
7.811695839407604147e-01 2.356899975409818102e-05
7.823067974049082718e-01 1.716391021200869849e-05
7.828661260511399211e-01 2.202580796725066403e-05
7.841784363714308093e-01 1.721714173226863317e-05
7.846296387476262568e-01 1.647865660738090406e-05
7.851380127293188238e-01 2.415572205620753089e-05
7.851639630553475246e-01 1.726235920904323578e-05
7.852853719332025806e-01 2.075733940330761460e-05
7.856992922276399005e-01 1.713952410231708715e-05
7.858995120916202337e-01 1.972992665271675874e-05
7.870610472834002058e-01 1.729435748716653135e-05
7.878589607385889648e-01 1.834725617548668610e-05
7.890217027318143783e-01 1.755691477321117601e-05
7.899377624629423389e-01 2.820181712077688780e-05
7.901316251622427789e-01 1.792810613006718277e-05
7.902903615128528125e-01 2.018923544441350031e-05
7.905377474198118648e-01 1.958450102279273979e-05
7.913106941897285473e-01 2.131815119853747002e-05
7.924696291615470622e-01 2.339382595360706764e-05
7.934330636555424476e-01 2.112900061403071803e-05
7.934511048845709347e-01 2.087011148846857486e-05
7.937145257060383985e-01 1.637718931803051360e-05
7.937270781950092058e-01 1.931700468022506419e-05
7.937871885463800847e-01 2.062795601933462071e-05
7.939705267886203455e-01 1.610306898223231187e-05
7.956030167142204013e-01 1.641784059491839488e-05
7.960900696307915414e-01 1.711305287119537104e-05
7.963583971260662642e-01 1.389600978844926199e-05
7.964909668623865180e-01 1.819074273721910676e-05
7.970224971249662005e-01 2.644021171959983355e-05
7.971310621143764541e-01 1.611166773459173584e-05
7.971648072674255570e-01 1.550961318101035495e-05
7.974658690407688821e-01 1.813185417067945889e-05
7.977315461637602967e-01 2.267861224208681680e-05
7.978534254076943277e-01 1.750380381426708864e-05
7.978990805312655699e-01 1.947146616947314438e-05
7.980432517501576672e-01 1.731204508238589325e-05
7.982248345214514318e-01 1.657676153401719377e-05
8.002958934241598543e-01 1.824923039668827722e-05
8.005237640453378711e-01 1.609276132184794190e-05
8.006948656346596360e-01 1.764958907740324406e-05
8.014007667150648828e-01 2.108534057406062084e-05
8.026336304043709680e-01 2.175879530843518464e-05
8.038613183139980967e-01 2.123383076392752118e-05
8.047418666865268078e-01 2.256501719199351729e-05
8.052242215538107928e-01 1.596772794721111055e-05
8.052501036247446953e-01 2.403800961536892172e-05
8.062545644724433691e-01 1.401754589607744982e-05
8.064015207340867741e-01 2.377545853327631218e-05
8.076045215073440753e-01 1.750518262045958968e-05
8.080824939637868409e-01 1.894836769752189401e-05
8.082845099831105218e-01 2.374208841074610830e-05
8.084823245947586612e-01 1.855916551045861301e-05
8.098482586546869033e-01 2.175447226248681970e-05
8.100302202029320275e-01 1.854656387901657089e-05
8.106720717648225882e-01 2.005902884899947534e-05
8.108953477732223636e-01 1.934357114729482445e-05
8.121364001494081331e-01 1.930128818443073286e-05
8.123767658615624887e-01 1.795393604725893560e-05
8.127936521253688040e-01 1.627205505804299693e-05
8.139707107245341966e-01 2.241601377165908593e-05
8.156939450659772550e-01 1.631348152770445038e-05
8.161079433423614748e-01 2.231834711416193985e-05
8.172990763978954520e-01 1.788270056377335668e-05
8.185009972670072020e-01 1.695995262404297795e-05
8.189387772598113457e-01 1.547539202739657159e-05
8.191211715773750734e-01 1.422065426238926538e-05
8.191359222166741949e-01 1.005227671403263650e-05
8.194780644489338961e-01 1.954179382534352414e-05
8.195131511347550912e-01 1.719367490620079048e-05
8.198536750857581268e-01 2.204261019829083853e-05
8.201335867018996195e-01 1.800504920364894864e-05
8.201963724688274837e-01 1.291540034631773839e-05
8.208086600628047291e-01 1.356063766671823848e-05
8.208680210989839354e-01 1.762020430718703413e-05
8.211087371568995819e-01 1.939778674162353323e-05
8.217580377682635051e-01 1.741855439545498399e-05
8.238071382259232189e-01 1.316264353665685069e-05
8.240745084916937246e-01 1.718519166948974383e-05
8.241409471432510347e-01 1.421510386150368390e-05
8.245005822951931851e-01 1.857513093597144041e-05
8.247333489336453605e-01 1.678430296252487319e-05
8.255873476558692747e-01 1.838606969404204459e-05
8.262066457350737414e-01 1.873954455572839905e-05
8.272113958580636917e-01 1.881873298016016770e-05
8.276923402193263613e-01 1.466251114740587331e-05
8.277236324767978104e-01 1.709440757681157078e-05
8.277420969939177642e-01 1.765390100392816262e-05
8.278589347807392418e-01 1.398857083692287360e-05
8.288497808735906247e-01 1.788936527899994677e-05
8.293362358709853721e-01 1.477813898077625526e-05
8.304448892867424270e-01 2.186608056781669401e-05
8.321534669704349074e-01 1.641114688633058544e-05
8.322528347895503664e-01 1.651914092682686124e-05
8.324073574054579039e-01 1.780257637901921960e-05
8.328092041076859964e-01 1.871701183359679289e-05
8.333063008640155811e-01 1.284518805804719238e-05
8.355740402001750056e-01 1.213711117334325925e-05
8.359849638565314267e-01 1.813556931666023987e-05
8.362912934756880912e-01 1.445174539687361875e-05
8.366046374483017134e-01 1.494680300301838715e-05
8.367019427409210230e-01 1.343509078999317817e-05
8.370901484580298701e-01 1.708536413301574904e-05
8.377035219796437060e-01 1.187841174654756159e-05
8.379173407572648724e-01 2.159483942682547764e-05
8.383534701548138734e-01 1.371161358807533245e-05
8.390275708950351019e-01 1.161614346197320575e-05
8.401230426317439770e-01 1.581670703943160598e-05
8.402215092242706351e-01 1.288281897876504497e-05
8.403335834026651741e-01 1.195757989137795254e-05
8.411967012127460341e-01 1.870687368152030536e-05
8.426857062355057604e-01 1.225202159639266220e-05
8.427119888958162219e-01 1.398912584653546752e-05
8.428937148292074966e-01 1.828492375092613398e-05
8.429314127247214961e-01 1.791118872993514112e-05
8.432487424787672436e-01 1.750929960023378664e-05
8.433253772577181673e-01 1.596072258016394290e-05
8.452546170197620112e-01 1.591599583076671397e-05
8.456026236994216294e-01 1.455345280455365629e-05
8.457708834920119045e-01 1.773929651909833492e-05
8.460451096659853398e-01 2.119163085296618698e-05
8.471569655686228550e-01 1.508489029642816132e-05
8.471882754602567678e-01 1.862641319694481707e-05
8.473553413628372999e-01 1.109160245506229243e-05
8.485384734383595307e-01 1.829452242722501352e-05
8.497353090104210471e-01 1.901241899942548102e-05
8.499403902920831255e-01 1.355889695563747612e-05
8.499757627325960074e-01 1.359230051142007087e-05
8.515290969828169798e-01 1.601055971368097589e-05
8.515996033796283671e-01 1.424484393986624769e-05
8.533162350938319207e-01 1.136847072219968375e-05
8.536656927692041208e-01 1.648787222224493352e-05
8.541001133429900749e-01 1.710873075483545374e-05
8.570372314219367738e-01 1.777698640663667680e-05
8.574946770213978109e-01 1.388826247619076909e-05
8.577196632619157324e-01 1.708186683844100439e-05
8.584952503433465054e-01 1.479513933821116044e-05
8.595654272561682463e-01 1.464651169234331932e-05
8.603507278666351343e-01 1.514491690499555250e-05
8.605194743913165967e-01 1.687015009080177245e-05
8.605613702901112605e-01 1.620348583001471424e-05
8.617025125568446020e-01 1.482660128861469358e-05
8.620291695421543610e-01 1.420011638339389534e-05
8.632157838995052623e-01 1.372022443960622717e-05
8.632265530205506243e-01 2.542312503537127151e-05
8.637738371797700765e-01 1.657129946090195224e-05
8.645786900636164285e-01 1.644611762329036803e-05
8.653143083745115094e-01 1.474041186739481508e-05
8.653708353001531295e-01 1.728448073711640791e-05
8.657527059210158304e-01 1.430730387301241261e-05
8.659175736753862429e-01 1.389910583686765485e-05
8.662477204730838487e-01 1.280863252851728207e-05
8.670096701965651631e-01 1.744139463556613958e-05
8.683075055942603981e-01 1.159617686276913404e-05
8.693525249081370809e-01 1.124057614378313613e-05
8.697971249627319823e-01 1.425824970710304084e-05
8.703046072887677953e-01 1.085163809820668231e-05
8.715154110842286972e-01 1.532220462284648540e-05
8.723116171913518624e-01 1.462538640002835060e-05
8.727196750679999671e-01 1.195042835074342271e-05
8.732376994250037328e-01 1.216494241730983556e-05
8.733191594573059824e-01 1.379972660973462623e-05
8.737391315562065275e-01 1.223220862818129038e-05
8.743125180452149259e-01 1.013938245611374102e-05
8.752101517645675122e-01 1.137112713986253338e-05
8.754190767948114571e-01 1.221744014367908214e-05
8.757319467863524665e-01 1.342068293992937741e-05
8.760762168654594451e-01 2.026073362260059468e-05
8.776946390851275703e-01 1.314036465636735408e-05
8.779823634742027760e-01 1.218990613069412229e-05
8.797604928949174230e-01 1.353279739315807458e-05
8.807600225677179040e-01 1.400074839074717204e-05
8.813835978559380058e-01 1.569937048335246879e-05
8.823962730813068589e-01 1.183922059337173283e-05
8.824427647657170359e-01 1.061383879577853015e-05
8.824596611956203596e-01 1.070977264516607364e-05
8.824874572229103320e-01 1.415841422626612206e-05
8.825294957011742270e-01 1.219843955717593149e-05
8.833424326036610763e-01 1.444446690213371172e-05
8.837117444110348385e-01 1.503635966896093470e-05
8.865547564507114675e-01 1.528620624548459767e-05
8.867466843885398742e-01 1.315297164067629709e-05
8.878441941399368709e-01 1.192957194791456019e-05
8.879037723174824093e-01 1.339819008014957534e-05
8.895380796756704456e-01 1.265723441403737641e-05
8.900568329817631907e-01 1.734858578782206540e-05
8.903674986870535601e-01 1.533892114958638838e-05
8.917305311184626770e-01 1.127451111611320118e-05
8.918044379020720891e-01 1.615583889484382971e-05
8.918425666063549695e-01 1.081978171488383112e-05
8.921405581389019179e-01 9.803797806899820818e-06
8.940594025318733262e-01 1.361695550109325205e-05
8.941254527996278512e-01 1.321692025531178513e-05
8.944738676941378364e-01 1.571987767840357707e-05
8.948423376465409751e-01 1.211269148766323126e-05
8.954256030499032626e-01 1.126460906326494349e-05
8.963018966702548385e-01 1.282396976825837806e-05
8.969443044109719487e-01 1.221244769107733797e-05
8.972545856797597974e-01 1.371471683922352008e-05
8.987491860396633614e-01 1.290219934682715294e-05
8.988442716308953084e-01 1.322287746368526845e-05
8.993437655866288738e-01 1.217300525116504421e-05
9.006326230087083884e-01 1.137677830262894857e-05
9.009191683429980113e-01 1.395672491279491361e-05
9.019093511878827352e-01 1.249681612533026522e-05
9.020689470333884685e-01 1.649159079237181300e-05
9.033487758864655603e-01 1.087797646525049257e-05
9.044385080396833976e-01 1.260614740747544469e-05
9.045706257725041333e-01 1.151837835380410643e-05
9.048010489939672940e-01 1.249131674402229805e-05
9.052776124927343071e-01 2.058630353269599284e-05
9.055363691681729277e-01 9.021862287225474307e-06
9.057982900707693963e-01 1.282849670097263901e-05
9.061812505426883879e-01 1.084158690038889232e-05
9.064163133141174278e-01 9.943958593815697001e-06
9.066071361953270680e-01 1.032667161068399677e-05
9.084909994612500039e-01 1.177452906772276747e-05
9.107339796042923652e-01 8.933165882982286305e-06
9.116089706790287961e-01 8.773190706792677234e-06
9.125670126390660331e-01 9.550332102795815032e-06
9.132617402617139168e-01 9.879818100562283187e-06
9.133958912400476082e-01 1.062371287416666425e-05
9.135285779741686429e-01 1.153825183709753904e-05
9.139558747887777113e-01 1.212744107058164507e-05
9.143418177677572478e-01 1.228697424920322557e-05
9.145142916851720649e-01 1.140277199491588843e-05
9.157225986433924492e-01 1.178075195052905711e-05
9.157405079458197372e-01 1.168133206549701948e-05
9.163934275448645250e-01 1.021304646685567108e-05
9.171567977684061956e-01 9.875883610864625201e-06
9.177974869167576655e-01 1.052263759220479546e-05
9.186420786885147738e-01 8.939287739652487056e-06
9.188281397987017041e-01 9.528031724845780577e-06
9.194976566195678380e-01 6.534587398380967787e-06
9.198647862487081550e-01 9.159249034991113364e-06
9.210048202563387854e-01 1.006079762270304787e-05
9.211958836562748054e-01 6.960259884357013210e-06
9.212484425345516259e-01 7.186369902263466855e-06
9.214109408073097862e-01 8.834910457872046706e-06
9.214551732894498137e-01 1.003256283456386894e-05
9.214551962111773298e-01 7.029293144746913114e-06
9.223962878374378782e-01 6.677987149805738528e-06
9.224663858458953536e-01 8.362749317516455954e-06
9.239730341440944850e-01 7.464563179449823640e-06
9.242104056170665771e-01 9.243239357534941341e-06
9.244608144856655274e-01 9.108580341702768909e-06
9.257764741795035945e-01 9.015674705179454906e-06
9.259348316295514802e-01 7.497135064028915911e-06
9.264126933459785329e-01 1.206122209018456097e-05
9.267036455316203236e-01 8.515221015330153023e-06
9.274253635883721314e-01 8.539291907534765885e-06
9.274417055991313052e-01 1.097857566220659242e-05
9.278896092715658295e-01 1.323336824202114364e-05
9.286134403165839935e-01 1.099238677816210441e-05
9.296626611093511405e-01 8.568717436583438781e-06
9.304759131152959828e-01 1.142058894418374272e-05
9.307002648089676144e-01 9.549658416749758996e-06
9.307838671467171254e-01 1.198783452663446485e-05
9.327715912000148490e-01 1.209877263549666374e-05
9.336156155157161463e-01 1.378473832561091439e-05
9.339339634321596195e-01 1.066299829918133799e-05
9.347740870837453198e-01 1.140987822937554850e-05
9.389512395907044784e-01 1.005825858720588885e-05
9.390827577522268266e-01 1.181686430815915835e-05
9.394648458265230095e-01 1.184704055546003553e-05
9.398194848351224540e-01 1.305367018349792916e-05
9.405856716625501379e-01 7.810300771014354603e-06
9.406325883360995288e-01 8.533349908724808939e-06
9.406776370770131290e-01 1.422471445467899142e-05
9.408285703020938806e-01 1.293527126995770661e-05
9.412073656345374406e-01 8.607845046908132945e-06
9.420180209799184912e-01 1.219881525762260624e-05
9.420780467823023363e-01 1.073270970393894778e-05
9.426199349899083701e-01 1.186811019920455271e-05
9.426518599991929870e-01 1.001300355655465356e-05
9.438858678323404083e-01 1.158104282651489341e-05
9.441348890786607218e-01 8.936699410572837056e-06
9.458403663130862116e-01 9.487952644479873173e-06
9.460292909597398658e-01 1.149861142284019617e-05
9.495974240285259826e-01 1.083006506081893323e-05
9.496105364982380115e-01 1.147070189130137550e-05
9.515794442779729190e-01 8.171869839180430746e-06
9.517005596873622242e-01 9.522036669310477794e-06
9.519468492252499692e-01 7.950215554743588216e-06
9.528085255037082035e-01 8.816991157502745006e-06
9.538184942969710756e-01 1.354976678212479109e-05
9.550412818840131601e-01 7.297985431605701012e-06
9.558268326114394142e-01 8.769591277142988777e-06
9.575162771029016584e-01 9.050209021186587577e-06
9.587845143020494731e-01 1.058135618350487484e-05
9.590989478877038898e-01 1.127215934661060992e-05
9.595489101525911391e-01 1.262670365645415480e-05
9.596054669769770173e-01 1.375541257438573512e-05
9.597523134521388499e-01 9.157857299086564462e-06
9.603623961970878531e-01 1.073280533027843459e-05
9.614684484823822208e-01 1.207734500678310098e-05
9.616877596758547364e-01 1.021602534474673464e-05
9.618370546331386217e-01 9.465259711525317868e-06
9.622781171248721011e-01 7.928639646266774532e-06
9.623633859517275457e-01 9.120672133465364354e-06
9.638649987662334384e-01 9.340216581588945251e-06
9.647964509468743843e-01 9.123431072959018142e-06
9.650414689531116030e-01 9.865244926956955512e-06
9.654436634018429553e-01 8.667919462186765819e-06
9.665874152526453544e-01 6.922169793399965134e-06
9.672094619991062903e-01 9.117827268555971670e-06
9.672111042701285744e-01 1.080799680727099259e-05
9.676490838386405668e-01 7.870204673523127504e-06
9.688308995673452495e-01 8.867188220834573551e-06
9.691520049179340734e-01 9.590347929421733479e-06
9.695746222620034160e-01 7.800135457955019750e-06
9.702050187950228555e-01 9.141770198339333229e-06
9.741621878547207514e-01 7.326062942492545928e-06
9.746243135950466430e-01 1.741971386998784928e-05
9.748103663504465999e-01 9.576371958433915117e-06
9.748962065510580199e-01 9.668126442959724555e-06
9.757601897470963292e-01 1.097234039282622299e-05
9.758715804217489298e-01 1.053303881752120085e-05
9.760055825878836133e-01 9.442846402233106868e-06
9.760208720169890606e-01 1.440823469359730977e-05
9.779979628865547170e-01 9.742695404919669166e-06
9.782740841861339298e-01 1.100997466096493360e-05
9.791403974790472420e-01 1.086456844495220099e-05
9.830302868690345974e-01 1.169711727866638918e-05
9.837033127466559002e-01 9.272055953948290987e-06
9.838720974217525228e-01 9.951038161494382572e-06
9.853274821947394235e-01 1.290649224496890515e-05
9.854778960361861850e-01 1.106213112173660702e-05
9.855088598665502353e-01 9.179120298327656555e-06
9.855780764300807739e-01 1.081819129790523948e-05
9.869170297082504595e-01 1.744237255612460875e-05
9.883821693458861857e-01 8.644562882850803968e-06
9.900810501793486651e-01 9.418518304312916017e-06
9.924176174151393415e-01 8.323370298335809012e-06
9.924479692708985112e-01 6.777110209974035332e-06
9.928404607738616772e-01 7.417283391078290099e-06
9.929608218415856280e-01 7.272355680188463334e-06
9.929681487529586903e-01 9.059957230714084074e-06
9.934131521003878307e-01 5.999604880786414224e-06
9.934549539982618915e-01 7.896637041525162890e-06
9.934608488547383986e-01 7.546163099359737362e-06
9.939449604966814622e-01 7.554089724155778477e-06
9.947635426632043254e-01 8.320201884068307313e-06
9.950667508353204793e-01 7.256427513092961713e-06
9.955298087831176979e-01 6.484082057501291801e-06
9.955790930363936919e-01 7.764599509784859006e-06
9.960570224441447351e-01 8.696108892675583437e-06
9.962776558405623817e-01 6.994906281155753221e-06
9.967375994868625799e-01 6.320694516765522449e-06
9.969320172775132383e-01 6.050503076715219867e-06
9.974650510894317312e-01 8.678994892337422285e-06
9.975013882326725367e-01 7.413614670990359931e-06
9.978819922711139601e-01 7.400112299086466318e-06
9.979275650742791548e-01 8.247947041736948431e-06
9.982724057316860744e-01 8.013285587126100677e-06
9.989605302441112444e-01 7.467474284895253229e-06
9.989941844905413371e-01 9.070967274673407850e-06
9.997077751870161455e-01 6.835930305366274182e-06
1.001708001714421314e+00 6.374818118788421033e-06
1.002268885899288753e+00 8.016236777749954827e-06
1.002667415978847121e+00 1.238258029808885220e-05
1.002704572242375969e+00 7.994650992633985502e-06
1.003372698048585310e+00 8.468381695022862563e-06
1.004201606236607036e+00 5.347758220013668914e-06
1.005313547445210842e+00 8.723239346365636146e-06
1.005388512694058267e+00 6.319996380967912646e-06
1.005754294468809595e+00 7.072712073117592020e-06
1.005855867356677091e+00 6.899070936987890467e-06
1.006566771226154344e+00 9.724725709905730021e-06
1.007046353681842144e+00 6.650681750754614654e-06
1.007085358946268050e+00 7.405620553961600291e-06
1.007124820468859649e+00 6.806559554430978629e-06
1.007261922424191214e+00 1.359106936812703042e-05
1.007482165166281751e+00 5.771079709836105040e-06
1.007796076406592301e+00 7.400185654308057145e-06
1.007990036438180415e+00 6.647247435985033125e-06
1.008305400984909062e+00 6.983595904550819495e-06
1.008335718691223848e+00 6.841904950146143721e-06
1.008402349098946216e+00 8.931379105005539235e-06
1.009923622276089672e+00 8.505384095016482762e-06
1.010161274321060620e+00 9.238395576415901197e-06
1.010218968270211626e+00 7.902447239607625731e-06
1.010654790244039258e+00 1.011086838163357346e-05
1.011345818085623405e+00 9.596159266595421771e-06
1.012336615162038989e+00 7.647601878910099301e-06
1.013765904868335399e+00 7.835107467975620002e-06
1.014791988274769352e+00 9.278814738244575567e-06
1.015146023231179084e+00 6.923212516869678513e-06
1.015754393048715398e+00 7.034228070583683519e-06
1.016241495437565590e+00 6.880965464103187178e-06
1.016408598279883613e+00 9.460228755025192334e-06
1.016879221258361721e+00 7.331031062882623586e-06
1.017133615966991478e+00 7.245550251295095886e-06
1.017354540005611652e+00 8.049089328662826129e-06
1.017542736772833134e+00 6.364459674828994372e-06
1.018211343870876417e+00 7.677951006734897170e-06
1.018791424634055032e+00 6.197661891149594391e-06
1.019506636660269860e+00 7.337201316205783199e-06
1.020093948303965492e+00 8.330176408638375127e-06
1.020370079502319394e+00 7.966554974613449663e-06
1.020622818445663160e+00 6.607186582481016308e-06
1.021830833116607273e+00 7.387128816671821952e-06
1.021856296712437162e+00 5.494075927735967521e-06
1.022994185646428633e+00 7.405224513518635876e-06
1.023421215255874817e+00 8.651028877905757197e-06
1.024047968118156682e+00 1.016986012482382976e-05
1.024198028972390873e+00 6.456935673768997583e-06
1.024909464053249231e+00 9.193705399963743454e-06
1.025898611848907072e+00 1.154545769920404495e-05
1.026787237405450304e+00 8.203597657383128225e-06
1.028339769191646491e+00 7.070785123017883888e-06
1.028670361994341587e+00 6.870848758180408257e-06
1.029185728704512304e+00 6.212222411743779295e-06
1.029568854814290502e+00 9.834645991654751709e-06
1.030060598900510049e+00 6.917450258934653452e-06
1.030406333586282308e+00 9.782376358584012841e-06
1.030776899143650560e+00 7.935989822554499580e-06
1.031264654511599321e+00 6.353337425752907611e-06
1.031583571471278882e+00 8.845512929989370109e-06
1.032001282309904511e+00 8.285151942384561688e-06
1.032137621259434868e+00 7.448695412199280828e-06
1.032487037880482239e+00 6.980891650072386099e-06
1.033043829376010692e+00 6.389272086626887106e-06
1.033127488275265904e+00 1.063520107531891386e-05
1.034385060148003133e+00 7.478553153546514615e-06
1.034668568996740756e+00 6.656976233519746653e-06
1.034994237648829252e+00 8.513927518124180961e-06
1.035502814937956151e+00 7.710786236377107942e-06
1.036324208808958591e+00 5.775128860599263170e-06
1.036568114395255868e+00 6.631193491766921769e-06
1.037310446000296205e+00 8.142195198086040226e-06
1.037321782373605616e+00 8.330921429890206063e-06
1.038263192046559480e+00 7.853690221776148014e-06
1.039338303040385769e+00 6.370620334047947895e-06
1.040598535572903938e+00 4.426901042522890475e-06
1.040779609792060079e+00 6.422494922027586937e-06
1.041829167994295702e+00 8.319675370088719458e-06
1.042279263949103862e+00 9.278334945255230283e-06
1.042539759768123186e+00 8.001936471045971279e-06
1.042731558164737171e+00 6.535487454621041971e-06
1.043051513114519935e+00 1.015536545733956508e-05
1.043103204548160967e+00 5.407941219313260788e-06
1.043552019365041161e+00 6.918305036545118596e-06
1.044159258466847762e+00 7.396164000647520557e-06
1.044261343484778504e+00 1.117033448570403352e-05
1.044433121551566090e+00 6.898834301109272055e-06
1.044479584721696996e+00 8.462245441824756869e-06
1.045552341653374517e+00 5.943638624098922935e-06
1.046857823311649227e+00 7.689178727665620959e-06
1.047198895936474639e+00 8.130308956546878127e-06
1.047380810059048040e+00 6.705212061519991202e-06
1.047628685964687278e+00 6.654941610368155641e-06
1.048403111346162264e+00 6.172181343875351527e-06
1.049984496542571311e+00 7.648549539866276626e-06
1.051001750414520375e+00 5.860608152108838844e-06
1.051450208021652344e+00 5.600960351867254262e-06
1.051594796831579748e+00 8.957564544406513698e-06
1.051757616335146528e+00 6.958671345324064320e-06
1.052436603307888907e+00 7.454705521692991515e-06
1.052640173809929580e+00 6.253205841209771120e-06
1.052852535891573238e+00 8.651099443686369273e-06
1.053391827359332344e+00 5.795700090518787728e-06
1.053606306476460253e+00 5.013254257561210479e-06
1.054721726853239838e+00 6.704877763835390348e-06
1.056414804843756716e+00 6.762189888022946951e-06
1.056586728998289981e+00 1.167686094988564629e-05
1.057296808976229796e+00 7.617706291760119727e-06
1.057344275440427639e+00 6.108493649571592427e-06
1.058049601023647535e+00 8.217162427158224952e-06
1.058173470818304374e+00 8.197834836403460686e-06
1.059967523221755581e+00 7.348074889178119032e-06
1.061793956388377369e+00 6.583223982486956584e-06
1.061974577178949053e+00 6.182322338567642953e-06
1.062446586411847305e+00 6.700394184264784528e-06
1.062799705798626038e+00 6.300088341290584810e-06
1.063807829824474860e+00 7.874326305883002372e-06
1.064656935610273747e+00 6.200077885997707694e-06
1.065700652087409050e+00 7.664161589858142347e-06
1.066040461309442078e+00 7.006763832668448406e-06
1.066811613253520363e+00 6.087147667377146433e-06
1.067264137520287814e+00 6.854602909705072608e-06
1.067286862998423347e+00 1.031378135048714701e-05
1.067912714671238161e+00 5.627915450885088309e-06
1.069007865500350096e+00 5.668129542878594036e-06
1.070887833553683555e+00 6.951699245863074467e-06
1.070991863941273659e+00 6.393997698399279488e-06
1.071168892258366201e+00 7.643932812300821005e-06
1.071719395471740999e+00 5.009180769379346514e-06
1.071909628089060540e+00 6.752747820179781036e-06
1.072394791553909377e+00 6.073675365197544465e-06
1.073077149502065453e+00 6.075552026920692781e-06
1.073600738126615051e+00 5.973931932409686006e-06
1.075875628622616764e+00 6.654385016983129163e-06
1.076404732381813556e+00 6.076188125266083082e-06
1.077273279927734695e+00 6.257987752455190093e-06
1.078276047561166795e+00 6.916191865216977213e-06
1.078477763627528008e+00 6.786063176987235917e-06
1.079782849919903365e+00 6.652418308959122470e-06
1.079848026398025018e+00 6.669084501944210306e-06
1.080276750193237989e+00 7.319220974169533865e-06
1.080363285584214239e+00 6.877629741057306237e-06
1.081986709484066722e+00 5.044998543772890764e-06
1.083220000244932368e+00 7.313737987195767744e-06
1.085617667707305278e+00 5.342155004125324569e-06
1.085997886048102545e+00 6.524329431928936882e-06
1.086649074186040176e+00 6.927038744658590839e-06
1.086755700467897823e+00 5.183621743669507131e-06
1.087250321766536354e+00 7.576915262181199750e-06
1.088246509265480277e+00 6.599279150040119329e-06
1.090587169678961521e+00 5.955475383352332827e-06
1.091291802451994197e+00 5.557136806691468164e-06
1.091346209868153005e+00 5.761052715955423826e-06
1.091446434151764233e+00 8.249892527614503861e-06
1.093462856246384174e+00 6.687624614887302443e-06
1.095366734665284003e+00 4.688243479026850229e-06
1.095496671102893727e+00 6.842653807246551363e-06
1.096403941451635999e+00 6.334023842375265800e-06
1.096727632102662664e+00 6.238960273764056006e-06
1.097542065451024396e+00 5.663262504656536072e-06
1.097840044227994971e+00 4.950054040187100667e-06
1.097986477738674971e+00 6.304353321199719058e-06
1.099410097390272067e+00 6.389958096288897793e-06
1.099416572918451740e+00 6.323597350970319256e-06
1.103661101958461010e+00 6.088585031644919923e-06
1.103835868583268542e+00 4.794973678103222250e-06
1.104504903531224880e+00 5.908202887353476612e-06
1.104665645770994908e+00 6.448462427404997305e-06
1.104696990381148547e+00 6.552466539034068732e-06
1.104760385986070848e+00 5.346572243345013442e-06
1.105563349128073858e+00 5.827574908029917144e-06
1.106254839816160906e+00 6.295626773482892578e-06
1.106957280033526558e+00 4.718770317584301366e-06
1.107207288040814808e+00 4.515645715243873001e-06
1.107243206699722426e+00 5.738037697179839288e-06
1.108224067568636340e+00 6.663127250994170358e-06
1.108656635598147977e+00 5.962266343787521320e-06
1.111128629977256477e+00 5.143226311364151736e-06
1.111142611040331740e+00 5.318540284453415892e-06
1.111738051626272039e+00 5.238500862754217473e-06
1.113183528822290214e+00 5.824260059635448708e-06
1.114316120940667787e+00 7.287800632134478008e-06
1.115534120154573428e+00 5.870850985748682633e-06
1.115920163736338955e+00 6.083634552048831082e-06
1.117106214432805888e+00 5.745774574849524489e-06
1.117320543298039537e+00 7.014490846302389457e-06
1.119488378917889104e+00 4.765241131363819225e-06
1.120682023638400970e+00 4.391180522039325892e-06
1.121130242023354651e+00 4.801760330340653157e-06
1.121617114594753106e+00 5.984607215719039355e-06
1.122303182562563784e+00 5.441335198680601869e-06
1.122487546574945538e+00 4.666433453931822668e-06
1.122949440003371935e+00 5.974127613564503636e-06
1.123053970106767441e+00 5.692514728353723694e-06
1.123869969408014979e+00 4.942216076877395862e-06
1.124786514497732037e+00 4.259607168428199303e-06
1.125093215834612526e+00 5.644328717001635822e-06
1.125710560668047311e+00 4.036755085336501264e-06
1.125982856194882809e+00 4.459202681302287740e-06
1.128174727278510980e+00 4.684824799391948703e-06
1.128189211696484007e+00 4.865564364019110290e-06
1.128677584871820239e+00 4.831144517921297217e-06
1.129595275935118659e+00 4.842923125859893202e-06
1.130983946996479306e+00 3.991874112886552074e-06
1.131129193232323527e+00 4.010213681191814131e-06
1.131900221844395205e+00 4.710271923889735622e-06
1.131907303844249535e+00 4.405998852059937221e-06
1.132245336300712335e+00 4.383462904556797688e-06
1.132296556918860775e+00 4.724817016354000434e-06
1.132680333923579585e+00 5.236726145339172804e-06
1.132953154738839396e+00 6.556208019475687333e-06
1.133035944612588386e+00 4.746142908971840262e-06
1.133629117540753573e+00 3.965552342475345476e-06
1.134221659055977716e+00 4.942528894198329058e-06
1.136624680820450983e+00 4.277423930227577528e-06
1.138262068354277678e+00 4.106261351848218854e-06
1.138539740766044916e+00 4.951316665301932651e-06
1.139023711146561313e+00 4.057955562656029873e-06
1.139051447570873066e+00 4.248284942386537829e-06
1.139587938124518196e+00 4.365063873284232559e-06
1.141324893931155549e+00 5.654329007284224546e-06
1.141364701352947097e+00 5.266972807347413810e-06
1.141839582696433819e+00 5.759892648408173444e-06
1.142995368944061063e+00 4.640280130007498769e-06
1.143300967111061439e+00 5.468878610303295790e-06
1.144567104523958045e+00 4.164859030441197825e-06
1.144584912086670458e+00 4.634995802562149831e-06
1.145099438086024435e+00 6.159197940898097157e-06
1.146605454207452190e+00 5.461661197627876201e-06
1.147467398766686575e+00 3.992776671061896818e-06
1.148779720532258297e+00 4.041120519542843664e-06
1.149020223700062848e+00 3.569933906659656845e-06
1.149184896695675917e+00 4.255949054142681482e-06
1.151131880893637716e+00 4.907996455468575887e-06
1.151844459658920128e+00 4.099022447283800781e-06
1.151882814237843222e+00 4.826746475706565255e-06
1.152349315077561664e+00 3.798289568988739840e-06
1.153296756086769737e+00 4.050808485741007720e-06
1.154324544982138434e+00 5.157070901034599113e-06
1.155463699075224726e+00 4.119293831047760650e-06
1.155856190864486210e+00 4.846159336673703066e-06
1.155960389025067814e+00 5.516525372755038988e-06
1.157001341599753319e+00 4.099911032320444967e-06
1.158601773811224422e+00 4.863846978472485854e-06
1.158870356421409120e+00 6.365481707606088608e-06
1.159262643037927365e+00 6.203935401490055992e-06
1.159356476017878501e+00 4.227138353976313303e-06
1.162006174135767456e+00 4.750739671376981873e-06
1.162473308623906521e+00 4.575750572866554666e-06
1.164028658261701210e+00 4.843040418444738800e-06
1.164322828461388015e+00 4.018792063674616077e-06
1.165351250589649501e+00 4.927706003303439519e-06
1.165966628608756883e+00 3.930052840882240608e-06
1.166983318034598760e+00 5.034726226596647785e-06
1.167023495129047461e+00 5.281381404064212554e-06
1.169302321725415705e+00 4.972011063551158412e-06
1.169479532886553708e+00 4.891812769369255073e-06
1.171177651340510550e+00 4.291246941115457806e-06
1.171397557885745844e+00 4.512256277334951219e-06
1.172032442400722685e+00 4.649278348199718003e-06
1.172359683821011966e+00 4.522852335574097681e-06
1.172388356313334823e+00 3.930612800103935981e-06
1.173727109972127591e+00 4.234671314824606270e-06
1.174667622471679440e+00 3.732082899923825939e-06
1.175316440774171634e+00 3.202610489900431052e-06
1.175544512748357029e+00 4.284719303184809104e-06
1.175622417251582563e+00 3.304405064866428541e-06
1.176016918787599064e+00 3.363266969206753102e-06
1.176852345066227157e+00 3.653324929822346105e-06
1.177069108411896048e+00 3.895071954792623678e-06
1.178648540300162750e+00 3.498356659128461279e-06
1.180424503368977973e+00 3.140504452501355725e-06
1.181016108973630185e+00 3.349587508772619070e-06
1.181205529821286015e+00 3.085829488933748356e-06
1.182279734131849169e+00 3.628790857301248607e-06
1.182656776606549220e+00 4.155434486802113104e-06
1.182738188061576823e+00 4.072604318880233647e-06
1.186933991056245530e+00 4.523646379513149479e-06
1.187285017392968989e+00 4.939994262324776858e-06
1.187708897023867172e+00 4.187243786380116757e-06
1.188058986569887621e+00 4.195889316978880111e-06
1.188674667018324360e+00 3.706960645469507510e-06
1.191152986513436041e+00 3.983196317017643187e-06
1.192863718798199191e+00 4.292654431263146853e-06
1.193317557627181502e+00 3.439343454258559899e-06
1.193351548859765021e+00 5.548074495972143733e-06
1.193626489023346560e+00 3.943261852228303446e-06
1.195463148715829149e+00 3.722421808629820292e-06
1.195992790811380324e+00 3.606303165916915745e-06
1.196362633926175922e+00 4.007229983592085733e-06
1.196810408530482706e+00 3.739773201301968358e-06
1.196830319339648119e+00 3.829851705941875223e-06
1.196864921750441457e+00 3.853792793105037870e-06
1.197024927945023132e+00 3.499483918756776099e-06
1.197415296886441549e+00 4.041467456301829895e-06
1.197467462879763245e+00 3.381518955879029175e-06
1.199402764778336516e+00 4.131616304111687462e-06
1.200208481618632250e+00 3.990770101840043062e-06
1.200808747265118104e+00 3.839521838726236794e-06
1.203064298011901734e+00 3.342293720808311942e-06
1.204413399411305097e+00 4.325082967662785537e-06
1.204948657854965743e+00 3.876957888573834353e-06
1.206087233620725785e+00 3.548375929774772583e-06
1.206205527733462235e+00 4.077949626835624026e-06
1.209286733057890917e+00 4.790145107908778613e-06
1.210233777543570532e+00 5.103312841290995851e-06
1.214760457234970614e+00 4.002003644008516975e-06
1.215219263325772570e+00 3.916796052458087276e-06
1.216706901586913414e+00 4.186978561882021704e-06
1.217249210511253565e+00 3.582171904321426053e-06
1.217988925280833357e+00 4.139733778977625806e-06
1.218237285965582117e+00 3.577920031643399033e-06
1.218920154780543719e+00 3.028043528003607925e-06
1.219901276766076625e+00 3.153781593150229998e-06
1.221148390369939829e+00 3.265847498980416352e-06
1.224251014115443459e+00 3.694717228326336161e-06
1.226421246860951886e+00 2.782780293786087913e-06
1.227146552420201875e+00 3.052955881661715456e-06
1.227793781444552534e+00 2.982598612817531300e-06
1.228332240911698792e+00 2.613370629825827385e-06
1.228802021992917881e+00 2.313774080738575225e-06
1.228870022537302598e+00 2.625617531780396937e-06
1.228881437557519662e+00 2.549399994471055221e-06
1.228920527763715187e+00 3.194647006933621235e-06
1.229056494108269115e+00 2.255408173659060601e-06
1.229168995414801069e+00 2.802953154302586634e-06
1.229230890974184476e+00 3.299495090375721900e-06
1.230103060664850645e+00 3.429941189670801170e-06
1.230256231327600203e+00 2.835187779721230564e-06
1.230511468614352788e+00 2.644640761746031895e-06
1.230768936963285709e+00 3.442610902295561801e-06
1.230905035687104299e+00 3.390781645040657599e-06
1.231263791425160958e+00 2.297094563398889698e-06
1.231735356885563348e+00 2.303333049715138444e-06
1.231970684699641438e+00 3.248535201922520530e-06
1.232368799504311108e+00 2.464210848215521624e-06
1.232967761415703078e+00 2.449486689968285613e-06
1.235466923274052498e+00 2.858326095846627770e-06
1.236108060053283442e+00 4.269362564306338239e-06
1.236488190961990474e+00 3.127377015087341023e-06
1.238344037266560171e+00 3.556068923734086354e-06
1.238429244934473594e+00 3.368498329655970049e-06
1.239143292935365182e+00 3.269091500539869837e-06
1.241153257499712614e+00 2.705157767128108397e-06
1.241206891109452481e+00 3.234031799290800092e-06
1.241255446700107123e+00 3.184925299557114076e-06
1.242305047435863452e+00 3.596974047766098967e-06
1.243424173581591408e+00 4.385830754173109785e-06
1.243589532168349221e+00 3.164999570598608037e-06
1.245820599140353258e+00 2.871720839136397995e-06
1.246207433654266117e+00 3.142936432849253053e-06
1.247812144303808823e+00 3.000689732395776084e-06
1.248243334659038029e+00 3.600897124372477928e-06
1.250765906579822007e+00 3.710428318150727077e-06
1.251411122337271031e+00 2.607651581815662286e-06
1.253165844551661356e+00 2.989688090637830353e-06
1.253810595439061482e+00 2.520179882219623468e-06
1.253954250533255266e+00 3.331844255669685992e-06
1.254122343576271836e+00 2.770717499765656432e-06
1.256711087764398771e+00 2.441469248391877340e-06
1.257110230644878923e+00 2.791845804061542689e-06
1.257910488014776895e+00 2.638714299843733039e-06
1.258019183449303746e+00 3.173019314963884444e-06
1.258854299551262157e+00 2.702956965528161313e-06
1.259278909722768791e+00 2.590778408434690808e-06
1.259470555750536791e+00 3.119681554374071103e-06
1.259751293838955233e+00 3.243701226336221220e-06
1.260636539778462462e+00 3.302329427126615164e-06
1.264037154236563598e+00 3.715185192236299415e-06
1.264106749123337536e+00 3.274709040136322685e-06
1.267469729776504739e+00 3.555462652536046634e-06
1.269145798168710870e+00 4.133974207233379461e-06
1.269184681946216253e+00 3.518679728205668095e-06
1.270450049559560091e+00 3.316177530661964851e-06
1.273344977115847154e+00 2.538446320241735594e-06
1.273478020462748939e+00 2.732733799212028020e-06
1.274788164922712186e+00 2.711880699932815576e-06
1.275387694064379795e+00 2.697483866933876833e-06
1.275853470287372726e+00 2.226796013920810203e-06
1.276938707299023701e+00 2.692301195531907291e-06
1.276970493623165837e+00 2.368429517853303831e-06
1.278970626047584158e+00 2.680528879287908873e-06
1.280442929834689325e+00 3.207155683206268871e-06
1.281298285854157726e+00 2.322361622599216418e-06
1.281372968708359039e+00 2.158393640558896653e-06
1.282825453400242344e+00 2.813314517315903754e-06
1.283068956190520860e+00 2.703421935748866357e-06
1.286522932108721484e+00 2.909409506736694212e-06
1.287359080073007478e+00 2.891881182277959716e-06
1.287862603606747536e+00 3.102316857246801667e-06
1.291158684419418279e+00 2.712841479250338791e-06
1.295512990539234410e+00 3.719840170167895665e-06
1.296285662461496679e+00 2.682124138551344559e-06
1.296874534332271178e+00 2.679437365734983234e-06
1.296962873599828425e+00 2.857098519758061833e-06
1.298827050181439624e+00 2.997300420505989021e-06
1.299008348051906125e+00 3.124289446340669804e-06
1.300439236083211547e+00 3.159431906935402724e-06
1.300614312253267402e+00 2.651844592071311005e-06
1.304534163119490886e+00 2.272476100784644277e-06
1.305987756977152969e+00 2.522197187445739898e-06
1.307399752324610143e+00 2.436110372645072123e-06
1.307890577562491163e+00 2.630192202874045374e-06
1.308080643873427817e+00 2.507056013927299583e-06
1.308231754768365063e+00 2.788055217914533539e-06
1.308524491330284256e+00 2.246597678867160205e-06
1.308846160566088379e+00 2.299828175256680012e-06
1.310291240876199748e+00 2.490697434040092973e-06
1.310816974125913248e+00 2.272166047163019753e-06
1.311023506141476558e+00 2.279372688155259199e-06
1.312713199739567349e+00 2.718085268428031367e-06
1.313767190734404844e+00 2.914736818100854265e-06
1.314620631225435377e+00 1.760427897855044810e-06
1.314733702704927509e+00 2.203762636701796828e-06
1.315740374053461670e+00 1.985777662109599049e-06
1.316875009517636030e+00 2.929713713333947150e-06
1.318192884128358555e+00 2.447333014596412375e-06
1.318637643244487956e+00 2.339364816617637213e-06
1.320789746827823574e+00 2.078039745017971412e-06
1.322641051210646568e+00 2.506405481857183076e-06
1.322880173746812105e+00 2.548014539733577025e-06
1.322898146646918738e+00 2.531174674930955530e-06
1.322909606120063364e+00 2.664176658682325774e-06
1.324286729635573145e+00 1.749868304350874690e-06
1.324979867119418397e+00 2.723390802088400945e-06
1.325949045750159039e+00 2.061350471545514080e-06
1.327453027904610172e+00 2.302599481973274640e-06
1.328396720734843495e+00 2.466855401671856735e-06
1.330376521917609356e+00 2.864495731082674366e-06
1.330704749181457425e+00 2.612307604792651329e-06
1.330766187702899783e+00 2.625950627166056657e-06
1.334072972530359502e+00 3.032355410519470698e-06
1.334984293884526885e+00 3.273038119436258540e-06
1.336323714987473377e+00 2.839573189558002789e-06
1.338401532139789074e+00 2.307055450734487546e-06
1.341312010701907642e+00 2.341072184175153516e-06
1.341635926977673865e+00 2.241348378206315609e-06
1.341756385857017397e+00 2.509024627894330108e-06
1.342892968277861199e+00 1.929186887453541743e-06
1.343190334927315766e+00 2.788167919824773802e-06
1.343986804003845403e+00 2.241133513221751045e-06
1.345366279928420283e+00 2.110179361092965808e-06
1.345866327900340220e+00 2.444043334381687535e-06
1.346350717547747378e+00 2.319247266414131243e-06
1.347415898862326156e+00 2.063823399498296680e-06
1.348843631711482249e+00 2.120845474603449230e-06
1.348998522123872945e+00 2.565192102218246044e-06
1.351037333113145333e+00 1.878507780441606078e-06
1.352212740350772879e+00 2.653525957944360967e-06
1.353039312238438985e+00 2.351811593310185261e-06
1.353435682175844645e+00 2.055122053075323971e-06
1.355818250960714400e+00 2.871195295754274912e-06
1.357474823221966886e+00 2.180152811026494691e-06
1.357560578161736364e+00 1.847967546833873803e-06
1.357865918556914409e+00 2.376172645693769523e-06
1.358157429917496106e+00 2.524888672022813720e-06
1.360729842764564657e+00 1.946878824457350989e-06
1.361276883783598679e+00 1.542727113142950846e-06
1.361751879028625822e+00 1.990534993741876379e-06
1.362428688297195212e+00 1.735441640535704083e-06
1.362569665109845118e+00 1.913519193203931688e-06
1.364491444397117448e+00 2.589035967675229079e-06
1.366987263324228152e+00 2.518134494465778819e-06
1.367837739411127629e+00 3.128385532095450887e-06
1.369664527717070923e+00 2.456048547230260715e-06
1.371523640592146709e+00 2.851365571883051405e-06
1.371978231742607690e+00 2.585926099471756276e-06
1.372231918050489607e+00 2.757629170524139128e-06
1.373910953573699967e+00 2.184773394041403048e-06
1.376083747061339624e+00 2.299896613414065376e-06
1.376914222788006459e+00 2.054928062999365843e-06
1.379757155581156303e+00 1.961180667453351330e-06
1.381341480186679016e+00 2.760852519232175895e-06
1.382261465514594834e+00 2.042161027689838333e-06
1.382584509745378387e+00 2.162531489384523554e-06
1.382742481811321422e+00 2.253290461338898842e-06
1.383193342444572149e+00 2.282016415449957310e-06
1.384064169585629944e+00 2.050327188437753860e-06
1.385507340074006555e+00 2.064475094260225845e-06
1.386562713650504985e+00 2.069616956337160348e-06
1.387363388263205488e+00 2.328777290909018860e-06
1.388184204400745969e+00 1.718263577352216669e-06
1.388326513377478255e+00 1.404194074771040894e-06
1.389122872501591388e+00 1.558500471416813161e-06
1.389750905123090297e+00 1.583139365110289513e-06
1.390307946867556987e+00 1.785434459257505053e-06
1.390583264168420596e+00 2.593692895112837070e-06
1.390679498063718933e+00 1.487505957226848825e-06
1.390680764565686678e+00 2.145069543524954347e-06
1.390944816236271642e+00 2.018469918157242947e-06
1.391586183582016467e+00 1.990508677350593997e-06
1.391912824432634199e+00 1.828866655104427125e-06
1.393385681361514195e+00 1.618952370903895853e-06
1.394005059041056205e+00 1.681060889560625050e-06
1.396146413115791907e+00 1.874502271195818231e-06
1.397027399280590609e+00 1.851251623268686178e-06
1.400718233838524451e+00 2.854004949602974134e-06
1.402425593499472045e+00 1.900314273240216893e-06
1.403109794607594552e+00 2.207299484792743912e-06
1.404139204704087707e+00 2.401036846923472171e-06
1.404564881110795138e+00 2.060230768667586899e-06
1.404989926738199557e+00 2.161277988752855319e-06
1.405380191114925292e+00 2.201621443318444350e-06
1.406109760321737401e+00 2.404698393255665063e-06
1.409948733178463476e+00 2.608491790459948381e-06
1.412873074023720310e+00 2.416404695112842626e-06
1.414217232029943094e+00 2.155995124642985123e-06
1.414850870923815895e+00 2.356610443894498023e-06
1.415056433168342620e+00 2.014894342426579331e-06
1.416926505993048924e+00 2.196029399665303982e-06
1.418154795596147988e+00 2.163881399648084089e-06
1.421669035872345388e+00 2.733054969129751634e-06
1.422064684136335355e+00 1.646881780497898499e-06
1.423478147140336825e+00 2.029025842169232851e-06
1.423619687985955951e+00 1.983531876166833889e-06
1.423702166403202574e+00 1.842877957090631198e-06
1.423841054899638525e+00 2.044850658235648432e-06
1.427638097473326484e+00 1.461874406937234593e-06
1.428433964661761202e+00 1.400815707197827838e-06
1.428694988875107930e+00 1.593765405897636249e-06
1.428910689511915910e+00 1.983366037862581377e-06
1.429692741396006994e+00 1.879717256999377221e-06
1.430668542206696481e+00 1.999487275820319839e-06
1.430808931011867680e+00 2.166732631108549643e-06
1.431243529079374799e+00 1.688483064975666957e-06
1.431431394609274710e+00 1.999689883161356316e-06
1.432291801733309056e+00 1.398307026742437392e-06
1.432921830155815757e+00 1.731611688207972331e-06
1.434334519249905959e+00 2.087513179168488380e-06
1.436331053420096815e+00 1.831305380972275425e-06
1.436365445841296218e+00 1.815299766407993332e-06
1.437328070844715366e+00 1.643704863782701847e-06
1.440084931606702590e+00 1.698038386552553048e-06
1.441096530894237393e+00 1.492530189071433288e-06
1.441418486313607028e+00 2.005169561260788207e-06
1.442143006247452730e+00 2.244782380681177244e-06
1.442575555678111465e+00 1.994622620704801535e-06
1.442761915536732609e+00 1.865325173965863095e-06
1.446138487205562484e+00 1.932458977726809196e-06
1.446467103816444055e+00 1.951920845648836997e-06
1.447301162217594417e+00 1.985618914044272605e-06
1.447972347528304171e+00 1.860318389649506880e-06
1.449401286955296131e+00 2.133938166515143178e-06
1.449570157515287283e+00 1.904540399442204189e-06
1.451471850750883252e+00 1.780752483741032771e-06
1.452402631099918295e+00 1.753069194340834466e-06
1.453504933916304864e+00 1.635083385258334671e-06
1.454110474642520634e+00 2.096777089005188700e-06
1.454434415548150339e+00 1.876749982925750903e-06
1.454881447839917463e+00 2.263520244948921025e-06
1.459881767886184845e+00 1.525630304902048665e-06
1.460305905080678146e+00 1.661556279510011043e-06
1.460941899899772523e+00 1.403867465011367870e-06
1.461238334492101831e+00 1.356906251434603710e-06
1.462057592309942367e+00 1.995455263596773064e-06
1.462406802504459868e+00 1.567119576342996744e-06
1.463559864764608864e+00 1.795172894409485072e-06
1.463898509669686820e+00 1.986308088103457507e-06
1.467341047750460037e+00 1.826806901391867054e-06
1.467733806370455474e+00 1.861449959293168842e-06
1.469565280970317245e+00 2.320278877539422316e-06
1.469938825464798704e+00 1.928759930946757715e-06
1.469972185936944342e+00 2.099396246165849375e-06
1.470754349870896815e+00 2.027029433137257210e-06
1.472706125988490822e+00 2.147091070980856273e-06
1.477069330201776998e+00 1.623368862199592632e-06
1.477336604132532205e+00 1.792922385373944730e-06
1.478945757725030452e+00 2.260801432832262097e-06
1.479403484388238876e+00 1.405079196544441466e-06
1.480780090915076785e+00 1.488443192467823488e-06
1.481299038800208523e+00 1.524004063278072191e-06
1.481690646475898099e+00 1.261846740923759170e-06
1.481728505018614639e+00 1.888590417112612901e-06
1.482004235340249387e+00 1.884973851877182731e-06
1.482287589490317359e+00 1.495470616779336428e-06
1.482594752087021073e+00 1.624475174429316335e-06
1.484590252963345458e+00 1.845645240296371909e-06
1.485472105283165645e+00 1.868378367586829890e-06
1.486286099269159111e+00 1.513325888551689154e-06
1.487221219614125012e+00 1.697081760282144483e-06
1.487808818935766553e+00 2.044000159722813958e-06
1.491029535404355899e+00 1.754487890936294343e-06
1.492505502132431161e+00 1.849500042920864552e-06
1.492714173984456938e+00 1.743590810433860689e-06
1.493387753056302669e+00 1.690154310519138229e-06
1.494026717793094594e+00 1.980545775722694079e-06
1.495532419269895552e+00 1.792944407565102119e-06
1.497037754340844851e+00 1.841942916392185285e-06
1.497312951583171792e+00 1.370351061176561341e-06
1.498695212829044721e+00 1.542415756686845703e-06
1.500731351003869785e+00 1.923337636055989318e-06
1.501116535499303462e+00 1.550828002362463374e-06
1.502345218411481609e+00 1.743983622111996218e-06
1.503257745632841980e+00 1.660770058396426308e-06
1.504306500470723229e+00 1.430424448535952324e-06
1.504799449068257911e+00 1.656472977077401509e-06
1.504999952270197339e+00 1.174999932959952118e-06
1.505040387068486973e+00 1.403381484816680310e-06
1.505325010055769130e+00 1.372404426588826119e-06
1.507543995001074721e+00 1.160071278536567329e-06
1.507981427348209946e+00 2.042177100439551709e-06
1.508041499686726183e+00 1.143693612942077739e-06
1.508159091515496986e+00 1.283672515302439067e-06
1.508848849281920979e+00 1.615031578440278180e-06
1.509761971415876536e+00 1.695579574291838144e-06
1.509818045556134081e+00 1.414655978159865781e-06
1.515342318531431420e+00 1.530804515518920749e-06
1.516149946532640014e+00 1.380197606533403046e-06
1.516241663472403189e+00 1.766712176731987954e-06
1.520485899915754002e+00 1.550803538233892862e-06
1.521545368408651289e+00 1.687401119376930791e-06
1.522447839705375117e+00 1.478897024183093946e-06
1.524168194901233564e+00 1.499499106593235976e-06
1.524428843595916128e+00 1.432710175082275932e-06
1.525153696681668558e+00 1.644544386230625852e-06
1.527005836454727428e+00 1.611526705944704889e-06
1.527609528424591190e+00 1.574633050513089955e-06
1.527766236468373506e+00 1.567984379293051422e-06
1.527871399491042670e+00 1.664053711280481398e-06
1.531593606088016868e+00 2.118255637124077217e-06
1.532608074449496094e+00 2.053566428624310608e-06
1.541239197342203049e+00 1.738785986314099052e-06
1.541390559969650242e+00 1.336360791388014776e-06
1.542172029304961223e+00 1.407584897532984296e-06
1.543963347415740595e+00 1.219359856124475292e-06
1.545624996960139663e+00 1.701972864714422739e-06
1.547082418561351869e+00 1.249113751789878599e-06
1.548504949759049731e+00 1.768442942542903865e-06
1.549254951190542240e+00 1.488494469427682150e-06
1.549974925459189024e+00 1.544498701392217805e-06
1.552826837050204745e+00 1.299400454959823809e-06
1.554035600510501602e+00 1.445805934008667392e-06
1.555054519618358722e+00 1.309866623721726805e-06
1.555979897088789032e+00 1.575052154813743325e-06
1.556166027135986507e+00 1.401015986110364137e-06
1.561849866522607266e+00 1.672558545361276234e-06
1.563962630758247041e+00 1.212053512327370755e-06
1.564781702516480744e+00 1.395697671132469553e-06
1.565607672664391714e+00 1.355068490151210838e-06
1.565698945241433826e+00 1.210266815009258161e-06
1.567120364185166315e+00 1.555847616970517573e-06
1.568169999118653291e+00 1.310262082374202920e-06
1.569747163470345930e+00 1.350429317296381236e-06
1.569812885224680654e+00 1.383008303587828669e-06
1.569879928123407486e+00 1.328292741762146569e-06
1.572271488947028617e+00 1.252804955132636859e-06
1.572572076114875816e+00 1.206171159609426523e-06
1.574406930647187730e+00 1.001423906298037394e-06
1.575203637121415978e+00 1.259907741171212485e-06
1.575258790615289950e+00 1.457296735578946511e-06
1.579472503573616349e+00 1.424759273776754059e-06
1.581379881334725956e+00 1.479356135786584430e-06
1.581464300423949254e+00 1.440732931432484172e-06
1.581992177506566843e+00 1.403984676147053732e-06
1.589277457516650394e+00 1.510313403325007163e-06
1.590637763038877939e+00 1.551505227087223322e-06
1.595358642251511805e+00 1.392633094023983100e-06
1.596637613729939620e+00 1.034980677682638399e-06
1.596949480222313200e+00 1.031522136231483127e-06
1.597091554549251669e+00 1.136849472385948613e-06
1.597304149508471660e+00 1.074143037063599006e-06
1.597748589506408079e+00 1.192317387148441329e-06
1.602044892791729902e+00 1.527222916370145433e-06
1.603184702225880942e+00 1.356379588717068991e-06
1.603923383748111275e+00 1.098991410675916995e-06
1.605451500978098522e+00 1.485552240055929781e-06
1.606350170471828376e+00 1.230907531365497727e-06
1.606677478572650086e+00 1.107435762394460174e-06
1.607928619489766842e+00 1.292497772625578596e-06
1.609559665671455697e+00 1.379172954769992339e-06
1.610266894295496964e+00 1.193150872304633441e-06
1.612122164531616386e+00 1.118518629665979750e-06
1.613333047628847439e+00 1.134982465190202265e-06
1.614443001385774679e+00 1.059551803702576518e-06
1.615536638500503663e+00 1.184090454579577122e-06
1.615711027662901866e+00 1.286508824175616737e-06
1.618858524823064471e+00 1.125892720617514705e-06
1.619742151784600681e+00 1.187924651841022662e-06
1.619906924034949292e+00 1.325855109059612466e-06
1.621641614973587275e+00 1.266133808645525151e-06
1.621927715920262969e+00 1.290589559224154888e-06
1.623696926265211449e+00 1.133677194084996272e-06
1.624411858560625532e+00 1.084216800505284259e-06
1.625446147988556467e+00 9.960243270179570132e-07
1.625826211314002068e+00 1.004544535310164149e-06
1.627280600055258430e+00 1.104908453162148429e-06
1.627777483032536443e+00 1.057084912925982047e-06
1.627907444297728157e+00 1.096817338539432961e-06
1.628067781520111224e+00 1.125547172088917577e-06
1.628882573585428206e+00 1.119637977411519793e-06
1.629104544431363877e+00 1.171253102222866265e-06
1.629479495512727194e+00 1.142044325257423047e-06
1.635309269849278158e+00 1.246125848473878699e-06
1.636644188062931882e+00 1.309485274082506585e-06
1.637955308120959463e+00 1.598773912919046065e-06
1.639847750987104558e+00 1.417098402539148624e-06
1.643981627440530113e+00 9.398155042114282152e-07
1.644148475615512250e+00 1.068197013417933958e-06
1.644691758840879148e+00 1.215720375477978118e-06
1.646851032966486716e+00 1.257862216267385227e-06
1.647247166440596322e+00 1.273860781772339597e-06
1.649494369994764398e+00 1.516438617546966024e-06
1.649968995248132897e+00 1.396360678014752100e-06
1.650024067531880245e+00 1.166462777031857272e-06
1.650547261177791158e+00 1.078864952277836419e-06
1.650756691594217340e+00 1.259866102142777422e-06
1.659094486090919585e+00 1.139988392494004990e-06
1.659197633449880582e+00 1.330662199347253453e-06
1.659710570326065726e+00 1.202856445548636826e-06
1.662448637847776967e+00 1.035080735558750731e-06
1.662965991299388158e+00 1.175046890443853548e-06
1.662970516988474090e+00 1.216780681734688058e-06
1.663161970430574232e+00 1.040282260072616599e-06
1.663376476136564364e+00 1.113008257541625228e-06
1.664305076144678708e+00 1.055249396745294029e-06
1.667534323646197247e+00 1.125317325259549641e-06
1.668630878117892680e+00 1.127911425050454233e-06
1.669034783377989495e+00 1.118906413324869392e-06
1.671641337217528500e+00 9.224127938785045419e-07
1.672285726883578905e+00 1.006851082377519038e-06
1.672805521704230580e+00 9.451034471777745035e-07
1.674190271544837794e+00 9.530736378837521515e-07
1.674250754150348186e+00 1.113192756699532293e-06
1.674329850754007420e+00 1.109477995779488885e-06
1.674495135377739308e+00 9.787314609806833432e-07
1.676026254526365555e+00 1.351967158725184309e-06
1.681066621969355968e+00 1.205547919916147885e-06
1.683646636122432705e+00 1.178311792202605420e-06
1.684715834172354931e+00 1.053478092795630218e-06
1.684859925956037063e+00 1.002077357201211861e-06
1.686028606803837704e+00 1.094302621123767743e-06
1.688458407137591433e+00 1.023504449489242384e-06
1.689359187979193822e+00 1.123185794771690032e-06
1.690622414405062779e+00 1.077578000986456783e-06
1.691865872717338126e+00 1.122164554877989871e-06
1.695200002224541702e+00 1.045849836011815844e-06
1.695918862403212879e+00 1.159279076796332915e-06
1.705072430994659660e+00 1.332498511010418875e-06
1.709019435673833520e+00 1.098835678134414603e-06
1.710260326347225801e+00 1.217591385761357028e-06
1.717629609669651058e+00 1.085467622334700299e-06
1.720979240167377355e+00 9.928764870538452452e-07
1.721566936612370258e+00 9.169544412289353021e-07
1.723275388227502702e+00 9.530950186043041796e-07
1.723799963808517299e+00 8.943274531968046251e-07
1.726492133719676803e+00 9.169678569600949476e-07
1.727127091734479425e+00 1.056499478308082588e-06
1.728164856101150004e+00 1.008210819371357356e-06
1.728909963188617782e+00 1.005029779035096426e-06
1.729181007772432999e+00 9.745057333691277358e-07
1.732229900528566180e+00 1.045272589393724800e-06
1.732241371372727823e+00 9.983740085602532070e-07
1.736420622197642816e+00 1.180697756027983736e-06
1.736944062512330911e+00 1.013816389849307428e-06
1.737567298092129731e+00 8.683310663279780886e-07
1.739223602597262497e+00 9.163559639858880656e-07
1.740384866273097630e+00 1.091563842047875972e-06
1.741420513474045251e+00 1.143169090252924481e-06
1.744699205665332986e+00 9.957902431483723590e-07
1.747984628180938582e+00 1.229883265451127667e-06
1.751776521404049936e+00 9.544406369425754510e-07
1.752024767805112626e+00 1.150155377848971629e-06
1.756870652983787862e+00 8.186954391166333308e-07
1.760229693513875038e+00 9.364345764980390721e-07
1.760672014435023192e+00 9.850632744197525494e-07
1.760902318538895672e+00 9.930494379001611145e-07
1.761023382576849539e+00 8.283348555634233297e-07
1.763583362593316384e+00 9.283429306850952305e-07
1.763652742604292278e+00 8.367711366145120132e-07
1.765310396469531584e+00 8.825594800423155452e-07
1.767083407896719693e+00 8.819970906146831430e-07
1.767828098446632579e+00 9.352116940146669300e-07
1.768074200962503673e+00 9.299300690546975779e-07
1.770203405325207813e+00 8.162312684099964955e-07
1.771182307832747105e+00 9.160303015803218706e-07
1.772451416463329155e+00 8.224073689066211842e-07
1.773468283668366618e+00 8.599969736167469791e-07
1.773982525141768241e+00 9.914815620203480440e-07
1.776706948272381847e+00 8.774747281307013992e-07
1.777257557271758159e+00 9.447997481497039435e-07
1.778624252238860226e+00 7.252523266158471954e-07
1.779979617685374160e+00 9.122425376188533483e-07
1.781077199149975421e+00 8.943521288968621499e-07
1.784065519110297648e+00 9.751129676446110425e-07
1.787082166902506986e+00 9.480020466987121601e-07
1.789455888673449291e+00 1.153341110006851100e-06
1.792190202584102776e+00 1.002890949088228491e-06
1.792900268868717228e+00 8.473611805899488436e-07
1.793152583868103278e+00 8.259692446684669019e-07
1.798457288543431565e+00 8.257918932460606586e-07
1.799012919722686732e+00 9.956654372493719385e-07
1.800911483268055280e+00 9.505703732786928426e-07
1.805283403427857314e+00 8.338315609440346214e-07
1.807204870588156931e+00 9.196074667571390678e-07
1.807805814488156138e+00 9.530248388538388771e-07
1.809297869562047190e+00 9.805580179109547587e-07
1.813627485101440451e+00 9.160033260581805671e-07
1.816408390640769532e+00 8.766275213522983564e-07
1.816824320252887537e+00 9.667674484517604442e-07
1.819024059374045210e+00 9.815973195989935008e-07
1.826217701487157230e+00 8.354492511643237725e-07
1.829418985696829925e+00 9.761725234189207167e-07
1.831113980904298000e+00 7.170154702168371286e-07
1.831848473144346956e+00 9.013389249223474219e-07
1.835640856594713766e+00 7.842646402596723558e-07
1.838343112386757294e+00 7.218447265491329964e-07
1.838965701000433661e+00 7.360444913929313356e-07
1.840068331551154568e+00 9.176865529136762752e-07
1.845116535016732673e+00 9.351350089640698105e-07
1.845150201441949411e+00 8.636994594077843531e-07
1.848982055240918188e+00 8.548928167307451158e-07
1.850575006514715293e+00 9.056291292757767296e-07
1.852531221591763977e+00 7.453141953364777159e-07
1.853274266369560719e+00 7.850492038168896646e-07
1.854973480882312620e+00 8.116204870449531808e-07
1.856141433566020238e+00 8.860020117700637600e-07
1.857303269971582571e+00 8.259020497761456319e-07
1.860583949205641519e+00 7.170084532154941147e-07
1.860852132408717274e+00 7.579202371052367624e-07
1.864313087759826182e+00 7.923666620785524678e-07
1.864546572716864192e+00 8.542159812410816320e-07
1.866122995767806714e+00 6.967686129224588018e-07
1.867039805576154787e+00 8.063679975431742509e-07
1.868552173794195026e+00 6.509976352814781439e-07
1.869116390719382848e+00 6.798364701527013904e-07
1.870219392977418904e+00 6.543483881620770101e-07
1.876021098301722034e+00 8.426573937036776196e-07
1.880069929372211845e+00 7.663611876385121821e-07
1.884625662144241209e+00 8.522784758834928777e-07
1.893473991906841736e+00 7.093392862576296519e-07
1.893983294916840476e+00 6.861741271241390821e-07
1.899395930630037421e+00 7.487632766652830906e-07
1.901050383327385740e+00 6.920658110188863736e-07
1.902608143305621891e+00 8.157989689071345419e-07
1.905547272049722851e+00 6.689815887476833831e-07
1.905978393595875175e+00 7.137038321784033191e-07
1.907101310605956002e+00 8.211909796762466084e-07
1.909705009914187679e+00 6.725206421500337174e-07
1.911363607527979180e+00 6.479398951618134222e-07
1.918438867802189529e+00 8.808226165723584617e-07
1.923750068821922232e+00 7.361873655588405223e-07
1.925715134256318128e+00 7.236631901299471764e-07
1.927236269803691115e+00 6.938324545491440803e-07
1.930486909873265766e+00 5.896315071950844797e-07
1.934745510122022560e+00 6.070527292149061547e-07
1.938271541589666525e+00 7.770392887634739276e-07
1.939237661353676145e+00 7.290597565805885229e-07
1.941860566308758917e+00 7.307342860292799329e-07
1.946264660799540192e+00 6.673381525337374419e-07
1.950493321350945219e+00 8.011740126734406537e-07
1.951639834085490799e+00 7.291247308970473435e-07
1.955711668035664097e+00 7.145662681274386881e-07
1.956906218492728167e+00 7.150581413650877488e-07
1.957390366609753851e+00 5.873330859127005791e-07
1.960339964551732539e+00 7.062141940255837193e-07
1.961202108906679786e+00 6.262995256808803547e-07
1.961777912258494849e+00 7.561378205838936122e-07
1.963246212484876851e+00 5.966169394055413411e-07
1.971014865527782156e+00 4.804505124231835320e-07
1.972778675386785530e+00 5.320439928316458198e-07
1.972984101672476065e+00 5.361161111313204281e-07
1.973752405465296178e+00 5.344473824624592937e-07
1.975008908498527394e+00 5.223595773652916152e-07
1.976079644545504665e+00 4.768726741600676475e-07
1.978860116752570342e+00 6.504963636725315574e-07
1.979569333430659661e+00 6.105460483842913129e-07
1.981156804356740686e+00 7.339584813597743174e-07
1.983136651448592191e+00 6.519993988363802391e-07
1.983283041952924153e+00 6.281722588731657446e-07
1.989711457757385782e+00 6.574288414722697404e-07
1.992152525027545362e+00 6.301173134743114785e-07
2.014147907696320683e+00 6.059272314190694324e-07
2.022458907351152302e+00 5.690449470620127287e-07
2.025293903174507193e+00 5.961992655217806457e-07
2.030915415412425151e+00 5.613942511710813207e-07
2.033475545365064807e+00 6.775389404675218308e-07
2.035693743760658148e+00 6.618960433194510747e-07
2.036448557618075750e+00 6.214949648862277518e-07
2.039651916872364357e+00 6.089212872123837036e-07
2.045620083935681066e+00 5.771776489250005057e-07
2.046064187192488948e+00 5.245203067411703321e-07
2.046666662754142774e+00 5.152655572166141286e-07
2.047122673369375256e+00 6.486713189709739457e-07
2.047631738335033980e+00 6.003277359843256777e-07
2.058299945885260218e+00 6.363612980056409868e-07
2.059840512823052361e+00 5.518447389923957969e-07
2.060573074640468683e+00 5.621691477087815929e-07
2.063841510106477983e+00 5.091361579822495820e-07
2.068958869278138213e+00 5.175211396930377455e-07
2.069633507306218423e+00 4.655257144282388185e-07
2.070748536161512110e+00 5.777259923132820626e-07
2.070969701117174377e+00 5.421332472446771903e-07
2.071169069030854626e+00 5.843531003726541406e-07
2.075210422872247218e+00 5.285842787034181334e-07
2.076456838009867578e+00 5.523953375381288416e-07
2.080043811117251895e+00 5.904929178337397534e-07
2.086497932084149465e+00 5.527806681248316843e-07
2.090729031337978494e+00 5.488176201087300288e-07
2.091032336518203749e+00 4.633171800254114484e-07
2.103252927963226604e+00 5.533401651721541195e-07
2.116942652480834131e+00 4.905916606574380032e-07
2.117546347908207505e+00 4.696905545489186596e-07
2.118582813380429641e+00 4.493972577868256235e-07
2.121690812203223864e+00 5.102048450269065328e-07
2.125532203223072791e+00 4.928768629477658137e-07
2.126424524927344351e+00 5.090825070679461159e-07
2.128122494337341575e+00 5.553859579008886757e-07
2.130939994573399776e+00 4.644946042324309998e-07
2.134479841612359152e+00 4.998630239579410969e-07
2.140071333179113022e+00 5.819287096542585707e-07
2.142961602978188385e+00 5.277296584872346907e-07
2.146708437622154797e+00 5.312070962271716995e-07
2.149030616528657678e+00 5.365731465835092151e-07
2.154092584801450716e+00 5.126205569491259332e-07
2.158971175339607917e+00 5.443038420421993773e-07
2.162405564083376586e+00 4.368914537616887330e-07
2.165391413066042325e+00 5.511807291773102410e-07
2.171264060894211756e+00 4.850943588009010887e-07
2.175437125229043200e+00 4.876814310055660516e-07
2.182701657427401187e+00 5.187007451869157747e-07
2.183237224318792080e+00 5.408554249745394217e-07
2.192644278808778768e+00 5.267961746008920254e-07
2.192965571611392050e+00 5.086509599790565613e-07
2.198955324783591792e+00 4.253425222302138264e-07
2.200294270559995713e+00 4.064450874552551246e-07
2.201305020194259221e+00 4.106609133720669272e-07
2.202755835046794175e+00 4.202680391351806590e-07
2.202846711859558493e+00 4.099803879950423695e-07
2.203811102484723783e+00 3.497766142493996385e-07
2.206800086260378713e+00 5.631298529425853905e-07
2.209552122582166600e+00 4.534284025980557432e-07
2.212703651383119752e+00 4.922915963294740473e-07
2.223185455905190011e+00 4.567194498235814529e-07
2.227309891379625650e+00 4.562424937380371232e-07
2.227335217881677654e+00 4.359846007787259614e-07
2.229144765873811274e+00 4.531862832929490579e-07
2.231198648171555554e+00 5.114173204953758129e-07
2.239502629659931632e+00 4.231750770080079989e-07
2.243381551586689060e+00 4.169540381440206098e-07
2.244245838886907762e+00 4.275195473694323121e-07
2.252002200494148898e+00 4.639400985459779515e-07
2.253241187958443525e+00 4.481237954401576210e-07
2.257676414662742825e+00 4.534747933765177051e-07
2.258212838373562903e+00 4.322027378394942957e-07
2.263761910279042056e+00 5.072520953227833670e-07
2.265876015639928021e+00 4.432557584412526862e-07
2.272341059495278870e+00 4.577228907129827835e-07
2.277022526515735112e+00 4.651207199624043266e-07
2.286930941036206644e+00 4.313133990127548442e-07
2.295190964099483644e+00 4.239641508912270091e-07
2.300496616378935766e+00 4.144373427196159420e-07
2.302030974938827246e+00 4.505794625075227224e-07
2.304035383798387571e+00 4.523698953390765100e-07
2.304647747185567752e+00 3.448727596089577076e-07
2.307005991942291612e+00 3.788655121302520440e-07
2.309261357558018091e+00 4.101070114168898382e-07
2.318158773965811825e+00 4.058704636403599317e-07
2.321556352537232026e+00 4.527451752853582479e-07
2.323537408712844421e+00 3.478881609645556679e-07
2.328363378299962427e+00 3.931310992742207129e-07
2.328432320745986495e+00 4.823070522139034360e-07
2.336018755267525115e+00 3.967038489238957686e-07
2.349376353162489384e+00 3.772591304154642594e-07
2.355908897430707860e+00 3.439627234334669886e-07
2.356211508897877671e+00 4.138963452599313266e-07
2.360920071389114305e+00 3.953277101550883824e-07
2.361488458263564016e+00 3.593422385981704378e-07
2.363104446345562160e+00 3.586212818953358539e-07
2.369315705279453343e+00 3.637599687274214785e-07
2.370187253102149505e+00 4.033509966254740977e-07
2.373660332283560326e+00 4.107028829507389138e-07
2.380963946469446757e+00 3.950050498628905437e-07
2.384768667884186844e+00 3.824378920918626340e-07
2.386170289199573524e+00 3.786159450746405890e-07
2.389329106139118863e+00 3.800581624165397607e-07
2.396164662906569820e+00 3.798842142884184484e-07
2.398235210899256398e+00 3.139346512458282739e-07
2.401061467757052981e+00 3.677910333939162471e-07
2.403223846381236317e+00 4.364838805309862612e-07
2.408662512852706161e+00 3.784646458737578729e-07
2.410182907339607716e+00 3.285690677880692240e-07
2.419784324694624456e+00 3.838124630622491210e-07
2.427397364822628578e+00 3.696662414020056189e-07
2.430572401767527868e+00 3.206368760920087302e-07
2.463002421460338986e+00 3.433333422918949034e-07
2.464267945914391245e+00 3.597307056166492191e-07
2.487442614484167258e+00 3.501536219229568529e-07
2.497281789108603878e+00 3.444891795191541921e-07
2.504131773654374893e+00 3.554494657243275604e-07
2.509885643057593985e+00 3.288352033063214066e-07
2.513183456225470458e+00 3.257188318411290504e-07
2.515274852987538168e+00 3.396054024760476091e-07
2.518021881935947448e+00 3.262157883552014528e-07
2.525068001984323907e+00 3.115685542104065565e-07
2.539215997372918476e+00 3.089837635707844771e-07
2.542669765296625251e+00 3.329471480968613982e-07
2.554655685144208377e+00 3.770571518763542678e-07
2.560398149165349135e+00 2.860813331970570762e-07
2.575715056166407724e+00 3.260126835087942525e-07
2.584070578236687510e+00 3.063202589292724768e-07
2.593365183668173035e+00 2.893453574327266591e-07
2.594063945931378790e+00 3.353906546401398337e-07
2.609773637108808497e+00 2.853496045138459633e-07
2.619601519881574081e+00 2.756548332146503435e-07
2.620663196968036956e+00 2.934669242690578507e-07
2.623367269175493455e+00 2.688883788780060438e-07
2.632169220242750463e+00 3.332598209320214174e-07
2.645562879853218252e+00 2.648543423595849351e-07
2.662773667853099102e+00 2.966678980310849649e-07
2.670487597621161946e+00 2.954426699379766490e-07
2.686916267198396380e+00 2.701087824913789040e-07
2.708904781518111982e+00 2.480227157358071669e-07
2.711596827600796455e+00 2.906825425804999643e-07
2.735026105026669541e+00 2.711745005771463638e-07
2.736575126939474689e+00 2.335103478615341175e-07
2.800832799960458086e+00 2.404926345105937145e-07
2.807594199399790380e+00 2.387435995440735197e-07
2.831900343429427203e+00 2.451540888317458035e-07
2.841452074043683051e+00 2.094670401627269324e-07
2.856390143565669337e+00 2.426711255781689070e-07
2.860116795425374558e+00 2.476649054615566049e-07
2.867824532375631286e+00 2.130228157299736342e-07
2.871111279615210954e+00 2.291964536837896725e-07
2.905839221318661014e+00 2.097060254857044646e-07
2.960747127377998389e+00 2.215720499164149904e-07
2.980451035784243086e+00 1.919303256844763527e-07
3.031929762617900259e+00 1.836490674131813850e-07
3.033538479622186479e+00 2.159318964151940548e-07
3.065169519400414710e+00 1.967883561515030353e-07
3.160145694305805275e+00 1.949256753140451085e-07
3.423946314138163860e+00 1.510164673196136754e-07
3.798148714774287615e+00 1.149892697830445790e-07
