-3.495557983713867056e+00 1.596560179447695305e-07
-3.386194092317778015e+00 1.709770605379008242e-07
-3.351199577180420608e+00 1.498712656811262327e-07
-3.324520237456109140e+00 1.610086246957587080e-07
-3.107444798783992823e+00 2.039034259344426207e-07
-3.096042546482289382e+00 2.016781929318222649e-07
-3.091199788095928103e+00 1.932585868204551484e-07
-2.987126051357916978e+00 2.392120617451692360e-07
-2.954267011760291162e+00 1.989007758250863698e-07
-2.940594119622880420e+00 2.438160944641444498e-07
-2.918420313545904587e+00 2.149352344409470489e-07
-2.915725178162337894e+00 2.307082916492676157e-07
-2.888736483138163003e+00 2.508271736693578262e-07
-2.852327394257872850e+00 2.410011022875687722e-07
-2.834263432196283627e+00 2.774738012690410962e-07
-2.816965204487206442e+00 2.476738336539310093e-07
-2.769095529283302604e+00 2.311749472092025234e-07
-2.741300121500987341e+00 2.734239893205521944e-07
-2.733044065032498082e+00 2.827459914806501462e-07
-2.720647673734431837e+00 2.513862909837757410e-07
-2.713886095481319760e+00 2.624639783822159014e-07
-2.697403963002546590e+00 2.640329331214124994e-07
-2.688359536855770227e+00 2.989217249640912987e-07
-2.684116036946926354e+00 2.809909393381735053e-07
-2.681401544110506574e+00 3.318740775163290889e-07
-2.665653902891658156e+00 2.611905572554980459e-07
-2.664661735212494609e+00 2.901411934487001553e-07
-2.652987257934509291e+00 3.125113794938527760e-07
-2.633799925596075120e+00 2.972651962051410615e-07
-2.615718360431102951e+00 2.889875513780454215e-07
-2.610119963860197512e+00 3.104204194127958763e-07
-2.601003403134944492e+00 3.232582692501681815e-07
-2.599318372720928583e+00 2.997637131435964380e-07
-2.595327028989284468e+00 3.258892551858401000e-07
-2.594232463084223284e+00 2.528125757555992567e-07
-2.558400521477604439e+00 2.947179345546573483e-07
-2.553754743896054169e+00 3.056850396195401038e-07
-2.553493686228797355e+00 2.916177636563850462e-07
-2.542837091046215914e+00 3.615493810579711825e-07
-2.540253287357406631e+00 3.469888554770598494e-07
-2.526927500360919510e+00 3.409182343717872825e-07
-2.516068393081956955e+00 3.493319281908268594e-07
-2.494617734291620703e+00 3.541908933453284312e-07
-2.451960850098441114e+00 3.225307046526859786e-07
-2.449738740285485328e+00 3.569799772324765373e-07
-2.424544697054026976e+00 3.816456441347530495e-07
-2.420512019779582857e+00 4.337010561690582388e-07
-2.394606184474575183e+00 3.793216007413932927e-07
-2.383294141258170296e+00 3.296081166094038821e-07
-2.381270281996286986e+00 4.117719148144813076e-07
-2.371888293995731534e+00 3.973694806318113883e-07
-2.336033421887373063e+00 4.373821636764884494e-07
-2.334683206699223579e+00 3.959704709761626195e-07
-2.328052517072739747e+00 4.122088410531347352e-07
-2.325880510781657140e+00 4.194141989044701485e-07
-2.322981569355262454e+00 4.152843593488768106e-07
-2.322031717630071324e+00 3.728915566768119147e-07
-2.321315052287812097e+00 3.471500122030760686e-07
-2.319156998163113492e+00 3.358753534249757972e-07
-2.316489008992093979e+00 4.024819386146143895e-07
-2.309686716474819157e+00 3.881176341246163383e-07
-2.306580629773692159e+00 4.271819635435369838e-07
-2.305409166354679407e+00 4.015043075973075125e-07
-2.282070764956933839e+00 4.358897699837215954e-07
-2.276955168750356862e+00 3.953068960943475860e-07
-2.274245345327142509e+00 4.259741918979510669e-07
-2.264995515938239556e+00 4.656411519097590975e-07
-2.263111054177541437e+00 4.441364471618553247e-07
-2.257266309562883766e+00 5.080279383096422788e-07
-2.245947638965389181e+00 4.889938898369203918e-07
-2.244720239100049142e+00 4.350255928593157153e-07
-2.229994651176514076e+00 4.155912516940304903e-07
-2.229086967235690775e+00 4.128588158128164643e-07
-2.228250912855568977e+00 5.124746654226843337e-07
-2.226938660241121859e+00 4.743410275874919582e-07
-2.216999309798421525e+00 4.992972736584159534e-07
-2.216917597717504407e+00 5.189530637620893253e-07
-2.206778403573545599e+00 4.891220369070223639e-07
-2.172659165727903297e+00 5.077893654449670492e-07
-2.169778599847419276e+00 4.439815316749343060e-07
-2.166779210897616270e+00 5.468550708045195941e-07
-2.157876572321916431e+00 4.743824302294243435e-07
-2.155255599386844523e+00 4.596564964908415335e-07
-2.153163679207676928e+00 5.431018357232688592e-07
-2.145255381948908191e+00 6.000495096187260114e-07
-2.141433152768830173e+00 4.683145698467432024e-07
-2.140211514852428554e+00 5.230081624266041991e-07
-2.138933300457849462e+00 5.324486240632095869e-07
-2.136469597850480184e+00 5.700277106032765396e-07
-2.135787542196899480e+00 5.648623716472849644e-07
-2.128309581979617171e+00 5.814597370353347393e-07
-2.124385780979668681e+00 4.595317696056055791e-07
-2.121872136923955487e+00 5.206630286719777902e-07
-2.112942871815588930e+00 5.756215338789396371e-07
-2.110895417647617567e+00 5.030476113985063543e-07
-2.107008246142960672e+00 4.780678269849387988e-07
-2.091000675502683759e+00 5.939015075494985475e-07
-2.082074718924537216e+00 6.176486602378716652e-07
-2.081233988149024494e+00 5.958164202717760612e-07
-2.079705121784571897e+00 4.875834473235063269e-07
-2.079645881694452303e+00 5.706563487639427637e-07
-2.075391920357731124e+00 5.686548618231048001e-07
-2.073925334470369197e+00 4.671551531320462978e-07
-2.073776909681049663e+00 5.700565690148929092e-07
-2.073506846826853600e+00 5.479403423800308525e-07
-2.071690065541953896e+00 5.023264774001678558e-07
-2.070827082969722177e+00 6.239646970337441269e-07
-2.068937628155255837e+00 6.323658966936628415e-07
-2.066498249411839350e+00 5.360837452054890806e-07
-2.062896530415022855e+00 6.383702211341657563e-07
-2.061329499003379695e+00 5.864735076864556699e-07
-2.059815987630239320e+00 5.675320723857239273e-07
-2.058945580198608294e+00 5.866027252307640252e-07
-2.056782966587554107e+00 7.114344963701083620e-07
-2.056205728011632150e+00 5.470053140397247015e-07
-2.044187322078096170e+00 6.270362777362530844e-07
-2.036504482666243288e+00 6.833779840382008300e-07
-2.035737807623109408e+00 6.376495377942950450e-07
-2.032337321673567843e+00 6.765405426911404533e-07
-2.030179294625384934e+00 5.773900314450553740e-07
-2.028779778546283996e+00 5.683274206845586532e-07
-2.026868097173601058e+00 5.858106958636069559e-07
-2.017785447459874870e+00 7.098457211218588278e-07
-2.014898413527451471e+00 6.819181191666802686e-07
-2.012623302522057678e+00 5.794179881302315706e-07
-2.011727372980049999e+00 7.157426553672536052e-07
-2.011481460203498273e+00 6.343330296174949255e-07
-2.002581331927054009e+00 6.348963364015356485e-07
-2.000110996615574788e+00 7.608670807443410075e-07
-1.998796267250658731e+00 6.758899931913157058e-07
-1.993921102432783421e+00 5.956126573922323980e-07
-1.993720250762148094e+00 7.424239858899272812e-07
-1.988006725035812217e+00 7.069143430918526761e-07
-1.982873256891155567e+00 6.624172862244392996e-07
-1.981562955010754967e+00 7.414822603423230042e-07
-1.978164485500267356e+00 5.879115574354692847e-07
-1.975890702272649735e+00 6.926803281682606115e-07
-1.975086092379490621e+00 6.120032533434766997e-07
-1.969842900921231710e+00 5.977300078055854200e-07
-1.969637142196830837e+00 8.133643131721673350e-07
-1.968672238377479067e+00 6.651570260202382310e-07
-1.967242461645714258e+00 6.814781104568892125e-07
-1.965299927916502210e+00 5.975354798935998017e-07
-1.961934288472644505e+00 7.308830484103190480e-07
-1.961433137983752850e+00 7.317631098063108169e-07
-1.955961689986005725e+00 7.115315032201468462e-07
-1.949907624268656825e+00 6.696754362553413240e-07
-1.947726943837495339e+00 7.558259114456669172e-07
-1.943447944537651351e+00 8.130138921149764463e-07
-1.940590162606038449e+00 7.325303131934218059e-07
-1.933535854462414161e+00 8.153934359323548581e-07
-1.928955638532679151e+00 8.612655341752649155e-07
-1.928737363985208342e+00 7.196817164986518172e-07
-1.926829663053633901e+00 8.002896316905350999e-07
-1.921753143408416520e+00 7.053081958649891170e-07
-1.920415378066113510e+00 8.154275684854380851e-07
-1.918780287917182470e+00 7.405506917558819475e-07
-1.914370761229686746e+00 7.408543187471530058e-07
-1.912570134915770437e+00 8.131875850196611888e-07
-1.912367120456576419e+00 6.652349088808631235e-07
-1.909966820503228302e+00 7.432266266576875813e-07
-1.907701407599451393e+00 8.417582610638441884e-07
-1.905329732930045816e+00 8.426757748919242066e-07
-1.904688902388483873e+00 8.452650801511317920e-07
-1.902364549941565564e+00 8.090866380013079590e-07
-1.896543363761193257e+00 9.312789143342709016e-07
-1.896288506406580421e+00 7.729499797051255730e-07
-1.896221875760981668e+00 7.430225213445313711e-07
-1.896092344236171234e+00 8.041248493214957927e-07
-1.895464906031135932e+00 9.383798794792365776e-07
-1.890937634637569920e+00 7.201445117538539170e-07
-1.889983460804730786e+00 7.548145585586647470e-07
-1.889072749207476365e+00 8.452259641236446049e-07
-1.888153594635120669e+00 7.359578478533527716e-07
-1.886422058442102090e+00 8.754070136313995803e-07
-1.884722467192689876e+00 8.515934268121237593e-07
-1.880163718394892047e+00 1.015701029015321658e-06
-1.879263691137408321e+00 8.482352692517482717e-07
-1.878124562485962157e+00 7.688032486721551389e-07
-1.877456508541351488e+00 7.107240773745451778e-07
-1.876748662996354788e+00 7.255781342627971304e-07
-1.873412128826862366e+00 7.949741045762599022e-07
-1.872804528788859724e+00 9.288951056270505939e-07
-1.872736679620573774e+00 7.507170226408771835e-07
-1.869771333435469529e+00 8.761171759798351227e-07
-1.869552263678224246e+00 8.488509636322860938e-07
-1.867452418109184498e+00 8.328146098079601059e-07
-1.866401869668389057e+00 9.497562183393792033e-07
-1.865434420521261405e+00 9.174286233775431893e-07
-1.864330977320615812e+00 9.463369677777148397e-07
-1.862935257752908136e+00 7.416589867570780611e-07
-1.860823803335880378e+00 8.564608669848409716e-07
-1.859132203838811170e+00 9.460943755401322228e-07
-1.856915064953812644e+00 8.926752542941783140e-07
-1.854922611042612690e+00 8.591673964354584342e-07
-1.854606326711808251e+00 8.805757796052746056e-07
-1.850715960809361293e+00 1.151418825960554734e-06
-1.843740726792714169e+00 9.161470688181141437e-07
-1.842886367916300783e+00 7.699519873735302442e-07
-1.842596038551445492e+00 9.870145542969429616e-07
-1.837157071027290201e+00 8.730516308533547075e-07
-1.834184986365964276e+00 9.649326140130328772e-07
-1.832949641817018360e+00 7.599070777607722413e-07
-1.831944680253233759e+00 8.547806276964619152e-07
-1.831699105842272690e+00 7.468857281243238973e-07
-1.830181065486693015e+00 8.907317281990588878e-07
-1.830082334423252188e+00 8.913146745072686757e-07
-1.829684622246184000e+00 7.606127070310242812e-07
-1.827438646848855264e+00 8.836203232150598928e-07
-1.824928282547260361e+00 1.093994691010546554e-06
-1.820285349482756887e+00 9.802538846640301690e-07
-1.817278719833648415e+00 1.012448627075667292e-06
-1.816467061100994762e+00 9.995604996506768353e-07
-1.815502096742054983e+00 9.093006253606070854e-07
-1.815000604734668510e+00 9.366729470000154374e-07
-1.814713865910205337e+00 9.887079082456360065e-07
-1.811432089480518925e+00 8.772831271460027967e-07
-1.810709031184379425e+00 9.203950273800205602e-07
-1.808865288798767068e+00 1.003478783491300301e-06
-1.808370512069981118e+00 7.754694529735968937e-07
-1.807193970264396432e+00 7.916823763592357741e-07
-1.805891034625506375e+00 8.134774209544535206e-07
-1.805634140593041614e+00 7.579323931624009485e-07
-1.804966718448614671e+00 8.942506273702708197e-07
-1.804809866972959309e+00 8.059699784025888667e-07
-1.804782286781780876e+00 9.649898818614658649e-07
-1.803275379520734134e+00 8.452123549815041909e-07
-1.802788857553954571e+00 9.950822284916017458e-07
-1.801332816393964364e+00 1.002719570482126068e-06
-1.799198454486296450e+00 9.960876246060392407e-07
-1.792587209616135047e+00 1.007062661086446949e-06
-1.791848097615479807e+00 1.050555683733790375e-06
-1.791578295711804492e+00 8.635078572143621116e-07
-1.786047583276467510e+00 9.664027231040971753e-07
-1.785417930570046607e+00 8.826110403321097080e-07
-1.785013761319230952e+00 1.162916278964205011e-06
-1.783603062738682743e+00 8.855852921930650128e-07
-1.783276437699394812e+00 8.525947785674318259e-07
-1.783101510733610562e+00 8.046025641669968619e-07
-1.783053778052669180e+00 9.003689919767684849e-07
-1.778400883403031818e+00 1.024400532097023083e-06
-1.777263357790874077e+00 9.855637714595633502e-07
-1.776829412160748412e+00 1.067233041706453246e-06
-1.775758692884871648e+00 9.867174381263042140e-07
-1.774849088918415640e+00 9.640619560402610308e-07
-1.766832795445202109e+00 9.782555011553675062e-07
-1.765901111477085061e+00 9.435804292876979208e-07
-1.763864816660975610e+00 1.046678816883392147e-06
-1.761716848131780422e+00 1.128610896338789687e-06
-1.760285030021129682e+00 1.096781244082259569e-06
-1.755858860033911784e+00 1.000408665563812206e-06
-1.755683318238846491e+00 1.014113381919117888e-06
-1.755676852434508994e+00 9.900300128291087464e-07
-1.750401308814926615e+00 9.732725022994334023e-07
-1.747352767801285012e+00 9.433882844243715547e-07
-1.747119246143301385e+00 9.238352679276764952e-07
-1.745888000786449235e+00 9.989948268127723278e-07
-1.745175396899206088e+00 1.051594740963701569e-06
-1.744720791804845961e+00 9.541242915785074337e-07
-1.742506916549885654e+00 1.008425075787826151e-06
-1.742313316405966317e+00 1.030918364632002904e-06
-1.740083597011210959e+00 9.533775732846396136e-07
-1.738531398877909639e+00 1.260306241302739432e-06
-1.736782400490507694e+00 9.179627790075091768e-07
-1.736308808724672526e+00 1.119869122980504878e-06
-1.730827014243076167e+00 1.166387104528817896e-06
-1.730057688196635857e+00 9.725785465920113487e-07
-1.726324393379842004e+00 1.086642793451916444e-06
-1.725040232895177272e+00 1.147419159582728340e-06
-1.720207109336294282e+00 1.065126849810175434e-06
-1.718145368541224238e+00 9.858856078114464942e-07
-1.715695034446944822e+00 1.075789425414821262e-06
-1.712387599917762682e+00 1.036862381125929437e-06
-1.710885569886313018e+00 1.180710654458344860e-06
-1.708266500656494991e+00 1.066655177949926087e-06
-1.706611082632258025e+00 1.074996001570680484e-06
-1.703888624608421498e+00 1.130035943291889486e-06
-1.702041199303262031e+00 9.983041567771286685e-07
-1.700169523653727977e+00 1.081983076333794289e-06
-1.698356210415585377e+00 1.037282786207387576e-06
-1.696508961715814223e+00 9.551427623148612862e-07
-1.692339826201096464e+00 1.150820945602671477e-06
-1.691774418313178208e+00 1.013987046887824751e-06
-1.690851022184365560e+00 1.173867710338316255e-06
-1.687554438310550298e+00 1.077989334975441606e-06
-1.683083665257026684e+00 1.164583934350965342e-06
-1.679300477404161329e+00 1.038950465996093079e-06
-1.674092063018928878e+00 1.064502813023994825e-06
-1.672500969443448504e+00 1.107418758498086548e-06
-1.670986402819652161e+00 1.142717260953149041e-06
-1.668615174501896448e+00 1.053364146262244268e-06
-1.666478215483585101e+00 1.202754101251452947e-06
-1.666266914140493327e+00 1.031563782638299586e-06
-1.665518330053170182e+00 1.025727419611952739e-06
-1.662966136700048336e+00 1.179851855335637519e-06
-1.661228003785825802e+00 1.046968146613052757e-06
-1.660665491221172463e+00 1.060014084627239827e-06
-1.660347276848175291e+00 1.148889727530175102e-06
-1.659692507468873535e+00 1.026489132601008631e-06
-1.659459207092713218e+00 9.801580219430162107e-07
-1.659018320350933440e+00 1.104051136184620500e-06
-1.657634760436371701e+00 1.109066703356368488e-06
-1.649712430659565854e+00 1.216449120527664258e-06
-1.643962618170061507e+00 1.111729209927780657e-06
-1.643847626310458665e+00 1.236796316013945273e-06
-1.640962795484410153e+00 1.212467183363436959e-06
-1.639852036168113703e+00 1.162630839099717855e-06
-1.638397048236033493e+00 1.113238153070716033e-06
-1.635604197718899755e+00 1.318132840437180641e-06
-1.634120776965579669e+00 1.427287845478378092e-06
-1.633712047011505852e+00 1.174973057515244812e-06
-1.628561086027142446e+00 1.197693310050753860e-06
-1.628375014786431096e+00 1.153761985947020664e-06
-1.627869409732244810e+00 1.013937957350268756e-06
-1.627633280354698009e+00 1.061927906758851478e-06
-1.626525586453588579e+00 1.146811112228578029e-06
-1.626487354687122799e+00 1.189821404969021316e-06
-1.615908894447844357e+00 1.150262113508940295e-06
-1.613290248269295679e+00 1.111597475309874854e-06
-1.612886190456996882e+00 1.196120134374718114e-06
-1.612688458902155064e+00 1.222973962598526581e-06
-1.612623222163535486e+00 1.225080015114289054e-06
-1.612328357192712280e+00 1.180840568098078766e-06
-1.608772713691517531e+00 1.210524949994449154e-06
-1.608529363393352396e+00 1.155725908835912218e-06
-1.607615033044723196e+00 1.446191231188214400e-06
-1.602212333148375523e+00 1.255892115530435326e-06
-1.601944898276090434e+00 1.242246796988693776e-06
-1.601853836197995484e+00 1.324231726490270565e-06
-1.599383643106482955e+00 1.727583019477058387e-06
-1.598017137776179153e+00 1.397638803985913540e-06
-1.595461836318777360e+00 1.400733320744228925e-06
-1.594726583133554643e+00 1.316675860909549616e-06
-1.594637523927193046e+00 1.317327668855654540e-06
-1.594225760760452637e+00 1.247648607117804238e-06
-1.589117913324169740e+00 1.518932778642700941e-06
-1.587041918752228886e+00 1.334841892198692159e-06
-1.586835541018749796e+00 1.317953311234476785e-06
-1.584571560312569405e+00 1.514854263128898398e-06
-1.576754131031864237e+00 1.934600419818284659e-06
-1.574320739368674227e+00 1.557925764524148449e-06
-1.573032793676764740e+00 1.469525249682325778e-06
-1.572618439492174502e+00 1.362323181089332314e-06
-1.572316336991347985e+00 1.307548830100323505e-06
-1.572054914065275755e+00 1.293189063232388562e-06
-1.567696936551757236e+00 1.428406407695000281e-06
-1.564928003294347114e+00 1.322640435111772648e-06
-1.564013502518415644e+00 1.356147592335041425e-06
-1.563550186021688493e+00 1.457181249153311541e-06
-1.563442947945562711e+00 1.433677124137433803e-06
-1.562179311930834480e+00 1.425532590299164631e-06
-1.561415756079055361e+00 1.312338611894065829e-06
-1.560955045110818062e+00 1.433588206552959749e-06
-1.560377900537350371e+00 1.564016964068014519e-06
-1.558397657330188313e+00 1.773513820741669027e-06
-1.558165174871341430e+00 1.349560886924978991e-06
-1.556813372503617066e+00 1.406923532211526205e-06
-1.555465522301898718e+00 1.373743351068948797e-06
-1.553819342318802699e+00 1.570184491288110403e-06
-1.552562975579036220e+00 1.560562088526294866e-06
-1.551188622399387596e+00 1.424846266834575221e-06
-1.551045012598295747e+00 1.515654918499938005e-06
-1.548450648004049413e+00 1.556328572498259000e-06
-1.548074727179712395e+00 1.461496193429549424e-06
-1.547306903795454547e+00 1.585694046323484972e-06
-1.546314080549009873e+00 1.576841599512746213e-06
-1.546165101611098214e+00 1.650456460241885233e-06
-1.545348827919399426e+00 1.719191335659749730e-06
-1.541474379803358330e+00 1.847484332242586863e-06
-1.539703122896890486e+00 1.532822820659261144e-06
-1.536554304439432528e+00 1.678337195641278501e-06
-1.536106716878617329e+00 1.604521715135767044e-06
-1.535211145951655975e+00 1.866885991247442225e-06
-1.534729344503274140e+00 1.577117944019518587e-06
-1.532731064858623871e+00 1.674014283704684420e-06
-1.532423031272142522e+00 1.727519350659175517e-06
-1.529789111263075929e+00 1.811034792084592019e-06
-1.529602597076179737e+00 1.784600443055882626e-06
-1.529359335053206204e+00 1.657373031383258170e-06
-1.527192790193003358e+00 1.958004023677943590e-06
-1.526675078108292949e+00 1.693789582683192523e-06
-1.525856160497712333e+00 1.883393967504917263e-06
-1.523958144945579907e+00 1.657507084574307483e-06
-1.519943891674160108e+00 1.679174193805622390e-06
-1.518935478330658562e+00 1.882544355551826338e-06
-1.518644418700785481e+00 2.068633929584489712e-06
-1.516651531338496506e+00 1.815799142882661805e-06
-1.516575924594358415e+00 1.513847340286691224e-06
-1.514544623154733705e+00 1.667515662119278100e-06
-1.514199877271635630e+00 1.998772652013556903e-06
-1.513928604948503454e+00 1.697952787322839652e-06
-1.512295778844403360e+00 1.661511813976858182e-06
-1.510234153805146473e+00 2.032380860508242891e-06
-1.508628837966402569e+00 1.692866847535610738e-06
-1.506687399089371215e+00 1.843076957938193528e-06
-1.506079729170001880e+00 1.812714314309092767e-06
-1.505626901447565169e+00 1.897805197452710277e-06
-1.504822278629144305e+00 1.666735269297150591e-06
-1.502385535181994580e+00 1.761395053602996757e-06
-1.502154661305414418e+00 1.892560572703432922e-06
-1.501910256409946909e+00 1.651826159499671861e-06
-1.497966330764375353e+00 1.912117280662300016e-06
-1.497478754573994930e+00 2.103824370567998879e-06
-1.496821033800793233e+00 1.710151765707292410e-06
-1.493837211252413200e+00 1.860232288390018667e-06
-1.493750726564544440e+00 1.954773782979012415e-06
-1.492817254273749228e+00 1.758811894313268517e-06
-1.490488842168756323e+00 1.972008560139330625e-06
-1.489355273202535912e+00 1.778407877818020457e-06
-1.488714661486397972e+00 1.682749362765560996e-06
-1.487228776666916330e+00 1.700870062508544946e-06
-1.486838502664096007e+00 1.873426944651508143e-06
-1.486184975424347687e+00 2.089856075365246646e-06
-1.485709369750280562e+00 1.601858908160943123e-06
-1.484235561682065718e+00 2.063675191298627963e-06
-1.484041198820136742e+00 1.870613706316116603e-06
-1.480256684778528564e+00 1.520084359993351298e-06
-1.477748753162637874e+00 1.560979731262684845e-06
-1.477454146733579332e+00 1.629304594146723841e-06
-1.477357091675342016e+00 1.885279571440225135e-06
-1.477215078844674068e+00 1.811235931711472227e-06
-1.477047900267241198e+00 1.564837855935760101e-06
-1.477027517340331109e+00 1.822829865374031496e-06
-1.476857770771364153e+00 1.666252554091445553e-06
-1.476628706068658037e+00 1.806129418956307550e-06
-1.476565631960570890e+00 1.806859580224130986e-06
-1.475278287996649285e+00 1.897380721059663395e-06
-1.473856142998664298e+00 2.195610010239716983e-06
-1.473726601768022393e+00 1.715334575456873763e-06
-1.473673772978153274e+00 2.184885593036118517e-06
-1.472821252549119997e+00 1.983411994570548295e-06
-1.472408520714252989e+00 1.740378449878857625e-06
-1.467774269678216559e+00 1.752039311919629494e-06
-1.464578295001778052e+00 1.888912366096773512e-06
-1.464228310408236089e+00 1.811540813738287964e-06
-1.461793092162932961e+00 1.850807096858499909e-06
-1.459418631718347736e+00 1.841479405856659062e-06
-1.459300496842929729e+00 2.690689810712775698e-06
-1.457775359615844701e+00 1.835732016665074542e-06
-1.456930946170107877e+00 1.707375423461718983e-06
-1.456387340940902941e+00 2.373470836430869036e-06
-1.455698089082712254e+00 1.594260524629929805e-06
-1.454742640717038737e+00 2.092840490812651267e-06
-1.454717489370030314e+00 1.689614988550798886e-06
-1.454515832961003730e+00 2.113909091232648021e-06
-1.453081497461520932e+00 1.949975813292405303e-06
-1.450717283210668951e+00 2.054002764117085805e-06
-1.448872978267483180e+00 1.648679723843349854e-06
-1.446555612156971371e+00 2.480228062402159311e-06
-1.444561486638518799e+00 2.151208304208063790e-06
-1.444069024960525693e+00 1.946226350246455008e-06
-1.442463841214425280e+00 2.201305521657422942e-06
-1.441762085387687353e+00 2.531700657269707142e-06
-1.441396542469087771e+00 1.899281504110350394e-06
-1.440988307522274026e+00 1.982957689876139167e-06
-1.439495788945110544e+00 2.062616475153458337e-06
-1.438919318619910070e+00 2.309952829669981250e-06
-1.438713165560650209e+00 1.707774206430001155e-06
-1.438419870770963671e+00 2.111608511684521092e-06
-1.436510933803504253e+00 2.531636931537561692e-06
-1.435646477568791823e+00 2.660492429147831118e-06
-1.435433816730731227e+00 1.680502518435304494e-06
-1.434903316508251425e+00 2.309232546517637885e-06
-1.433562400431399375e+00 2.418205123535171976e-06
-1.432522370967177272e+00 2.188620491775314668e-06
-1.428196882043500038e+00 2.424842214463221657e-06
-1.426205698729295701e+00 2.330111746607060869e-06
-1.425277110544684867e+00 2.069686876052815995e-06
-1.425119719678991093e+00 2.233002632598987676e-06
-1.422207251405913420e+00 2.066838273770011480e-06
-1.421926090566979939e+00 1.921303616588188275e-06
-1.420554156382012545e+00 1.929547948069154084e-06
-1.420521902830502725e+00 2.143713253430120807e-06
-1.420050008645087125e+00 2.241091298493985389e-06
-1.419906454292178211e+00 2.194094617878104387e-06
-1.419005117372505120e+00 1.834338096603117397e-06
-1.418364330299898945e+00 2.393288064337193576e-06
-1.417338686242693102e+00 2.214728634674084120e-06
-1.417174116296679998e+00 2.399285424862976341e-06
-1.416109288343810002e+00 2.079413204529061847e-06
-1.416000765587251298e+00 2.030484354480604455e-06
-1.414763412854666891e+00 2.201940116852534724e-06
-1.413907176217119588e+00 2.490760314553834370e-06
-1.413435728394660140e+00 2.222392951707634665e-06
-1.412958397810489597e+00 2.198912490896273958e-06
-1.412927023348829803e+00 2.493595885420724167e-06
-1.411211754587573308e+00 2.681782395131917840e-06
-1.408656437305231046e+00 2.394473175748972264e-06
-1.408652077989319240e+00 2.282642430836991727e-06
-1.408199188174853234e+00 2.675648146425835443e-06
-1.406894865901841873e+00 2.531183605432459169e-06
-1.406024581039263754e+00 2.432049688347742180e-06
-1.405831977579043546e+00 2.568551291623019711e-06
-1.404132358705645123e+00 1.931871184114541043e-06
-1.402530264727829490e+00 2.519449179153934856e-06
-1.402517371533697599e+00 2.252997185450210423e-06
-1.401737046646693408e+00 2.630471057567336731e-06
-1.401445619647570417e+00 2.342007538588999403e-06
-1.401323087778276744e+00 2.282431203262966203e-06
-1.401148893625542735e+00 2.537252332741253489e-06
-1.400339331511919250e+00 2.322930582056771539e-06
-1.398404949820287513e+00 2.293062438920871797e-06
-1.394934775510019431e+00 2.289183328899270862e-06
-1.393739035481851962e+00 2.465107063777373609e-06
-1.393592181432420585e+00 2.680369742082376842e-06
-1.393567022102885078e+00 2.521683235242985160e-06
-1.393197658186733356e+00 2.306190593953386947e-06
-1.393038849556545777e+00 2.368612258869261068e-06
-1.392817553497359251e+00 2.708305397432904525e-06
-1.392643339181440121e+00 2.843475909167021905e-06
-1.392606197349627761e+00 2.818725987511562309e-06
-1.391654638733966554e+00 2.473494277139520308e-06
-1.390568096753112881e+00 2.725779759595057341e-06
-1.387095261268023849e+00 3.349216642752238173e-06
-1.385327913000905742e+00 3.113206587549795504e-06
-1.383716909228642322e+00 2.421129068562517951e-06
-1.383383028939439763e+00 2.637576040184805932e-06
-1.382668681469139127e+00 2.421366821712511455e-06
-1.378812070977580184e+00 2.368002677944971024e-06
-1.378687568940740071e+00 2.335696312700152457e-06
-1.378074065405723747e+00 2.260502612463025000e-06
-1.377505227026151857e+00 2.076770941905547789e-06
-1.377303744280769848e+00 3.074436972508493804e-06
-1.376881765107168309e+00 2.301687335498521486e-06
-1.376148107077814320e+00 2.372402259564312173e-06
-1.376124190223687593e+00 2.471043962861827810e-06
-1.375798914069357837e+00 2.702611956716942166e-06
-1.374769863466021702e+00 2.225993153079800660e-06
-1.374197477599646611e+00 2.729639675090727091e-06
-1.373852221237745974e+00 2.763996512012696786e-06
-1.373360347136659776e+00 2.354892232349414096e-06
-1.373053224269789485e+00 2.744311076424596944e-06
-1.372444047077551188e+00 2.875934332532636223e-06
-1.372163536583599575e+00 2.417362341216091668e-06
-1.372116824403019741e+00 2.778161452244966444e-06
-1.371994155781331770e+00 2.436702277065008935e-06
-1.370774576702883163e+00 2.218718583559485378e-06
-1.370655987694312516e+00 2.896161209104064039e-06
-1.370565670328408592e+00 2.491533731813416597e-06
-1.369246162258137112e+00 2.546312404248055478e-06
-1.368764236404618195e+00 2.433759194157889368e-06
-1.367913488947634093e+00 2.735556340575817792e-06
-1.367440082650335453e+00 2.518370030562185740e-06
-1.364924340494864774e+00 2.585856040566007615e-06
-1.363581015681016861e+00 2.980509555522722374e-06
-1.361350428580126781e+00 2.885691077302882772e-06
-1.361044354727568129e+00 2.622748821625590862e-06
-1.360640127319302284e+00 2.584639976636191578e-06
-1.360631368818722819e+00 2.784667456813326856e-06
-1.356501621178545003e+00 3.078352536020333682e-06
-1.356180937410693010e+00 2.663010110552319477e-06
-1.353989283412320832e+00 2.329633904662567657e-06
-1.353951704309696469e+00 2.796994686391181479e-06
-1.353843948438853140e+00 2.488668797567701585e-06
-1.353201718722460978e+00 2.551176589033309484e-06
-1.351407749859262708e+00 2.595788212721641794e-06
-1.350687652146361328e+00 3.163774252072991243e-06
-1.349768404060351923e+00 2.604163753132926683e-06
-1.348574088888590650e+00 2.464915142367131587e-06
-1.348110237519620336e+00 2.463841082197859458e-06
-1.347982361020032771e+00 2.294639460533513878e-06
-1.347833213449195267e+00 2.637189255863748312e-06
-1.347208426156515815e+00 2.815660122612068516e-06
-1.346097787391015821e+00 2.887565108377411363e-06
-1.345925567641399923e+00 2.615562591448602127e-06
-1.345598965124345625e+00 3.129871265523921791e-06
-1.345441143087086067e+00 2.772222089232872954e-06
-1.344759147512353703e+00 2.276139120380605503e-06
-1.342035036106411505e+00 2.852762106695193397e-06
-1.341900616387327938e+00 2.512275010472095770e-06
-1.340670986794111119e+00 2.799601673569940819e-06
-1.340131659893297966e+00 3.364223694465420561e-06
-1.339403658296564714e+00 2.557966454674438949e-06
-1.336937577186610548e+00 2.926338774533243752e-06
-1.336084599781013349e+00 2.971845174028194593e-06
-1.334681697287057878e+00 2.673315863388859631e-06
-1.334067389183418495e+00 3.305870887420952012e-06
-1.331826018784996402e+00 3.826578745745060561e-06
-1.330828965482019566e+00 2.979959707710294201e-06
-1.330606289628202932e+00 2.816718588809004290e-06
-1.330602498285816893e+00 3.058318709754241342e-06
-1.330083483832573243e+00 2.763781492204078085e-06
-1.328358658427989836e+00 4.036407618179474753e-06
-1.326832508399271804e+00 3.034834617004501389e-06
-1.325123191938098355e+00 2.961414628435650908e-06
-1.324796161458555721e+00 2.718992894420342204e-06
-1.324644305218256823e+00 3.157835178430369808e-06
-1.324291805287520551e+00 2.946858752034799486e-06
-1.323986176179200669e+00 3.170256583468580433e-06
-1.322793891208513539e+00 2.747016947353454865e-06
-1.321793178458072759e+00 2.432585603673267723e-06
-1.321372646785751170e+00 2.817333216346602397e-06
-1.319809794327791108e+00 3.652150856379197570e-06
-1.317234548111800851e+00 3.010556356193462427e-06
-1.314151248186994136e+00 2.521730484702320728e-06
-1.314129706374091100e+00 2.918893116280491712e-06
-1.314109084285822293e+00 2.785988333572653580e-06
-1.313887082817646768e+00 2.779389202646815983e-06
-1.313365230774109049e+00 2.761106327601522879e-06
-1.312742080201984685e+00 2.494887001489537817e-06
-1.311411427510350780e+00 2.590262818727895659e-06
-1.311392497937116541e+00 3.434211590501380813e-06
-1.311175641874618547e+00 2.945244540136311298e-06
-1.311107994630521745e+00 2.836977878323107191e-06
-1.307983701256951736e+00 3.045147280631351102e-06
-1.305734603729628907e+00 3.114590175577500967e-06
-1.304519365899141636e+00 3.373758086417120946e-06
-1.303891272453511441e+00 3.132340218543059556e-06
-1.303748003262175992e+00 2.913596053631222418e-06
-1.303275991042372572e+00 3.401370221146929754e-06
-1.302109141645011015e+00 2.977984320499943399e-06
-1.300670698198412190e+00 3.135255913239562016e-06
-1.300333447201064585e+00 2.979173914436771082e-06
-1.300272202597714255e+00 3.166694617743424256e-06
-1.300177698821859185e+00 2.736732366017386068e-06
-1.300061157736077222e+00 2.931522064505224029e-06
-1.299227118610289944e+00 2.965736118122119049e-06
-1.299170801541819964e+00 2.841651765805266264e-06
-1.299115023226932841e+00 2.745321444223762036e-06
-1.298935487783023701e+00 2.709276677666498503e-06
-1.298477802379086388e+00 2.415612660627598875e-06
-1.296910980228518362e+00 3.654608380603682532e-06
-1.295455435927320487e+00 3.212797570779439132e-06
-1.294604950690215528e+00 2.938713536453431028e-06
-1.293160326585669040e+00 2.998420375284901082e-06
-1.292151047437050115e+00 3.144355399550483760e-06
-1.292144386489875174e+00 3.228340944851410359e-06
-1.290850519158507792e+00 2.902087733550935637e-06
-1.290804479602090771e+00 3.572513128264420257e-06
-1.290134971053120028e+00 3.700274555604909095e-06
-1.288799112021873805e+00 3.100284952451015222e-06
-1.287805654935438193e+00 3.229833369370985822e-06
-1.287778869264215587e+00 2.755090555996157158e-06
-1.287342468609105950e+00 3.115478855430743913e-06
-1.285345182627314786e+00 3.178491326350740059e-06
-1.282641075059510083e+00 2.941775095869254767e-06
-1.282574186664233284e+00 3.147020541687282509e-06
-1.282444422382798432e+00 3.467950677191867569e-06
-1.279315676080531095e+00 3.003361540521363757e-06
-1.277920168328091854e+00 4.714530583783436027e-06
-1.276128352475127681e+00 4.408953595736141049e-06
-1.271772987515891407e+00 3.826195346423605149e-06
-1.267894787275466006e+00 3.725987555072284362e-06
-1.267893219584385722e+00 3.545820487829755053e-06
-1.266566810752606687e+00 3.820425436219496127e-06
-1.266380272804926488e+00 2.997109444551251183e-06
-1.265171381449267773e+00 4.018005238427943970e-06
-1.264419402789226154e+00 3.092253052090599887e-06
-1.262848408832404568e+00 3.810757266599190889e-06
-1.261259610582812662e+00 3.406658534054010701e-06
-1.261203283493894656e+00 3.790627513597343656e-06
-1.259420736354336157e+00 4.110233870549058074e-06
-1.258666912963594342e+00 2.943617726464627853e-06
-1.257980353818433317e+00 3.652393750204448714e-06
-1.257764549071608950e+00 3.483429782912644339e-06
-1.257161529420338875e+00 2.941169248389967765e-06
-1.255997015719651166e+00 3.047924299768863051e-06
-1.251753494185009252e+00 3.373239857553502368e-06
-1.250007059308400281e+00 3.816831995190884536e-06
-1.249768243968424342e+00 3.779109667150530433e-06
-1.249546699252716220e+00 3.436177125370890054e-06
-1.249253418236203172e+00 3.942009592765233892e-06
-1.248135243204717693e+00 3.465698932159914799e-06
-1.247747780708903909e+00 3.905678229944836717e-06
-1.247681374612990446e+00 3.530433958496187083e-06
-1.247084284467709470e+00 3.137414174457181144e-06
-1.246814360277396672e+00 3.897039488241729872e-06
-1.246663399120301552e+00 4.249913055613027590e-06
-1.246203408497922771e+00 3.630565126832438926e-06
-1.244850618204949022e+00 4.067330434139496240e-06
-1.244308406265620448e+00 2.874105624949760475e-06
-1.244114351545008601e+00 3.321623757877677524e-06
-1.243754020839392682e+00 3.481097502916301238e-06
-1.243650460824765158e+00 3.205493081262822305e-06
-1.242156402273895344e+00 2.941951705140556218e-06
-1.242142016479287792e+00 3.430228424683463664e-06
-1.241759533573694396e+00 4.166897191045753700e-06
-1.241610374444490184e+00 3.271809623763540515e-06
-1.241069820151734504e+00 4.345271429967288909e-06
-1.240764766472587377e+00 2.922154643092444387e-06
-1.239708565287834352e+00 4.246307033559967448e-06
-1.238720872108472815e+00 3.820120733919285489e-06
-1.237960813316528519e+00 3.870731914124096673e-06
-1.237954485272062310e+00 3.484892212517935233e-06
-1.237307796054520681e+00 4.287045614515313109e-06
-1.236713877109978377e+00 3.581925748961143295e-06
-1.236228512730515039e+00 4.398975395305885983e-06
-1.236175592003955659e+00 4.063252534855533451e-06
-1.234309128642444797e+00 4.331665741099070341e-06
-1.234114746514083372e+00 3.309522680756776014e-06
-1.232534561910090254e+00 3.896494562601073483e-06
-1.231799587415744579e+00 5.281380744007622006e-06
-1.231401761039026432e+00 4.984544344398738443e-06
-1.230407863376755229e+00 4.417082735139387079e-06
-1.228838223817348085e+00 4.439376671685301303e-06
-1.228081287882821337e+00 4.306596103101358856e-06
-1.227705982301647181e+00 3.616563391741259813e-06
-1.227098533285661874e+00 3.934210791452688533e-06
-1.227059624086181078e+00 7.180406970068876041e-06
-1.225976585386449269e+00 3.383996692992198709e-06
-1.225775478801843343e+00 3.169960270100887783e-06
-1.222705552414217189e+00 4.704697720057678943e-06
-1.222241356342028018e+00 4.113969714898729016e-06
-1.221833764863393457e+00 3.586279717588745796e-06
-1.220702967562797614e+00 4.006810979254488959e-06
-1.220632431753444713e+00 3.866323436691444467e-06
-1.220472311139693344e+00 3.995412324850811694e-06
-1.219478511507855245e+00 5.000145533239479606e-06
-1.218689245404640964e+00 4.407794481009148969e-06
-1.218478656371768665e+00 4.017857884112030491e-06
-1.217798855082607545e+00 3.837292815124347367e-06
-1.217622125222656448e+00 5.450494074026399528e-06
-1.217359979824780281e+00 4.317414341238380254e-06
-1.217198398471242893e+00 3.689921765381809517e-06
-1.216729903562046466e+00 4.735838495757070452e-06
-1.216582721151538538e+00 4.035735103130104396e-06
-1.215464250649194611e+00 3.769682164398506323e-06
-1.215098209193457457e+00 5.317380766297015503e-06
-1.214344279920980485e+00 4.122772707667013813e-06
-1.213496231554627158e+00 4.566410419616073125e-06
-1.211725873311544799e+00 5.722471260277326409e-06
-1.209837364529759318e+00 3.643872825633156660e-06
-1.206821268144661730e+00 3.670260025715982950e-06
-1.206773793419153362e+00 4.320085050184926904e-06
-1.206744039585158745e+00 4.318610554305415935e-06
-1.206626464766897167e+00 5.359636978087055073e-06
-1.205486268942753236e+00 4.732010310508539198e-06
-1.205483684396917665e+00 5.744691136418315966e-06
-1.204893980519654573e+00 4.709178974887618441e-06
-1.204403517830522130e+00 4.017335432375578908e-06
-1.203817230512475467e+00 5.100972159551898153e-06
-1.203747034038983088e+00 4.225044667579047527e-06
-1.202743883441481421e+00 3.594953060706423224e-06
-1.202581201285017887e+00 3.563025140956914457e-06
-1.202126715333403872e+00 4.283895949189014761e-06
-1.201582894317497097e+00 6.832268141079361217e-06
-1.201395229484726990e+00 4.257001432920612340e-06
-1.200649362454082603e+00 4.004859328356695984e-06
-1.199789778539590346e+00 4.368971915278330676e-06
-1.198174689441141139e+00 4.151031084097466641e-06
-1.197740970456205645e+00 4.346297887337301926e-06
-1.197332557001747011e+00 4.552777924109902335e-06
-1.195974407051686006e+00 4.019021331507836442e-06
-1.194895416601102323e+00 4.209473246247121686e-06
-1.194569810904672735e+00 3.905795760892260926e-06
-1.193277529305291740e+00 4.031431632990252275e-06
-1.191830600075435287e+00 4.494298895645402067e-06
-1.190411498898820808e+00 3.729368543654246718e-06
-1.189528970496678939e+00 4.019330773682345527e-06
-1.188944762995422399e+00 4.566539810141410899e-06
-1.188325221726058700e+00 5.162412017882291309e-06
-1.187612275676913853e+00 4.947418765831782589e-06
-1.187553995930478612e+00 4.517590393198324233e-06
-1.187038674223782397e+00 4.967138529982164936e-06
-1.186556529361050050e+00 4.902859042276233084e-06
-1.186480473832292049e+00 4.304061829642886499e-06
-1.182394164274862769e+00 4.753950097876427806e-06
-1.182186463045286962e+00 5.053315415384597090e-06
-1.181762139693023128e+00 4.777992806128700925e-06
-1.181677901382037099e+00 4.334190735575154748e-06
-1.179650347127900956e+00 5.464180077364176487e-06
-1.179021802969205446e+00 4.196178086884607405e-06
-1.178251589888799300e+00 4.230842494631925959e-06
-1.178044794641450066e+00 4.699269331847651149e-06
-1.177584006878619638e+00 4.089861339739948557e-06
-1.175995924185206931e+00 6.231790692767518472e-06
-1.175929675342911596e+00 4.131954385410453971e-06
-1.174082880536363893e+00 4.936085271640890210e-06
-1.174075789422312610e+00 5.195364723206320592e-06
-1.173930919209676293e+00 4.633011962911943970e-06
-1.173852239569904476e+00 5.484316235778803462e-06
-1.171374712844539756e+00 4.573925054697353743e-06
-1.170984898995277135e+00 3.951063798436732230e-06
-1.170211661522695845e+00 4.455872818441059639e-06
-1.169182070262028583e+00 4.492515242922387323e-06
-1.168172630782996713e+00 5.302502811982790922e-06
-1.167921800628061835e+00 4.132665128840367614e-06
-1.166526073713370915e+00 5.794464589070928359e-06
-1.164627368106258887e+00 4.274333673246363301e-06
-1.164095204080944468e+00 4.687484801770414412e-06
-1.163836910361619292e+00 5.139169418417960454e-06
-1.163004084603616928e+00 5.352368836540965026e-06
-1.162352326991360929e+00 4.381760435526723910e-06
-1.161984696928877625e+00 5.186292393228153876e-06
-1.161706775114992984e+00 4.262063934040374738e-06
-1.161588486718317714e+00 4.890490445219943095e-06
-1.161495694118851230e+00 4.940254343554124746e-06
-1.160340882718795985e+00 4.310515663979216064e-06
-1.158836547788315352e+00 4.564289633560211976e-06
-1.157781032141509847e+00 4.814211750174700608e-06
-1.157505212749448509e+00 4.679450513934446958e-06
-1.157364550447746110e+00 4.402982373833640015e-06
-1.156476980474900440e+00 4.664359439801775668e-06
-1.156268853890998427e+00 6.003588889399324611e-06
-1.155476271244380015e+00 4.365430823149567658e-06
-1.155187685130463437e+00 5.112553828662332953e-06
-1.155178728012412392e+00 5.090481452548980541e-06
-1.155160154607500544e+00 4.369409209733700671e-06
-1.153574550458467129e+00 5.336703704962532632e-06
-1.150078568524698586e+00 4.555430562636193896e-06
-1.149045907206818651e+00 5.469864670377017632e-06
-1.148691364200891130e+00 5.680840512967664300e-06
-1.148276913149092859e+00 5.425256620382764174e-06
-1.147948138636778692e+00 5.172988920263527092e-06
-1.147565852083590521e+00 5.870071091861239576e-06
-1.145849536463558138e+00 4.419885772947001764e-06
-1.144432685772862612e+00 5.469958450222708661e-06
-1.143404388495398605e+00 4.681467349786876690e-06
-1.142835866105208931e+00 4.163949844624370038e-06
-1.142333642126230009e+00 4.364877547664508672e-06
-1.142182577636217555e+00 5.186588376745721668e-06
-1.141185046115991586e+00 6.026910851194022562e-06
-1.140297930802425697e+00 5.965579869817914318e-06
-1.140293291671800713e+00 7.898103399680705294e-06
-1.138092789855546627e+00 5.557885803151215745e-06
-1.137637744538895657e+00 8.083068791688498587e-06
-1.137182224143541864e+00 5.928668326643592751e-06
-1.136925306974875927e+00 4.899952291790470984e-06
-1.136100617232844501e+00 5.781535603470130516e-06
-1.134698947989905671e+00 6.091229638689120126e-06
-1.134442349351836965e+00 5.235811268254668633e-06
-1.132924940296966554e+00 4.694160793347913131e-06
-1.131442309341808894e+00 4.819625371995581571e-06
-1.130339530939151960e+00 5.288684494244306057e-06
-1.130184755600443625e+00 4.877106032491126783e-06
-1.129499222726844110e+00 5.483435018266077254e-06
-1.127926754547591282e+00 5.401562883478433238e-06
-1.127394959024114129e+00 7.015007853914132536e-06
-1.126746064495382615e+00 5.842604837581999987e-06
-1.125372734641036931e+00 5.440048963467470134e-06
-1.124284834261648269e+00 6.342867692069792111e-06
-1.124010807715809745e+00 4.669991097547947697e-06
-1.123702364118149832e+00 6.269124159894026238e-06
-1.121057720801251323e+00 7.221361222599536860e-06
-1.120995552230799941e+00 6.340161953477661606e-06
-1.120148650972131010e+00 5.793953481051223522e-06
-1.119997846495643046e+00 5.993901428150978544e-06
-1.119699496240076142e+00 6.031648694237807692e-06
-1.119404993859938413e+00 5.335961423617443566e-06
-1.118149383460707247e+00 5.119637287065447187e-06
-1.117211207486790370e+00 4.947528277583980555e-06
-1.117114834324202999e+00 4.651275206504375824e-06
-1.116932240549792121e+00 6.390078848800490558e-06
-1.115684927161495477e+00 4.861238727850087897e-06
-1.114200408526321073e+00 6.000664310456941576e-06
-1.113873128968403625e+00 4.551779244190902456e-06
-1.113611317423510716e+00 5.458952424883174950e-06
-1.113604313374493948e+00 4.955029844893957981e-06
-1.112784500309989211e+00 4.558430996201217384e-06
-1.112526929512224871e+00 4.957753112446137706e-06
-1.112260555658587613e+00 5.280295252508291140e-06
-1.110933635504574912e+00 6.085965774499284826e-06
-1.110304883145864618e+00 5.650253405372405015e-06
-1.109501212301501116e+00 5.955625626612137783e-06
-1.109156198765843371e+00 5.238775364359661758e-06
-1.109018799062662541e+00 5.384587867234183654e-06
-1.107271477326380316e+00 5.215503166863407073e-06
-1.106057123753126925e+00 5.253747207877880217e-06
-1.105711256566278333e+00 6.808144036256246265e-06
-1.104758498646134068e+00 5.309077638804112205e-06
-1.103753364368109224e+00 5.996942886209595819e-06
-1.103421392440714799e+00 5.460357507201675549e-06
-1.103382728818421699e+00 5.202827433269066224e-06
-1.103379319182286045e+00 6.451259014844515720e-06
-1.102914381536972188e+00 6.916187256438773541e-06
-1.102560832036256100e+00 5.641393008915187699e-06
-1.100745319257260046e+00 6.053121110857642285e-06
-1.099921815167305361e+00 5.591447699605660608e-06
-1.099428259487322146e+00 6.379317152746181416e-06
-1.099203286128740853e+00 6.223075536459751652e-06
-1.096427962710745385e+00 6.730846700556216463e-06
-1.096059847281693367e+00 5.060611682055139420e-06
-1.095528553386987181e+00 5.819873526406885683e-06
-1.093806768644676408e+00 6.059769099693150585e-06
-1.093439978846550087e+00 6.012727965494035942e-06
-1.093100079423393378e+00 5.199820780747170470e-06
-1.092421374090155162e+00 6.616056484006510477e-06
-1.091626840124068076e+00 6.231907486534017688e-06
-1.091108368307471377e+00 4.947462598956327005e-06
-1.090385000712253971e+00 5.379965208711040273e-06
-1.087964673078546385e+00 5.823419895876284250e-06
-1.087183285132316657e+00 7.658816794550147883e-06
-1.086804846137940039e+00 6.138655403255656029e-06
-1.086607080162123928e+00 7.619187037806946399e-06
-1.085146130806936782e+00 6.791526703444052038e-06
-1.085085106294068735e+00 5.948807263646328802e-06
-1.084588999298504941e+00 5.850524348487521622e-06
-1.084378030860472020e+00 5.919983504217177925e-06
-1.082339828987883390e+00 6.369901652868813818e-06
-1.081873535063158087e+00 6.896272782418454702e-06
-1.081216142134233893e+00 5.489935052180785036e-06
-1.079532169014600473e+00 5.589159565748172726e-06
-1.079498969879066239e+00 6.312909328227396270e-06
-1.078734261984542142e+00 5.504357805010572151e-06
-1.078406833964676848e+00 6.423647868293084623e-06
-1.078340653098648794e+00 5.704845180950809716e-06
-1.077967885771437873e+00 6.383813214243831615e-06
-1.076969018538126655e+00 6.837405616071772494e-06
-1.076690956933138876e+00 6.775279828536679489e-06
-1.076592203127556990e+00 6.402664415870107714e-06
-1.076077867332729809e+00 5.303300750361476474e-06
-1.075877278955390981e+00 4.963146347128338680e-06
-1.074662796787356989e+00 6.906054955957634286e-06
-1.074203933522347887e+00 5.018032547571103147e-06
-1.073751492531920482e+00 5.877031944788026576e-06
-1.073644458755701026e+00 7.644308922299392886e-06
-1.072180271887119840e+00 6.044352760874522392e-06
-1.072028470823506163e+00 6.562714476790907980e-06
-1.071884294719479547e+00 5.850631530969907958e-06
-1.071082498393717941e+00 6.484497451771407823e-06
-1.069360310824872151e+00 6.788433353404693979e-06
-1.066543428036800245e+00 7.528521292883674480e-06
-1.064851533499761249e+00 6.608042101255556009e-06
-1.064322401264549134e+00 6.157220190603499826e-06
-1.063989503791076929e+00 8.326069912281714596e-06
-1.063869120447363814e+00 6.301644129139739508e-06
-1.063732657647573854e+00 5.807528721980514524e-06
-1.063558886230557388e+00 7.328420891441316529e-06
-1.061625726711899809e+00 8.844809123434399745e-06
-1.060818145833447801e+00 5.887891144200659615e-06
-1.060515491225008322e+00 7.055624598782835813e-06
-1.060312986139383185e+00 6.678027637825755944e-06
-1.059992338660305844e+00 5.643231469538619930e-06
-1.059895253379371738e+00 6.489452312875248562e-06
-1.058850140246804017e+00 7.531359726675713150e-06
-1.058524651072072720e+00 8.179455528123855519e-06
-1.058184302220741335e+00 5.702802687809987073e-06
-1.056854079012944592e+00 5.930595106452716507e-06
-1.056426185341438728e+00 6.881555304862424349e-06
-1.055377529160579586e+00 6.716356606385561887e-06
-1.055225363822332563e+00 7.320123560849443108e-06
-1.054998939534079971e+00 5.957505729305537549e-06
-1.053810063790789009e+00 5.825647963218056978e-06
-1.052836631622908081e+00 7.378000628792475210e-06
-1.052650713134689608e+00 7.054695350101055108e-06
-1.049906291808892389e+00 7.308460085974726912e-06
-1.048671039265977489e+00 8.246081465509070738e-06
-1.048215162438791870e+00 8.330453383433960492e-06
-1.047971977227128759e+00 5.917865626659529658e-06
-1.047612865208647381e+00 7.155688711525028472e-06
-1.047483225104351767e+00 6.906126870864736885e-06
-1.046521157878766983e+00 6.743693239731370652e-06
-1.044575009917967812e+00 7.056327941076629508e-06
-1.044499333225714421e+00 8.067524685598056845e-06
-1.042859593668359786e+00 7.777160201098809564e-06
-1.042420605673892497e+00 6.904891964854974539e-06
-1.041837625589700611e+00 6.097682361702049646e-06
-1.040677412908227017e+00 8.041337209402883777e-06
-1.039137541510127161e+00 6.738815759161924597e-06
-1.038615491266824176e+00 8.355185259615574480e-06
-1.036348799054851888e+00 9.032767629025186882e-06
-1.033536917817883483e+00 9.010296817477180819e-06
-1.032422896570988291e+00 8.054182789789812524e-06
-1.032415559439539887e+00 6.754323712815634607e-06
-1.031989993759406810e+00 6.967321722127942634e-06
-1.031808660408303879e+00 7.734172816698616748e-06
-1.029737486099202792e+00 7.381510352071790953e-06
-1.029558280684503169e+00 8.301730308773952536e-06
-1.029371871210847278e+00 7.524765861858226569e-06
-1.028557530181778867e+00 7.424862835794238041e-06
-1.027873071025788398e+00 7.428231560385928975e-06
-1.026350590121648088e+00 7.975277790102970209e-06
-1.026039365882167376e+00 6.909680585040458821e-06
-1.025486170476752390e+00 8.646330101029838796e-06
-1.025170668635391191e+00 7.802931315103717977e-06
-1.025025538408190329e+00 7.898666582597998884e-06
-1.024915300056676859e+00 8.375121827920332802e-06
-1.024621379669561572e+00 8.865844901783870576e-06
-1.023870924282813011e+00 6.904135096012432683e-06
-1.023449258810250839e+00 7.963206328558205223e-06
-1.022798047208457239e+00 8.043373370931107427e-06
-1.022270115376589850e+00 8.805801283634148295e-06
-1.021718853339494082e+00 7.658587429258063690e-06
-1.020301744774123831e+00 7.281162903758098360e-06
-1.019288082802733308e+00 8.410283172059381370e-06
-1.018751309913106473e+00 8.855570874001219284e-06
-1.017883828130232260e+00 7.687529148072860024e-06
-1.017290532345448861e+00 7.612691313939647650e-06
-1.015887821523974610e+00 8.179532180039137629e-06
-1.014855375143761229e+00 7.497583591057863670e-06
-1.014474954856017908e+00 7.943514151485780628e-06
-1.014344320899692065e+00 8.014092408886772819e-06
-1.014175086843049911e+00 8.649347036930598125e-06
-1.012490936525705099e+00 7.433068110174110772e-06
-1.012336149334870150e+00 6.898761319468452309e-06
-1.012220958677986005e+00 8.097764886221536909e-06
-1.011067788442364002e+00 9.441995181602566288e-06
-1.010738273892299421e+00 7.691554995272454590e-06
-1.010734063069649746e+00 7.420972709187544713e-06
-1.010441693722139433e+00 8.222439907981468366e-06
-1.010029937915970288e+00 8.126041325496325394e-06
-1.009632264920466094e+00 7.142179129369453733e-06
-1.009382336858900775e+00 7.473365904407058069e-06
-1.008655416018885198e+00 7.925181763867469279e-06
-1.008451459826570584e+00 7.955650515166879123e-06
-1.008361873613990323e+00 7.363808215289974488e-06
-1.006353325890083639e+00 7.741467118350923060e-06
-1.006119894514114099e+00 8.050368727591226235e-06
-1.005624859253112735e+00 7.791208656721616271e-06
-1.005368129614615524e+00 6.822904658003905767e-06
-1.004338232637177031e+00 7.084565489555228791e-06
-1.002160408562802640e+00 8.738630956866957412e-06
-1.001098369627155371e+00 9.291900778414465919e-06
-1.000951739999435430e+00 9.052371269012436772e-06
-1.000579138005246005e+00 8.481253835651410630e-06
-9.997388503512275593e-01 9.018452849302767359e-06
-9.978990479113566403e-01 9.082538520844725462e-06
-9.961477958332164429e-01 8.235154556685932631e-06
-9.958151580378989953e-01 9.972438773125363791e-06
-9.943561768018784885e-01 1.024215438040306662e-05
-9.942064166618674870e-01 1.123765465721290951e-05
-9.930268969815674307e-01 8.096644055246456887e-06
-9.903839041729022297e-01 9.274879066113239835e-06
-9.900449487222726663e-01 9.886573635123602116e-06
-9.885564166395311991e-01 8.371806160465431417e-06
-9.880217833284824502e-01 9.998585913508946851e-06
-9.875278103488008830e-01 7.253241857475608123e-06
-9.868641126615664838e-01 8.115846774983069748e-06
-9.856411904140488511e-01 9.379464344743439953e-06
-9.846929076004876658e-01 8.706344583890475170e-06
-9.839906951772884325e-01 9.239921149011225512e-06
-9.838051105026552889e-01 1.120160598091027383e-05
-9.834837464374469596e-01 8.101210792998970978e-06
-9.832360385309177886e-01 8.074565661583851768e-06
-9.830717215656271657e-01 9.076419000212117730e-06
-9.828661491865676725e-01 8.259832494439581745e-06
-9.811204490762202024e-01 9.742773092579209106e-06
-9.787268404470109706e-01 8.198605269450360750e-06
-9.779716927726486153e-01 9.546752936412070698e-06
-9.779159178254368534e-01 1.234361900618776220e-05
-9.771363567338425815e-01 9.151214293556631738e-06
-9.767417272504226311e-01 6.853321533931151117e-06
-9.760784952937665571e-01 9.503804316402057265e-06
-9.758451338084878079e-01 1.184634557032883884e-05
-9.757961316491434722e-01 9.322552098505847219e-06
-9.757888068685754979e-01 9.438191899520386607e-06
-9.753843668536277267e-01 7.510839715169029990e-06
-9.741846641161341358e-01 9.584483102325991002e-06
-9.715400291252296316e-01 9.473807811952272869e-06
-9.710758384164995816e-01 1.170430547379925071e-05
-9.710500922133122881e-01 1.091980158069745821e-05
-9.707410459579870476e-01 7.237987395199910896e-06
-9.702293306833618125e-01 1.058476115425617260e-05
-9.701134629284769995e-01 9.903118244213064152e-06
-9.688146773971462178e-01 8.684256289869718350e-06
-9.684977106405150415e-01 9.401136032083214978e-06
-9.679322800446111819e-01 8.739623401661339409e-06
-9.671432431558564247e-01 1.253811104911245720e-05
-9.662109579649084123e-01 1.021934977352016691e-05
-9.651921252817782237e-01 7.932009981745959183e-06
-9.645492191223762335e-01 8.766678500624335916e-06
-9.643358112767143053e-01 9.724032004817411397e-06
-9.642616290450448657e-01 1.071463350909945203e-05
-9.632517897664713002e-01 1.013044110223510738e-05
-9.617818023572788366e-01 1.063601215593283701e-05
-9.615535827635411925e-01 9.218199566423189954e-06
-9.612689109241907559e-01 7.419126479695158095e-06
-9.609847102838916522e-01 9.922080022802245232e-06
-9.598717126896150198e-01 7.962763015577030613e-06
-9.598139566612690077e-01 1.031035451310352273e-05
-9.588379881988035036e-01 1.054588604376222165e-05
-9.587528685883494051e-01 9.558251601025508093e-06
-9.574799730190448610e-01 1.006278134747146428e-05
-9.565709871341875337e-01 1.013724885768448965e-05
-9.562385650174912710e-01 1.194347858055896709e-05
-9.560251105172519193e-01 1.086855700845936578e-05
-9.557097835235780492e-01 7.585187781072991647e-06
-9.556715062295225716e-01 8.557824315128797970e-06
-9.552514823643070141e-01 9.793756532430252521e-06
-9.535465726987853996e-01 9.542994368550874494e-06
-9.524884491916310036e-01 9.763638550933262885e-06
-9.513024278798232203e-01 1.332193485232567834e-05
-9.508224468272374885e-01 1.066510410942462031e-05
-9.507517667917068094e-01 9.755441591953517281e-06
-9.501675345167319708e-01 1.598189030485159233e-05
-9.497388466339622415e-01 1.388894152718610552e-05
-9.487394192523933567e-01 9.165013571755745367e-06
-9.481939223798956373e-01 9.535753887188161114e-06
-9.470227004015798755e-01 1.007424365457242677e-05
-9.468514779921547442e-01 1.454934743466213973e-05
-9.457859942249988716e-01 1.333474876943106754e-05
-9.452361063595546842e-01 1.085056243366202266e-05
-9.448359346219826760e-01 1.112230787803068483e-05
-9.429169257625271694e-01 1.100121520144152799e-05
-9.414843399237055044e-01 1.141569611505178274e-05
-9.405838500514854816e-01 1.137719191321944664e-05
-9.400913196858498022e-01 1.081684361637816650e-05
-9.398632997879915463e-01 1.039797811560814312e-05
-9.396713769356853652e-01 1.027084600130892254e-05
-9.392894590001197308e-01 1.124940467402953778e-05
-9.386470593748821312e-01 1.012023726570011008e-05
-9.373749308987794349e-01 9.094879326384477274e-06
-9.370213623483831800e-01 1.069733916547608221e-05
-9.366363750164492519e-01 1.166706580110207382e-05
-9.359489607309894321e-01 1.288839159884480985e-05
-9.359367908490155985e-01 1.150391342876052811e-05
-9.342031435889753821e-01 1.402110505669184129e-05
-9.337095751647441766e-01 1.095031496374368494e-05
-9.326136100054466249e-01 1.091151939320383339e-05
-9.323453067629207114e-01 1.025650686118343957e-05
-9.316590611967853208e-01 9.974576993117740170e-06
-9.306928568019512404e-01 1.220117854950358922e-05
-9.304076619574780382e-01 1.098226561472070292e-05
-9.300470402612667220e-01 1.035968225052402020e-05
-9.296205413416558372e-01 1.375584857180176389e-05
-9.269601788540767773e-01 1.686636317008317949e-05
-9.268632512587243744e-01 9.608057210854419882e-06
-9.268597937255108610e-01 1.436476651007433386e-05
-9.256948567148383100e-01 1.572269048482863204e-05
-9.241523517048670922e-01 1.096013133621017901e-05
-9.235103231302717042e-01 1.314483320084084798e-05
-9.234147599554123342e-01 1.141643590168831271e-05
-9.230974197185718433e-01 1.170371691774964250e-05
-9.226928935070214388e-01 1.014818476404595311e-05
-9.217309057641258629e-01 1.322985165373738370e-05
-9.210563867375206604e-01 1.031766718901367514e-05
-9.199029339660936833e-01 1.282200697404729780e-05
-9.189520432298952102e-01 1.518766525814154879e-05
-9.187367048523165103e-01 1.249419812359679382e-05
-9.168134046099144507e-01 1.449150247936794632e-05
-9.166727221142040305e-01 1.454915194723684549e-05
-9.165251254306771012e-01 1.207173166359008990e-05
-9.153274492888103797e-01 1.214742494781584680e-05
-9.148537625168333687e-01 1.589448481755623586e-05
-9.144867267085103890e-01 1.575301272790131325e-05
-9.131653461927996540e-01 1.272442269414154179e-05
-9.131354107184668223e-01 1.307439466441099208e-05
-9.119589192228069185e-01 1.168333696562231400e-05
-9.117833113808839762e-01 1.275419213106088488e-05
-9.101718666632798715e-01 1.224079873192585987e-05
-9.100179946086931482e-01 1.353538767856066764e-05
-9.098701524849845956e-01 1.182046142346284938e-05
-9.094332902164509180e-01 1.257286595299829915e-05
-9.093657047644775338e-01 1.377125677578781283e-05
-9.087931348333603276e-01 2.377441331129470761e-05
-9.072262490101945520e-01 1.002614112248159192e-05
-9.065550045746318952e-01 1.474031146552855926e-05
-9.064508971705168561e-01 1.289898779413434457e-05
-9.044808594936853963e-01 1.283984234749722175e-05
-9.043027861935863942e-01 1.547830386539491264e-05
-9.039087096513307440e-01 1.961769298080794552e-05
-9.024884526990579747e-01 1.239273958637707469e-05
-9.019246872660480197e-01 1.380112195642493812e-05
-9.011615774323895600e-01 2.088845984672316986e-05
-9.010580808170154388e-01 1.190458166441110310e-05
-9.008889167228154582e-01 1.322273785907698921e-05
-8.999769338059578905e-01 1.409859022533905163e-05
-8.991551155349093438e-01 1.146469043990051656e-05
-8.982930088913599898e-01 1.611602260152099946e-05
-8.972953053065586548e-01 1.555876373700469857e-05
-8.972671849399711519e-01 1.363597103148164668e-05
-8.965940999504404818e-01 1.327975940094893313e-05
-8.965636409243837868e-01 1.551257331361938056e-05
-8.965302618416520763e-01 1.653066715473057867e-05
-8.955185993892275098e-01 1.445216529438392021e-05
-8.946661293343655119e-01 1.510473988650604421e-05
-8.944481071505296921e-01 1.336947075718488545e-05
-8.935122282548193517e-01 1.348967925363772244e-05
-8.924317954878485670e-01 1.664736006154496651e-05
-8.922838741322701717e-01 1.486710150462242255e-05
-8.914817273207386039e-01 1.419405948336261889e-05
-8.908001933803035843e-01 1.386019372672512986e-05
-8.893236515815975407e-01 1.169725285429915603e-05
-8.891601679334762975e-01 1.365693631403289608e-05
-8.887903583034744148e-01 1.450488572902162987e-05
-8.885942185018382844e-01 1.265563048412620584e-05
-8.871226318206829609e-01 1.566859085608893938e-05
-8.868375883977474006e-01 1.355309135818166917e-05
-8.864293142619310562e-01 1.590729591950420765e-05
-8.862583889068552656e-01 1.171167623593385585e-05
-8.840044307226229137e-01 1.817093565233654409e-05
-8.834909283377007094e-01 1.381254144775822027e-05
-8.819915738649121151e-01 1.698791827365750013e-05
-8.801926288480727001e-01 1.482581369879438215e-05
-8.800299204645488649e-01 1.496934423212085924e-05
-8.799407166955554027e-01 1.401910080460652314e-05
-8.798596361134977117e-01 1.767712236640275035e-05
-8.794962950062832352e-01 1.805121310264823977e-05
-8.793987392675014503e-01 1.673339808733954174e-05
-8.792447295372692873e-01 1.470950127348174597e-05
-8.772720546959411614e-01 1.304717932617180027e-05
-8.755255451833393598e-01 2.085406622904637013e-05
-8.751481264388987213e-01 1.823579753723028520e-05
-8.744530973845828781e-01 1.905566172324364024e-05
-8.743877926607857010e-01 1.992273008193692265e-05
-8.731898372392066232e-01 1.503189912046638757e-05
-8.728855657788802125e-01 2.094744123605134253e-05
-8.725776550994532865e-01 1.454940464267501971e-05
-8.715467329046234779e-01 2.001963231214185096e-05
-8.714977486438246768e-01 1.550308823461577447e-05
-8.713088386103170491e-01 1.869969028774181441e-05
-8.711609739881500669e-01 1.599454658721940063e-05
-8.711283606371493793e-01 1.873834560589737801e-05
-8.710969102541505915e-01 1.948454756111296583e-05
-8.699711672894669956e-01 1.753502833622432833e-05
-8.698377640605445826e-01 1.893509828200554436e-05
-8.687244834809050298e-01 1.599569945093450046e-05
-8.682152073158768690e-01 1.907774334645421529e-05
-8.679033358416234911e-01 1.966469396094383448e-05
-8.675830888961848508e-01 1.694924789280655912e-05
-8.664265492201397301e-01 2.040819580015053271e-05
-8.663034609434698829e-01 1.810367039608023833e-05
-8.650575904181450060e-01 1.617143167975755759e-05
-8.647648753804970667e-01 1.677835917150797960e-05
-8.638812102691963979e-01 1.799627037167526246e-05
-8.619212915076382986e-01 3.305009702201625217e-05
-8.602311427634367069e-01 2.008531969878516046e-05
-8.600213590979491896e-01 1.615659240469416680e-05
-8.592045951238089785e-01 2.411844009165315815e-05
-8.588602105358429384e-01 1.948738225953084073e-05
-8.585362290390045059e-01 1.610468409452489727e-05
-8.584674124187519073e-01 1.790041127571700586e-05
-8.579990881161515537e-01 1.922045117585062570e-05
-8.571064313752528863e-01 2.147068857768180781e-05
-8.570847002999101294e-01 1.499118626413874895e-05
-8.569435709493881115e-01 1.396134166696312792e-05
-8.568369738258430068e-01 1.820544565601765622e-05
-8.562267749068124267e-01 1.775843080191347878e-05
-8.557271215671364839e-01 1.314928958549922031e-05
-8.555529706852679217e-01 1.516987069150996963e-05
-8.553809907303714377e-01 1.654519558551904482e-05
-8.530624932121794179e-01 1.601312417833946993e-05
-8.527396922967459547e-01 1.957557959296951297e-05
-8.523517586985475125e-01 1.560278675856548636e-05
-8.514344537469867857e-01 1.914412791829530540e-05
-8.507173625774030468e-01 1.853856644646068797e-05
-8.504873366345966357e-01 1.728817002096981462e-05
-8.499872832539410172e-01 2.405495220557507378e-05
-8.497688884637323303e-01 1.399932305271245225e-05
-8.489373498561972875e-01 1.783179743758910889e-05
-8.488873687670658308e-01 2.160399632709913428e-05
-8.474261507994860221e-01 2.063954359938303994e-05
-8.467197493945034514e-01 1.913527918750114321e-05
-8.464140181584912659e-01 1.860935773464825408e-05
-8.462496458860063742e-01 1.615935908415838589e-05
-8.447394382056464535e-01 2.036864787379161795e-05
-8.445020428954657099e-01 1.967337489386537444e-05
-8.436678974914548768e-01 2.026227492568159592e-05
-8.435384503505433118e-01 2.307178178915972905e-05
-8.434810545713147256e-01 2.084181939318454182e-05
-8.431997793010314046e-01 2.697541838300718917e-05
-8.409822838129953348e-01 2.615687373148316869e-05
-8.401053097731647767e-01 2.109056798156341660e-05
-8.392082382146255348e-01 1.907511244890642432e-05
-8.389089771148755537e-01 2.075065611445118063e-05
-8.387030468315597176e-01 2.068882687154280305e-05
-8.374723381520751131e-01 2.221256206776797627e-05
-8.367815992010892989e-01 3.013231718682242303e-05
-8.365034972655874812e-01 1.907115920257119123e-05
-8.360930051070588620e-01 2.769574989948573747e-05
-8.359376781589330507e-01 1.909314368881012632e-05
-8.338970159383350955e-01 3.043682947259122041e-05
-8.337050350512870134e-01 1.976780929240395097e-05
-8.333936068549209208e-01 2.018431708697246451e-05
-8.333773711499856685e-01 2.261092379568089742e-05
-8.332139829475914139e-01 2.410248683267466824e-05
-8.322389105949081767e-01 2.401588580810700999e-05
-8.303220740006769240e-01 2.635186768714856053e-05
-8.286900431857147087e-01 2.334897446251786015e-05
-8.277259119926032582e-01 2.666079323290193232e-05
-8.275473796015587746e-01 1.782828217081660875e-05
-8.266092509315938752e-01 2.471397690547279475e-05
-8.264097214654022583e-01 2.213642158048603203e-05
-8.263881609359547964e-01 2.270509481529778124e-05
-8.254336397566849337e-01 1.996292916034142354e-05
-8.247791621165886378e-01 2.028125842152670537e-05
-8.246604509715007580e-01 2.429328917302434838e-05
-8.243254627723196615e-01 3.459150603149980564e-05
-8.237435323644926033e-01 2.969942908157298446e-05
-8.228107248824071407e-01 2.201488782565835139e-05
-8.227083369711744032e-01 2.084984402713399424e-05
-8.222103060222416548e-01 2.184390052129132922e-05
-8.217877623659188835e-01 2.559347143031810297e-05
-8.212959809154318780e-01 2.262039156666239542e-05
-8.212507215588665810e-01 2.135972422463817963e-05
-8.212183779080584056e-01 1.929578458444274747e-05
-8.200890767134454418e-01 2.115548670399339503e-05
-8.190784507699714334e-01 2.397574820580961876e-05
-8.189768286474626846e-01 2.135438798197011824e-05
-8.188900742751753503e-01 3.654116535057150663e-05
-8.186175309418152191e-01 1.837909764974570936e-05
-8.184806938307580548e-01 2.510717485117745031e-05
-8.175218711593201792e-01 2.442389348833405639e-05
-8.174805442854521376e-01 2.190266870900751091e-05
-8.160977696321563002e-01 2.607385791776326483e-05
-8.159516810709621648e-01 2.365277678102857496e-05
-8.139175232782923652e-01 3.601863354408783722e-05
-8.135334884774417796e-01 2.451171810080721424e-05
-8.131233552690863009e-01 2.492087991603633698e-05
-8.129665849767579999e-01 2.845149364279988779e-05
-8.125210749529293563e-01 2.241937034088906230e-05
-8.121633055939680990e-01 2.404170280613817558e-05
-8.113604765888889903e-01 2.325846380896286149e-05
-8.112626767288878549e-01 2.253900364198757232e-05
-8.106055983476183613e-01 2.821982349286166850e-05
-8.103840789145281276e-01 2.200870190389405651e-05
-8.101699674879990765e-01 2.142207316254818289e-05
-8.100329075523823308e-01 2.893807804077069064e-05
-8.098275133345265164e-01 2.446385248748648216e-05
-8.098125471677856124e-01 2.043587096845708525e-05
-8.096238277060789912e-01 2.676845424574629485e-05
-8.075024480287535944e-01 2.290006845631717430e-05
-8.074977150524766945e-01 2.237313798480849959e-05
-8.068957218620109728e-01 2.829274980419654468e-05
-8.066303201545174106e-01 4.646875053936455445e-05
-8.061563377536995478e-01 2.927848571154957326e-05
-8.048268172534588372e-01 3.257267294966037811e-05
-8.048262390234784958e-01 3.000446781814527502e-05
-8.047559953622970275e-01 2.783814903419180056e-05
-8.045239457755596346e-01 2.665271822316276536e-05
-8.043150678164182610e-01 2.814918224903810724e-05
-8.023278071846776660e-01 2.950301363593289654e-05
-8.020612597218060857e-01 3.931134335405277392e-05
-8.016729301158360688e-01 2.220584536847023489e-05
-8.014407405341213986e-01 2.573560692196320748e-05
-8.014261501502255580e-01 2.641369320135098870e-05
-8.006775666285206317e-01 3.179325430775194558e-05
-8.002815739241569970e-01 3.528656625801998705e-05
-8.001547432533004933e-01 2.277789958057325307e-05
-7.998023988227047631e-01 2.669885189742706615e-05
-7.992703270837278051e-01 2.458583473039236740e-05
-7.986154375197026534e-01 3.239930367870628568e-05
-7.981644973771471196e-01 2.454413629083937356e-05
-7.979230998242725637e-01 2.451447409545661453e-05
-7.968309175098612362e-01 3.170729561490247722e-05
-7.968193425836167521e-01 3.309102682533329460e-05
-7.967797160459827444e-01 2.664454656965643811e-05
-7.967618086653912579e-01 2.500537545098933110e-05
-7.963723295957367831e-01 3.481408239764215823e-05
-7.962200126865920380e-01 4.470068810945015947e-05
-7.960845758112081727e-01 2.719912681342845291e-05
-7.960548392490972569e-01 2.411664075952583953e-05
-7.957946812152157934e-01 2.985812904009515223e-05
-7.946554019264852053e-01 6.404734945183699301e-05
-7.938570558028519297e-01 2.056220139730469398e-05
-7.935870092331102077e-01 2.949361782714154213e-05
-7.932312182188713257e-01 2.738400138910431693e-05
-7.930313322703830270e-01 3.004472607797881024e-05
-7.929037094800178709e-01 2.402580619035195173e-05
-7.928391822922900012e-01 5.007220973389467117e-05
-7.917698894827174261e-01 2.559620619881562123e-05
-7.915265881186757113e-01 2.197110203726909992e-05
-7.913422526832962767e-01 2.864272905339153129e-05
-7.905293142383085225e-01 2.954599490596826808e-05
-7.898964706578824879e-01 3.421590594852568098e-05
-7.897998777784307478e-01 2.617326389184185861e-05
-7.894711795408793087e-01 2.545039305385484300e-05
-7.886591837827421347e-01 3.030853447469029365e-05
-7.878934526168857033e-01 3.409485599510041323e-05
-7.876971704475504987e-01 3.469766198326559788e-05
-7.873173607856368550e-01 3.382262610064259962e-05
-7.871439681985150649e-01 7.132428681973325749e-05
-7.860930716525470485e-01 2.549720775339119123e-05
-7.860161221094659201e-01 2.613807740348891162e-05
-7.856401583098449048e-01 3.070523913832165128e-05
-7.846958232268277378e-01 3.460064172509104251e-05
-7.843587279311793337e-01 3.044665482614388003e-05
-7.841065022790086880e-01 3.902139331456669103e-05
-7.829283612056048280e-01 3.976859117586948412e-05
-7.828562800197422789e-01 2.832764038387050265e-05
-7.828325677413594530e-01 3.324972881848846319e-05
-7.821947060610536795e-01 2.327972493641994358e-05
-7.809187994482775785e-01 2.616983083821335573e-05
-7.806947311433958259e-01 3.688534150532815664e-05
-7.804037907549032926e-01 3.565265412123078337e-05
-7.803761534922060150e-01 3.481918132121580682e-05
-7.802751305318538222e-01 3.034178795484741316e-05
-7.776893397074965408e-01 4.133478668298668494e-05
-7.774259130711441701e-01 3.100723025858160041e-05
-7.766728834214975397e-01 3.831628845383549441e-05
-7.761902353264785726e-01 3.117843923053091913e-05
-7.757808738747103972e-01 2.679528482461996451e-05
-7.755527065969443079e-01 3.387830040306971207e-05
-7.745506048640871111e-01 3.292364005214829534e-05
-7.742780341851434045e-01 2.805427142664716913e-05
-7.735501585231409072e-01 3.108670808857548576e-05
-7.729725974076606665e-01 3.143919739659823472e-05
-7.727365771549735696e-01 4.141849537608834395e-05
-7.721295632434725942e-01 3.765537970296706406e-05
-7.716984122340421193e-01 3.591944491199716309e-05
-7.716963103546654601e-01 3.931175952262169992e-05
-7.698232222858223395e-01 2.924184789243109128e-05
-7.693420458747622925e-01 3.468539702034496917e-05
-7.660731890923362375e-01 3.201741297765906387e-05
-7.660461146310674208e-01 3.112144186160663230e-05
-7.658685581760215078e-01 3.062725212818122420e-05
-7.651945463167366679e-01 3.549409179565561319e-05
-7.647533925172792513e-01 4.081534470909799136e-05
-7.647133175923939152e-01 3.665366184884792650e-05
-7.639748986565113587e-01 2.932021634029146283e-05
-7.634852453370396530e-01 3.037494922739492940e-05
-7.627896150340357506e-01 3.886660794383125990e-05
-7.619695533709944790e-01 3.124558767646344484e-05
-7.607150998207431458e-01 3.524936460696219019e-05
-7.606433625391555431e-01 2.964945117691390744e-05
-7.606116184309227313e-01 3.312460403248671767e-05
-7.603464182924204451e-01 3.739675069753173103e-05
-7.602772577676797372e-01 2.860184217077451992e-05
-7.601427611527881156e-01 3.501070654932830658e-05
-7.595949292702864897e-01 2.809347929232271224e-05
-7.594153179420689570e-01 3.967663113062181514e-05
-7.577084673772241930e-01 3.238665029889481597e-05
-7.576076732223100407e-01 4.335679824187929681e-05
-7.573910756602063588e-01 3.231922697965476432e-05
-7.566308011849725013e-01 3.536321030896167228e-05
-7.565617279446964494e-01 6.315934316782729433e-05
-7.565256147155097199e-01 3.775141765290126848e-05
-7.562440253339729468e-01 3.769100288516057101e-05
-7.555179008100243454e-01 2.716683408688023565e-05
-7.547396491319026124e-01 3.194072935880146576e-05
-7.544713183916115229e-01 3.439479166582138172e-05
-7.542299879819901465e-01 6.826954827077485642e-05
-7.535950217620031033e-01 3.013510058926752522e-05
-7.518764177761704248e-01 4.724849910321189022e-05
-7.511695503788760053e-01 3.990048293012906066e-05
-7.499031848588858518e-01 4.457556304950661535e-05
-7.492416320544855735e-01 3.362427580655958617e-05
-7.489093905659709449e-01 4.832230241684916080e-05
-7.488101240464786201e-01 4.221189280794735013e-05
-7.483495468329679490e-01 3.233995553014051578e-05
-7.481908929619097703e-01 4.014708619279887703e-05
-7.479417925980209603e-01 4.832117750072851869e-05
-7.470385028781452164e-01 3.553635655942526860e-05
-7.469330994549402414e-01 5.075000203025149619e-05
-7.442262280314401179e-01 3.170149174659207515e-05
-7.441970886533787466e-01 3.477149094687628171e-05
-7.441488972577097183e-01 3.965269707707164219e-05
-7.435736856365410263e-01 4.001960182466703033e-05
-7.432163229573707230e-01 5.019424582088421793e-05
-7.424400252836399483e-01 4.196485886277405214e-05
-7.423214533335399379e-01 3.618970760173851031e-05
-7.419413799285882183e-01 3.607554539991435476e-05
-7.414950804883415625e-01 4.023548219055153574e-05
-7.412930968573374635e-01 4.680573517003495970e-05
-7.402691766876305923e-01 3.795763491832250313e-05
-7.401746333169982872e-01 2.974969302913827387e-05
-7.389543800567484055e-01 4.302916211957667184e-05
-7.387839372396294291e-01 3.799332364813170549e-05
-7.387808881347843748e-01 4.136872898592305290e-05
-7.378073172486925291e-01 3.949173981612188935e-05
-7.375906136292731397e-01 4.010566670184835411e-05
-7.362619299974807463e-01 3.585269335588053770e-05
-7.361264181984348287e-01 3.396126360432381657e-05
-7.347559946681091470e-01 4.871554501132458094e-05
-7.346924307184705683e-01 3.252571094951714405e-05
-7.345995003000247436e-01 3.549791183472747740e-05
-7.342001720769808504e-01 3.287121542018737563e-05
-7.341357677235129664e-01 4.166501628371276967e-05
-7.337113304036084749e-01 3.274601167324493891e-05
-7.334262389342182109e-01 3.891826886348461969e-05
-7.331856707604554879e-01 4.309295817020404118e-05
-7.330938338246594244e-01 6.577255029086838086e-05
-7.328879628717415162e-01 5.605578116453949162e-05
-7.328541220001498768e-01 5.026038996893913589e-05
-7.328436415995839281e-01 3.487258704241963354e-05
-7.318547865956740450e-01 3.346934999998209541e-05
-7.315362100556230818e-01 4.588832493203713999e-05
-7.312907986218207812e-01 3.954232009432644677e-05
-7.305511735696738063e-01 3.555053016810942959e-05
-7.302676304105059080e-01 4.034574984147062726e-05
-7.300789949250966471e-01 3.607059525252119547e-05
-7.299073855381800202e-01 5.910866251181960565e-05
-7.298097586757912314e-01 4.080263028542998791e-05
-7.297841471452826134e-01 3.468940664824063342e-05
-7.288770283584102838e-01 4.028234580725944657e-05
-7.287219610187617436e-01 3.591435542135518416e-05
-7.284006467940223883e-01 3.630362835113022966e-05
-7.272278975887747077e-01 4.888263485953164839e-05
-7.271873436896718612e-01 3.479535803899874610e-05
-7.271640749313532659e-01 5.193426763602039574e-05
-7.271252934324029527e-01 4.003429987820521777e-05
-7.265037538853315047e-01 4.291136815446566988e-05
-7.254341218400349733e-01 4.292913405883903020e-05
-7.252885845752914395e-01 4.281405959762894954e-05
-7.249928734553351406e-01 4.448771601125363372e-05
-7.245915516549987778e-01 4.216043793161733714e-05
-7.237773804507411368e-01 3.946410268300691365e-05
-7.234952579848628051e-01 5.100600838693009276e-05
-7.233980986904096078e-01 6.481964463569911351e-05
-7.226656754104697766e-01 4.257653291340777942e-05
-7.221546684902684365e-01 1.476673764065020579e-04
-7.219406888804625888e-01 5.098808413076559370e-05
-7.218847905142836696e-01 5.415669401977756166e-05
-7.217097063167456916e-01 5.769975085670007596e-05
-7.217024528879165679e-01 3.277045130712991154e-05
-7.216423332493100418e-01 5.805564172512203534e-05
-7.204475488613216738e-01 6.072138496734964125e-05
-7.201409842856908439e-01 5.548966662385387924e-05
-7.198106648889980308e-01 4.118441663772817393e-05
-7.197723506437236907e-01 4.292010739252867627e-05
-7.185248494453891910e-01 4.740194354447303793e-05
-7.182395556763631062e-01 5.655411362386804646e-05
-7.171580250991501648e-01 5.572444292487954367e-05
-7.166608584719956765e-01 5.639712730216148357e-05
-7.162563364223206719e-01 4.525410281968636294e-05
-7.162380252077154008e-01 4.167723529282287156e-05
-7.159927597590021175e-01 4.965205805267440770e-05
-7.148402087672819372e-01 5.126644402321485695e-05
-7.147764347821067288e-01 4.972653442867443538e-05
-7.145099988223958531e-01 4.922551271983946892e-05
-7.142429231793329114e-01 6.428412046365766797e-05
-7.122113515345399604e-01 3.848220005859802621e-05
-7.112430254759106729e-01 4.085680213543498160e-05
-7.111916544543491758e-01 6.817433205305521954e-05
-7.109213380886104661e-01 4.727813309630635944e-05
-7.086903293849871055e-01 5.105126321183075882e-05
-7.085150334555703200e-01 5.631240674513510343e-05
-7.080416394857678153e-01 4.308066529887856375e-05
-7.072592791113286870e-01 5.276693113891021449e-05
-7.063473108525559763e-01 5.138393877889995315e-05
-7.062172743359704796e-01 4.259739788308692998e-05
-7.054193020496841715e-01 4.923275514318475762e-05
-7.052083080279301086e-01 5.408832020686913202e-05
-7.050950642571940374e-01 3.882750042694713377e-05
-7.042470558091326049e-01 5.049975380222940919e-05
-7.037169525951684212e-01 4.637237816728306757e-05
-7.022506291765431286e-01 6.792274343853491362e-05
-7.017557085738076461e-01 4.880525405545799069e-05
-7.017107215560349776e-01 4.429174643087760394e-05
-7.016106067018433867e-01 3.644937059113836632e-05
-7.005752907100148974e-01 6.772109553225576901e-05
-6.993337485240406215e-01 3.692976694155334066e-05
-6.989396714615796480e-01 3.740275432180259696e-05
-6.989320651597826783e-01 4.781918600135807795e-05
-6.987210027084966857e-01 4.293289487870583388e-05
-6.982945944037061148e-01 4.451161045540026747e-05
-6.973802107493144442e-01 8.693048122482540589e-05
-6.973387528934092972e-01 4.687057623670816739e-05
-6.972624999048889771e-01 3.812308532522651284e-05
-6.970953056531535852e-01 5.580637693734455135e-05
-6.968164913409364836e-01 4.775278635066940023e-05
-6.967821516216186062e-01 4.507247154443340148e-05
-6.957814396987885841e-01 3.232584631698086461e-05
-6.951163101195309002e-01 5.814420743327716349e-05
-6.947765591601678947e-01 5.930862172544529867e-05
-6.946576841868277175e-01 4.300568171752648373e-05
-6.945675216410327479e-01 5.532291451762031971e-05
-6.941789353475431579e-01 4.940811645266363213e-05
-6.939888818667470094e-01 4.212030971271011877e-05
-6.932634855325665590e-01 4.942771655284576511e-05
-6.928469114520227068e-01 4.543162896052503901e-05
-6.923112874814981721e-01 5.109450062932222719e-05
-6.913552697422773452e-01 4.477545785672553259e-05
-6.905725114947953713e-01 5.970927126934104265e-05
-6.904349876701896260e-01 6.090644724355449033e-05
-6.896633427904662605e-01 5.051313980461154089e-05
-6.894805490330691011e-01 4.847932694094094186e-05
-6.888218648711248449e-01 5.639175943192094347e-05
-6.884670232416307822e-01 1.214389322402157397e-04
-6.875387711424332249e-01 4.235664301577370973e-05
-6.859821379849468936e-01 6.627828976332514181e-05
-6.855777851164309711e-01 4.486408839623848581e-05
-6.854582894010488037e-01 4.469028644913962997e-05
-6.852998722002129339e-01 7.718370280742089899e-05
-6.851568182849920863e-01 9.224776504820030032e-05
-6.841124201666671789e-01 6.485378073533590272e-05
-6.840962247784265760e-01 6.694668648351520773e-05
-6.840137794167869822e-01 8.191327734475168385e-05
-6.834604832487464199e-01 5.417732059335625118e-05
-6.833392453549177459e-01 5.533951338247557574e-05
-6.832937962737627435e-01 4.439667102898972497e-05
-6.830533923472912328e-01 5.686519308147653946e-05
-6.823624895590097994e-01 5.620029973045111545e-05
-6.823043649922075904e-01 5.144114541368009780e-05
-6.817017789968126129e-01 7.000934635879929385e-05
-6.812112754633113942e-01 6.007220646067213662e-05
-6.801208326987581154e-01 5.795983868700595095e-05
-6.798375173508856006e-01 5.909028168102666018e-05
-6.786661225496961602e-01 5.392989517938966533e-05
-6.769958590419486999e-01 8.692354117977660474e-05
-6.768653590149420474e-01 6.770721969676542619e-05
-6.756791695250267127e-01 5.848788034684664755e-05
-6.753895885986945791e-01 7.516220396059356858e-05
-6.751560826572250429e-01 5.523959974577314952e-05
-6.738597875134400006e-01 5.554552496100418241e-05
-6.729789402403363319e-01 6.035540349126010509e-05
-6.723555392023987665e-01 6.388208827509020925e-05
-6.722250617932761241e-01 5.604535641875625358e-05
-6.721723997611376289e-01 6.371366222042947123e-05
-6.720731050538313323e-01 4.656437251712181459e-05
-6.718611461162423693e-01 5.851857912212084131e-05
-6.717585059333305297e-01 5.271103634965952639e-05
-6.709975091991727814e-01 5.089062407370639057e-05
-6.705517202850337366e-01 8.946315577039654814e-05
-6.683411006929772524e-01 6.451931711633015370e-05
-6.679178597806976203e-01 6.849354759914896460e-05
-6.674525764707509579e-01 6.029228793423419279e-05
-6.673350704294809255e-01 4.814800006811329434e-05
-6.670232083389191491e-01 6.167204182647540399e-05
-6.668524688096778563e-01 5.910118257216516544e-05
-6.649729035585829617e-01 6.147995533159968822e-05
-6.642684064404751343e-01 6.445348931581738503e-05
-6.641463123191105877e-01 6.309930732408608803e-05
-6.633052732930829753e-01 7.029939611935878945e-05
-6.631091331356471219e-01 5.361606266846125047e-05
-6.626387999928776695e-01 6.260093650804934948e-05
-6.621739771922627860e-01 6.222364265488360439e-05
-6.621331634268199373e-01 8.487631090696021641e-05
-6.617681025359796188e-01 1.699939178071953262e-04
-6.608045993856525024e-01 4.697084416487878634e-05
-6.606739493050421963e-01 1.580577506193326894e-04
-6.605864646272362473e-01 6.010996287605825390e-05
-6.603841597189095136e-01 9.776009779362675200e-05
-6.600894161757316914e-01 6.794492842017937104e-05
-6.594637807262704321e-01 9.407355265477619600e-05
-6.585123184407415398e-01 5.672514891358642795e-05
-6.577392166577090693e-01 8.489253171531430163e-05
-6.576070703638614567e-01 5.671572909951080871e-05
-6.572949886988465051e-01 7.587677304915011454e-05
-6.561122141809430097e-01 7.594011598263359383e-05
-6.560824147942780904e-01 7.895661506976850799e-05
-6.559599681040110264e-01 7.584159567899065215e-05
-6.551389926411492759e-01 7.163334849581720230e-05
-6.543970938153512718e-01 8.086116607959756774e-05
-6.542134064674852700e-01 6.038335482981144209e-05
-6.539415005870029551e-01 7.702310028930543589e-05
-6.538972265492516422e-01 5.483513363105675382e-05
-6.531609019418297413e-01 6.302434483139345901e-05
-6.530506457827240929e-01 6.664027296618430928e-05
-6.524483459463141788e-01 6.213471169851136119e-05
-6.519829980578093487e-01 5.132117559429683951e-05
-6.508500982720168970e-01 5.421790778456258745e-05
-6.504940724914868300e-01 6.151047398653696245e-05
-6.502618744024292186e-01 5.420406788885910354e-05
-6.502468921268061974e-01 9.953656988131409883e-05
-6.493601762675174083e-01 6.249710403208194815e-05
-6.480921051804153787e-01 7.566233913897677053e-05
-6.479791259999453379e-01 1.031506869417810870e-04
-6.476341064497549427e-01 5.637850046813949306e-05
-6.466502155699432874e-01 7.553051788949066800e-05
-6.461721604508906536e-01 8.046254108542150716e-05
-6.458799344382682994e-01 6.515526163481835220e-05
-6.451010006866068069e-01 5.134937178365108526e-05
-6.450345131835492074e-01 5.945474233520234525e-05
-6.448189866908705659e-01 8.621232186436726512e-05
-6.440381426425041411e-01 5.476086205324629577e-05
-6.440064813871895222e-01 6.619938588440530205e-05
-6.438412099696596558e-01 5.846273709138086173e-05
-6.436487134179716962e-01 8.300731142676123732e-05
-6.433555694524504265e-01 5.260939423273239387e-05
-6.433525377925092270e-01 6.688213661786427994e-05
-6.428456165553334545e-01 6.571012841990477547e-05
-6.428434170134658121e-01 6.458763920739218662e-05
-6.420936974817711418e-01 7.995896171727718096e-05
-6.420493579035175813e-01 7.369711012825344988e-05
-6.418134045367771545e-01 9.746585252031653732e-05
-6.417004081377656322e-01 7.171743609161075758e-05
-6.413315849689585901e-01 9.018488369060046101e-05
-6.406947892669976330e-01 7.393228182979124426e-05
-6.403185461869485007e-01 7.602400568822128603e-05
-6.400811184407115828e-01 6.605657030892666322e-05
-6.394428720483398276e-01 6.235692272360363086e-05
-6.392982393832333798e-01 5.690366332659634220e-05
-6.387357602575810533e-01 6.734815021070108881e-05
-6.382998390147016643e-01 5.541584048449112458e-05
-6.382362391926620360e-01 6.597739106075456124e-05
-6.376809976530031232e-01 6.020891724507016423e-05
-6.372756046164060884e-01 7.013145348053117178e-05
-6.369907424801160012e-01 1.348235895433747098e-04
-6.365439592832579097e-01 5.752967690697004228e-05
-6.364887091187020340e-01 1.202250265730830166e-04
-6.363050751700550789e-01 6.780019389542716094e-05
-6.345094146621006459e-01 9.786324032254156539e-05
-6.327778293721579850e-01 8.179767464968612230e-05
-6.324024626620955436e-01 7.865329312207941851e-05
-6.317180055100647396e-01 8.778587318166666158e-05
-6.315739161026432402e-01 8.399789003349817122e-05
-6.306568343794500819e-01 5.985075043437386682e-05
-6.298259049897894091e-01 7.672837638702045631e-05
-6.295959422073548195e-01 8.155117680013999079e-05
-6.281017902136417641e-01 7.458911107370810628e-05
-6.262033582186534719e-01 9.051296260045666386e-05
-6.261491929739050333e-01 1.192802826080595498e-04
-6.248103785030759694e-01 7.973802809641225586e-05
-6.247175336502197585e-01 6.571237590121542516e-05
-6.245136730996132535e-01 7.365347404682633711e-05
-6.243593630374345560e-01 8.603958029315901849e-05
-6.241188664754134807e-01 7.389380793579756134e-05
-6.240763830900072362e-01 8.232400220114994064e-05
-6.239785148384425773e-01 1.162600562690737797e-04
-6.235150717946006393e-01 9.754349497038399962e-05
-6.234467190114448831e-01 1.028657860303122483e-04
-6.234184694349284017e-01 1.041565189868598186e-04
-6.225389585471939879e-01 6.639669925613984067e-05
-6.217057376930622548e-01 6.852608265272650142e-05
-6.215206273535390791e-01 8.127076930602070127e-05
-6.210926066666393464e-01 6.467663893699100470e-05
-6.210838952772074206e-01 8.273129592021013427e-05
-6.209679776921909200e-01 1.112716600897953090e-04
-6.206088185696593262e-01 8.008528438835480108e-05
-6.199845680106811363e-01 6.685987484107331377e-05
-6.198139608956231283e-01 7.617704580217701891e-05
-6.196864922439027090e-01 8.497050929462503569e-05
-6.196654953358158302e-01 9.115917396746747888e-05
-6.194576614642369750e-01 8.100573563803739824e-05
-6.192759322985664783e-01 7.122033407219868230e-05
-6.179071543171276160e-01 7.647533688573851887e-05
-6.178936493961808551e-01 8.000505231278412694e-05
-6.176151173714978793e-01 8.098425576774194239e-05
-6.172633978810633248e-01 7.061916265637055976e-05
-6.170400283652276441e-01 7.872647057878408804e-05
-6.165570936150748249e-01 8.411641570557398719e-05
-6.158437712448193713e-01 7.951980766395394128e-05
-6.142997086905283011e-01 6.892917019107087527e-05
-6.139501225286877473e-01 7.067483315066798444e-05
-6.137698595078585617e-01 8.204016005719923189e-05
-6.130709560369224098e-01 8.409978248479981031e-05
-6.129166367522324022e-01 8.738424757974715172e-05
-6.125700626434881224e-01 8.735501458744547511e-05
-6.123804138435646749e-01 8.003333235151316991e-05
-6.117620830342684890e-01 6.348884167460875196e-05
-6.117555204173447114e-01 1.118342277699848529e-04
-6.117382948829810374e-01 7.663884895519209553e-05
-6.113438147940881695e-01 9.491623495303102708e-05
-6.109527579775496653e-01 8.964471467929874379e-05
-6.109329333296501519e-01 7.585125894332091689e-05
-6.108201780456784524e-01 6.674754092494855390e-05
-6.101951490240847820e-01 8.963508237791055532e-05
-6.099631237436282660e-01 9.934524819816367323e-05
-6.091066173184327415e-01 1.168459362435688749e-04
-6.090636099909984003e-01 7.220185943421488449e-05
-6.083989124967796869e-01 6.501415067508032068e-05
-6.075952298204224666e-01 7.818617868731735673e-05
-6.064528540582455607e-01 9.278071710874565144e-05
-6.056567515761478449e-01 1.180229678161049024e-04
-6.056230463414704612e-01 7.222382528700768125e-05
-6.054371202278604480e-01 9.137056715823017134e-05
-6.052869215152534288e-01 9.259866175982458809e-05
-6.040177019344937781e-01 1.778071095845168762e-04
-6.033284560364993165e-01 1.280835646102033987e-04
-6.025122077911415630e-01 9.112802881487070870e-05
-6.019673415104933589e-01 8.695386436190369946e-05
-6.008231238020174114e-01 9.345981472115260356e-05
-6.006889921368363527e-01 7.699161827760369736e-05
-6.006744893783318995e-01 6.849551227863384737e-05
-5.993909189408116456e-01 1.557808365051399527e-04
-5.986801196968979388e-01 1.138011558904062053e-04
-5.985500409236305108e-01 1.048540543241123838e-04
-5.980724609044956175e-01 9.027257598541380261e-05
-5.972034986803946843e-01 1.033155996303407651e-04
-5.971748070307711931e-01 8.018771495440860651e-05
-5.968094782853192726e-01 1.234688562483497341e-04
-5.967843425137121516e-01 7.850515405010324833e-05
-5.963774039958680273e-01 1.057363608028997695e-04
-5.958414820154183111e-01 6.292091780369612173e-05
-5.936053235704242814e-01 8.540117168417291841e-05
-5.931842860169079801e-01 9.566527769352128083e-05
-5.931687266307030804e-01 8.577184830829577675e-05
-5.925145255408325040e-01 8.775211401685057658e-05
-5.923096623669026339e-01 1.019813057978068475e-04
-5.922557583788239377e-01 7.660975574118130305e-05
-5.921855101398827426e-01 8.357546572250126610e-05
-5.916067428451023957e-01 9.638861291569588438e-05
-5.905475033973185406e-01 1.110122338787084060e-04
-5.904095913643188087e-01 7.478476765497529312e-05
-5.901947751815439513e-01 9.358949056238658512e-05
-5.894693444325344034e-01 1.100810904964710671e-04
-5.890709241594705992e-01 1.015496421793904067e-04
-5.890366746464031911e-01 1.147232922741876326e-04
-5.882053286071547982e-01 7.790860941771321989e-05
-5.881822598465562546e-01 9.395833015465343714e-05
-5.880058688590013016e-01 1.002222460201025007e-04
-5.876054202503179225e-01 8.515139509721511546e-05
-5.868290536415556868e-01 1.009955381612413371e-04
-5.868188254038114726e-01 6.903017942138739644e-05
-5.856475401751071175e-01 1.102534753477283860e-04
-5.849838804051593621e-01 8.485787152756175229e-05
-5.849244307042624769e-01 1.513683353759413244e-04
-5.845501107243230576e-01 9.161239363060319984e-05
-5.845007541394054984e-01 8.953542729749435999e-05
-5.832788360164664621e-01 1.445896269580033435e-04
-5.832043283041783432e-01 9.561678339670898121e-05
-5.830842130202212870e-01 9.395718768511798476e-05
-5.829703344441382606e-01 1.093586079678526623e-04
-5.829086740865989658e-01 7.178995710378636205e-05
-5.826022788045812639e-01 1.546964864057734986e-04
-5.815942226024959361e-01 7.755848954439221153e-05
-5.810720806265018412e-01 1.237887253001119093e-04
-5.791292931032571145e-01 1.055978457727633606e-04
-5.782912117222384074e-01 9.364560466995565553e-05
-5.778776428613853211e-01 1.156339155746648260e-04
-5.778128822019189537e-01 1.454856427424767757e-04
-5.771534115283859512e-01 1.131531957103575124e-04
-5.768445418872371055e-01 8.743185276212021948e-05
-5.760626206782937242e-01 1.089742866913200341e-04
-5.759999970936652280e-01 7.020248302627285898e-05
-5.752318603080750492e-01 1.051288212959776517e-04
-5.750664401532669112e-01 8.468770063656629911e-05
-5.745319557940111732e-01 9.692982007894475436e-05
-5.742373038117043471e-01 1.203408498076802562e-04
-5.738442742338131231e-01 1.306318084900524976e-04
-5.736093291719414067e-01 1.361834130289986237e-04
-5.731943583820234833e-01 9.352241902051194931e-05
-5.731165427029587534e-01 2.831494642293543485e-04
-5.728164670808483239e-01 1.144390324772496289e-04
-5.728092760992450350e-01 1.178323789994558079e-04
-5.728061261753839561e-01 9.561437421841401108e-05
-5.724274635365182995e-01 1.033925871073837754e-04
-5.719072651795508166e-01 1.700395913002181831e-04
-5.714857865906235457e-01 1.222859424856513979e-04
-5.710056046340489244e-01 9.395374863454289361e-05
-5.700589317926083588e-01 1.203566711039437767e-04
-5.697739831986030623e-01 1.094745612527963161e-04
-5.693126934573505826e-01 1.396975404594897848e-04
-5.689544051430918126e-01 7.888575195202995416e-05
-5.687337412271318282e-01 2.219883922043046809e-04
-5.679859507220137438e-01 8.553391358841680035e-05
-5.663366644355378732e-01 8.483545825600385959e-05
-5.659988205895450930e-01 1.043553880136329962e-04
-5.656212863088654341e-01 1.147908933857645809e-04
-5.644883134572452610e-01 1.170252898802582778e-04
-5.625932590347121343e-01 9.610991109421498978e-05
-5.620429869886648389e-01 1.191491592046516393e-04
-5.613726273550891932e-01 1.252605684795761606e-04
-5.611751608470717523e-01 8.337295423210975209e-05
-5.608754285791206495e-01 1.274464321308220374e-04
-5.606478733658120106e-01 1.298285337798109514e-04
-5.605057387948778613e-01 1.053539142771694407e-04
-5.605031151855889293e-01 1.081370604548743269e-04
-5.602996918957570127e-01 1.259691276311665129e-04
-5.602287829943681796e-01 1.106765315921607890e-04
-5.597924618008475184e-01 1.365825291024698462e-04
-5.594944423409812240e-01 8.667136589065216508e-05
-5.593403633580793510e-01 1.138950605488458237e-04
-5.583743786721957481e-01 1.339347129857250613e-04
-5.574079700701930484e-01 1.342692425227823315e-04
-5.573433795350986042e-01 1.536072991141134098e-04
-5.573131460540801108e-01 1.321222513965904547e-04
-5.572697226374021540e-01 8.530387345613908809e-05
-5.567816652425947588e-01 1.138497254238508860e-04
-5.564720318404803301e-01 1.414270645471278555e-04
-5.559525552293870243e-01 1.589943602938683647e-04
-5.557274635763975734e-01 1.866613883311051675e-04
-5.557094487468688948e-01 1.571483196579082640e-04
-5.550629408772655982e-01 1.183575194852869324e-04
-5.546453865226329549e-01 1.007932837922637050e-04
-5.532399111991300744e-01 1.135321102292065641e-04
-5.528422929307192923e-01 1.215256515096532194e-04
-5.526963982157989674e-01 1.246484895725646338e-04
-5.521359293546844738e-01 1.261523053613501459e-04
-5.516736327411815299e-01 1.180796087563085650e-04
-5.513838713967310623e-01 9.569375242880976263e-05
-5.507576412487080741e-01 1.174018630531159084e-04
-5.507030903167883240e-01 1.068608925848919746e-04
-5.502738833883329406e-01 9.545039309930606578e-05
-5.479330354668990877e-01 1.028462710357641965e-04
-5.477311067120655963e-01 1.239622850158596582e-04
-5.471341944705589988e-01 1.068504746403673014e-04
-5.467500692546674035e-01 1.343957238495732068e-04
-5.463675061095951691e-01 1.712688450986741466e-04
-5.452293356103070643e-01 1.599292193792146706e-04
-5.444966510081176159e-01 1.361714726781589643e-04
-5.444156249644394041e-01 1.079147583859718033e-04
-5.441741635989437720e-01 1.896917776175815974e-04
-5.441269465874775113e-01 1.159857435367685267e-04
-5.435594346167673674e-01 2.046361903786636093e-04
-5.424871179107282337e-01 9.587401762777675827e-05
-5.420120560738092008e-01 1.074631101757848748e-04
-5.414124565735690675e-01 1.513068805011967251e-04
-5.408765146194408624e-01 9.474743323329015026e-05
-5.403462485714950470e-01 1.846345509073658495e-04
-5.402035607401778350e-01 1.545038619460198295e-04
-5.395990580374843137e-01 1.918245884996483441e-04
-5.395182447080064669e-01 1.116815367996012195e-04
-5.394447891371442205e-01 1.165380023194176356e-04
-5.383888567419928828e-01 1.487922676861242106e-04
-5.367986328538295604e-01 1.208788547025880459e-04
-5.366827367447355446e-01 1.376094071504750270e-04
-5.364695365064751087e-01 1.364047104951304659e-04
-5.361927004805696617e-01 1.218743251750282672e-04
-5.354525574532617016e-01 1.209111673452617611e-04
-5.349343015209320207e-01 1.300623319873610664e-04
-5.348365701417550078e-01 1.296301595761317315e-04
-5.343187102538295985e-01 9.945521970857646203e-05
-5.343042525381580532e-01 1.192746335709597174e-04
-5.339225176376496407e-01 1.254619091209749500e-04
-5.337926284907622554e-01 1.504425396257931947e-04
-5.327287411910966997e-01 1.900429850861664141e-04
-5.325494197625104675e-01 1.427724156950431066e-04
-5.318026034331840846e-01 1.254896145668727651e-04
-5.309765443411256225e-01 1.045186132580849027e-04
-5.302386396866519691e-01 1.922912290908427376e-04
-5.297396144213483149e-01 1.398111360247854501e-04
-5.296645831924999825e-01 1.981181047428850497e-04
-5.296288008533099889e-01 1.565454035904578875e-04
-5.291468592625081513e-01 1.134458853064924174e-04
-5.283482481354450089e-01 1.330914374236814542e-04
-5.280571510859728424e-01 2.002399939585055135e-04
-5.264620598326706924e-01 1.103703490513338321e-04
-5.244039163606697418e-01 1.342852999358577998e-04
-5.241029511838497523e-01 1.288613111012498486e-04
-5.226190569961912669e-01 2.175903300678507185e-04
-5.217371565328698946e-01 1.133814223365392531e-04
-5.217124776024464339e-01 1.355738604928228273e-04
-5.213427783901007917e-01 1.551108608618653240e-04
-5.197902969838038567e-01 2.102258170457619397e-04
-5.196423910966870841e-01 1.194133414142604054e-04
-5.195060982562855756e-01 1.306769335826150577e-04
-5.194276821416304868e-01 1.109781558027526645e-04
-5.189234389930932334e-01 1.785164211059874384e-04
-5.189059452976090281e-01 1.647111070845444947e-04
-5.186556218506287452e-01 1.190731873580604930e-04
-5.184054225239433933e-01 1.392437648406162371e-04
-5.183986274013787643e-01 1.272360388985511819e-04
-5.183752644508780039e-01 1.634282851205525692e-04
-5.183574011050603447e-01 1.461336947486955630e-04
-5.181179110336157079e-01 1.688485670786277421e-04
-5.175950073501192072e-01 1.466993243549382525e-04
-5.171263879869217872e-01 1.868166706615643645e-04
-5.162975131074144519e-01 1.235919671394090479e-04
-5.162525208156573120e-01 1.561056691979215475e-04
-5.152181438431774341e-01 1.644727826881306769e-04
-5.147127215151825474e-01 1.544734334579990096e-04
-5.146925100843324774e-01 1.191385344583759901e-04
-5.145662098674805840e-01 1.976392992494351237e-04
-5.142242781312217348e-01 1.367480516080937607e-04
-5.139378956912457053e-01 1.361502118832885863e-04
-5.138488727978606230e-01 1.514414070945057180e-04
-5.133235686831917333e-01 1.144444969481006212e-04
-5.129603086100585907e-01 1.304036238007915034e-04
-5.128658291001366720e-01 2.075392671800544407e-04
-5.127587007471586800e-01 1.078578525096639712e-04
-5.126726998668503787e-01 1.879206591930026498e-04
-5.103248865569840476e-01 1.630454751121066751e-04
-5.103006342827819397e-01 1.726942501004843596e-04
-5.097492010748000402e-01 1.342515272882633445e-04
-5.097125798403551178e-01 2.031212195145466585e-04
-5.096999248712705821e-01 1.660623301603006527e-04
-5.092715447317497368e-01 1.447295823365787686e-04
-5.092062349552897160e-01 1.221528196793580175e-04
-5.091734103708087655e-01 3.982813025476903551e-04
-5.089352099054539336e-01 1.478472523969197392e-04
-5.086907695077105274e-01 1.362093809792112419e-04
-5.070968481340992762e-01 1.732171485905044893e-04
-5.061573767495975984e-01 1.457298513345428332e-04
-5.053147695386811522e-01 1.436798033916701297e-04
-5.043550359904800384e-01 2.354662710753891710e-04
-5.041321720123580485e-01 1.928298321320565589e-04
-5.038347128694898869e-01 3.621488477254260598e-04
-5.036168156422378139e-01 1.922534506453795779e-04
-5.034193027682660748e-01 2.161302858343593883e-04
-5.023385508763323903e-01 1.640313029712601968e-04
-5.020290020175620649e-01 1.960756035490066800e-04
-5.008162005978901155e-01 1.665598518970513712e-04
-5.006132530858041774e-01 7.704735256228357641e-04
-5.005083283517705040e-01 1.832164960790240665e-04
-5.004835573953823058e-01 1.842268651484207931e-04
-5.001168068073686968e-01 1.881980726344732681e-04
-4.986916819487869357e-01 1.708964508717660544e-04
-4.979980075941742301e-01 1.633913639730993081e-04
-4.977996285949805588e-01 2.250017494218349014e-04
-4.977610542493610679e-01 1.848297169330545510e-04
-4.977473786675029599e-01 1.901598978807754741e-04
-4.969554449779975958e-01 2.955007994630991556e-04
-4.969365733130675644e-01 1.940314998972070433e-04
-4.968178267760471334e-01 2.362418086368361925e-04
-4.965643980111414946e-01 1.371626233132771581e-04
-4.963086523913165515e-01 1.701256181637443696e-04
-4.959090697600957998e-01 1.577264409679582347e-04
-4.950800796310022012e-01 2.510029204089038305e-04
-4.950257678726350252e-01 2.370171214541207788e-04
-4.927812318741900399e-01 1.565031647479718318e-04
-4.923415240131555626e-01 1.984057132990206746e-04
-4.920068656527113449e-01 1.566474086583500181e-04
-4.918308184856630128e-01 1.519422405394679721e-04
-4.918035757691318066e-01 2.200864594459238583e-04
-4.916248603593829647e-01 1.562813227477217808e-04
-4.907281321452405254e-01 1.918091376770625464e-04
-4.904978687979290042e-01 2.669484866199621866e-04
-4.882035874648921192e-01 2.553485963196868488e-04
-4.872216388497548900e-01 3.405491429069509163e-04
-4.871011977954495253e-01 2.134149689343184809e-04
-4.865807971448932734e-01 2.053839012650891251e-04
-4.857417447530381627e-01 2.787946150879829486e-04
-4.848948098491970837e-01 1.677265402012597956e-04
-4.847499824414829850e-01 1.887346234774266412e-04
-4.844922156466652807e-01 1.683727730208776625e-04
-4.843989379026196751e-01 1.775329991425047009e-04
-4.842363675145383572e-01 1.832058891248033018e-04
-4.835726673569774592e-01 1.347314739564125499e-04
-4.832516371641278896e-01 1.983968477834156970e-04
-4.830780113008879550e-01 1.801575831428445761e-04
-4.821032063227142506e-01 2.586129698806253802e-04
-4.815413830300681042e-01 1.710670428587204319e-04
-4.814373375882074479e-01 1.715421213086142820e-04
-4.814013886778794604e-01 1.287350281677960781e-04
-4.813997808539540735e-01 2.061217583523798625e-04
-4.810664978609690556e-01 1.290312481690209965e-04
-4.809989648784630534e-01 1.669355431532537105e-04
-4.803652705073364060e-01 3.491915201163761271e-04
-4.803569074157904017e-01 2.293033794650289078e-04
-4.801955537595118395e-01 3.149664458705607613e-04
-4.799039153692026272e-01 2.853255765481113463e-04
-4.798411620139489964e-01 1.576499124505831295e-04
-4.797870611734122437e-01 2.452427369102577574e-04
-4.793589385716788276e-01 2.373447643543864620e-04
-4.785991218444054507e-01 1.341039775659935674e-04
-4.779360314018686884e-01 1.399760409235849582e-04
-4.775067336617614400e-01 1.978128641157730319e-04
-4.773405296527038488e-01 1.914680152621460159e-04
-4.766878404853964191e-01 2.896896060919580186e-04
-4.765211855232816540e-01 1.995572520807285788e-04
-4.764197529667748010e-01 1.761857749157338569e-04
-4.760013465669915012e-01 2.174308211539498063e-04
-4.755771838626333126e-01 1.688132778486955738e-04
-4.743368070111227408e-01 2.736272856707620848e-04
-4.742505903841039983e-01 2.640013525714080857e-04
-4.741314518873636086e-01 2.139833269929267688e-04
-4.739857615857942519e-01 1.806201439967934815e-04
-4.736461829644423305e-01 1.733950098007648437e-04
-4.731835345461450903e-01 2.632303252897834301e-04
-4.728221356546772336e-01 2.434763522907999506e-04
-4.724268237337599929e-01 1.576848712933164975e-04
-4.719201418387422020e-01 1.786690704493237088e-04
-4.715255847236697329e-01 3.133381727071773634e-04
-4.709442592165011265e-01 1.837627872879796481e-04
-4.706190116453314309e-01 2.198550795821686832e-04
-4.697686660904039635e-01 2.240661407298855687e-04
-4.690702450380082045e-01 2.782840240343832151e-04
-4.690483609445565416e-01 1.865816744819061800e-04
-4.690102113793715999e-01 1.566844419336762650e-04
-4.689949457988699666e-01 2.351881023865912016e-04
-4.689140261431032353e-01 1.743310077317130106e-04
-4.688051853873803632e-01 1.799774428879327638e-04
-4.685228809666758809e-01 2.291973112822173091e-04
-4.681896320119193211e-01 2.548072937675952259e-04
-4.673541541013407352e-01 1.608388013233564998e-04
-4.673105030009890304e-01 4.045758719656627144e-04
-4.671016224618721457e-01 2.224033070421611510e-04
-4.670050134303986855e-01 2.197713929045937414e-04
-4.666834339648564534e-01 1.371262216433174975e-04
-4.662957235874496953e-01 1.760135407252925684e-04
-4.659321549529431006e-01 3.158293489085502734e-04
-4.656219145521459102e-01 1.932637068262369406e-04
-4.644079785424918838e-01 2.200988810946478502e-04
-4.643064623753622167e-01 2.705125752357294801e-04
-4.641648934479072341e-01 1.831710208130580219e-04
-4.638350110916701907e-01 1.551774220515206803e-04
-4.637770456047046741e-01 2.224987484627451335e-04
-4.634931280566682021e-01 2.400012273135417637e-04
-4.632247232559415506e-01 2.630604231175180923e-04
-4.632188261195827050e-01 2.100122674613725832e-04
-4.630094966833534498e-01 2.052781234582437184e-04
-4.625672888827275786e-01 3.552058335050426938e-04
-4.623395845354921208e-01 1.893720590668401392e-04
-4.619513659145549345e-01 1.883229885716780671e-04
-4.617986535184305241e-01 2.550164369982109457e-04
-4.611477460333182621e-01 2.367162490743581317e-04
-4.606541123862483156e-01 2.143843933118029391e-04
-4.603879489513929002e-01 2.074196470762446380e-04
-4.598866820020049428e-01 2.311890031377332086e-04
-4.595891678835591909e-01 2.210673332009884234e-04
-4.594199254782638797e-01 1.472669641819814436e-04
-4.590920929937679640e-01 2.695250227727138416e-04
-4.590303158819167284e-01 1.716647442402192047e-04
-4.587791154297670704e-01 2.855506987670883832e-04
-4.579054659761067625e-01 3.655049942527233944e-04
-4.579032261086313782e-01 2.226665075543644487e-04
-4.570633561054445182e-01 2.201120286500207334e-04
-4.563778906064448471e-01 3.025025262095276776e-04
-4.562068300563444367e-01 2.640410542612702427e-04
-4.552490726187076731e-01 2.074660624402029465e-04
-4.549158732740324340e-01 1.932744484047405097e-04
-4.547800122815782720e-01 1.942509074644823612e-04
-4.545246496246942991e-01 2.536639305640582109e-04
-4.533310694566710652e-01 2.141222910513676796e-04
-4.532881043531927778e-01 2.117656130966110936e-04
-4.527545673020939021e-01 2.486951134220198806e-04
-4.526874899318826806e-01 1.872731932289191739e-04
-4.519758467630983767e-01 2.502697025188849286e-04
-4.512524731427839386e-01 1.938434163241431495e-04
-4.512279268039124935e-01 2.408772680296023558e-04
-4.511150416394426044e-01 2.832084632414593145e-04
-4.507742823963945544e-01 2.526694379577376377e-04
-4.502562114003273441e-01 1.932603218589353672e-04
-4.491706589594831045e-01 2.669660586250197066e-04
-4.491068354070573143e-01 2.960977591066503629e-04
-4.489906630958720446e-01 2.690082276038995371e-04
-4.488645162368514185e-01 2.099200176666544580e-04
-4.487336744553668266e-01 2.703644778273331904e-04
-4.485834628156000203e-01 2.427143611348815146e-04
-4.485503865171611704e-01 2.433212177083198067e-04
-4.473045834354711370e-01 2.200222771604017004e-04
-4.470483589101073019e-01 2.045982748102759437e-04
-4.467553091661995990e-01 3.440372524415082891e-04
-4.463761447094237722e-01 3.727945889688217608e-04
-4.460673157020416113e-01 3.577722617812089225e-04
-4.458764701726115054e-01 2.494603117743238196e-04
-4.458241163366806759e-01 2.475034764231458803e-04
-4.449418554167273721e-01 2.340033098725788384e-04
-4.446478218271022742e-01 2.861352598336573813e-04
-4.444084554371169893e-01 4.581858097803581165e-04
-4.444036272689563249e-01 4.445761126815228246e-04
-4.428092812040492210e-01 5.918090455025986490e-04
-4.427289914077952027e-01 3.216399285951705668e-04
-4.420179035078060092e-01 2.297709649872043379e-04
-4.407965997376847578e-01 3.086878886120775103e-04
-4.407157768041972679e-01 3.325106692383758707e-04
-4.400258309160731685e-01 2.135527316026203815e-04
-4.398558201331455031e-01 3.044999772099739235e-04
-4.396011893327633202e-01 2.296366918125119757e-04
-4.395182271321392831e-01 2.877426947624133011e-04
-4.393594271933443096e-01 2.802245588459450847e-04
-4.392739112455753547e-01 1.704387436764929966e-04
-4.388575708353693039e-01 2.202077495373656467e-04
-4.385983802503840012e-01 2.965631449487150448e-04
-4.383013883424948243e-01 1.764884221276287316e-04
-4.369783116894216946e-01 2.811725509535985506e-04
-4.362922979832699055e-01 3.313362703002071304e-04
-4.362814658743394691e-01 2.627298721119378537e-04
-4.362457805537885980e-01 2.844154775959024896e-04
-4.351027521965881162e-01 2.688616929460478319e-04
-4.346385455693032585e-01 3.210445733491807795e-04
-4.346020365145648046e-01 5.743680517363541470e-04
-4.336619994776291231e-01 2.300519796877437411e-04
-4.329990778287445274e-01 2.504743472690986101e-04
-4.325870225685492509e-01 4.429705138775014194e-04
-4.324388594423205223e-01 1.996631114943900982e-04
-4.324114077196224426e-01 2.515014530611330468e-04
-4.319553830701783337e-01 2.662825424252798323e-04
-4.316544323917393955e-01 4.399493356877408139e-04
-4.316540094575050390e-01 2.435646937800086634e-04
-4.312353741734251122e-01 2.801853260775173248e-04
-4.307020979966039720e-01 2.837868286488429669e-04
-4.300379378200454017e-01 2.201091973537368577e-04
-4.297282786982568048e-01 7.453663725807559799e-04
-4.296320678812975968e-01 2.342798428655304876e-04
-4.293746065180435445e-01 2.673389832906351610e-04
-4.292792167499304146e-01 2.084314883855273564e-04
-4.292210943896922481e-01 4.601568360728659724e-04
-4.289403384827206733e-01 2.061435315054261459e-04
-4.289311838067008109e-01 2.565602606928192434e-04
-4.275509405863126000e-01 2.581586670095336830e-04
-4.275147640090116719e-01 2.381211909127851391e-04
-4.267944573917503703e-01 3.287745337143317833e-04
-4.263911429061740255e-01 2.370056409049511924e-04
-4.261476038664051003e-01 1.906103177233418509e-04
-4.260870436079595702e-01 2.318247727368272389e-04
-4.259528684345073590e-01 2.084502999541656433e-04
-4.259212542959261993e-01 1.960555223360910390e-04
-4.257809290751001785e-01 2.103991161178991529e-04
-4.256544412533626032e-01 2.936176383842001888e-04
-4.252962341359648457e-01 1.930711801630357032e-04
-4.238867025946485012e-01 2.607450604726776989e-04
-4.226955158170868643e-01 2.534678031785548105e-04
-4.225996478677588875e-01 3.375587249544533572e-04
-4.221552106527080572e-01 1.998480529271919818e-04
-4.218768615908896624e-01 2.835432537230427714e-04
-4.215518674627765083e-01 2.307937389218466678e-04
-4.212657524198072378e-01 2.926292515459277843e-04
-4.211471120500783205e-01 3.599170963867985703e-04
-4.205625314494563227e-01 2.193498190423176953e-04
-4.202291875988047876e-01 3.022206411447009322e-04
-4.201474614983048417e-01 2.192257522924664968e-04
-4.198251138893123735e-01 2.795211297003710716e-04
-4.190358994686140814e-01 2.770791719374800493e-04
-4.185211395169213811e-01 2.926699603081491484e-04
-4.178685043669354005e-01 3.472941537316004195e-04
-4.178660694056687275e-01 2.690163715400785025e-04
-4.177579218614708711e-01 2.203583510632309284e-04
-4.175736035476388941e-01 3.040164156620971331e-04
-4.170211073915048305e-01 2.627943325363102335e-04
-4.169643070285874997e-01 2.261952321561777710e-04
-4.168750304954792485e-01 3.034895172099415358e-04
-4.168527972653054414e-01 2.510410582704111987e-04
-4.163419195893910407e-01 2.082165766215615882e-04
-4.163383776296851191e-01 2.557381620092997847e-04
-4.161451106936159272e-01 4.665303714847788587e-04
-4.161438117505603107e-01 3.516194221853245782e-04
-4.161062496523421084e-01 3.692968865041529325e-04
-4.158661575244671504e-01 2.919054458964125847e-04
-4.154863973116083020e-01 3.229279622726325414e-04
-4.152371835478880779e-01 2.713294290915410027e-04
-4.151427411469177930e-01 3.359907337363438051e-04
-4.145362419151423228e-01 1.830184830267455698e-04
-4.145002216471193046e-01 2.499255900761410696e-04
-4.140069167028653796e-01 2.368996084289831086e-04
-4.133414343818557768e-01 2.354095029749277753e-04
-4.127764991648642523e-01 2.018600226222186822e-04
-4.122589864689859551e-01 2.773531865472647086e-04
-4.121872547528677155e-01 2.557488053910102091e-04
-4.119486117398601377e-01 2.262346904987617003e-04
-4.119003178215354111e-01 3.096261424432072062e-04
-4.118547013003678869e-01 2.801919178953194865e-04
-4.115132088243599884e-01 3.621969253191265102e-04
-4.112618778177880019e-01 2.374951934269799744e-04
-4.111749925143726725e-01 3.151723293654032886e-04
-4.099296278178977126e-01 2.490110516196467538e-04
-4.097125058607558046e-01 2.691110095586281325e-04
-4.095283300187015363e-01 2.731076809597371381e-04
-4.093929968992401358e-01 3.109534816791538004e-04
-4.092975620055233077e-01 2.914320130792435776e-04
-4.089647949544331085e-01 2.691165284270492048e-04
-4.082682576627941207e-01 3.152641415419092110e-04
-4.075619773635349441e-01 2.625449699749760708e-04
-4.071986492778044697e-01 5.186038303529746062e-04
-4.070491194706687410e-01 2.220393897682864054e-04
-4.053799791915214112e-01 2.162345766435145038e-04
-4.051177730580441949e-01 2.810483627537954231e-04
-4.049177332700281129e-01 2.612760594868351730e-04
-4.048754607514528647e-01 2.441573968557191315e-04
-4.042494714801773692e-01 2.435617548339492195e-04
-4.035277874506512097e-01 2.605282434739853814e-04
-4.030307688407103184e-01 2.306773657397976469e-04
-4.027600678202856721e-01 2.724708493955436722e-04
-4.025938514158152737e-01 5.533460869848810196e-04
-4.024005555040668369e-01 2.635408378534116378e-04
-4.022672216545025159e-01 2.827708310656166656e-04
-4.021534534907892922e-01 3.083988941406595546e-04
-4.018413627296361645e-01 2.797378436030860502e-04
-4.014730095078002936e-01 2.024909433414178058e-04
-4.014002266393251750e-01 3.188395942847249611e-04
-4.005188129010693876e-01 6.261841963245504822e-04
-4.001019777035955127e-01 4.123275133947467298e-04
-3.990287146955577846e-01 4.144508697556722326e-04
-3.986788703116474486e-01 2.796414184789316982e-04
-3.983821913521273239e-01 2.479643620818493526e-04
-3.980705696496203427e-01 5.826004893163388163e-04
-3.975457771095872173e-01 5.497991413226441379e-04
-3.973101097857347774e-01 2.892840184242538256e-04
-3.971584875020457983e-01 2.625993979286281158e-04
-3.945835026021200509e-01 3.657165572469150950e-04
-3.941964633015829222e-01 3.395727703554975532e-04
-3.941773207300591775e-01 3.256808402848956050e-04
-3.941573057015982928e-01 2.536642060804132214e-04
-3.925866721618019861e-01 3.036697018215698358e-04
-3.925557724595979403e-01 4.858431615138668054e-04
-3.898966793208610837e-01 3.018949774085173286e-04
-3.894980427952670632e-01 3.107707304293074596e-04
-3.887242322732396560e-01 2.821684036539654633e-04
-3.883906871361559876e-01 3.168484965642346632e-04
-3.880779137815574820e-01 4.050589885696414269e-04
-3.878775299309512037e-01 3.399586248981325480e-04
-3.868526215335301166e-01 3.211827900671922675e-04
-3.867825318546200819e-01 2.917080009650512332e-04
-3.848626602624137250e-01 2.932395605312902091e-04
-3.843521855445949931e-01 3.527264717526342277e-04
-3.825731645609198317e-01 3.982663296158597105e-04
-3.807768878117531175e-01 2.874656031949842901e-04
-3.807023411406636471e-01 2.832891484043650139e-04
-3.805662857454891190e-01 3.818027394124597421e-04
-3.804936753426181872e-01 2.307597294311121959e-04
-3.802860252550672726e-01 2.391708603769025104e-04
-3.796389610933678105e-01 3.221987870020716870e-04
-3.794173749379644023e-01 3.498901524312162488e-04
-3.781341386594832543e-01 2.446314697276369236e-04
-3.779752196714812329e-01 3.194242610916396378e-04
-3.776980645575524487e-01 2.433363095328299256e-04
-3.774714291709151404e-01 3.755796512070560698e-04
-3.774168075329379923e-01 3.183065613530006751e-04
-3.773278412740260768e-01 2.517244914836768268e-04
-3.772185740779931962e-01 2.262944345610682403e-04
-3.771021245922681620e-01 2.042202374106030240e-04
-3.765614322748445653e-01 2.912525339966736304e-04
-3.756818684873602932e-01 2.876134345880490182e-04
-3.753251980344415317e-01 3.090329718874534827e-04
-3.750246924353786704e-01 3.234226692170969614e-04
-3.748978999213811170e-01 4.403544705178008339e-04
-3.748490701568055750e-01 2.656714861759088692e-04
-3.748489793303073636e-01 2.921490997498097145e-04
-3.743826066899509919e-01 3.318288150268036371e-04
-3.743575971850041650e-01 3.604533500786151305e-04
-3.742431466487446956e-01 2.410294044477310289e-04
-3.740247953159871463e-01 3.391707245836303127e-04
-3.734099611979332378e-01 4.138796038045181296e-04
-3.730146691905703582e-01 2.734852311728179909e-04
-3.729415161967990500e-01 3.013406129989556711e-04
-3.729110832025055999e-01 2.776238441677568642e-04
-3.727391623155019151e-01 3.545324004205244964e-04
-3.726545720848249976e-01 2.539041390450175249e-04
-3.725866441499314785e-01 5.689047521643567995e-04
-3.718255952913462892e-01 2.634950055089329743e-04
-3.710122408278523909e-01 3.494143411571821881e-04
-3.701602310639015569e-01 3.402461449543640990e-04
-3.696765246553181949e-01 2.439198837158715241e-04
-3.696341941156784938e-01 2.543636283615295472e-04
-3.692347156891555016e-01 2.742566516149944501e-04
-3.691038753779554149e-01 2.575159846823024288e-04
-3.687269658335367017e-01 2.457915512455183943e-04
-3.684437073102479476e-01 2.489946248719472036e-04
-3.682393469979748923e-01 2.495110802859248846e-04
-3.673049343645089504e-01 2.964904541546700906e-04
-3.670755293780182948e-01 3.710841838592586418e-04
-3.667538412441946893e-01 1.993043623825782650e-04
-3.664436968201285061e-01 2.333044343223809717e-04
-3.652991750551400352e-01 2.081399284906090038e-04
-3.650336602202533531e-01 2.314832514452054698e-04
-3.640375890292008587e-01 2.549217080300244967e-04
-3.637265335648133258e-01 3.095156429603149878e-04
-3.637018382261498206e-01 2.766394256643290531e-04
-3.636537219216284256e-01 4.693191284420090872e-04
-3.633957987156865022e-01 3.099581410017057431e-04
-3.633445690785739313e-01 3.928053579489541999e-04
-3.627132546466862451e-01 2.106094617947797457e-04
-3.627070971735190663e-01 2.284851374773340198e-04
-3.625101792943176693e-01 2.576886658434982881e-04
-3.622404679295453400e-01 2.707772213718691182e-04
-3.619734114927642410e-01 4.780547394634179618e-04
-3.619404664329179955e-01 2.942081902374717845e-04
-3.611218323946845388e-01 3.832928261448686905e-04
-3.608734519021217224e-01 4.251465223470535758e-04
-3.608317127817011194e-01 2.432252968629606898e-04
-3.608274228456926913e-01 3.375806997952115552e-04
-3.594261446892926259e-01 2.341500517618382233e-04
-3.594210739371453966e-01 2.543449201610740616e-04
-3.594164621858307318e-01 2.720990581753562811e-04
-3.584637989867845986e-01 8.860447895202490940e-04
-3.583908010371976149e-01 3.119452992813533305e-04
-3.583580877516461816e-01 3.169730845383630881e-04
-3.580946040446172929e-01 3.994700476155249353e-04
-3.571822319868896423e-01 2.623953479100852464e-04
-3.569017376914990214e-01 2.613073129636378717e-04
-3.567216035994883461e-01 2.081554721844621186e-04
-3.562978442415690172e-01 2.730371422067038862e-04
-3.560883215170451144e-01 4.483537390443219643e-04
-3.560505488630522075e-01 4.061111002040566562e-04
-3.556338052970871577e-01 2.625141653525559621e-04
-3.552919317500070062e-01 2.561660112321443379e-04
-3.548721984357292580e-01 2.729692896096266126e-04
-3.547216971201965219e-01 3.083371044692475422e-04
-3.544402177049270075e-01 3.241599107287820186e-04
-3.538077457007229865e-01 3.026450182001581097e-04
-3.536246979503052112e-01 2.750514532832951825e-04
-3.535382433344478326e-01 2.602536780542632393e-04
-3.535036040096888876e-01 3.451644214277738805e-04
-3.532153987530024519e-01 2.807332639920720420e-04
-3.528774727521786780e-01 3.964627990924695896e-04
-3.528542794291861240e-01 4.745637048019832717e-04
-3.525227655265337767e-01 2.742695993521111265e-04
-3.521546623629092099e-01 3.501622869190311764e-04
-3.521034963037645293e-01 2.033120956934264978e-04
-3.513380028687255741e-01 2.483517253052543953e-04
-3.506711576999935742e-01 2.262155083554706083e-04
-3.503816851815650946e-01 3.778407711173217441e-04
-3.503778812787014529e-01 2.761016949212471245e-04
-3.502417529086047643e-01 2.459971392398190254e-04
-3.498712075635269647e-01 2.228964172808323803e-04
-3.497207678619009830e-01 3.747084000699800921e-04
-3.496335836847042078e-01 4.698231897014966082e-04
-3.492549823815616072e-01 2.939029903583293270e-04
-3.484364211383263465e-01 2.762376961082721851e-04
-3.482909910593379732e-01 3.030181116348357119e-04
-3.476666480609363896e-01 3.445165571547862348e-04
-3.469404925774108306e-01 3.355815664445113027e-04
-3.468608187903587381e-01 2.471008393888961610e-04
-3.466416052918900315e-01 2.338233188391936003e-04
-3.457451089775803732e-01 3.467106281211256610e-04
-3.456272935413367553e-01 4.286631481596718941e-04
-3.451591864021506528e-01 2.762367795381028674e-04
-3.451373988674688587e-01 3.302768007833818318e-04
-3.441462891587371287e-01 3.483774805242888456e-04
-3.434210630985675694e-01 4.247737936897099092e-04
-3.433532122039204548e-01 3.367857746170669232e-04
-3.431252000644534061e-01 2.819136805337911131e-04
-3.426863114579808411e-01 4.985757808262345240e-04
-3.418952565295433343e-01 3.008680328199766422e-04
-3.418081235566607923e-01 3.204671632522848525e-04
-3.417453517327168067e-01 1.877864545265544227e-04
-3.416774641113239919e-01 3.291211446577564041e-04
-3.412436032225774074e-01 2.904636961302060785e-04
-3.408753079688302545e-01 3.492217736840205864e-04
-3.403875752911648678e-01 3.636449750028582792e-04
-3.401428576948028470e-01 3.452866009989213523e-04
-3.391795211513704000e-01 2.307510510139736311e-04
-3.385639498893496802e-01 4.036282338593446552e-04
-3.381397953004771639e-01 3.463565956643997247e-04
-3.375506244798902600e-01 2.569452359211884694e-04
-3.371972967798095300e-01 2.392936981359314579e-04
-3.368873912212113630e-01 2.902691974967969201e-04
-3.366189958757510037e-01 5.090720741271340718e-04
-3.365567735002325533e-01 3.676388556230700006e-04
-3.356719103228273937e-01 5.499771465468876854e-04
-3.356049495690552331e-01 2.721018834119325438e-04
-3.352852108334062886e-01 2.525964432477284028e-04
-3.339510542748209132e-01 2.932483624661420298e-04
-3.337939581694874258e-01 3.139166938891296615e-04
-3.314317339599411882e-01 3.810216139126423440e-04
-3.309546148826710832e-01 3.897191366623777714e-04
-3.308510705523401429e-01 2.908898647042405155e-04
-3.304248619122754915e-01 3.278132141171301544e-04
-3.303961169103518114e-01 3.659968969028569940e-04
-3.302286264245660741e-01 4.633881626865616124e-04
-3.292844854742634220e-01 3.657892231838967014e-04
-3.288866691706697210e-01 3.738735885233329757e-04
-3.287959240289875518e-01 6.218888887371074731e-04
-3.281396835752396490e-01 4.527376247650398726e-04
-3.273760776290963181e-01 2.300924758035974955e-04
-3.268743612345303973e-01 3.379553596786205724e-04
-3.266579329939985898e-01 2.406411705448243722e-04
-3.264805717810497776e-01 3.140095269477773186e-04
-3.261217783012597127e-01 3.290867715699036440e-04
-3.260593035886872881e-01 3.197869104589703320e-04
-3.258961656077450919e-01 3.563615653903610199e-04
-3.257203822847420382e-01 2.926291414432870210e-04
-3.253681880284839956e-01 5.454435135732928902e-04
-3.253420499839095315e-01 3.742123178679507799e-04
-3.248495556182124933e-01 3.104011225675026679e-04
-3.247358177303023008e-01 2.596853200217709152e-04
-3.243580670330621363e-01 4.945193686932161615e-04
-3.222464733641584589e-01 4.852844699557680376e-04
-3.220869308987804325e-01 2.674108746520425140e-04
-3.220644611334511631e-01 3.073294226216292187e-04
-3.219056174339182674e-01 3.529316652001417273e-04
-3.218065084540427945e-01 3.622401984091743994e-04
-3.217391784001241706e-01 3.905066833974412213e-04
-3.210904935748536415e-01 5.937816884245952559e-04
-3.206716329038062363e-01 2.707615015710474501e-04
-3.206490114675823455e-01 4.336217841438047126e-04
-3.206079660399386300e-01 2.863431457668933399e-04
-3.204180650616663129e-01 4.209447759940069264e-04
-3.198394395832226400e-01 4.903111580177446161e-04
-3.196263000188740988e-01 4.067452892636577548e-04
-3.178304693746840104e-01 4.440435679914224269e-04
-3.172214255565944940e-01 3.466226505994548330e-04
-3.171957996952895487e-01 3.794056768185430275e-04
-3.169345709134194777e-01 3.548418867985101669e-04
-3.168353725369777441e-01 2.115726361184709268e-04
-3.165417461790921982e-01 2.723532124393912460e-04
-3.162706746591589235e-01 4.163944244501810552e-04
-3.158558950427473588e-01 3.098899578021454171e-04
-3.157282660987965617e-01 3.412027215940366160e-04
-3.156895406659914194e-01 5.380083303030072520e-04
-3.155061748349755613e-01 3.035721378228305677e-04
-3.142483731226587418e-01 4.866904671040947331e-04
-3.140215495061944306e-01 3.402098582068736302e-04
-3.138153203287192827e-01 5.168738413537661124e-04
-3.131074984514507498e-01 2.656748545221958736e-04
-3.130973268152024147e-01 2.238539134245341028e-04
-3.129818444187622006e-01 4.469520193308044531e-04
-3.129804504021296840e-01 7.284386693589752371e-04
-3.127703605937195985e-01 3.263349090649728308e-04
-3.126840390238219136e-01 2.741155837803886815e-04
-3.120924366044136034e-01 3.611503699880521550e-04
-3.112182165391929045e-01 4.200142025750392837e-04
-3.100849198076864321e-01 3.072666737304907171e-04
-3.087418830035310036e-01 4.162640554305359862e-04
-3.078283610162970696e-01 2.316438003952123116e-04
-3.077158977800553696e-01 3.102885620252817636e-04
-3.071814146882583807e-01 4.849399017001277995e-04
-3.066149000511462219e-01 3.157891966856318875e-04
-3.066119579687959229e-01 4.055989767038183699e-04
-3.063673061165788636e-01 4.031605802024837231e-04
-3.060481208382252460e-01 4.065639771868433550e-04
-3.055588824585027119e-01 2.907274493783220531e-04
-3.050768442052829710e-01 4.052110809955972127e-04
-3.048925901678403716e-01 6.422634960645089283e-04
-3.042468946373557137e-01 3.909960359222489621e-04
-3.031969561364403210e-01 5.032860751045298330e-04
-3.029395160551969224e-01 4.248346831672508706e-04
-3.026511068585309716e-01 3.819759733530191711e-04
-3.023794390379225816e-01 2.741211706803143374e-04
-3.022397327135298295e-01 6.602441140051324179e-04
-3.017074470863418401e-01 3.542926552126017059e-04
-3.015326285884202817e-01 4.056149352002800059e-04
-3.012405813588658332e-01 4.708685658584279773e-04
-3.007051779200921593e-01 3.402872862480768807e-04
-2.999689021538453071e-01 5.090412826166323609e-04
-2.997567405601036516e-01 5.466952015557755788e-04
-2.993585993455590843e-01 3.285113276961208620e-04
-2.993332076627409633e-01 4.880685133194479050e-04
-2.986026465315567147e-01 4.150488390997762083e-04
-2.985575163325835946e-01 2.909229584947106207e-04
-2.983473747146572763e-01 2.872799921149411296e-04
-2.982525917771740032e-01 3.299736825061790751e-04
-2.982302373448679211e-01 2.924978997996555900e-04
-2.981190209774295941e-01 4.336008140037031153e-04
-2.973115400964064237e-01 3.352652606138257769e-04
-2.972409654207551766e-01 2.485875887984754541e-04
-2.964283460489198219e-01 4.413991690717277891e-04
-2.961329197147154479e-01 2.896589663554139131e-04
-2.957657632466405007e-01 4.393691613473697105e-04
-2.956011602979840003e-01 2.575060198393822096e-04
-2.953435349647494657e-01 4.551559292955874238e-04
-2.947798293379369494e-01 3.657040162098319325e-04
-2.941682486012844322e-01 3.175999628316457987e-04
-2.938396899919694105e-01 5.354740836421525334e-04
-2.930752144942448956e-01 3.075261186394688778e-04
-2.930727805758335247e-01 3.085435621172325253e-04
-2.929921799979218200e-01 3.927114291140080139e-04
-2.928421037946061789e-01 3.897964374096073202e-04
-2.927323606766399355e-01 3.604459320817095399e-04
-2.921583456275655966e-01 3.490346810379207931e-04
-2.918922716016125185e-01 2.419831264255054037e-04
-2.918160664005346461e-01 4.543103810767845814e-04
-2.914793720941326050e-01 4.239853895070676455e-04
-2.914497356471364986e-01 3.750231213719879171e-04
-2.908840582865744318e-01 3.780908027355983506e-04
-2.902029957981382968e-01 3.748615784878374271e-04
-2.896007327762877281e-01 4.294824813076455593e-04
-2.886961663922127386e-01 2.782351184349695088e-04
-2.883030173892664472e-01 3.359560188839775456e-04
-2.877529616610040031e-01 2.168387056222785027e-04
-2.874991840487536310e-01 4.243708185391155342e-04
-2.870078781455043804e-01 2.352586811947102207e-04
-2.866819476082562712e-01 3.252982814905467615e-04
-2.864610094282971087e-01 4.643554994201629484e-04
-2.861620323380003050e-01 4.069893160022482019e-04
-2.860967789032139996e-01 3.010007117727288078e-04
-2.860574882401511476e-01 3.223202622100222129e-04
-2.857328573888798795e-01 3.001077660044695222e-04
-2.854968088199727472e-01 4.439969670179778416e-04
-2.851238781655776044e-01 3.294977248433894048e-04
-2.851128650875615622e-01 5.746946724219286276e-04
-2.842929987009261139e-01 2.459992559586234376e-04
-2.836859099688132102e-01 3.127846131428928277e-04
-2.832419598025250340e-01 2.600260063910125093e-04
-2.832177636883532190e-01 3.451129568835523869e-04
-2.823991182631984120e-01 3.398434429880142641e-04
-2.820630085119069652e-01 3.145545526568087552e-04
-2.820255337689088759e-01 3.315070360871522916e-04
-2.819803251984128734e-01 3.384196274263156687e-04
-2.818894537618790164e-01 2.802342506566399489e-04
-2.818272237519416912e-01 2.571177528768090305e-04
-2.812539548872966533e-01 2.576544696728961799e-04
-2.809856576431346564e-01 3.358191344458873705e-04
-2.807355631073059077e-01 2.721832671310340417e-04
-2.807285223503672156e-01 3.161098380568640501e-04
-2.797487306668771656e-01 3.163523951342731163e-04
-2.794132671361851394e-01 2.769863309114032127e-04
-2.791714110247844882e-01 5.506930305426290754e-04
-2.791284369619960737e-01 2.822957114208785945e-04
-2.784039607924180815e-01 4.510666267732369567e-04
-2.783723501056196148e-01 4.775163906394545269e-04
-2.779250365402736178e-01 2.870275567663051804e-04
-2.772672112600454430e-01 3.055807881986917105e-04
-2.766873493473437362e-01 6.051254146092392792e-04
-2.765654186565879025e-01 2.733839088668255850e-04
-2.747019788841408849e-01 2.997536105040180410e-04
-2.745160953793569503e-01 2.677360359441304568e-04
-2.741694503778919767e-01 2.987558087476885511e-04
-2.739823220326008668e-01 3.737577342842034341e-04
-2.738177298025122330e-01 3.108121796687730149e-04
-2.736879284939526813e-01 3.709271811423116077e-04
-2.730655773297253619e-01 3.253825731117583912e-04
-2.725883221796028266e-01 3.448840923594278314e-04
-2.725310028300397813e-01 3.870063075064987946e-04
-2.722732486773602467e-01 3.097060710516610070e-04
-2.720402070975173614e-01 3.013911317304414166e-04
-2.715478000300279304e-01 3.286753494491231279e-04
-2.711445513107872962e-01 3.515306233499069198e-04
-2.708191850762430852e-01 3.516527586344500057e-04
-2.706957204379530912e-01 3.252201432606190590e-04
-2.706187234666878050e-01 4.013339912599092531e-04
-2.699922482218448661e-01 3.882267154745759402e-04
-2.680474205320486636e-01 2.934608077782437075e-04
-2.676413009548068156e-01 3.681086448668650598e-04
-2.672849432636938416e-01 2.990887419676325500e-04
-2.672016404608201223e-01 3.949686900652825752e-04
-2.669877788571514143e-01 5.044964104072632979e-04
-2.663401805793282895e-01 4.931612091057888808e-04
-2.658349768817948600e-01 4.330939084915593341e-04
-2.653565002327319400e-01 2.697402864395661605e-04
-2.653036405689205846e-01 3.660934861250882697e-04
-2.652032330395912019e-01 3.132319304740318320e-04
-2.651347732237217536e-01 5.234838902613274825e-04
-2.648450463787310749e-01 2.986848358478129081e-04
-2.646452323451234379e-01 3.626130532850047918e-04
-2.644164712047025190e-01 2.973447927561190013e-04
-2.644091962757432746e-01 2.949383904107007984e-04
-2.642469767877748121e-01 2.759836813505991949e-04
-2.642343613598391316e-01 3.239566497809515111e-04
-2.638302876697747879e-01 2.604850141280765541e-04
-2.634166776380896802e-01 2.810543401957202097e-04
-2.626903901955026099e-01 2.814835931819931235e-04
-2.618075798421471423e-01 3.644842727497750652e-04
-2.616045695581030173e-01 3.925475960449708473e-04
-2.603086252835030701e-01 4.322779789766028084e-04
-2.602570858577892277e-01 3.342209288211559826e-04
-2.597848059177983449e-01 3.296553693384510859e-04
-2.595106298122115684e-01 4.459430483726165365e-04
-2.593111527423792029e-01 4.134722163482721030e-04
-2.588144517924206855e-01 2.815129292557817364e-04
-2.582068446554804941e-01 4.655027666101581286e-04
-2.581062109092477352e-01 2.634884333218806378e-04
-2.579881833952198944e-01 3.788923260330157201e-04
-2.576219429909601955e-01 3.561591907743654243e-04
-2.568125080955902528e-01 2.574619096421453066e-04
-2.565435337740405997e-01 3.217969332653054294e-04
-2.560922343577745619e-01 2.856628946232476650e-04
-2.553662820116976984e-01 4.121629151222181721e-04
-2.549435634176085985e-01 2.653123974006146098e-04
-2.540419710983627399e-01 4.148856026361669169e-04
-2.527273321406539042e-01 2.869117125319654957e-04
-2.527109616571772133e-01 2.597095877229694161e-04
-2.526018471069162441e-01 2.723870839866975534e-04
-2.525950818465939052e-01 3.997202368899864695e-04
-2.523792193014240959e-01 4.118107014186612471e-04
-2.521161042052841861e-01 3.209350229234560507e-04
-2.519516482137859059e-01 2.857462079958128726e-04
-2.517543151649604960e-01 8.198576154559171405e-04
-2.517008196488999539e-01 3.071791459527789233e-04
-2.516878730881722537e-01 2.161548935574336163e-04
-2.510960321900845282e-01 3.104525808535758651e-04
-2.505429461208232289e-01 2.581172323263455351e-04
-2.497341457988155877e-01 3.870409534106153838e-04
-2.493724916726926533e-01 2.964786190454931194e-04
-2.487422887543840055e-01 3.056909531709817683e-04
-2.486545066825357198e-01 4.238078431418437807e-04
-2.485376901300757058e-01 4.478548552956710641e-04
-2.475344524071653451e-01 3.157653189784772815e-04
-2.456372630661024792e-01 3.688119211719755887e-04
-2.454467036044117589e-01 2.578112844496208557e-04
-2.454397202532146716e-01 3.446813503454710607e-04
-2.450660513084978454e-01 3.511241670423843409e-04
-2.431496124811138859e-01 3.500348653491046455e-04
-2.430569086889772523e-01 2.972316045236162926e-04
-2.427629871263919659e-01 3.326242137888266539e-04
-2.425659959705533941e-01 4.037481150022830304e-04
-2.422801544347345515e-01 3.257884254903686111e-04
-2.414389912432589602e-01 2.952002159538457001e-04
-2.412398215096424325e-01 2.906001975374738621e-04
-2.410778073702869451e-01 2.755857797733241021e-04
-2.409922984903816734e-01 4.221401028103632979e-04
-2.407711770062532231e-01 3.302749044634398830e-04
-2.398633780231816948e-01 4.654141799980636407e-04
-2.397248465264321116e-01 4.401674158870570947e-04
-2.389666115335221108e-01 2.731899121739972142e-04
-2.386599383139210162e-01 2.784518423470491353e-04
-2.377118930703388255e-01 3.093711454312663301e-04
-2.377105436602096611e-01 3.120060277704460793e-04
-2.376206232489948000e-01 5.409839534148925882e-04
-2.372513507006696887e-01 3.313600883289198064e-04
-2.368305777598857798e-01 3.506722630352707083e-04
-2.367540482019145076e-01 4.856310523251513591e-04
-2.364611732332646266e-01 3.007345429649086951e-04
-2.349460924772465154e-01 6.138774418021858501e-04
-2.349335933067859816e-01 3.600526234629353325e-04
-2.346157234072186459e-01 3.123162348727644491e-04
-2.345587396883593578e-01 4.029696450664437121e-04
-2.336091084061135414e-01 4.044624734867407730e-04
-2.335406913114951022e-01 3.322511201437833100e-04
-2.328113320495319161e-01 2.712654990542536773e-04
-2.315039654437358874e-01 3.354009179120569315e-04
-2.308860324485365600e-01 3.131168794966123132e-04
-2.302954654759866993e-01 5.276649782952306947e-04
-2.299818626450125802e-01 2.508876233699014729e-04
-2.296218387304439223e-01 3.160414567661419235e-04
-2.287360906099913938e-01 3.550946112995904003e-04
-2.287181938812144766e-01 3.064480649967325147e-04
-2.285309991013483033e-01 2.867077670625232857e-04
-2.274053596687356515e-01 2.415495021056054395e-04
-2.271993094894297627e-01 2.570726967228194738e-04
-2.269016311099797401e-01 4.216042851562501860e-04
-2.266681516589049150e-01 3.943819771926906611e-04
-2.262273588059717233e-01 3.157770460048169763e-04
-2.255884314501049037e-01 4.898643697834744685e-04
-2.255646918426595371e-01 4.517325181931381838e-04
-2.251109695095825369e-01 3.649661861387547344e-04
-2.247215532941520266e-01 4.856245337085473386e-04
-2.244984557595199326e-01 3.129574592091087190e-04
-2.242693795617309582e-01 2.558680598014884382e-04
-2.239784123478487099e-01 3.877305639217512850e-04
-2.233761821335127351e-01 4.804069870175408947e-04
-2.230109402411040997e-01 3.667141598102779932e-04
-2.218463280612690547e-01 3.298554351865107346e-04
-2.204817678173386641e-01 4.472824953970445851e-04
-2.204715088909065257e-01 2.504586604095666120e-04
-2.202351112966538793e-01 3.585875595532832119e-04
-2.200387319128344343e-01 2.378410525244811855e-04
-2.198234217385926503e-01 4.574497889973348232e-04
-2.197377570876535846e-01 3.103595931847100793e-04
-2.193536164459375937e-01 3.065540029442522700e-04
-2.191051709372148770e-01 3.366660349411468777e-04
-2.190825708167046526e-01 5.110626713830650897e-04
-2.186273427409844705e-01 3.564072540302966265e-04
-2.184850423052626389e-01 2.754417999261820640e-04
-2.181998065464877679e-01 2.944788350634083233e-04
-2.180883996091368959e-01 3.490820992866514537e-04
-2.180048236923141092e-01 3.701043787427957580e-04
-2.180040468000688236e-01 3.108695192344652328e-04
-2.165187600824943492e-01 3.104141711321653095e-04
-2.157955734384744972e-01 3.944110560994061013e-04
-2.153313428496518023e-01 3.834793421722245202e-04
-2.140494213394084078e-01 2.507675504647415444e-04
-2.140429945759159958e-01 3.178613091190624984e-04
-2.138371681789009715e-01 3.129741563596989402e-04
-2.125118630349599191e-01 3.518653005736309056e-04
-2.122022911612986285e-01 2.940109098672089591e-04
-2.120910996528296288e-01 2.669988607975199682e-04
-2.112047505976608619e-01 4.563108612994293202e-04
-2.111150430257924537e-01 2.459454645569449593e-04
-2.109492177449120431e-01 2.751898536349011120e-04
-2.107573511669718347e-01 4.458782237483074548e-04
-2.103446488450670115e-01 2.825770082035381652e-04
-2.096818303387736337e-01 3.099371381471928335e-04
-2.088430335294583773e-01 4.512507567600415582e-04
-2.081841246607327167e-01 2.700775746649485714e-04
-2.069895481939727500e-01 4.009231207080066564e-04
-2.069683327692974917e-01 3.353306306688323734e-04
-2.069233948939978307e-01 2.693996022945477050e-04
-2.067610157093129342e-01 3.226953616660104126e-04
-2.066339705207076993e-01 3.279704319787029904e-04
-2.065593422357392406e-01 3.022329741715530931e-04
-2.065128761910225152e-01 3.037971680870744972e-04
-2.065080997889340853e-01 2.633128894204398883e-04
-2.062511675151515178e-01 3.261286854985533394e-04
-2.052377548837927279e-01 3.470800017808277544e-04
-2.050360326878626904e-01 2.923632965857977158e-04
-2.050311329896144230e-01 3.243594586032077934e-04
-2.048986967894075861e-01 2.775323588160892390e-04
-2.042195180481526096e-01 2.754407307062284403e-04
-2.037460003758029548e-01 4.903162485205987122e-04
-2.033161668142491607e-01 3.832215024900194789e-04
-2.027852794990037122e-01 3.127559605521716126e-04
-2.024934567513045347e-01 3.476303895209360991e-04
-2.021377934212940930e-01 4.308687929752058935e-04
-2.020416317540196238e-01 3.536142980552482674e-04
-2.014396392228887944e-01 4.341642288697259182e-04
-2.012924211751784265e-01 2.542381471370179567e-04
-2.009556309745950675e-01 2.921337303245508110e-04
-2.005452534036254175e-01 3.956444838490814691e-04
-1.994240871855142427e-01 3.123458007315974613e-04
-1.988113678579435384e-01 2.688307369639112419e-04
-1.986958963262979994e-01 2.784978255867865977e-04
-1.986836784636036024e-01 3.004645614364276373e-04
-1.981629683748503956e-01 3.350192066096479952e-04
-1.974848451230907798e-01 3.377743093399758305e-04
-1.961690682903435845e-01 3.739090726247757822e-04
-1.961485217252271762e-01 2.701631510334212517e-04
-1.954678451416875795e-01 4.583724460887937473e-04
-1.951533255000224565e-01 3.251948497003814571e-04
-1.942652724137815534e-01 2.815470018724045682e-04
-1.941827660989636772e-01 4.863390939491957742e-04
-1.937762841053987939e-01 3.380194304166025368e-04
-1.937116606361443116e-01 4.492148935919876491e-04
-1.934954554078088529e-01 4.047328677272551078e-04
-1.927483155049090069e-01 4.257165431308669698e-04
-1.924903079742151801e-01 4.103812406432801778e-04
-1.924870766448476544e-01 3.045381013386239924e-04
-1.906274733223888296e-01 4.477316110349788400e-04
-1.880991056335368505e-01 4.157950672656170123e-04
-1.861770452992518032e-01 2.985211344798298838e-04
-1.857144049042344924e-01 5.020784088088108997e-04
-1.849924358341331621e-01 3.368185606091493936e-04
-1.844790014064225658e-01 3.710298809142181320e-04
-1.839582670473317305e-01 4.013881246250690805e-04
-1.837745064487961433e-01 4.009993054234017667e-04
-1.832988049763970562e-01 5.192181828588738777e-04
-1.829004308820703917e-01 1.077980862403312475e-03
-1.827399032675778023e-01 6.879854371764604045e-04
-1.822258300248195406e-01 5.467800009182180497e-04
-1.821025621002425599e-01 4.488115052822373523e-04
-1.819149891077734005e-01 3.521718689391657654e-04
-1.816591499356525197e-01 6.196833222030100367e-04
-1.815023856900032373e-01 2.639750954954971497e-04
-1.803147356932509604e-01 3.379400145464840329e-04
-1.793669516905340711e-01 4.069133055937152756e-04
-1.791574067285651439e-01 3.786643797784857508e-04
-1.786057769200856404e-01 3.635942557154668293e-04
-1.778178601693283234e-01 4.046071326301825229e-04
-1.776172551198121896e-01 3.993068765611684193e-04
-1.774383268431729554e-01 4.853408435307618538e-04
-1.750220938723782704e-01 3.832095261533051932e-04
-1.748164911835882740e-01 3.909643407694588673e-04
-1.739818783401519409e-01 5.997302097777879471e-04
-1.736970716374985624e-01 4.499897591406484322e-04
-1.736534465265394400e-01 3.223748865447677737e-04
-1.733099847408378358e-01 4.103165701341284183e-04
-1.727452377770249958e-01 3.750396896915702649e-04
-1.727313613633482403e-01 2.695595809135165619e-04
-1.722826685164972338e-01 3.899067662720267103e-04
-1.719255857071449178e-01 5.270254813079525624e-04
-1.713928485309739180e-01 4.167511287462024282e-04
-1.711173903977757926e-01 3.764964201323149325e-04
-1.710539931811611847e-01 2.949579964237359362e-04
-1.710458914651931117e-01 4.675621063413870106e-04
-1.707633642796197448e-01 2.982760332430907228e-04
-1.707375014976334482e-01 3.428411345955035584e-04
-1.703941095058846000e-01 4.319281200334642765e-04
-1.695895964495051367e-01 3.434173365147322535e-04
-1.683262626779169213e-01 3.402688236154284237e-04
-1.681625389465038201e-01 3.163673686485822707e-04
-1.680282204907554144e-01 3.734679332391149407e-04
-1.677519065193311398e-01 3.740560860302674889e-04
-1.675772847912672392e-01 2.176348009638732670e-04
-1.659800819366160640e-01 2.873426289911111499e-04
-1.656829387298805745e-01 4.472589858462778958e-04
-1.653585360150136296e-01 4.550513029504100289e-04
-1.652456729592613471e-01 5.441937204187701025e-04
-1.650842862640046482e-01 3.579330337687036028e-04
-1.647038150260869693e-01 4.448193942684694870e-04
-1.646126385694632044e-01 4.814053084197484700e-04
-1.643562603544478917e-01 5.018164706381277344e-04
-1.641672463393342163e-01 3.763288465246865497e-04
-1.640867901056228262e-01 4.508801425808154468e-04
-1.633907614335411984e-01 3.360665025992385312e-04
-1.630676950264318137e-01 3.072477690635226849e-04
-1.630414795468214384e-01 3.419876267442918043e-04
-1.625806282529945190e-01 2.473923718796626763e-04
-1.623381119210609014e-01 4.519944441527566702e-04
-1.621417349072764857e-01 3.437426884703276937e-04
-1.619474342627427732e-01 3.775110967632795429e-04
-1.619371365719559364e-01 3.652566427950444607e-04
-1.614924641567203056e-01 3.145142082769483726e-04
-1.613992068971505101e-01 4.155254851263485744e-04
-1.609561066706279020e-01 5.113203160645066019e-04
-1.605666162318996337e-01 3.639701410651483590e-04
-1.604240655156951023e-01 3.116668566247595643e-04
-1.598602498512489145e-01 7.523670763567978257e-04
-1.595414515005850464e-01 2.547300912713044204e-04
-1.583036226279704028e-01 3.224652869471079713e-04
-1.581466959476413581e-01 2.753315337016437755e-04
-1.580503982482067138e-01 4.501536374305534476e-04
-1.579985849309027690e-01 2.802204830872771823e-04
-1.573173980124321913e-01 5.108187203888223940e-04
-1.572202753300213363e-01 6.497500113477335621e-04
-1.571866491124261633e-01 4.095872802671738288e-04
-1.563779755503271751e-01 5.123200595160844716e-04
-1.561692965422899204e-01 4.250620484459721998e-04
-1.561534373319491686e-01 2.999299601421967000e-04
-1.560823995523992480e-01 2.861319805256240349e-04
-1.552009714911593563e-01 4.066835217819083389e-04
-1.544480796851640247e-01 3.279959562133811330e-04
-1.541806796657767820e-01 4.339545917503265953e-04
-1.540792486948626694e-01 4.200740968060571383e-04
-1.539923232247829565e-01 3.711514040791995283e-04
-1.538790500736522404e-01 3.903612683676484013e-04
-1.538130555229315355e-01 4.676770138776027903e-04
-1.532703847851025758e-01 4.214734466335463988e-04
-1.532592619976547721e-01 4.731442507667845570e-04
-1.528067385547267343e-01 6.210077946840259671e-04
-1.518787136922227221e-01 4.020919734051687350e-04
-1.517770455203915070e-01 4.400496557964143256e-04
-1.515434165118456356e-01 3.779601503351474813e-04
-1.512978080093480560e-01 4.548828269739475859e-04
-1.509076686607727369e-01 3.686890352087149650e-04
-1.506890141046577092e-01 3.845424937551429243e-04
-1.503772105924571778e-01 8.092376400091606629e-04
-1.498870113228495116e-01 6.427037049324468366e-04
-1.491245434869487851e-01 4.059243368396554504e-04
-1.488557924918028907e-01 5.496351770673255695e-04
-1.487684401472518791e-01 3.979443848880673913e-04
-1.483706020130656222e-01 3.928404160669065541e-04
-1.482831183631081184e-01 4.710770967425104627e-04
-1.478922350281409170e-01 3.119737774372525444e-04
-1.478381165611376835e-01 3.527582300968918976e-04
-1.474230929333801565e-01 3.724537517655409518e-04
-1.473981105122405821e-01 7.260126490860197967e-04
-1.470412915043803614e-01 4.132831074825686016e-04
-1.470244528841313791e-01 3.774783292586508278e-04
-1.464866684109212003e-01 4.069775299891107475e-04
-1.451273770415408559e-01 6.867793185401087786e-04
-1.451054404861932545e-01 4.923243240268804525e-04
-1.449796288731706462e-01 4.384752891999346355e-04
-1.447900467984393202e-01 4.352252402464909628e-04
-1.447679554067736185e-01 4.266660808521999053e-04
-1.445311748722126477e-01 3.602217018341678009e-04
-1.444066568283084717e-01 5.356703523928035490e-04
-1.438117017119338592e-01 4.744050010189769582e-04
-1.427436990979113751e-01 5.157407916372994333e-04
-1.425063708417664554e-01 3.143073849534272599e-04
-1.419356956371235490e-01 5.635761723630114363e-04
-1.418090222623187846e-01 5.559670576793087965e-04
-1.411090753577707857e-01 4.462864957752233947e-04
-1.410714213310264864e-01 4.483241342163310278e-04
-1.410190397195970613e-01 6.819596711451868373e-04
-1.406192940622159049e-01 4.419787702670741254e-04
-1.405996273508351990e-01 4.437067100833804248e-04
-1.394764056646188854e-01 4.829036814718157397e-04
-1.392965125331409870e-01 3.866962530062013968e-04
-1.391306880529144252e-01 9.671208709086920839e-04
-1.389839574891596485e-01 3.843569470327216431e-04
-1.389782491239307249e-01 6.658779681413407991e-04
-1.383742054049549031e-01 4.163646165366593046e-04
-1.379914350038788096e-01 4.917102476612231470e-04
-1.376676680386824947e-01 3.877601780841522026e-04
-1.368360630768833686e-01 3.803257902725520846e-04
-1.367873619019017717e-01 4.508539132805746211e-04
-1.366862571496252898e-01 3.799146373028703294e-04
-1.365664578446700861e-01 6.136276400672018754e-04
-1.365365974847956021e-01 3.805490307521728266e-04
-1.358933069897082790e-01 3.755267321279175314e-04
-1.358324491656105470e-01 5.064505473599749223e-04
-1.355252079138021537e-01 2.794191708975006755e-04
-1.350001818074845483e-01 4.094135401750408922e-04
-1.349357884462642487e-01 3.739834862942973521e-04
-1.344970445703696227e-01 2.869112685397941795e-04
-1.344755625813285060e-01 3.007587379003816221e-04
-1.344514381277325255e-01 4.397177897954383644e-04
-1.341087070548788729e-01 3.318156659165345411e-04
-1.334586010312438231e-01 6.536273894758901732e-04
-1.327622916071568016e-01 4.082084385067571292e-04
-1.327085379083945971e-01 4.896144184117618130e-04
-1.322901309160844641e-01 3.580021982832383041e-04
-1.317358914654030988e-01 3.519728890304664156e-04
-1.313756396820084660e-01 3.521422205008558595e-04
-1.308760573364677327e-01 4.150068186259232785e-04
-1.295704221142680301e-01 4.770734226183191967e-04
-1.294444426491931366e-01 5.221941732829384758e-04
-1.292876868260864620e-01 5.876262524414661154e-04
-1.291243159602743218e-01 4.410236097567495636e-04
-1.281875118936489089e-01 3.878401541209059518e-04
-1.280811630730177564e-01 4.713437275314291881e-04
-1.279644995931915885e-01 6.956594877809000373e-04
-1.277084839266931504e-01 3.368459942544164325e-04
-1.276072766868512620e-01 4.363719747145615728e-04
-1.275038843469343264e-01 3.840429105412389993e-04
-1.271123088072694529e-01 3.671698440899111749e-04
-1.265471962207651568e-01 4.461577057261270369e-04
-1.264207063169701939e-01 7.895184193138345347e-04
-1.264059349759470152e-01 5.109554861928757843e-04
-1.259032856400514599e-01 4.026113947087992667e-04
-1.258354642749882069e-01 3.984437746044747534e-04
-1.255846219660799457e-01 4.812976805676027581e-04
-1.254982912571837861e-01 3.072534612181447924e-04
-1.250519340741850227e-01 5.013799562245648466e-04
-1.244286045856144995e-01 3.230730231632517003e-04
-1.243904815933330743e-01 3.512353941305230661e-04
-1.243050691197774282e-01 2.800333370416950704e-04
-1.238908588354824397e-01 3.954631712728473364e-04
-1.237900588188088485e-01 4.085411978997057956e-04
-1.237161720352858568e-01 4.230758236025129282e-04
-1.236483557039392278e-01 3.710152018670275268e-04
-1.229901595940372100e-01 4.026660369822916154e-04
-1.222674908966881330e-01 3.055946571236225128e-04
-1.219489907415373803e-01 4.391418803144385755e-04
-1.213523143178691782e-01 4.159388619352488974e-04
-1.200186121729637651e-01 5.525532802066599651e-04
-1.197582949720071288e-01 4.192623221247179029e-04
-1.196917844174984341e-01 6.004869503151229367e-04
-1.191708154170895012e-01 4.830279746590328662e-04
-1.187400344279919695e-01 4.867698715902768003e-04
-1.182237686756129891e-01 4.207058451554660699e-04
-1.177251866989397350e-01 5.780328611030143308e-04
-1.176205957903812410e-01 5.812955799386425836e-04
-1.175882869358203797e-01 3.939802048354432498e-04
-1.165395803435945177e-01 4.474060640230888243e-04
-1.161174019564672338e-01 5.856888802099539763e-04
-1.158647760217284411e-01 5.639352610510488337e-04
-1.155141957390251467e-01 4.224095275122408122e-04
-1.147587835157592717e-01 6.818887157131017004e-04
-1.146504460587631224e-01 6.011439352952361714e-04
-1.145816250241547540e-01 4.705132620897179698e-04
-1.140983587587070941e-01 4.194965897598765107e-04
-1.138483158871793077e-01 5.705125742679466880e-04
-1.131661188216538522e-01 4.641628850294502308e-04
-1.128334640639619690e-01 4.510597201998010203e-04
-1.117943359785517066e-01 3.530773890375050995e-04
-1.111889148827755747e-01 6.131681911493254075e-04
-1.110097958940011592e-01 3.768021226006009784e-04
-1.109924295285455997e-01 5.179643585604110610e-04
-1.108835241522142662e-01 6.740445049516974796e-04
-1.107823950347666120e-01 4.009806338286177915e-04
-1.107320844553611877e-01 3.834673229682215769e-04
-1.101159732003460096e-01 4.056794877583302971e-04
-1.092794829071931928e-01 5.691173470012689251e-04
-1.082652295727205560e-01 4.765158432451964887e-04
-1.082005998673702674e-01 3.363904166551634381e-04
-1.080617876224496676e-01 3.402816895378308628e-04
-1.075320883644198811e-01 4.629601601767309275e-04
-1.074834045702828950e-01 3.017941238778661670e-04
-1.074549060983278070e-01 5.769694942253333859e-04
-1.069888480061756825e-01 3.436945570443368384e-04
-1.067572641155701690e-01 6.240880786545628623e-04
-1.066972701567892451e-01 4.832486562001929030e-04
-1.066623618863134088e-01 4.470451909517662533e-04
-1.056176555782272486e-01 3.797629502738304502e-04
-1.044781724036646930e-01 4.516386746868897187e-04
-1.043493895896579343e-01 4.153847638090575395e-04
-1.040775610915499749e-01 6.378129327728550204e-04
-1.040671612346980995e-01 4.366790210360933702e-04
-1.037457882607680792e-01 4.165504148277809188e-04
-1.029098176460331027e-01 5.479778753987938743e-04
-1.028389374420781294e-01 6.055740041304435994e-04
-1.020883822087492177e-01 4.159483882676695576e-04
-1.017242599649098717e-01 3.861664956547901763e-04
-1.016504570409790253e-01 3.572602835685962080e-04
-1.012067378735316964e-01 4.327944713485734163e-04
-9.966157368638292602e-02 4.977762551881402715e-04
-9.965742596091532735e-02 3.894065658293556107e-04
-9.962602716936448666e-02 6.385278890024509262e-04
-9.849984208438754274e-02 6.237397724773041273e-04
-9.776552961372503292e-02 3.833856110473595510e-04
-9.690018445898222754e-02 4.486418585283285642e-04
-9.634950850302820280e-02 4.194043185528509386e-04
-9.625173657506576330e-02 5.143430982249091142e-04
-9.556952278562851066e-02 4.851272696953793295e-04
-9.523497183572009195e-02 4.289497867000454691e-04
-9.500426629949972057e-02 6.298249696270370474e-04
-9.498517617211678365e-02 3.995005600033207948e-04
-9.457794360690591207e-02 3.857690562862889968e-04
-9.386257032711695092e-02 3.724551738141685677e-04
-9.355870565569107677e-02 4.964673889227808100e-04
-9.314195641594667785e-02 4.915142218767398243e-04
-9.305953894959891060e-02 3.992369290171502339e-04
-9.263287034240028084e-02 3.681365737125081921e-04
-9.212349909784470214e-02 5.396220547131300952e-04
-9.171855786776855757e-02 5.433618189126919072e-04
-9.148799437992176375e-02 3.733763265303123623e-04
-9.061568154800217489e-02 3.449523070766495766e-04
-9.000836517808764869e-02 4.358362274316231145e-04
-8.969216224334027043e-02 4.484220185691330175e-04
-8.903279915973863479e-02 3.795837406766657397e-04
-8.847592809504409295e-02 4.469530233005742943e-04
-8.707459728335867344e-02 7.039884621556311570e-04
-8.644464306220628336e-02 3.485123037454811732e-04
-8.611135165757856369e-02 3.687420197529213319e-04
-8.601123532961582607e-02 4.105763937253522960e-04
-8.560841679003389215e-02 6.506875185499111803e-04
-8.531380168265229047e-02 5.915557567907151751e-04
-8.517489409077154405e-02 4.537121590865635795e-04
-8.392146178097065201e-02 5.636071786997358217e-04
-8.314105789179587758e-02 5.323844403470540717e-04
-8.279371492230840068e-02 6.041857438116808978e-04
-8.207598342539113023e-02 6.528222876006638297e-04
-8.193282091714958193e-02 3.364593075353478806e-04
-8.072386160427254265e-02 3.632348167084796932e-04
-8.065669887529355875e-02 6.829918765817989896e-04
-8.049475635989004896e-02 3.361680723312821016e-04
-7.999058166150795068e-02 3.921563760633151497e-04
-7.987202509829569030e-02 3.918438124078435351e-04
-7.975578773241084884e-02 3.968915135618738188e-04
-7.917416516866331022e-02 4.452831250081583782e-04
-7.883577492296120481e-02 3.727979334251580921e-04
-7.878402893089529735e-02 3.888435235505597210e-04
-7.857348080744142038e-02 3.173845005895166525e-04
-7.848858649150719513e-02 2.990037852275089338e-04
-7.839188634396920818e-02 5.164921421709051629e-04
-7.808019616010353214e-02 6.403753414125054654e-04
-7.801712751878631114e-02 6.356924802382841284e-04
-7.733818001309615553e-02 5.490103180562853598e-04
-7.697329724893833824e-02 3.146302408591599158e-04
-7.689585458039617516e-02 5.001603519325105137e-04
-7.532904970914419684e-02 4.937279576688576380e-04
-7.530258202586485872e-02 3.600104985342497611e-04
-7.520731481094865278e-02 4.310851735969451382e-04
-7.519961968912175498e-02 4.408765203217399433e-04
-7.495153465728400521e-02 4.040029231601491668e-04
-7.464870959541999862e-02 3.833986521917053360e-04
-7.376821456282363354e-02 6.400596096026312919e-04
-7.351913460877303186e-02 3.604625109145784723e-04
-7.306834763375759378e-02 5.565610774270140322e-04
-7.293337381662923224e-02 4.045498086911587755e-04
-7.246630016891714154e-02 4.132871897080570727e-04
-7.236097637432982455e-02 5.011035522687023709e-04
-7.214851478304473709e-02 9.006769416385590043e-04
-7.165663877622041600e-02 3.337323875153620800e-04
-7.089500824037922588e-02 3.735986428983300005e-04
-7.043592217096066033e-02 4.261233981527668725e-04
-7.036277866611415077e-02 4.496484714310241301e-04
-7.022629513732805973e-02 4.496046119247007304e-04
-7.008967462530869830e-02 5.549290073742847891e-04
-6.938516674875186419e-02 4.180579655078468489e-04
-6.904459992103695321e-02 3.504836735063235321e-04
-6.873389029751146573e-02 3.747747511312527098e-04
-6.846957378215089152e-02 5.016236916145189965e-04
-6.832465276800739340e-02 3.113761688440523276e-04
-6.818642708220690185e-02 3.295249920293664070e-04
-6.813583640615389347e-02 4.004795793320011800e-04
-6.765234125386770936e-02 4.020726204236181427e-04
-6.742471481940776057e-02 5.104872399425379589e-04
-6.732529927011102200e-02 4.865276179415866254e-04
-6.640776505381704164e-02 5.206651910156510129e-04
-6.568259353431223080e-02 9.919196465796257384e-04
-6.476311313805895031e-02 5.437732377264883421e-04
-6.420846681788590360e-02 9.449514757551214688e-04
-6.351851760377463796e-02 5.331108352295459499e-04
-6.349351996509702833e-02 6.836503971688052787e-04
-6.348058956565365285e-02 4.332420089050344485e-04
-6.295800322114317171e-02 4.156191287292406930e-04
-6.286216923570832338e-02 3.944895739689988317e-04
-6.186061856160118833e-02 5.241165973725160718e-04
-6.172737087885896146e-02 5.416164171286422550e-04
-6.103774021557344109e-02 3.548509545800007984e-04
-6.048928793921552749e-02 3.840033353555289937e-04
-6.039481819332687823e-02 5.402719031540637344e-04
-6.037927320820290350e-02 5.238541563993430504e-04
-5.992266789888939932e-02 3.708362156571619805e-04
-5.985275459429517664e-02 4.162260689110835001e-04
-5.975995143911914248e-02 3.170084081212728045e-04
-5.954382774484575508e-02 4.004431341083100702e-04
-5.950349257175196332e-02 4.863422409359752317e-04
-5.914417435342268770e-02 4.348253463441387103e-04
-5.820959142889235022e-02 4.465455331746882796e-04
-5.796667296198765307e-02 4.703344718668887024e-04
-5.749389182707293627e-02 5.362345631092771056e-04
-5.747618953672538333e-02 5.321021637672861994e-04
-5.708253349409180000e-02 3.564401691712378592e-04
-5.707943016828175703e-02 4.291831796852804085e-04
-5.692675059812685873e-02 5.439880167405110193e-04
-5.664395994969814024e-02 4.866107037054088905e-04
-5.640011248914954256e-02 4.635408007430120688e-04
-5.619510886082584866e-02 3.249932110907310327e-04
-5.582797781645165713e-02 5.614244459100365802e-04
-5.571342903019743664e-02 4.546071436852269039e-04
-5.544312139856479027e-02 4.017087056414598385e-04
-5.412305667589371871e-02 4.857151562699899569e-04
-5.395468072421490818e-02 4.603906480163323547e-04
-5.376020379188557047e-02 6.183929473388942314e-04
-5.358782307065462075e-02 5.033860325703231556e-04
-5.352863816878919434e-02 6.048368814365048200e-04
-5.195429861702343527e-02 1.056759095717537626e-03
-5.179001077727012070e-02 4.621286967308994463e-04
-5.137519822520859175e-02 5.742484372820113496e-04
-5.120720914598193840e-02 4.125980615908698512e-04
-5.088500855596708727e-02 5.918676651360596638e-04
-4.821537382633694913e-02 3.653864042156173999e-04
-4.740538132997473841e-02 3.634263343145932340e-04
-4.734444133089846241e-02 4.360916520476314337e-04
-4.709701278599455476e-02 3.340592511107919309e-04
-4.707859807778431993e-02 3.382462972294010312e-04
-4.693225349171228911e-02 1.158298174968037117e-03
-4.661612301861608326e-02 5.751100016018020119e-04
-4.646115831632270654e-02 6.849695915052313048e-04
-4.617525602928869433e-02 4.395918642259618171e-04
-4.612383160355128936e-02 4.549802477554850842e-04
-4.463138116120596299e-02 4.831842836463359119e-04
-4.430490457670267085e-02 6.098380728017257189e-04
-4.425445753694279283e-02 5.105054968436646993e-04
-4.411842661564872176e-02 4.393134575325255788e-04
-4.382254624657464653e-02 3.497576178445081048e-04
-4.370545522350229029e-02 4.597688365579999490e-04
-4.348785595594469033e-02 4.243413276204111148e-04
-4.338957830493354179e-02 4.040430353278340087e-04
-4.330509386234380337e-02 3.252218972940053147e-04
-4.282843591126291732e-02 3.559513500404622405e-04
-4.223977945062836609e-02 4.236222313281513678e-04
-4.208037046369372119e-02 4.975933386869847664e-04
-4.195155731286659417e-02 4.739705197499941187e-04
-4.191636850970831274e-02 3.559209937936367056e-04
-4.162578805977215635e-02 4.748049558638965553e-04
-4.147482904734461212e-02 3.375060192762143092e-04
-4.142732868176441513e-02 3.641407044389238529e-04
-4.132249309458661118e-02 4.423077873678585401e-04
-4.099596348309229865e-02 9.004200377686155752e-04
-4.056223454361499586e-02 5.590778038055181859e-04
-4.041986057377171260e-02 8.376596235730686532e-04
-4.019236564692826169e-02 6.449099032280074034e-04
-4.011795489259448177e-02 4.037567374472417962e-04
-3.947792995656473902e-02 4.029095236753484880e-04
-3.941467444624819488e-02 5.457161045526456389e-04
-3.913462680181957476e-02 6.418650029129421668e-04
-3.897167820858597059e-02 3.436317850279922682e-04
-3.819304617765163085e-02 3.563441201182674669e-04
-3.770612372727467909e-02 2.941858760047705431e-04
-3.762025026413686607e-02 4.500405172740455585e-04
-3.628181852523146289e-02 5.723614777421412751e-04
-3.610429532880226472e-02 6.456771105714838180e-04
-3.551771246036317109e-02 5.206461991362220949e-04
-3.521966975758857726e-02 6.588119026383627407e-04
-3.476965649537836628e-02 4.058398930995592746e-04
-3.447225896421515084e-02 3.934395815217883903e-04
-3.397429175845947252e-02 5.139767943756167997e-04
-3.354914986779877067e-02 4.328091459855090369e-04
-3.232084081046238122e-02 5.207174189070339207e-04
-3.204761752057944113e-02 4.807892433039756747e-04
-3.178018344458748146e-02 3.960554620860899070e-04
-3.142618758575810994e-02 3.813561970311694959e-04
-3.132418239250747000e-02 6.516156205540561946e-04
-3.131666151437296347e-02 4.190319710546268925e-04
-3.038586392079603571e-02 3.500716449186031974e-04
-3.025621053659792448e-02 4.458290509988441079e-04
-2.993145563404329274e-02 4.390978933783523620e-04
-2.960859218704122581e-02 4.604869825499733715e-04
-2.866979398099071125e-02 5.643378887837766523e-04
-2.864416294639935551e-02 4.772901317729574063e-04
-2.854541702721137900e-02 4.081664513178019866e-04
-2.802628058761580040e-02 3.946533970434657227e-04
-2.765835727939450206e-02 4.392114869048961831e-04
-2.663237950877932886e-02 5.044725229406616437e-04
-2.536807383258300047e-02 3.424628560247197249e-04
-2.504223356938903994e-02 4.231897291471406995e-04
-2.461601419490590595e-02 4.671556963824406131e-04
-2.430324696332912190e-02 6.254876728814742640e-04
-2.387318746749131013e-02 4.740552176481502896e-04
-2.377843319805503924e-02 4.050287923286679387e-04
-2.360206687554517943e-02 5.504728452998506076e-04
-2.318665852702801386e-02 3.861023083517328572e-04
-2.285849934626563162e-02 4.805301366368026298e-04
-2.279681508010763386e-02 5.389460704279387627e-04
-2.260174015784276874e-02 5.062850793952623730e-04
-2.217579467154423209e-02 5.325434434686510295e-04
-2.211345691908937067e-02 4.655567359671372758e-04
-2.209548182079388440e-02 6.208520575214725818e-04
-2.199021541908448632e-02 5.189365084311070098e-04
-2.176556590263994603e-02 3.235274129720651761e-04
-2.167283587859701599e-02 4.871485248723573473e-04
-2.093633186922407713e-02 3.546712774300985133e-04
-1.948126945326839402e-02 4.720416569297506445e-04
-1.928215824763024333e-02 4.188067974479390372e-04
-1.889814798916927482e-02 4.106891383150617671e-04
-1.790713792746437966e-02 4.880699058439128923e-04
-1.749202330496521865e-02 5.831546231692261899e-04
-1.692651233048775641e-02 4.294774231636218679e-04
-1.671629900581844339e-02 1.384552719013295782e-03
-1.660509680272008112e-02 3.977354803662084800e-04
-1.639073512213327227e-02 4.251072624293199004e-04
-1.635003549373138104e-02 4.840993217171275895e-04
-1.622119481990364279e-02 3.932208142430485345e-04
-1.607187082886041632e-02 5.958264798881638584e-04
-1.585138176028816348e-02 4.578273080903281578e-04
-1.569854279596411342e-02 3.310627882222435202e-04
-1.540628165201350999e-02 3.794283267811399216e-04
-1.490171587648019512e-02 3.070129569080187596e-04
-1.465864796496108881e-02 5.745949852735070902e-04
-1.446440809424570650e-02 5.337801360605409556e-04
-1.429018436806812030e-02 4.733102707603835217e-04
-1.364739639236089465e-02 4.281688691000654448e-04
-1.319134152811252125e-02 4.236260812442090864e-04
-1.285749007929060279e-02 4.486671328403225422e-04
-1.231655005177319587e-02 4.232213895155413955e-04
-1.198267821464260932e-02 4.091767833243919236e-04
-1.187925897666602601e-02 4.304229952643270278e-04
-1.156349982428536531e-02 3.631747749907581076e-04
-1.134042246124824550e-02 4.712982703899193165e-04
-1.118834832752474417e-02 3.944499409862415673e-04
-1.084046608751210519e-02 4.141018278697324549e-04
-1.055949301831955733e-02 3.591609380123056568e-04
-1.047452539347580591e-02 5.116385335351982498e-04
-9.847788373526945166e-03 3.497889781075471782e-04
-9.467167624397802850e-03 3.593317501115558289e-04
-9.216263545151129680e-03 4.011762594663667364e-04
-8.245297593906769640e-03 4.698988534894621622e-04
-7.169386951744577928e-03 3.856234033560741585e-04
-5.984814018036732457e-03 4.300732795661133152e-04
-5.943563182195768686e-03 4.731381021883061117e-04
-4.869167699279432736e-03 2.997170929725993089e-04
-3.693927349612531261e-03 3.963347393147358187e-04
-3.370381953169863769e-03 6.010815492794485855e-04
-3.203754401792634383e-03 3.406316114518769087e-04
-2.628274216171315545e-03 3.502224195285497262e-04
-2.342953166136392453e-03 5.406512566724873663e-04
-1.696131886401163217e-03 5.258719401636430301e-04
-1.486952735748522806e-03 3.329593757176762853e-04
2.274080219242806573e-04 3.441748319804529437e-04
2.461189622132409736e-04 3.761258934798765593e-04
3.235155001512919864e-04 3.664673279433726936e-04
3.608225509633977441e-04 5.549865122753909865e-04
5.571548189224820443e-04 4.412299740817100541e-04
2.076307629507851121e-03 4.768247111534397258e-04
2.123942643080628436e-03 3.323549455112909893e-04
2.417550911947493296e-03 3.610626494518531836e-04
2.425188955000216490e-03 3.343158634671673009e-04
2.622779606977005979e-03 3.704047874022284477e-04
3.047113309022401583e-03 4.244443634345558373e-04
3.083371594803182951e-03 3.273740505530671170e-04
3.133058020013701830e-03 3.240072611047733445e-04
3.518106343956005182e-03 2.999594480447463022e-04
3.622788313538715874e-03 3.791187531594485561e-04
3.976306587461454246e-03 3.722045029251978008e-04
3.988488523347358608e-03 3.064548659851311558e-04
4.299735156493086560e-03 3.379762773142278736e-04
5.898341633755928466e-03 3.975806666291215041e-04
5.920658774403369205e-03 5.019942807417389569e-04
6.299273870195879962e-03 5.215488272033787535e-04
6.600573328800997050e-03 5.029850645848547809e-04
6.840272385518896860e-03 3.771535692819060924e-04
6.942768353912747402e-03 3.264137503833991960e-04
7.843777549122849316e-03 3.283193729742599687e-04
8.154867213426036932e-03 4.159438964621179160e-04
8.661706643041611198e-03 3.608977099323794823e-04
9.293425716685455029e-03 4.284922328684622958e-04
9.707137178842762879e-03 4.078011704085308269e-04
1.006863027635825254e-02 4.440258186785310188e-04
1.073636259210136897e-02 5.472405561602789077e-04
1.101335481927240637e-02 3.846987248194778703e-04
1.139286497309315027e-02 3.711060783838922121e-04
1.184494966938744176e-02 3.131118165664514776e-04
1.236359005310485627e-02 5.468161341955048507e-04
1.401630239390910110e-02 3.641446403148234094e-04
1.439219972757378556e-02 5.694058190637413513e-04
1.440242987444577058e-02 3.975683787299765784e-04
1.451573245158129140e-02 3.754248189127693718e-04
1.456677061225872087e-02 5.466882954904379258e-04
1.521867519457941430e-02 4.928720723317152634e-04
1.584884168643027613e-02 4.747487014013662297e-04
1.593234286814942252e-02 4.168414059689114714e-04
1.614811351406794659e-02 7.494995589004325954e-04
1.633177973734763547e-02 4.731465854000622734e-04
1.655038761915532744e-02 2.791928706773119792e-04
1.658472245116546576e-02 4.586733836549137643e-04
1.693490512319026711e-02 3.054179784999923970e-04
1.694212529263253511e-02 3.254094398952512754e-04
1.730020461239839893e-02 3.416425404700454741e-04
1.774421028812917314e-02 3.909170899176548221e-04
1.779755965552727928e-02 3.483832568970408731e-04
1.818338392472555742e-02 3.829808656977950207e-04
1.870631321119960166e-02 4.284879120388134692e-04
1.960637797232006943e-02 3.944555945541873402e-04
2.016497887491797841e-02 3.129789133815485611e-04
2.025523746965677066e-02 4.227712304990366410e-04
2.039192833288627077e-02 3.397070368007287160e-04
2.052499820857214829e-02 5.218273446266706150e-04
2.113610788905946961e-02 5.443899662755780468e-04
2.154488456747595537e-02 4.123485175750131113e-04
2.212701366216965684e-02 3.617770292466282608e-04
2.213127536296226328e-02 4.349546537265144191e-04
2.273670941472684046e-02 3.874507720727007063e-04
2.285170983179268811e-02 4.747795435795476278e-04
2.288903438270176519e-02 3.036570874189653329e-04
2.324683945688319278e-02 4.472906357547794774e-04
2.359912815926679119e-02 4.689948785403648900e-04
2.422471903880774394e-02 5.512591938454685552e-04
2.720579661352887091e-02 3.773719799188766629e-04
2.773256761924362476e-02 3.165533709385117485e-04
2.909439422118095808e-02 6.078596834215339731e-04
2.919188462869235293e-02 3.771743614726072490e-04
2.923500854844294713e-02 3.849019313995653770e-04
2.955974344717992794e-02 3.491225897188704659e-04
2.964149036532663650e-02 3.346922799086922396e-04
2.972331974298106014e-02 4.212435587933382802e-04
3.003301396357265646e-02 3.350707317891066087e-04
3.013347230392809245e-02 3.670468325261117925e-04
3.112489620880946536e-02 3.799971599454764334e-04
3.117575103465455508e-02 8.639458743739709826e-04
3.137143544020105229e-02 4.204864794781422205e-04
3.158092311832087773e-02 4.323852839915168548e-04
3.191399349309727990e-02 4.412634316556140915e-04
3.356326025980095606e-02 4.954735841889826341e-04
3.368463612890684050e-02 3.208321878861311398e-04
3.394421217496720877e-02 5.230337170482466302e-04
3.399533595532674979e-02 4.412271925592585594e-04
3.414732952141498468e-02 3.454529041623457413e-04
3.422541605105354490e-02 3.395838919529267381e-04
3.481789834177573262e-02 4.240578493131845960e-04
3.598823932589283875e-02 4.934929655690303276e-04
3.599366079738020724e-02 3.300696853533755600e-04
3.636239456332739789e-02 5.291838364818623108e-04
3.720400091797772951e-02 2.846367137813612231e-04
3.728155946887269645e-02 4.550088027852802188e-04
4.024816768784972298e-02 3.392825717949471604e-04
4.065091724185262989e-02 3.649681870978139868e-04
4.208741008198760986e-02 4.239839316144055834e-04
4.317474684254292427e-02 4.407423171982568534e-04
4.433449297638580866e-02 4.111140031851202663e-04
4.434058681186314743e-02 3.593343472950424953e-04
4.459065007903991601e-02 4.287289924160341361e-04
4.462106420573965643e-02 4.041364428970931131e-04
4.492003492538212267e-02 3.519389986985850842e-04
4.539047734244065074e-02 2.789674979704781402e-04
4.539656520276390966e-02 3.265245989016498100e-04
4.576637635622633066e-02 4.508858714171796707e-04
4.611314536070950515e-02 4.058584417865471672e-04
4.696176126916716542e-02 3.949163463461943845e-04
4.724289300161127469e-02 4.112086180826703694e-04
4.724963854650151424e-02 3.880047242518643805e-04
4.749421941102939526e-02 5.545895042135086991e-04
4.809383135066393894e-02 3.873190785881260880e-04
4.829511258034987348e-02 3.660253591151651966e-04
4.847227647441946369e-02 2.705727814059588838e-04
4.856071247286786186e-02 4.119483804727156503e-04
5.013830150102317751e-02 3.708350569143673394e-04
5.033284373570848930e-02 3.886836516274655472e-04
5.086015430860289094e-02 5.896808638621429304e-04
5.121557059638628950e-02 4.485256547964711874e-04
5.169832604326890513e-02 3.509909193277940386e-04
5.205785051603090130e-02 2.853387008214873749e-04
5.208232073252107991e-02 3.032717483635475404e-04
5.256819617296099034e-02 3.864018211331127065e-04
5.332290512828381096e-02 3.647304433931996106e-04
5.375386030276885913e-02 4.288755319854965645e-04
5.459127550711966731e-02 3.292514665365315436e-04
5.473857040718799888e-02 3.434954708828652286e-04
5.506427178054457139e-02 4.406972453771404669e-04
5.523652609555148446e-02 2.984444244897714897e-04
5.574090623608657369e-02 2.996992767477714057e-04
5.575369849492090718e-02 2.855685524072610346e-04
5.589384835934069207e-02 2.974850485705100834e-04
5.620148758457629151e-02 4.099355550277102044e-04
5.622688452752377941e-02 4.169167598657826860e-04
5.636198576338356803e-02 3.162913225406180861e-04
5.666309798009808163e-02 3.444478370875933646e-04
5.697548355366367084e-02 2.956216686340170578e-04
5.735823275439955182e-02 3.163949292314602855e-04
5.742388887281423687e-02 3.091995787186082646e-04
5.761869011060072321e-02 3.040237389117230946e-04
5.788609679186348250e-02 2.725925990151093739e-04
5.825136489331968204e-02 3.844669424015758588e-04
5.841827148041610351e-02 3.558942865847175368e-04
5.858467794576369819e-02 3.388500921375301594e-04
5.901596406151041196e-02 4.497705924772789333e-04
5.914409488212400007e-02 2.956649043204777750e-04
5.981369225991177430e-02 3.252252510597535029e-04
5.999746639768759743e-02 3.599283848702558098e-04
6.053280504769550929e-02 3.389309803331861390e-04
6.076881885217334106e-02 3.078196545672971492e-04
6.083069133163748754e-02 4.263125921410577924e-04
6.174003294706151973e-02 3.387140234451421457e-04
6.184574236398650282e-02 3.843636457654086278e-04
6.206484495122911726e-02 2.348591296847482601e-04
6.229231863705276401e-02 4.216903817378607326e-04
6.264833889011295343e-02 7.649072959387783659e-04
6.277371576958906685e-02 6.558783245704568124e-04
6.299841755796960208e-02 3.637029884545059442e-04
6.302315329482423290e-02 4.652486177399100891e-04
6.304320960573217558e-02 3.202650504183612965e-04
6.320762771391874590e-02 3.418864501113195943e-04
6.425046918572169252e-02 4.225183216897673627e-04
6.440021477966265118e-02 3.887341273795873555e-04
6.611883903889630154e-02 4.126319947407812829e-04
6.690423463810560301e-02 3.276528389789377005e-04
6.704638010446770102e-02 4.563907751548648153e-04
6.730956692677730890e-02 5.788813083723070218e-04
6.731390840883630378e-02 3.447629418928234240e-04
6.835413926942024432e-02 3.629942993948530403e-04
6.868468626919961573e-02 3.493518427315767116e-04
6.877207326150522326e-02 3.110337078723015756e-04
6.878191807654039647e-02 4.698862474586080551e-04
6.887224848597593707e-02 3.597598482122460147e-04
7.021424717127029702e-02 3.252053586896326435e-04
7.024224179619502351e-02 3.614666861688994892e-04
7.039591683543090783e-02 3.091958923769755471e-04
7.057845670968286578e-02 3.837403192582797880e-04
7.100298670823612657e-02 3.203015972189081654e-04
7.170257046109469734e-02 3.465506597941366918e-04
7.185315229256199199e-02 4.039498824697360839e-04
7.383771124100323158e-02 4.180837638161771113e-04
7.440659691378145868e-02 4.024445855149700701e-04
7.491266195514491300e-02 3.385307918207670756e-04
7.688619438177581034e-02 4.389738307797062052e-04
7.720355897273059598e-02 3.894356904574232110e-04
7.816019347563346598e-02 5.297146463363000502e-04
7.902743531104541863e-02 3.315504020765833539e-04
7.969804817259681928e-02 3.540530313579209865e-04
7.976165970575289921e-02 5.051972394311490420e-04
7.978254646741332612e-02 3.161422288176407211e-04
8.060901707885589906e-02 2.928138216144876571e-04
8.064109882558298525e-02 2.814071984624788841e-04
8.136087600697791689e-02 7.354749555606213650e-04
8.138943138402347788e-02 2.813668612833514042e-04
8.143639956673208447e-02 2.622853703019667297e-04
8.261505900205209918e-02 2.871317327719920503e-04
8.263893169241808001e-02 2.768146161338492996e-04
8.267973102007836195e-02 4.800688913373985824e-04
8.356363980362709054e-02 3.621930658320324454e-04
8.371221384655183617e-02 3.352167976066422429e-04
8.420758135439490588e-02 3.479872465281454055e-04
8.461005603138944953e-02 4.613695266751251635e-04
8.478642644122462435e-02 4.802164277567563919e-04
8.548543162362441661e-02 5.377615896550207641e-04
8.572765244748820068e-02 3.529608929454690672e-04
8.576910039125804075e-02 5.280961253969053502e-04
8.630075619868626813e-02 3.006244439547401445e-04
8.700426876536029863e-02 4.512244143295647590e-04
8.765667734073780137e-02 3.234272762376074872e-04
8.785187776979387630e-02 2.867081766410027621e-04
8.809125543106781364e-02 3.154728356916471944e-04
8.835162290745643410e-02 3.868467248098544854e-04
8.892022821964189194e-02 2.768008677480860119e-04
8.893848094961451234e-02 3.136004137162840834e-04
8.898876044605612268e-02 3.518006164009208512e-04
8.934604475090937581e-02 2.963638769214236679e-04
9.041169029354759190e-02 3.206405747441500790e-04
9.058516993988971477e-02 3.161574055858400482e-04
9.060344384744430102e-02 3.637186040197536640e-04
9.115519291578159933e-02 2.713161294565165946e-04
9.121690104897973994e-02 3.863387608219931478e-04
9.155799886293790324e-02 3.291463066123356145e-04
9.170056766136482074e-02 3.386433039938260055e-04
9.206431011157852062e-02 3.967376130456209743e-04
9.243603550044124373e-02 3.709306005942154751e-04
9.252514694176743049e-02 3.381330598333597394e-04
9.260466686850320206e-02 2.838750650786575798e-04
9.289000191917244631e-02 2.952221100553256792e-04
9.349747671747302147e-02 3.116863357860459789e-04
9.427255079075644306e-02 4.326065146902035273e-04
9.464518737637334089e-02 4.241577543022484139e-04
9.466802396704623868e-02 3.453871381145958829e-04
9.485891369974813747e-02 4.566604934536577722e-04
9.497861349195417524e-02 3.027748272098913633e-04
9.531146414023003444e-02 3.017852196683991372e-04
9.539864763937470904e-02 3.269444805921219990e-04
9.586563695133619445e-02 4.257161161111362507e-04
9.630717803499799778e-02 4.044495384151906088e-04
9.640796804849385837e-02 2.555360032648772476e-04
9.675209039972545999e-02 3.252544901691043345e-04
9.770600829574771495e-02 3.040353724985309612e-04
9.777405342983454262e-02 4.400521563305650509e-04
9.795210387503358596e-02 4.237503620560041824e-04
9.875911723123889652e-02 2.828661315440662198e-04
9.925487319629514027e-02 3.960262833145772082e-04
9.931947172905740417e-02 3.109862146167366209e-04
9.947359802893673830e-02 4.402876273934796516e-04
1.001091972837864080e-01 3.753151276717310776e-04
1.012665203166238370e-01 3.706674167428612287e-04
1.014546731305828314e-01 4.230023488970453284e-04
1.016418278858962909e-01 4.673445347273639128e-04
1.022266656683313013e-01 3.634185350604157965e-04
1.022628976207592549e-01 2.354006051280695903e-04
1.034254809876607173e-01 3.151391836035496606e-04
1.036257020213378066e-01 3.236984321242832724e-04
1.037940193900552949e-01 4.144196963177734241e-04
1.044105361939377252e-01 3.225992442173188047e-04
1.051328755696620681e-01 3.800360916791949888e-04
1.064767932953161605e-01 4.175947134689861210e-04
1.071934909890927129e-01 3.676027708377416952e-04
1.072964337576771260e-01 3.050576513713807326e-04
1.075006772622628393e-01 3.403256641683452045e-04
1.078566396140296230e-01 2.884886886382620214e-04
1.079274802785955140e-01 3.014556909560275346e-04
1.080689138784314135e-01 2.779603788739697426e-04
1.082310470002383895e-01 2.631891866181849254e-04
1.082698539243260177e-01 3.095583527254500101e-04
1.086783063186108067e-01 2.771334854756855762e-04
1.093735183748739265e-01 2.908433001933884241e-04
1.098325018696183625e-01 2.639200994043563900e-04
1.099709219044465863e-01 7.566334813777020676e-04
1.099926080602234568e-01 2.264771303828263008e-04
1.103995317738449278e-01 4.304304868081511195e-04
1.104634694680897977e-01 3.482401100617236100e-04
1.107582018948601588e-01 3.473123068265858513e-04
1.109119115583260401e-01 3.784999242670955533e-04
1.111235054549568751e-01 4.254458981567720358e-04
1.111473382519121006e-01 3.943668220274503390e-04
1.114980801449689668e-01 3.206130688308942464e-04
1.115499121272186811e-01 3.550467271919714903e-04
1.119059112806195799e-01 5.516173143994284895e-04
1.122045725955373163e-01 3.265451346839153045e-04
1.124835245960029428e-01 2.608765622834099919e-04
1.127232406337117104e-01 3.843510388218397385e-04
1.139967732064370159e-01 3.232767547570935206e-04
1.147756684676017047e-01 2.897670683773425986e-04
1.150937858600767222e-01 4.384536614614642676e-04
1.154492620016093068e-01 4.027257349564624333e-04
1.155376077664403006e-01 3.337804485599966476e-04
1.155376238209292750e-01 5.202644318817535498e-04
1.161438811695855305e-01 4.318250940219276065e-04
1.161888057401058716e-01 2.991864705530487877e-04
1.162898830667272038e-01 3.174704857465687627e-04
1.168769640622280143e-01 3.988158332162873164e-04
1.181128708013190615e-01 3.622908576726974325e-04
1.184139295036144707e-01 4.904671812858883923e-04
1.206458268601890704e-01 2.272377353130127962e-04
1.212433901106945572e-01 2.921753100007329156e-04
1.216701291439977739e-01 6.579106800797024542e-04
1.220647610626044710e-01 1.014720294755421231e-03
1.221050848747307904e-01 3.303234678585473564e-04
1.226665040589064171e-01 3.911422467637649426e-04
1.229228645163371741e-01 3.498655094824180988e-04
1.231966093165517140e-01 2.747105033912618384e-04
1.236445192740275728e-01 3.944957249745209235e-04
1.237751295662064266e-01 4.328663268686634420e-04
1.246292250540269181e-01 2.734063840665198705e-04
1.247037627749375127e-01 4.918807792109300327e-04
1.247084215162670151e-01 3.947084118209183120e-04
1.252382323730797109e-01 4.974794563600648620e-04
1.254139295505135032e-01 3.549789344924831670e-04
1.256332115175055886e-01 3.550128954449076574e-04
1.262521963868953323e-01 4.655184783169295185e-04
1.266607833785161341e-01 3.330447316470945855e-04
1.270343546579049687e-01 3.331574461042324884e-04
1.273540791090368440e-01 3.086092882863298117e-04
1.283502274701903978e-01 2.989276506208720036e-04
1.290594533511529585e-01 4.350301124680425700e-04
1.297134442804855070e-01 2.976540909616669163e-04
1.300623386018831262e-01 3.304626542415723301e-04
1.304266230992449649e-01 4.209565145217731685e-04
1.311786621808817555e-01 2.353554743881939822e-04
1.312349231259627158e-01 4.086001175334071718e-04
1.314318278986693622e-01 4.399931404302324521e-04
1.327722722529974253e-01 3.453235559568443368e-04
1.330376937706255758e-01 2.692413792689362772e-04
1.330616219998478622e-01 2.896631700240718697e-04
1.334197587842124721e-01 4.273131697379065302e-04
1.341358061606733321e-01 3.591942640696120601e-04
1.342359375117724296e-01 3.118969474765979216e-04
1.344045363837083895e-01 5.759605443178591588e-04
1.344815214919139468e-01 7.828310540478619975e-04
1.347972010268980725e-01 3.107393965446071356e-04
1.351794343878513494e-01 3.332868570631091973e-04
1.352686942984629437e-01 3.656325301416617560e-04
1.352905692993838505e-01 2.930161892073211987e-04
1.353571149659444639e-01 4.097032286223816367e-04
1.358465390841831211e-01 3.665161879132693623e-04
1.367442357018901489e-01 2.593405268557876691e-04
1.369333375914284223e-01 4.305744298455728468e-04
1.376983907242274041e-01 4.529465445861461130e-04
1.379847770763278358e-01 3.836808710172718846e-04
1.381324790725256546e-01 2.975791094609576775e-04
1.382520484596493349e-01 3.375306654444048767e-04
1.383950728009726849e-01 4.847122928407147750e-04
1.386833066508401380e-01 2.969415509595658411e-04
1.396121998130795683e-01 4.661840392407111790e-04
1.404611677554107041e-01 4.016455530202764444e-04
1.409211239880098776e-01 3.866341166238123988e-04
1.412268547278369146e-01 3.026652647898314761e-04
1.413652647519010597e-01 3.861570357272022663e-04
1.414054628949371339e-01 4.174872866746282864e-04
1.414964821487562918e-01 3.795980677024155393e-04
1.415297627099695588e-01 3.436308213895270750e-04
1.418283620858584448e-01 2.623115220679179656e-04
1.424024908929782118e-01 2.780396882921499450e-04
1.426878312682894057e-01 3.042118086421400974e-04
1.432620106039536045e-01 3.195509464792012626e-04
1.436015961795182039e-01 3.126392958240870957e-04
1.444102956365549417e-01 7.866928218181342379e-04
1.444440900730506738e-01 3.273459475770707817e-04
1.447972552233999233e-01 3.819576604014549731e-04
1.448330441377744526e-01 3.270148424463576115e-04
1.449824189283928921e-01 3.714698311361414409e-04
1.453439270390220195e-01 3.582969413053098753e-04
1.455768043278378998e-01 3.166843700498586677e-04
1.457087140852131590e-01 2.770750477102789234e-04
1.463645105243625844e-01 3.923123510909643733e-04
1.467712808432275751e-01 5.419438378249146144e-04
1.469148544604897688e-01 2.986771302122817259e-04
1.474367940494277496e-01 3.473684479543088718e-04
1.476302182506649963e-01 4.319605700326180093e-04
1.476463816251915584e-01 2.774435660517310344e-04
1.480010161216262221e-01 3.578445381974009365e-04
1.483932540255636923e-01 3.108735494812455823e-04
1.487861596294129674e-01 3.020751640035822640e-04
1.490610483452577406e-01 2.898503730145979133e-04
1.491988597410883188e-01 2.577018989465097243e-04
1.497236337099343839e-01 3.158074656641677420e-04
1.499485954567478241e-01 3.846628595324088143e-04
1.511908985824648444e-01 3.857236229328965429e-04
1.516688844553244209e-01 4.784171005914770124e-04
1.519849595175175039e-01 3.763816798340925175e-04
1.528235431421187951e-01 3.406154406839925026e-04
1.532531816124378388e-01 3.986545703448552422e-04
1.536160175931098604e-01 3.544846461639210517e-04
1.540667653674452353e-01 3.436768458098377033e-04
1.540817533176948584e-01 3.923464465208151828e-04
1.544106321117153791e-01 4.252466455531907111e-04
1.545632855052035959e-01 2.618378991230170950e-04
1.548747810541498127e-01 5.134629509919306145e-04
1.552488211238586546e-01 4.351740655919408189e-04
1.556470924180306248e-01 3.146765169784018269e-04
1.559740019777731412e-01 3.885324174699159765e-04
1.577902962827249511e-01 4.047196698225804840e-04
1.581038919704197687e-01 3.270004290213481576e-04
1.583033009107444045e-01 5.380933010330332580e-04
1.586026013716618777e-01 4.398636276179773100e-04
1.587519592029536519e-01 3.151597046693289873e-04
1.597369088556162275e-01 3.820762542478543431e-04
1.598902004378253139e-01 3.698960824962502659e-04
1.602467738717262558e-01 3.037446029760150902e-04
1.606050888640015439e-01 5.497012771032032180e-04
1.622677820404222482e-01 2.474260593522820671e-04
1.629169347492884501e-01 4.283805315959515725e-04
1.640527780942322988e-01 3.220380901531046764e-04
1.649802475342702357e-01 4.120832363630433869e-04
1.655019878973458258e-01 4.268596308630668375e-04
1.658057184697458719e-01 3.180649893337324599e-04
1.659826322289409684e-01 2.792765909074703214e-04
1.661937549598918318e-01 4.736341166040777513e-04
1.663275751267820901e-01 3.091586298701709643e-04
1.665247734446974881e-01 3.539847058227362539e-04
1.668225230356732702e-01 2.983073223984020715e-04
1.675175460074328215e-01 3.630245280545863710e-04
1.681871029027684483e-01 3.340408627788916994e-04
1.702147840084676234e-01 2.700946330775246679e-04
1.705810439625123076e-01 3.469292841675201337e-04
1.706971842239714265e-01 3.720661861537728960e-04
1.707975835965231393e-01 4.145358378143321264e-04
1.717071739408013720e-01 4.021373063571593697e-04
1.721805500676171219e-01 3.101228818673228420e-04
1.736602412915311533e-01 3.314130793196210954e-04
1.738603681474018281e-01 4.319134058342342431e-04
1.740355308617860530e-01 3.688346308023886895e-04
1.740361999897381273e-01 2.900680056550130129e-04
1.751736013194416519e-01 2.733254613101819379e-04
1.755883493309021992e-01 3.149986435768604596e-04
1.757131583480703862e-01 5.008661683441850395e-04
1.757953079742621272e-01 3.753136496699320578e-04
1.764636971577950852e-01 4.021155924201659645e-04
1.772021948600112640e-01 3.292425569441582620e-04
1.773108841361844823e-01 2.890254623828631092e-04
1.775298003508881395e-01 2.752525407877208377e-04
1.785227716602513781e-01 3.306106038337140490e-04
1.788037658979257927e-01 3.445076289268372859e-04
1.791611635017416881e-01 3.242964632641172395e-04
1.796531254353785634e-01 3.231197995329724562e-04
1.798613028063710262e-01 3.023319999466142017e-04
1.809988431556030231e-01 2.955190245706751395e-04
1.811786418466418414e-01 4.655938024289894514e-04
1.812214061628448225e-01 4.241596059673195785e-04
1.818746349301434140e-01 6.524176721805062138e-04
1.818915044024859151e-01 3.490526068537027921e-04
1.827443674349022162e-01 3.489226378682159743e-04
1.829000202536793518e-01 4.942718582274079888e-04
1.834762661410783147e-01 4.553977736671034355e-04
1.836064672355919858e-01 3.785572634172836601e-04
1.836399298275313285e-01 3.118615218359566902e-04
1.838880293461100102e-01 3.156212905515354467e-04
1.842535982052864174e-01 4.061009097016870855e-04
1.842760976397343764e-01 4.834649926429343937e-04
1.844046274492733561e-01 6.926520891664506799e-04
1.845482410412264129e-01 3.039453387725270304e-04
1.852240693013421646e-01 2.802808877771861221e-04
1.859901864822257056e-01 3.591521291649673025e-04
1.863267467776854591e-01 3.989842699720574730e-04
1.864002604623806458e-01 4.993552487030483277e-04
1.864594483237467237e-01 4.769636681692712753e-04
1.870492989241740456e-01 3.910661119429632263e-04
1.872294632180332152e-01 3.806203189688424121e-04
1.875676651042511855e-01 3.742353509726605997e-04
1.878109590240196747e-01 2.493609841039027631e-04
1.887978389765451182e-01 3.745563760587183010e-04
1.906776796077216396e-01 6.781144556716460926e-04
1.906813930104784283e-01 4.212089650414273137e-04
1.908546124889571594e-01 5.229465886433539400e-04
1.913860959108004411e-01 4.388693006432309481e-04
1.921057658946475066e-01 3.762912942563893348e-04
1.923530088900755608e-01 3.355032892169738999e-04
1.928722901710376580e-01 3.027756848213762294e-04
1.932087440948440926e-01 4.198588660783523769e-04
1.933529373429144493e-01 4.472586963007876100e-04
1.941134332785981742e-01 3.626522353348937537e-04
1.941179042003592370e-01 4.866107638034318028e-04
1.941435785735580455e-01 2.962761400548955719e-04
1.942701285924336441e-01 3.320746058621100124e-04
1.946639974509764004e-01 3.480826741414347792e-04
1.946770706223811542e-01 3.205840896070885192e-04
1.952397988594533340e-01 4.364656261696516415e-04
1.958610009699918997e-01 4.193403211085530301e-04
1.962308417250285819e-01 2.887379474863210741e-04
1.966627611772344686e-01 4.108848963134342585e-04
1.978145478239976829e-01 3.473091201348603571e-04
1.982136861306235676e-01 3.228304807473806768e-04
1.983879311117379973e-01 4.029417594745889346e-04
1.984814973165404395e-01 3.836568447754239446e-04
1.989398792939307270e-01 3.704446743821914129e-04
1.993578322374309209e-01 5.948515638961537032e-04
1.993622987866517926e-01 2.639068616685607801e-04
1.994975066448657353e-01 2.355080268601277785e-04
1.995664648387769635e-01 2.568307129099686270e-04
2.005221258763165704e-01 3.696042889065591515e-04
2.010865165805046928e-01 8.554501960541777790e-04
2.014357575670010225e-01 2.991244958099219318e-04
2.015813426843044709e-01 3.290551814438420742e-04
2.018205270452707034e-01 3.732311035145464539e-04
2.021602105421203832e-01 4.285127770760289913e-04
2.024748011962938243e-01 3.993233819975463726e-04
2.026835125996593323e-01 4.540444551475195730e-04
2.029035265858822601e-01 4.155570674927189256e-04
2.035920412485606179e-01 3.302977539939821712e-04
2.045666835934065730e-01 2.903142406636149172e-04
2.052541345699277486e-01 4.565404400434638151e-04
2.060983009346271100e-01 2.482598306106035407e-04
2.062370644052033408e-01 2.798019966471473928e-04
2.066482383455233163e-01 4.446419362568411124e-04
2.087686544056681359e-01 4.756563096543440779e-04
2.088563105301342038e-01 3.452029608590758639e-04
2.089957251001434979e-01 4.371554708113152793e-04
2.098744289129292062e-01 3.185953656827357418e-04
2.099817349997344651e-01 2.451035446209480994e-04
2.100091047085082541e-01 3.844388003365069415e-04
2.101947950747700133e-01 3.129248284954626248e-04
2.109072359284926979e-01 5.490733374799289506e-04
2.110053170978674897e-01 3.352251032933404370e-04
2.110579901342160558e-01 3.939562246608402721e-04
2.111993354030720915e-01 3.434115255085260811e-04
2.116166315167510581e-01 2.733219137287434732e-04
2.117618356040008865e-01 3.360151827807356974e-04
2.118880556809800697e-01 3.756387913362629807e-04
2.120551143358525292e-01 2.190729807427816431e-04
2.123829812470076350e-01 3.481569236459083655e-04
2.129161501057765526e-01 2.932862183253627498e-04
2.129230853680987856e-01 5.366880591151527774e-04
2.129404995143498736e-01 3.484821809762839282e-04
2.130907727867419610e-01 3.318264406394361979e-04
2.131204681264875500e-01 3.486865210759583305e-04
2.135131189198889723e-01 3.076774293392783920e-04
2.135328843857441650e-01 3.709579522936874750e-04
2.135975489384678849e-01 3.704431276774797850e-04
2.138372422207997225e-01 2.402281426136830881e-04
2.150065747940863581e-01 4.450705652592346485e-04
2.151232869144698856e-01 2.626573091823384935e-04
2.151417211461249257e-01 3.501725401479982634e-04
2.152520590351852670e-01 4.100270617245280864e-04
2.153366451496662171e-01 4.552755589305302708e-04
2.160594712215253843e-01 4.030522500015855034e-04
2.160999469354090707e-01 3.852307622621757121e-04
2.171562483793808007e-01 3.627358752769345245e-04
2.171728940605926195e-01 5.789583252498057891e-04
2.171962858157634457e-01 2.670138027245241939e-04
2.176102540413595576e-01 4.434507220466974071e-04
2.177537624283508444e-01 3.243435166617767242e-04
2.179581478918438675e-01 4.920831132570363834e-04
2.185202343962169003e-01 3.389029724085422805e-04
2.187141833172273064e-01 3.301360739678700488e-04
2.194817960974905224e-01 4.501756809922000547e-04
2.204534846066303344e-01 4.164808432562258026e-04
2.205961159921172032e-01 5.489976743956953911e-04
2.206051479331410936e-01 3.617635669496856838e-04
2.207230010281368004e-01 2.944533730683775359e-04
2.215071473577300554e-01 4.328813737953359159e-04
2.215356184901100811e-01 4.451734558614925310e-04
2.218781667273710401e-01 3.134929375171443882e-04
2.234592376383389700e-01 3.894080592048252830e-04
2.236433710543104247e-01 4.935490897847104015e-04
2.253782989953146965e-01 4.576076619622500004e-04
2.265351702391933952e-01 7.326689703856995419e-04
2.270766219971232791e-01 3.130544469353661050e-04
2.273636990359173271e-01 3.802002415448070766e-04
2.277097251202675754e-01 3.503221568430811908e-04
2.281421628781976074e-01 3.791288788042371238e-04
2.285214179234975329e-01 3.235639706952384551e-04
2.288271202887187938e-01 3.049822559560624174e-04
2.288570899250401691e-01 3.115359311996399581e-04
2.290684171471919217e-01 3.487895400168178946e-04
2.292728728187766463e-01 4.613124507065852436e-04
2.295550540135989082e-01 5.488192389065090285e-04
2.295599182507725988e-01 3.822478279020849966e-04
2.299182745664115624e-01 4.205613593262977346e-04
2.300367470225595512e-01 8.250943188476483284e-04
2.304993013984691086e-01 3.729436241649408527e-04
2.314644194279176781e-01 3.570154405436564825e-04
2.322501238695402759e-01 2.811689335307668378e-04
2.333074555658362359e-01 3.292855667803716753e-04
2.336755019444250459e-01 2.809925480059973879e-04
2.337495442250964173e-01 2.684667650994857478e-04
2.353274112384258765e-01 2.615283768166597645e-04
2.353835656166551604e-01 3.039856551197724467e-04
2.354658066976023090e-01 2.774311712986276472e-04
2.356781486286128602e-01 2.908918573602469154e-04
2.358502446450298218e-01 3.035608187728607910e-04
2.359214887309359909e-01 4.869817507042887086e-04
2.359328141338681017e-01 2.845761184714615168e-04
2.361669613970511228e-01 3.683419691147100873e-04
2.367925671335074367e-01 3.324766180992237198e-04
2.369443390428800089e-01 2.828056079260423653e-04
2.369950510248701459e-01 1.850382048025584836e-04
2.373170183631148622e-01 3.542747731520941214e-04
2.375576408181371002e-01 2.741317375411998205e-04
2.375725221916864249e-01 2.911350001395197808e-04
2.382112782855013988e-01 2.894313086912117939e-04
2.382371343393654139e-01 2.982508546714247909e-04
2.386629965630639172e-01 4.301137973558582942e-04
2.389016834446232029e-01 3.389107523866124777e-04
2.391647293431505006e-01 4.267637460437233060e-04
2.393769009754526389e-01 5.286845381489390077e-04
2.396044335110489309e-01 2.675501587731691708e-04
2.406898133396631889e-01 3.124599581149501825e-04
2.408316237894655709e-01 3.151150334938657019e-04
2.409128088549061519e-01 4.070236743661417682e-04
2.410877829100159242e-01 3.228000020729782224e-04
2.411546892332271930e-01 2.434947416461196227e-04
2.414327996695524725e-01 3.812968042646681997e-04
2.414874799235390002e-01 3.397256064706107958e-04
2.420160160838928654e-01 3.511733947817704594e-04
2.423465541477140828e-01 3.993719868023487465e-04
2.423745120420027488e-01 6.890646561873184318e-04
2.429714948928030915e-01 3.005060283931830674e-04
2.436415260845216368e-01 2.976678945765609346e-04
2.438506419342794107e-01 2.771563170685048343e-04
2.441820556622019134e-01 3.014057044078761365e-04
2.442058952749992795e-01 3.844468032592034405e-04
2.444427147381766086e-01 4.306436338882686744e-04
2.448190311107484030e-01 3.393089141209243800e-04
2.449855512271851832e-01 2.732188115141727402e-04
2.451044769420143987e-01 4.000547655417861065e-04
2.456059662430269130e-01 3.612257015703276689e-04
2.461422082348495577e-01 3.832608652854948531e-04
2.463294166165287402e-01 5.217978866929580493e-04
2.464893363565608120e-01 3.875271365834191402e-04
2.465066885812537689e-01 3.289669516666937805e-04
2.470937899962231954e-01 2.778651672338432253e-04
2.479535010579577148e-01 5.715565482251961163e-04
2.479847643412647074e-01 3.385958224618460443e-04
2.482844649192821884e-01 3.038378853335495797e-04
2.494015813423443861e-01 3.349350038791423052e-04
2.504896159575086823e-01 3.367401367107520716e-04
2.509534526096018903e-01 5.762714155806691061e-04
2.514768520262916085e-01 3.025262640649029836e-04
2.526203288612544062e-01 3.210340531725650276e-04
2.527097203857741059e-01 3.526582569305983760e-04
2.529217029919104687e-01 2.971497046464103100e-04
2.536557528975713072e-01 2.964896386051993609e-04
2.539139917607547425e-01 2.513122002782508611e-04
2.546054675368346065e-01 3.388510283859984522e-04
2.546591355604352902e-01 3.394631949609385867e-04
2.546613360710984209e-01 2.763032189010972139e-04
2.548513661426444754e-01 3.670887751064432825e-04
2.551733661685130494e-01 4.713112478626664006e-04
2.553884395763947324e-01 3.131140237902579827e-04
2.559389439264603827e-01 3.466444962026603510e-04
2.574626525254297138e-01 5.949784733299097938e-04
2.578687109477834083e-01 4.380591076382366229e-04
2.579027560732058411e-01 5.015406819302858660e-04
2.581902921576013088e-01 2.633512470207880407e-04
2.583657299756325632e-01 4.010707887907479494e-04
2.586585515395365964e-01 4.293679157344410186e-04
2.589333400218333803e-01 2.523570321363467349e-04
2.590112395365154474e-01 3.343658069921924048e-04
2.592101181993853309e-01 4.176341398259793606e-04
2.602454138521979043e-01 4.783329562444464059e-04
2.602854357730678414e-01 2.726822699889824538e-04
2.607401827327223698e-01 3.321972641321196094e-04
2.611750451368900494e-01 2.532612734880676552e-04
2.613972190706369547e-01 3.907794039842285095e-04
2.615801447046423034e-01 3.446809188236777191e-04
2.616740277985813434e-01 3.059489933482813489e-04
2.620889961570074811e-01 4.009507302603955176e-04
2.623185011333810102e-01 3.374363427129862853e-04
2.624899564480479008e-01 3.867097765566486294e-04
2.630396771072446294e-01 3.680040918488770916e-04
2.641566395006391121e-01 3.774389852162409603e-04
2.651365238757100173e-01 4.423802715471954585e-04
2.652455962218575602e-01 3.894435786972472993e-04
2.656252830497839446e-01 3.504944890240258861e-04
2.656456543461502839e-01 3.770272658699352734e-04
2.663748753497330868e-01 4.191903471051552227e-04
2.664640634812033282e-01 2.927906556816092343e-04
2.664954927513565885e-01 3.761238124533007794e-04
2.667488656327530183e-01 3.002620272955337593e-04
2.670801304710907487e-01 3.176068786620642854e-04
2.675956171696325936e-01 3.161916304598160355e-04
2.677670051487064384e-01 4.405577303212674951e-04
2.680279763200307253e-01 4.332554672101929087e-04
2.683904100327101361e-01 3.166662818806432913e-04
2.686495625012710886e-01 3.401857943721806748e-04
2.689997019309144921e-01 4.256299203993203035e-04
2.690061415146937640e-01 3.363875988902873004e-04
2.690184348198245701e-01 4.000957301469091308e-04
2.690890906010569017e-01 2.665334850707085936e-04
2.706602244957676540e-01 3.618566761892369542e-04
2.710919395307770374e-01 3.739864729829999140e-04
2.711907254839213133e-01 5.597336364636513973e-04
2.714551166352120459e-01 3.260111181092710812e-04
2.716818684963100416e-01 3.699305581664253826e-04
2.738249633648224823e-01 3.992972232542001836e-04
2.741534269828717618e-01 4.327554807196593370e-04
2.743595631333367035e-01 4.415340769821562636e-04
2.750423573977200942e-01 3.354308476368218490e-04
2.751995633558670940e-01 6.578531127848589446e-04
2.765518255395028047e-01 4.444523940785291604e-04
2.776285118911686611e-01 3.130816567954489670e-04
2.780610274123487269e-01 4.984321474781896414e-04
2.785396409922927252e-01 3.890529344586653149e-04
2.786686165342424082e-01 3.469370877185730894e-04
2.789930257610677145e-01 4.205841047809412447e-04
2.793710100540145458e-01 2.934454985022271617e-04
2.800472298620796940e-01 5.372547694113494416e-04
2.804468607964105131e-01 4.716175876728412385e-04
2.807408591036794077e-01 4.284511713898335808e-04
2.817745879006057774e-01 3.184943285314854942e-04
2.831974873736116116e-01 3.432496040529985450e-04
2.833229895365246276e-01 3.146706129436836231e-04
2.835045798366586101e-01 3.082788146446898596e-04
2.846432112414070681e-01 3.319235652688285170e-04
2.848700796671914670e-01 3.085219684256116442e-04
2.853088447937591199e-01 4.021721448804283579e-04
2.853268202767626494e-01 5.085928189142277555e-04
2.858726489337322096e-01 3.321704639542599519e-04
2.858855247357575124e-01 3.739020896694091717e-04
2.861166110135157647e-01 4.254213133713558742e-04
2.861245194733508246e-01 3.130829318028995512e-04
2.863476978221560221e-01 3.383679136749962921e-04
2.863619711129571366e-01 3.527066596811609281e-04
2.869680186951080736e-01 3.470854415058748435e-04
2.870008478325343781e-01 3.439694216331252909e-04
2.871061014264014721e-01 2.977818243025227244e-04
2.874200210180266057e-01 3.433639655824025669e-04
2.875687915803353811e-01 3.336109759995725828e-04
2.877944879128492839e-01 5.271940975183904247e-04
2.883626218698914223e-01 3.349688838737404153e-04
2.894434262567367466e-01 6.339728971599201471e-04
2.897469323653452111e-01 3.158502241998168130e-04
2.903039452226226502e-01 4.943960396821282712e-04
2.918842757344656258e-01 3.746117385256444022e-04
2.928083402950689695e-01 3.848760935091685405e-04
2.930622999317271105e-01 3.389345453289392229e-04
2.943973654978905841e-01 4.888277390578511057e-04
2.953338720764733250e-01 4.481248163219136516e-04
2.953436948804657458e-01 3.005336677561542083e-04
2.967226587611884181e-01 3.515187858602925757e-04
2.971582084615129737e-01 2.830050139332318114e-04
2.974434433219313445e-01 2.723391074589783705e-04
2.979183467583595979e-01 3.401913468895134750e-04
2.986402415603938154e-01 3.205164450906515831e-04
2.987895102277535186e-01 3.166113435237143657e-04
2.989423774956720958e-01 4.031675255563478013e-04
2.990443707229567538e-01 2.723223264498879814e-04
2.992626531644367871e-01 3.970140618987590716e-04
2.999434770097886838e-01 4.129380759048230723e-04
3.005535118940925732e-01 3.353295383674452837e-04
3.006992005038638394e-01 2.483529808262219143e-04
3.007102513257067788e-01 3.357271615369039359e-04
3.011802535463375396e-01 2.040880293962776229e-04
3.013452617056464056e-01 3.760302943905242902e-04
3.018498825870847835e-01 2.852928669919212678e-04
3.018936757497368006e-01 4.647631569057682536e-04
3.019113626370724668e-01 1.987496822544332234e-04
3.020205217996909108e-01 3.145620001075485200e-04
3.023711948774567837e-01 3.433093436915352222e-04
3.024056843115977555e-01 5.051098767973286486e-04
3.024818150431025088e-01 3.060208212345831590e-04
3.027926085008078028e-01 2.504128481768224377e-04
3.030788862395255578e-01 3.210393335370449481e-04
3.033640723696503505e-01 2.531053875309762185e-04
3.037671973894751076e-01 4.400727585086613275e-04
3.040199925807949288e-01 4.909438199366013408e-04
3.044353199690793543e-01 4.329304580551032234e-04
3.044466841931799395e-01 3.405586733741827765e-04
3.046603860328250812e-01 4.706816039858486688e-04
3.050305971470045341e-01 2.009370020677220692e-04
3.052717882065492105e-01 4.111475123358342382e-04
3.056377501893221549e-01 3.266402698878370170e-04
3.059064882988845047e-01 3.454438696258712248e-04
3.060561795728258261e-01 2.363586235568669645e-04
3.080935155590773800e-01 2.913746928369200569e-04
3.081798087146842002e-01 3.316603076605013564e-04
3.085796363699593869e-01 3.744632891611613334e-04
3.089370142348941140e-01 3.264284591479462523e-04
3.092224324524933121e-01 3.228803118514583922e-04
3.093469150777837795e-01 3.955782101314549875e-04
3.096959847542455901e-01 3.157551621365397914e-04
3.097841981843396653e-01 3.052058708844308842e-04
3.099208138207171226e-01 3.552520777630518772e-04
3.102515408795545326e-01 3.695654071805666921e-04
3.104391152676281296e-01 2.575416859025647458e-04
3.107227733504137057e-01 3.838804858630056618e-04
3.108526595585419661e-01 3.386145482446797374e-04
3.109315270526011865e-01 2.648923307966489409e-04
3.111691098688723067e-01 2.473832459612155870e-04
3.116856498611041970e-01 3.453134629312985251e-04
3.117963191471852524e-01 3.215305798116155421e-04
3.121172546418233273e-01 2.989470409901519559e-04
3.144766825814215294e-01 2.837211882207613676e-04
3.147345598738874317e-01 4.422032422379709011e-04
3.148424578850698707e-01 5.952769928037034489e-04
3.152337930297451352e-01 3.994496985343816138e-04
3.154241632613123958e-01 4.302025363429000772e-04
3.156152730074429646e-01 4.774526982685519836e-04
3.157818791332180353e-01 3.088927860510727120e-04
3.173216085949375209e-01 2.923913189053771217e-04
3.178354681711077490e-01 3.259097355536404975e-04
3.184496042305766106e-01 2.582426642160452280e-04
3.184864797899858435e-01 3.673605724109833110e-04
3.189571949604646517e-01 3.958427072754833881e-04
3.190180859805783475e-01 2.855442674521673353e-04
3.193778847796294174e-01 5.723659735770867058e-04
3.197186117548667106e-01 4.656651061381155299e-04
3.197955772850232248e-01 4.043499540499142933e-04
3.208574461669750910e-01 2.802281942129579862e-04
3.214422145612080839e-01 3.853889622609022706e-04
3.214713027088691999e-01 5.701779115926977571e-04
3.216426519735474110e-01 2.563492293047646376e-04
3.218699278522001994e-01 3.917896492271718319e-04
3.223124379094916003e-01 3.126927152679188893e-04
3.227764955501303268e-01 4.651454455969942863e-04
3.229365048745848066e-01 3.451318582142777328e-04
3.230842799691601708e-01 4.816466569077271784e-04
3.234269236272479531e-01 5.675034012285434630e-04
3.241467589160227369e-01 3.301470385625680510e-04
3.247627814788047740e-01 2.615548483641814731e-04
3.250027931172823070e-01 3.144370688466469011e-04
3.252070213998453085e-01 6.913113032261784417e-04
3.252841681694197407e-01 3.251090297363161863e-04
3.257936848956140552e-01 3.836757972085984400e-04
3.260850245330951802e-01 5.237729931653531661e-04
3.262525945891515677e-01 2.663994738560890871e-04
3.266302249101070143e-01 4.346087266910734289e-04
3.274321756770295355e-01 4.241461717757874159e-04
3.277922978184468761e-01 3.778805494905486373e-04
3.279153506414257402e-01 2.646430526155034869e-04
3.282030480893655122e-01 3.204472294722692199e-04
3.282421139478293171e-01 2.743975096788253579e-04
3.282976452246443300e-01 4.811659138364566797e-04
3.284694240022963396e-01 6.777630350445409003e-04
3.285730038415112242e-01 3.401563229116556807e-04
3.291861698285033500e-01 3.745416484685506033e-04
3.292207328606736594e-01 6.503377591924283966e-04
3.300742177715453862e-01 5.737938314602916354e-04
3.304597783408508294e-01 3.510823233918883659e-04
3.309064561296006235e-01 4.653511105682558015e-04
3.311360373454500516e-01 2.734464909740678767e-04
3.314063593956718679e-01 3.319706977888349140e-04
3.323762062270048667e-01 2.515421079409466522e-04
3.329339727070470545e-01 5.225838920480066095e-04
3.332970108756510563e-01 4.095004568851523573e-04
3.334333482302877516e-01 4.248576268471743753e-04
3.334872706246796437e-01 5.727337152512056682e-04
3.338017130800940424e-01 3.783474317664050875e-04
3.338380018854245623e-01 3.037726434568631547e-04
3.338588358738697748e-01 3.466918706711170635e-04
3.339225489569406236e-01 4.700760456087720658e-04
3.349977285009287375e-01 4.358327237479858967e-04
3.351238797756486698e-01 3.199595276549719930e-04
3.367939585526864010e-01 3.539636047128127006e-04
3.369360090333358149e-01 3.682253429074178121e-04
3.371782758828229531e-01 4.813732819416923782e-04
3.390701235808702974e-01 4.034871543471004840e-04
3.391195811410032124e-01 4.706126104741456539e-04
3.391388092704588075e-01 4.622806027874219997e-04
3.397159936529442481e-01 3.809303396710050547e-04
3.403134609777383468e-01 3.236486804011192916e-04
3.405469655798408213e-01 5.840027927532597625e-04
3.406193842184424558e-01 7.232907970733814954e-04
3.412265431954424888e-01 3.354853763574067236e-04
3.416011420147500588e-01 3.997616409469028080e-04
3.421529536645318559e-01 8.096947428079977454e-04
3.430547781638458860e-01 6.628408575751231543e-04
3.431005950204735755e-01 3.372869518060016454e-04
3.435040993525472208e-01 8.260883600781696425e-04
3.438378105050736711e-01 4.126214302904462916e-04
3.439405069388496994e-01 2.854498329175257057e-04
3.440533018967845136e-01 2.661134154507024908e-04
3.444316603063256044e-01 2.749746106329265883e-04
3.445466708316496929e-01 3.517798263815144141e-04
3.447691961271813765e-01 3.156168993464536542e-04
3.451510968622273912e-01 2.985857703382172892e-04
3.453547711661495989e-01 7.858733331882629793e-04
3.459151530058159341e-01 3.341169687780218582e-04
3.459160700992910398e-01 4.012698434536088733e-04
3.470079710107477067e-01 2.809950677530791640e-04
3.474354744357821545e-01 2.512457981688320102e-04
3.476484195667273180e-01 3.669683400966829807e-04
3.479283941775829225e-01 3.287355016032275168e-04
3.479912199561606134e-01 5.755834443170893683e-04
3.482696316908003298e-01 2.865773985060420122e-04
3.488660506060877742e-01 3.879933574465888177e-04
3.488864400260309195e-01 3.258070655717548465e-04
3.489833790511932543e-01 3.234274983917850821e-04
3.490977552376063886e-01 3.203060360801350472e-04
3.500867775351239053e-01 3.570353629630266179e-04
3.503747126607416607e-01 6.638445934703515522e-04
3.513036765913716830e-01 3.560154696235931049e-04
3.513359243991450165e-01 2.905200728803194587e-04
3.518372250855265060e-01 2.250262260710297858e-04
3.524697629606459159e-01 2.887844666808566567e-04
3.525655406594795371e-01 2.740757826991596429e-04
3.525883300887460159e-01 2.459304158351577558e-04
3.526973428250744780e-01 2.484976936121817718e-04
3.529059331314813308e-01 3.539760666124024298e-04
3.531634266859746685e-01 3.479155792528905184e-04
3.534472415759882802e-01 3.273476671331487136e-04
3.545178200602275842e-01 3.132072360298502039e-04
3.545293535552068165e-01 3.338303803350460303e-04
3.548761947365056679e-01 2.841663047589513408e-04
3.549515223618552318e-01 4.007835620408050519e-04
3.551146484497010869e-01 3.304871484611707341e-04
3.554668795978671580e-01 3.885373555806630554e-04
3.555298545555293788e-01 3.715566169870664634e-04
3.568123853747973695e-01 4.068285355349687219e-04
3.569137299946061881e-01 3.730062324798024439e-04
3.569625209903261043e-01 2.571748547116869932e-04
3.570215106405435490e-01 2.948389939674064407e-04
3.570303595188839552e-01 5.394470090771137085e-04
3.574839052995549826e-01 5.249567270247677874e-04
3.575603650154174917e-01 2.575435929419874446e-04
3.577027532003928534e-01 4.327143644559287112e-04
3.579623238493453985e-01 2.531360553977240026e-04
3.581093695691807688e-01 1.831066746524360675e-04
3.582911735384970986e-01 3.553679054651388359e-04
3.587046033763512387e-01 2.755476510452217038e-04
3.589934290572230902e-01 2.605671018199994405e-04
3.590158021215175133e-01 2.872355795484069830e-04
3.596000323548970146e-01 2.841882541428944432e-04
3.598382768060262027e-01 3.042857459963326915e-04
3.601853780594902465e-01 3.132001667883581048e-04
3.618880480130636235e-01 2.667405555772617244e-04
3.620772138802776374e-01 4.070017494744366561e-04
3.620966857316261223e-01 3.400527486201131416e-04
3.623488024238307181e-01 2.806168467452876264e-04
3.628736096514284526e-01 2.864394979505740439e-04
3.630170123451735287e-01 2.557689248497389150e-04
3.630325411186049456e-01 3.473900654489496921e-04
3.631629230164968303e-01 3.089454088167142365e-04
3.634283801018834970e-01 2.174754405661848394e-04
3.639284767878699922e-01 2.663595596109826912e-04
3.642461780872069399e-01 2.796893780199120969e-04
3.646055569081311232e-01 3.160504213555958251e-04
3.655584040379634692e-01 3.365495417123411689e-04
3.655592586596744242e-01 3.204332818166822001e-04
3.656559846238841005e-01 4.063010396058503088e-04
3.657277225212980931e-01 3.126648734865987932e-04
3.662981414210386144e-01 4.485909410227611918e-04
3.663336082553558248e-01 3.123875157273623619e-04
3.674795460314714268e-01 4.707999032229619077e-04
3.675855096793315124e-01 3.090475303959357872e-04
3.679379115348475060e-01 3.252291939968670318e-04
3.694533953841766527e-01 2.548533568633012600e-04
3.696100985836639485e-01 2.664802682324328843e-04
3.701033732087912753e-01 2.552346209467410364e-04
3.702888495175077899e-01 2.892918526946529020e-04
3.704475472191900431e-01 4.187574508953436476e-04
3.713986333938389395e-01 3.765132395642802835e-04
3.720383427958685596e-01 5.042850189624305170e-04
3.722241858739432363e-01 3.975444082674151015e-04
3.733340856863809898e-01 3.144696245503467700e-04
3.742881566369146151e-01 4.017772047194961013e-04
3.750807069716342590e-01 4.200218052414648388e-04
3.756726469068065177e-01 2.840714421725426650e-04
3.757061493116064521e-01 2.209006014850354736e-04
3.758255598274619080e-01 4.403795546708321254e-04
3.761298929808251645e-01 2.481068789339951376e-04
3.762331205260940892e-01 3.571190972418019933e-04
3.776440872950291849e-01 2.181868596598937951e-04
3.777590276312428608e-01 5.530029878934726757e-04
3.779163621185564481e-01 3.007259030502686830e-04
3.779590830799576251e-01 2.987924399609456403e-04
3.785186398566548482e-01 3.047656387190730474e-04
3.785733248358285619e-01 2.532833913801391069e-04
3.789620471811178115e-01 3.241890947038830371e-04
3.793227561553340066e-01 3.868444275861948698e-04
3.794102396217240436e-01 5.070275878517467279e-04
3.802640333454512800e-01 2.440821218743951095e-04
3.810287445765034309e-01 2.824332294017626254e-04
3.810990148138470035e-01 3.593156134007642892e-04
3.820679186222972756e-01 2.282712748726133014e-04
3.822204476231757519e-01 4.366697582832210884e-04
3.825806848736654775e-01 5.077241920892517106e-04
3.828407129180115276e-01 2.162966522636387075e-04
3.830729260132084146e-01 2.184620398824351330e-04
3.830843551580848105e-01 2.931382428809504569e-04
3.832624517654724672e-01 2.548747321541825362e-04
3.850355809447839062e-01 3.686549394057586377e-04
3.857531156645074288e-01 2.469654923298133424e-04
3.857924559143230958e-01 5.425863555286786124e-04
3.864226684674918477e-01 2.908715478068367314e-04
3.866855023791622159e-01 2.835494478584260365e-04
3.867020899642166221e-01 3.114309900240899080e-04
3.871263171374638712e-01 2.656676401418980155e-04
3.883702058721134609e-01 2.404885071671906689e-04
3.889968474731097525e-01 2.941314286086403260e-04
3.891457989900530268e-01 3.039376220970255323e-04
3.895805616509033231e-01 2.468659534300064696e-04
3.896028629926435172e-01 3.005052516650279660e-04
3.896432787461820424e-01 2.950329619664335701e-04
3.897172149570448663e-01 3.749654304809528580e-04
3.898931028272729638e-01 3.038813554186012744e-04
3.900909432363198759e-01 5.327402484325449066e-04
3.915000119841584580e-01 3.921906405121553560e-04
3.915328802164408928e-01 2.677602047996452579e-04
3.915818690033164295e-01 3.365127290416123100e-04
3.918475653512784040e-01 3.750762180282820723e-04
3.919479199348389065e-01 4.181283302760261246e-04
3.928798905367001382e-01 2.536116478897281357e-04
3.928833398175774483e-01 2.879834499567780108e-04
3.929951493892051007e-01 2.061157972565324809e-04
3.933146162844353144e-01 3.003512553308501838e-04
3.938301829389277975e-01 2.523931030687424047e-04
3.942837036777134818e-01 3.018354313497464752e-04
3.950595857306523073e-01 2.150981453423725430e-04
3.956248709246718009e-01 1.944072178832034336e-04
3.956480954542868633e-01 3.996875595674540286e-04
3.968693751863274222e-01 3.051242056163409985e-04
3.971590389566566626e-01 2.673872040148998156e-04
3.971914455591653570e-01 2.785386393900831379e-04
3.979414582841803161e-01 2.575076022848638273e-04
3.979889902614160424e-01 2.164341712948801848e-04
3.981632188556644136e-01 2.656102463755312501e-04
4.013307279106312353e-01 2.054143212414141751e-04
4.019187467805577785e-01 2.821546511022582186e-04
4.021618290401612894e-01 2.747549201631999680e-04
4.022539945029801611e-01 2.863821014383681864e-04
4.022900781766603484e-01 2.366348390560719071e-04
4.023842552254836558e-01 3.265156750888045605e-04
4.024831414450203981e-01 2.758598260776270279e-04
4.025683545155886445e-01 2.241665233869044084e-04
4.037551043974028087e-01 2.988302411919418903e-04
4.038460128196391108e-01 2.689206128944328172e-04
4.039505565467202963e-01 1.960999985386430546e-04
4.051721886354707758e-01 2.242641031014178717e-04
4.059843968835886163e-01 1.641629757707484673e-04
4.060467671333416462e-01 4.633950036531572217e-04
4.060820515687711407e-01 3.554892898418945285e-04
4.063611898204899653e-01 2.785524165395273700e-04
4.070797410630010993e-01 2.524470201509662268e-04
4.075681618448974142e-01 3.110671228150255598e-04
4.082340010201747638e-01 2.777813105975369501e-04
4.089667452745720522e-01 3.401011578444866016e-04
4.092062014016291105e-01 2.026442364911715146e-04
4.092549866156092730e-01 2.552520800180705404e-04
4.095179960782739936e-01 2.548182071332348521e-04
4.096831921674686239e-01 2.317183848771255648e-04
4.099994477450207286e-01 2.926897701047534613e-04
4.104306135299124469e-01 3.198954340125610240e-04
4.106080171064998563e-01 3.471745419557455874e-04
4.115947468533890929e-01 2.207019594248144567e-04
4.118303623611120345e-01 3.748434504711741725e-04
4.129112131943916686e-01 1.874272504276041024e-04
4.138363897434069738e-01 2.529273263555442729e-04
4.142006607426574893e-01 3.414242269043171697e-04
4.146236059120271822e-01 2.007399576774324633e-04
4.148812546186024797e-01 2.733836176528059436e-04
4.151966340268745670e-01 2.962937726311682903e-04
4.153517149102264883e-01 2.760827841269050936e-04
4.155846350378676890e-01 2.699661765385893671e-04
4.160056236741230817e-01 1.603107089121235719e-04
4.165430973193784414e-01 2.049325984283950088e-04
4.170534816049364935e-01 1.645038152410921157e-04
4.171735976273093227e-01 2.660858795030983316e-04
4.174189321591892932e-01 2.103487050894265278e-04
4.181681323570359821e-01 1.781787568064767001e-04
4.190161616866294181e-01 2.032738092300759780e-04
4.191258255920965459e-01 1.935152320036504826e-04
4.195669692932005868e-01 1.770945648523660344e-04
4.199195375816960341e-01 1.976589087556366025e-04
4.199426599881947442e-01 2.010596451458098355e-04
4.204030541896780493e-01 2.073036046079966338e-04
4.205960934049685629e-01 2.554155184982746904e-04
4.216384558145628847e-01 1.971424560874521789e-04
4.218928164412145132e-01 1.998651728415917859e-04
4.219069867678948982e-01 3.907945327096191729e-04
4.224766403800644943e-01 1.956262510852136154e-04
4.227485597888696600e-01 3.232967149731991782e-04
4.228509511616347361e-01 2.761529239242749181e-04
4.229843131421462399e-01 2.899462663410394114e-04
4.236579820009708230e-01 2.391962945965262692e-04
4.240648973056455606e-01 1.775746876274569863e-04
4.246624403262462266e-01 2.152106543439418179e-04
4.252406986228959296e-01 1.704094184315112291e-04
4.258175481754532532e-01 2.108175674254158692e-04
4.263683379798363093e-01 2.101088516860214871e-04
4.266832238499141949e-01 2.564335906752717451e-04
4.269407095788148032e-01 2.457762778631139870e-04
4.270212186485464745e-01 1.899134640414601200e-04
4.279003423991587507e-01 1.893640177008418756e-04
4.280356638644861600e-01 1.597710932548011646e-04
4.282583508371147207e-01 2.366272548477912495e-04
4.283554710013049438e-01 1.949367559502329585e-04
4.285157828223773446e-01 2.440002790083462881e-04
4.293881452067906390e-01 2.443290508841556110e-04
4.302197570480956190e-01 2.446872640636300086e-04
4.304197945798046154e-01 2.469252430659518585e-04
4.305718067526429493e-01 2.195113782016823261e-04
4.310029852986650423e-01 2.617308604118426881e-04
4.314094833787313066e-01 3.068829204042345651e-04
4.315957845387463077e-01 2.811960941417944535e-04
4.318038839319750521e-01 2.525809182447754883e-04
4.321812247397711082e-01 2.781608755267208992e-04
4.322191772320183589e-01 2.135854843813184709e-04
4.323489309913371437e-01 1.793231136323282147e-04
4.323821850578057346e-01 2.945147811077346517e-04
4.324204209332314641e-01 2.392811115084251487e-04
4.335292455235178477e-01 1.878057947524475093e-04
4.340804275127591039e-01 2.097169763435476314e-04
4.343985676956556574e-01 1.651694102139813580e-04
4.344806410774479377e-01 2.421018133582848492e-04
4.354314478496242313e-01 1.659596750471336170e-04
4.357318798536778393e-01 2.406467954188207204e-04
4.359599283256473390e-01 4.248120587735923818e-04
4.359884236824085879e-01 1.614952051494421639e-04
4.359976381891775832e-01 1.676989663362207653e-04
4.363416364839259320e-01 1.683634860935638794e-04
4.368945163349235439e-01 1.897913889863545739e-04
4.369211340006041722e-01 2.282975740706244517e-04
4.376582601542279849e-01 2.650858163157310222e-04
4.381141119280483887e-01 1.824459337270612110e-04
4.382161262411679026e-01 2.090319794390844814e-04
4.384940915681984630e-01 2.514097369772106674e-04
4.385143868451695237e-01 2.050586349082570326e-04
4.389646492801729805e-01 1.797644600320362095e-04
4.392133345565257252e-01 1.765584790247292247e-04
4.393140626109262592e-01 3.246327675450760451e-04
4.394512712210909000e-01 1.791932673541448079e-04
4.397389717447948154e-01 2.009164601646671797e-04
4.406053784193042500e-01 4.668696160765172399e-04
4.407315373707585415e-01 2.558043346738972032e-04
4.408081618059117024e-01 2.318932425450377893e-04
4.408275786416631647e-01 1.458172605976701419e-04
4.428967013470043179e-01 2.758686250277934330e-04
4.430008194834252899e-01 1.864785664253328112e-04
4.432276660476226482e-01 2.040695105775339473e-04
4.433808557028579012e-01 1.740757320491560919e-04
4.435572250901026470e-01 1.734493620009254099e-04
4.441733431730695014e-01 2.163774422476442592e-04
4.442669119742027606e-01 2.053864108900410959e-04
4.446498036747368876e-01 2.215237988418925375e-04
4.454890100195729175e-01 3.346215730377525102e-04
4.460464106218665070e-01 2.174646212817194066e-04
4.461201372646725338e-01 2.608276089063013992e-04
4.464743758739641022e-01 2.369790516836746560e-04
4.472751246102407152e-01 2.492905967839744450e-04
4.478628548264783071e-01 1.978280138193479188e-04
4.482681091467782264e-01 1.744265572572258375e-04
4.484517822117295438e-01 2.276886143514925630e-04
4.484789012521626650e-01 1.550567002810065368e-04
4.491588180100715699e-01 1.563265542607381704e-04
4.498209009026071237e-01 2.038903130972470233e-04
4.506089668468739040e-01 1.516588022687362434e-04
4.511736467428915653e-01 1.844600773403073956e-04
4.517925155331481979e-01 1.860219073238606293e-04
4.521751470313073451e-01 1.520985925685902585e-04
4.525490013991604332e-01 1.655097629686461244e-04
4.526116859999937958e-01 1.606139036332092905e-04
4.530457581816589863e-01 3.358865675024998837e-04
4.532738160491915358e-01 1.843679526481713997e-04
4.535026264958564313e-01 2.230385384040007191e-04
4.541879577755305042e-01 1.349598156959384539e-04
4.554785191674199929e-01 1.222072908777362219e-04
4.558576354311096313e-01 1.887801334071501731e-04
4.560383923807426187e-01 2.393808717175555361e-04
4.563334652815236869e-01 1.523956038417499247e-04
4.569092204821320058e-01 3.775499966210478682e-04
4.569557923826013668e-01 2.865520050992855536e-04
4.576244786109270324e-01 2.152746675728395363e-04
4.576913650910767184e-01 1.909983905804922143e-04
4.579912616840348116e-01 1.692501223944145572e-04
4.582746554002217754e-01 1.950767397461243286e-04
4.587113206889715245e-01 3.076572752050856885e-04
4.595775828570282662e-01 1.921288560818310085e-04
4.603153882590530488e-01 1.606260859098912919e-04
4.603721482611510263e-01 2.075469571964923916e-04
4.609128215675356022e-01 2.481769961809578368e-04
4.609285909395983150e-01 1.365915649144442778e-04
4.614716506698492426e-01 2.737441364806443046e-04
4.615251635559337595e-01 3.652927061580354463e-04
4.622032011505063931e-01 1.606375907487464028e-04
4.623344213919839407e-01 2.270704742990303413e-04
4.648742332792270560e-01 1.903653607530726894e-04
4.657999567982309963e-01 1.193974768374713184e-04
4.658228834036537425e-01 2.650587049325928580e-04
4.659906774414829256e-01 1.330402660611964443e-04
4.666992046184975651e-01 2.241843407612212900e-04
4.667498667947136415e-01 2.172339324094917372e-04
4.676265990750235746e-01 1.754014138903575845e-04
4.680777957564851155e-01 2.561207850619372597e-04
4.683892146345037810e-01 1.749946005843167746e-04
4.687996096438712956e-01 2.176121673203588514e-04
4.689037586781335532e-01 1.616992006021868373e-04
4.689498571737781840e-01 2.545544420866113940e-04
4.689773466850135630e-01 1.481809889196005132e-04
4.697566750603627272e-01 1.447418512931125700e-04
4.700751473795513058e-01 2.986050627302251127e-04
4.701311000471175006e-01 1.618923083865864913e-04
4.706408880560361552e-01 1.548159980115093050e-04
4.711539721517222779e-01 1.749724516329514870e-04
4.714470550601072008e-01 1.469562837544905061e-04
4.721917985949872221e-01 1.586568369839808145e-04
4.722008816952644739e-01 2.406173074214417818e-04
4.737517718244016462e-01 8.238843901603891190e-04
4.737565134348987184e-01 1.737504129706172247e-04
4.739828569909610989e-01 1.824734732360304944e-04
4.744306562812580785e-01 1.505440809378270927e-04
4.750869720519699246e-01 3.239830802376993698e-04
4.753796578839162290e-01 1.612642277300889567e-04
4.754575122857508940e-01 1.355402440056918927e-04
4.756895074730815853e-01 1.672250092280313833e-04
4.770391137069979193e-01 1.586358527927424168e-04
4.772120480494203565e-01 1.521864310210858842e-04
4.774400275020798667e-01 1.574196698649011294e-04
4.775767802706025189e-01 1.547685470808822842e-04
4.777997209097592513e-01 1.574206168719195331e-04
4.782251954431077090e-01 2.370392856834317773e-04
4.786075125748401882e-01 1.625390170472263253e-04
4.786380331690481826e-01 1.886206931675426721e-04
4.789988379990818279e-01 1.133795895785117167e-04
4.813825851792816191e-01 1.097725957346792035e-04
4.817496697675219819e-01 1.887453738447092411e-04
4.831695327439777254e-01 1.819571668940605082e-04
4.835441357253396633e-01 1.634998523845892636e-04
4.837944212819122458e-01 1.300078824695136592e-04
4.854310990780889568e-01 1.614202539716680872e-04
4.859897317378297221e-01 1.483683249494575733e-04
4.867423071398702672e-01 2.064355322193229321e-04
4.879267060750024365e-01 2.173098777254258178e-04
4.879998483476734039e-01 1.485580519316716871e-04
4.881393744166974691e-01 1.951652000222373182e-04
4.884754823143112046e-01 1.139484387751448261e-04
4.885435723785828133e-01 1.169126349907175270e-04
4.887802761761601000e-01 1.313786247296596884e-04
4.888903709928933417e-01 1.344647400377103029e-04
4.889507033792190871e-01 1.461091889850709260e-04
4.893949934620001607e-01 1.759565471364548295e-04
4.899451623199790884e-01 1.287948423913889853e-04
4.900388296122444864e-01 1.665382138616797864e-04
4.902007035135175772e-01 1.290621313016413992e-04
4.913834056977579579e-01 1.359199909570095628e-04
4.915081847944094418e-01 1.445286797660270191e-04
4.916306461889057844e-01 1.586133236111311317e-04
4.919182737298945507e-01 1.419161424183830640e-04
4.923623176388508549e-01 1.308911576903584153e-04
4.925316654080440504e-01 1.620141011261487258e-04
4.927182873951836961e-01 1.496969735881971744e-04
4.929063877646506220e-01 1.203435110367141763e-04
4.944131878458035145e-01 1.730615782721114449e-04
4.948668913628556099e-01 7.943114955399370111e-04
4.952352383244547074e-01 1.319767427045322454e-04
4.952803424701187618e-01 1.376010846302169234e-04
4.955610289656627310e-01 1.546833608955481697e-04
4.956697521157544806e-01 1.119648265457373040e-04
4.973232446190570810e-01 1.424998830201758650e-04
4.983774625219332122e-01 1.114674167690883790e-04
4.993035899415377843e-01 1.180686312278584032e-04
5.008672180261298790e-01 1.443603363153785752e-04
5.015313730096596645e-01 1.169170782738407160e-04
5.015338148087707948e-01 1.189969725750369690e-04
5.024376618701128505e-01 1.140466088321007680e-04
5.028287545271412640e-01 3.293807676300179754e-04
5.030081222083970793e-01 1.191662278744768332e-04
5.037368203697832891e-01 1.159379483578371642e-04
5.042881281914315394e-01 9.374311163732002104e-05
5.060572845185120627e-01 1.459766670705830700e-04
5.069145430178153555e-01 1.209809149170141358e-04
5.072656172147318454e-01 1.001302481892156986e-04
5.073154974431780539e-01 2.098777877763791740e-04
5.076224317601472080e-01 1.761079295358735112e-04
5.079851849922125684e-01 1.106029799778600055e-04
5.082402438089823615e-01 1.114831380167289080e-04
5.089047010616435385e-01 1.310213995608795724e-04
5.089362706605821129e-01 1.439756232741971355e-04
5.093996909202115342e-01 1.043202513586722566e-04
5.095624545415181617e-01 8.809683660310813796e-05
5.098117174374564575e-01 1.163244237698729858e-04
5.100653572792209767e-01 1.129961029581524884e-04
5.102342978283379571e-01 9.210710616745501286e-05
5.104968077137173044e-01 1.019567180298060069e-04
5.109757844624104317e-01 1.197790434597071664e-04
5.112738335513979937e-01 1.266283876119346768e-04
5.114760262082924669e-01 1.144743907157456887e-04
5.116766955747573675e-01 1.147341951839413730e-04
5.118139801951979706e-01 1.350536796045466524e-04
5.126900024721338101e-01 1.318346221290229113e-04
5.130133405304647676e-01 1.345001428399558632e-04
5.132665828096908411e-01 1.792063044680968983e-04
5.133048186075991337e-01 1.267012321106037733e-04
5.144965256433594591e-01 8.615105307974574029e-05
5.154028081203780864e-01 1.147784809865340806e-04
5.154295258852016337e-01 1.394538207319318739e-04
5.156179549394922512e-01 1.547090841990059749e-04
5.164258945514171861e-01 1.133907778040390955e-04
5.169025688556110332e-01 1.188755704914838088e-04
5.176466105527282036e-01 1.679559375870102956e-04
5.177757636439631606e-01 1.228748361584704825e-04
5.180799415417278730e-01 1.052426488840913762e-04
5.183919860923242862e-01 1.418409865821555814e-04
5.184444282828636341e-01 9.419908776956559260e-05
5.185423525440192583e-01 1.371740683532781410e-04
5.191757406124100083e-01 1.254312652870206621e-04
5.205863834963230241e-01 1.130456143879480141e-04
5.209138807409910976e-01 1.035697453974722859e-04
5.211233716258613091e-01 9.808707278578462658e-05
5.216184843118937264e-01 1.215121444152253682e-04
5.239538753343893074e-01 1.650580891425264675e-04
5.249689081596055074e-01 1.082472915024359545e-04
5.249809264913437579e-01 1.068967915519395957e-04
5.253739968925573711e-01 1.093741880798106505e-04
5.258781042497812086e-01 9.396635168454342676e-05
5.260834654645420994e-01 9.826840463006467194e-05
5.272153881412857679e-01 8.671001171894490787e-05
5.273818893034870614e-01 1.138411958475844842e-04
5.286128309164959127e-01 9.864887682306433168e-05
5.287287031464803500e-01 9.874710021731831209e-05
5.292354295160091038e-01 1.527143732499599128e-04
5.298316049082888446e-01 1.221842625819242838e-04
5.316533934763281177e-01 1.193281977819213269e-04
5.320704460484853016e-01 8.776131003028572080e-05
5.320946768332451837e-01 8.527923631299337863e-05
5.329330186895081534e-01 8.806615730888336078e-05
5.338312627366967877e-01 1.084236108131401136e-04
5.344905876555992030e-01 8.388744079372490359e-05
5.346880274612193507e-01 7.759948898696604458e-05
5.356779798114085223e-01 8.207377698891968137e-05
5.357209502296396142e-01 1.083388514029320345e-04
5.359001395798476119e-01 8.404442715912757874e-05
5.361071420804682797e-01 2.691957782752744271e-04
5.364655764555037454e-01 9.984545625887486910e-05
5.365327601667930768e-01 1.324186294599451912e-04
5.366145023112015577e-01 8.671040088605158343e-05
5.369269688438065291e-01 8.216466954640033217e-05
5.371567797837839553e-01 1.211698461889303862e-04
5.373369034854864612e-01 1.239735629622106081e-04
5.376824850936852140e-01 8.436233645341126362e-05
5.378275935744868397e-01 8.092910669093578699e-05
5.378945976058585599e-01 1.227183344973026453e-04
5.385275277230119340e-01 9.206623227772946271e-05
5.386600934577029376e-01 9.672937966389705668e-05
5.394040067638004032e-01 6.618774580916794497e-05
5.396794230183948882e-01 1.215614776575161578e-04
5.405580315676388192e-01 1.099838964147313916e-04
5.406713247656644850e-01 7.086926297582240815e-05
5.409369706373813314e-01 1.024480431061065941e-04
5.412821569300898528e-01 7.503747354376155601e-05
5.417290942215371441e-01 7.912815050463159006e-05
5.422596190129642668e-01 1.103869968932623668e-04
5.424895157387127353e-01 9.440799229459164821e-05
5.429710668763741976e-01 7.285963256404450849e-05
5.435117473562559587e-01 7.936962293176451258e-05
5.440321461862611674e-01 9.908809193593873113e-05
5.445933469318922082e-01 1.040981775953140297e-04
5.449477909881200732e-01 1.710698615167353498e-04
5.459949613502715904e-01 1.015447368330169801e-04
5.463268216143621903e-01 1.332288296268563279e-04
5.468362153894059663e-01 8.584492754809510729e-05
5.469647953498204540e-01 7.431293548647402740e-05
5.472170890118310815e-01 7.681276965473725013e-05
5.474982893023220276e-01 6.930105725315389769e-05
5.479436583672049332e-01 9.209000738975929015e-05
5.481796148508444322e-01 9.993603918016768226e-05
5.482262875710232075e-01 8.151171772968158146e-05
5.489430204071406028e-01 7.951633791682913722e-05
5.504176146074073461e-01 7.299692686812197053e-05
5.507814794295301519e-01 8.490412996328566982e-05
5.509599727406550018e-01 1.110725131657427109e-04
5.511794491025630016e-01 6.915404288775963695e-05
5.512419625483950814e-01 7.677223802674726816e-05
5.513159045876188102e-01 1.119760295590697372e-04
5.513433992325372790e-01 7.837736838798354166e-05
5.521557956474588691e-01 7.368309568816596062e-05
5.527471286954056540e-01 1.140027470980426615e-04
5.528836515274281327e-01 8.192675370475751542e-05
5.555850684693763863e-01 8.390468699115879981e-05
5.560775658836613067e-01 9.336989220560152031e-05
5.568863836737193429e-01 9.194595351350903680e-05
5.578300743096220593e-01 7.640201017948436250e-05
5.578660235870087636e-01 6.333061857083075211e-05
5.588687813694657169e-01 8.051201560888366965e-05
5.593573251954633285e-01 1.693331889217274371e-04
5.594547989192192317e-01 8.548797211096617686e-05
5.598247169789415389e-01 8.069601896534707561e-05
5.602698200610908286e-01 8.685845836055572898e-05
5.604356189969285085e-01 1.069682876723896222e-04
5.608775550391977838e-01 1.365889032069639330e-04
5.610888219368227459e-01 7.956214326140392823e-05
5.612824151483782886e-01 7.599594929561988841e-05
5.615911398270496679e-01 7.432079197696438990e-05
5.618043883878820477e-01 7.941165353839538699e-05
5.618658963995425415e-01 8.090870994660580848e-05
5.622173332037712079e-01 1.082603042189103680e-04
5.626926444677278205e-01 7.954506035296473015e-05
5.656507559565255860e-01 7.598035742261160955e-05
5.659015040176124112e-01 8.183641302577931585e-05
5.660782275936210306e-01 1.029983756502766647e-04
5.661868728770714787e-01 1.020746295379032921e-04
5.672180557763574216e-01 9.508399967353050317e-05
5.673482516971708467e-01 8.377395798015779208e-05
5.674166130806215236e-01 9.932007757124489643e-05
5.678115731709101333e-01 8.425732435447209011e-05
5.681631165602956113e-01 7.673117742132614663e-05
5.686109887557367903e-01 6.724089830355172901e-05
5.686346504971229177e-01 5.629681242052717130e-05
5.693817946253489914e-01 6.880920690739759883e-05
5.697746176866913537e-01 6.142594184911995140e-05
5.702474167638087454e-01 5.698863105050859155e-05
5.717109798429461653e-01 6.871763093037402622e-05
5.723434131432673100e-01 7.543229487962015774e-05
5.725401026267861182e-01 1.726668800531999952e-04
5.726571745647838219e-01 6.549582266221417063e-05
5.727859691603058856e-01 5.689665876333504542e-05
5.731496330661393079e-01 7.367602077752706893e-05
5.734611956949179357e-01 5.608241300917707258e-05
5.740773214470061836e-01 6.205189627500083747e-05
5.740930650819016101e-01 7.602753263320390900e-05
5.745501615191520584e-01 8.187139117311346200e-05
5.749070690657969163e-01 7.037645286585253012e-05
5.758816420030434813e-01 8.206132132155252170e-05
5.762061523546339048e-01 7.064983840781009045e-05
5.763721938433681302e-01 5.774356322848443989e-05
5.764664754812282021e-01 8.152302829285378971e-05
5.764719684240823261e-01 7.314883521760917021e-05
5.770961118787083510e-01 6.765559754719296210e-05
5.773157914296767057e-01 9.484639021961698794e-05
5.777772312147743117e-01 7.648490237052656235e-05
5.779945386487498338e-01 6.650361541346031457e-05
5.791074651247717364e-01 6.990723646077559518e-05
5.801627966552621585e-01 5.504353989510967925e-05
5.816513106014880030e-01 7.000189830694205240e-05
5.822362115928596538e-01 6.911276002877126702e-05
5.827292780781706538e-01 6.763175204152199608e-05
5.832948359381583403e-01 7.493060914175930711e-05
5.847710448718632659e-01 8.373519275003852918e-05
5.848478553366207588e-01 7.972685312780103113e-05
5.856282791070668292e-01 6.555189266257058071e-05
5.856513802273161096e-01 5.966950460402095597e-05
5.861732947015562134e-01 5.259630926664934079e-05
5.868410897987650365e-01 5.355376551571477636e-05
5.873214342612425032e-01 6.631843445854465873e-05
5.873492229212667892e-01 5.784547088909338297e-05
5.874425673070233778e-01 8.402168551359464764e-05
5.880535559498358822e-01 5.532064802305812555e-05
5.882420684796050292e-01 4.732526324595505532e-05
5.886179684464969419e-01 8.137571791117626614e-05
5.892888595167795618e-01 4.820610879469934291e-05
5.895387488776017149e-01 6.700564077391567112e-05
5.896134434652889889e-01 7.378739506262125148e-05
5.897622505500843548e-01 6.915932871328526273e-05
5.906724124512647833e-01 5.040729696065690470e-05
5.917934907503705766e-01 7.444316332179573591e-05
5.923095173177231887e-01 5.660503839358802295e-05
5.925620009991445780e-01 7.070282430637886677e-05
5.927859541242852526e-01 5.997176445237000267e-05
5.936746157796962686e-01 8.111352461476569907e-05
5.937918778479017723e-01 5.365229215114496506e-05
5.943412072941561819e-01 5.400100190313907093e-05
5.943866522741996228e-01 6.580148143449570601e-05
5.949146963903134688e-01 6.215786612113028233e-05
5.951748072455198546e-01 6.151509013238434050e-05
5.952085326327495318e-01 6.635701882697889100e-05
5.952461590651362267e-01 8.748469615554157000e-05
5.965461075710263295e-01 5.109589346462875661e-05
5.968408502236520752e-01 5.330374588915387540e-05
5.968588298773280787e-01 5.669662254845100977e-05
5.969646315625698474e-01 5.051386465803051398e-05
5.980832404588196649e-01 4.495479285929345446e-05
5.985840167433122971e-01 5.190461830306170065e-05
5.989567269065070310e-01 6.695273024361682876e-05
5.997999421866092584e-01 4.429097489557041746e-05
5.998151130127876707e-01 5.965630752155055502e-05
6.000075611235463624e-01 4.030795047053535135e-05
6.001580985168700755e-01 5.008936596610414927e-05
6.006665772214886401e-01 5.841270485499909721e-05
6.008423585893345464e-01 4.564274474942577942e-05
6.012376216866346379e-01 5.110635498325966032e-05
6.022200872146187267e-01 6.051353984799362078e-05
6.022336394596775611e-01 5.820806668834802250e-05
6.026029414208005086e-01 6.060060727286171940e-05
6.031087543811024521e-01 5.049350071192843452e-05
6.033766049530936426e-01 5.824639342540290348e-05
6.037312693685534803e-01 4.193995956876685855e-05
6.043584157635424337e-01 4.734967288934255645e-05
6.048748554089468099e-01 6.072217723290149026e-05
6.054750125189608534e-01 5.306032570083084494e-05
6.062583948189468330e-01 4.258243356213717393e-05
6.066146804698414607e-01 6.553416751051666068e-05
6.067945605426388056e-01 6.313962626493749839e-05
6.071926781575014420e-01 6.437412771283960251e-05
6.075681224935561842e-01 4.960206557678280444e-05
6.085222083969780149e-01 5.834210629557137588e-05
6.093684610196863360e-01 5.805282476462314659e-05
6.107751509573999815e-01 5.077623754382690370e-05
6.120055416652410152e-01 4.261423854132410628e-05
6.120106779786658180e-01 5.387142704716366300e-05
6.131268074675444435e-01 5.054532135980568041e-05
6.139489216367057800e-01 7.383649704226841659e-05
6.141067686882644150e-01 5.661464253603778037e-05
6.146257948508985214e-01 5.493155663372494577e-05
6.151426061539477796e-01 5.333396471978485740e-05
6.155272002969365275e-01 5.502858999797831152e-05
6.163304284024702095e-01 6.646834301996978379e-05
6.177084643830286215e-01 6.478172350524769886e-05
6.179316425809666669e-01 4.874022784995760143e-05
6.180368479655228287e-01 5.279169008985609165e-05
6.187281835583408052e-01 4.286571596957665245e-05
6.193639363096707928e-01 4.930888072269998631e-05
6.194955730847774289e-01 4.928239458077918346e-05
6.195476757548964430e-01 5.328593572571932316e-05
6.198991099765606139e-01 4.919222602294393129e-05
6.203496495809828204e-01 4.944042530670057106e-05
6.211643969576483570e-01 4.841324029849027234e-05
6.212879004092062285e-01 4.212626059093519949e-05
6.218966310283328136e-01 4.791269729541258423e-05
6.220655775036239010e-01 4.767340833608013412e-05
6.221208882074630298e-01 4.493884844002287782e-05
6.224377869623300974e-01 4.228239190636350791e-05
6.225503391726013858e-01 3.980548114818677257e-05
6.225572496701572422e-01 5.013562947206391039e-05
6.230968591037696624e-01 4.327553404390671409e-05
6.235175846052851689e-01 3.926946084392423937e-05
6.242632547706810087e-01 4.337314095332608444e-05
6.254869606644199997e-01 5.467288829145680362e-05
6.268275937364260475e-01 5.283335498258611893e-05
6.280067856268931603e-01 5.421155462971692949e-05
6.281791970214622989e-01 4.834966182268914808e-05
6.285108504704775001e-01 3.816154260879010981e-05
6.288754098256860159e-01 4.297688621624003738e-05
6.295600188776094841e-01 4.772909871416204452e-05
6.301054276253504893e-01 4.380886236286081291e-05
6.304000051414782035e-01 3.748415421364342402e-05
6.304620799581341917e-01 7.097093734610286945e-05
6.312302633327065982e-01 5.102736884272373609e-05
6.326713407306008286e-01 4.934662387884300775e-05
6.327584665762396865e-01 4.286679932213990950e-05
6.339790893802820237e-01 4.821176818879149807e-05
6.350136896993230362e-01 3.814068751937405049e-05
6.365342671566407429e-01 4.769667626924921025e-05
6.366696818004237146e-01 4.306220254451952246e-05
6.370503857164709904e-01 4.270375662470097009e-05
6.379040099167738731e-01 4.409500211790427841e-05
6.387600949681069284e-01 4.419157399063175572e-05
6.393512385819254407e-01 4.204900212696088981e-05
6.399376702082421042e-01 4.097885609770672897e-05
6.404117041497223717e-01 3.849333969597714322e-05
6.409628490983986238e-01 4.541030798539681635e-05
6.409679951461551006e-01 4.839383930175541706e-05
6.419679547465545477e-01 4.045446997261496568e-05
6.420615710276210697e-01 4.143453622504792246e-05
6.431560039251601468e-01 6.039750175807446570e-05
6.432307287577571087e-01 3.743825384289401403e-05
6.433133812880994507e-01 4.434627417106758190e-05
6.433472176266823439e-01 3.576633982317800928e-05
6.436933302282331626e-01 3.876548345058362856e-05
6.442525447676088479e-01 4.691001368139420297e-05
6.463846289858851124e-01 4.265069913129561460e-05
6.465436833169706521e-01 4.099399992315601315e-05
6.478748054865812733e-01 3.882177950451960057e-05
6.482608059610607265e-01 3.474783516036632404e-05
6.484579192950907789e-01 4.897805346382176660e-05
6.493047327253270717e-01 3.708047828364863859e-05
6.495224227313848298e-01 4.045465196264216021e-05
6.496830879063931752e-01 3.549767672814706704e-05
6.505085427399713849e-01 3.707567996826886515e-05
6.514570566388685480e-01 3.335514915195132333e-05
6.519753311290994446e-01 3.992175784486823959e-05
6.527576738512342880e-01 4.796259022981770413e-05
6.540966240434222811e-01 4.633964744071417103e-05
6.542793908746284970e-01 3.055321783184962822e-05
6.543848301669731304e-01 3.713413669283548412e-05
6.548514626652602866e-01 6.350682831092791555e-05
6.549346277326848487e-01 3.533870399752765847e-05
6.553324160243281238e-01 3.826636798661038358e-05
6.555850163207893599e-01 4.147120000178802248e-05
6.558186308767921524e-01 4.298430641059880529e-05
6.559821717221016035e-01 3.007115571048878780e-05
6.571513402117911129e-01 3.677815276204031458e-05
6.579998155636662682e-01 3.367448646315553449e-05
6.580467395110262130e-01 3.033707788836859388e-05
6.583741743360499443e-01 3.618022571448847071e-05
6.595267376533078263e-01 3.806323984368525459e-05
6.618483485636514896e-01 5.172691794420618061e-05
6.619117050050412621e-01 3.329972241836062053e-05
6.631802575148093570e-01 3.885020310718475297e-05
6.635162164507597549e-01 4.645758839572609617e-05
6.639393147272406592e-01 3.182378299632224254e-05
6.642659743605362488e-01 3.748268773406407894e-05
6.643661954943038683e-01 3.085456236875845366e-05
6.648487638912186082e-01 4.670551678058697243e-05
6.648527548824987310e-01 4.577566978240704188e-05
6.659568626904089905e-01 4.410778833672497699e-05
6.669032673695440838e-01 3.780307095838993130e-05
6.675403562371012844e-01 2.577311097791311687e-05
6.678512438956716313e-01 2.996811537911356959e-05
6.687025633410282888e-01 3.708238450701453412e-05
6.693372985035275224e-01 3.119673811075404673e-05
6.693994369083323681e-01 4.445588374426916439e-05
6.698710063893545952e-01 3.793705488142938369e-05
6.706083144815649932e-01 3.579698581512302937e-05
6.706385790656572699e-01 4.152413130620272473e-05
6.707232351640399770e-01 3.292674201253323405e-05
6.714757218418027085e-01 4.633479015633147879e-05
6.715049259711147744e-01 3.100044271012883184e-05
6.717415687091561338e-01 3.853553521968908051e-05
6.727296538866464060e-01 3.482887729467579462e-05
6.735572320831200166e-01 4.315023752772157730e-05
6.737125127430034777e-01 2.913633370957652305e-05
6.738702253959969468e-01 3.047053870313049242e-05
6.743882509297933758e-01 2.736603968082639601e-05
6.747063875108412212e-01 2.641908332178136501e-05
6.750399913871588664e-01 6.194258582371199346e-05
6.757792720496433869e-01 3.990274989630824941e-05
6.760433644759544780e-01 5.545893933406694014e-05
6.776858687255644664e-01 3.516622211618217208e-05
6.779161763286880582e-01 2.647091706606459978e-05
6.804833234765673700e-01 3.472838573741135612e-05
6.809729329125553399e-01 3.630530023275991679e-05
6.812188731341646264e-01 3.024969788469345633e-05
6.812668909154875330e-01 2.988892590459244045e-05
6.812760621549185380e-01 4.761477543462836869e-05
6.816965856149495018e-01 3.436827318657379284e-05
6.821726683226247978e-01 3.736761236522884730e-05
6.825154269295898857e-01 3.720368764291306587e-05
6.828462885298030027e-01 2.732329044715805673e-05
6.830064152686792234e-01 3.143083327531118079e-05
6.848058525330479318e-01 3.187950177819712211e-05
6.849543320859116102e-01 4.205342796092838558e-05
6.854697663460519452e-01 3.274604613517748022e-05
6.856301871564246531e-01 2.636257974867093780e-05
6.864076695363533487e-01 3.519846802411297242e-05
6.871330964951527509e-01 3.033599202165706413e-05
6.873799714653646697e-01 2.851249611455840843e-05
6.902296147405910798e-01 2.934615880461636511e-05
6.903601442129884136e-01 2.880606395410223572e-05
6.908796165482011808e-01 3.985765137684679006e-05
6.911249335208127231e-01 3.113138126720225508e-05
6.915690917708998686e-01 3.369159822522123832e-05
6.920064319228138583e-01 3.754468138676618862e-05
6.934276103770368183e-01 3.179061285067882745e-05
6.934847269314613483e-01 3.223719410810125906e-05
6.947349963790593330e-01 3.505148079974594388e-05
6.968324590138861296e-01 3.831050175463186584e-05
6.969433434748983913e-01 2.943721038707959703e-05
6.971158261715683091e-01 3.343033525698043123e-05
6.972263630554165204e-01 4.299952747668292356e-05
6.972696946603664792e-01 2.918363469511639477e-05
6.973182140164571052e-01 3.072753628855846202e-05
6.985807824005978439e-01 2.414092978683445855e-05
6.986220254187177625e-01 3.140797533306691392e-05
6.986333350364529737e-01 3.568814756898587467e-05
7.003962899675693077e-01 3.356362602039198898e-05
7.006039693396867163e-01 3.039466359208053059e-05
7.006704299687258608e-01 2.560353190615674945e-05
7.007188688294572199e-01 3.653903662379284897e-05
7.008896722070220298e-01 2.923819655106546945e-05
7.013974185324410859e-01 3.613923573174265949e-05
7.015837650892136068e-01 3.618299957372308903e-05
7.036876685263163678e-01 2.904151489896694078e-05
7.037385994444930182e-01 2.799018676995786877e-05
7.051867492487435829e-01 2.792250791730203641e-05
7.054384614782870377e-01 3.030523064118516188e-05
7.055078568430439567e-01 2.583219268639853379e-05
7.059495921416172326e-01 5.900520742240960616e-05
7.060974820729020163e-01 3.004364545176847957e-05
7.072544907818318904e-01 2.951359319043085080e-05
7.075418231221499710e-01 3.180259369057213858e-05
7.076137770150259243e-01 2.629618914682354993e-05
7.089105470303584955e-01 3.399383080362315424e-05
7.091807039559967496e-01 4.947697123267343332e-05
7.092183528140686422e-01 2.701003839892636977e-05
7.106616638910111527e-01 2.714932040472099799e-05
7.110118190875476252e-01 3.203567290137145150e-05
7.115242207366055949e-01 3.015764902028401803e-05
7.116144165672404487e-01 2.414957416309081249e-05
7.116965230145350096e-01 2.441720616243484457e-05
7.125704934870997764e-01 2.829329273775907369e-05
7.126195122315944763e-01 3.778190531569479551e-05
7.126652705642299024e-01 2.421561612745089896e-05
7.131025841260628662e-01 2.596153859897118256e-05
7.142853768511181478e-01 2.982777761887594898e-05
7.147481096334650230e-01 2.343912378313041359e-05
7.158749737386130851e-01 3.034134426669815314e-05
7.159927345888742467e-01 2.628732068442407460e-05
7.162912223553237201e-01 2.277542865975436793e-05
7.169477364386761531e-01 1.941089896792207764e-05
7.172256436874950847e-01 2.062361494052611141e-05
7.173064597776763751e-01 2.125983120078734829e-05
7.173731077184387628e-01 2.417638476383159512e-05
7.191370424683373175e-01 2.552606643473172832e-05
7.198930875153145559e-01 2.902305479125088863e-05
7.200070695278331101e-01 2.816501141980385940e-05
7.216488350708319954e-01 2.626136341461685205e-05
7.225687090152300707e-01 2.699529735278382252e-05
7.227851225274166680e-01 3.137104209163533433e-05
7.232135824586801709e-01 2.884988301723712711e-05
7.232683887959989733e-01 2.823290019366524241e-05
7.244234834063500994e-01 2.300149837117840382e-05
7.251954254672794420e-01 2.918911932646516656e-05
7.256042177600172671e-01 2.533776409261345565e-05
7.259357966376264182e-01 2.534203805442800911e-05
7.261407607736998226e-01 2.389597740773151321e-05
7.265096631571342778e-01 3.003073686492480602e-05
7.274542084333209813e-01 2.522493320563813234e-05
7.277701154182861787e-01 2.115553720631181041e-05
7.285532083953519811e-01 1.946950764431924321e-05
7.294866667138510952e-01 2.517600333832745876e-05
7.298092291470640314e-01 2.300923250981224525e-05
7.303255629432278129e-01 2.274228320534209870e-05
7.309304911790807102e-01 2.152003032431980078e-05
7.310706543644350797e-01 3.101581606104694439e-05
7.313034458521998626e-01 2.023350864543525405e-05
7.319653522438951398e-01 2.809794244818257348e-05
7.321393505028560567e-01 5.010710262906542246e-05
7.324299961434120876e-01 2.901622996147040637e-05
7.325262621872782320e-01 2.877060710125672522e-05
7.335798611942818681e-01 2.445066931579462292e-05
7.344721092914833216e-01 2.372802799927591939e-05
7.350437238689443431e-01 2.871894077724348345e-05
7.351829478374579674e-01 2.515985360035619822e-05
7.357262779560199695e-01 2.561131843676549445e-05
7.368203518988180045e-01 2.549116309923877950e-05
7.382413040020252559e-01 3.373203208594329248e-05
7.396861723626713125e-01 2.139516910948518154e-05
7.403642781308242826e-01 2.715037005029791219e-05
7.433689879326607075e-01 2.666132337667863952e-05
7.434885682781393612e-01 2.372286082000250984e-05
7.445604805247877378e-01 2.343752402359296718e-05
7.452416826492909152e-01 2.198323988514536739e-05
7.453932865477622682e-01 2.655835744709825584e-05
7.467866853571391017e-01 1.853820439485214254e-05
7.472380139366753271e-01 3.336621216627157005e-05
7.475089176921541068e-01 2.371620068049182795e-05
7.485791513535073882e-01 1.923685140747394205e-05
7.487273604248738668e-01 1.985116517068028801e-05
7.487877075353092104e-01 1.901528454667485775e-05
7.495566176370814793e-01 2.393206423790126395e-05
7.495578495939991814e-01 2.396378230530915652e-05
7.507111552539782462e-01 2.173142285992001841e-05
7.511516638975190840e-01 2.692142227817204001e-05
7.514125086116977270e-01 2.000128596397451929e-05
7.517528549777428015e-01 2.628018013907641807e-05
7.517660926583733527e-01 2.348012516729124064e-05
7.521304033591583726e-01 2.263462421465876298e-05
7.524582061422449009e-01 2.174543521175707056e-05
7.532519127214294397e-01 2.207762254531796188e-05
7.534879015896807086e-01 1.940510155696842300e-05
7.545629612858438806e-01 2.386164782922672967e-05
7.547669858875918347e-01 1.836788961925480749e-05
7.558698703376164341e-01 2.722635826341090142e-05
7.560547998006053039e-01 1.950929325310653357e-05
7.561402935010578252e-01 1.898686987680968372e-05
7.575653171760002857e-01 3.420596426334202727e-05
7.581219598077791888e-01 2.173138479583393190e-05
7.583171347735535583e-01 1.972280431198115844e-05
7.585867675795706644e-01 2.944947792432561876e-05
7.586574037077420396e-01 2.455168257420198307e-05
7.595105884791291118e-01 3.039704286370626437e-05
7.597291567102678611e-01 2.145080392004657021e-05
7.603270275693778668e-01 2.121454127715475085e-05
7.615064723213419429e-01 2.133029644636442212e-05
7.617917483618981134e-01 1.905525451750480579e-05
7.624509780482532362e-01 2.613873204430550013e-05
7.632756435079642854e-01 2.021759444838307866e-05
7.633857543452094996e-01 2.007848714100081650e-05
7.643898041060974702e-01 2.041536252620082477e-05
7.658476944726746449e-01 1.811262141331316299e-05
7.658757683173216257e-01 2.863326337220312406e-05
7.661549636025253296e-01 2.910603643273032589e-05
7.661931551958053310e-01 1.883407182162580147e-05
7.666754083089438732e-01 2.400633533738823902e-05
7.677635474764807899e-01 2.181816342748440560e-05
7.684073114030555152e-01 2.046961333038424245e-05
7.688440461713199614e-01 1.721116447525548594e-05
7.696758863102987069e-01 1.416214520580457529e-05
7.709376010030707382e-01 1.955100196319929342e-05
7.715482913994924363e-01 2.919475323857928623e-05
7.717561638439262017e-01 2.103684105306529996e-05
7.718092880173325065e-01 1.868135255429092281e-05
7.726387227089152043e-01 1.815997594081145180e-05
7.731261970804419459e-01 2.136903501804079275e-05
7.731432738875992916e-01 2.236452128708557463e-05
7.736101639899228832e-01 2.005776428094135480e-05
7.742958625247620130e-01 1.970624460462910737e-05
7.744747750643907747e-01 1.860087679263726498e-05
7.752822768539061604e-01 1.739654204760377013e-05
7.753542436723134257e-01 2.282941728581989256e-05
7.754785676829236696e-01 1.824364118783369104e-05
7.756174082726597918e-01 1.631855702892203718e-05
7.773984408554783787e-01 2.309632869181637993e-05
7.785957618613934539e-01 2.676137081455952235e-05
7.786560283680897809e-01 2.028594684161400064e-05
7.787514921866129924e-01 2.092819832940871286e-05
7.790058722732774443e-01 1.938578040351236612e-05
7.799253012084217396e-01 1.764704563452898470e-05
7.800734514941287667e-01 1.777762021021023198e-05
7.801104134529844858e-01 1.633108220840858842e-05
7.811695839407604147e-01 2.172813175476325393e-05
7.823067974049082718e-01 1.782688057638427280e-05
7.828661260511399211e-01 1.816745358509282612e-05
7.841784363714308093e-01 2.023245297283300176e-05
7.846296387476262568e-01 1.965224644339147881e-05
7.851380127293188238e-01 2.096656006720536676e-05
7.851639630553475246e-01 1.742328547911212012e-05
7.852853719332025806e-01 2.091001485072911748e-05
7.856992922276399005e-01 2.114205950553228858e-05
7.858995120916202337e-01 2.038656292863925404e-05
7.870610472834002058e-01 1.907984398490851583e-05
7.878589607385889648e-01 1.800273407271005285e-05
7.890217027318143783e-01 1.990463983670649669e-05
7.899377624629423389e-01 1.648288167894915125e-05
7.901316251622427789e-01 1.765036173341819162e-05
7.902903615128528125e-01 1.597014410033193536e-05
7.905377474198118648e-01 2.192354701372002925e-05
7.913106941897285473e-01 1.758988419904847220e-05
7.924696291615470622e-01 2.392788456873245394e-05
7.934330636555424476e-01 1.577242560526800926e-05
7.934511048845709347e-01 1.884525051514023136e-05
7.937145257060383985e-01 1.643482201834884184e-05
7.937270781950092058e-01 1.685102556924004236e-05
7.937871885463800847e-01 3.060577059173914366e-05
7.939705267886203455e-01 1.513638382240348543e-05
7.956030167142204013e-01 1.825852557269365284e-05
7.960900696307915414e-01 1.721102452898439552e-05
7.963583971260662642e-01 1.953827683701571874e-05
7.964909668623865180e-01 1.509284935114500074e-05
7.970224971249662005e-01 2.092598321274150591e-05
7.971310621143764541e-01 1.775682224822854071e-05
7.971648072674255570e-01 2.146877851079352539e-05
7.974658690407688821e-01 1.755643708507942280e-05
7.977315461637602967e-01 2.211675691344960131e-05
7.978534254076943277e-01 1.753939499391997359e-05
7.978990805312655699e-01 2.169128628385901133e-05
7.980432517501576672e-01 1.580777844925022681e-05
7.982248345214514318e-01 1.905770442528181542e-05
8.002958934241598543e-01 1.955780280036302409e-05
8.005237640453378711e-01 1.771211199819314883e-05
8.006948656346596360e-01 1.787016203248815180e-05
8.014007667150648828e-01 2.120736165163647954e-05
8.026336304043709680e-01 2.292413620622159385e-05
8.038613183139980967e-01 2.477850308536239636e-05
8.047418666865268078e-01 1.759888442953814409e-05
8.052242215538107928e-01 1.921660028159926270e-05
8.052501036247446953e-01 1.804575359516152452e-05
8.062545644724433691e-01 1.616584068191451940e-05
8.064015207340867741e-01 2.014255245294282301e-05
8.076045215073440753e-01 1.855061350591307110e-05
8.080824939637868409e-01 1.768619688455328731e-05
8.082845099831105218e-01 2.761267165509321609e-05
8.084823245947586612e-01 1.774043932298268245e-05
8.098482586546869033e-01 1.717750324943432430e-05
8.100302202029320275e-01 2.046307130196404523e-05
8.106720717648225882e-01 1.846046193356717198e-05
8.108953477732223636e-01 1.809271461435085405e-05
8.121364001494081331e-01 1.835836011800530055e-05
8.123767658615624887e-01 1.995712787709730048e-05
8.127936521253688040e-01 3.468762972718931407e-05
8.139707107245341966e-01 1.751400792375007096e-05
8.156939450659772550e-01 1.433104049474749411e-05
8.161079433423614748e-01 1.321923238161194069e-05
8.172990763978954520e-01 2.020645446314277342e-05
8.185009972670072020e-01 1.544780966396926546e-05
8.189387772598113457e-01 1.814827135181116481e-05
8.191211715773750734e-01 1.771028597379842206e-05
8.191359222166741949e-01 1.480815502954949672e-05
8.194780644489338961e-01 1.879683686092540007e-05
8.195131511347550912e-01 1.537511900379452790e-05
8.198536750857581268e-01 1.518547305660758627e-05
8.201335867018996195e-01 1.333896785763208084e-05
8.201963724688274837e-01 2.319533159922898565e-05
8.208086600628047291e-01 1.346130410856645101e-05
8.208680210989839354e-01 1.838865188296594659e-05
8.211087371568995819e-01 1.684664993339643637e-05
8.217580377682635051e-01 1.633893703056487720e-05
8.238071382259232189e-01 1.262526646248101535e-05
8.240745084916937246e-01 1.343141688955213633e-05
8.241409471432510347e-01 1.492041956042522846e-05
8.245005822951931851e-01 1.661465437812229698e-05
8.247333489336453605e-01 1.616786597636361860e-05
8.255873476558692747e-01 1.791568122213962164e-05
8.262066457350737414e-01 1.455659705468112905e-05
8.272113958580636917e-01 2.082292487088308684e-05
8.276923402193263613e-01 1.601542693682349845e-05
8.277236324767978104e-01 2.389163657602772571e-05
8.277420969939177642e-01 1.706568509445503655e-05
8.278589347807392418e-01 1.521724590363786402e-05
8.288497808735906247e-01 1.882520348771903889e-05
8.293362358709853721e-01 1.556228434214764739e-05
8.304448892867424270e-01 1.454794204657895669e-05
8.321534669704349074e-01 1.777440581090643720e-05
8.322528347895503664e-01 2.062573737142808694e-05
8.324073574054579039e-01 1.235922741664156192e-05
8.328092041076859964e-01 1.392419631989453743e-05
8.333063008640155811e-01 1.322647094490322931e-05
8.355740402001750056e-01 1.786233717517615567e-05
8.359849638565314267e-01 1.513690015469636040e-05
8.362912934756880912e-01 1.569114037923386118e-05
8.366046374483017134e-01 1.463114792341793608e-05
8.367019427409210230e-01 1.619202584712552308e-05
8.370901484580298701e-01 2.117685383334619103e-05
8.377035219796437060e-01 1.614237295502103528e-05
8.379173407572648724e-01 1.606298947131513418e-05
8.383534701548138734e-01 1.475493348856240732e-05
8.390275708950351019e-01 1.299183846841869014e-05
8.401230426317439770e-01 1.216659345484549715e-05
8.402215092242706351e-01 1.568350368372385803e-05
8.403335834026651741e-01 1.266703240217853297e-05
8.411967012127460341e-01 1.418950818718335171e-05
8.426857062355057604e-01 1.457689040699817948e-05
8.427119888958162219e-01 1.388407857537364622e-05
8.428937148292074966e-01 1.600173698274092528e-05
8.429314127247214961e-01 1.478542196525551076e-05
8.432487424787672436e-01 1.535913399697526538e-05
8.433253772577181673e-01 1.381725120347137802e-05
8.452546170197620112e-01 1.382377231872077449e-05
8.456026236994216294e-01 1.336201664202596849e-05
8.457708834920119045e-01 1.843966106936800273e-05
8.460451096659853398e-01 1.549974766205431293e-05
8.471569655686228550e-01 1.241612661781681325e-05
8.471882754602567678e-01 1.635976272805302252e-05
8.473553413628372999e-01 1.298508781264362458e-05
8.485384734383595307e-01 1.530351949383703582e-05
8.497353090104210471e-01 1.456911267172699556e-05
8.499403902920831255e-01 1.428975583542715612e-05
8.499757627325960074e-01 9.934234746849832546e-06
8.515290969828169798e-01 1.642371649103558108e-05
8.515996033796283671e-01 1.544675138268242659e-05
8.533162350938319207e-01 4.597662809683927734e-05
8.536656927692041208e-01 1.658954747518525934e-05
8.541001133429900749e-01 1.511774112020625527e-05
8.570372314219367738e-01 1.980286811284007808e-05
8.574946770213978109e-01 1.088052992972232417e-05
8.577196632619157324e-01 1.257764278186996694e-05
8.584952503433465054e-01 1.299917261967814970e-05
8.595654272561682463e-01 1.409237431111682071e-05
8.603507278666351343e-01 1.516765735829572055e-05
8.605194743913165967e-01 1.533533043659980629e-05
8.605613702901112605e-01 1.682356553781406302e-05
8.617025125568446020e-01 1.452203430198711087e-05
8.620291695421543610e-01 1.182015641260029118e-05
8.632157838995052623e-01 1.314822327477278553e-05
8.632265530205506243e-01 1.540973396025107028e-05
8.637738371797700765e-01 1.724728004715467177e-05
8.645786900636164285e-01 1.550230820810808132e-05
8.653143083745115094e-01 1.309633625836276589e-05
8.653708353001531295e-01 1.416009255252282542e-05
8.657527059210158304e-01 1.219145299605374788e-05
8.659175736753862429e-01 1.333959455105095705e-05
8.662477204730838487e-01 1.340909991953387247e-05
8.670096701965651631e-01 2.204500297241331739e-05
8.683075055942603981e-01 1.020181876199207809e-05
8.693525249081370809e-01 1.399749398381167198e-05
8.697971249627319823e-01 1.398467929393022034e-05
8.703046072887677953e-01 1.690080444798593425e-05
8.715154110842286972e-01 1.371347361765455782e-05
8.723116171913518624e-01 1.487754015649268671e-05
8.727196750679999671e-01 1.276446325472057118e-05
8.732376994250037328e-01 1.683482066314420677e-05
8.733191594573059824e-01 1.216660810283728240e-05
8.737391315562065275e-01 1.560570461402139642e-05
8.743125180452149259e-01 1.668580136952076069e-05
8.752101517645675122e-01 1.073087261268789515e-05
8.754190767948114571e-01 1.165669522301343718e-05
8.757319467863524665e-01 1.061519280549877247e-05
8.760762168654594451e-01 1.328772856327943216e-05
8.776946390851275703e-01 1.503895264733976629e-05
8.779823634742027760e-01 1.097861657013289183e-05
8.797604928949174230e-01 2.085132370627908462e-05
8.807600225677179040e-01 1.505673909411513287e-05
8.813835978559380058e-01 1.251961083551060923e-05
8.823962730813068589e-01 1.641731734266457945e-05
8.824427647657170359e-01 1.463835906636742834e-05
8.824596611956203596e-01 1.272873823570152506e-05
8.824874572229103320e-01 1.428908680065424453e-05
8.825294957011742270e-01 1.383227153691095999e-05
8.833424326036610763e-01 1.069771657428568840e-05
8.837117444110348385e-01 1.332294864918210079e-05
8.865547564507114675e-01 1.178419713589563661e-05
8.867466843885398742e-01 1.294023859568430832e-05
8.878441941399368709e-01 1.190334009672643388e-05
8.879037723174824093e-01 1.590617487943489413e-05
8.895380796756704456e-01 9.967036798242499078e-06
8.900568329817631907e-01 1.105382993714166755e-05
8.903674986870535601e-01 1.527894247396477536e-05
8.917305311184626770e-01 1.062261834748687741e-05
8.918044379020720891e-01 1.259575536868657489e-05
8.918425666063549695e-01 1.286249825453027895e-05
8.921405581389019179e-01 1.195316806912759225e-05
8.940594025318733262e-01 1.025375780747658047e-05
8.941254527996278512e-01 1.133286158482896143e-05
8.944738676941378364e-01 1.229872177955892994e-05
8.948423376465409751e-01 1.187929796612460739e-05
8.954256030499032626e-01 1.027142527620282059e-05
8.963018966702548385e-01 1.342914921313181484e-05
8.969443044109719487e-01 1.297370344107066972e-05
8.972545856797597974e-01 1.088278384874147748e-05
8.987491860396633614e-01 1.223675909653558163e-05
8.988442716308953084e-01 1.128002902894812490e-05
8.993437655866288738e-01 1.181945329598844231e-05
9.006326230087083884e-01 1.126476078330532897e-05
9.009191683429980113e-01 1.313167819399772432e-05
9.019093511878827352e-01 1.143310746852970333e-05
9.020689470333884685e-01 1.048509998959325050e-05
9.033487758864655603e-01 1.099384612739399295e-05
9.044385080396833976e-01 1.308621606945549442e-05
9.045706257725041333e-01 1.172346593489458702e-05
9.048010489939672940e-01 1.062847428571123723e-05
9.052776124927343071e-01 1.724239145057201869e-05
9.055363691681729277e-01 1.157749323476298052e-05
9.057982900707693963e-01 1.348759259354180798e-05
9.061812505426883879e-01 1.109376529140484275e-05
9.064163133141174278e-01 1.390016564685392909e-05
9.066071361953270680e-01 9.547659243537882589e-06
9.084909994612500039e-01 1.070170279514990412e-05
9.107339796042923652e-01 1.031716693743789391e-05
9.116089706790287961e-01 9.803527241504325385e-06
9.125670126390660331e-01 1.033194685298735099e-05
9.132617402617139168e-01 9.747408196086493635e-06
9.133958912400476082e-01 1.062663646813881745e-05
9.135285779741686429e-01 1.322589089862508119e-05
9.139558747887777113e-01 9.597079214873174258e-06
9.143418177677572478e-01 1.107791044620121040e-05
9.145142916851720649e-01 1.196793930566645142e-05
9.157225986433924492e-01 9.371320847888348128e-06
9.157405079458197372e-01 1.139224304754396619e-05
9.163934275448645250e-01 1.018761445692310626e-05
9.171567977684061956e-01 9.627831442529868962e-06
9.177974869167576655e-01 1.061905521237671140e-05
9.186420786885147738e-01 9.855601274028218364e-06
9.188281397987017041e-01 1.144457045494894822e-05
9.194976566195678380e-01 8.770079232568442275e-06
9.198647862487081550e-01 9.239014486615961728e-06
9.210048202563387854e-01 1.316652609659961109e-05
9.211958836562748054e-01 8.448644845189340485e-06
9.212484425345516259e-01 8.833578725895935779e-06
9.214109408073097862e-01 9.129115174104196660e-06
9.214551732894498137e-01 1.374561550401986596e-05
9.214551962111773298e-01 8.603634092247356162e-06
9.223962878374378782e-01 7.517554180418859535e-06
9.224663858458953536e-01 9.217203963803564598e-06
9.239730341440944850e-01 1.178929262280540346e-05
9.242104056170665771e-01 8.664747849891907543e-06
9.244608144856655274e-01 8.492347043363140455e-06
9.257764741795035945e-01 1.184433676229133231e-05
9.259348316295514802e-01 8.937061425289848419e-06
9.264126933459785329e-01 9.517642641565307390e-06
9.267036455316203236e-01 8.690296523299244699e-06
9.274253635883721314e-01 8.101347752948849111e-06
9.274417055991313052e-01 9.676596330952507027e-06
9.278896092715658295e-01 1.073914455087696820e-05
9.286134403165839935e-01 8.676965891230629428e-06
9.296626611093511405e-01 7.720744439514943083e-06
9.304759131152959828e-01 9.674053552348710244e-06
9.307002648089676144e-01 9.335528689226223878e-06
9.307838671467171254e-01 1.063804509499133680e-05
9.327715912000148490e-01 8.902412201609883406e-06
9.336156155157161463e-01 1.353478843008057078e-05
9.339339634321596195e-01 1.008153065430151702e-05
9.347740870837453198e-01 1.305302258054547097e-05
9.389512395907044784e-01 7.685052482532115959e-06
9.390827577522268266e-01 1.017327385260849162e-05
9.394648458265230095e-01 1.020086383343694154e-05
9.398194848351224540e-01 9.547009544827766471e-06
9.405856716625501379e-01 8.127207824312640167e-06
9.406325883360995288e-01 8.695830604353121558e-06
9.406776370770131290e-01 9.119759936436656341e-06
9.408285703020938806e-01 9.860535485071751047e-06
9.412073656345374406e-01 7.963644172390774427e-06
9.420180209799184912e-01 1.051651514360854024e-05
9.420780467823023363e-01 1.051084391677128774e-05
9.426199349899083701e-01 1.096032159675934122e-05
9.426518599991929870e-01 9.818605342114515046e-06
9.438858678323404083e-01 1.011967377168876029e-05
9.441348890786607218e-01 7.619631166106534344e-06
9.458403663130862116e-01 1.305525731761803360e-05
9.460292909597398658e-01 8.848563373818904980e-06
9.495974240285259826e-01 9.734663259997958093e-06
9.496105364982380115e-01 9.023911264191710981e-06
9.515794442779729190e-01 1.052607905010797545e-05
9.517005596873622242e-01 9.213495784614937365e-06
9.519468492252499692e-01 9.950660391214951838e-06
9.528085255037082035e-01 9.149233519843630988e-06
9.538184942969710756e-01 9.173264750744092338e-06
9.550412818840131601e-01 7.688173195679071182e-06
9.558268326114394142e-01 9.996621386354808127e-06
9.575162771029016584e-01 9.716153355003192177e-06
9.587845143020494731e-01 9.377494773115990144e-06
9.590989478877038898e-01 9.662271045590626448e-06
9.595489101525911391e-01 9.835045765990833475e-06
9.596054669769770173e-01 1.061125913056553354e-05
9.597523134521388499e-01 9.975577026082340211e-06
9.603623961970878531e-01 1.064514588504137613e-05
9.614684484823822208e-01 9.434258625148240696e-06
9.616877596758547364e-01 8.516346180978917152e-06
9.618370546331386217e-01 6.916115696713921638e-06
9.622781171248721011e-01 8.748049081564023558e-06
9.623633859517275457e-01 8.340028915550382261e-06
9.638649987662334384e-01 8.306103818145210309e-06
9.647964509468743843e-01 6.773754214231153157e-06
9.650414689531116030e-01 8.610056164683761167e-06
9.654436634018429553e-01 7.463613898366146310e-06
9.665874152526453544e-01 8.388788609978531128e-06
9.672094619991062903e-01 1.065794671358315296e-05
9.672111042701285744e-01 9.536759456276432801e-06
9.676490838386405668e-01 1.202141077662782836e-05
9.688308995673452495e-01 8.678474729483721164e-06
9.691520049179340734e-01 8.987510072554157791e-06
9.695746222620034160e-01 7.397087892401890447e-06
9.702050187950228555e-01 9.756326281081061075e-06
9.741621878547207514e-01 8.216613859907991166e-06
9.746243135950466430e-01 9.845396788179825516e-06
9.748103663504465999e-01 1.010717759443492962e-05
9.748962065510580199e-01 7.622479951576964203e-06
9.757601897470963292e-01 1.092182920313833015e-05
9.758715804217489298e-01 1.076785040388773419e-05
9.760055825878836133e-01 8.923326345199338969e-06
9.760208720169890606e-01 8.372853010776085814e-06
9.779979628865547170e-01 7.882099163003343159e-06
9.782740841861339298e-01 7.285322899298271322e-06
9.791403974790472420e-01 8.292527305371607819e-06
9.830302868690345974e-01 8.716612251593647466e-06
9.837033127466559002e-01 8.011088985107260214e-06
9.838720974217525228e-01 9.340636095467157461e-06
9.853274821947394235e-01 8.392397911476189265e-06
9.854778960361861850e-01 9.920467275898958728e-06
9.855088598665502353e-01 8.083779331020536410e-06
9.855780764300807739e-01 1.054118228071983154e-05
9.869170297082504595e-01 9.326237795974660219e-06
9.883821693458861857e-01 9.982006595234533037e-06
9.900810501793486651e-01 8.416634773297166955e-06
9.924176174151393415e-01 1.156176501561020320e-05
9.924479692708985112e-01 7.913393366772146113e-06
9.928404607738616772e-01 7.819912092800398391e-06
9.929608218415856280e-01 7.711870887349888740e-06
9.929681487529586903e-01 7.992043225992303632e-06
9.934131521003878307e-01 7.573220640558023704e-06
9.934549539982618915e-01 9.021228485452313065e-06
9.934608488547383986e-01 7.902376620055131078e-06
9.939449604966814622e-01 1.073212193839077598e-05
9.947635426632043254e-01 9.832438363105590719e-06
9.950667508353204793e-01 8.032598332383188660e-06
9.955298087831176979e-01 7.181246346667883936e-06
9.955790930363936919e-01 8.315261315655162402e-06
9.960570224441447351e-01 7.242262797062042340e-06
9.962776558405623817e-01 7.972684059485707968e-06
9.967375994868625799e-01 7.292875993765927567e-06
9.969320172775132383e-01 7.985221232271296342e-06
9.974650510894317312e-01 7.347884814355709536e-06
9.975013882326725367e-01 6.619519461568867408e-06
9.978819922711139601e-01 6.672737479116028037e-06
9.979275650742791548e-01 8.369160798183440810e-06
9.982724057316860744e-01 7.720244335429883408e-06
9.989605302441112444e-01 7.778444827554511828e-06
9.989941844905413371e-01 8.452493956396801541e-06
9.997077751870161455e-01 1.007773736132390412e-05
1.001708001714421314e+00 7.303012098906505512e-06
1.002268885899288753e+00 8.488387847860880641e-06
1.002667415978847121e+00 8.322459660385720311e-06
1.002704572242375969e+00 7.675394899158966537e-06
1.003372698048585310e+00 8.201574986234086092e-06
1.004201606236607036e+00 8.556582173449075668e-06
1.005313547445210842e+00 1.019708804420072012e-05
1.005388512694058267e+00 6.653153088042655064e-06
1.005754294468809595e+00 7.726053047613040158e-06
1.005855867356677091e+00 7.270106407878614695e-06
1.006566771226154344e+00 7.810768545700793943e-06
1.007046353681842144e+00 6.613141357035049630e-06
1.007085358946268050e+00 1.017903454535469561e-05
1.007124820468859649e+00 8.150951603832266051e-06
1.007261922424191214e+00 1.245625405182707171e-05
1.007482165166281751e+00 6.759428714596571027e-06
1.007796076406592301e+00 6.901450485552524430e-06
1.007990036438180415e+00 7.516375000241779299e-06
1.008305400984909062e+00 6.767850927449056639e-06
1.008335718691223848e+00 6.919352125329517901e-06
1.008402349098946216e+00 9.862212727863552947e-06
1.009923622276089672e+00 7.485734584335754810e-06
1.010161274321060620e+00 8.961587625195338707e-06
1.010218968270211626e+00 8.931730675474047033e-06
1.010654790244039258e+00 9.929577792064794305e-06
1.011345818085623405e+00 7.517408217588448046e-06
1.012336615162038989e+00 7.795211418274240517e-06
1.013765904868335399e+00 8.440784950674760394e-06
1.014791988274769352e+00 8.001527716246843741e-06
1.015146023231179084e+00 8.302548043274564482e-06
1.015754393048715398e+00 7.490432375432471854e-06
1.016241495437565590e+00 6.735877214736216362e-06
1.016408598279883613e+00 8.381966636692249594e-06
1.016879221258361721e+00 8.905948600127884871e-06
1.017133615966991478e+00 7.616022785006642828e-06
1.017354540005611652e+00 9.730422698990693131e-06
1.017542736772833134e+00 6.624952390877340185e-06
1.018211343870876417e+00 7.497630150952671831e-06
1.018791424634055032e+00 8.796999804038352317e-06
1.019506636660269860e+00 9.152241943826064239e-06
1.020093948303965492e+00 7.458088727878572308e-06
1.020370079502319394e+00 8.473989470598644575e-06
1.020622818445663160e+00 1.013422969188676527e-05
1.021830833116607273e+00 8.795062302425908198e-06
1.021856296712437162e+00 5.967417763309177177e-06
1.022994185646428633e+00 7.341542823538997502e-06
1.023421215255874817e+00 1.013001780294319277e-05
1.024047968118156682e+00 8.811830578234518672e-06
1.024198028972390873e+00 8.856942782959319272e-06
1.024909464053249231e+00 9.626717392011964415e-06
1.025898611848907072e+00 8.710184439849267461e-06
1.026787237405450304e+00 6.970917928248003897e-06
1.028339769191646491e+00 5.821835713170100473e-06
1.028670361994341587e+00 7.364256013817391398e-06
1.029185728704512304e+00 9.282851829362238883e-06
1.029568854814290502e+00 8.482358956781905503e-06
1.030060598900510049e+00 6.176116423666496351e-06
1.030406333586282308e+00 7.990950353479163177e-06
1.030776899143650560e+00 7.782354920753254722e-06
1.031264654511599321e+00 7.268361370493274715e-06
1.031583571471278882e+00 8.104823532521169332e-06
1.032001282309904511e+00 8.134029945940867321e-06
1.032137621259434868e+00 7.118267046694975490e-06
1.032487037880482239e+00 7.890475248774571064e-06
1.033043829376010692e+00 8.717672582533426037e-06
1.033127488275265904e+00 7.804836974747618260e-06
1.034385060148003133e+00 7.467750370454658549e-06
1.034668568996740756e+00 6.672005079608192661e-06
1.034994237648829252e+00 8.281110308365531055e-06
1.035502814937956151e+00 6.705279343604041342e-06
1.036324208808958591e+00 6.681053565370991413e-06
1.036568114395255868e+00 6.121909334174221095e-06
1.037310446000296205e+00 9.192041772549143904e-06
1.037321782373605616e+00 7.888920261630470859e-06
1.038263192046559480e+00 1.137781793553884518e-05
1.039338303040385769e+00 7.920905298890677375e-06
1.040598535572903938e+00 6.738485061246192523e-06
1.040779609792060079e+00 6.381632616043724440e-06
1.041829167994295702e+00 8.547633573445702636e-06
1.042279263949103862e+00 7.165422254280160892e-06
1.042539759768123186e+00 7.772575847930479322e-06
1.042731558164737171e+00 7.521995478183122645e-06
1.043051513114519935e+00 7.558661343297747543e-06
1.043103204548160967e+00 7.941045919948469477e-06
1.043552019365041161e+00 6.672671800160158537e-06
1.044159258466847762e+00 7.481102778344780479e-06
1.044261343484778504e+00 7.630536803960752022e-06
1.044433121551566090e+00 7.194294391565327122e-06
1.044479584721696996e+00 9.520024609182108828e-06
1.045552341653374517e+00 8.480414673167645096e-06
1.046857823311649227e+00 6.236547982618842393e-06
1.047198895936474639e+00 7.009116438710282934e-06
1.047380810059048040e+00 8.134232530280553438e-06
1.047628685964687278e+00 6.078994327926068758e-06
1.048403111346162264e+00 7.859284936615279507e-06
1.049984496542571311e+00 7.774048514193080349e-06
1.051001750414520375e+00 6.055030878359772201e-06
1.051450208021652344e+00 5.333098892095672823e-06
1.051594796831579748e+00 7.212518150768462978e-06
1.051757616335146528e+00 1.081714025899523436e-05
1.052436603307888907e+00 7.697167045338091894e-06
1.052640173809929580e+00 6.025903235190779099e-06
1.052852535891573238e+00 8.517394197193123501e-06
1.053391827359332344e+00 7.528461783461414387e-06
1.053606306476460253e+00 6.114167800113596359e-06
1.054721726853239838e+00 6.440268226537447197e-06
1.056414804843756716e+00 5.761582479456638531e-06
1.056586728998289981e+00 9.888549198371312368e-06
1.057296808976229796e+00 6.855560835326289344e-06
1.057344275440427639e+00 6.464048517127121001e-06
1.058049601023647535e+00 7.550189581003017497e-06
1.058173470818304374e+00 7.901365102578659133e-06
1.059967523221755581e+00 9.472916744495723637e-06
1.061793956388377369e+00 6.217917064312444480e-06
1.061974577178949053e+00 8.265232938563326804e-06
1.062446586411847305e+00 5.954255115841377119e-06
1.062799705798626038e+00 7.024498033283628347e-06
1.063807829824474860e+00 6.218254354687608267e-06
1.064656935610273747e+00 5.667426997359481351e-06
1.065700652087409050e+00 6.558645200742625801e-06
1.066040461309442078e+00 6.130682956098447276e-06
1.066811613253520363e+00 6.731418708433315095e-06
1.067264137520287814e+00 7.803948442987668484e-06
1.067286862998423347e+00 6.517126606093287116e-06
1.067912714671238161e+00 5.121738518657508253e-06
1.069007865500350096e+00 6.403262004662200176e-06
1.070887833553683555e+00 5.463576020957641395e-06
1.070991863941273659e+00 5.707019992414096882e-06
1.071168892258366201e+00 5.484821289770754268e-06
1.071719395471740999e+00 5.950714220696700655e-06
1.071909628089060540e+00 7.100809453149654776e-06
1.072394791553909377e+00 6.874419696407062084e-06
1.073077149502065453e+00 5.453321892251053106e-06
1.073600738126615051e+00 5.479094825231090019e-06
1.075875628622616764e+00 5.928523890185642643e-06
1.076404732381813556e+00 5.780670757964174315e-06
1.077273279927734695e+00 8.283812360383130093e-06
1.078276047561166795e+00 6.411959267386415079e-06
1.078477763627528008e+00 6.801270867097676335e-06
1.079782849919903365e+00 5.795920711718918492e-06
1.079848026398025018e+00 6.013492495057181171e-06
1.080276750193237989e+00 6.889139966672957680e-06
1.080363285584214239e+00 5.939995743390680608e-06
1.081986709484066722e+00 5.444649817547251164e-06
1.083220000244932368e+00 6.631235420010761853e-06
1.085617667707305278e+00 5.950540235139112010e-06
1.085997886048102545e+00 4.840979515752230713e-06
1.086649074186040176e+00 5.874355404786667918e-06
1.086755700467897823e+00 6.204327068375259712e-06
1.087250321766536354e+00 4.355114696512479471e-06
1.088246509265480277e+00 5.185683347406004924e-06
1.090587169678961521e+00 5.645235857338205556e-06
1.091291802451994197e+00 6.691468290498289334e-06
1.091346209868153005e+00 5.472517214103695986e-06
1.091446434151764233e+00 7.146884396169466585e-06
1.093462856246384174e+00 4.703798597959503318e-06
1.095366734665284003e+00 4.462241392910846332e-06
1.095496671102893727e+00 5.604609410658677094e-06
1.096403941451635999e+00 6.344572688219092084e-06
1.096727632102662664e+00 6.612432862509710954e-06
1.097542065451024396e+00 5.479303421984601068e-06
1.097840044227994971e+00 5.214968098281981655e-06
1.097986477738674971e+00 5.857588663578713766e-06
1.099410097390272067e+00 5.469865812176442891e-06
1.099416572918451740e+00 5.743040449201798388e-06
1.103661101958461010e+00 5.880885878011535434e-06
1.103835868583268542e+00 4.878381487101700738e-06
1.104504903531224880e+00 5.820676220498428649e-06
1.104665645770994908e+00 6.449763889314220680e-06
1.104696990381148547e+00 4.790940451606582779e-06
1.104760385986070848e+00 6.224413426842588846e-06
1.105563349128073858e+00 5.919151418784447128e-06
1.106254839816160906e+00 6.067552725931362354e-06
1.106957280033526558e+00 5.486396639698222689e-06
1.107207288040814808e+00 4.351202668449333921e-06
1.107243206699722426e+00 5.826554487999195649e-06
1.108224067568636340e+00 5.105961264610855593e-06
1.108656635598147977e+00 5.867936617883724215e-06
1.111128629977256477e+00 5.161579816190465841e-06
1.111142611040331740e+00 6.300627107563727154e-06
1.111738051626272039e+00 4.637548198836561708e-06
1.113183528822290214e+00 4.932114526306334691e-06
1.114316120940667787e+00 4.496310027220239258e-06
1.115534120154573428e+00 4.882820652035186622e-06
1.115920163736338955e+00 4.948311498899700303e-06
1.117106214432805888e+00 4.695927081730733301e-06
1.117320543298039537e+00 5.439319763210108605e-06
1.119488378917889104e+00 4.956881743012300060e-06
1.120682023638400970e+00 5.042806615807917163e-06
1.121130242023354651e+00 5.086788903847249180e-06
1.121617114594753106e+00 4.866004370487567464e-06
1.122303182562563784e+00 5.349612467465453928e-06
1.122487546574945538e+00 4.192049000230541754e-06
1.122949440003371935e+00 4.537946927426707111e-06
1.123053970106767441e+00 4.389940653893088749e-06
1.123869969408014979e+00 4.762062545185006059e-06
1.124786514497732037e+00 5.473612268390387769e-06
1.125093215834612526e+00 5.072590292280664661e-06
1.125710560668047311e+00 4.585144219022857124e-06
1.125982856194882809e+00 4.528475876375677831e-06
1.128174727278510980e+00 5.078400227621395681e-06
1.128189211696484007e+00 4.294748484290814204e-06
1.128677584871820239e+00 4.544660178926969190e-06
1.129595275935118659e+00 5.847424561645433773e-06
1.130983946996479306e+00 5.678394084036538307e-06
1.131129193232323527e+00 4.185670802816751701e-06
1.131900221844395205e+00 5.111620437598196504e-06
1.131907303844249535e+00 4.259708958118074431e-06
1.132245336300712335e+00 4.520061829991597392e-06
1.132296556918860775e+00 4.875376993988981081e-06
1.132680333923579585e+00 4.646427231051663389e-06
1.132953154738839396e+00 4.816201681790646180e-06
1.133035944612588386e+00 5.781928569314713659e-06
1.133629117540753573e+00 4.784839893347132835e-06
1.134221659055977716e+00 4.564234476473518078e-06
1.136624680820450983e+00 3.903557850277390987e-06
1.138262068354277678e+00 4.795772649727303242e-06
1.138539740766044916e+00 5.437404087846456886e-06
1.139023711146561313e+00 5.295734467670237430e-06
1.139051447570873066e+00 4.430359085619292566e-06
1.139587938124518196e+00 4.639744414731923061e-06
1.141324893931155549e+00 5.907073489518338025e-06
1.141364701352947097e+00 4.195082225923913124e-06
1.141839582696433819e+00 4.758555450221876496e-06
1.142995368944061063e+00 4.012605580915180814e-06
1.143300967111061439e+00 5.060164181717724728e-06
1.144567104523958045e+00 4.032517427896957642e-06
1.144584912086670458e+00 4.338120053832618800e-06
1.145099438086024435e+00 4.128569556264863657e-06
1.146605454207452190e+00 4.623393626062089237e-06
1.147467398766686575e+00 3.521501589686222281e-06
1.148779720532258297e+00 4.152294846065430095e-06
1.149020223700062848e+00 4.176612788029823366e-06
1.149184896695675917e+00 5.040228485498441123e-06
1.151131880893637716e+00 3.689098869411419566e-06
1.151844459658920128e+00 4.328458188178416148e-06
1.151882814237843222e+00 4.627855972892152000e-06
1.152349315077561664e+00 3.496119002678412379e-06
1.153296756086769737e+00 4.398558815587804348e-06
1.154324544982138434e+00 4.336909912202334459e-06
1.155463699075224726e+00 4.128803793564053495e-06
1.155856190864486210e+00 3.892461057496439318e-06
1.155960389025067814e+00 5.573661943083310146e-06
1.157001341599753319e+00 3.817229658177961906e-06
1.158601773811224422e+00 4.707010063404098849e-06
1.158870356421409120e+00 6.297001329079546633e-06
1.159262643037927365e+00 4.601735263112730808e-06
1.159356476017878501e+00 4.079032619207555354e-06
1.162006174135767456e+00 4.398725344116616479e-06
1.162473308623906521e+00 4.474587421737904090e-06
1.164028658261701210e+00 3.849049406972997528e-06
1.164322828461388015e+00 4.586109745988856019e-06
1.165351250589649501e+00 3.944489502087407367e-06
1.165966628608756883e+00 4.422654260381012058e-06
1.166983318034598760e+00 5.586876508296374018e-06
1.167023495129047461e+00 4.224130009696163508e-06
1.169302321725415705e+00 4.434172418769859289e-06
1.169479532886553708e+00 4.820287519446630705e-06
1.171177651340510550e+00 4.083283550016335222e-06
1.171397557885745844e+00 4.316672052335780324e-06
1.172032442400722685e+00 3.960900809966313319e-06
1.172359683821011966e+00 3.436787705949529061e-06
1.172388356313334823e+00 3.731727328402813526e-06
1.173727109972127591e+00 3.669767579212159542e-06
1.174667622471679440e+00 3.262977484039190936e-06
1.175316440774171634e+00 4.637061460470677145e-06
1.175544512748357029e+00 3.967341338294147369e-06
1.175622417251582563e+00 4.459010334014371188e-06
1.176016918787599064e+00 3.602148331928876109e-06
1.176852345066227157e+00 3.784458196295616949e-06
1.177069108411896048e+00 4.425486441587162887e-06
1.178648540300162750e+00 3.602694007970323045e-06
1.180424503368977973e+00 3.497823543137407542e-06
1.181016108973630185e+00 4.109391496513418493e-06
1.181205529821286015e+00 3.803276883640452381e-06
1.182279734131849169e+00 4.595335017583222144e-06
1.182656776606549220e+00 4.382206719952561043e-06
1.182738188061576823e+00 3.367919105213047984e-06
1.186933991056245530e+00 4.360671944379477856e-06
1.187285017392968989e+00 4.450379890394916713e-06
1.187708897023867172e+00 4.046695716956695619e-06
1.188058986569887621e+00 3.693038350657374261e-06
1.188674667018324360e+00 3.909756318640226858e-06
1.191152986513436041e+00 3.787504979556555395e-06
1.192863718798199191e+00 4.551634306022473800e-06
1.193317557627181502e+00 3.418221120342489413e-06
1.193351548859765021e+00 4.142157413982062189e-06
1.193626489023346560e+00 3.485598714661241271e-06
1.195463148715829149e+00 3.479356216145082007e-06
1.195992790811380324e+00 3.412620246331063794e-06
1.196362633926175922e+00 4.298522331018595991e-06
1.196810408530482706e+00 3.310098335774329432e-06
1.196830319339648119e+00 3.829482588237665032e-06
1.196864921750441457e+00 2.923102605651389555e-06
1.197024927945023132e+00 3.299815234829568121e-06
1.197415296886441549e+00 3.506144035628813067e-06
1.197467462879763245e+00 3.514276844120764696e-06
1.199402764778336516e+00 3.434842569795572168e-06
1.200208481618632250e+00 4.209164168357034457e-06
1.200808747265118104e+00 3.475726076282146849e-06
1.203064298011901734e+00 4.606420861647784359e-06
1.204413399411305097e+00 3.769755866793521734e-06
1.204948657854965743e+00 3.769442184077704253e-06
1.206087233620725785e+00 3.403145290500107142e-06
1.206205527733462235e+00 3.221289665974237884e-06
1.209286733057890917e+00 3.994483420305814506e-06
1.210233777543570532e+00 3.678948289832946139e-06
1.214760457234970614e+00 3.012413429651838927e-06
1.215219263325772570e+00 3.122498340736438901e-06
1.216706901586913414e+00 3.602561666043796787e-06
1.217249210511253565e+00 4.148193332384864137e-06
1.217988925280833357e+00 4.449296442176431373e-06
1.218237285965582117e+00 3.744183016702498517e-06
1.218920154780543719e+00 3.024021969165767463e-06
1.219901276766076625e+00 3.318364433588747942e-06
1.221148390369939829e+00 2.991742621745064586e-06
1.224251014115443459e+00 3.933452770989121980e-06
1.226421246860951886e+00 3.134122489658813688e-06
1.227146552420201875e+00 2.863286458201159288e-06
1.227793781444552534e+00 3.098851312408948016e-06
1.228332240911698792e+00 3.234121011221063072e-06
1.228802021992917881e+00 2.759885577582235753e-06
1.228870022537302598e+00 2.675822235909844830e-06
1.228881437557519662e+00 3.025828813461727949e-06
1.228920527763715187e+00 3.065921274091767162e-06
1.229056494108269115e+00 3.210631141968037964e-06
1.229168995414801069e+00 2.990138821735155642e-06
1.229230890974184476e+00 2.927943183288629022e-06
1.230103060664850645e+00 3.073792994955555979e-06
1.230256231327600203e+00 3.070547404591113889e-06
1.230511468614352788e+00 3.118446132242782221e-06
1.230768936963285709e+00 3.423472884451893158e-06
1.230905035687104299e+00 3.272870720306266913e-06
1.231263791425160958e+00 2.835363024783004149e-06
1.231735356885563348e+00 2.980959132534793211e-06
1.231970684699641438e+00 2.907400311726807491e-06
1.232368799504311108e+00 3.267150404944661025e-06
1.232967761415703078e+00 3.109061575420164411e-06
1.235466923274052498e+00 3.027772326441410713e-06
1.236108060053283442e+00 3.596793436496737316e-06
1.236488190961990474e+00 2.980995864012687869e-06
1.238344037266560171e+00 3.430992549627449213e-06
1.238429244934473594e+00 2.661450053750555292e-06
1.239143292935365182e+00 3.536214422656606102e-06
1.241153257499712614e+00 3.030253442331381641e-06
1.241206891109452481e+00 2.969739317942462987e-06
1.241255446700107123e+00 3.304225747585619488e-06
1.242305047435863452e+00 2.861925002301930750e-06
1.243424173581591408e+00 3.478241758713420350e-06
1.243589532168349221e+00 3.394999252577578995e-06
1.245820599140353258e+00 3.188779750349890560e-06
1.246207433654266117e+00 2.231178799360803619e-06
1.247812144303808823e+00 3.446559528977558502e-06
1.248243334659038029e+00 3.818691492669978090e-06
1.250765906579822007e+00 3.330670788291214221e-06
1.251411122337271031e+00 3.063145058593483927e-06
1.253165844551661356e+00 2.863155941109481248e-06
1.253810595439061482e+00 2.770833090555526746e-06
1.253954250533255266e+00 2.733072520100810034e-06
1.254122343576271836e+00 3.004433552530649768e-06
1.256711087764398771e+00 3.005219485809281428e-06
1.257110230644878923e+00 2.594509428873048929e-06
1.257910488014776895e+00 3.140012074881178510e-06
1.258019183449303746e+00 2.981898319466579764e-06
1.258854299551262157e+00 2.837227895683975071e-06
1.259278909722768791e+00 2.889183111721454010e-06
1.259470555750536791e+00 3.246509396337146593e-06
1.259751293838955233e+00 3.243655728534766083e-06
1.260636539778462462e+00 3.283117524484987770e-06
1.264037154236563598e+00 3.287022451769195548e-06
1.264106749123337536e+00 3.116513568584795171e-06
1.267469729776504739e+00 3.417195220426089441e-06
1.269145798168710870e+00 2.561707780335897507e-06
1.269184681946216253e+00 2.811834057038332581e-06
1.270450049559560091e+00 2.971194565056557774e-06
1.273344977115847154e+00 2.766834340304230916e-06
1.273478020462748939e+00 2.710552369310336195e-06
1.274788164922712186e+00 2.728817174759419107e-06
1.275387694064379795e+00 3.195950053441559924e-06
1.275853470287372726e+00 2.367459296450732422e-06
1.276938707299023701e+00 2.826909214427229609e-06
1.276970493623165837e+00 2.496621760734373863e-06
1.278970626047584158e+00 2.711714603901560212e-06
1.280442929834689325e+00 2.951660352949156965e-06
1.281298285854157726e+00 2.372955376274356827e-06
1.281372968708359039e+00 2.595210782878200041e-06
1.282825453400242344e+00 2.788300380139964309e-06
1.283068956190520860e+00 2.537095021982529279e-06
1.286522932108721484e+00 2.536618120236933401e-06
1.287359080073007478e+00 2.612500800859244533e-06
1.287862603606747536e+00 2.707176318654993594e-06
1.291158684419418279e+00 3.529061658286089457e-06
1.295512990539234410e+00 2.885168547749062010e-06
1.296285662461496679e+00 2.746056920455105573e-06
1.296874534332271178e+00 2.706268274357705546e-06
1.296962873599828425e+00 2.769094687012519343e-06
1.298827050181439624e+00 2.393110051786974651e-06
1.299008348051906125e+00 2.559705905151570998e-06
1.300439236083211547e+00 2.927152773693318705e-06
1.300614312253267402e+00 2.462693587917469110e-06
1.304534163119490886e+00 2.161099880497720302e-06
1.305987756977152969e+00 2.498705465566184059e-06
1.307399752324610143e+00 2.280344259455958829e-06
1.307890577562491163e+00 2.579647598557997264e-06
1.308080643873427817e+00 2.655246463115733173e-06
1.308231754768365063e+00 2.692168385498691300e-06
1.308524491330284256e+00 2.512826278673664501e-06
1.308846160566088379e+00 2.231737478534216859e-06
1.310291240876199748e+00 2.685874146829283379e-06
1.310816974125913248e+00 2.308871143245590074e-06
1.311023506141476558e+00 2.663910243982886038e-06
1.312713199739567349e+00 2.423435798754853321e-06
1.313767190734404844e+00 2.744675267430110540e-06
1.314620631225435377e+00 2.387565224633551710e-06
1.314733702704927509e+00 2.378446026860828841e-06
1.315740374053461670e+00 2.133774847102748625e-06
1.316875009517636030e+00 2.365683247139246252e-06
1.318192884128358555e+00 2.208887313296542181e-06
1.318637643244487956e+00 2.503978905715864076e-06
1.320789746827823574e+00 2.501243275638865962e-06
1.322641051210646568e+00 2.449822863322706277e-06
1.322880173746812105e+00 1.993986221186255113e-06
1.322898146646918738e+00 2.758874038875298030e-06
1.322909606120063364e+00 2.547181617905791687e-06
1.324286729635573145e+00 2.686142061158213898e-06
1.324979867119418397e+00 2.354005881733567253e-06
1.325949045750159039e+00 2.046902907049157877e-06
1.327453027904610172e+00 2.537079214273107151e-06
1.328396720734843495e+00 3.424113295353632036e-06
1.330376521917609356e+00 2.471602452416134347e-06
1.330704749181457425e+00 2.872924780583079006e-06
1.330766187702899783e+00 2.400693131404523362e-06
1.334072972530359502e+00 2.369703471809912935e-06
1.334984293884526885e+00 2.446934000981603943e-06
1.336323714987473377e+00 2.242505571142526537e-06
1.338401532139789074e+00 2.163340073346086751e-06
1.341312010701907642e+00 2.345171476332686466e-06
1.341635926977673865e+00 2.461468292569150054e-06
1.341756385857017397e+00 2.662100775263114533e-06
1.342892968277861199e+00 2.127577631993770850e-06
1.343190334927315766e+00 2.753309454948164612e-06
1.343986804003845403e+00 2.511143953371031842e-06
1.345366279928420283e+00 2.006103986659537550e-06
1.345866327900340220e+00 2.122356332436167535e-06
1.346350717547747378e+00 2.247162450146828298e-06
1.347415898862326156e+00 2.292842762300810407e-06
1.348843631711482249e+00 1.957370740950803636e-06
1.348998522123872945e+00 2.720858946151338121e-06
1.351037333113145333e+00 2.172620394449314379e-06
1.352212740350772879e+00 2.351534169905752258e-06
1.353039312238438985e+00 2.330099539291582260e-06
1.353435682175844645e+00 2.333116742938016684e-06
1.355818250960714400e+00 2.373908666974256169e-06
1.357474823221966886e+00 2.268235053949036190e-06
1.357560578161736364e+00 2.034788747535522955e-06
1.357865918556914409e+00 2.204695572575309721e-06
1.358157429917496106e+00 2.173733956263264590e-06
1.360729842764564657e+00 2.201483064953299148e-06
1.361276883783598679e+00 1.768783730240381139e-06
1.361751879028625822e+00 1.879454840290934475e-06
1.362428688297195212e+00 1.901883921924409159e-06
1.362569665109845118e+00 2.040774773971280272e-06
1.364491444397117448e+00 2.327531380257579821e-06
1.366987263324228152e+00 2.416487503603577205e-06
1.367837739411127629e+00 2.387988192780674047e-06
1.369664527717070923e+00 2.317283268213172892e-06
1.371523640592146709e+00 2.711314571855478933e-06
1.371978231742607690e+00 2.169056765107679368e-06
1.372231918050489607e+00 2.089713898392781348e-06
1.373910953573699967e+00 2.192122013708008438e-06
1.376083747061339624e+00 2.221669045054315238e-06
1.376914222788006459e+00 2.071579184487423498e-06
1.379757155581156303e+00 1.739003958663545446e-06
1.381341480186679016e+00 2.268846952025740748e-06
1.382261465514594834e+00 2.061273296217576267e-06
1.382584509745378387e+00 2.780314676682856536e-06
1.382742481811321422e+00 2.019196928132110407e-06
1.383193342444572149e+00 2.132670425642191692e-06
1.384064169585629944e+00 2.116482684276303265e-06
1.385507340074006555e+00 2.040473394903190421e-06
1.386562713650504985e+00 2.049424876276448522e-06
1.387363388263205488e+00 2.125838430329557973e-06
1.388184204400745969e+00 2.208969292119645878e-06
1.388326513377478255e+00 1.688584314181173653e-06
1.389122872501591388e+00 1.989711859464231350e-06
1.389750905123090297e+00 2.318864347442945602e-06
1.390307946867556987e+00 1.938211204173929655e-06
1.390583264168420596e+00 1.777212677706375119e-06
1.390679498063718933e+00 1.994869578698986967e-06
1.390680764565686678e+00 1.950072063602196549e-06
1.390944816236271642e+00 2.216272886894737386e-06
1.391586183582016467e+00 1.860555519857471282e-06
1.391912824432634199e+00 1.927062635741136705e-06
1.393385681361514195e+00 1.990505661028725360e-06
1.394005059041056205e+00 1.928854403900935743e-06
1.396146413115791907e+00 2.134582399555999693e-06
1.397027399280590609e+00 1.944146376059187100e-06
1.400718233838524451e+00 2.091460178094332338e-06
1.402425593499472045e+00 2.073157913592090446e-06
1.403109794607594552e+00 2.377917441474596143e-06
1.404139204704087707e+00 1.838980028270708834e-06
1.404564881110795138e+00 1.840912833964692909e-06
1.404989926738199557e+00 1.994257216989240810e-06
1.405380191114925292e+00 2.313026615145484059e-06
1.406109760321737401e+00 1.840133042907967198e-06
1.409948733178463476e+00 2.044273139557353746e-06
1.412873074023720310e+00 2.196711507592099742e-06
1.414217232029943094e+00 1.908944400977534644e-06
1.414850870923815895e+00 2.055425063262294566e-06
1.415056433168342620e+00 1.993730315543129838e-06
1.416926505993048924e+00 2.178050261840373831e-06
1.418154795596147988e+00 1.744493103704262214e-06
1.421669035872345388e+00 2.046032499799121188e-06
1.422064684136335355e+00 1.765967677512952639e-06
1.423478147140336825e+00 1.682393608724170267e-06
1.423619687985955951e+00 1.726016664528064442e-06
1.423702166403202574e+00 1.967543315779745824e-06
1.423841054899638525e+00 1.681831167819902076e-06
1.427638097473326484e+00 1.719985659601011183e-06
1.428433964661761202e+00 1.719455282723738624e-06
1.428694988875107930e+00 1.756777549086396131e-06
1.428910689511915910e+00 1.854057078176113087e-06
1.429692741396006994e+00 1.573509498145859489e-06
1.430668542206696481e+00 2.063860488651143532e-06
1.430808931011867680e+00 2.071311230270337605e-06
1.431243529079374799e+00 1.787353819926986409e-06
1.431431394609274710e+00 1.953242690430984607e-06
1.432291801733309056e+00 1.704132105663040252e-06
1.432921830155815757e+00 1.857359283334708454e-06
1.434334519249905959e+00 1.785270674465046930e-06
1.436331053420096815e+00 2.004942779221795923e-06
1.436365445841296218e+00 1.752481941680965130e-06
1.437328070844715366e+00 1.785704786849255885e-06
1.440084931606702590e+00 1.727867412659821681e-06
1.441096530894237393e+00 1.793825381648520972e-06
1.441418486313607028e+00 1.779915356428713135e-06
1.442143006247452730e+00 2.463523510759895015e-06
1.442575555678111465e+00 1.879274016436442119e-06
1.442761915536732609e+00 1.731035546993934306e-06
1.446138487205562484e+00 1.893430422897716200e-06
1.446467103816444055e+00 2.039156486610431037e-06
1.447301162217594417e+00 2.130056179093573966e-06
1.447972347528304171e+00 1.664196723125370151e-06
1.449401286955296131e+00 1.887343149738223782e-06
1.449570157515287283e+00 1.903422014322024013e-06
1.451471850750883252e+00 1.485032169666591726e-06
1.452402631099918295e+00 1.804528187310974926e-06
1.453504933916304864e+00 1.707916352981509604e-06
1.454110474642520634e+00 1.727638855005487509e-06
1.454434415548150339e+00 1.767198282109003516e-06
1.454881447839917463e+00 1.742644970499641782e-06
1.459881767886184845e+00 1.742047112809856477e-06
1.460305905080678146e+00 1.568263887964638238e-06
1.460941899899772523e+00 1.720397916429420013e-06
1.461238334492101831e+00 1.413782630477865293e-06
1.462057592309942367e+00 1.677598171372654339e-06
1.462406802504459868e+00 1.604195360916646067e-06
1.463559864764608864e+00 1.892385866769981595e-06
1.463898509669686820e+00 1.957717550098295464e-06
1.467341047750460037e+00 2.164164118447465940e-06
1.467733806370455474e+00 1.620615047006797064e-06
1.469565280970317245e+00 2.171858298733608923e-06
1.469938825464798704e+00 1.805656271617399784e-06
1.469972185936944342e+00 1.978705751617167694e-06
1.470754349870896815e+00 1.705238412444727024e-06
1.472706125988490822e+00 2.006569845101484468e-06
1.477069330201776998e+00 1.718420601670278361e-06
1.477336604132532205e+00 1.722242478949581887e-06
1.478945757725030452e+00 1.936787925788276771e-06
1.479403484388238876e+00 1.537009618291786135e-06
1.480780090915076785e+00 1.750785426279919720e-06
1.481299038800208523e+00 1.757357621194180616e-06
1.481690646475898099e+00 1.461114214889812319e-06
1.481728505018614639e+00 1.588736639205971686e-06
1.482004235340249387e+00 1.865601706960038178e-06
1.482287589490317359e+00 1.690614686562517837e-06
1.482594752087021073e+00 1.510108573319856819e-06
1.484590252963345458e+00 1.958244976532408318e-06
1.485472105283165645e+00 1.577318293859350388e-06
1.486286099269159111e+00 1.683815118695379822e-06
1.487221219614125012e+00 1.555780780236749040e-06
1.487808818935766553e+00 1.667101433388126487e-06
1.491029535404355899e+00 1.844906195078612105e-06
1.492505502132431161e+00 1.650979064485809418e-06
1.492714173984456938e+00 1.482422261950932078e-06
1.493387753056302669e+00 1.396973960307309602e-06
1.494026717793094594e+00 1.622217240863067040e-06
1.495532419269895552e+00 1.749541885254911750e-06
1.497037754340844851e+00 1.496816359968943600e-06
1.497312951583171792e+00 1.511429968661779978e-06
1.498695212829044721e+00 1.714163805863160802e-06
1.500731351003869785e+00 1.682929869027042636e-06
1.501116535499303462e+00 1.507658635341421578e-06
1.502345218411481609e+00 1.674974407370759948e-06
1.503257745632841980e+00 1.471589745927104863e-06
1.504306500470723229e+00 1.562959189079766771e-06
1.504799449068257911e+00 1.424309264540365731e-06
1.504999952270197339e+00 1.253752667208518442e-06
1.505040387068486973e+00 1.572029877678890349e-06
1.505325010055769130e+00 1.254830569076956192e-06
1.507543995001074721e+00 1.324492152508387582e-06
1.507981427348209946e+00 1.606951573350990351e-06
1.508041499686726183e+00 1.296076388983536829e-06
1.508159091515496986e+00 1.523467893966797479e-06
1.508848849281920979e+00 1.370648288574589980e-06
1.509761971415876536e+00 1.571331845869315100e-06
1.509818045556134081e+00 1.263729093954065347e-06
1.515342318531431420e+00 1.568209061380928947e-06
1.516149946532640014e+00 1.481717584511032110e-06
1.516241663472403189e+00 1.601917806584660120e-06
1.520485899915754002e+00 1.688152303612583414e-06
1.521545368408651289e+00 1.525161732426971219e-06
1.522447839705375117e+00 1.690933662316028109e-06
1.524168194901233564e+00 1.437000000000940170e-06
1.524428843595916128e+00 1.293721571893835966e-06
1.525153696681668558e+00 1.473037289458317007e-06
1.527005836454727428e+00 1.330829611571765852e-06
1.527609528424591190e+00 1.662306948744351544e-06
1.527766236468373506e+00 1.235755554816012921e-06
1.527871399491042670e+00 1.630199163133764615e-06
1.531593606088016868e+00 1.531658117553999031e-06
1.532608074449496094e+00 1.820345746279192745e-06
1.541239197342203049e+00 1.566845078959374944e-06
1.541390559969650242e+00 1.285715062967924278e-06
1.542172029304961223e+00 1.226846289097454888e-06
1.543963347415740595e+00 1.222141816157786337e-06
1.545624996960139663e+00 1.556133757090408030e-06
1.547082418561351869e+00 1.252129061976769501e-06
1.548504949759049731e+00 1.423251536838711857e-06
1.549254951190542240e+00 1.237081342271766559e-06
1.549974925459189024e+00 1.512461740837537540e-06
1.552826837050204745e+00 1.201792440876053964e-06
1.554035600510501602e+00 1.477021748141593960e-06
1.555054519618358722e+00 1.349863164514959591e-06
1.555979897088789032e+00 1.391107364415806926e-06
1.556166027135986507e+00 1.255090849114093651e-06
1.561849866522607266e+00 1.404010125710255563e-06
1.563962630758247041e+00 1.125349432070491359e-06
1.564781702516480744e+00 1.349041576886379071e-06
1.565607672664391714e+00 1.355563567819218574e-06
1.565698945241433826e+00 1.350692259629555778e-06
1.567120364185166315e+00 1.341070343524815530e-06
1.568169999118653291e+00 1.189144293220230288e-06
1.569747163470345930e+00 1.259381559368681131e-06
1.569812885224680654e+00 1.292536292251727235e-06
1.569879928123407486e+00 1.225034907712560979e-06
1.572271488947028617e+00 1.116110458630203974e-06
1.572572076114875816e+00 1.347751053127905194e-06
1.574406930647187730e+00 1.096818299258308435e-06
1.575203637121415978e+00 1.237496191392222058e-06
1.575258790615289950e+00 1.248117906571531361e-06
1.579472503573616349e+00 1.430746804093786317e-06
1.581379881334725956e+00 1.431788462586390392e-06
1.581464300423949254e+00 1.217407859756933003e-06
1.581992177506566843e+00 1.334339958605036034e-06
1.589277457516650394e+00 1.402428431622084096e-06
1.590637763038877939e+00 1.235691225817058694e-06
1.595358642251511805e+00 1.246880646816094400e-06
1.596637613729939620e+00 1.154838573902811968e-06
1.596949480222313200e+00 1.086487961562844233e-06
1.597091554549251669e+00 1.181886348265234065e-06
1.597304149508471660e+00 1.138555116546596095e-06
1.597748589506408079e+00 1.500531881573547182e-06
1.602044892791729902e+00 1.608530734616228573e-06
1.603184702225880942e+00 1.244587050223247123e-06
1.603923383748111275e+00 1.148811471654733510e-06
1.605451500978098522e+00 1.163543531091575907e-06
1.606350170471828376e+00 1.343843455826791541e-06
1.606677478572650086e+00 1.005412128773209041e-06
1.607928619489766842e+00 1.220217582401185529e-06
1.609559665671455697e+00 1.311281422752216711e-06
1.610266894295496964e+00 1.043940646279938596e-06
1.612122164531616386e+00 1.214511871642278560e-06
1.613333047628847439e+00 1.393248969938309989e-06
1.614443001385774679e+00 1.159039496145950083e-06
1.615536638500503663e+00 1.387078499626469867e-06
1.615711027662901866e+00 1.290901427304989023e-06
1.618858524823064471e+00 1.233616711041110623e-06
1.619742151784600681e+00 1.262778240023457364e-06
1.619906924034949292e+00 1.138993744317686469e-06
1.621641614973587275e+00 1.089232366820972046e-06
1.621927715920262969e+00 1.098856705507276749e-06
1.623696926265211449e+00 1.315935978105612129e-06
1.624411858560625532e+00 1.123329647929482265e-06
1.625446147988556467e+00 1.123109194211757169e-06
1.625826211314002068e+00 1.311308971774599435e-06
1.627280600055258430e+00 1.318559411671235286e-06
1.627777483032536443e+00 1.232406313526305167e-06
1.627907444297728157e+00 1.180182227877376793e-06
1.628067781520111224e+00 1.079729277458745016e-06
1.628882573585428206e+00 1.068085099235451059e-06
1.629104544431363877e+00 1.065170554278201301e-06
1.629479495512727194e+00 1.296221529883898187e-06
1.635309269849278158e+00 1.137288279280690247e-06
1.636644188062931882e+00 1.180634783669672127e-06
1.637955308120959463e+00 1.256340167018503285e-06
1.639847750987104558e+00 1.266460202721813649e-06
1.643981627440530113e+00 1.121873399260183502e-06
1.644148475615512250e+00 1.209961063832529369e-06
1.644691758840879148e+00 1.140110016071337130e-06
1.646851032966486716e+00 1.243799265432330104e-06
1.647247166440596322e+00 1.391710751266927488e-06
1.649494369994764398e+00 1.339887796101142154e-06
1.649968995248132897e+00 1.096264182451950603e-06
1.650024067531880245e+00 9.331859170139289994e-07
1.650547261177791158e+00 1.042656528801029369e-06
1.650756691594217340e+00 1.348327387425694620e-06
1.659094486090919585e+00 1.162454484814987093e-06
1.659197633449880582e+00 1.296056939655855004e-06
1.659710570326065726e+00 1.147173419118611330e-06
1.662448637847776967e+00 1.166714747476480819e-06
1.662965991299388158e+00 1.072455950200537997e-06
1.662970516988474090e+00 1.116183800006687431e-06
1.663161970430574232e+00 8.482271606107209596e-07
1.663376476136564364e+00 1.065905590768201269e-06
1.664305076144678708e+00 1.059520661649868945e-06
1.667534323646197247e+00 1.161357642344055983e-06
1.668630878117892680e+00 1.035986998834743310e-06
1.669034783377989495e+00 1.193022197037571841e-06
1.671641337217528500e+00 1.014916976971286725e-06
1.672285726883578905e+00 1.096029826959046019e-06
1.672805521704230580e+00 9.947655921531705603e-07
1.674190271544837794e+00 1.168256014885753576e-06
1.674250754150348186e+00 1.052736945069174187e-06
1.674329850754007420e+00 1.070349872314536379e-06
1.674495135377739308e+00 1.130345425061494308e-06
1.676026254526365555e+00 1.131860842918093885e-06
1.681066621969355968e+00 1.111298174884586999e-06
1.683646636122432705e+00 1.081645013282668728e-06
1.684715834172354931e+00 1.058430338855531484e-06
1.684859925956037063e+00 1.008852968112023552e-06
1.686028606803837704e+00 1.051654812004009651e-06
1.688458407137591433e+00 1.034347622115362444e-06
1.689359187979193822e+00 1.032857120148991806e-06
1.690622414405062779e+00 1.041440819965401824e-06
1.691865872717338126e+00 1.127070058166668124e-06
1.695200002224541702e+00 1.160257904128812861e-06
1.695918862403212879e+00 1.120175325507165687e-06
1.705072430994659660e+00 1.067145824571501721e-06
1.709019435673833520e+00 1.146524366901680794e-06
1.710260326347225801e+00 1.186740805827018730e-06
1.717629609669651058e+00 1.124877735490346778e-06
1.720979240167377355e+00 1.031169387983111108e-06
1.721566936612370258e+00 1.214292498312688418e-06
1.723275388227502702e+00 1.007602582673556516e-06
1.723799963808517299e+00 8.043235203173839358e-07
1.726492133719676803e+00 9.364231315178267026e-07
1.727127091734479425e+00 9.533037756776930373e-07
1.728164856101150004e+00 8.448164864994459119e-07
1.728909963188617782e+00 1.132517346302419548e-06
1.729181007772432999e+00 1.007499837369989530e-06
1.732229900528566180e+00 8.481745833566548750e-07
1.732241371372727823e+00 9.952275740196491391e-07
1.736420622197642816e+00 9.825753543126676897e-07
1.736944062512330911e+00 1.063017339658124835e-06
1.737567298092129731e+00 9.824741620347751417e-07
1.739223602597262497e+00 8.531165237588466982e-07
1.740384866273097630e+00 1.068251491980021046e-06
1.741420513474045251e+00 9.634426272136537942e-07
1.744699205665332986e+00 1.005436746591923813e-06
1.747984628180938582e+00 9.860047222842224791e-07
1.751776521404049936e+00 1.052343879781732531e-06
1.752024767805112626e+00 8.335562655957526939e-07
1.756870652983787862e+00 9.984610149258951896e-07
1.760229693513875038e+00 8.811581288073931511e-07
1.760672014435023192e+00 9.075497527467233326e-07
1.760902318538895672e+00 9.318299683761879682e-07
1.761023382576849539e+00 8.958403912454275275e-07
1.763583362593316384e+00 9.064120829342794684e-07
1.763652742604292278e+00 8.582190727328315581e-07
1.765310396469531584e+00 1.001630202647971676e-06
1.767083407896719693e+00 9.931758270579931233e-07
1.767828098446632579e+00 1.006764825509369433e-06
1.768074200962503673e+00 9.681950553680498540e-07
1.770203405325207813e+00 7.563475010493308884e-07
1.771182307832747105e+00 8.556674933347092480e-07
1.772451416463329155e+00 9.256209984544634774e-07
1.773468283668366618e+00 9.266895748375465339e-07
1.773982525141768241e+00 9.864215050736221661e-07
1.776706948272381847e+00 8.573464773542796460e-07
1.777257557271758159e+00 8.587755752525591324e-07
1.778624252238860226e+00 8.571757504061151795e-07
1.779979617685374160e+00 9.595650820170451183e-07
1.781077199149975421e+00 8.226403930202634196e-07
1.784065519110297648e+00 8.822538508996473437e-07
1.787082166902506986e+00 8.969263471864180903e-07
1.789455888673449291e+00 8.866397521416414888e-07
1.792190202584102776e+00 8.401366851120940073e-07
1.792900268868717228e+00 9.429821739853411838e-07
1.793152583868103278e+00 8.267762836209499130e-07
1.798457288543431565e+00 9.255853172658372385e-07
1.799012919722686732e+00 9.143158820494608892e-07
1.800911483268055280e+00 1.004553371665494124e-06
1.805283403427857314e+00 7.938284346356791081e-07
1.807204870588156931e+00 8.612469796778918622e-07
1.807805814488156138e+00 9.322702889496128279e-07
1.809297869562047190e+00 9.042736576671993967e-07
1.813627485101440451e+00 9.561663205436158557e-07
1.816408390640769532e+00 8.423996349746792459e-07
1.816824320252887537e+00 8.130532929907086562e-07
1.819024059374045210e+00 1.037962885995707765e-06
1.826217701487157230e+00 9.081254496995604098e-07
1.829418985696829925e+00 8.554933293832560962e-07
1.831113980904298000e+00 8.093344025775150990e-07
1.831848473144346956e+00 7.462388014735947378e-07
1.835640856594713766e+00 8.232768366036882776e-07
1.838343112386757294e+00 7.761475847970687989e-07
1.838965701000433661e+00 8.496433635009777955e-07
1.840068331551154568e+00 8.034583264017848228e-07
1.845116535016732673e+00 7.959387853101003026e-07
1.845150201441949411e+00 7.546473897981730189e-07
1.848982055240918188e+00 8.742826415361226904e-07
1.850575006514715293e+00 7.647079931632764485e-07
1.852531221591763977e+00 8.203469898548939359e-07
1.853274266369560719e+00 7.128555163079104313e-07
1.854973480882312620e+00 8.254658920576893164e-07
1.856141433566020238e+00 7.970815659108588920e-07
1.857303269971582571e+00 7.236094214252707018e-07
1.860583949205641519e+00 8.154499173472743792e-07
1.860852132408717274e+00 6.318987208085198971e-07
1.864313087759826182e+00 7.203371026440061639e-07
1.864546572716864192e+00 7.472204458491018944e-07
1.866122995767806714e+00 6.638021009287107421e-07
1.867039805576154787e+00 7.442687837771931345e-07
1.868552173794195026e+00 6.820084413017982757e-07
1.869116390719382848e+00 6.846134304111687338e-07
1.870219392977418904e+00 6.675699359046744565e-07
1.876021098301722034e+00 8.053723427701388629e-07
1.880069929372211845e+00 7.260777679049820184e-07
1.884625662144241209e+00 7.885412034833376612e-07
1.893473991906841736e+00 7.849755326824738981e-07
1.893983294916840476e+00 7.079398467430622426e-07
1.899395930630037421e+00 6.889953540560594696e-07
1.901050383327385740e+00 7.779284855835861017e-07
1.902608143305621891e+00 7.017856195932505763e-07
1.905547272049722851e+00 5.810844265548919991e-07
1.905978393595875175e+00 7.750786598684382991e-07
1.907101310605956002e+00 6.912703987999378457e-07
1.909705009914187679e+00 6.693547159367791047e-07
1.911363607527979180e+00 6.290782105366556016e-07
1.918438867802189529e+00 7.602219135383086203e-07
1.923750068821922232e+00 7.036793346163892950e-07
1.925715134256318128e+00 7.379050527378210378e-07
1.927236269803691115e+00 6.731467767156545576e-07
1.930486909873265766e+00 7.075149086880198524e-07
1.934745510122022560e+00 6.214112090369054327e-07
1.938271541589666525e+00 6.535128820736385089e-07
1.939237661353676145e+00 6.276940015474082632e-07
1.941860566308758917e+00 6.937560406300071397e-07
1.946264660799540192e+00 6.115100587746135888e-07
1.950493321350945219e+00 6.747303410330130300e-07
1.951639834085490799e+00 6.185442313309762454e-07
1.955711668035664097e+00 6.473441877648445129e-07
1.956906218492728167e+00 6.965170699286897835e-07
1.957390366609753851e+00 6.220208676239560498e-07
1.960339964551732539e+00 6.877733975806611607e-07
1.961202108906679786e+00 5.797140385663836458e-07
1.961777912258494849e+00 7.080920010083939268e-07
1.963246212484876851e+00 6.069825998507822899e-07
1.971014865527782156e+00 4.575027516844452780e-07
1.972778675386785530e+00 5.120472005651278259e-07
1.972984101672476065e+00 5.213016079155358853e-07
1.973752405465296178e+00 5.086033885586371773e-07
1.975008908498527394e+00 5.652298273395442684e-07
1.976079644545504665e+00 5.799431630104451101e-07
1.978860116752570342e+00 6.586641540871866139e-07
1.979569333430659661e+00 6.237541072231258747e-07
1.981156804356740686e+00 6.252292152037894092e-07
1.983136651448592191e+00 6.882892679465094155e-07
1.983283041952924153e+00 6.018966647139560030e-07
1.989711457757385782e+00 6.024855958210903389e-07
1.992152525027545362e+00 5.794601061315685054e-07
2.014147907696320683e+00 5.225884849696241608e-07
2.022458907351152302e+00 5.653011538785119340e-07
2.025293903174507193e+00 5.537212419882108532e-07
2.030915415412425151e+00 5.592219193166770055e-07
2.033475545365064807e+00 6.149657626062082845e-07
2.035693743760658148e+00 6.216424905507790243e-07
2.036448557618075750e+00 6.506830033335327109e-07
2.039651916872364357e+00 5.724056974785035595e-07
2.045620083935681066e+00 5.550640585819345560e-07
2.046064187192488948e+00 6.176336895226917965e-07
2.046666662754142774e+00 4.946549919972650386e-07
2.047122673369375256e+00 5.460580837831804688e-07
2.047631738335033980e+00 5.593707854085666606e-07
2.058299945885260218e+00 5.772530693635418555e-07
2.059840512823052361e+00 5.894368497478302161e-07
2.060573074640468683e+00 5.320584711938141351e-07
2.063841510106477983e+00 5.519363226415318519e-07
2.068958869278138213e+00 4.658682307469308717e-07
2.069633507306218423e+00 5.214639238772136860e-07
2.070748536161512110e+00 6.018589247773152323e-07
2.070969701117174377e+00 5.200548825178234569e-07
2.071169069030854626e+00 5.402466050213250107e-07
2.075210422872247218e+00 5.549376917923189665e-07
2.076456838009867578e+00 5.361025224454280309e-07
2.080043811117251895e+00 6.477491403371731285e-07
2.086497932084149465e+00 5.075716285350081524e-07
2.090729031337978494e+00 5.734008574897687682e-07
2.091032336518203749e+00 5.420045745432994575e-07
2.103252927963226604e+00 5.144971238306558307e-07
2.116942652480834131e+00 4.950988826662921047e-07
2.117546347908207505e+00 5.217584394305115201e-07
2.118582813380429641e+00 5.202478586996669776e-07
2.121690812203223864e+00 4.383605701763498431e-07
2.125532203223072791e+00 5.283637013155606749e-07
2.126424524927344351e+00 5.549772744246785185e-07
2.128122494337341575e+00 4.852484750476520696e-07
2.130939994573399776e+00 4.549162871626629143e-07
2.134479841612359152e+00 4.676769061576074893e-07
2.140071333179113022e+00 5.463245070996474194e-07
2.142961602978188385e+00 5.070264974968827151e-07
2.146708437622154797e+00 5.563239343143104990e-07
2.149030616528657678e+00 5.293161351229442248e-07
2.154092584801450716e+00 5.398488321354504199e-07
2.158971175339607917e+00 5.462248602779956087e-07
2.162405564083376586e+00 4.790560177519296833e-07
2.165391413066042325e+00 5.709019141308057808e-07
2.171264060894211756e+00 5.124887201696935425e-07
2.175437125229043200e+00 5.124070418347981720e-07
2.182701657427401187e+00 4.676711651706148777e-07
2.183237224318792080e+00 5.484124218188325398e-07
2.192644278808778768e+00 4.976408244920101775e-07
2.192965571611392050e+00 5.093613104021215765e-07
2.198955324783591792e+00 4.358450590877510236e-07
2.200294270559995713e+00 3.998421599382937682e-07
2.201305020194259221e+00 4.747565564756491792e-07
2.202755835046794175e+00 4.572304313819711491e-07
2.202846711859558493e+00 4.387319204614045106e-07
2.203811102484723783e+00 3.535081358198901518e-07
2.206800086260378713e+00 4.976704394964743197e-07
2.209552122582166600e+00 4.419942936231382218e-07
2.212703651383119752e+00 4.800528605358086496e-07
2.223185455905190011e+00 5.134061050525906299e-07
2.227309891379625650e+00 4.397075228580411683e-07
2.227335217881677654e+00 4.606232169162951200e-07
2.229144765873811274e+00 4.547531459409146304e-07
2.231198648171555554e+00 4.391606699437152611e-07
2.239502629659931632e+00 4.362995749959545734e-07
2.243381551586689060e+00 4.615268318682761330e-07
2.244245838886907762e+00 4.523905872444609628e-07
2.252002200494148898e+00 4.412622239978033685e-07
2.253241187958443525e+00 4.318104141303489669e-07
2.257676414662742825e+00 4.398235857230720163e-07
2.258212838373562903e+00 3.524312461348844449e-07
2.263761910279042056e+00 4.381388436655675365e-07
2.265876015639928021e+00 4.392777089833182165e-07
2.272341059495278870e+00 4.438388177201978956e-07
2.277022526515735112e+00 4.519369296666288388e-07
2.286930941036206644e+00 4.432698351846837370e-07
2.295190964099483644e+00 3.829208681100407128e-07
2.300496616378935766e+00 4.710646884778382281e-07
2.302030974938827246e+00 3.831855460007685452e-07
2.304035383798387571e+00 4.163511035399489576e-07
2.304647747185567752e+00 4.354961804058609340e-07
2.307005991942291612e+00 4.294059933318326761e-07
2.309261357558018091e+00 3.833923541980028021e-07
2.318158773965811825e+00 3.777838608329044492e-07
2.321556352537232026e+00 4.834763544747317861e-07
2.323537408712844421e+00 3.869779343468006051e-07
2.328363378299962427e+00 4.045655088453182744e-07
2.328432320745986495e+00 4.114611743120188039e-07
2.336018755267525115e+00 3.752084579049913857e-07
2.349376353162489384e+00 3.814445297368085208e-07
2.355908897430707860e+00 3.653533101403139877e-07
2.356211508897877671e+00 4.267990372881312116e-07
2.360920071389114305e+00 3.797513795537125004e-07
2.361488458263564016e+00 3.979105789407823684e-07
2.363104446345562160e+00 3.835046909357865739e-07
2.369315705279453343e+00 3.680979721678039727e-07
2.370187253102149505e+00 3.674488076030941669e-07
2.373660332283560326e+00 3.631821041992283523e-07
2.380963946469446757e+00 3.611766959950135050e-07
2.384768667884186844e+00 3.664299559632804654e-07
2.386170289199573524e+00 3.944385421487480204e-07
2.389329106139118863e+00 3.841309875457075073e-07
2.396164662906569820e+00 3.606807390040167941e-07
2.398235210899256398e+00 3.250360867508891960e-07
2.401061467757052981e+00 3.663384642466822227e-07
2.403223846381236317e+00 4.045871358441987040e-07
2.408662512852706161e+00 3.787106455402444875e-07
2.410182907339607716e+00 3.502044519477457456e-07
2.419784324694624456e+00 3.598436545201051146e-07
2.427397364822628578e+00 3.707543526648653487e-07
2.430572401767527868e+00 3.640674796301213792e-07
2.463002421460338986e+00 3.311005724336343390e-07
2.464267945914391245e+00 3.503407366610137873e-07
2.487442614484167258e+00 3.212745955927165556e-07
2.497281789108603878e+00 3.104863481205900261e-07
2.504131773654374893e+00 3.069196908891264996e-07
2.509885643057593985e+00 3.174380599466328142e-07
2.513183456225470458e+00 3.422738399260697072e-07
2.515274852987538168e+00 3.451450192943807164e-07
2.518021881935947448e+00 3.278576708566522148e-07
2.525068001984323907e+00 2.938676661367509555e-07
2.539215997372918476e+00 2.986773425376194000e-07
2.542669765296625251e+00 3.304036897423677679e-07
2.554655685144208377e+00 2.966203082256421895e-07
2.560398149165349135e+00 3.003542966120697986e-07
2.575715056166407724e+00 2.771597461669755586e-07
2.584070578236687510e+00 2.693145740841154436e-07
2.593365183668173035e+00 2.870760808848810477e-07
2.594063945931378790e+00 2.866858761663336636e-07
2.609773637108808497e+00 3.136275616805335106e-07
2.619601519881574081e+00 2.936346596941659226e-07
2.620663196968036956e+00 2.826514482891184621e-07
2.623367269175493455e+00 2.976041190215271612e-07
2.632169220242750463e+00 2.806872910534098486e-07
2.645562879853218252e+00 2.603400125717504201e-07
2.662773667853099102e+00 2.805465127106977078e-07
2.670487597621161946e+00 2.833555923193408066e-07
2.686916267198396380e+00 2.734763066394400791e-07
2.708904781518111982e+00 2.307184385250762690e-07
2.711596827600796455e+00 2.502214388724583369e-07
2.735026105026669541e+00 2.846228185534598198e-07
2.736575126939474689e+00 2.467053710033129646e-07
2.800832799960458086e+00 2.426802076982321909e-07
2.807594199399790380e+00 2.180717180533469076e-07
2.831900343429427203e+00 2.501077313524124870e-07
2.841452074043683051e+00 2.296010635808083836e-07
2.856390143565669337e+00 2.357970841610098368e-07
2.860116795425374558e+00 2.321077177484111629e-07
2.867824532375631286e+00 2.387598903207235991e-07
2.871111279615210954e+00 2.391233762719307731e-07
2.905839221318661014e+00 1.995063620461612867e-07
2.960747127377998389e+00 1.992052844476097573e-07
2.980451035784243086e+00 2.033458660017555719e-07
3.031929762617900259e+00 1.926756122584727057e-07
3.033538479622186479e+00 2.174725097990737534e-07
3.065169519400414710e+00 2.061977845118863508e-07
3.160145694305805275e+00 1.881103479659207676e-07
3.423946314138163860e+00 1.570231353384937707e-07
3.798148714774287615e+00 1.244066482612319263e-07
