10 -1.00 4.41496e-02 1.25901e-05
30 -1.00 4.29577e-02 8.20425e-06
50 -1.00 4.60530e-02 1.63578e-05
70 -1.00 4.31153e-02 8.12515e-06
90 -1.00 4.53002e-02 1.51154e-05
110 -1.00 4.07035e-02 1.18909e-05
130 -1.00 4.44302e-02 2.16349e-05
150 -1.00 4.39944e-02 2.25634e-05
170 -1.00 4.24657e-02 1.03242e-05
190 -1.00 4.20673e-02 2.52695e-05
210 -1.00 4.31494e-02 1.19512e-05
230 -1.00 4.15679e-02 8.56538e-06
250 -1.00 4.16316e-02 1.25818e-05
270 -1.00 4.48076e-02 2.06634e-05
290 -1.00 4.29855e-02 1.22004e-05
10 -0.75 4.27285e-02 1.50375e-05
30 -0.75 4.18138e-02 1.33352e-05
50 -0.75 4.46572e-02 1.88812e-05
70 -0.75 4.31610e-02 1.19645e-05
90 -0.75 4.30812e-02 1.04833e-05
110 -0.75 4.05620e-02 1.03361e-05
130 -0.75 4.37627e-02 9.11141e-06
150 -0.75 4.21879e-02 8.81903e-06
170 -0.75 4.20910e-02 1.25599e-05
190 -0.75 4.12315e-02 1.44300e-05
210 -0.75 4.27111e-02 1.23747e-05
230 -0.75 4.13933e-02 9.93719e-06
250 -0.75 4.14085e-02 1.23690e-05
270 -0.75 4.45295e-02 2.02114e-05
290 -0.75 4.33634e-02 9.44015e-06
10 -0.50 4.25070e-02 1.20785e-05
30 -0.50 4.17133e-02 8.39809e-06
50 -0.50 4.44108e-02 9.43572e-06
70 -0.50 4.27122e-02 1.01698e-05
90 -0.50 4.36623e-02 1.86368e-05
110 -0.50 4.09173e-02 1.26555e-05
130 -0.50 4.42155e-02 1.22527e-05
150 -0.50 4.22681e-02 1.49092e-05
170 -0.50 4.09955e-02 1.11057e-05
190 -0.50 4.07751e-02 1.02280e-05
210 -0.50 4.36502e-02 1.86399e-05
230 -0.50 4.09351e-02 1.25094e-05
250 -0.50 4.16699e-02 1.03263e-05
270 -0.50 4.42888e-02 1.31639e-05
290 -0.50 4.41442e-02 9.46707e-06
10 -0.25 4.43007e-02 1.92443e-05
30 -0.25 4.11787e-02 7.84288e-06
50 -0.25 4.52197e-02 1.17170e-05
70 -0.25 4.26373e-02 9.20313e-06
90 -0.25 4.38884e-02 9.50597e-06
110 -0.25 4.09103e-02 1.67257e-05
130 -0.25 4.42984e-02 1.14187e-05
150 -0.25 4.17093e-02 9.34274e-06
170 -0.25 4.17029e-02 9.39319e-06
190 -0.25 4.18696e-02 1.20387e-05
210 -0.25 4.18702e-02 9.34459e-06
230 -0.25 4.08416e-02 1.07077e-05
250 -0.25 4.15518e-02 1.13075e-05
270 -0.25 4.36792e-02 1.20211e-05
290 -0.25 4.27684e-02 1.30361e-05
10 0.00 4.23580e-02 1.14826e-05
30 0.00 4.16934e-02 1.16561e-05
50 0.00 4.42292e-02 1.65587e-05
70 0.00 4.29276e-02 1.35068e-05
90 0.00 4.30055e-02 1.62920e-05
110 0.00 4.17019e-02 2.47667e-05
130 0.00 4.40869e-02 1.17707e-05
150 0.00 4.20374e-02 2.44643e-05
170 0.00 4.11280e-02 7.87591e-06
190 0.00 4.00211e-02 8.53457e-06
210 0.00 4.28595e-02 1.33268e-05
230 0.00 4.20456e-02 1.57058e-05
250 0.00 4.04700e-02 9.23373e-06
270 0.00 4.34113e-02 1.73618e-05
290 0.00 4.23682e-02 1.28451e-05
10 0.25 4.23244e-02 1.30547e-05
30 0.25 4.14135e-02 1.62021e-05
50 0.25 4.40004e-02 1.33315e-05
70 0.25 4.19211e-02 1.12766e-05
90 0.25 4.28179e-02 1.34234e-05
110 0.25 4.06376e-02 8.52599e-06
130 0.25 4.37719e-02 1.33078e-05
150 0.25 4.24898e-02 2.08587e-05
170 0.25 4.14015e-02 1.04914e-05
190 0.25 3.99914e-02 7.66429e-06
210 0.25 4.27182e-02 9.57200e-06
230 0.25 4.13050e-02 1.52803e-05
250 0.25 3.97821e-02 8.03356e-06
270 0.25 4.22768e-02 1.28359e-05
290 0.25 4.21097e-02 1.43422e-05
10 0.50 4.15852e-02 6.73278e-06
30 0.50 4.10230e-02 1.40090e-05
50 0.50 4.58658e-02 3.12691e-05
70 0.50 4.21779e-02 1.12357e-05
90 0.50 4.24642e-02 2.32269e-05
110 0.50 4.00382e-02 1.17551e-05
130 0.50 4.29292e-02 1.14051e-05
150 0.50 4.05787e-02 1.49993e-05
170 0.50 4.08560e-02 1.92942e-05
190 0.50 4.10721e-02 1.55173e-05
210 0.50 4.18552e-02 1.53214e-05
230 0.50 3.97863e-02 1.23847e-05
250 0.50 4.12270e-02 1.28505e-05
270 0.50 4.26850e-02 1.65715e-05
290 0.50 4.22979e-02 1.22949e-05
10 0.75 4.17640e-02 1.08940e-05
30 0.75 4.11133e-02 2.26144e-05
50 0.75 4.37175e-02 1.10776e-05
70 0.75 4.28401e-02 1.59387e-05
90 0.75 4.29571e-02 1.48805e-05
110 0.75 3.97857e-02 1.60631e-05
130 0.75 4.27574e-02 1.34410e-05
150 0.75 3.97794e-02 9.81598e-06
170 0.75 4.14221e-02 9.91582e-06
190 0.75 4.07762e-02 2.08741e-05
210 0.75 4.21189e-02 2.01868e-05
230 0.75 4.01828e-02 9.66569e-06
250 0.75 4.13027e-02 1.42879e-05
270 0.75 4.21594e-02 1.86449e-05
290 0.75 4.19892e-02 1.34004e-05
10 1.00 4.16396e-02 9.78299e-06
30 1.00 3.99089e-02 8.65247e-06
50 1.00 4.24461e-02 1.68355e-05
70 1.00 4.14072e-02 1.41226e-05
90 1.00 4.25415e-02 1.86097e-05
110 1.00 3.95024e-02 7.25489e-06
130 1.00 4.30190e-02 2.02948e-05
150 1.00 3.99646e-02 1.78407e-05
170 1.00 4.10226e-02 1.24178e-05
190 1.00 3.91886e-02 9.69300e-06
210 1.00 4.06738e-02 9.72998e-06
230 1.00 4.03453e-02 1.02353e-05
250 1.00 4.13048e-02 2.27488e-05
270 1.00 4.17056e-02 1.23980e-05
290 1.00 4.19328e-02 1.28771e-05
11 -1.00 4.46370e-02 2.08277e-05
31 -1.00 4.38762e-02 1.90768e-05
51 -1.00 4.29353e-02 9.69008e-06
71 -1.00 4.43126e-02 9.56426e-06
91 -1.00 4.31233e-02 1.51029e-05
111 -1.00 4.39707e-02 8.57563e-06
131 -1.00 4.31921e-02 1.11356e-05
151 -1.00 4.30420e-02 1.29665e-05
171 -1.00 4.31731e-02 1.98932e-05
191 -1.00 4.38105e-02 1.23071e-05
211 -1.00 4.23824e-02 1.15557e-05
231 -1.00 4.42253e-02 1.67237e-05
251 -1.00 4.45584e-02 1.00577e-05
271 -1.00 4.29963e-02 1.27770e-05
291 -1.00 4.25477e-02 1.04152e-05
11 -0.75 4.05927e-02 1.01949e-05
31 -0.75 4.29854e-02 1.06135e-05
51 -0.75 4.34565e-02 1.59467e-05
71 -0.75 4.43522e-02 1.83892e-05
91 -0.75 4.20135e-02 2.55813e-05
111 -0.75 4.36909e-02 1.00339e-05
131 -0.75 4.21981e-02 8.39424e-06
151 -0.75 4.23796e-02 1.06511e-05
171 -0.75 4.28301e-02 1.90088e-05
191 -0.75 4.33467e-02 1.21016e-05
211 -0.75 4.18471e-02 8.17938e-06
231 -0.75 4.35346e-02 1.18181e-05
251 -0.75 4.43099e-02 1.77095e-05
271 -0.75 4.17560e-02 2.03912e-05
291 -0.75 4.18965e-02 1.24527e-05
11 -0.50 4.04420e-02 1.10458e-05
31 -0.50 4.25012e-02 8.40317e-06
51 -0.50 4.19393e-02 1.09452e-05
71 -0.50 4.36040e-02 2.38449e-05
91 -0.50 4.18756e-02 1.41984e-05
111 -0.50 4.30412e-02 7.92787e-06
131 -0.50 4.22650e-02 1.16862e-05
151 -0.50 4.27159e-02 2.25151e-05
171 -0.50 4.15858e-02 1.08482e-05
191 -0.50 4.29841e-02 1.16744e-05
211 -0.50 4.12084e-02 5.97217e-06
231 -0.50 4.37723e-02 1.16139e-05
251 -0.50 4.39919e-02 1.03900e-05
271 -0.50 4.11140e-02 1.09471e-05
291 -0.50 4.13559e-02 1.40216e-05
11 -0.25 4.08563e-02 1.23653e-05
31 -0.25 4.29664e-02 1.44041e-05
51 -0.25 4.29157e-02 1.88594e-05
71 -0.25 4.19225e-02 9.18398e-06
91 -0.25 4.17133e-02 1.50385e-05
111 -0.25 4.39906e-02 1.46437e-05
131 -0.25 4.15294e-02 9.12946e-06
151 -0.25 4.24707e-02 1.33688e-05
171 -0.25 4.17566e-02 1.17052e-05
191 -0.25 4.21158e-02 9.26599e-06
211 -0.25 4.12360e-02 1.05829e-05
231 -0.25 4.30244e-02 1.16122e-05
251 -0.25 4.33801e-02 9.50408e-06
271 -0.25 4.10927e-02 1.71834e-05
291 -0.25 4.07922e-02 8.72773e-06
11 0.00 4.01978e-02 7.95250e-06
31 0.00 4.29570e-02 1.16774e-05
51 0.00 4.26113e-02 1.05539e-05
71 0.00 4.25986e-02 1.32559e-05
91 0.00 4.23964e-02 1.57866e-05
111 0.00 4.23862e-02 1.53981e-05
131 0.00 4.25143e-02 2.19339e-05
151 0.00 4.09632e-02 7.03082e-06
171 0.00 4.19279e-02 1.80159e-05
191 0.00 4.29430e-02 1.55066e-05
211 0.00 4.07732e-02 1.81035e-05
231 0.00 4.23963e-02 1.36548e-05
251 0.00 4.37471e-02 1.43259e-05
271 0.00 4.13675e-02 2.69919e-05
291 0.00 4.08926e-02 8.09852e-06
11 0.25 4.09238e-02 1.89659e-05
31 0.25 4.28085e-02 1.33186e-05
51 0.25 4.20650e-02 1.48355e-05
71 0.25 4.28730e-02 1.18010e-05
91 0.25 4.15136e-02 9.70988e-06
111 0.25 4.28206e-02 1.07638e-05
131 0.25 4.24697e-02 1.53584e-05
151 0.25 4.18042e-02 1.23007e-05
171 0.25 4.14693e-02 1.79334e-05
191 0.25 4.10778e-02 1.47946e-05
211 0.25 4.08010e-02 1.02419e-05
231 0.25 4.30787e-02 1.08777e-05
251 0.25 4.31140e-02 1.43160e-05
271 0.25 4.15494e-02 2.25514e-05
291 0.25 4.14605e-02 1.39893e-05
11 0.50 3.96658e-02 1.65294e-05
31 0.50 4.21490e-02 2.52199e-05
51 0.50 4.16282e-02 1.66066e-05
71 0.50 4.23137e-02 1.43601e-05
91 0.50 4.02663e-02 1.86031e-05
111 0.50 4.24662e-02 1.22787e-05
131 0.50 4.12705e-02 8.78923e-06
151 0.50 4.09952e-02 8.94436e-06
171 0.50 4.18755e-02 2.57495e-05
191 0.50 4.20102e-02 1.57707e-05
211 0.50 4.10572e-02 8.12051e-06
231 0.50 4.28450e-02 1.41858e-05
251 0.50 4.27353e-02 1.29136e-05
271 0.50 4.17219e-02 1.38291e-05
291 0.50 4.08546e-02 9.10999e-06
11 0.75 4.05589e-02 1.15555e-05
31 0.75 4.33975e-02 2.86521e-05
51 0.75 4.18163e-02 1.21671e-05
71 0.75 4.35436e-02 1.55740e-05
91 0.75 4.12378e-02 1.90822e-05
111 0.75 4.30286e-02 1.71763e-05
131 0.75 4.16352e-02 1.42031e-05
151 0.75 4.22347e-02 1.41390e-05
171 0.75 4.14178e-02 2.12439e-05
191 0.75 4.17672e-02 9.94847e-06
211 0.75 4.14496e-02 1.88348e-05
231 0.75 4.17502e-02 1.01198e-05
251 0.75 4.34018e-02 2.31962e-05
271 0.75 4.07432e-02 1.68971e-05
291 0.75 4.18981e-02 1.41110e-05
11 1.00 3.98663e-02 1.47956e-05
31 1.00 4.27148e-02 2.97184e-05
51 1.00 4.09266e-02 8.45787e-06
71 1.00 4.15261e-02 1.39407e-05
91 1.00 4.09298e-02 1.75983e-05
111 1.00 4.28511e-02 1.93116e-05
131 1.00 4.10214e-02 1.78703e-05
151 1.00 4.25354e-02 2.51366e-05
171 1.00 4.19306e-02 2.78023e-05
191 1.00 4.20518e-02 1.52535e-05
211 1.00 4.00792e-02 1.38894e-05
231 1.00 4.32205e-02 2.61169e-05
251 1.00 4.32597e-02 2.21229e-05
271 1.00 3.89989e-02 9.16196e-06
291 1.00 4.26152e-02 2.18324e-05
12 -1.00 4.28972e-02 1.22321e-05
32 -1.00 4.21545e-02 1.58368e-05
52 -1.00 4.19045e-02 1.22455e-05
72 -1.00 4.24542e-02 6.54340e-06
92 -1.00 3.96912e-02 8.45471e-06
112 -1.00 4.47077e-02 1.56998e-05
132 -1.00 4.31081e-02 6.57480e-06
152 -1.00 4.37383e-02 9.96119e-06
172 -1.00 4.32971e-02 1.75385e-05
192 -1.00 4.43922e-02 7.85617e-06
212 -1.00 4.25855e-02 1.33906e-05
232 -1.00 4.18862e-02 6.96434e-06
252 -1.00 4.51329e-02 1.92411e-05
272 -1.00 4.01462e-02 8.72010e-06
292 -1.00 4.19318e-02 1.48826e-05
12 -0.75 4.36698e-02 1.03231e-05
32 -0.75 4.21277e-02 1.07243e-05
52 -0.75 4.11248e-02 7.10673e-06
72 -0.75 4.25899e-02 9.50211e-06
92 -0.75 3.95866e-02 1.40901e-05
112 -0.75 4.52079e-02 1.69258e-05
132 -0.75 4.42943e-02 1.30129e-05
152 -0.75 4.30017e-02 1.09044e-05
172 -0.75 4.25458e-02 1.10024e-05
192 -0.75 4.38818e-02 1.06513e-05
212 -0.75 4.13411e-02 1.71411e-05
232 -0.75 4.08835e-02 9.18549e-06
252 -0.75 4.44710e-02 9.94121e-06
272 -0.75 3.95441e-02 9.09331e-06
292 -0.75 4.09011e-02 1.11250e-05
12 -0.50 4.19138e-02 1.07081e-05
32 -0.50 4.17622e-02 1.65699e-05
52 -0.50 4.04825e-02 1.09624e-05
72 -0.50 4.26210e-02 1.54096e-05
92 -0.50 3.97147e-02 1.23486e-05
112 -0.50 4.43240e-02 1.92815e-05
132 -0.50 4.38636e-02 8.23190e-06
152 -0.50 4.41883e-02 1.78993e-05
172 -0.50 4.20387e-02 1.31608e-05
192 -0.50 4.44489e-02 1.76869e-05
212 -0.50 4.25210e-02 1.28037e-05
232 -0.50 4.02818e-02 6.34888e-06
252 -0.50 4.37268e-02 1.22745e-05
272 -0.50 4.07405e-02 1.96887e-05
292 -0.50 4.05899e-02 1.19388e-05
12 -0.25 4.25887e-02 1.41257e-05
32 -0.25 4.12522e-02 1.01962e-05
52 -0.25 4.18112e-02 1.80528e-05
72 -0.25 4.11976e-02 1.16301e-05
92 -0.25 4.01537e-02 1.44219e-05
112 -0.25 4.37021e-02 1.73956e-05
132 -0.25 4.42473e-02 2.79044e-05
152 -0.25 4.35951e-02 2.51919e-05
172 -0.25 4.14162e-02 1.38070e-05
192 -0.25 4.42263e-02 1.21305e-05
212 -0.25 4.18699e-02 1.10050e-05
232 -0.25 4.12313e-02 1.28643e-05
252 -0.25 4.48563e-02 1.13566e-05
272 -0.25 4.01007e-02 8.07694e-06
292 -0.25 4.08948e-02 1.18021e-05
12 0.00 4.24910e-02 1.47791e-05
32 0.00 4.17874e-02 1.97175e-05
52 0.00 4.02843e-02 1.16251e-05
72 0.00 4.16155e-02 1.53111e-05
92 0.00 3.90482e-02 8.75599e-06
112 0.00 4.36061e-02 8.98638e-06
132 0.00 4.24440e-02 1.05122e-05
152 0.00 4.29316e-02 1.12756e-05
172 0.00 4.16121e-02 1.45748e-05
192 0.00 4.37486e-02 9.45491e-06
212 0.00 4.09657e-02 8.07724e-06
232 0.00 4.00563e-02 1.27840e-05
252 0.00 4.32292e-02 1.18448e-05
272 0.00 4.02725e-02 1.11431e-05
292 0.00 4.07998e-02 1.31508e-05
12 0.25 4.29558e-02 1.61115e-05
32 0.25 4.15781e-02 1.28596e-05
52 0.25 4.01979e-02 1.16158e-05
72 0.25 4.09586e-02 1.02730e-05
92 0.25 3.95525e-02 1.28754e-05
112 0.25 4.30863e-02 1.46298e-05
132 0.25 4.22201e-02 1.01681e-05
152 0.25 4.20666e-02 1.30005e-05
172 0.25 4.15998e-02 1.43577e-05
192 0.25 4.35369e-02 1.15563e-05
212 0.25 4.12765e-02 1.21558e-05
232 0.25 4.04757e-02 9.77054e-06
252 0.25 4.37349e-02 1.00292e-05
272 0.25 4.05409e-02 9.48699e-06
292 0.25 4.08971e-02 2.58778e-05
12 0.50 4.25019e-02 1.82562e-05
32 0.50 4.10807e-02 1.80860e-05
52 0.50 4.03741e-02 1.48557e-05
72 0.50 4.21940e-02 1.47102e-05
92 0.50 3.93725e-02 1.26113e-05
112 0.50 4.30818e-02 1.44816e-05
132 0.50 4.28058e-02 1.25813e-05
152 0.50 4.30321e-02 1.24459e-05
172 0.50 4.11278e-02 1.38715e-05
192 0.50 4.40699e-02 1.00359e-05
212 0.50 4.03117e-02 1.03885e-05
232 0.50 4.07274e-02 1.87926e-05
252 0.50 4.37743e-02 2.29265e-05
272 0.50 3.98153e-02 1.02132e-05
292 0.50 4.01259e-02 1.09085e-05
12 0.75 4.20514e-02 1.37784e-05
32 0.75 4.17763e-02 2.22876e-05
52 0.75 3.98201e-02 1.94820e-05
72 0.75 4.14403e-02 1.61409e-05
92 0.75 3.86303e-02 1.75728e-05
112 0.75 4.22289e-02 1.72925e-05
132 0.75 4.30233e-02 1.64873e-05
152 0.75 4.26143e-02 1.57193e-05
172 0.75 4.08483e-02 1.43615e-05
192 0.75 4.42435e-02 2.58928e-05
212 0.75 4.04392e-02 1.08984e-05
232 0.75 4.08986e-02 3.05873e-05
252 0.75 4.27630e-02 1.08663e-05
272 0.75 3.99685e-02 1.69401e-05
292 0.75 3.95408e-02 6.20495e-06
12 1.00 4.24969e-02 1.15293e-05
32 1.00 4.08234e-02 1.57745e-05
52 1.00 3.99270e-02 1.39724e-05
72 1.00 4.17074e-02 2.01027e-05
92 1.00 3.81697e-02 1.63896e-05
112 1.00 4.23609e-02 1.47406e-05
132 1.00 4.26287e-02 8.16417e-06
152 1.00 4.29020e-02 1.22921e-05
172 1.00 4.02067e-02 1.21023e-05
192 1.00 4.32788e-02 1.46249e-05
212 1.00 4.12366e-02 1.39998e-05
232 1.00 4.00481e-02 1.82552e-05
252 1.00 4.28841e-02 1.77852e-05
272 1.00 3.77319e-02 7.77442e-06
292 1.00 3.99498e-02 1.26903e-05
13 -1.00 4.05007e-02 6.45399e-06
33 -1.00 4.26407e-02 9.65375e-06
53 -1.00 4.57370e-02 1.16260e-05
73 -1.00 4.51597e-02 1.83627e-05
93 -1.00 4.10187e-02 9.86062e-06
113 -1.00 4.08748e-02 1.00997e-05
133 -1.00 4.36053e-02 8.83331e-06
153 -1.00 4.38888e-02 2.67115e-05
173 -1.00 4.35083e-02 1.15480e-05
193 -1.00 4.03703e-02 9.79456e-06
213 -1.00 4.30358e-02 1.14247e-05
233 -1.00 4.45212e-02 1.39177e-05
253 -1.00 4.22263e-02 1.16529e-05
273 -1.00 4.14915e-02 1.07377e-05
293 -1.00 4.27956e-02 1.44234e-05
13 -0.75 4.19323e-02 1.03169e-05
33 -0.75 4.22952e-02 1.36658e-05
53 -0.75 4.53878e-02 1.43060e-05
73 -0.75 4.37073e-02 2.01911e-05
93 -0.75 4.08363e-02 8.30650e-06
113 -0.75 4.03845e-02 6.28570e-06
133 -0.75 4.33916e-02 9.93453e-06
153 -0.75 4.25524e-02 1.09337e-05
173 -0.75 4.44083e-02 1.30858e-05
193 -0.75 4.03995e-02 1.18508e-05
213 -0.75 4.36629e-02 1.09888e-05
233 -0.75 4.34899e-02 1.66162e-05
253 -0.75 4.24038e-02 1.69794e-05
273 -0.75 4.09990e-02 1.39872e-05
293 -0.75 4.27581e-02 1.22591e-05
13 -0.50 4.12072e-02 1.08724e-05
33 -0.50 4.28480e-02 1.73473e-05
53 -0.50 4.43143e-02 1.23041e-05
73 -0.50 4.30596e-02 1.29598e-05
93 -0.50 4.00675e-02 6.00223e-06
113 -0.50 4.06849e-02 1.50159e-05
133 -0.50 4.28286e-02 9.35780e-06
153 -0.50 4.20261e-02 8.01095e-06
173 -0.50 4.36149e-02 3.37531e-05
193 -0.50 4.05018e-02 1.11706e-05
213 -0.50 4.28007e-02 1.11323e-05
233 -0.50 4.38296e-02 1.50053e-05
253 -0.50 4.24921e-02 2.30099e-05
273 -0.50 4.06220e-02 1.22470e-05
293 -0.50 4.23737e-02 1.03072e-05
13 -0.25 4.11363e-02 1.51153e-05
33 -0.25 4.20299e-02 1.03075e-05
53 -0.25 4.39414e-02 1.49997e-05
73 -0.25 4.30644e-02 1.66747e-05
93 -0.25 4.10721e-02 1.73503e-05
113 -0.25 4.03106e-02 1.16699e-05
133 -0.25 4.30617e-02 2.59876e-05
153 -0.25 4.31653e-02 1.73964e-05
173 -0.25 4.34453e-02 1.48297e-05
193 -0.25 3.93054e-02 9.87748e-06
213 -0.25 4.25894e-02 1.17519e-05
233 -0.25 4.22349e-02 1.29433e-05
253 -0.25 4.03184e-02 9.86342e-06
273 -0.25 4.08255e-02 9.92039e-06
293 -0.25 4.25862e-02 1.58471e-05
13 0.00 4.04492e-02 1.07548e-05
33 0.00 4.29717e-02 1.74264e-05
53 0.00 4.42925e-02 2.63138e-05
73 0.00 4.21187e-02 1.46483e-05
93 0.00 4.00078e-02 9.61972e-06
113 0.00 3.96655e-02 7.24235e-06
133 0.00 4.24897e-02 1.11634e-05
153 0.00 4.10537e-02 1.01430e-05
173 0.00 4.33745e-02 1.04590e-05
193 0.00 4.00089e-02 4.19999e-06
213 0.00 4.22358e-02 1.32968e-05
233 0.00 4.28796e-02 1.54092e-05
253 0.00 4.20446e-02 2.47897e-05
273 0.00 4.11305e-02 1.08308e-05
293 0.00 4.24445e-02 1.32041e-05
13 0.25 4.13971e-02 1.45348e-05
33 0.25 4.22042e-02 7.74127e-06
53 0.25 4.39886e-02 1.20971e-05
73 0.25 4.27154e-02 1.00286e-05
93 0.25 3.98790e-02 1.20017e-05
113 0.25 4.10547e-02 1.94656e-05
133 0.25 4.29605e-02 1.73069e-05
153 0.25 4.17345e-02 1.34431e-05
173 0.25 4.38980e-02 1.40183e-05
193 0.25 3.99595e-02 1.62252e-05
213 0.25 4.29079e-02 1.80168e-05
233 0.25 4.41370e-02 2.26784e-05
253 0.25 4.03182e-02 1.11156e-05
273 0.25 4.06462e-02 1.41150e-05
293 0.25 4.19363e-02 2.19963e-05
13 0.50 4.11281e-02 1.27804e-05
33 0.50 4.18875e-02 1.43544e-05
53 0.50 4.40174e-02 1.60303e-05
73 0.50 4.03685e-02 7.73430e-06
93 0.50 3.98348e-02 1.05486e-05
113 0.50 3.93846e-02 9.70282e-06
133 0.50 4.23027e-02 1.50776e-05
153 0.50 4.14365e-02 1.00693e-05
173 0.50 4.25895e-02 1.25139e-05
193 0.50 3.98621e-02 9.14705e-06
213 0.50 4.20945e-02 1.22786e-05
233 0.50 4.24308e-02 1.58052e-05
253 0.50 4.13694e-02 1.87178e-05
273 0.50 4.02497e-02 1.14395e-05
293 0.50 4.15370e-02 1.27909e-05
13 0.75 4.06080e-02 1.53691e-05
33 0.75 4.16784e-02 1.17296e-05
53 0.75 4.33506e-02 1.29712e-05
73 0.75 4.04250e-02 7.63234e-06
93 0.75 3.97363e-02 1.32406e-05
113 0.75 4.05138e-02 2.00654e-05
133 0.75 4.15016e-02 1.05636e-05
153 0.75 4.17084e-02 1.25808e-05
173 0.75 4.26500e-02 1.52583e-05
193 0.75 3.95668e-02 9.46495e-06
213 0.75 4.24305e-02 1.38827e-05
233 0.75 4.06117e-02 1.31136e-05
253 0.75 4.04848e-02 9.86456e-06
273 0.75 4.01746e-02 1.72147e-05
293 0.75 4.20374e-02 1.09445e-05
13 1.00 4.00732e-02 1.72126e-05
33 1.00 4.22118e-02 1.89268e-05
53 1.00 4.27855e-02 1.48465e-05
73 1.00 4.08770e-02 2.79665e-05
93 1.00 3.93491e-02 8.37101e-06
113 1.00 3.87671e-02 1.24283e-05
133 1.00 4.22480e-02 1.36330e-05
153 1.00 4.08192e-02 1.36749e-05
173 1.00 4.30987e-02 1.60184e-05
193 1.00 3.86699e-02 1.11108e-05
213 1.00 4.19072e-02 1.85922e-05
233 1.00 4.11481e-02 1.43047e-05
253 1.00 4.06539e-02 1.16239e-05
273 1.00 4.02260e-02 1.44805e-05
293 1.00 4.11746e-02 1.54682e-05
14 -1.00 4.22812e-02 1.08505e-05
34 -1.00 4.37159e-02 1.19917e-05
54 -1.00 4.39782e-02 1.33571e-05
74 -1.00 4.29927e-02 1.32517e-05
94 -1.00 4.46227e-02 4.35943e-05
114 -1.00 4.33915e-02 1.02005e-05
134 -1.00 4.29912e-02 1.83480e-05
154 -1.00 4.29801e-02 1.05266e-05
174 -1.00 4.39954e-02 9.71001e-06
194 -1.00 4.32656e-02 9.00436e-06
214 -1.00 4.20843e-02 8.72177e-06
234 -1.00 4.04025e-02 8.49652e-06
254 -1.00 4.36251e-02 1.26551e-05
274 -1.00 4.17559e-02 1.20305e-05
294 -1.00 4.16467e-02 1.43293e-05
14 -0.75 4.45047e-02 2.82075e-05
34 -0.75 4.35657e-02 1.02630e-05
54 -0.75 4.34672e-02 1.91142e-05
74 -0.75 4.30509e-02 1.14589e-05
94 -0.75 4.19835e-02 9.55107e-06
114 -0.75 4.24488e-02 9.41821e-06
134 -0.75 4.17163e-02 1.59312e-05
154 -0.75 4.32201e-02 1.13576e-05
174 -0.75 4.23599e-02 1.02146e-05
194 -0.75 4.19286e-02 1.04433e-05
214 -0.75 4.12237e-02 1.39328e-05
234 -0.75 4.15519e-02 1.74224e-05
254 -0.75 4.31596e-02 1.02652e-05
274 -0.75 4.11882e-02 1.03130e-05
294 -0.75 4.10713e-02 1.29813e-05
14 -0.50 4.29025e-02 1.72318e-05
34 -0.50 4.29069e-02 8.90603e-06
54 -0.50 4.33138e-02 7.72633e-06
74 -0.50 4.32329e-02 1.59930e-05
94 -0.50 4.33655e-02 1.32480e-05
114 -0.50 4.29917e-02 1.49774e-05
134 -0.50 4.09351e-02 1.13567e-05
154 -0.50 4.35503e-02 9.25485e-06
174 -0.50 4.15782e-02 8.05882e-06
194 -0.50 4.25989e-02 1.20596e-05
214 -0.50 4.11557e-02 9.62634e-06
234 -0.50 4.03769e-02 7.60242e-06
254 -0.50 4.27876e-02 8.95631e-06
274 -0.50 4.17992e-02 1.49460e-05
294 -0.50 4.22870e-02 1.98631e-05
14 -0.25 4.23048e-02 8.12515e-06
34 -0.25 4.35649e-02 1.42172e-05
54 -0.25 4.28196e-02 9.03166e-06
74 -0.25 4.34344e-02 1.39693e-05
94 -0.25 4.26134e-02 1.19229e-05
114 -0.25 4.26409e-02 1.33306e-05
134 -0.25 4.13937e-02 3.23330e-05
154 -0.25 4.25968e-02 8.25598e-06
174 -0.25 4.32863e-02 1.85959e-05
194 -0.25 4.21311e-02 1.40730e-05
214 -0.25 4.08491e-02 9.06750e-06
234 -0.25 4.15492e-02 1.29100e-05
254 -0.25 4.30649e-02 1.80683e-05
274 -0.25 4.09011e-02 1.14890e-05
294 -0.25 4.16969e-02 2.41712e-05
14 0.00 4.20578e-02 9.87868e-06
34 0.00 4.22441e-02 7.14756e-06
54 0.00 4.24000e-02 1.13692e-05
74 0.00 4.22089e-02 9.63247e-06
94 0.00 4.26861e-02 1.12771e-05
114 0.00 4.28344e-02 1.34648e-05
134 0.00 4.10168e-02 1.56197e-05
154 0.00 4.26761e-02 1.47480e-05
174 0.00 4.23392e-02 1.56825e-05
194 0.00 4.14440e-02 5.93612e-06
214 0.00 4.03413e-02 1.60253e-05
234 0.00 4.05722e-02 1.65856e-05
254 0.00 4.24744e-02 1.66052e-05
274 0.00 4.11059e-02 2.08166e-05
294 0.00 4.02969e-02 7.95711e-06
14 0.25 4.11177e-02 1.13051e-05
34 0.25 4.36609e-02 1.66166e-05
54 0.25 4.17071e-02 1.12074e-05
74 0.25 4.15841e-02 1.59469e-05
94 0.25 4.26191e-02 1.86411e-05
114 0.25 4.39736e-02 2.21281e-05
134 0.25 4.05696e-02 1.38459e-05
154 0.25 4.27768e-02 1.55763e-05
174 0.25 4.24810e-02 1.00943e-05
194 0.25 4.23982e-02 1.03219e-05
214 0.25 4.13384e-02 1.18682e-05
234 0.25 4.01408e-02 9.42033e-06
254 0.25 4.30583e-02 1.35881e-05
274 0.25 4.21453e-02 1.55994e-05
294 0.25 4.06279e-02 2.53785e-05
14 0.50 4.11981e-02 1.58408e-05
34 0.50 4.23657e-02 1.08336e-05
54 0.50 4.22398e-02 1.51238e-05
74 0.50 4.10014e-02 1.31089e-05
94 0.50 4.21709e-02 9.83033e-06
114 0.50 4.27697e-02 2.02179e-05
134 0.50 4.09062e-02 1.31631e-05
154 0.50 4.26588e-02 1.68398e-05
174 0.50 4.24873e-02 1.88155e-05
194 0.50 4.19926e-02 1.21389e-05
214 0.50 4.06512e-02 1.08737e-05
234 0.50 3.99339e-02 1.48999e-05
254 0.50 4.18090e-02 1.07852e-05
274 0.50 4.11313e-02 1.04743e-05
294 0.50 4.02955e-02 1.11115e-05
14 0.75 4.15375e-02 1.47997e-05
34 0.75 4.15651e-02 1.17255e-05
54 0.75 4.09841e-02 1.37981e-05
74 0.75 4.10949e-02 1.04780e-05
94 0.75 4.28242e-02 1.83175e-05
114 0.75 4.10238e-02 1.07703e-05
134 0.75 3.99140e-02 1.26046e-05
154 0.75 4.26144e-02 1.54452e-05
174 0.75 4.14335e-02 9.53906e-06
194 0.75 4.15820e-02 1.20400e-05
214 0.75 4.04883e-02 1.06605e-05
234 0.75 4.00600e-02 1.79374e-05
254 0.75 4.21792e-02 9.64726e-06
274 0.75 4.08507e-02 1.02086e-05
294 0.75 4.02933e-02 1.95407e-05
14 1.00 4.05117e-02 2.01987e-05
34 1.00 4.23019e-02 1.86419e-05
54 1.00 4.21825e-02 1.81256e-05
74 1.00 4.31938e-02 2.57595e-05
94 1.00 4.14318e-02 1.37470e-05
114 1.00 4.25611e-02 1.60457e-05
134 1.00 4.08139e-02 8.79619e-06
154 1.00 4.19573e-02 1.65983e-05
174 1.00 4.19775e-02 2.28746e-05
194 1.00 4.11585e-02 1.59660e-05
214 1.00 4.01510e-02 1.62706e-05
234 1.00 3.92761e-02 2.15867e-05
254 1.00 4.14721e-02 1.36766e-05
274 1.00 4.10402e-02 1.65091e-05
294 1.00 4.01357e-02 1.26011e-05
15 -1.00 4.20528e-02 9.05586e-06
35 -1.00 4.26602e-02 1.50188e-05
55 -1.00 4.23362e-02 9.66171e-06
75 -1.00 4.08576e-02 7.28904e-06
95 -1.00 4.25981e-02 7.77238e-06
115 -1.00 4.32616e-02 1.32619e-05
135 -1.00 4.19218e-02 8.86692e-06
155 -1.00 4.49537e-02 1.79054e-05
175 -1.00 4.26147e-02 1.88487e-05
195 -1.00 4.39110e-02 1.67352e-05
215 -1.00 4.40949e-02 7.45077e-06
235 -1.00 4.28635e-02 1.45070e-05
255 -1.00 4.17696e-02 7.95976e-06
275 -1.00 4.19114e-02 1.29753e-05
295 -1.00 4.37478e-02 1.47131e-05
15 -0.75 4.05077e-02 2.10740e-05
35 -0.75 4.28231e-02 1.87980e-05
55 -0.75 4.09834e-02 1.00054e-05
75 -0.75 4.10034e-02 5.82554e-06
95 -0.75 4.18346e-02 8.70896e-06
115 -0.75 4.27264e-02 1.08483e-05
135 -0.75 4.19570e-02 9.15323e-06
155 -0.75 4.41835e-02 9.60160e-06
175 -0.75 4.24530e-02 1.31263e-05
195 -0.75 4.19090e-02 1.05609e-05
215 -0.75 4.47280e-02 1.03695e-05
235 -0.75 4.24999e-02 1.47142e-05
255 -0.75 4.18419e-02 1.73681e-05
275 -0.75 4.25891e-02 1.38249e-05
295 -0.75 4.36017e-02 1.29318e-05
15 -0.50 4.03087e-02 9.22010e-06
35 -0.50 4.16054e-02 7.06086e-06
55 -0.50 4.15384e-02 1.25616e-05
75 -0.50 4.22520e-02 1.63521e-05
95 -0.50 4.24515e-02 1.27856e-05
115 -0.50 4.21276e-02 9.02753e-06
135 -0.50 4.16359e-02 1.35707e-05
155 -0.50 4.41920e-02 1.35586e-05
175 -0.50 4.17464e-02 1.08141e-05
195 -0.50 4.23197e-02 1.03570e-05
215 -0.50 4.47737e-02 1.21541e-05
235 -0.50 4.28046e-02 1.55311e-05
255 -0.50 4.12761e-02 9.43137e-06
275 -0.50 4.11429e-02 1.17843e-05
295 -0.50 4.35442e-02 1.51713e-05
15 -0.25 4.00268e-02 7.84055e-06
35 -0.25 4.22217e-02 1.06448e-05
55 -0.25 4.08756e-02 1.24665e-05
75 -0.25 4.15003e-02 1.18051e-05
95 -0.25 4.28916e-02 1.16939e-05
115 -0.25 4.26366e-02 1.45409e-05
135 -0.25 4.26131e-02 1.87670e-05
155 -0.25 4.46908e-02 1.54845e-05
175 -0.25 4.20639e-02 1.49849e-05
195 -0.25 4.20676e-02 2.11460e-05
215 -0.25 4.35927e-02 1.36125e-05
235 -0.25 4.17159e-02 1.31959e-05
255 -0.25 4.14107e-02 1.25940e-05
275 -0.25 4.06605e-02 1.13704e-05
295 -0.25 4.29656e-02 1.75487e-05
15 0.00 4.05613e-02 1.34896e-05
35 0.00 4.21249e-02 1.39443e-05
55 0.00 4.00940e-02 1.31769e-05
75 0.00 4.03123e-02 1.18535e-05
95 0.00 4.21704e-02 8.01520e-06
115 0.00 4.16958e-02 8.96628e-06
135 0.00 4.05085e-02 1.27005e-05
155 0.00 4.36962e-02 9.52194e-06
175 0.00 4.17480e-02 1.53976e-05
195 0.00 4.14985e-02 1.23710e-05
215 0.00 4.35612e-02 9.56884e-06
235 0.00 4.13184e-02 8.69708e-06
255 0.00 4.05179e-02 7.80042e-06
275 0.00 4.04946e-02 1.29466e-05
295 0.00 4.17170e-02 1.51712e-05
15 0.25 4.03057e-02 2.05304e-05
35 0.25 4.21798e-02 1.58554e-05
55 0.25 4.07232e-02 1.21285e-05
75 0.25 4.07419e-02 9.00112e-06
95 0.25 4.15958e-02 9.52322e-06
115 0.25 4.20148e-02 1.26945e-05
135 0.25 4.13827e-02 1.11073e-05
155 0.25 4.23611e-02 6.54016e-06
175 0.25 4.10846e-02 1.28210e-05
195 0.25 4.07456e-02 1.17253e-05
215 0.25 4.37445e-02 1.22908e-05
235 0.25 4.13592e-02 1.33626e-05
255 0.25 4.22699e-02 2.15428e-05
275 0.25 4.00808e-02 1.18543e-05
295 0.25 4.11564e-02 1.77456e-05
15 0.50 3.92876e-02 1.60331e-05
35 0.50 4.15197e-02 1.38554e-05
55 0.50 4.06185e-02 1.01303e-05
75 0.50 4.05284e-02 1.37303e-05
95 0.50 4.23714e-02 1.24775e-05
115 0.50 4.22806e-02 1.28216e-05
135 0.50 4.16246e-02 1.96431e-05
155 0.50 4.38737e-02 1.28254e-05
175 0.50 4.07169e-02 9.62158e-06
195 0.50 4.14453e-02 8.90871e-06
215 0.50 4.31791e-02 1.75967e-05
235 0.50 4.08474e-02 1.21203e-05
255 0.50 4.13973e-02 2.31554e-05
275 0.50 4.11642e-02 1.25839e-05
295 0.50 4.21094e-02 1.90662e-05
15 0.75 4.00917e-02 8.94320e-06
35 0.75 4.17092e-02 9.88555e-06
55 0.75 4.08451e-02 1.85374e-05
75 0.75 4.04073e-02 1.20954e-05
95 0.75 4.24114e-02 1.57676e-05
115 0.75 4.24337e-02 1.20215e-05
135 0.75 4.02553e-02 1.28070e-05
155 0.75 4.34401e-02 1.91981e-05
175 0.75 4.11148e-02 1.13192e-05
195 0.75 4.17157e-02 2.28125e-05
215 0.75 4.33347e-02 1.31532e-05
235 0.75 4.07377e-02 1.01122e-05
255 0.75 4.00784e-02 1.61457e-05
275 0.75 4.05090e-02 8.65849e-06
295 0.75 4.11951e-02 1.35936e-05
15 1.00 3.95959e-02 1.36344e-05
35 1.00 4.18625e-02 1.06134e-05
55 1.00 3.97500e-02 8.52957e-06
75 1.00 4.15501e-02 1.92613e-05
95 1.00 4.23679e-02 2.00119e-05
115 1.00 4.25844e-02 2.65287e-05
135 1.00 3.96910e-02 1.09864e-05
155 1.00 4.32231e-02 1.24609e-05
175 1.00 4.09403e-02 1.47542e-05
195 1.00 4.18277e-02 2.04776e-05
215 1.00 4.29305e-02 8.00322e-06
235 1.00 4.07230e-02 1.38818e-05
255 1.00 4.11257e-02 1.31976e-05
275 1.00 3.97190e-02 1.05185e-05
295 1.00 4.21368e-02 2.15316e-05
16 -1.00 4.39546e-02 1.22623e-05
36 -1.00 4.24598e-02 8.13604e-06
56 -1.00 4.19489e-02 7.35246e-06
76 -1.00 4.39272e-02 1.56883e-05
96 -1.00 4.42902e-02 2.01738e-05
116 -1.00 4.40665e-02 1.26286e-05
136 -1.00 4.21782e-02 1.19586e-05
156 -1.00 4.41453e-02 1.49847e-05
176 -1.00 4.33588e-02 9.03503e-06
196 -1.00 4.37766e-02 1.35727e-05
216 -1.00 4.27256e-02 7.42086e-06
236 -1.00 4.28744e-02 1.53016e-05
256 -1.00 4.28470e-02 1.50069e-05
276 -1.00 4.38621e-02 1.23076e-05
296 -1.00 4.16108e-02 1.02607e-05
16 -0.75 4.29892e-02 1.41382e-05
36 -0.75 4.19027e-02 7.00646e-06
56 -0.75 4.20355e-02 9.68087e-06
76 -0.75 4.33035e-02 6.59647e-06
96 -0.75 4.28861e-02 9.88430e-06
116 -0.75 4.31686e-02 1.59881e-05
136 -0.75 4.34425e-02 2.09257e-05
156 -0.75 4.41519e-02 1.20177e-05
176 -0.75 4.28779e-02 9.84338e-06
196 -0.75 4.36009e-02 2.16706e-05
216 -0.75 4.28628e-02 1.29450e-05
236 -0.75 4.14601e-02 7.38501e-06
256 -0.75 4.10122e-02 1.01680e-05
276 -0.75 4.34822e-02 1.23157e-05
296 -0.75 4.16384e-02 1.27660e-05
16 -0.50 4.28079e-02 2.28067e-05
36 -0.50 4.15796e-02 9.11914e-06
56 -0.50 4.20327e-02 1.03545e-05
76 -0.50 4.33976e-02 6.29162e-06
96 -0.50 4.37044e-02 1.95452e-05
116 -0.50 4.31904e-02 1.04326e-05
136 -0.50 4.29211e-02 1.38051e-05
156 -0.50 4.46274e-02 2.06002e-05
176 -0.50 4.24478e-02 1.23994e-05
196 -0.50 4.33359e-02 1.21688e-05
216 -0.50 4.32503e-02 1.50677e-05
236 -0.50 4.13373e-02 1.05067e-05
256 -0.50 4.12483e-02 1.03977e-05
276 -0.50 4.42494e-02 2.11415e-05
296 -0.50 4.14268e-02 1.58197e-05
16 -0.25 4.23900e-02 1.39682e-05
36 -0.25 4.05024e-02 7.99161e-06
56 -0.25 4.12798e-02 1.11149e-05
76 -0.25 4.30447e-02 1.20124e-05
96 -0.25 4.39298e-02 1.36484e-05
116 -0.25 4.31218e-02 1.17742e-05
136 -0.25 4.14074e-02 9.35715e-06
156 -0.25 4.40154e-02 1.21027e-05
176 -0.25 4.30902e-02 1.03093e-05
196 -0.25 4.36989e-02 1.40934e-05
216 -0.25 4.37290e-02 1.82996e-05
236 -0.25 4.16950e-02 1.46839e-05
256 -0.25 4.15112e-02 1.19976e-05
276 -0.25 4.37814e-02 2.56541e-05
296 -0.25 4.07907e-02 7.26094e-06
16 0.00 4.16736e-02 1.00075e-05
36 0.00 4.17176e-02 2.34691e-05
56 0.00 4.16729e-02 1.58611e-05
76 0.00 4.27863e-02 1.23378e-05
96 0.00 4.27717e-02 9.50274e-06
116 0.00 4.27831e-02 1.21360e-05
136 0.00 4.14788e-02 1.52887e-05
156 0.00 4.27179e-02 1.09703e-05
176 0.00 4.24278e-02 1.34680e-05
196 0.00 4.23112e-02 1.00136e-05
216 0.00 4.08638e-02 1.14170e-05
236 0.00 4.13438e-02 1.14506e-05
256 0.00 4.05121e-02 2.04622e-05
276 0.00 4.12537e-02 1.03956e-05
296 0.00 4.08452e-02 1.27610e-05
16 0.25 4.12010e-02 1.45288e-05
36 0.25 4.07297e-02 1.14330e-05
56 0.25 4.21687e-02 1.95229e-05
76 0.25 4.25629e-02 1.55650e-05
96 0.25 4.35962e-02 1.41778e-05
116 0.25 4.22689e-02 1.46153e-05
136 0.25 4.10046e-02 1.01610e-05
156 0.25 4.32160e-02 1.16262e-05
176 0.25 4.22728e-02 9.90530e-06
196 0.25 4.21653e-02 6.63028e-06
216 0.25 4.14064e-02 1.07404e-05
236 0.25 4.15279e-02 6.96992e-06
256 0.25 4.12002e-02 8.39472e-06
276 0.25 4.39231e-02 3.24656e-05
296 0.25 4.15409e-02 1.34850e-05
16 0.50 4.24813e-02 1.55769e-05
36 0.50 4.00822e-02 7.80543e-06
56 0.50 4.17864e-02 1.00922e-05
76 0.50 4.13970e-02 9.65238e-06
96 0.50 4.28061e-02 1.70084e-05
116 0.50 4.25451e-02 1.87857e-05
136 0.50 4.22158e-02 1.54612e-05
156 0.50 4.34125e-02 2.12404e-05
176 0.50 4.28977e-02 1.19559e-05
196 0.50 4.30217e-02 1.85238e-05
216 0.50 4.21093e-02 1.07006e-05
236 0.50 4.10508e-02 1.45754e-05
256 0.50 4.08545e-02 1.51096e-05
276 0.50 4.22062e-02 1.52789e-05
296 0.50 4.01648e-02 1.30734e-05
16 0.75 4.09579e-02 1.94652e-05
36 0.75 4.09483e-02 1.33541e-05
56 0.75 4.11695e-02 9.40036e-06
76 0.75 4.27452e-02 1.64646e-05
96 0.75 4.32042e-02 1.34455e-05
116 0.75 4.26704e-02 1.41384e-05
136 0.75 4.14501e-02 1.41988e-05
156 0.75 4.26633e-02 1.56414e-05
176 0.75 4.33836e-02 1.39231e-05
196 0.75 4.30055e-02 1.57404e-05
216 0.75 4.19655e-02 1.09263e-05
236 0.75 4.06780e-02 1.55569e-05
256 0.75 4.07448e-02 9.31798e-06
276 0.75 4.26907e-02 2.08566e-05
296 0.75 4.02019e-02 1.53173e-05
16 1.00 4.13262e-02 1.04534e-05
36 1.00 4.02371e-02 1.51246e-05
56 1.00 4.10670e-02 1.19269e-05
76 1.00 4.23242e-02 1.21822e-05
96 1.00 4.20343e-02 2.25066e-05
116 1.00 4.24964e-02 1.14933e-05
136 1.00 4.22573e-02 1.19935e-05
156 1.00 4.10828e-02 8.57597e-06
176 1.00 4.30432e-02 3.42566e-05
196 1.00 4.32911e-02 1.24301e-05
216 1.00 4.22811e-02 2.54271e-05
236 1.00 4.06506e-02 1.74144e-05
256 1.00 3.96618e-02 9.79173e-06
276 1.00 4.14832e-02 1.23100e-05
296 1.00 4.07812e-02 1.69328e-05
17 -1.00 4.35460e-02 2.42032e-05
37 -1.00 4.00093e-02 1.41116e-05
57 -1.00 4.25153e-02 8.51390e-06
77 -1.00 4.11974e-02 5.58207e-06
97 -1.00 4.09969e-02 8.92538e-06
117 -1.00 4.09909e-02 9.09732e-06
137 -1.00 4.48353e-02 9.14224e-06
157 -1.00 4.33479e-02 9.79064e-06
177 -1.00 4.62965e-02 2.26454e-05
197 -1.00 4.38900e-02 1.05764e-05
217 -1.00 4.16221e-02 1.11955e-05
237 -1.00 4.22326e-02 1.59769e-05
257 -1.00 4.04183e-02 1.05149e-05
277 -1.00 4.09352e-02 9.63109e-06
297 -1.00 4.35499e-02 8.45031e-06
17 -0.75 4.35166e-02 9.67437e-06
37 -0.75 3.94544e-02 9.89074e-06
57 -0.75 4.19894e-02 1.34088e-05
77 -0.75 4.16987e-02 1.04001e-05
97 -0.75 4.04590e-02 7.03509e-06
117 -0.75 4.01798e-02 5.96158e-06
137 -0.75 4.37367e-02 1.48481e-05
157 -0.75 4.30323e-02 1.16665e-05
177 -0.75 4.45111e-02 1.80455e-05
197 -0.75 4.26458e-02 5.65016e-06
217 -0.75 4.23461e-02 1.60031e-05
237 -0.75 4.29281e-02 1.19401e-05
257 -0.75 4.10332e-02 1.35838e-05
277 -0.75 4.01775e-02 5.24359e-06
297 -0.75 4.37863e-02 1.43766e-05
17 -0.50 4.39415e-02 1.60401e-05
37 -0.50 4.01490e-02 9.64293e-06
57 -0.50 4.21323e-02 1.57038e-05
77 -0.50 4.12647e-02 1.05240e-05
97 -0.50 4.09009e-02 1.45815e-05
117 -0.50 4.07162e-02 9.24542e-06
137 -0.50 4.36345e-02 1.23825e-05
157 -0.50 4.25773e-02 9.85869e-06
177 -0.50 4.41490e-02 9.75833e-06
197 -0.50 4.24227e-02 9.04923e-06
217 -0.50 4.11337e-02 1.02741e-05
237 -0.50 4.22981e-02 1.19162e-05
257 -0.50 3.99996e-02 7.58791e-06
277 -0.50 4.02503e-02 1.08533e-05
297 -0.50 4.38663e-02 2.13052e-05
17 -0.25 4.42270e-02 1.69234e-05
37 -0.25 3.94759e-02 1.16765e-05
57 -0.25 4.17502e-02 1.10742e-05
77 -0.25 4.18060e-02 1.30583e-05
97 -0.25 4.06712e-02 1.18394e-05
117 -0.25 4.08113e-02 1.31567e-05
137 -0.25 4.29951e-02 1.21036e-05
157 -0.25 4.19400e-02 1.37870e-05
177 -0.25 4.39263e-02 1.18987e-05
197 -0.25 4.27825e-02 1.54877e-05
217 -0.25 4.06773e-02 8.88297e-06
237 -0.25 4.15265e-02 7.63529e-06
257 -0.25 3.95758e-02 1.29111e-05
277 -0.25 4.07619e-02 8.20936e-06
297 -0.25 4.30267e-02 1.24972e-05
17 0.00 4.40832e-02 1.69676e-05
37 0.00 4.00352e-02 6.34259e-06
57 0.00 4.19395e-02 1.11582e-05
77 0.00 4.13779e-02 9.22781e-06
97 0.00 3.90889e-02 5.64870e-06
117 0.00 4.08830e-02 1.37559e-05
137 0.00 4.37900e-02 1.52456e-05
157 0.00 4.33203e-02 1.21472e-05
177 0.00 4.41185e-02 1.89916e-05
197 0.00 4.22878e-02 2.64705e-05
217 0.00 4.09173e-02 9.33270e-06
237 0.00 4.06810e-02 1.34241e-05
257 0.00 4.03853e-02 1.30384e-05
277 0.00 4.01922e-02 1.20799e-05
297 0.00 4.26734e-02 1.24049e-05
17 0.25 4.41909e-02 1.54601e-05
37 0.25 3.88233e-02 1.06258e-05
57 0.25 4.17929e-02 1.31323e-05
77 0.25 4.15282e-02 1.70463e-05
97 0.25 3.93693e-02 1.85209e-05
117 0.25 4.05628e-02 1.50644e-05
137 0.25 4.38126e-02 1.86141e-05
157 0.25 4.18368e-02 1.52987e-05
177 0.25 4.37229e-02 1.53400e-05
197 0.25 4.20709e-02 1.33050e-05
217 0.25 4.04360e-02 6.93103e-06
237 0.25 4.16975e-02 1.66950e-05
257 0.25 3.95849e-02 9.52644e-06
277 0.25 4.00146e-02 1.10196e-05
297 0.25 4.24958e-02 1.53126e-05
17 0.50 4.26198e-02 1.15504e-05
37 0.50 3.82094e-02 7.24927e-06
57 0.50 4.13332e-02 9.38775e-06
77 0.50 4.04475e-02 9.81672e-06
97 0.50 4.03039e-02 1.34093e-05
117 0.50 4.02703e-02 1.23480e-05
137 0.50 4.33652e-02 1.67534e-05
157 0.50 4.13889e-02 1.07889e-05
177 0.50 4.44777e-02 1.39414e-05
197 0.50 4.30083e-02 1.76417e-05
217 0.50 4.20120e-02 1.37590e-05
237 0.50 4.14074e-02 1.32040e-05
257 0.50 3.93058e-02 1.46759e-05
277 0.50 4.00984e-02 1.29756e-05
297 0.50 4.20544e-02 8.70125e-06
17 0.75 4.16472e-02 1.23286e-05
37 0.75 3.94105e-02 1.19285e-05
57 0.75 4.11398e-02 7.37899e-06
77 0.75 4.12811e-02 1.31790e-05
97 0.75 3.99431e-02 1.52277e-05
117 0.75 4.09201e-02 1.66409e-05
137 0.75 4.33601e-02 8.60616e-06
157 0.75 4.23332e-02 1.85303e-05
177 0.75 4.34808e-02 1.51137e-05
197 0.75 4.26354e-02 1.55588e-05
217 0.75 4.03101e-02 8.07548e-06
237 0.75 4.07898e-02 1.76863e-05
257 0.75 3.84267e-02 6.01915e-06
277 0.75 4.01483e-02 9.83816e-06
297 0.75 4.25646e-02 1.73663e-05
17 1.00 4.24388e-02 1.34918e-05
37 1.00 4.00968e-02 1.59927e-05
57 1.00 4.13192e-02 1.59030e-05
77 1.00 4.08933e-02 1.01598e-05
97 1.00 3.91659e-02 1.75855e-05
117 1.00 3.98529e-02 1.18941e-05
137 1.00 4.21885e-02 1.53890e-05
157 1.00 4.23046e-02 1.13964e-05
177 1.00 4.34894e-02 2.55996e-05
197 1.00 4.21061e-02 1.29824e-05
217 1.00 4.09703e-02 1.20980e-05
237 1.00 4.14935e-02 2.32553e-05
257 1.00 4.11356e-02 2.44776e-05
277 1.00 4.03695e-02 1.59093e-05
297 1.00 4.24108e-02 2.34513e-05
18 -1.00 4.22386e-02 1.14431e-05
38 -1.00 4.29043e-02 1.37619e-05
58 -1.00 4.19530e-02 1.40087e-05
78 -1.00 4.03258e-02 7.87325e-06
98 -1.00 4.32390e-02 9.98983e-06
118 -1.00 4.32751e-02 8.79206e-06
138 -1.00 4.22288e-02 1.01731e-05
158 -1.00 4.28410e-02 8.84734e-06
178 -1.00 4.23288e-02 1.20097e-05
198 -1.00 4.27841e-02 1.25237e-05
218 -1.00 4.26176e-02 1.28751e-05
238 -1.00 4.15214e-02 1.20706e-05
258 -1.00 4.20545e-02 1.19202e-05
278 -1.00 4.14582e-02 6.83418e-06
298 -1.00 4.39160e-02 1.65106e-05
18 -0.75 4.20070e-02 1.09163e-05
38 -0.75 4.20614e-02 1.76533e-05
58 -0.75 4.10462e-02 1.77816e-05
78 -0.75 4.00327e-02 8.62920e-06
98 -0.75 4.32460e-02 1.33703e-05
118 -0.75 4.30397e-02 1.15296e-05
138 -0.75 4.15508e-02 1.68538e-05
158 -0.75 4.40294e-02 1.84251e-05
178 -0.75 4.19935e-02 2.34523e-05
198 -0.75 4.32203e-02 1.38922e-05
218 -0.75 4.16613e-02 1.71130e-05
238 -0.75 4.07153e-02 8.71900e-06
258 -0.75 4.25049e-02 1.84135e-05
278 -0.75 4.05460e-02 6.61155e-06
298 -0.75 4.39795e-02 1.83618e-05
18 -0.50 4.23320e-02 1.52156e-05
38 -0.50 4.21820e-02 9.69591e-06
58 -0.50 4.13412e-02 1.53328e-05
78 -0.50 3.94797e-02 8.14855e-06
98 -0.50 4.21705e-02 1.04304e-05
118 -0.50 4.15960e-02 7.48388e-06
138 -0.50 4.16793e-02 2.07840e-05
158 -0.50 4.26705e-02 1.18923e-05
178 -0.50 4.14599e-02 1.41900e-05
198 -0.50 4.32144e-02 1.89438e-05
218 -0.50 4.25447e-02 1.13320e-05
238 -0.50 4.23974e-02 1.70090e-05
258 -0.50 4.16024e-02 8.97751e-06
278 -0.50 4.13621e-02 1.21393e-05
298 -0.50 4.28736e-02 1.42709e-05
18 -0.25 4.21304e-02 9.23132e-06
38 -0.25 4.13657e-02 1.31322e-05
58 -0.25 4.01971e-02 8.46017e-06
78 -0.25 4.07096e-02 1.31752e-05
98 -0.25 4.18224e-02 8.41774e-06
118 -0.25 4.18186e-02 6.77758e-06
138 -0.25 4.06382e-02 1.41139e-05
158 -0.25 4.27787e-02 1.49764e-05
178 -0.25 4.11081e-02 7.76132e-06
198 -0.25 4.27990e-02 1.39877e-05
218 -0.25 4.20628e-02 1.88845e-05
238 -0.25 4.14780e-02 1.36360e-05
258 -0.25 4.19149e-02 1.29823e-05
278 -0.25 4.04965e-02 1.30019e-05
298 -0.25 4.17925e-02 1.05564e-05
18 0.00 4.17014e-02 1.56812e-05
38 0.00 4.17041e-02 1.10807e-05
58 0.00 3.95478e-02 1.13715e-05
78 0.00 3.95606e-02 1.32478e-05
98 0.00 4.14669e-02 8.42693e-06
118 0.00 4.26813e-02 1.20544e-05
138 0.00 4.12730e-02 1.43148e-05
158 0.00 4.17883e-02 1.14766e-05
178 0.00 4.08403e-02 1.13912e-05
198 0.00 4.25834e-02 1.53013e-05
218 0.00 4.19030e-02 1.08876e-05
238 0.00 4.14780e-02 9.80251e-06
258 0.00 4.14063e-02 9.11528e-06
278 0.00 4.00578e-02 1.36122e-05
298 0.00 4.22457e-02 2.02552e-05
18 0.25 4.07369e-02 6.72222e-06
38 0.25 4.14680e-02 1.24991e-05
58 0.25 4.08345e-02 1.33905e-05
78 0.25 3.88075e-02 1.21354e-05
98 0.25 4.27178e-02 1.48712e-05
118 0.25 4.19766e-02 1.56388e-05
138 0.25 4.16999e-02 2.88777e-05
158 0.25 4.26178e-02 1.68719e-05
178 0.25 4.14511e-02 1.21115e-05
198 0.25 4.18746e-02 1.19499e-05
218 0.25 4.12578e-02 1.39652e-05
238 0.25 4.14841e-02 1.42200e-05
258 0.25 4.06953e-02 7.73772e-06
278 0.25 4.02213e-02 8.66674e-06
298 0.25 4.30845e-02 1.89410e-05
18 0.50 4.10074e-02 1.12425e-05
38 0.50 4.13247e-02 9.24467e-06
58 0.50 4.06224e-02 1.23381e-05
78 0.50 3.86310e-02 1.72363e-05
98 0.50 4.23264e-02 1.20595e-05
118 0.50 4.11652e-02 1.33922e-05
138 0.50 4.05770e-02 1.88487e-05
158 0.50 4.15972e-02 1.49332e-05
178 0.50 4.15742e-02 1.70997e-05
198 0.50 4.29911e-02 2.13609e-05
218 0.50 4.01740e-02 6.96209e-06
238 0.50 4.15759e-02 1.26534e-05
258 0.50 4.08340e-02 7.32966e-06
278 0.50 4.05862e-02 1.73511e-05
298 0.50 4.16407e-02 1.16743e-05
18 0.75 4.08069e-02 1.44257e-05
38 0.75 4.07519e-02 2.13502e-05
58 0.75 3.96496e-02 1.25688e-05
78 0.75 3.94663e-02 1.26709e-05
98 0.75 4.15439e-02 1.08428e-05
118 0.75 4.15801e-02 1.56080e-05
138 0.75 4.12487e-02 1.29463e-05
158 0.75 4.27196e-02 1.37244e-05
178 0.75 4.08054e-02 1.01749e-05
198 0.75 4.13320e-02 1.22219e-05
218 0.75 3.99228e-02 1.08869e-05
238 0.75 4.11849e-02 1.50033e-05
258 0.75 4.19038e-02 1.44385e-05
278 0.75 4.10891e-02 2.72951e-05
298 0.75 4.21202e-02 2.52388e-05
18 1.00 4.07685e-02 1.86996e-05
38 1.00 4.07246e-02 1.74238e-05
58 1.00 4.01595e-02 1.85892e-05
78 1.00 3.87039e-02 1.01696e-05
98 1.00 4.15955e-02 1.16567e-05
118 1.00 4.25198e-02 1.76975e-05
138 1.00 3.91734e-02 1.31397e-05
158 1.00 4.07903e-02 1.09071e-05
178 1.00 4.10358e-02 1.19773e-05
198 1.00 4.19395e-02 1.01977e-05
218 1.00 4.02106e-02 8.87956e-06
238 1.00 3.98041e-02 8.05878e-06
258 1.00 4.22665e-02 2.61297e-05
278 1.00 3.98843e-02 1.29215e-05
298 1.00 4.22825e-02 2.08245e-05
19 -1.00 4.26434e-02 1.46365e-05
39 -1.00 4.19335e-02 1.91016e-05
59 -1.00 4.25253e-02 1.18827e-05
79 -1.00 4.22712e-02 8.77244e-06
99 -1.00 4.30764e-02 1.38563e-05
119 -1.00 4.44684e-02 2.92675e-05
139 -1.00 4.10478e-02 9.50249e-06
159 -1.00 4.28090e-02 1.95235e-05
179 -1.00 4.16784e-02 1.18139e-05
199 -1.00 4.07510e-02 1.12304e-05
219 -1.00 4.51358e-02 9.94095e-06
239 -1.00 4.25627e-02 9.03001e-06
259 -1.00 4.39944e-02 1.28491e-05
279 -1.00 4.29740e-02 1.08183e-05
299 -1.00 4.13588e-02 8.28863e-06
19 -0.75 4.11589e-02 1.34377e-05
39 -0.75 4.15447e-02 1.81155e-05
59 -0.75 4.16464e-02 1.11249e-05
79 -0.75 4.16190e-02 1.12399e-05
99 -0.75 4.43636e-02 1.31836e-05
119 -0.75 4.36567e-02 1.75785e-05
139 -0.75 4.11258e-02 1.23664e-05
159 -0.75 4.30736e-02 1.36107e-05
179 -0.75 4.18633e-02 8.79724e-06
199 -0.75 4.01583e-02 6.65236e-06
219 -0.75 4.37970e-02 1.04465e-05
239 -0.75 4.48886e-02 2.18430e-05
259 -0.75 4.41844e-02 1.13658e-05
279 -0.75 4.29138e-02 1.51113e-05
299 -0.75 4.14720e-02 9.17404e-06
19 -0.50 4.29099e-02 1.97693e-05
39 -0.50 3.97505e-02 1.31758e-05
59 -0.50 4.13456e-02 9.34777e-06
79 -0.50 4.20652e-02 9.17764e-06
99 -0.50 4.34265e-02 2.13203e-05
119 -0.50 4.24982e-02 1.10692e-05
139 -0.50 4.08023e-02 9.67068e-06
159 -0.50 4.26343e-02 1.43423e-05
179 -0.50 4.19372e-02 1.51329e-05
199 -0.50 4.07759e-02 2.25275e-05
219 -0.50 4.43336e-02 1.60763e-05
239 -0.50 4.30738e-02 1.09954e-05
259 -0.50 4.37525e-02 1.61162e-05
279 -0.50 4.21206e-02 1.62472e-05
299 -0.50 4.11125e-02 8.45557e-06
19 -0.25 4.17465e-02 1.76335e-05
39 -0.25 4.02096e-02 7.83501e-06
59 -0.25 4.25525e-02 2.02603e-05
79 -0.25 4.25834e-02 1.56074e-05
99 -0.25 4.30069e-02 1.11190e-05
119 -0.25 4.32564e-02 1.04777e-05
139 -0.25 4.06794e-02 1.05642e-05
159 -0.25 4.22360e-02 1.10940e-05
179 -0.25 4.23570e-02 1.76112e-05
199 -0.25 4.03770e-02 1.25130e-05
219 -0.25 4.35736e-02 1.89210e-05
239 -0.25 4.25842e-02 2.10945e-05
259 -0.25 4.30378e-02 1.12817e-05
279 -0.25 4.18288e-02 1.29899e-05
299 -0.25 4.20335e-02 1.09806e-05
19 0.00 4.21035e-02 2.37256e-05
39 0.00 4.04153e-02 8.61569e-06
59 0.00 4.12819e-02 1.32261e-05
79 0.00 4.17535e-02 9.93353e-06
99 0.00 4.35052e-02 2.47678e-05
119 0.00 4.21232e-02 9.58736e-06
139 0.00 4.14692e-02 1.67415e-05
159 0.00 4.20054e-02 1.64635e-05
179 0.00 4.24678e-02 1.88315e-05
199 0.00 4.04018e-02 1.60069e-05
219 0.00 4.37450e-02 1.74922e-05
239 0.00 4.31925e-02 1.79023e-05
259 0.00 4.23979e-02 1.06690e-05
279 0.00 4.15983e-02 1.18427e-05
299 0.00 4.13145e-02 1.75399e-05
19 0.25 4.19604e-02 1.48421e-05
39 0.25 4.04963e-02 1.07615e-05
59 0.25 4.11561e-02 1.19784e-05
79 0.25 4.10121e-02 1.02566e-05
99 0.25 4.23251e-02 1.33203e-05
119 0.25 4.18251e-02 1.66262e-05
139 0.25 4.13333e-02 1.77706e-05
159 0.25 4.19332e-02 1.02314e-05
179 0.25 4.15375e-02 1.16420e-05
199 0.25 3.99600e-02 9.81095e-06
219 0.25 4.32788e-02 1.90839e-05
239 0.25 4.21451e-02 1.37363e-05
259 0.25 4.14614e-02 1.10816e-05
279 0.25 4.14488e-02 6.82236e-06
299 0.25 4.08524e-02 5.40105e-06
19 0.50 4.22188e-02 1.90466e-05
39 0.50 3.97448e-02 2.05259e-05
59 0.50 4.12365e-02 1.37206e-05
79 0.50 4.11416e-02 1.35868e-05
99 0.50 4.25988e-02 2.21447e-05
119 0.50 4.12484e-02 1.26194e-05
139 0.50 3.96564e-02 7.81377e-06
159 0.50 4.04070e-02 9.60692e-06
179 0.50 4.08953e-02 8.14060e-06
199 0.50 4.05761e-02 1.02068e-05
219 0.50 4.22023e-02 9.19569e-06
239 0.50 4.17502e-02 1.03768e-05
259 0.50 4.20528e-02 1.14002e-05
279 0.50 4.18218e-02 1.25866e-05
299 0.50 4.17655e-02 1.64645e-05
19 0.75 4.08731e-02 1.85402e-05
39 0.75 4.03221e-02 1.17606e-05
59 0.75 4.09056e-02 2.43855e-05
79 0.75 4.15271e-02 2.06630e-05
99 0.75 4.16712e-02 1.22696e-05
119 0.75 4.19462e-02 1.14354e-05
139 0.75 4.05849e-02 1.02268e-05
159 0.75 4.08974e-02 1.21258e-05
179 0.75 3.98113e-02 9.76122e-06
199 0.75 3.98176e-02 1.31155e-05
219 0.75 4.35730e-02 1.96908e-05
239 0.75 4.20983e-02 1.69770e-05
259 0.75 4.24675e-02 1.44443e-05
279 0.75 4.24758e-02 2.00916e-05
299 0.75 4.08995e-02 1.25571e-05
19 1.00 4.12211e-02 1.47627e-05
39 1.00 3.87829e-02 9.60992e-06
59 1.00 4.03317e-02 1.51431e-05
79 1.00 4.09627e-02 2.08391e-05
99 1.00 4.27645e-02 1.59510e-05
119 1.00 4.12198e-02 1.25268e-05
139 1.00 3.97810e-02 1.04519e-05
159 1.00 4.03483e-02 1.09600e-05
179 1.00 4.10284e-02 1.40634e-05
199 1.00 4.03733e-02 1.29110e-05
219 1.00 4.19475e-02 1.08422e-05
239 1.00 4.18132e-02 1.86988e-05
259 1.00 4.25754e-02 1.89504e-05
279 1.00 4.15273e-02 2.09319e-05
299 1.00 4.02146e-02 1.82696e-05
1 -1.00 4.44812e-02 1.41908e-05
21 -1.00 4.32492e-02 1.92507e-05
41 -1.00 4.20556e-02 1.67674e-05
61 -1.00 4.20387e-02 1.05787e-05
81 -1.00 4.67666e-02 2.60771e-05
101 -1.00 4.30951e-02 2.42869e-05
121 -1.00 4.54237e-02 1.28396e-05
141 -1.00 4.27698e-02 1.74004e-05
161 -1.00 4.27877e-02 8.94456e-06
181 -1.00 4.33584e-02 2.38653e-05
201 -1.00 4.36194e-02 7.64019e-06
221 -1.00 4.56238e-02 9.96433e-06
241 -1.00 4.40395e-02 7.59823e-06
261 -1.00 4.25412e-02 1.65001e-05
281 -1.00 4.38646e-02 9.27038e-06
1 -0.75 4.36041e-02 1.53962e-05
21 -0.75 4.36037e-02 1.74638e-05
41 -0.75 4.13008e-02 2.17381e-05
61 -0.75 4.21592e-02 5.85796e-06
81 -0.75 4.53369e-02 1.18181e-05
101 -0.75 4.22655e-02 1.26445e-05
121 -0.75 4.48037e-02 2.04507e-05
141 -0.75 4.13835e-02 1.23769e-05
161 -0.75 4.29339e-02 1.77414e-05
181 -0.75 4.34402e-02 2.23439e-05
201 -0.75 4.34296e-02 1.27563e-05
221 -0.75 4.41282e-02 1.07028e-05
241 -0.75 4.36034e-02 1.44578e-05
261 -0.75 4.18202e-02 1.11354e-05
281 -0.75 4.33742e-02 1.41112e-05
1 -0.50 4.30489e-02 1.46001e-05
21 -0.50 4.34789e-02 1.48830e-05
41 -0.50 4.07690e-02 1.16051e-05
61 -0.50 4.16323e-02 1.28036e-05
81 -0.50 4.56011e-02 1.04769e-05
101 -0.50 4.22471e-02 1.21771e-05
121 -0.50 4.46124e-02 1.25381e-05
141 -0.50 4.16081e-02 1.06498e-05
161 -0.50 4.33375e-02 3.02683e-05
181 -0.50 4.24427e-02 1.14465e-05
201 -0.50 4.31594e-02 1.79070e-05
221 -0.50 4.33863e-02 1.02525e-05
241 -0.50 4.33989e-02 1.02463e-05
261 -0.50 4.23585e-02 1.45374e-05
281 -0.50 4.26683e-02 7.18588e-06
1 -0.25 4.28334e-02 2.25150e-05
21 -0.25 4.23442e-02 9.93161e-06
41 -0.25 4.03807e-02 9.57716e-06
61 -0.25 4.22322e-02 1.53832e-05
81 -0.25 4.51066e-02 1.64974e-05
101 -0.25 4.21299e-02 1.47938e-05
121 -0.25 4.47823e-02 1.09267e-05
141 -0.25 4.14669e-02 7.18844e-06
161 -0.25 4.20836e-02 1.43832e-05
181 -0.25 4.32119e-02 1.98732e-05
201 -0.25 4.27679e-02 9.42727e-06
221 -0.25 4.49590e-02 2.01585e-05
241 -0.25 4.39404e-02 1.31010e-05
261 -0.25 4.12102e-02 7.26552e-06
281 -0.25 4.36964e-02 3.53987e-05
1 0.00 4.18058e-02 9.55388e-06
21 0.00 4.19521e-02 1.41337e-05
41 0.00 4.05935e-02 1.31338e-05
61 0.00 4.16801e-02 1.40111e-05
81 0.00 4.52857e-02 1.67329e-05
101 0.00 4.17398e-02 1.14699e-05
121 0.00 4.39368e-02 1.24735e-05
141 0.00 4.12348e-02 9.11797e-06
161 0.00 4.25460e-02 1.37754e-05
181 0.00 4.17883e-02 7.76493e-06
201 0.00 4.23060e-02 1.18410e-05
221 0.00 4.28253e-02 1.27503e-05
241 0.00 4.31030e-02 2.02992e-05
261 0.00 4.13850e-02 1.17259e-05
281 0.00 4.30831e-02 1.55988e-05
1 0.25 4.27704e-02 1.78337e-05
21 0.25 4.24048e-02 2.78147e-05
41 0.25 4.10482e-02 2.28770e-05
61 0.25 4.13076e-02 1.13063e-05
81 0.25 4.62271e-02 1.70186e-05
101 0.25 4.20535e-02 1.45645e-05
121 0.25 4.50403e-02 2.54995e-05
141 0.25 4.00360e-02 9.55023e-06
161 0.25 4.09469e-02 1.02372e-05
181 0.25 4.27864e-02 1.67065e-05
201 0.25 4.22611e-02 9.81305e-06
221 0.25 4.43656e-02 1.46195e-05
241 0.25 4.24058e-02 8.57082e-06
261 0.25 4.17365e-02 1.15282e-05
281 0.25 4.18030e-02 1.11496e-05
1 0.50 4.28728e-02 1.49842e-05
21 0.50 4.27685e-02 1.19583e-05
41 0.50 3.98138e-02 1.18885e-05
61 0.50 4.06467e-02 1.09706e-05
81 0.50 4.40513e-02 1.65335e-05
101 0.50 4.13212e-02 1.12349e-05
121 0.50 4.33609e-02 2.04003e-05
141 0.50 4.09387e-02 1.21382e-05
161 0.50 4.25098e-02 2.25662e-05
181 0.50 4.18031e-02 1.18631e-05
201 0.50 4.25832e-02 1.65211e-05
221 0.50 4.21424e-02 1.07381e-05
241 0.50 4.12860e-02 1.33292e-05
261 0.50 4.09033e-02 1.24296e-05
281 0.50 4.21116e-02 1.51497e-05
1 0.75 4.25181e-02 1.33795e-05
21 0.75 4.07710e-02 1.50123e-05
41 0.75 3.98925e-02 1.71788e-05
61 0.75 4.18575e-02 1.13101e-05
81 0.75 4.38384e-02 1.41732e-05
101 0.75 4.19503e-02 1.16869e-05
121 0.75 4.51519e-02 2.92820e-05
141 0.75 4.03144e-02 1.26079e-05
161 0.75 4.11754e-02 1.30171e-05
181 0.75 4.31327e-02 1.31689e-05
201 0.75 4.18753e-02 2.42486e-05
221 0.75 4.18528e-02 1.37260e-05
241 0.75 4.20833e-02 1.14098e-05
261 0.75 4.13826e-02 1.70240e-05
281 0.75 4.18850e-02 1.05417e-05
1 1.00 4.15971e-02 1.06989e-05
21 1.00 4.05891e-02 8.54173e-06
41 1.00 4.00393e-02 1.68087e-05
61 1.00 4.14270e-02 2.17870e-05
81 1.00 4.44673e-02 1.15716e-05
101 1.00 4.14410e-02 1.09926e-05
121 1.00 4.36738e-02 2.05561e-05
141 1.00 4.01382e-02 9.28198e-06
161 1.00 4.07770e-02 9.30002e-06
181 1.00 4.21344e-02 1.39710e-05
201 1.00 4.10896e-02 1.59366e-05
221 1.00 4.22967e-02 1.09577e-05
241 1.00 4.08318e-02 1.47981e-05
261 1.00 4.19924e-02 2.04626e-05
281 1.00 4.14008e-02 1.37334e-05
20 -1.00 4.01075e-02 7.89329e-06
40 -1.00 4.30586e-02 1.01255e-05
60 -1.00 4.41277e-02 1.07241e-05
80 -1.00 4.49628e-02 1.11804e-05
100 -1.00 4.41489e-02 8.46417e-06
120 -1.00 4.48148e-02 1.56394e-05
140 -1.00 4.43718e-02 1.09122e-05
160 -1.00 4.11970e-02 1.71559e-05
180 -1.00 4.35909e-02 1.62187e-05
200 -1.00 4.22670e-02 1.28168e-05
220 -1.00 4.48665e-02 1.17240e-05
240 -1.00 4.26961e-02 1.52461e-05
260 -1.00 4.46798e-02 1.84855e-05
280 -1.00 4.07838e-02 7.59026e-06
300 -1.00 4.42710e-02 1.41700e-05
20 -0.75 4.39098e-02 9.69539e-06
40 -0.75 4.24194e-02 1.29789e-05
60 -0.75 4.55823e-02 1.31464e-05
80 -0.75 4.55091e-02 1.92778e-05
100 -0.75 4.50794e-02 2.60470e-05
120 -0.75 4.50324e-02 1.40827e-05
140 -0.75 4.47717e-02 1.33176e-05
160 -0.75 4.22252e-02 1.00255e-05
180 -0.75 4.28905e-02 1.06819e-05
200 -0.75 4.27541e-02 1.02140e-05
220 -0.75 4.51359e-02 2.16924e-05
240 -0.75 4.23944e-02 1.42712e-05
260 -0.75 4.41558e-02 1.16502e-05
280 -0.75 4.11576e-02 1.16290e-05
300 -0.75 4.35763e-02 8.64131e-06
20 -0.50 4.24192e-02 1.21073e-05
40 -0.50 4.20973e-02 1.01253e-05
60 -0.50 4.44085e-02 1.94585e-05
80 -0.50 4.47126e-02 1.12130e-05
100 -0.50 4.32214e-02 1.29274e-05
120 -0.50 4.41740e-02 1.20314e-05
140 -0.50 4.37687e-02 1.59659e-05
160 -0.50 3.98680e-02 6.27395e-06
180 -0.50 4.28858e-02 1.21502e-05
200 -0.50 4.17072e-02 1.13559e-05
220 -0.50 4.39995e-02 1.42976e-05
240 -0.50 4.28797e-02 8.93129e-06
260 -0.50 4.48848e-02 1.66396e-05
280 -0.50 4.03543e-02 8.08687e-06
300 -0.50 4.30506e-02 8.50710e-06
20 -0.25 4.19385e-02 1.84968e-05
40 -0.25 4.17961e-02 6.31348e-06
60 -0.25 4.47343e-02 2.24015e-05
80 -0.25 4.40409e-02 8.29847e-06
100 -0.25 4.23671e-02 8.61907e-06
120 -0.25 4.43328e-02 1.25016e-05
140 -0.25 4.30583e-02 1.24702e-05
160 -0.25 4.06483e-02 9.82297e-06
180 -0.25 4.22048e-02 1.08251e-05
200 -0.25 4.21028e-02 1.34335e-05
220 -0.25 4.40516e-02 1.98510e-05
240 -0.25 4.27658e-02 1.50267e-05
260 -0.25 4.38766e-02 9.99666e-06
280 -0.25 4.17269e-02 1.78084e-05
300 -0.25 4.30425e-02 1.27032e-05
20 0.00 4.14608e-02 7.72930e-06
40 0.00 4.30645e-02 8.98556e-06
60 0.00 4.43358e-02 9.72484e-06
80 0.00 4.54480e-02 1.32553e-05
100 0.00 4.36599e-02 1.66476e-05
120 0.00 4.36090e-02 1.41436e-05
140 0.00 4.32279e-02 1.01560e-05
160 0.00 4.15294e-02 1.20480e-05
180 0.00 4.27804e-02 2.14825e-05
200 0.00 4.07002e-02 8.27888e-06
220 0.00 4.39947e-02 1.26334e-05
240 0.00 4.21624e-02 1.17396e-05
260 0.00 4.30087e-02 1.82628e-05
280 0.00 4.08066e-02 1.18621e-05
300 0.00 4.32114e-02 8.99177e-06
20 0.25 4.26394e-02 1.70684e-05
40 0.25 4.19888e-02 1.52571e-05
60 0.25 4.30069e-02 7.68200e-06
80 0.25 4.41073e-02 2.20046e-05
100 0.25 4.32762e-02 1.57433e-05
120 0.25 4.32467e-02 1.56715e-05
140 0.25 4.21915e-02 1.45715e-05
160 0.25 4.05372e-02 1.21710e-05
180 0.25 4.17208e-02 1.44267e-05
200 0.25 4.12375e-02 1.13342e-05
220 0.25 4.40178e-02 1.49167e-05
240 0.25 4.26852e-02 1.22199e-05
260 0.25 4.29099e-02 1.84084e-05
280 0.25 4.11377e-02 1.36176e-05
300 0.25 4.30482e-02 1.02214e-05
20 0.50 4.14859e-02 1.39392e-05
40 0.50 4.24343e-02 1.11605e-05
60 0.50 4.30943e-02 1.09310e-05
80 0.50 4.41340e-02 1.11964e-05
100 0.50 4.25001e-02 1.54002e-05
120 0.50 4.32872e-02 1.04226e-05
140 0.50 4.25576e-02 1.89394e-05
160 0.50 4.05272e-02 1.22340e-05
180 0.50 4.24549e-02 1.09889e-05
200 0.50 4.00995e-02 1.36834e-05
220 0.50 4.32561e-02 1.72824e-05
240 0.50 4.21553e-02 1.45586e-05
260 0.50 4.25449e-02 8.41320e-06
280 0.50 4.04971e-02 1.04033e-05
300 0.50 4.22601e-02 1.20935e-05
20 0.75 4.19268e-02 9.62978e-06
40 0.75 4.21083e-02 1.93551e-05
60 0.75 4.50161e-02 2.72868e-05
80 0.75 4.30040e-02 1.39595e-05
100 0.75 4.23998e-02 1.51219e-05
120 0.75 4.35722e-02 3.35938e-05
140 0.75 4.15140e-02 1.38880e-05
160 0.75 4.07633e-02 1.68039e-05
180 0.75 4.10650e-02 1.12225e-05
200 0.75 4.09072e-02 1.44960e-05
220 0.75 4.29709e-02 1.41154e-05
240 0.75 4.19274e-02 2.28118e-05
260 0.75 4.24024e-02 1.06175e-05
280 0.75 4.01121e-02 1.77922e-05
300 0.75 4.21598e-02 8.19041e-06
20 1.00 4.15217e-02 6.82708e-06
40 1.00 4.15643e-02 1.72568e-05
60 1.00 4.32038e-02 1.02825e-05
80 1.00 4.31564e-02 1.62167e-05
100 1.00 4.17287e-02 1.26682e-05
120 1.00 4.24507e-02 1.73324e-05
140 1.00 4.35960e-02 1.85414e-05
160 1.00 4.05047e-02 1.17596e-05
180 1.00 4.16123e-02 9.34065e-06
200 1.00 3.96133e-02 1.30434e-05
220 1.00 4.27884e-02 2.16096e-05
240 1.00 4.15214e-02 9.24116e-06
260 1.00 4.31047e-02 1.59418e-05
280 1.00 3.99851e-02 9.91103e-06
300 1.00 4.20995e-02 1.81870e-05
2 -1.00 4.18604e-02 1.35175e-05
22 -1.00 4.26375e-02 1.59627e-05
42 -1.00 4.04182e-02 4.99769e-06
62 -1.00 4.32286e-02 9.33615e-06
82 -1.00 4.20581e-02 8.96295e-06
102 -1.00 4.16003e-02 8.48883e-06
122 -1.00 4.39992e-02 1.26631e-05
142 -1.00 4.27189e-02 1.09255e-05
162 -1.00 4.25092e-02 1.20303e-05
182 -1.00 4.23370e-02 6.93964e-06
202 -1.00 4.14808e-02 1.39455e-05
222 -1.00 4.27065e-02 1.28874e-05
242 -1.00 4.18633e-02 1.00695e-05
262 -1.00 4.21347e-02 1.19063e-05
282 -1.00 4.36444e-02 9.17116e-06
2 -0.75 4.27418e-02 1.13339e-05
22 -0.75 4.09204e-02 1.19529e-05
42 -0.75 3.98929e-02 7.68216e-06
62 -0.75 4.25305e-02 1.08010e-05
82 -0.75 4.13273e-02 9.82601e-06
102 -0.75 4.12172e-02 9.46280e-06
122 -0.75 4.49120e-02 2.17223e-05
142 -0.75 4.31059e-02 1.69584e-05
162 -0.75 4.33082e-02 1.26670e-05
182 -0.75 4.22025e-02 1.13708e-05
202 -0.75 4.18636e-02 1.00953e-05
222 -0.75 4.26602e-02 1.92104e-05
242 -0.75 4.20085e-02 1.47507e-05
262 -0.75 4.25795e-02 1.38166e-05
282 -0.75 4.44407e-02 8.86681e-06
2 -0.50 4.30454e-02 1.57155e-05
22 -0.50 4.24652e-02 1.53258e-05
42 -0.50 4.01980e-02 1.21557e-05
62 -0.50 4.25448e-02 1.16464e-05
82 -0.50 4.12751e-02 1.03154e-05
102 -0.50 4.18920e-02 1.90389e-05
122 -0.50 4.50251e-02 1.67606e-05
142 -0.50 4.28349e-02 1.15350e-05
162 -0.50 4.28521e-02 2.51601e-05
182 -0.50 4.14222e-02 1.03215e-05
202 -0.50 4.09030e-02 1.10464e-05
222 -0.50 4.22982e-02 1.00941e-05
242 -0.50 4.14597e-02 1.15316e-05
262 -0.50 4.20796e-02 1.33471e-05
282 -0.50 4.44460e-02 1.38369e-05
2 -0.25 4.20367e-02 1.35084e-05
22 -0.25 4.13901e-02 1.38381e-05
42 -0.25 4.05179e-02 9.24595e-06
62 -0.25 4.22706e-02 1.30732e-05
82 -0.25 4.04968e-02 1.30270e-05
102 -0.25 4.17345e-02 1.56316e-05
122 -0.25 4.43696e-02 1.22236e-05
142 -0.25 4.22085e-02 9.35901e-06
162 -0.25 4.21738e-02 1.70098e-05
182 -0.25 4.20517e-02 8.71526e-06
202 -0.25 4.13074e-02 2.05703e-05
222 -0.25 4.17239e-02 1.00119e-05
242 -0.25 4.12236e-02 1.23593e-05
262 -0.25 4.14542e-02 7.73591e-06
282 -0.25 4.35001e-02 1.29712e-05
2 0.00 4.24545e-02 1.41556e-05
22 0.00 4.06087e-02 9.38220e-06
42 0.00 4.11854e-02 1.30045e-05
62 0.00 4.19146e-02 1.10419e-05
82 0.00 4.06667e-02 6.80890e-06
102 0.00 4.06685e-02 1.33620e-05
122 0.00 4.45586e-02 2.85893e-05
142 0.00 4.25912e-02 8.87640e-06
162 0.00 4.07477e-02 7.74687e-06
182 0.00 4.22207e-02 9.46964e-06
202 0.00 3.95889e-02 5.53272e-06
222 0.00 4.21162e-02 1.89089e-05
242 0.00 4.14569e-02 1.69245e-05
262 0.00 4.13940e-02 1.50246e-05
282 0.00 4.36087e-02 2.54924e-05
2 0.25 4.15168e-02 1.16684e-05
22 0.25 4.04514e-02 1.73936e-05
42 0.25 4.06566e-02 1.76087e-05
62 0.25 4.20530e-02 1.01970e-05
82 0.25 4.08613e-02 1.09613e-05
102 0.25 4.07390e-02 1.57446e-05
122 0.25 4.40381e-02 1.74774e-05
142 0.25 4.26459e-02 1.22003e-05
162 0.25 4.15094e-02 1.63469e-05
182 0.25 4.14918e-02 8.53780e-06
202 0.25 4.02743e-02 8.10809e-06
222 0.25 4.10598e-02 1.39038e-05
242 0.25 4.19730e-02 1.35200e-05
262 0.25 4.19115e-02 1.02593e-05
282 0.25 4.34705e-02 2.55792e-05
2 0.50 4.32208e-02 2.94475e-05
22 0.50 3.95254e-02 1.20598e-05
42 0.50 4.02447e-02 1.47899e-05
62 0.50 4.21997e-02 1.64241e-05
82 0.50 3.88930e-02 1.19159e-05
102 0.50 4.07002e-02 1.64761e-05
122 0.50 4.32221e-02 1.56383e-05
142 0.50 4.15610e-02 1.33941e-05
162 0.50 4.10879e-02 9.84442e-06
182 0.50 4.22295e-02 9.74769e-06
202 0.50 4.09084e-02 1.00786e-05
222 0.50 4.14388e-02 1.72511e-05
242 0.50 4.18188e-02 2.12758e-05
262 0.50 4.20919e-02 1.68422e-05
282 0.50 4.33778e-02 1.80757e-05
2 0.75 4.18561e-02 1.91686e-05
22 0.75 4.02248e-02 1.28889e-05
42 0.75 4.05434e-02 1.61732e-05
62 0.75 4.22872e-02 1.85900e-05
82 0.75 4.13886e-02 1.54524e-05
102 0.75 4.07123e-02 1.24992e-05
122 0.75 4.30757e-02 1.79829e-05
142 0.75 4.10034e-02 1.30630e-05
162 0.75 4.07777e-02 2.33758e-05
182 0.75 4.18032e-02 1.63629e-05
202 0.75 4.05435e-02 1.45198e-05
222 0.75 4.22046e-02 1.77858e-05
242 0.75 4.14477e-02 1.72868e-05
262 0.75 4.09236e-02 2.19413e-05
282 0.75 4.29586e-02 1.63555e-05
2 1.00 4.19797e-02 1.07219e-05
22 1.00 3.92976e-02 1.02583e-05
42 1.00 3.98370e-02 1.28775e-05
62 1.00 4.06355e-02 1.22446e-05
82 1.00 4.09992e-02 2.30546e-05
102 1.00 4.08577e-02 1.76014e-05
122 1.00 4.31138e-02 2.47536e-05
142 1.00 4.21370e-02 9.29218e-06
162 1.00 4.06258e-02 1.82017e-05
182 1.00 4.21378e-02 1.64283e-05
202 1.00 4.09688e-02 1.67938e-05
222 1.00 4.12213e-02 1.99689e-05
242 1.00 4.02889e-02 1.18165e-05
262 1.00 4.02594e-02 1.76848e-05
282 1.00 4.25510e-02 1.23752e-05
3 -1.00 4.09820e-02 1.40317e-05
23 -1.00 4.09492e-02 9.25192e-06
43 -1.00 4.30645e-02 8.22582e-06
63 -1.00 4.38574e-02 1.03714e-05
83 -1.00 4.35214e-02 1.07218e-05
103 -1.00 4.17777e-02 1.01110e-05
123 -1.00 3.96195e-02 1.11323e-05
143 -1.00 4.30772e-02 1.10566e-05
163 -1.00 4.16091e-02 1.14992e-05
183 -1.00 4.46616e-02 1.07473e-05
203 -1.00 4.24548e-02 1.26946e-05
223 -1.00 4.28837e-02 7.31673e-06
243 -1.00 4.43038e-02 1.38124e-05
263 -1.00 4.19322e-02 9.31047e-06
283 -1.00 4.37173e-02 1.55757e-05
3 -0.75 4.20955e-02 1.22750e-05
23 -0.75 4.07705e-02 7.31355e-06
43 -0.75 4.33211e-02 1.55173e-05
63 -0.75 4.34165e-02 1.50461e-05
83 -0.75 4.27449e-02 1.84765e-05
103 -0.75 4.21522e-02 1.26701e-05
123 -0.75 4.01054e-02 9.71694e-06
143 -0.75 4.22060e-02 1.27308e-05
163 -0.75 4.12225e-02 7.87903e-06
183 -0.75 4.40846e-02 1.31636e-05
203 -0.75 4.20277e-02 1.23406e-05
223 -0.75 4.31490e-02 1.04777e-05
243 -0.75 4.29476e-02 1.23918e-05
263 -0.75 4.19790e-02 1.22698e-05
283 -0.75 4.22163e-02 1.05193e-05
3 -0.50 4.16995e-02 9.68521e-06
23 -0.50 4.07637e-02 1.84083e-05
43 -0.50 4.33030e-02 8.88980e-06
63 -0.50 4.42138e-02 2.39064e-05
83 -0.50 4.25149e-02 7.64502e-06
103 -0.50 4.09891e-02 9.96896e-06
123 -0.50 3.90730e-02 8.69102e-06
143 -0.50 4.27110e-02 1.60414e-05
163 -0.50 4.01301e-02 6.85517e-06
183 -0.50 4.38125e-02 1.79386e-05
203 -0.50 4.35815e-02 1.87869e-05
223 -0.50 4.34525e-02 1.77334e-05
243 -0.50 4.32461e-02 1.75566e-05
263 -0.50 4.14047e-02 1.62997e-05
283 -0.50 4.29316e-02 1.43594e-05
3 -0.25 4.17590e-02 9.08143e-06
23 -0.25 4.01791e-02 5.99740e-06
43 -0.25 4.17305e-02 8.67682e-06
63 -0.25 4.28678e-02 1.31326e-05
83 -0.25 4.16719e-02 1.05036e-05
103 -0.25 4.15072e-02 6.66405e-06
123 -0.25 3.93740e-02 1.05029e-05
143 -0.25 4.18031e-02 1.54180e-05
163 -0.25 4.17762e-02 1.79882e-05
183 -0.25 4.40464e-02 9.93872e-06
203 -0.25 4.14282e-02 1.33935e-05
223 -0.25 4.22258e-02 1.10618e-05
243 -0.25 4.29057e-02 1.13878e-05
263 -0.25 4.09583e-02 7.77202e-06
283 -0.25 4.13813e-02 9.86418e-06
3 0.00 4.17308e-02 1.64873e-05
23 0.00 4.12011e-02 1.35196e-05
43 0.00 4.25284e-02 1.35684e-05
63 0.00 4.41768e-02 2.77888e-05
83 0.00 4.20884e-02 1.36626e-05
103 0.00 4.06227e-02 1.06919e-05
123 0.00 3.83557e-02 8.80123e-06
143 0.00 4.27602e-02 1.16108e-05
163 0.00 4.04463e-02 1.58888e-05
183 0.00 4.26851e-02 1.32031e-05
203 0.00 4.23043e-02 3.88368e-05
223 0.00 4.24182e-02 9.39404e-06
243 0.00 4.29980e-02 1.75999e-05
263 0.00 4.15037e-02 1.19386e-05
283 0.00 4.13274e-02 1.32580e-05
3 0.25 4.13923e-02 1.02657e-05
23 0.25 4.00751e-02 1.39470e-05
43 0.25 4.23034e-02 1.31476e-05
63 0.25 4.31573e-02 1.48238e-05
83 0.25 4.26037e-02 2.43925e-05
103 0.25 4.09905e-02 1.24346e-05
123 0.25 3.88045e-02 9.90620e-06
143 0.25 4.18156e-02 1.90195e-05
163 0.25 3.98868e-02 2.24698e-05
183 0.25 4.28604e-02 1.70383e-05
203 0.25 4.10032e-02 1.48737e-05
223 0.25 4.20933e-02 7.67069e-06
243 0.25 4.25766e-02 1.37697e-05
263 0.25 4.07497e-02 1.05804e-05
283 0.25 4.14078e-02 1.85430e-05
3 0.50 4.09954e-02 9.88746e-06
23 0.50 4.05431e-02 1.15582e-05
43 0.50 4.14189e-02 1.45683e-05
63 0.50 4.21998e-02 1.64597e-05
83 0.50 4.07692e-02 1.38068e-05
103 0.50 4.13882e-02 1.19981e-05
123 0.50 3.86193e-02 1.16738e-05
143 0.50 4.09117e-02 1.41008e-05
163 0.50 4.16333e-02 1.83602e-05
183 0.50 4.33067e-02 1.34629e-05
203 0.50 4.10734e-02 1.46912e-05
223 0.50 4.23126e-02 1.45065e-05
243 0.50 4.20425e-02 1.64574e-05
263 0.50 3.99460e-02 1.32494e-05
283 0.50 4.17637e-02 1.07606e-05
3 0.75 4.20382e-02 1.92951e-05
23 0.75 4.01076e-02 1.10842e-05
43 0.75 4.24191e-02 1.64749e-05
63 0.75 4.31148e-02 1.30813e-05
83 0.75 4.12340e-02 1.61688e-05
103 0.75 4.07366e-02 1.51402e-05
123 0.75 3.82222e-02 1.02115e-05
143 0.75 4.12931e-02 1.13207e-05
163 0.75 4.03915e-02 1.57234e-05
183 0.75 4.26491e-02 1.11738e-05
203 0.75 4.18810e-02 1.85865e-05
223 0.75 4.22612e-02 1.56854e-05
243 0.75 4.13533e-02 1.43684e-05
263 0.75 4.08950e-02 1.61702e-05
283 0.75 4.20514e-02 1.63985e-05
3 1.00 4.22566e-02 2.07403e-05
23 1.00 4.01609e-02 1.13501e-05
43 1.00 4.06459e-02 1.12318e-05
63 1.00 4.24973e-02 1.23029e-05
83 1.00 4.11604e-02 1.47840e-05
103 1.00 4.04377e-02 1.09207e-05
123 1.00 3.79503e-02 9.77706e-06
143 1.00 4.18190e-02 1.84208e-05
163 1.00 3.95176e-02 1.19516e-05
183 1.00 4.30912e-02 1.10326e-05
203 1.00 4.07469e-02 1.47188e-05
223 1.00 4.11278e-02 1.37715e-05
243 1.00 4.34875e-02 2.50095e-05
263 1.00 4.13977e-02 2.12853e-05
283 1.00 4.11067e-02 1.96523e-05
4 -1.00 4.42390e-02 1.19773e-05
24 -1.00 4.24718e-02 6.62169e-06
44 -1.00 4.21399e-02 1.26092e-05
64 -1.00 4.27528e-02 1.00668e-05
84 -1.00 4.46301e-02 1.22948e-05
104 -1.00 4.30725e-02 7.56578e-06
124 -1.00 4.35110e-02 1.49592e-05
144 -1.00 4.32151e-02 1.71965e-05
164 -1.00 4.36016e-02 1.31886e-05
184 -1.00 4.20244e-02 8.76123e-06
204 -1.00 4.32799e-02 1.90801e-05
224 -1.00 4.20897e-02 9.69079e-06
244 -1.00 4.28845e-02 8.70008e-06
264 -1.00 4.36624e-02 1.32889e-05
284 -1.00 4.36883e-02 1.85453e-05
4 -0.75 4.19379e-02 8.47214e-06
24 -0.75 4.23428e-02 8.71350e-06
44 -0.75 4.31758e-02 1.50004e-05
64 -0.75 4.27441e-02 1.02605e-05
84 -0.75 4.48478e-02 2.06698e-05
104 -0.75 4.38311e-02 1.06519e-05
124 -0.75 4.33851e-02 9.71625e-06
144 -0.75 4.31420e-02 1.28441e-05
164 -0.75 4.35464e-02 1.11239e-05
184 -0.75 4.23963e-02 1.76386e-05
204 -0.75 4.24237e-02 1.12269e-05
224 -0.75 4.10271e-02 7.02568e-06
244 -0.75 4.32023e-02 1.22814e-05
264 -0.75 4.31718e-02 1.16342e-05
284 -0.75 4.19152e-02 1.40971e-05
4 -0.50 4.27726e-02 1.16431e-05
24 -0.50 4.16789e-02 1.17322e-05
44 -0.50 4.24241e-02 1.03706e-05
64 -0.50 4.23822e-02 8.59298e-06
84 -0.50 4.40684e-02 9.71998e-06
104 -0.50 4.28808e-02 1.24587e-05
124 -0.50 4.34527e-02 2.66038e-05
144 -0.50 4.20768e-02 1.24446e-05
164 -0.50 4.23633e-02 1.05387e-05
184 -0.50 4.17873e-02 8.70587e-06
204 -0.50 4.18773e-02 6.84282e-06
224 -0.50 4.07195e-02 5.40787e-06
244 -0.50 4.27538e-02 9.53855e-06
264 -0.50 4.30558e-02 1.33448e-05
284 -0.50 4.26341e-02 1.35403e-05
4 -0.25 4.22304e-02 9.41193e-06
24 -0.25 4.21791e-02 9.85529e-06
44 -0.25 4.20039e-02 7.07458e-06
64 -0.25 4.26349e-02 1.99816e-05
84 -0.25 4.38696e-02 1.20706e-05
104 -0.25 4.32416e-02 2.03846e-05
124 -0.25 4.26139e-02 1.02599e-05
144 -0.25 4.21900e-02 1.08231e-05
164 -0.25 4.18495e-02 9.72129e-06
184 -0.25 4.23608e-02 2.08764e-05
204 -0.25 4.20742e-02 1.11324e-05
224 -0.25 4.26724e-02 3.06366e-05
244 -0.25 4.28160e-02 1.32084e-05
264 -0.25 4.19604e-02 1.39799e-05
284 -0.25 4.26525e-02 1.47038e-05
4 0.00 4.15883e-02 9.80373e-06
24 0.00 4.15878e-02 1.02015e-05
44 0.00 4.18434e-02 1.43670e-05
64 0.00 4.19454e-02 7.20164e-06
84 0.00 4.32902e-02 1.21670e-05
104 0.00 4.22105e-02 1.38883e-05
124 0.00 4.33778e-02 2.10717e-05
144 0.00 4.17637e-02 9.57751e-06
164 0.00 4.30746e-02 1.71305e-05
184 0.00 4.16607e-02 1.36841e-05
204 0.00 4.15636e-02 9.51139e-06
224 0.00 4.06386e-02 6.82927e-06
244 0.00 4.25413e-02 1.58452e-05
264 0.00 4.31836e-02 2.26021e-05
284 0.00 4.23809e-02 1.31967e-05
4 0.25 4.17726e-02 1.57646e-05
24 0.25 4.09351e-02 9.36176e-06
44 0.25 4.12929e-02 1.02109e-05
64 0.25 4.18856e-02 7.91405e-06
84 0.25 4.33947e-02 1.03888e-05
104 0.25 4.32010e-02 1.60495e-05
124 0.25 4.26826e-02 1.67999e-05
144 0.25 4.15209e-02 1.24979e-05
164 0.25 4.29912e-02 2.29343e-05
184 0.25 4.10920e-02 1.34596e-05
204 0.25 4.22050e-02 1.92469e-05
224 0.25 4.08097e-02 1.32311e-05
244 0.25 4.17005e-02 8.26601e-06
264 0.25 4.15262e-02 1.32111e-05
284 0.25 4.18650e-02 1.54396e-05
4 0.50 4.17031e-02 1.47672e-05
24 0.50 4.05639e-02 1.46346e-05
44 0.50 4.09100e-02 1.21313e-05
64 0.50 4.19713e-02 1.12554e-05
84 0.50 4.38998e-02 1.42004e-05
104 0.50 4.22779e-02 1.39554e-05
124 0.50 4.23259e-02 9.96884e-06
144 0.50 4.18675e-02 1.80059e-05
164 0.50 4.18241e-02 1.07682e-05
184 0.50 4.09393e-02 1.81310e-05
204 0.50 4.19217e-02 1.45611e-05
224 0.50 4.01015e-02 1.39405e-05
244 0.50 4.20275e-02 1.27411e-05
264 0.50 4.25441e-02 2.20448e-05
284 0.50 4.22458e-02 2.62097e-05
4 0.75 4.07918e-02 7.63470e-06
24 0.75 4.05959e-02 8.89170e-06
44 0.75 4.19471e-02 1.68348e-05
64 0.75 4.12817e-02 1.24503e-05
84 0.75 4.26772e-02 1.23266e-05
104 0.75 4.15267e-02 1.22579e-05
124 0.75 4.32729e-02 1.69493e-05
144 0.75 4.09138e-02 9.97756e-06
164 0.75 4.16327e-02 1.35098e-05
184 0.75 4.23899e-02 1.31049e-05
204 0.75 4.11485e-02 1.21174e-05
224 0.75 4.08429e-02 1.80462e-05
244 0.75 4.16445e-02 9.23509e-06
264 0.75 4.17547e-02 9.44878e-06
284 0.75 4.19470e-02 1.53048e-05
4 1.00 4.04084e-02 1.55390e-05
24 1.00 4.11108e-02 1.27261e-05
44 1.00 4.12659e-02 1.35637e-05
64 1.00 4.20506e-02 1.90708e-05
84 1.00 4.14530e-02 1.27360e-05
104 1.00 4.23275e-02 1.35906e-05
124 1.00 4.31180e-02 2.10641e-05
144 1.00 4.15919e-02 1.33445e-05
164 1.00 4.18658e-02 1.09092e-05
184 1.00 4.08925e-02 1.24014e-05
204 1.00 4.14393e-02 1.62703e-05
224 1.00 4.01096e-02 2.12111e-05
244 1.00 4.21500e-02 1.58218e-05
264 1.00 4.28230e-02 2.37701e-05
284 1.00 4.12017e-02 1.81881e-05
5 -1.00 3.98209e-02 8.72141e-06
25 -1.00 4.32341e-02 1.18520e-05
45 -1.00 4.08469e-02 1.05539e-05
65 -1.00 4.47458e-02 1.56707e-05
85 -1.00 4.11349e-02 8.12254e-06
105 -1.00 4.25512e-02 1.87281e-05
125 -1.00 4.29367e-02 1.28891e-05
145 -1.00 4.44990e-02 7.53960e-06
165 -1.00 4.19372e-02 7.28331e-06
185 -1.00 4.38716e-02 1.20413e-05
205 -1.00 4.36410e-02 1.11021e-05
225 -1.00 4.39017e-02 1.33428e-05
245 -1.00 3.94857e-02 8.48641e-06
265 -1.00 4.29679e-02 1.62728e-05
285 -1.00 4.29509e-02 1.14398e-05
5 -0.75 4.44753e-02 1.78562e-05
25 -0.75 4.25781e-02 1.58936e-05
45 -0.75 4.03822e-02 6.35591e-06
65 -0.75 4.39633e-02 1.57578e-05
85 -0.75 4.13543e-02 8.45627e-06
105 -0.75 4.41477e-02 1.84809e-05
125 -0.75 4.22786e-02 8.52517e-06
145 -0.75 4.41986e-02 1.08277e-05
165 -0.75 4.32623e-02 9.97542e-06
185 -0.75 4.37942e-02 1.17098e-05
205 -0.75 4.32616e-02 1.92324e-05
225 -0.75 4.32153e-02 9.28143e-06
245 -0.75 3.90076e-02 6.98249e-06
265 -0.75 4.17934e-02 1.04074e-05
285 -0.75 4.22191e-02 1.24528e-05
5 -0.50 4.36107e-02 7.80623e-06
25 -0.50 4.18348e-02 1.11000e-05
45 -0.50 4.08587e-02 1.25826e-05
65 -0.50 4.36817e-02 1.52247e-05
85 -0.50 4.10095e-02 1.40725e-05
105 -0.50 4.19380e-02 1.49442e-05
125 -0.50 4.21446e-02 1.49384e-05
145 -0.50 4.42547e-02 1.28992e-05
165 -0.50 4.28050e-02 1.48915e-05
185 -0.50 4.26987e-02 1.27411e-05
205 -0.50 4.25629e-02 7.58417e-06
225 -0.50 4.22877e-02 1.04386e-05
245 -0.50 3.93094e-02 9.19644e-06
265 -0.50 4.10289e-02 1.02341e-05
285 -0.50 4.28979e-02 1.16679e-05
5 -0.25 4.51096e-02 1.54048e-05
25 -0.25 4.18041e-02 1.14823e-05
45 -0.25 4.05476e-02 8.40547e-06
65 -0.25 4.31897e-02 1.54310e-05
85 -0.25 4.03415e-02 7.73803e-06
105 -0.25 4.24618e-02 8.55498e-06
125 -0.25 4.20391e-02 1.16348e-05
145 -0.25 4.42503e-02 1.08261e-05
165 -0.25 4.29362e-02 1.94539e-05
185 -0.25 4.33172e-02 9.79536e-06
205 -0.25 4.27300e-02 1.59330e-05
225 -0.25 4.23473e-02 1.44160e-05
245 -0.25 3.96031e-02 8.88725e-06
265 -0.25 4.08729e-02 1.21418e-05
285 -0.25 4.19337e-02 1.10104e-05
5 0.00 4.29442e-02 1.60066e-05
25 0.00 4.16643e-02 1.32226e-05
45 0.00 3.95779e-02 8.63313e-06
65 0.00 4.21349e-02 6.07840e-06
85 0.00 4.07045e-02 2.50347e-05
105 0.00 4.24044e-02 1.31111e-05
125 0.00 4.13429e-02 6.95258e-06
145 0.00 4.38167e-02 1.19927e-05
165 0.00 4.29415e-02 1.31885e-05
185 0.00 4.26202e-02 9.19632e-06
205 0.00 4.35043e-02 1.72564e-05
225 0.00 4.18899e-02 9.31942e-06
245 0.00 3.95064e-02 8.47126e-06
265 0.00 4.07906e-02 1.08822e-05
285 0.00 4.20564e-02 1.11501e-05
5 0.25 4.33904e-02 9.70810e-06
25 0.25 4.19163e-02 1.58115e-05
45 0.25 4.02852e-02 7.68474e-06
65 0.25 4.28803e-02 1.17787e-05
85 0.25 4.01962e-02 1.17508e-05
105 0.25 4.23770e-02 2.03188e-05
125 0.25 4.15028e-02 1.07234e-05
145 0.25 4.29878e-02 1.48735e-05
165 0.25 4.23473e-02 1.86866e-05
185 0.25 4.29142e-02 1.72954e-05
205 0.25 4.28017e-02 2.17532e-05
225 0.25 4.27517e-02 8.99535e-06
245 0.25 3.89400e-02 9.21782e-06
265 0.25 4.08414e-02 1.45601e-05
285 0.25 4.22738e-02 1.53408e-05
5 0.50 4.31007e-02 8.23946e-06
25 0.50 4.02542e-02 1.12492e-05
45 0.50 4.13091e-02 2.24677e-05
65 0.50 4.17305e-02 1.17967e-05
85 0.50 4.10307e-02 2.32424e-05
105 0.50 4.11385e-02 1.20317e-05
125 0.50 4.04222e-02 8.91909e-06
145 0.50 4.29737e-02 1.26710e-05
165 0.50 4.10324e-02 1.20800e-05
185 0.50 4.28291e-02 1.17501e-05
205 0.50 4.34741e-02 1.53677e-05
225 0.50 4.25288e-02 7.98451e-06
245 0.50 3.94065e-02 1.17568e-05
265 0.50 3.98572e-02 1.04604e-05
285 0.50 4.16085e-02 1.29067e-05
5 0.75 4.23654e-02 1.52905e-05
25 0.75 4.18004e-02 1.65773e-05
45 0.75 3.96963e-02 1.24697e-05
65 0.75 4.23543e-02 2.12313e-05
85 0.75 4.02802e-02 1.03545e-05
105 0.75 4.06717e-02 1.05075e-05
125 0.75 4.10520e-02 1.39329e-05
145 0.75 4.11396e-02 1.25506e-05
165 0.75 4.19001e-02 1.77564e-05
185 0.75 4.27846e-02 1.42171e-05
205 0.75 4.27149e-02 2.10572e-05
225 0.75 4.22173e-02 1.28174e-05
245 0.75 3.87844e-02 1.07571e-05
265 0.75 3.95711e-02 1.16621e-05
285 0.75 4.16689e-02 1.12489e-05
5 1.00 4.20411e-02 1.21702e-05
25 1.00 4.12234e-02 1.89706e-05
45 1.00 3.96177e-02 1.19834e-05
65 1.00 4.22516e-02 1.92570e-05
85 1.00 3.91668e-02 9.49231e-06
105 1.00 4.19294e-02 1.71917e-05
125 1.00 4.05806e-02 9.63533e-06
145 1.00 4.20129e-02 1.31794e-05
165 1.00 4.03512e-02 1.26072e-05
185 1.00 4.19986e-02 1.15939e-05
205 1.00 4.28592e-02 1.67454e-05
225 1.00 4.26518e-02 2.29250e-05
245 1.00 3.98094e-02 9.85189e-06
265 1.00 4.07464e-02 1.11468e-05
285 1.00 4.18854e-02 2.41535e-05
6 -1.00 4.27171e-02 1.12671e-05
26 -1.00 4.21954e-02 8.61174e-06
46 -1.00 4.11132e-02 9.61932e-06
66 -1.00 4.35900e-02 7.80522e-06
86 -1.00 4.64339e-02 1.91782e-05
106 -1.00 4.36909e-02 9.47519e-06
126 -1.00 4.63178e-02 1.55650e-05
146 -1.00 4.05825e-02 1.27526e-05
166 -1.00 4.30660e-02 1.29677e-05
186 -1.00 4.27103e-02 6.57699e-06
206 -1.00 4.23635e-02 1.18328e-05
226 -1.00 4.59574e-02 1.21915e-05
246 -1.00 4.21420e-02 1.07148e-05
266 -1.00 4.50106e-02 1.56684e-05
286 -1.00 4.37377e-02 1.27836e-05
6 -0.75 4.22660e-02 1.40199e-05
26 -0.75 4.28610e-02 1.54903e-05
46 -0.75 4.15119e-02 1.44611e-05
66 -0.75 4.39178e-02 1.64355e-05
86 -0.75 4.58613e-02 1.38644e-05
106 -0.75 4.27694e-02 1.64991e-05
126 -0.75 4.59239e-02 1.51626e-05
146 -0.75 4.17472e-02 1.34342e-05
166 -0.75 4.27987e-02 1.69454e-05
186 -0.75 4.37418e-02 1.02781e-05
206 -0.75 4.28515e-02 1.67847e-05
226 -0.75 4.59635e-02 1.48674e-05
246 -0.75 4.15501e-02 6.71626e-06
266 -0.75 4.34770e-02 9.43208e-06
286 -0.75 4.31692e-02 1.13961e-05
6 -0.50 4.25267e-02 1.04891e-05
26 -0.50 4.31119e-02 1.32651e-05
46 -0.50 4.09194e-02 8.06897e-06
66 -0.50 4.26689e-02 1.94518e-05
86 -0.50 4.49574e-02 1.75755e-05
106 -0.50 4.32323e-02 1.03100e-05
126 -0.50 4.54276e-02 8.59684e-06
146 -0.50 4.04987e-02 9.80957e-06
166 -0.50 4.38923e-02 1.40435e-05
186 -0.50 4.24249e-02 8.90305e-06
206 -0.50 4.19303e-02 1.17714e-05
226 -0.50 4.52965e-02 1.07227e-05
246 -0.50 4.18346e-02 7.26859e-06
266 -0.50 4.31974e-02 1.45873e-05
286 -0.50 4.34345e-02 2.35741e-05
6 -0.25 4.09653e-02 1.00152e-05
26 -0.25 4.17270e-02 1.18156e-05
46 -0.25 4.15131e-02 1.26185e-05
66 -0.25 4.32342e-02 1.05792e-05
86 -0.25 4.44500e-02 1.11093e-05
106 -0.25 4.25147e-02 9.81455e-06
126 -0.25 4.49868e-02 1.29082e-05
146 -0.25 4.08177e-02 1.44485e-05
166 -0.25 4.33051e-02 1.40710e-05
186 -0.25 4.34785e-02 1.47410e-05
206 -0.25 4.18113e-02 1.47901e-05
226 -0.25 4.52563e-02 7.51798e-06
246 -0.25 4.10115e-02 1.09136e-05
266 -0.25 4.35255e-02 1.59951e-05
286 -0.25 4.28547e-02 1.54692e-05
6 0.00 4.12509e-02 1.14688e-05
26 0.00 4.18272e-02 1.34730e-05
46 0.00 4.06323e-02 1.16443e-05
66 0.00 4.23603e-02 1.02635e-05
86 0.00 4.56265e-02 5.63278e-05
106 0.00 4.24586e-02 1.24991e-05
126 0.00 4.46727e-02 1.53785e-05
146 0.00 4.03860e-02 8.22316e-06
166 0.00 4.26692e-02 1.53518e-05
186 0.00 4.22444e-02 8.09151e-06
206 0.00 4.21159e-02 1.12381e-05
226 0.00 4.48706e-02 1.35453e-05
246 0.00 4.13931e-02 1.08736e-05
266 0.00 4.27461e-02 1.24674e-05
286 0.00 4.32955e-02 9.83253e-06
6 0.25 4.11233e-02 9.69878e-06
26 0.25 4.05975e-02 8.14073e-06
46 0.25 4.00579e-02 6.84623e-06
66 0.25 4.18212e-02 1.05194e-05
86 0.25 4.40946e-02 1.56130e-05
106 0.25 4.18956e-02 1.04014e-05
126 0.25 4.28229e-02 7.80484e-06
146 0.25 3.94569e-02 1.08858e-05
166 0.25 4.24041e-02 1.81013e-05
186 0.25 4.18747e-02 7.86468e-06
206 0.25 4.17948e-02 1.81390e-05
226 0.25 4.54022e-02 1.82596e-05
246 0.25 4.10695e-02 1.06529e-05
266 0.25 4.28002e-02 1.89140e-05
286 0.25 4.27144e-02 1.83256e-05
6 0.50 4.04989e-02 1.16212e-05
26 0.50 4.15312e-02 1.01943e-05
46 0.50 4.09397e-02 1.39559e-05
66 0.50 4.19270e-02 1.62897e-05
86 0.50 4.40976e-02 1.25912e-05
106 0.50 4.14551e-02 1.94137e-05
126 0.50 4.37742e-02 1.54921e-05
146 0.50 4.00850e-02 1.26390e-05
166 0.50 4.16016e-02 9.33514e-06
186 0.50 4.24732e-02 8.23893e-06
206 0.50 4.10635e-02 1.53787e-05
226 0.50 4.55711e-02 2.18527e-05
246 0.50 3.99619e-02 7.11781e-06
266 0.50 4.26187e-02 1.12366e-05
286 0.50 4.22431e-02 1.05859e-05
6 0.75 4.20243e-02 1.23145e-05
26 0.75 4.16547e-02 1.95365e-05
46 0.75 3.97009e-02 6.72899e-06
66 0.75 4.23967e-02 1.68088e-05
86 0.75 4.45574e-02 1.65601e-05
106 0.75 4.14638e-02 2.26593e-05
126 0.75 4.41437e-02 1.90351e-05
146 0.75 3.90981e-02 2.54012e-05
166 0.75 4.22900e-02 1.58112e-05
186 0.75 4.21199e-02 1.47443e-05
206 0.75 4.26827e-02 2.12953e-05
226 0.75 4.43020e-02 1.25391e-05
246 0.75 4.06471e-02 1.47854e-05
266 0.75 4.19616e-02 7.83409e-06
286 0.75 4.22499e-02 1.12693e-05
6 1.00 4.08004e-02 1.07463e-05
26 1.00 4.03902e-02 1.15955e-05
46 1.00 4.02292e-02 1.07796e-05
66 1.00 4.10491e-02 1.82929e-05
86 1.00 4.34901e-02 1.87603e-05
106 1.00 4.11969e-02 1.39759e-05
126 1.00 4.36456e-02 1.29406e-05
146 1.00 4.01721e-02 8.15596e-06
166 1.00 4.24484e-02 2.50848e-05
186 1.00 4.25342e-02 1.30020e-05
206 1.00 4.09408e-02 2.49521e-05
226 1.00 4.51743e-02 2.01325e-05
246 1.00 4.08509e-02 1.40722e-05
266 1.00 4.26008e-02 2.16107e-05
286 1.00 4.16634e-02 1.89185e-05
7 -1.00 4.26751e-02 1.06430e-05
27 -1.00 4.17960e-02 1.12792e-05
47 -1.00 4.20255e-02 9.28841e-06
67 -1.00 4.20502e-02 1.31282e-05
87 -1.00 4.12761e-02 1.21996e-05
107 -1.00 4.41202e-02 1.37577e-05
127 -1.00 4.49861e-02 1.18303e-05
147 -1.00 4.22973e-02 1.01911e-05
167 -1.00 4.30919e-02 9.88649e-06
187 -1.00 4.25683e-02 1.35124e-05
207 -1.00 4.09640e-02 8.71797e-06
227 -1.00 4.37982e-02 1.18436e-05
247 -1.00 4.26310e-02 8.82009e-06
267 -1.00 4.53442e-02 1.39355e-05
287 -1.00 4.39675e-02 1.04665e-05
7 -0.75 4.37072e-02 1.29660e-05
27 -0.75 4.07998e-02 8.47417e-06
47 -0.75 4.11664e-02 1.02179e-05
67 -0.75 4.21259e-02 8.62824e-06
87 -0.75 4.09181e-02 1.11122e-05
107 -0.75 4.44399e-02 1.32991e-05
127 -0.75 4.44601e-02 1.18668e-05
147 -0.75 4.15656e-02 1.22811e-05
167 -0.75 4.27555e-02 1.48773e-05
187 -0.75 4.30262e-02 1.17692e-05
207 -0.75 4.09560e-02 8.90660e-06
227 -0.75 4.34559e-02 1.44695e-05
247 -0.75 4.28557e-02 2.62122e-05
267 -0.75 4.38930e-02 9.38635e-06
287 -0.75 4.40310e-02 1.27039e-05
7 -0.50 4.29790e-02 1.22801e-05
27 -0.50 4.06893e-02 9.94821e-06
47 -0.50 4.08943e-02 8.45146e-06
67 -0.50 4.10512e-02 1.19414e-05
87 -0.50 4.08544e-02 8.70097e-06
107 -0.50 4.32373e-02 1.24752e-05
127 -0.50 4.47506e-02 1.61738e-05
147 -0.50 4.18280e-02 1.05778e-05
167 -0.50 4.23290e-02 1.54811e-05
187 -0.50 4.30361e-02 2.03369e-05
207 -0.50 4.00951e-02 8.06963e-06
227 -0.50 4.40351e-02 1.97642e-05
247 -0.50 4.22972e-02 1.32400e-05
267 -0.50 4.37723e-02 1.07314e-05
287 -0.50 4.36773e-02 8.85246e-06
7 -0.25 4.29988e-02 1.90482e-05
27 -0.25 4.16209e-02 1.08437e-05
47 -0.25 4.07457e-02 9.57547e-06
67 -0.25 4.11275e-02 1.13409e-05
87 -0.25 4.09714e-02 1.37761e-05
107 -0.25 4.32136e-02 8.46484e-06
127 -0.25 4.41362e-02 1.21636e-05
147 -0.25 4.10571e-02 9.44224e-06
167 -0.25 4.16043e-02 1.01505e-05
187 -0.25 4.20872e-02 1.29189e-05
207 -0.25 4.05595e-02 1.19615e-05
227 -0.25 4.27588e-02 1.04294e-05
247 -0.25 4.21813e-02 1.24394e-05
267 -0.25 4.30678e-02 1.20618e-05
287 -0.25 4.34797e-02 1.13125e-05
7 0.00 4.21726e-02 1.06002e-05
27 0.00 4.15494e-02 1.11982e-05
47 0.00 4.15563e-02 1.20386e-05
67 0.00 4.05720e-02 7.87672e-06
87 0.00 4.11944e-02 1.37745e-05
107 0.00 4.19236e-02 9.94838e-06
127 0.00 4.50453e-02 1.62717e-05
147 0.00 4.13520e-02 1.16847e-05
167 0.00 4.21270e-02 1.29501e-05
187 0.00 4.18494e-02 8.44289e-06
207 0.00 4.05538e-02 1.82128e-05
227 0.00 4.25032e-02 1.20290e-05
247 0.00 4.20798e-02 1.49216e-05
267 0.00 4.45170e-02 1.30460e-05
287 0.00 4.38810e-02 1.67902e-05
7 0.25 4.33390e-02 1.89805e-05
27 0.25 4.19098e-02 1.88089e-05
47 0.25 4.07914e-02 8.54127e-06
67 0.25 4.06962e-02 1.67134e-05
87 0.25 4.13500e-02 1.62190e-05
107 0.25 4.30377e-02 1.05025e-05
127 0.25 4.45968e-02 2.81594e-05
147 0.25 4.10965e-02 1.00741e-05
167 0.25 4.13435e-02 1.02238e-05
187 0.25 4.15698e-02 2.11981e-05
207 0.25 4.10620e-02 1.91857e-05
227 0.25 4.21964e-02 1.19525e-05
247 0.25 4.23570e-02 1.34040e-05
267 0.25 4.31633e-02 1.47741e-05
287 0.25 4.24381e-02 8.77901e-06
7 0.50 4.20601e-02 1.13797e-05
27 0.50 4.10876e-02 1.49952e-05
47 0.50 4.07791e-02 1.18318e-05
67 0.50 4.17224e-02 4.93619e-05
87 0.50 4.15001e-02 2.11639e-05
107 0.50 4.38661e-02 1.82776e-05
127 0.50 4.28429e-02 1.44250e-05
147 0.50 3.95707e-02 8.68273e-06
167 0.50 4.24427e-02 1.82582e-05
187 0.50 4.09846e-02 1.00401e-05
207 0.50 3.98669e-02 1.19186e-05
227 0.50 4.21936e-02 1.14323e-05
247 0.50 4.14619e-02 1.17871e-05
267 0.50 4.31302e-02 1.18957e-05
287 0.50 4.25160e-02 9.08619e-06
7 0.75 4.22652e-02 1.69275e-05
27 0.75 4.01627e-02 1.75465e-05
47 0.75 4.10281e-02 9.49146e-06
67 0.75 4.12351e-02 1.54272e-05
87 0.75 4.11643e-02 9.53444e-06
107 0.75 4.22809e-02 1.56734e-05
127 0.75 4.37540e-02 1.26969e-05
147 0.75 4.07092e-02 1.68591e-05
167 0.75 4.22500e-02 2.63218e-05
187 0.75 4.07672e-02 1.10929e-05
207 0.75 3.93787e-02 6.15772e-06
227 0.75 4.31492e-02 1.57657e-05
247 0.75 4.12085e-02 8.60302e-06
267 0.75 4.30901e-02 1.20551e-05
287 0.75 4.18954e-02 1.57450e-05
7 1.00 4.13730e-02 1.89326e-05
27 1.00 4.09554e-02 1.62871e-05
47 1.00 4.07841e-02 1.71697e-05
67 1.00 3.99326e-02 1.17767e-05
87 1.00 4.10715e-02 2.04820e-05
107 1.00 4.21216e-02 1.13753e-05
127 1.00 4.33732e-02 1.73696e-05
147 1.00 4.08654e-02 1.35442e-05
167 1.00 4.14198e-02 1.43536e-05
187 1.00 4.08213e-02 1.64359e-05
207 1.00 3.90850e-02 7.97344e-06
227 1.00 4.14382e-02 1.32276e-05
247 1.00 4.15590e-02 2.17172e-05
267 1.00 4.22898e-02 1.89835e-05
287 1.00 4.24760e-02 2.09844e-05
8 -1.00 4.20139e-02 1.03642e-05
28 -1.00 4.32417e-02 1.84015e-05
48 -1.00 4.26795e-02 1.65735e-05
68 -1.00 4.32379e-02 1.42327e-05
88 -1.00 4.15871e-02 1.34125e-05
108 -1.00 4.19138e-02 1.12679e-05
128 -1.00 4.43564e-02 8.92809e-06
148 -1.00 4.30393e-02 1.87909e-05
168 -1.00 4.27243e-02 9.87964e-06
188 -1.00 4.37615e-02 1.73182e-05
208 -1.00 4.34719e-02 1.44960e-05
228 -1.00 4.10096e-02 5.80024e-06
248 -1.00 4.36157e-02 6.54238e-06
268 -1.00 4.02057e-02 7.36607e-06
288 -1.00 4.43465e-02 8.59665e-06
8 -0.75 4.39358e-02 1.23938e-05
28 -0.75 4.25353e-02 1.08127e-05
48 -0.75 4.09058e-02 1.07154e-05
68 -0.75 4.35644e-02 1.20309e-05
88 -0.75 4.11718e-02 7.44219e-06
108 -0.75 4.28780e-02 1.59806e-05
128 -0.75 4.32512e-02 1.25194e-05
148 -0.75 4.25363e-02 8.65955e-06
168 -0.75 4.22787e-02 7.37657e-06
188 -0.75 4.23483e-02 1.19098e-05
208 -0.75 4.37358e-02 1.72946e-05
228 -0.75 4.11752e-02 2.07070e-05
248 -0.75 4.40922e-02 1.59156e-05
268 -0.75 4.02328e-02 1.04688e-05
288 -0.75 4.39357e-02 1.22252e-05
8 -0.50 4.30428e-02 9.60095e-06
28 -0.50 4.22488e-02 9.20716e-06
48 -0.50 4.24202e-02 1.57289e-05
68 -0.50 4.30226e-02 9.22682e-06
88 -0.50 4.06807e-02 8.46606e-06
108 -0.50 4.27513e-02 1.41763e-05
128 -0.50 4.41408e-02 1.41943e-05
148 -0.50 4.16395e-02 1.03479e-05
168 -0.50 4.22105e-02 9.67423e-06
188 -0.50 4.28480e-02 1.03291e-05
208 -0.50 4.29326e-02 1.00425e-05
228 -0.50 4.07901e-02 8.34459e-06
248 -0.50 4.29042e-02 9.05937e-06
268 -0.50 4.03984e-02 1.68626e-05
288 -0.50 4.27294e-02 7.56468e-06
8 -0.25 4.28001e-02 2.18314e-05
28 -0.25 4.26044e-02 1.27314e-05
48 -0.25 4.09496e-02 1.05640e-05
68 -0.25 4.31594e-02 1.34649e-05
88 -0.25 4.10039e-02 1.63874e-05
108 -0.25 4.19862e-02 1.57009e-05
128 -0.25 4.22218e-02 9.21060e-06
148 -0.25 4.18660e-02 1.46492e-05
168 -0.25 4.20158e-02 9.50316e-06
188 -0.25 4.28066e-02 1.38051e-05
208 -0.25 4.14406e-02 1.17724e-05
228 -0.25 4.01828e-02 1.03958e-05
248 -0.25 4.16486e-02 9.51688e-06
268 -0.25 3.97426e-02 6.46182e-06
288 -0.25 4.35289e-02 8.87723e-06
8 0.00 4.21486e-02 1.14223e-05
28 0.00 4.17857e-02 1.33752e-05
48 0.00 4.12770e-02 1.16432e-05
68 0.00 4.31731e-02 2.71315e-05
88 0.00 4.07832e-02 8.40092e-06
108 0.00 4.19465e-02 8.12669e-06
128 0.00 4.31903e-02 2.54932e-05
148 0.00 4.22486e-02 2.31487e-05
168 0.00 4.17560e-02 1.41909e-05
188 0.00 4.09949e-02 7.28424e-06
208 0.00 4.24477e-02 1.48676e-05
228 0.00 4.07828e-02 1.30763e-05
248 0.00 4.24328e-02 1.48295e-05
268 0.00 4.03396e-02 1.84548e-05
288 0.00 4.29883e-02 9.90949e-06
8 0.25 4.20731e-02 8.12426e-06
28 0.25 4.26771e-02 1.92020e-05
48 0.25 4.05960e-02 1.30960e-05
68 0.25 4.31697e-02 1.53251e-05
88 0.25 4.03676e-02 1.15296e-05
108 0.25 4.17568e-02 2.04223e-05
128 0.25 4.27517e-02 1.31693e-05
148 0.25 4.07508e-02 1.28716e-05
168 0.25 4.16306e-02 1.03567e-05
188 0.25 4.25812e-02 3.92132e-05
208 0.25 4.18423e-02 1.78533e-05
228 0.25 4.00950e-02 8.43865e-06
248 0.25 4.25712e-02 1.75301e-05
268 0.25 3.96152e-02 1.48464e-05
288 0.25 4.38476e-02 1.35040e-05
8 0.50 4.19006e-02 1.38581e-05
28 0.50 4.24020e-02 2.42794e-05
48 0.50 3.99526e-02 4.31282e-06
68 0.50 4.24390e-02 1.22066e-05
88 0.50 4.03713e-02 9.65905e-06
108 0.50 4.08098e-02 9.73840e-06
128 0.50 4.22573e-02 1.49696e-05
148 0.50 4.09242e-02 1.72006e-05
168 0.50 4.20959e-02 1.95989e-05
188 0.50 4.25394e-02 1.52894e-05
208 0.50 4.16164e-02 1.28982e-05
228 0.50 4.00411e-02 1.39053e-05
248 0.50 4.20847e-02 1.74482e-05
268 0.50 3.89861e-02 9.11467e-06
288 0.50 4.39863e-02 2.43247e-05
8 0.75 4.15572e-02 1.76568e-05
28 0.75 4.27078e-02 9.00966e-06
48 0.75 4.11249e-02 2.02868e-05
68 0.75 4.29124e-02 1.10311e-05
88 0.75 4.00419e-02 1.10064e-05
108 0.75 4.12789e-02 1.07385e-05
128 0.75 4.21121e-02 1.58490e-05
148 0.75 4.18734e-02 1.63641e-05
168 0.75 4.16339e-02 8.91265e-06
188 0.75 4.16003e-02 9.13797e-06
208 0.75 4.18889e-02 2.00696e-05
228 0.75 4.04895e-02 1.99096e-05
248 0.75 4.22336e-02 1.93163e-05
268 0.75 3.91888e-02 1.26218e-05
288 0.75 4.33673e-02 2.37304e-05
8 1.00 4.20469e-02 1.49826e-05
28 1.00 4.21791e-02 2.31797e-05
48 1.00 4.07099e-02 1.23855e-05
68 1.00 4.27748e-02 1.35059e-05
88 1.00 3.94506e-02 8.56393e-06
108 1.00 4.14016e-02 1.27716e-05
128 1.00 4.23439e-02 1.50142e-05
148 1.00 3.94514e-02 1.09527e-05
168 1.00 4.19944e-02 1.99703e-05
188 1.00 4.11722e-02 1.20428e-05
208 1.00 4.24152e-02 1.45579e-05
228 1.00 3.99639e-02 1.26188e-05
248 1.00 4.13200e-02 1.10168e-05
268 1.00 3.88644e-02 1.37416e-05
288 1.00 4.33675e-02 1.58417e-05
9 -1.00 4.23180e-02 8.29055e-06
29 -1.00 4.24766e-02 1.04455e-05
49 -1.00 4.40015e-02 1.04532e-05
69 -1.00 4.34782e-02 8.31363e-06
89 -1.00 4.23390e-02 9.40329e-06
109 -1.00 4.42232e-02 1.12268e-05
129 -1.00 4.34997e-02 1.37576e-05
149 -1.00 4.24412e-02 1.14622e-05
169 -1.00 4.28265e-02 1.67019e-05
189 -1.00 4.08119e-02 1.58038e-05
209 -1.00 4.36849e-02 1.30325e-05
229 -1.00 4.28347e-02 7.24197e-06
249 -1.00 4.38799e-02 2.00749e-05
269 -1.00 3.98706e-02 1.15156e-05
289 -1.00 4.42873e-02 1.22774e-05
9 -0.75 4.27987e-02 1.25914e-05
29 -0.75 4.19248e-02 7.20416e-06
49 -0.75 4.41122e-02 1.25261e-05
69 -0.75 4.36549e-02 6.65468e-06
89 -0.75 4.27859e-02 1.16603e-05
109 -0.75 4.43568e-02 2.09881e-05
129 -0.75 4.34111e-02 1.47502e-05
149 -0.75 4.21608e-02 1.33404e-05
169 -0.75 4.16473e-02 8.43042e-06
189 -0.75 4.00563e-02 8.85964e-06
209 -0.75 4.25535e-02 8.44944e-06
229 -0.75 4.33489e-02 1.82018e-05
249 -0.75 4.27111e-02 7.43435e-06
269 -0.75 3.93111e-02 8.95138e-06
289 -0.75 4.44856e-02 1.39042e-05
9 -0.50 4.29630e-02 9.29766e-06
29 -0.50 4.21072e-02 1.30089e-05
49 -0.50 4.37539e-02 1.16004e-05
69 -0.50 4.38844e-02 1.03792e-05
89 -0.50 4.29872e-02 1.15286e-05
109 -0.50 4.46466e-02 1.28981e-05
129 -0.50 4.26637e-02 1.32833e-05
149 -0.50 4.17421e-02 1.00045e-05
169 -0.50 4.17207e-02 1.08569e-05
189 -0.50 3.99043e-02 8.64448e-06
209 -0.50 4.45476e-02 1.61455e-05
229 -0.50 4.29729e-02 1.30330e-05
249 -0.50 4.39466e-02 1.78517e-05
269 -0.50 3.95456e-02 1.24924e-05
289 -0.50 4.44584e-02 1.20567e-05
9 -0.25 4.34012e-02 1.09409e-05
29 -0.25 4.19129e-02 1.75775e-05
49 -0.25 4.40540e-02 1.36831e-05
69 -0.25 4.45703e-02 2.12116e-05
89 -0.25 4.15155e-02 1.18873e-05
109 -0.25 4.38205e-02 1.10364e-05
129 -0.25 4.24461e-02 1.44163e-05
149 -0.25 4.18428e-02 8.78602e-06
169 -0.25 4.25320e-02 1.62291e-05
189 -0.25 4.02151e-02 1.47581e-05
209 -0.25 4.18648e-02 1.02408e-05
229 -0.25 4.17009e-02 1.01132e-05
249 -0.25 4.31680e-02 1.28433e-05
269 -0.25 4.02448e-02 1.26727e-05
289 -0.25 4.33385e-02 8.68665e-06
9 0.00 4.35154e-02 1.64633e-05
29 0.00 4.24680e-02 1.12173e-05
49 0.00 4.36008e-02 1.17614e-05
69 0.00 4.29281e-02 1.13460e-05
89 0.00 4.24675e-02 1.37042e-05
109 0.00 4.30586e-02 1.04431e-05
129 0.00 4.23317e-02 1.22354e-05
149 0.00 4.29040e-02 1.76475e-05
169 0.00 4.11458e-02 9.11394e-06
189 0.00 3.93969e-02 8.65552e-06
209 0.00 4.18848e-02 1.06631e-05
229 0.00 4.21330e-02 1.28095e-05
249 0.00 4.24036e-02 1.24229e-05
269 0.00 3.96734e-02 1.36453e-05
289 0.00 4.41700e-02 1.18205e-05
9 0.25 4.26876e-02 6.20084e-06
29 0.25 4.13241e-02 1.19633e-05
49 0.25 4.25150e-02 1.13922e-05
69 0.25 4.35283e-02 1.75792e-05
89 0.25 4.23678e-02 1.32929e-05
109 0.25 4.36165e-02 1.92403e-05
129 0.25 4.32001e-02 9.59282e-06
149 0.25 4.13486e-02 1.17572e-05
169 0.25 4.16369e-02 1.44921e-05
189 0.25 3.97055e-02 1.69234e-05
209 0.25 4.20773e-02 9.96761e-06
229 0.25 4.22719e-02 1.47490e-05
249 0.25 4.20483e-02 1.62613e-05
269 0.25 3.93592e-02 1.19619e-05
289 0.25 4.42720e-02 2.20329e-05
9 0.50 4.21197e-02 1.21908e-05
29 0.50 4.24255e-02 2.53820e-05
49 0.50 4.29454e-02 1.26787e-05
69 0.50 4.37309e-02 2.90925e-05
89 0.50 4.12728e-02 1.21206e-05
109 0.50 4.28439e-02 1.34060e-05
129 0.50 4.20971e-02 1.60662e-05
149 0.50 4.15281e-02 9.30953e-06
169 0.50 4.08964e-02 9.85798e-06
189 0.50 3.97595e-02 1.39132e-05
209 0.50 4.18279e-02 1.19003e-05
229 0.50 4.24335e-02 1.55710e-05
249 0.50 4.24374e-02 1.42640e-05
269 0.50 3.91094e-02 1.07481e-05
289 0.50 4.39365e-02 2.20864e-05
9 0.75 4.30361e-02 1.19167e-05
29 0.75 4.07535e-02 9.46421e-06
49 0.75 4.34858e-02 1.95971e-05
69 0.75 4.33046e-02 1.81872e-05
89 0.75 4.05713e-02 1.14373e-05
109 0.75 4.30838e-02 1.16472e-05
129 0.75 4.13711e-02 1.18500e-05
149 0.75 4.09447e-02 1.06590e-05
169 0.75 4.08524e-02 1.11340e-05
189 0.75 4.00350e-02 2.02829e-05
209 0.75 4.17581e-02 1.63227e-05
229 0.75 4.16417e-02 1.04770e-05
249 0.75 4.20407e-02 1.14181e-05
269 0.75 3.87807e-02 1.12574e-05
289 0.75 4.24808e-02 1.33023e-05
9 1.00 4.21409e-02 1.59847e-05
29 1.00 4.06420e-02 1.79186e-05
49 1.00 4.23002e-02 1.14457e-05
69 1.00 4.33176e-02 1.28358e-05
89 1.00 4.12487e-02 1.14892e-05
109 1.00 4.28561e-02 1.35968e-05
129 1.00 4.23609e-02 7.89015e-06
149 1.00 4.16631e-02 1.85654e-05
169 1.00 4.01595e-02 8.95533e-06
189 1.00 3.83719e-02 1.14753e-05
209 1.00 4.20530e-02 1.49157e-05
229 1.00 4.17600e-02 1.82738e-05
249 1.00 4.22187e-02 2.10702e-05
269 1.00 3.97114e-02 1.52732e-05
289 1.00 4.25513e-02 1.08853e-05
303 -1.00 4.154916814635e-02 1.7586075e-06
307 -1.00 4.120043825553e-02 3.9805822e-06
311 -1.00 4.261059845105e-02 9.9021914e-07
315 -1.00 4.297005565678e-02 4.0723728e-06
319 -1.00 4.199113130106e-02 1.2348039e-06
323 -1.00 4.235796540369e-02 5.2153786e-06
327 -1.00 4.420131801016e-02 1.4210393e-06
331 -1.00 4.309300012829e-02 2.5352726e-06
335 -1.00 4.280364010941e-02 3.2175264e-06
339 -1.00 4.227678171545e-02 8.8286286e-07
343 -1.00 4.293145382969e-02 2.6306015e-06
347 -1.00 4.264460703642e-02 1.6072127e-06
351 -1.00 4.294423877205e-02 1.0401456e-06
355 -1.00 4.175528924946e-02 1.3642486e-06
359 -1.00 4.299842002607e-02 2.6564757e-06
363 -1.00 4.059981578687e-02 1.9159412e-06
367 -1.00 4.127648025230e-02 6.6433830e-07
371 -1.00 4.279110282894e-02 1.9988162e-06
375 -1.00 4.432147194104e-02 2.7417471e-06
379 -1.00 4.618257119038e-02 7.9349264e-06
383 -1.00 4.297513921355e-02 3.8839287e-06
387 -1.00 4.262326857346e-02 1.4067830e-06
391 -1.00 4.439997285183e-02 3.6483512e-06
395 -1.00 4.353765358246e-02 1.5589648e-06
399 -1.00 4.247205578978e-02 1.2498899e-06
403 -1.00 4.328213439674e-02 2.4478020e-06
407 -1.00 4.190541723731e-02 1.3504450e-06
411 -1.00 4.142084871291e-02 7.9373262e-07
415 -1.00 4.182981614759e-02 2.5253536e-06
419 -1.00 4.389515224488e-02 1.5491279e-06
423 -1.00 4.249043518026e-02 3.0347698e-06
427 -1.00 4.366729603929e-02 4.2303770e-06
431 -1.00 4.497294799242e-02 2.4979058e-06
435 -1.00 4.330516854303e-02 1.2591027e-06
439 -1.00 4.206722883696e-02 1.8781375e-06
443 -1.00 4.359616498198e-02 2.8394356e-06
447 -1.00 4.623011013584e-02 2.3432353e-06
451 -1.00 4.195136126692e-02 2.9638724e-06
455 -1.00 3.948125433315e-02 2.3447942e-06
459 -1.00 4.250123582372e-02 2.5571835e-06
463 -1.00 4.248940393530e-02 1.6727449e-06
467 -1.00 4.295765742058e-02 1.4831843e-06
471 -1.00 4.402577317796e-02 1.9920225e-06
475 -1.00 4.215559212323e-02 2.4547500e-06
479 -1.00 4.164489325301e-02 1.4216121e-06
483 -1.00 4.231317727706e-02 2.3443408e-06
487 -1.00 4.237994396086e-02 1.2580899e-06
491 -1.00 4.306540428879e-02 1.8890572e-06
495 -1.00 4.324126847200e-02 2.8756140e-06
499 -1.00 4.446803264126e-02 5.5830607e-06
303 -0.75 4.114373585939e-02 1.4665392e-06
307 -0.75 4.114017349192e-02 1.8410867e-06
311 -0.75 4.239880543447e-02 2.5580233e-06
315 -0.75 4.197369734993e-02 3.9627776e-06
319 -0.75 4.150610717592e-02 2.0089568e-06
323 -0.75 4.216218221041e-02 1.7940310e-06
327 -0.75 4.495982698288e-02 2.8396899e-06
331 -0.75 4.358392639643e-02 2.8338941e-06
335 -0.75 4.259491604578e-02 2.9337277e-06
339 -0.75 4.338878130176e-02 3.2600081e-06
343 -0.75 4.292726697503e-02 4.6186670e-06
347 -0.75 4.230072424900e-02 1.2284292e-06
351 -0.75 4.337783251390e-02 1.8804074e-06
355 -0.75 4.267661848323e-02 7.7358232e-07
359 -0.75 4.400521512513e-02 7.2494002e-06
363 -0.75 4.015569725038e-02 3.2561811e-06
367 -0.75 4.183041542614e-02 1.7643719e-06
371 -0.75 4.266989525742e-02 2.8946398e-06
375 -0.75 4.255827345326e-02 1.5185454e-06
379 -0.75 4.460118162147e-02 2.4517638e-06
383 -0.75 4.194572124725e-02 2.3266718e-06
387 -0.75 4.239421707538e-02 1.8935244e-06
391 -0.75 4.383414497771e-02 1.9172388e-06
395 -0.75 4.325268628517e-02 2.3355216e-06
399 -0.75 4.124884859267e-02 3.5311840e-06
403 -0.75 4.287413132894e-02 3.6885034e-06
407 -0.75 4.116123325206e-02 3.7286715e-06
411 -0.75 4.182156439161e-02 1.7622682e-06
415 -0.75 4.185093910336e-02 3.1762206e-06
419 -0.75 4.366297111164e-02 3.5048288e-06
423 -0.75 4.235124125258e-02 7.5278881e-07
427 -0.75 4.364789078519e-02 5.3961048e-06
431 -0.75 4.629653575648e-02 4.2042335e-06
435 -0.75 4.284395031148e-02 1.6987218e-06
439 -0.75 4.235770277379e-02 5.8549409e-06
443 -0.75 4.222931232224e-02 2.1191082e-06
447 -0.75 4.606135373933e-02 3.4122287e-06
451 -0.75 4.207855073495e-02 1.0120442e-06
455 -0.75 3.988657793896e-02 1.8654907e-06
459 -0.75 4.349884238371e-02 4.0781167e-06
463 -0.75 4.191768263559e-02 1.5696953e-06
467 -0.75 4.246491438024e-02 3.8878772e-06
471 -0.75 4.301523072405e-02 2.0258454e-06
475 -0.75 4.043677420704e-02 2.8472314e-06
479 -0.75 4.225940292385e-02 4.9302425e-06
483 -0.75 4.241849537127e-02 2.1229604e-06
487 -0.75 4.325323321185e-02 1.6242015e-06
491 -0.75 4.274537126216e-02 1.0849691e-06
495 -0.75 4.242499481343e-02 2.4623160e-06
499 -0.75 4.431722376830e-02 2.1448982e-06
303 -0.50 4.201280453313e-02 1.9034715e-06
307 -0.50 4.224421995120e-02 1.8548185e-06
311 -0.50 4.212667283252e-02 1.9425394e-06
315 -0.50 4.249349743594e-02 1.0922302e-06
319 -0.50 4.204040393299e-02 1.3070291e-06
323 -0.50 4.146850846036e-02 1.2671825e-06
327 -0.50 4.408500015006e-02 1.6647035e-06
331 -0.50 4.341620851138e-02 5.3140859e-06
335 -0.50 4.281243676264e-02 6.2954415e-07
339 -0.50 4.204477596344e-02 1.7281308e-06
343 -0.50 4.200846148914e-02 7.4970548e-07
347 -0.50 4.227333586085e-02 2.2997079e-06
351 -0.50 4.395322494894e-02 2.0680153e-06
355 -0.50 4.212369722609e-02 2.7640624e-06
359 -0.50 4.194548154345e-02 1.7671526e-06
363 -0.50 3.974699613061e-02 3.5100352e-06
367 -0.50 4.111357028641e-02 9.4456174e-07
371 -0.50 4.237018952434e-02 9.3438952e-07
375 -0.50 4.225164555801e-02 5.2180737e-06
379 -0.50 4.470236525021e-02 3.2293451e-06
383 -0.50 4.165290128581e-02 1.3818638e-06
387 -0.50 4.216413463690e-02 2.0901687e-06
391 -0.50 4.373655068832e-02 2.2322301e-06
395 -0.50 4.296290420628e-02 1.1312725e-06
399 -0.50 3.989055125495e-02 1.4503237e-06
403 -0.50 4.322644895196e-02 3.8135602e-06
407 -0.50 4.065664039832e-02 1.1245105e-06
411 -0.50 4.119204097477e-02 1.0374968e-06
415 -0.50 4.168811265440e-02 3.3507116e-06
419 -0.50 4.312556414583e-02 6.2123395e-07
423 -0.50 4.132428356032e-02 2.6162240e-06
427 -0.50 4.333280364505e-02 2.2328920e-06
431 -0.50 4.490333756898e-02 5.5617626e-06
435 -0.50 4.247659264460e-02 2.3267225e-06
439 -0.50 4.189686003857e-02 2.2640581e-06
443 -0.50 4.330329908977e-02 1.0816676e-06
447 -0.50 4.466625451171e-02 1.8163755e-06
451 -0.50 4.290674034728e-02 2.5432990e-06
455 -0.50 4.002344423247e-02 1.6938770e-06
459 -0.50 4.185641910084e-02 2.0491803e-06
463 -0.50 4.288490653297e-02 3.7736907e-06
467 -0.50 4.197156787090e-02 1.5414457e-06
471 -0.50 4.369561914536e-02 2.8047347e-06
475 -0.50 4.123096420940e-02 1.5121621e-06
479 -0.50 4.198100208618e-02 3.4115554e-06
483 -0.50 4.240171041969e-02 1.3865798e-06
487 -0.50 4.394021415286e-02 3.3917994e-06
491 -0.50 4.201030372359e-02 3.0621882e-06
495 -0.50 4.263809561510e-02 3.5032727e-06
499 -0.50 4.387506758497e-02 3.1805288e-06
303 -0.25 4.151602022150e-02 1.5195089e-06
307 -0.25 4.147382293065e-02 5.6334272e-06
311 -0.25 4.201265802849e-02 7.1301752e-07
315 -0.25 4.183782263970e-02 3.0708161e-06
319 -0.25 4.112176708372e-02 1.7660199e-06
323 -0.25 4.172757036388e-02 1.5826100e-06
327 -0.25 4.324584350134e-02 3.5378167e-07
331 -0.25 4.210282055751e-02 4.1330646e-06
335 -0.25 4.228410411756e-02 7.5671083e-07
339 -0.25 4.240207250177e-02 4.3092691e-06
343 -0.25 4.286092495876e-02 3.7981725e-06
347 -0.25 4.242980014389e-02 1.0031908e-06
351 -0.25 4.270963111339e-02 1.4848705e-06
355 -0.25 4.148139541998e-02 1.5507057e-06
359 -0.25 4.293997933656e-02 1.1840773e-06
363 -0.25 3.976110090980e-02 3.8388788e-06
367 -0.25 4.089255718141e-02 1.3122412e-06
371 -0.25 4.165194378383e-02 2.4948246e-06
375 -0.25 4.285310741660e-02 6.4901366e-06
379 -0.25 4.394431823992e-02 1.9181334e-06
383 -0.25 4.149938583452e-02 2.3529641e-06
387 -0.25 4.163753056619e-02 1.5315796e-06
391 -0.25 4.421713481952e-02 2.4192353e-06
395 -0.25 4.286792852999e-02 2.7535659e-06
399 -0.25 3.970888228685e-02 5.5196067e-07
403 -0.25 4.181700218176e-02 1.6586609e-06
407 -0.25 4.053677300764e-02 2.3909270e-06
411 -0.25 4.074557843718e-02 8.2869802e-07
415 -0.25 4.094481413352e-02 6.4945436e-07
419 -0.25 4.283733702227e-02 3.9762318e-06
423 -0.25 4.129500489941e-02 1.6423298e-06
427 -0.25 4.296255434966e-02 1.9741321e-06
431 -0.25 4.401262207446e-02 2.1825607e-06
435 -0.25 4.171390522753e-02 1.7158537e-06
439 -0.25 4.118451373929e-02 2.0888675e-06
443 -0.25 4.305879835648e-02 2.1468028e-06
447 -0.25 4.435239756588e-02 1.5715572e-06
451 -0.25 4.170101735956e-02 1.8953589e-06
455 -0.25 3.940308007323e-02 1.7588376e-06
459 -0.25 4.167661359355e-02 8.8637921e-07
463 -0.25 4.252806434640e-02 5.7197168e-06
467 -0.25 4.280633134678e-02 2.2013785e-06
471 -0.25 4.329454680668e-02 5.4192759e-06
475 -0.25 4.043602138192e-02 2.7507315e-06
479 -0.25 4.067409430101e-02 3.8839976e-06
483 -0.25 4.259379516505e-02 3.4397935e-06
487 -0.25 4.375993133425e-02 2.8988441e-06
491 -0.25 4.286317160618e-02 2.5518944e-06
495 -0.25 4.214358827743e-02 2.0683208e-06
499 -0.25 4.286904423824e-02 1.1779957e-06
303 0.00 4.097967640730e-02 1.0915964e-06
307 0.00 4.166119756862e-02 4.3140821e-06
311 0.00 4.137537243992e-02 1.2621804e-06
315 0.00 4.119611580262e-02 1.8388066e-06
319 0.00 4.125131826794e-02 1.1641888e-06
323 0.00 4.122790484909e-02 8.6497956e-07
327 0.00 4.359720912783e-02 6.1626159e-07
331 0.00 4.137720200237e-02 2.5585115e-06
335 0.00 4.201394349347e-02 9.7287560e-07
339 0.00 4.115044055482e-02 4.9868972e-06
343 0.00 4.245359699117e-02 8.8193597e-07
347 0.00 4.195822673064e-02 1.3844082e-06
351 0.00 4.304955144765e-02 1.1852821e-06
355 0.00 4.226891388958e-02 3.9121412e-06
359 0.00 4.291796317729e-02 1.2581620e-06
363 0.00 3.928718166489e-02 2.6717965e-06
367 0.00 4.151411940617e-02 3.2492893e-06
371 0.00 4.242024693665e-02 1.4031843e-06
375 0.00 4.128628521690e-02 2.4341140e-06
379 0.00 4.320672554692e-02 1.1841317e-06
383 0.00 4.174441399966e-02 4.0971141e-06
387 0.00 4.207274898539e-02 1.4092059e-06
391 0.00 4.328079270285e-02 3.0536813e-06
395 0.00 4.377014944237e-02 5.4201202e-06
399 0.00 3.990739139819e-02 1.1738841e-06
403 0.00 4.198650703573e-02 1.3069143e-06
407 0.00 4.086007363565e-02 3.4004194e-06
411 0.00 4.072389152326e-02 1.8589306e-06
415 0.00 4.037935267913e-02 8.6288978e-07
419 0.00 4.227735007115e-02 1.1276813e-06
423 0.00 4.097686114635e-02 2.3847999e-06
427 0.00 4.231171267536e-02 2.4330283e-06
431 0.00 4.474758485897e-02 5.1059028e-06
435 0.00 4.165802770127e-02 1.0051891e-06
439 0.00 4.088119492167e-02 6.2565537e-07
443 0.00 4.259235068668e-02 2.6169094e-06
447 0.00 4.567158206010e-02 8.7649716e-06
451 0.00 4.266766363608e-02 4.5632886e-06
455 0.00 3.913299316169e-02 3.0660675e-06
459 0.00 4.199604035288e-02 2.1933669e-06
463 0.00 4.140290437536e-02 3.5351329e-06
467 0.00 4.160215478186e-02 2.5329080e-06
471 0.00 4.224615105255e-02 2.6029308e-06
475 0.00 4.032397254670e-02 1.3920214e-06
479 0.00 4.115357843195e-02 1.2118846e-06
483 0.00 4.154835089090e-02 2.2127315e-06
487 0.00 4.219333571860e-02 4.0184988e-06
491 0.00 4.297009211523e-02 1.4288857e-06
495 0.00 4.109156306921e-02 1.8539799e-06
499 0.00 4.295915856439e-02 2.2290257e-06
303 0.25 4.140455934754e-02 2.6550658e-06
307 0.25 3.989248250939e-02 3.0851954e-06
311 0.25 4.221632099981e-02 4.4400226e-06
315 0.25 4.075624104833e-02 1.1723278e-06
319 0.25 4.075230216814e-02 1.8372596e-06
323 0.25 4.161644509628e-02 1.1458870e-06
327 0.25 4.425709942782e-02 1.8354983e-06
331 0.25 4.208110124720e-02 2.8765740e-06
335 0.25 4.095366478248e-02 2.0444902e-06
339 0.25 4.164464443537e-02 3.5017833e-06
343 0.25 4.189473220426e-02 2.2928295e-06
347 0.25 4.147610494745e-02 2.4646889e-06
351 0.25 4.208570228007e-02 7.6802530e-07
355 0.25 4.138735242033e-02 2.2689464e-06
359 0.25 4.216040472074e-02 2.4331644e-06
363 0.25 3.991520414535e-02 8.5484047e-06
367 0.25 4.150164419688e-02 2.4066410e-06
371 0.25 4.258265324598e-02 1.7497921e-06
375 0.25 4.155101379701e-02 2.5908318e-06
379 0.25 4.303933651028e-02 1.3468933e-06
383 0.25 4.173461723424e-02 2.8387724e-06
387 0.25 4.271610239532e-02 1.5739471e-06
391 0.25 4.354026916395e-02 1.9701547e-06
395 0.25 4.263456034239e-02 3.5030472e-06
399 0.25 3.943170985790e-02 1.6787917e-06
403 0.25 4.183698841194e-02 2.0393457e-06
407 0.25 4.024244004119e-02 1.9281686e-06
411 0.25 4.117135197436e-02 4.0526379e-06
415 0.25 4.096384306568e-02 3.0682583e-06
419 0.25 4.250439478067e-02 4.6668505e-06
423 0.25 4.111197029513e-02 4.7527588e-06
427 0.25 4.300289357365e-02 3.2999658e-06
431 0.25 4.490636126580e-02 1.1711458e-06
435 0.25 4.206133976434e-02 2.4560223e-06
439 0.25 4.052986824595e-02 1.4919432e-06
443 0.25 4.181450021294e-02 2.0525024e-06
447 0.25 4.445299356138e-02 3.3411950e-06
451 0.25 4.248644315465e-02 1.1819015e-06
455 0.25 3.918641702029e-02 1.5166746e-06
459 0.25 4.119322696474e-02 5.0148385e-06
463 0.25 4.136317602839e-02 2.2230213e-06
467 0.25 4.153043245654e-02 2.7570747e-06
471 0.25 4.221783779585e-02 2.1932968e-06
475 0.25 3.885672369821e-02 1.1607428e-06
479 0.25 4.070528771041e-02 4.5629152e-06
483 0.25 4.191934108784e-02 2.7318678e-06
487 0.25 4.288956922152e-02 5.8715273e-06
491 0.25 4.187392250810e-02 3.6060421e-06
495 0.25 4.100565381476e-02 3.5026759e-06
499 0.25 4.369487259211e-02 3.5772444e-06
303 0.50 4.092921438285e-02 2.6800994e-06
307 0.50 3.933483033633e-02 1.1409399e-06
311 0.50 4.289905998683e-02 5.7888619e-06
315 0.50 4.060190171874e-02 1.5844058e-06
319 0.50 4.194318304697e-02 2.5043542e-06
323 0.50 4.072690412163e-02 1.2757587e-06
327 0.50 4.311303632152e-02 4.6544799e-06
331 0.50 4.159844412839e-02 1.2865496e-06
335 0.50 4.277353690277e-02 4.8086217e-06
339 0.50 4.177951644813e-02 3.2403088e-06
343 0.50 4.227108024790e-02 9.2566878e-07
347 0.50 4.132029006307e-02 2.0038386e-06
351 0.50 4.239979574175e-02 4.2070907e-06
355 0.50 4.084446816987e-02 3.2470807e-07
359 0.50 4.120448364564e-02 2.1200692e-06
363 0.50 3.923560976905e-02 1.7326252e-06
367 0.50 4.205746419222e-02 1.5929557e-06
371 0.50 4.101801411514e-02 4.7260316e-06
375 0.50 4.189112385714e-02 2.3746865e-06
379 0.50 4.403514901539e-02 1.4903993e-06
383 0.50 4.074468940553e-02 1.4332464e-06
387 0.50 4.233009406980e-02 2.7632458e-06
391 0.50 4.271734033250e-02 1.6340922e-06
395 0.50 4.215846985628e-02 8.8659514e-07
399 0.50 3.976991448317e-02 6.7921682e-07
403 0.50 4.178707348114e-02 2.8329090e-06
407 0.50 4.046233113534e-02 2.0500580e-06
411 0.50 4.135777100074e-02 2.2898318e-06
415 0.50 4.105987868315e-02 2.6863143e-06
419 0.50 4.225125654749e-02 3.2479654e-06
423 0.50 4.034569993032e-02 3.0662423e-06
427 0.50 4.256033036029e-02 1.1018036e-06
431 0.50 4.350658072790e-02 9.2629570e-07
435 0.50 4.113170424281e-02 2.1310889e-06
439 0.50 4.021789224940e-02 1.4973827e-06
443 0.50 4.147871404729e-02 2.8915975e-06
447 0.50 4.365409135377e-02 2.8467041e-06
451 0.50 4.102471364607e-02 1.7374008e-06
455 0.50 3.822772623759e-02 1.7981598e-06
459 0.50 4.091594071322e-02 1.9442931e-06
463 0.50 4.099182986155e-02 2.8144562e-06
467 0.50 4.125690304745e-02 2.9573255e-06
471 0.50 4.187973254097e-02 2.6564572e-06
475 0.50 3.957109005856e-02 2.6578779e-06
479 0.50 4.101151810364e-02 5.0204135e-06
483 0.50 4.149828308764e-02 2.5467348e-06
487 0.50 4.133142414259e-02 2.0295893e-06
491 0.50 4.127675845544e-02 1.3289794e-06
495 0.50 4.119827479684e-02 1.1277556e-06
499 0.50 4.132521572595e-02 5.7521141e-07
303 0.75 4.125412483022e-02 4.7309605e-06
307 0.75 3.941328414455e-02 1.0691953e-06
311 0.75 4.061064139378e-02 1.2672893e-06
315 0.75 4.069776900017e-02 2.8578844e-06
319 0.75 4.143329969764e-02 2.3273510e-06
323 0.75 4.105513388387e-02 1.9856904e-06
327 0.75 4.340499402481e-02 3.0584921e-06
331 0.75 4.181403995056e-02 2.4108788e-06
335 0.75 4.269008756512e-02 2.4038604e-06
339 0.75 4.160762299473e-02 4.0343671e-06
343 0.75 4.112511345602e-02 3.9491459e-06
347 0.75 4.156148687340e-02 3.4653659e-06
351 0.75 4.214125166986e-02 3.5589114e-06
355 0.75 4.027215656004e-02 2.6630517e-06
359 0.75 4.107846837304e-02 6.0407960e-07
363 0.75 3.843969779411e-02 1.9590508e-06
367 0.75 4.082751678552e-02 7.2743599e-07
371 0.75 4.140200679827e-02 3.0707330e-06
375 0.75 4.153576447669e-02 1.5466829e-06
379 0.75 4.344845934339e-02 5.7006272e-06
383 0.75 4.028285583986e-02 9.9893417e-07
387 0.75 4.135150066115e-02 4.1911383e-06
391 0.75 4.351267979690e-02 3.6982930e-06
395 0.75 4.222317520594e-02 7.7023185e-07
399 0.75 3.997778254572e-02 4.8570486e-06
403 0.75 4.218301580486e-02 4.4143345e-06
407 0.75 3.874341270997e-02 1.8248450e-06
411 0.75 4.014419474164e-02 3.8626156e-06
415 0.75 3.963266629967e-02 1.3131455e-06
419 0.75 4.182705566989e-02 1.3527412e-06
423 0.75 4.057605277333e-02 2.6772289e-06
427 0.75 4.098145045913e-02 3.6019015e-06
431 0.75 4.295375401100e-02 1.2980550e-06
435 0.75 4.125768287198e-02 2.1566234e-06
439 0.75 3.978336800953e-02 1.3520681e-06
443 0.75 4.144584579914e-02 2.5484260e-06
447 0.75 4.441000446789e-02 3.5923335e-06
451 0.75 4.108501970505e-02 1.7715180e-06
455 0.75 3.975938879979e-02 2.4771800e-06
459 0.75 4.124149418906e-02 1.9474722e-06
463 0.75 4.214259251654e-02 4.4007277e-06
467 0.75 4.205278349747e-02 1.6891773e-06
471 0.75 4.109990769932e-02 2.3639910e-06
475 0.75 3.964440294408e-02 1.2461431e-06
479 0.75 4.076281708559e-02 1.7037193e-06
483 0.75 4.136811021842e-02 5.2378248e-06
487 0.75 4.109874735730e-02 3.4982210e-06
491 0.75 4.083786577085e-02 1.6299309e-06
495 0.75 4.104292701553e-02 1.6790231e-06
499 0.75 4.133686362519e-02 2.3380276e-06
303 1.00 4.174749467501e-02 3.0664212e-06
307 1.00 3.952014803583e-02 1.5339858e-06
311 1.00 4.105295386768e-02 1.2278479e-06
315 1.00 4.086194930450e-02 6.2400406e-07
319 1.00 4.089218589525e-02 2.3485653e-06
323 1.00 4.067017458858e-02 2.1545361e-06
327 1.00 4.360886765394e-02 1.6931961e-06
331 1.00 4.146302940822e-02 2.5978798e-06
335 1.00 4.124018782191e-02 1.7528964e-06
339 1.00 4.128649195543e-02 2.1078464e-06
343 1.00 4.245239469216e-02 3.1008644e-06
347 1.00 4.160258997266e-02 3.4515938e-06
351 1.00 4.185753699855e-02 3.9612529e-06
355 1.00 4.120295773708e-02 7.5674850e-06
359 1.00 4.118502172284e-02 2.8718240e-06
363 1.00 3.917109607579e-02 2.7395039e-06
367 1.00 4.148219792151e-02 1.4702175e-06
371 1.00 4.155224744931e-02 1.8505500e-06
375 1.00 4.146727857947e-02 2.6620947e-06
379 1.00 4.288261354021e-02 9.1393063e-06
383 1.00 4.167222806830e-02 3.6858340e-06
387 1.00 4.226878060011e-02 3.9122308e-06
391 1.00 4.254491351289e-02 1.7614357e-06
395 1.00 4.205368298996e-02 3.2665679e-06
399 1.00 3.799724178951e-02 1.7730649e-06
403 1.00 4.214554904527e-02 6.8597273e-06
407 1.00 4.003075377866e-02 8.5670208e-07
411 1.00 3.970504637518e-02 2.7673396e-06
415 1.00 4.089776260815e-02 4.7531021e-06
419 1.00 4.275100091269e-02 1.5868244e-06
423 1.00 4.107682715868e-02 5.6290486e-06
427 1.00 4.149147407672e-02 4.3454740e-06
431 1.00 4.395785101672e-02 3.0782553e-06
435 1.00 4.216738824037e-02 3.2604875e-06
439 1.00 4.124585238590e-02 6.2835802e-06
443 1.00 4.247912335556e-02 3.2032333e-06
447 1.00 4.420597770216e-02 3.8348333e-06
451 1.00 4.070533745517e-02 5.6675075e-06
455 1.00 3.834659988245e-02 2.6451109e-06
459 1.00 4.112311217027e-02 1.5299503e-06
463 1.00 4.091638275416e-02 3.1474077e-06
467 1.00 4.105263349847e-02 1.7972153e-06
471 1.00 4.100662457970e-02 9.8284566e-06
475 1.00 4.009547942774e-02 1.5623607e-06
479 1.00 4.064028614093e-02 2.5826519e-06
483 1.00 4.182503313115e-02 2.7243715e-06
487 1.00 4.244151754059e-02 3.7469023e-06
491 1.00 4.135858700658e-02 2.0670265e-06
495 1.00 4.141296897085e-02 2.8698442e-06
499 1.00 4.312711552158e-02 1.9636366e-06
304 -1.00 4.182300543914e-02 2.5368357e-06
308 -1.00 4.301666035314e-02 9.8000207e-07
312 -1.00 4.369177257452e-02 2.2405894e-06
316 -1.00 4.450090288505e-02 4.1059391e-06
320 -1.00 4.146932711007e-02 1.5862017e-06
324 -1.00 4.267716479796e-02 1.9223578e-06
328 -1.00 4.310845319751e-02 1.7923897e-06
332 -1.00 4.357318768895e-02 3.5087301e-06
336 -1.00 4.303593076479e-02 2.5518308e-06
340 -1.00 4.426836473577e-02 2.1314217e-06
344 -1.00 4.237942389264e-02 3.8466029e-06
348 -1.00 4.313464799471e-02 4.1028232e-06
352 -1.00 4.202971318649e-02 2.9049354e-06
356 -1.00 4.357271690666e-02 1.1434104e-06
360 -1.00 4.459627889115e-02 1.9663125e-06
364 -1.00 4.428977861329e-02 2.3987587e-06
368 -1.00 4.296487557246e-02 4.6532092e-07
372 -1.00 4.274852318025e-02 3.3000992e-06
376 -1.00 4.156259620636e-02 8.1553656e-07
380 -1.00 4.192244672653e-02 2.3943289e-06
384 -1.00 4.294068881644e-02 1.2955279e-06
388 -1.00 4.405485932929e-02 2.7784944e-06
392 -1.00 4.213072297177e-02 3.0354323e-06
396 -1.00 4.118737193823e-02 3.1058044e-07
400 -1.00 4.389847741653e-02 2.4929849e-06
404 -1.00 4.281715044156e-02 5.6174162e-06
408 -1.00 4.142005736904e-02 1.1455603e-06
412 -1.00 4.225925762936e-02 1.2785320e-06
416 -1.00 4.184549359173e-02 3.2336443e-06
420 -1.00 4.196675868905e-02 6.9424328e-07
424 -1.00 4.322662839867e-02 2.7226499e-06
428 -1.00 4.247168846503e-02 2.0522448e-06
432 -1.00 4.271916340522e-02 2.2815394e-06
436 -1.00 4.314348694402e-02 1.4591426e-06
440 -1.00 4.676439162998e-02 1.4076219e-06
444 -1.00 4.283645326439e-02 1.0376670e-06
448 -1.00 4.303154486670e-02 1.6506713e-06
452 -1.00 4.157895834396e-02 2.0757834e-06
456 -1.00 4.207409323610e-02 1.4271468e-06
460 -1.00 4.166716815194e-02 7.7918930e-07
464 -1.00 4.171081567540e-02 1.2776113e-06
468 -1.00 4.424606977962e-02 8.5463760e-07
472 -1.00 4.358694654827e-02 1.4222161e-06
476 -1.00 4.217474484586e-02 3.3611720e-06
480 -1.00 4.250013671691e-02 2.5191237e-06
484 -1.00 4.301798220677e-02 2.7282604e-06
488 -1.00 4.297994446867e-02 3.7937024e-06
492 -1.00 4.359806687798e-02 1.1257015e-06
496 -1.00 4.452449723542e-02 2.6193584e-06
500 -1.00 4.051490001191e-02 1.9499726e-06
304 -0.75 4.317415409554e-02 4.5964573e-06
308 -0.75 4.385058847272e-02 8.9659538e-06
312 -0.75 4.288494702626e-02 6.1842405e-07
316 -0.75 4.255391861849e-02 1.4873162e-06
320 -0.75 4.200278494754e-02 3.8830046e-06
324 -0.75 4.263840257499e-02 6.1469133e-07
328 -0.75 4.352148139415e-02 3.4064340e-06
332 -0.75 4.301360751567e-02 2.2162856e-06
336 -0.75 4.257567085496e-02 1.3286444e-06
340 -0.75 4.325580386711e-02 5.2450506e-06
344 -0.75 4.117252325076e-02 1.9346204e-06
348 -0.75 4.161365735565e-02 1.5366205e-06
352 -0.75 4.147493068733e-02 2.5440225e-06
356 -0.75 4.344802671492e-02 3.3131158e-06
360 -0.75 4.428133406557e-02 4.3827479e-06
364 -0.75 4.439716672129e-02 1.4198123e-06
368 -0.75 4.315323148300e-02 4.1942500e-07
372 -0.75 4.206207611631e-02 1.5156010e-06
376 -0.75 4.107505698551e-02 8.1328461e-07
380 -0.75 4.151229771236e-02 6.4330308e-07
384 -0.75 4.292771181789e-02 1.5014447e-06
388 -0.75 4.255680251421e-02 1.4409904e-06
392 -0.75 4.187958888264e-02 1.7126961e-06
396 -0.75 4.127461590905e-02 8.7965433e-07
400 -0.75 4.321698966303e-02 3.9228861e-06
404 -0.75 4.325973635120e-02 2.4944686e-06
408 -0.75 4.145496913252e-02 1.0505775e-06
412 -0.75 4.228596852084e-02 1.2997269e-06
416 -0.75 4.149272222174e-02 9.8944616e-07
420 -0.75 4.111886487365e-02 1.9400224e-06
424 -0.75 4.284402451643e-02 2.6298320e-06
428 -0.75 4.221875131713e-02 2.2948572e-06
432 -0.75 4.140742487761e-02 5.8113427e-07
436 -0.75 4.422513092771e-02 8.3884252e-06
440 -0.75 4.651504393120e-02 1.9948685e-06
444 -0.75 4.282635021644e-02 2.6667424e-06
448 -0.75 4.360111241253e-02 6.4123602e-06
452 -0.75 4.185751549868e-02 2.0969959e-06
456 -0.75 4.175939229365e-02 1.1517279e-06
460 -0.75 4.280768574356e-02 3.8604351e-06
464 -0.75 4.100735909009e-02 2.3578237e-06
468 -0.75 4.371967521611e-02 2.3753711e-06
472 -0.75 4.227856406274e-02 3.2012020e-06
476 -0.75 4.226323249482e-02 2.4421170e-06
480 -0.75 4.184872468345e-02 1.2225277e-06
484 -0.75 4.328442980865e-02 1.3479761e-06
488 -0.75 4.242060903963e-02 2.1640391e-06
492 -0.75 4.346433126489e-02 9.3168467e-07
496 -0.75 4.419262705818e-02 3.2280297e-06
500 -0.75 3.971994408727e-02 1.7557210e-06
304 -0.50 4.328406302208e-02 2.1024761e-06
308 -0.50 4.214492291826e-02 6.1865112e-07
312 -0.50 4.302266479206e-02 6.3104555e-06
316 -0.50 4.237045072996e-02 2.9768571e-06
320 -0.50 4.145984453407e-02 2.4071537e-06
324 -0.50 4.174271404250e-02 3.3829695e-06
328 -0.50 4.305463621280e-02 2.2635897e-06
332 -0.50 4.356020105584e-02 1.9599893e-06
336 -0.50 4.284802753772e-02 2.0499519e-06
340 -0.50 4.364814076023e-02 2.1367552e-06
344 -0.50 4.129448252483e-02 9.3450502e-07
348 -0.50 4.133429105398e-02 1.7025772e-06
352 -0.50 4.138305794858e-02 3.3962168e-06
356 -0.50 4.362230431313e-02 1.0098969e-06
360 -0.50 4.325724215168e-02 2.2937767e-06
364 -0.50 4.282257501891e-02 2.6494186e-06
368 -0.50 4.345528853752e-02 7.8033704e-07
372 -0.50 4.270331269996e-02 1.9150973e-06
376 -0.50 4.074571225422e-02 2.9867090e-06
380 -0.50 4.092150267377e-02 3.2420450e-06
384 -0.50 4.355235420627e-02 1.3161709e-06
388 -0.50 4.242078900111e-02 4.7540505e-07
392 -0.50 4.125346786447e-02 3.8747915e-06
396 -0.50 4.043743871628e-02 1.7621731e-06
400 -0.50 4.391891789395e-02 3.2381816e-06
404 -0.50 4.180891409975e-02 2.6870297e-06
408 -0.50 4.133372136900e-02 1.0933587e-06
412 -0.50 4.184249949103e-02 1.8310940e-06
416 -0.50 4.200194354050e-02 1.9623867e-06
420 -0.50 4.090438827905e-02 2.0411783e-06
424 -0.50 4.351114468667e-02 3.8639195e-06
428 -0.50 4.157825798727e-02 2.7262131e-06
432 -0.50 4.110562208792e-02 1.2125548e-06
436 -0.50 4.324066318713e-02 1.9064038e-06
440 -0.50 4.700948426929e-02 4.2122475e-07
444 -0.50 4.268263850787e-02 3.2134604e-06
448 -0.50 4.279584153850e-02 1.9684867e-06
452 -0.50 4.134098873474e-02 2.2990672e-06
456 -0.50 4.147946002279e-02 1.2060032e-06
460 -0.50 4.157937949874e-02 1.1592806e-06
464 -0.50 4.078113482773e-02 1.9089768e-06
468 -0.50 4.385874694606e-02 1.9541071e-06
472 -0.50 4.176970526654e-02 1.1213423e-06
476 -0.50 4.158958896520e-02 2.0858872e-06
480 -0.50 4.189328214187e-02 4.3216121e-06
484 -0.50 4.271796455075e-02 8.0185724e-07
488 -0.50 4.267589397487e-02 1.7080993e-06
492 -0.50 4.409454072468e-02 1.8513725e-06
496 -0.50 4.408651989137e-02 8.3631674e-07
500 -0.50 4.043436633119e-02 2.0359765e-06
304 -0.25 4.401322086241e-02 3.3322011e-06
308 -0.25 4.209337606045e-02 3.0307233e-06
312 -0.25 4.234422676839e-02 2.4330280e-06
316 -0.25 4.280728343165e-02 4.0045848e-06
320 -0.25 4.091646041768e-02 1.6845090e-06
324 -0.25 4.193417054997e-02 2.7624152e-06
328 -0.25 4.265107711091e-02 3.8077581e-06
332 -0.25 4.253594411936e-02 3.2158969e-06
336 -0.25 4.211060853689e-02 2.5941692e-06
340 -0.25 4.276410652281e-02 3.3579115e-06
344 -0.25 4.127933443794e-02 3.0558373e-06
348 -0.25 4.141793367137e-02 2.0535887e-06
352 -0.25 4.093243128805e-02 7.3781934e-07
356 -0.25 4.537378807934e-02 4.1628759e-06
360 -0.25 4.356554005042e-02 1.8578451e-06
364 -0.25 4.409240358917e-02 2.9543856e-06
368 -0.25 4.326253077316e-02 3.8858801e-06
372 -0.25 4.141100273835e-02 2.5501242e-06
376 -0.25 4.106317221337e-02 2.0814070e-06
380 -0.25 4.110156098485e-02 3.9081806e-06
384 -0.25 4.251221344774e-02 2.8366036e-06
388 -0.25 4.293142863475e-02 2.8733935e-06
392 -0.25 4.145806234832e-02 1.2009600e-06
396 -0.25 4.074139297820e-02 1.5487966e-06
400 -0.25 4.270186567456e-02 2.1813491e-06
404 -0.25 4.330947333527e-02 1.5030179e-06
408 -0.25 4.001063306734e-02 2.4685246e-06
412 -0.25 4.153685978963e-02 9.9812283e-07
416 -0.25 4.155862724468e-02 1.3770896e-06
420 -0.25 4.007367911681e-02 2.4727163e-06
424 -0.25 4.250934867919e-02 2.3194036e-06
428 -0.25 4.130363214548e-02 2.2611880e-06
432 -0.25 4.144770636137e-02 1.7579167e-06
436 -0.25 4.258374160396e-02 1.3884421e-06
440 -0.25 4.698141115125e-02 3.6431395e-06
444 -0.25 4.309203204805e-02 2.1124809e-06
448 -0.25 4.306813357748e-02 2.6659725e-06
452 -0.25 4.087759795427e-02 2.6397685e-06
456 -0.25 4.156241435689e-02 4.3627423e-06
460 -0.25 4.189145262190e-02 2.9863136e-06
464 -0.25 3.948621302068e-02 1.8445688e-06
468 -0.25 4.408723864792e-02 1.8198899e-06
472 -0.25 4.241325208239e-02 1.4157447e-06
476 -0.25 4.362677882442e-02 1.7690748e-06
480 -0.25 4.257238730431e-02 1.8763092e-06
484 -0.25 4.250211816604e-02 2.7083883e-06
488 -0.25 4.237907835316e-02 1.0582005e-06
492 -0.25 4.284245292078e-02 8.2288469e-07
496 -0.25 4.387097899477e-02 3.0228739e-06
500 -0.25 4.051731570090e-02 1.5631990e-06
304 0.00 4.366903898118e-02 2.5621525e-06
308 0.00 4.146312401628e-02 1.8687912e-06
312 0.00 4.329998203068e-02 7.3467818e-06
316 0.00 4.182086940131e-02 1.7230803e-06
320 0.00 4.053864717854e-02 1.7956325e-06
324 0.00 4.272040391015e-02 2.4624580e-06
328 0.00 4.243590369346e-02 1.4405824e-06
332 0.00 4.248342500615e-02 1.6495601e-06
336 0.00 4.309694824819e-02 2.0516057e-06
340 0.00 4.265074371791e-02 2.2146897e-06
344 0.00 4.117189358577e-02 2.8686662e-06
348 0.00 4.204951215062e-02 1.7781699e-06
352 0.00 4.081814718103e-02 1.5941621e-06
356 0.00 4.421738048848e-02 2.0029722e-06
360 0.00 4.283409135027e-02 2.7832680e-06
364 0.00 4.256411300826e-02 1.1320527e-06
368 0.00 4.205357432288e-02 3.9705699e-06
372 0.00 4.225652706362e-02 2.3038685e-06
376 0.00 4.169236361415e-02 5.1572300e-06
380 0.00 4.123903074387e-02 3.6324141e-06
384 0.00 4.174530657756e-02 3.4397821e-06
388 0.00 4.216509599449e-02 4.1858067e-06
392 0.00 4.117467847242e-02 2.2003589e-06
396 0.00 4.102239370969e-02 1.0522532e-06
400 0.00 4.338411176835e-02 3.5570462e-06
404 0.00 4.147226907611e-02 3.4272956e-06
408 0.00 4.103084721324e-02 1.9849919e-06
412 0.00 4.106171580423e-02 3.2283797e-06
416 0.00 4.027586533080e-02 3.0962051e-06
420 0.00 4.119189465891e-02 3.4800494e-06
424 0.00 4.116117900201e-02 2.7173003e-06
428 0.00 3.970058799687e-02 7.2316804e-07
432 0.00 4.155714500806e-02 1.0110652e-06
436 0.00 4.280408020095e-02 2.5732022e-06
440 0.00 4.574414061219e-02 3.4293891e-06
444 0.00 4.213749079567e-02 7.3382858e-07
448 0.00 4.329129646676e-02 5.5987625e-06
452 0.00 4.014568184878e-02 9.4651374e-07
456 0.00 4.155551875444e-02 1.1375339e-06
460 0.00 4.086317853693e-02 1.6531093e-06
464 0.00 4.140991423181e-02 6.2382694e-06
468 0.00 4.375460107157e-02 6.6738574e-06
472 0.00 4.148475204008e-02 2.6388018e-06
476 0.00 4.189502521149e-02 2.0738747e-06
480 0.00 4.161749794729e-02 1.7899579e-06
484 0.00 4.240427424109e-02 1.1539099e-06
488 0.00 4.220763281854e-02 2.8824500e-06
492 0.00 4.265712304836e-02 2.8242911e-06
496 0.00 4.355447660574e-02 2.2799428e-06
500 0.00 3.976712563485e-02 2.8774330e-06
304 0.25 4.343165790782e-02 3.1549157e-06
308 0.25 4.226999109897e-02 6.2838161e-06
312 0.25 4.156593987063e-02 1.1831389e-06
316 0.25 4.173563940046e-02 1.8338448e-06
320 0.25 4.088075393150e-02 9.9861117e-07
324 0.25 4.208786735701e-02 4.0228324e-06
328 0.25 4.235475634938e-02 2.8090270e-06
332 0.25 4.193667161030e-02 1.0088935e-06
336 0.25 4.175402748636e-02 1.9827769e-06
340 0.25 4.209882009652e-02 2.0696734e-06
344 0.25 4.075033225394e-02 1.9181132e-06
348 0.25 4.080166427965e-02 1.5965282e-06
352 0.25 4.093213230301e-02 1.6270020e-06
356 0.25 4.318074767644e-02 1.9410461e-06
360 0.25 4.226533344465e-02 5.7308144e-06
364 0.25 4.221654516598e-02 4.0290994e-06
368 0.25 4.328513444886e-02 2.6035321e-06
372 0.25 4.193477325714e-02 3.4889849e-06
376 0.25 4.051136861935e-02 2.1277981e-06
380 0.25 3.956770168577e-02 1.8893986e-06
384 0.25 4.225830188233e-02 3.1506462e-06
388 0.25 4.269973175980e-02 1.9659558e-06
392 0.25 4.138406043228e-02 2.3534676e-06
396 0.25 3.907512383291e-02 1.5113559e-06
400 0.25 4.255650716802e-02 1.9322574e-06
404 0.25 4.237931101541e-02 3.5988505e-06
408 0.25 3.953253949790e-02 1.3749699e-06
412 0.25 4.169045478186e-02 3.7109733e-06
416 0.25 4.117647860027e-02 2.7809074e-06
420 0.25 4.047609746386e-02 3.2438982e-06
424 0.25 4.188130093693e-02 2.5455722e-06
428 0.25 4.102216763699e-02 2.1054699e-06
432 0.25 4.127391227093e-02 1.9236397e-06
436 0.25 4.272074859856e-02 2.4145057e-06
440 0.25 4.509106102487e-02 5.2292457e-06
444 0.25 4.196350463822e-02 2.3689783e-06
448 0.25 4.187819412205e-02 1.9097741e-06
452 0.25 4.078411963808e-02 6.1028198e-07
456 0.25 4.232521709084e-02 1.7986176e-06
460 0.25 4.088002761739e-02 6.7683336e-07
464 0.25 4.025244531801e-02 2.5448617e-06
468 0.25 4.206202800096e-02 2.5392616e-06
472 0.25 4.014823392877e-02 1.7021120e-06
476 0.25 4.054446314117e-02 2.1889090e-06
480 0.25 4.179818855613e-02 3.5392983e-06
484 0.25 4.225457579274e-02 8.9253077e-07
488 0.25 4.278022777924e-02 4.0050668e-06
492 0.25 4.401861499886e-02 3.1538537e-06
496 0.25 4.314865675370e-02 2.8827791e-06
500 0.25 4.008931548376e-02 3.2234442e-06
304 0.50 4.224951875199e-02 2.3735705e-06
308 0.50 4.043153881854e-02 9.9401608e-07
312 0.50 4.217381131196e-02 3.6457762e-06
316 0.50 4.142938756671e-02 2.8473309e-06
320 0.50 4.116397785866e-02 1.6643993e-06
324 0.50 4.148072878004e-02 1.6866719e-06
328 0.50 4.263495830818e-02 1.6072380e-06
332 0.50 4.183071808074e-02 2.1772735e-06
336 0.50 4.115345029088e-02 1.4046934e-06
340 0.50 4.279194441076e-02 4.6389085e-06
344 0.50 4.042613290624e-02 1.4080456e-06
348 0.50 4.033158030806e-02 1.4754636e-06
352 0.50 4.115664627664e-02 1.7009134e-06
356 0.50 4.249696603764e-02 1.0116860e-06
360 0.50 4.269852208225e-02 3.8694307e-06
364 0.50 4.277604620867e-02 3.6312786e-06
368 0.50 4.178033469502e-02 2.2401502e-06
372 0.50 4.207523971927e-02 2.9142533e-06
376 0.50 3.933263364815e-02 2.6888003e-06
380 0.50 4.093526085952e-02 4.6702074e-06
384 0.50 4.230095137169e-02 1.4399752e-06
388 0.50 4.202556499874e-02 3.1020104e-06
392 0.50 4.030753699823e-02 9.0788815e-07
396 0.50 4.063127727453e-02 7.4664507e-06
400 0.50 4.336713915532e-02 3.5979132e-06
404 0.50 4.045677186752e-02 3.2355737e-06
408 0.50 4.059043394149e-02 3.1955594e-06
412 0.50 4.042280956052e-02 2.2585268e-06
416 0.50 3.975620307510e-02 2.1024117e-06
420 0.50 3.976879999854e-02 7.2240840e-07
424 0.50 4.056645761866e-02 3.0327849e-06
428 0.50 4.136131938688e-02 3.4815356e-06
432 0.50 4.126724056312e-02 1.8374560e-06
436 0.50 4.208613775268e-02 3.5537271e-06
440 0.50 4.486876720016e-02 2.9800663e-06
444 0.50 4.127201282826e-02 1.2687388e-06
448 0.50 4.299324017297e-02 2.5031717e-06
452 0.50 4.036230471454e-02 2.3126698e-06
456 0.50 3.986814752942e-02 2.1977623e-06
460 0.50 4.098388507634e-02 2.4786046e-06
464 0.50 3.996565903422e-02 4.1238122e-06
468 0.50 4.318266774860e-02 3.5134838e-06
472 0.50 4.145748279897e-02 2.3410433e-06
476 0.50 4.237281160887e-02 3.4756143e-06
480 0.50 4.245297076007e-02 3.9950835e-06
484 0.50 4.192089101899e-02 9.3954465e-07
488 0.50 4.194336927515e-02 2.8278179e-06
492 0.50 4.303257458512e-02 2.3944810e-06
496 0.50 4.322178740635e-02 3.9200129e-06
500 0.50 3.998519358075e-02 3.1926737e-06
304 0.75 4.220656547914e-02 2.7847050e-06
308 0.75 4.092489761938e-02 2.8835010e-06
312 0.75 4.254054065424e-02 1.9648171e-06
316 0.75 4.233446506393e-02 4.4213246e-06
320 0.75 3.987342278780e-02 1.1628627e-06
324 0.75 4.142952807312e-02 1.9856390e-06
328 0.75 4.114383548449e-02 1.2586646e-06
332 0.75 4.130661052848e-02 2.6715320e-06
336 0.75 4.173384532757e-02 1.9109966e-06
340 0.75 4.384491210241e-02 3.4484453e-06
344 0.75 4.024823872116e-02 1.1217789e-06
348 0.75 4.064577556193e-02 1.0910123e-06
352 0.75 4.123867529263e-02 3.8956013e-06
356 0.75 4.389340169400e-02 5.4974673e-06
360 0.75 4.296054519705e-02 4.1543063e-06
364 0.75 4.229865547943e-02 3.5461191e-06
368 0.75 4.079401941105e-02 2.4352344e-06
372 0.75 4.142844315153e-02 2.8990857e-06
376 0.75 4.098780878882e-02 2.1867266e-06
380 0.75 3.998294610066e-02 3.5072370e-06
384 0.75 4.208021071996e-02 3.4793040e-06
388 0.75 4.229061560910e-02 2.5689265e-06
392 0.75 4.055324573114e-02 1.7896540e-06
396 0.75 4.020684128998e-02 2.5404045e-06
400 0.75 4.315324190524e-02 5.1655377e-06
404 0.75 4.111837429975e-02 1.6068379e-06
408 0.75 4.053364436271e-02 1.3950910e-06
412 0.75 4.076133694888e-02 2.2751986e-06
416 0.75 4.071333383772e-02 1.6252554e-06
420 0.75 3.972452028705e-02 4.1903085e-06
424 0.75 4.108519208046e-02 1.4584870e-06
428 0.75 4.229248566619e-02 3.3701332e-06
432 0.75 4.073524742937e-02 5.9711492e-06
436 0.75 4.270563649822e-02 3.1705528e-06
440 0.75 4.519970767920e-02 8.6158433e-06
444 0.75 4.121944926557e-02 2.8344237e-06
448 0.75 4.251413391222e-02 2.2216354e-06
452 0.75 4.043891264921e-02 1.5029347e-06
456 0.75 4.058606417222e-02 9.5979867e-07
460 0.75 4.121991227408e-02 1.3002661e-06
464 0.75 3.981476462418e-02 1.1740314e-06
468 0.75 4.199444104874e-02 2.0958675e-06
472 0.75 3.989834473968e-02 4.5669438e-07
476 0.75 4.087445689439e-02 4.1865798e-06
480 0.75 4.206285363657e-02 1.1980424e-06
484 0.75 4.200304247425e-02 3.1317731e-06
488 0.75 4.134874648901e-02 1.0798984e-06
492 0.75 4.264902829796e-02 4.8244718e-06
496 0.75 4.219320977862e-02 2.3791826e-06
500 0.75 3.918404613452e-02 4.2520752e-06
304 1.00 4.127421846172e-02 2.8880805e-06
308 1.00 4.001848519658e-02 2.6356887e-06
312 1.00 4.116486497119e-02 3.7513903e-06
316 1.00 4.196048990040e-02 4.4653380e-06
320 1.00 4.115210015027e-02 1.6905373e-06
324 1.00 4.086680210062e-02 3.2103952e-06
328 1.00 4.165668094612e-02 1.6426812e-06
332 1.00 4.181536819778e-02 4.3525260e-06
336 1.00 4.297367542484e-02 3.0107620e-06
340 1.00 4.183607021189e-02 4.8544333e-06
344 1.00 4.130945510533e-02 5.7092775e-06
348 1.00 4.091870639156e-02 4.4007605e-06
352 1.00 4.083911599533e-02 6.1736736e-06
356 1.00 4.228609937015e-02 5.6390096e-06
360 1.00 4.181696599077e-02 2.3948815e-06
364 1.00 4.189563767604e-02 3.0516411e-06
368 1.00 4.246017973288e-02 1.1447305e-06
372 1.00 4.058534180834e-02 1.3613476e-06
376 1.00 3.986602448754e-02 2.0900703e-06
380 1.00 4.064303639909e-02 2.3977440e-06
384 1.00 4.266562424646e-02 1.7068381e-06
388 1.00 4.275151585163e-02 1.0765674e-06
392 1.00 4.019362729858e-02 9.2545620e-07
396 1.00 4.035808865949e-02 4.9234811e-06
400 1.00 4.237133221422e-02 3.7091421e-06
404 1.00 4.271593364803e-02 2.2761268e-06
408 1.00 3.958953824448e-02 2.3622542e-06
412 1.00 4.049839618689e-02 1.4994327e-06
416 1.00 4.056507813274e-02 3.2197273e-06
420 1.00 4.046010111548e-02 6.1512919e-06
424 1.00 4.092491119258e-02 3.5795727e-06
428 1.00 4.017319506553e-02 1.7545417e-06
432 1.00 4.075930585392e-02 1.6452638e-06
436 1.00 4.164857534073e-02 4.6634600e-06
440 1.00 4.365861149168e-02 2.0254488e-06
444 1.00 4.266423299288e-02 2.7351822e-06
448 1.00 4.134029408082e-02 4.2993499e-06
452 1.00 4.062618155341e-02 4.5805789e-06
456 1.00 4.152204347414e-02 2.7097078e-06
460 1.00 4.117845683247e-02 2.9403025e-06
464 1.00 3.973792127481e-02 2.1236649e-06
468 1.00 4.242621261592e-02 3.4554611e-06
472 1.00 4.102490718577e-02 2.9170461e-06
476 1.00 4.128907676705e-02 4.2388403e-06
480 1.00 4.106865112382e-02 1.6500684e-06
484 1.00 4.158666261991e-02 8.9789133e-07
488 1.00 4.174192542210e-02 1.4893913e-06
492 1.00 4.209269221534e-02 2.0952338e-06
496 1.00 4.316378906352e-02 5.9045087e-06
500 1.00 3.990145969713e-02 3.7629370e-06
301 -1.00 4.205788903829e-02 1.7518115e-06
305 -1.00 4.048910394528e-02 3.0605525e-06
309 -1.00 4.371270809431e-02 1.4108817e-06
313 -1.00 4.238045977519e-02 1.1933882e-06
317 -1.00 4.176981470890e-02 2.9165508e-06
321 -1.00 4.529998505990e-02 4.2408583e-06
325 -1.00 4.454651950507e-02 1.7571114e-06
329 -1.00 4.347531977148e-02 1.9041865e-06
333 -1.00 4.224750503819e-02 2.1146584e-06
337 -1.00 4.240011142507e-02 1.9857069e-06
341 -1.00 4.278246649541e-02 1.6547961e-06
345 -1.00 4.485827502940e-02 4.9315518e-06
349 -1.00 4.199146831451e-02 1.8013038e-06
353 -1.00 4.244866397964e-02 2.5507870e-06
357 -1.00 4.301798117051e-02 4.9626675e-06
361 -1.00 4.256923574864e-02 2.5293014e-06
365 -1.00 4.361597314907e-02 3.6681316e-06
369 -1.00 4.220836233811e-02 1.2900388e-06
373 -1.00 4.164590189697e-02 3.0603363e-06
377 -1.00 4.435158286290e-02 2.6623718e-06
381 -1.00 4.229107837768e-02 1.7454306e-06
385 -1.00 4.268922258620e-02 5.4920558e-07
389 -1.00 4.495979125876e-02 4.2417937e-06
393 -1.00 4.450209542026e-02 2.2374155e-06
397 -1.00 4.533328760718e-02 5.2983875e-06
401 -1.00 4.420972656593e-02 1.9340221e-06
405 -1.00 4.213466558897e-02 2.9771032e-06
409 -1.00 4.161600335210e-02 2.0545769e-06
413 -1.00 4.261234039985e-02 1.3331662e-06
417 -1.00 4.468850642381e-02 2.9681324e-06
421 -1.00 4.478928912498e-02 4.9701193e-06
425 -1.00 4.178491758452e-02 1.3270393e-06
429 -1.00 4.295392762891e-02 3.2062131e-06
433 -1.00 4.262693767329e-02 4.1490782e-06
437 -1.00 4.390437709753e-02 3.6995525e-06
441 -1.00 4.440168339368e-02 4.3984983e-06
445 -1.00 4.282726516036e-02 3.4684956e-06
449 -1.00 4.409631887345e-02 2.3333121e-06
453 -1.00 4.319001780870e-02 2.1789780e-06
457 -1.00 4.369398465695e-02 4.2700480e-06
461 -1.00 4.254966837086e-02 2.9144453e-06
465 -1.00 4.325963848036e-02 3.3904231e-06
469 -1.00 4.017697168479e-02 2.9827142e-06
473 -1.00 4.188502432312e-02 3.0198532e-06
477 -1.00 4.355842853192e-02 5.7925896e-06
481 -1.00 4.249660471396e-02 2.5032015e-06
485 -1.00 4.320044410785e-02 1.6551724e-06
489 -1.00 4.291287495125e-02 1.0523753e-06
493 -1.00 4.285270202214e-02 2.1140851e-06
497 -1.00 4.360850709995e-02 1.1819561e-06
301 -0.75 4.182531532753e-02 2.0168332e-06
305 -0.75 4.031155042700e-02 1.5589300e-06
309 -0.75 4.348985605490e-02 2.2829750e-06
313 -0.75 4.264957059987e-02 5.0625147e-06
317 -0.75 4.164140918994e-02 8.6357796e-07
321 -0.75 4.490310992940e-02 4.9344314e-06
325 -0.75 4.325745595270e-02 1.5939123e-06
329 -0.75 4.324537303699e-02 4.3776426e-06
333 -0.75 4.120001182180e-02 9.1331403e-07
337 -0.75 4.180892444481e-02 1.6142025e-06
341 -0.75 4.273454705868e-02 4.6759211e-06
345 -0.75 4.505579874201e-02 1.4812559e-06
349 -0.75 4.176294830704e-02 1.1685385e-06
353 -0.75 4.360743316687e-02 3.3008498e-06
357 -0.75 4.352434377972e-02 4.2731813e-06
361 -0.75 4.118244890763e-02 1.8209847e-06
365 -0.75 4.192829453352e-02 1.4429325e-06
369 -0.75 4.189296150944e-02 1.2646101e-06
373 -0.75 4.187429757907e-02 1.8834029e-06
377 -0.75 4.319021404922e-02 1.8655497e-06
381 -0.75 4.257745838484e-02 1.0109624e-06
385 -0.75 4.155478018884e-02 2.6652539e-06
389 -0.75 4.361190031217e-02 2.1081626e-06
393 -0.75 4.341192834854e-02 3.8698493e-06
397 -0.75 4.403420396831e-02 8.5421010e-07
401 -0.75 4.418537417591e-02 2.5668051e-06
405 -0.75 4.177063498659e-02 3.1577699e-06
409 -0.75 4.264400630348e-02 2.9433674e-06
413 -0.75 4.272514765261e-02 1.6065464e-06
417 -0.75 4.408725294356e-02 1.9533538e-06
421 -0.75 4.416683670074e-02 2.4942984e-06
425 -0.75 4.202892004816e-02 3.7885948e-06
429 -0.75 4.358531450165e-02 4.2038259e-06
433 -0.75 4.305994884345e-02 8.4591148e-07
437 -0.75 4.257912880025e-02 2.6685023e-06
441 -0.75 4.498730321350e-02 5.6587482e-06
445 -0.75 4.363177509067e-02 7.0997552e-06
449 -0.75 4.275649341211e-02 1.3390804e-06
453 -0.75 4.245876857209e-02 1.1065457e-06
457 -0.75 4.291767474071e-02 3.1273870e-06
461 -0.75 4.248388121543e-02 2.2609938e-06
465 -0.75 4.380035510318e-02 3.3330755e-06
469 -0.75 4.017994236654e-02 1.4431508e-06
473 -0.75 4.167800333518e-02 1.5641514e-06
477 -0.75 4.345987681361e-02 1.9073333e-06
481 -0.75 4.329657057302e-02 3.2485821e-06
485 -0.75 4.344705072977e-02 2.2669268e-06
489 -0.75 4.292679880316e-02 1.9082093e-06
493 -0.75 4.324697580163e-02 1.3434966e-06
497 -0.75 4.371412751255e-02 3.1861623e-06
301 -0.50 4.149114340661e-02 7.0861639e-07
305 -0.50 4.053177568156e-02 8.0511174e-07
309 -0.50 4.257623031684e-02 2.3689773e-06
313 -0.50 4.352405865133e-02 4.3892973e-06
317 -0.50 4.227590670773e-02 7.3408682e-07
321 -0.50 4.424931455631e-02 2.7126460e-06
325 -0.50 4.408888914854e-02 1.9056591e-06
329 -0.50 4.288590089854e-02 2.1832220e-06
333 -0.50 4.208521148074e-02 1.4333126e-06
337 -0.50 4.226707846786e-02 4.5338366e-06
341 -0.50 4.245440562059e-02 1.3169224e-06
345 -0.50 4.421156772107e-02 3.2949430e-06
349 -0.50 4.109130462939e-02 1.4586507e-06
353 -0.50 4.190165956299e-02 2.7303705e-06
357 -0.50 4.139731125613e-02 4.9146259e-07
361 -0.50 4.142533418989e-02 4.1244107e-06
365 -0.50 4.127891367829e-02 7.8092747e-07
369 -0.50 4.284566220245e-02 3.5794135e-06
373 -0.50 4.136629680147e-02 2.6119466e-06
377 -0.50 4.359715832630e-02 4.8970464e-06
381 -0.50 4.276986201465e-02 2.4058719e-06
385 -0.50 4.155537903133e-02 3.7488880e-06
389 -0.50 4.418395879107e-02 1.7113413e-06
393 -0.50 4.337756657968e-02 1.5015806e-06
397 -0.50 4.298360182671e-02 1.4553740e-06
401 -0.50 4.461416914816e-02 2.8698945e-06
405 -0.50 4.328521488082e-02 2.2964087e-06
409 -0.50 4.382497919149e-02 3.2135107e-06
413 -0.50 4.214017488849e-02 1.5164409e-06
417 -0.50 4.453666340151e-02 1.8430396e-06
421 -0.50 4.372272661752e-02 4.5503564e-06
425 -0.50 4.181477728849e-02 2.9998638e-06
429 -0.50 4.301605291653e-02 3.3615574e-06
433 -0.50 4.198851872336e-02 4.5078154e-07
437 -0.50 4.101871941366e-02 2.0704304e-06
441 -0.50 4.475468009377e-02 6.6207211e-06
445 -0.50 4.166879007638e-02 2.6911974e-06
449 -0.50 4.252915770765e-02 3.2685913e-06
453 -0.50 4.293670260463e-02 7.6795508e-07
457 -0.50 4.157996089688e-02 1.7274230e-06
461 -0.50 4.150696749496e-02 1.5046362e-06
465 -0.50 4.211209459777e-02 3.8398155e-07
469 -0.50 3.971384159262e-02 8.7574621e-07
473 -0.50 4.163719100685e-02 1.6848889e-06
477 -0.50 4.277740205460e-02 1.0626143e-06
481 -0.50 4.296048619489e-02 3.0283807e-06
485 -0.50 4.324108527366e-02 2.4575596e-06
489 -0.50 4.271693769326e-02 1.0549650e-06
493 -0.50 4.348849700816e-02 1.9983793e-06
497 -0.50 4.304253413824e-02 1.9406094e-06
301 -0.25 4.121146636217e-02 1.2905905e-06
305 -0.25 3.967288325036e-02 1.5374593e-06
309 -0.25 4.260167031278e-02 2.8799678e-06
313 -0.25 4.372590978084e-02 2.0377792e-06
317 -0.25 4.131205588417e-02 3.3034539e-06
321 -0.25 4.373006164360e-02 2.5478920e-06
325 -0.25 4.399030558863e-02 1.9414043e-06
329 -0.25 4.154515221394e-02 3.0160484e-06
333 -0.25 4.093091739634e-02 1.1310596e-06
337 -0.25 4.159258138427e-02 1.5950388e-06
341 -0.25 4.263363416563e-02 4.9813702e-06
345 -0.25 4.359045980498e-02 1.9726303e-06
349 -0.25 4.139983341201e-02 1.4029322e-06
353 -0.25 4.234334503362e-02 2.6098130e-06
357 -0.25 4.207953065240e-02 3.2847998e-06
361 -0.25 4.036461797304e-02 2.0023712e-06
365 -0.25 4.253684636023e-02 1.8869190e-06
369 -0.25 4.212307038494e-02 2.4423431e-06
373 -0.25 4.176621343766e-02 6.2373804e-06
377 -0.25 4.409384703932e-02 1.5727062e-06
381 -0.25 4.209555436227e-02 2.4656259e-06
385 -0.25 4.280056714054e-02 2.3467470e-06
389 -0.25 4.308925866356e-02 3.2182918e-06
393 -0.25 4.330535272434e-02 1.6451182e-06
397 -0.25 4.433467195473e-02 3.8393075e-06
401 -0.25 4.471021681852e-02 7.0176370e-06
405 -0.25 4.178310359788e-02 1.7656654e-06
409 -0.25 4.169036635582e-02 1.4547630e-06
413 -0.25 4.242668603937e-02 2.7805037e-06
417 -0.25 4.425825124741e-02 3.0216713e-06
421 -0.25 4.276963173441e-02 2.4343507e-06
425 -0.25 4.098845527266e-02 1.4985681e-06
429 -0.25 4.195418768574e-02 1.5845343e-06
433 -0.25 4.234027967598e-02 1.4355482e-06
437 -0.25 4.273948486289e-02 2.5648711e-06
441 -0.25 4.378322694227e-02 2.8477739e-06
445 -0.25 4.231554540326e-02 3.1636779e-06
449 -0.25 4.322484457067e-02 3.1314726e-06
453 -0.25 4.221789370255e-02 1.7123662e-06
457 -0.25 4.180725389700e-02 1.5047968e-06
461 -0.25 4.273783125581e-02 3.6561013e-06
465 -0.25 4.274065730516e-02 1.4341722e-06
469 -0.25 3.967625801920e-02 1.7114883e-06
473 -0.25 4.194821363697e-02 1.4473806e-06
477 -0.25 4.187122791846e-02 1.6549206e-06
481 -0.25 4.176634690946e-02 5.5495242e-07
485 -0.25 4.327624353021e-02 3.2467930e-06
489 -0.25 4.247111729986e-02 8.1469058e-07
493 -0.25 4.223796303656e-02 1.7520462e-06
497 -0.25 4.411341479207e-02 3.0119112e-06
301 0.00 4.138153502075e-02 1.9854627e-06
305 0.00 4.017612966965e-02 2.1459531e-06
309 0.00 4.285653704468e-02 3.0747938e-06
313 0.00 4.244583233842e-02 2.3088490e-06
317 0.00 4.091270291502e-02 1.9697153e-06
321 0.00 4.414883883805e-02 4.8341808e-06
325 0.00 4.349060821436e-02 3.8773460e-06
329 0.00 4.185979866567e-02 1.8521792e-06
333 0.00 4.173457706507e-02 3.8255265e-06
337 0.00 4.077568662051e-02 1.9951232e-06
341 0.00 4.166270940440e-02 5.4211970e-06
345 0.00 4.288169058924e-02 4.0854408e-06
349 0.00 4.161888468793e-02 2.9702933e-06
353 0.00 4.257028449055e-02 3.0024706e-06
357 0.00 4.150959434157e-02 2.4087343e-06
361 0.00 4.050778283506e-02 1.3116655e-06
365 0.00 4.205903219869e-02 4.6251112e-06
369 0.00 4.152256393038e-02 2.2238546e-06
373 0.00 4.014821823693e-02 3.1454999e-06
377 0.00 4.252166604132e-02 2.1574226e-06
381 0.00 4.167556625669e-02 4.0399008e-06
385 0.00 4.137029244479e-02 1.8747467e-06
389 0.00 4.318363479701e-02 2.6139008e-06
393 0.00 4.350766166070e-02 3.5531826e-06
397 0.00 4.367380123407e-02 3.4317906e-06
401 0.00 4.383876201696e-02 2.9040229e-06
405 0.00 4.139727158215e-02 1.5183580e-06
409 0.00 4.188777940818e-02 1.6465714e-06
413 0.00 4.240800934669e-02 2.9237933e-06
417 0.00 4.423834983842e-02 2.2804929e-06
421 0.00 4.268237479543e-02 2.5279126e-06
425 0.00 4.117738729843e-02 2.8754578e-06
429 0.00 4.149827206883e-02 3.5165709e-06
433 0.00 4.288812729555e-02 2.3932985e-06
437 0.00 4.239508343672e-02 3.5405204e-06
441 0.00 4.296171784175e-02 3.0250992e-06
445 0.00 4.162441141276e-02 2.2191156e-06
449 0.00 4.202283736316e-02 2.3155684e-06
453 0.00 4.190515199186e-02 6.1085933e-06
457 0.00 4.156683655626e-02 2.0878088e-06
461 0.00 4.210067223519e-02 2.2722051e-06
465 0.00 4.276062990287e-02 8.6608080e-06
469 0.00 3.865326288476e-02 1.8616595e-06
473 0.00 4.098595405486e-02 2.3743138e-06
477 0.00 4.291000778013e-02 2.0974447e-06
481 0.00 4.217079126956e-02 1.5891553e-06
485 0.00 4.245846090604e-02 2.3823042e-06
489 0.00 4.248724982429e-02 1.8170146e-06
493 0.00 4.111093336472e-02 2.9118584e-06
497 0.00 4.298048242663e-02 3.1218126e-06
301 0.25 4.107625838302e-02 3.6194137e-06
305 0.25 4.014642010750e-02 3.4833659e-06
309 0.25 4.211809494638e-02 4.9339102e-06
313 0.25 4.294687329699e-02 1.3618752e-06
317 0.25 4.088799960910e-02 1.2310735e-06
321 0.25 4.308703833721e-02 7.4473409e-07
325 0.25 4.230822477593e-02 2.6033355e-06
329 0.25 4.220970989880e-02 1.7518806e-06
333 0.25 4.333016516144e-02 2.6879492e-06
337 0.25 4.060857979583e-02 2.3222504e-06
341 0.25 4.192839196109e-02 2.7919402e-06
345 0.25 4.200319155549e-02 2.5045757e-06
349 0.25 4.100718039473e-02 3.5162718e-06
353 0.25 4.109680916728e-02 1.5058939e-06
357 0.25 4.178392040776e-02 1.0704899e-06
361 0.25 4.082319908976e-02 2.8190093e-06
365 0.25 4.164922034443e-02 2.6404408e-06
369 0.25 4.248795085911e-02 2.9339213e-06
373 0.25 4.040860513780e-02 3.2129385e-06
377 0.25 4.242088558997e-02 1.0254687e-06
381 0.25 4.235486701587e-02 1.6569538e-06
385 0.25 4.129595426269e-02 1.6603401e-06
389 0.25 4.396873019851e-02 2.7915622e-06
393 0.25 4.326976105646e-02 1.9233776e-06
397 0.25 4.441183446939e-02 4.8058035e-06
401 0.25 4.394113192334e-02 6.9222862e-06
405 0.25 4.191510703099e-02 2.1152324e-06
409 0.25 4.151870253460e-02 4.4635274e-06
413 0.25 4.247461199761e-02 5.7258088e-06
417 0.25 4.267621918275e-02 1.4472224e-06
421 0.25 4.306269880225e-02 4.1715900e-06
425 0.25 4.075876260648e-02 1.4573363e-06
429 0.25 4.148834684813e-02 3.5452407e-06
433 0.25 4.209679056574e-02 6.4842402e-06
437 0.25 4.175708531876e-02 1.6420959e-06
441 0.25 4.384379662920e-02 3.2399902e-06
445 0.25 4.311122770063e-02 3.8398931e-06
449 0.25 4.250863573264e-02 1.5622630e-06
453 0.25 4.210879801024e-02 3.5668069e-06
457 0.25 4.051357557558e-02 2.1832816e-06
461 0.25 4.192829882513e-02 4.0684065e-06
465 0.25 4.228137402682e-02 1.8150054e-06
469 0.25 3.979782878267e-02 4.2644006e-06
473 0.25 4.060111836698e-02 1.6480129e-06
477 0.25 4.417613436909e-02 6.0038122e-06
481 0.25 4.051550425125e-02 2.5923526e-06
485 0.25 4.328725010852e-02 1.7157939e-06
489 0.25 4.289303629667e-02 2.7221694e-06
493 0.25 4.044743185128e-02 1.0429170e-06
497 0.25 4.487334224546e-02 4.5423347e-06
301 0.50 4.139308265126e-02 1.0628600e-06
305 0.50 4.069123191628e-02 2.9456585e-06
309 0.50 4.185403314974e-02 3.9451529e-06
313 0.50 4.186438565927e-02 1.3613543e-06
317 0.50 4.093446721852e-02 1.5660634e-06
321 0.50 4.258223460090e-02 4.2220909e-06
325 0.50 4.345569564522e-02 7.8324383e-06
329 0.50 4.125527479252e-02 2.6763620e-06
333 0.50 4.146407730346e-02 3.1022420e-06
337 0.50 4.099416660727e-02 2.8926248e-06
341 0.50 4.315598255160e-02 7.0601698e-06
345 0.50 4.187981349781e-02 1.3775873e-06
349 0.50 4.098523275047e-02 1.6451186e-06
353 0.50 4.230209916405e-02 4.3404184e-06
357 0.50 4.128393004119e-02 2.0015971e-06
361 0.50 4.069154149446e-02 1.1602703e-06
365 0.50 4.251103958581e-02 4.8376816e-06
369 0.50 4.118572978448e-02 1.3831843e-06
373 0.50 4.032170399687e-02 1.8753154e-06
377 0.50 4.258804850116e-02 3.3191315e-06
381 0.50 4.215163571829e-02 1.6994597e-06
385 0.50 4.119278471108e-02 7.4321945e-06
389 0.50 4.262187338424e-02 1.8714587e-06
393 0.50 4.312501413242e-02 2.4938642e-06
397 0.50 4.235542775322e-02 1.2569960e-06
401 0.50 4.513382924396e-02 4.3261347e-06
405 0.50 4.217961981405e-02 5.1999554e-06
409 0.50 4.119094201760e-02 1.5156722e-06
413 0.50 4.325423388602e-02 2.2402664e-06
417 0.50 4.331203066309e-02 3.4738237e-06
421 0.50 4.358006917155e-02 5.3250870e-07
425 0.50 4.134517281201e-02 2.1241589e-06
429 0.50 4.165057043466e-02 1.6843914e-06
433 0.50 4.130490870441e-02 2.4674173e-06
437 0.50 4.196623690937e-02 1.9076048e-06
441 0.50 4.404840811998e-02 1.9457841e-06
445 0.50 4.131695554452e-02 8.7629528e-07
449 0.50 4.212503351371e-02 1.4275155e-06
453 0.50 4.055286798432e-02 1.9489891e-06
457 0.50 4.090838288600e-02 2.9623429e-06
461 0.50 4.081514579948e-02 3.7144679e-06
465 0.50 4.280221908581e-02 4.3258077e-06
469 0.50 3.995818294572e-02 2.3930187e-06
473 0.50 4.090604503153e-02 4.0614773e-06
477 0.50 4.205249387944e-02 3.8453663e-06
481 0.50 4.203326424905e-02 1.6468229e-06
485 0.50 4.282965587521e-02 2.3866753e-06
489 0.50 4.138293819717e-02 2.2810872e-06
493 0.50 4.208174020715e-02 9.7759041e-07
497 0.50 4.301638699110e-02 3.2081486e-06
301 0.75 4.142271812209e-02 3.2434774e-06
305 0.75 3.989272806446e-02 3.4468318e-06
309 0.75 4.121128338055e-02 1.6847120e-06
313 0.75 4.177934254324e-02 3.6403511e-06
317 0.75 4.128852046450e-02 3.4092184e-06
321 0.75 4.334936248309e-02 4.3832875e-06
325 0.75 4.358089330637e-02 2.2174309e-06
329 0.75 4.115682837423e-02 2.9271630e-06
333 0.75 4.254591330471e-02 3.8882468e-06
337 0.75 3.946004852812e-02 2.2779005e-06
341 0.75 4.153363106132e-02 2.5278098e-06
345 0.75 4.319617409165e-02 3.7777187e-06
349 0.75 4.022992694709e-02 8.6026811e-07
353 0.75 4.153936844196e-02 2.8735189e-06
357 0.75 4.147991997141e-02 2.7738929e-06
361 0.75 4.030699626217e-02 2.0572260e-06
365 0.75 4.231729321148e-02 2.3134332e-06
369 0.75 4.190630179472e-02 3.8320512e-06
373 0.75 3.958199980466e-02 2.1961468e-06
377 0.75 4.178664176316e-02 2.0320981e-06
381 0.75 4.243469348383e-02 1.8571311e-06
385 0.75 4.092404732971e-02 2.4061320e-06
389 0.75 4.300098696554e-02 9.2654769e-07
393 0.75 4.264829497713e-02 2.2046099e-06
397 0.75 4.212649088530e-02 4.5984001e-06
401 0.75 4.236441276980e-02 4.4195860e-06
405 0.75 4.148681191501e-02 3.4043599e-06
409 0.75 4.120470339490e-02 2.5708304e-06
413 0.75 4.125587569818e-02 7.5341837e-07
417 0.75 4.275213465608e-02 2.5811859e-06
421 0.75 4.372030241562e-02 2.6076573e-06
425 0.75 4.154725476969e-02 1.9524135e-06
429 0.75 4.035961127433e-02 1.4106589e-06
433 0.75 4.252211744485e-02 2.2627449e-06
437 0.75 4.216587683096e-02 4.8965839e-06
441 0.75 4.368584088969e-02 2.7706231e-06
445 0.75 4.167338733925e-02 2.3286556e-06
449 0.75 4.281818131934e-02 2.1258285e-06
453 0.75 4.178224736001e-02 2.7826308e-06
457 0.75 4.112352642585e-02 2.8485286e-06
461 0.75 4.075001773357e-02 3.8633443e-06
465 0.75 4.153781699645e-02 2.0762646e-06
469 0.75 3.917971630010e-02 2.6049839e-06
473 0.75 4.048850950760e-02 3.0584182e-06
477 0.75 4.148943214043e-02 2.4201145e-06
481 0.75 4.061583212546e-02 5.9710293e-07
485 0.75 4.145521856736e-02 9.6811376e-07
489 0.75 4.124369571799e-02 5.3506602e-06
493 0.75 4.141923310686e-02 4.4366699e-06
497 0.75 4.217236963628e-02 5.5649666e-06
301 1.00 4.121133695862e-02 3.3357483e-06
305 1.00 3.964334496770e-02 3.5514781e-06
309 1.00 4.061362402496e-02 3.9561065e-06
313 1.00 4.130642848241e-02 9.2638691e-07
317 1.00 4.046419214380e-02 8.1738359e-07
321 1.00 4.209123610510e-02 1.2305336e-06
325 1.00 4.200080753291e-02 3.6968650e-06
329 1.00 4.157822541193e-02 5.2351407e-06
333 1.00 4.190028054735e-02 3.1575858e-06
337 1.00 3.981750773271e-02 2.5023176e-06
341 1.00 4.156713257137e-02 4.4848470e-06
345 1.00 4.264065171346e-02 7.3560741e-06
349 1.00 4.045187159302e-02 2.4369417e-06
353 1.00 4.168297104626e-02 1.0460529e-06
357 1.00 4.055565403814e-02 5.4141062e-06
361 1.00 4.009387212073e-02 1.2257390e-06
365 1.00 4.220346960462e-02 2.5299312e-06
369 1.00 4.021129423489e-02 2.1215572e-06
373 1.00 4.079424471197e-02 2.1334562e-06
377 1.00 4.178821513677e-02 4.9345867e-07
381 1.00 4.159323004150e-02 2.7754839e-06
385 1.00 4.103666480231e-02 2.6989229e-06
389 1.00 4.280025769841e-02 1.9348237e-06
393 1.00 4.210395053366e-02 1.1232595e-06
397 1.00 4.332413237043e-02 4.7792008e-06
401 1.00 4.423387482950e-02 1.4373791e-06
405 1.00 4.150306320295e-02 8.2875597e-07
409 1.00 4.106527016577e-02 3.6869029e-06
413 1.00 4.064459624327e-02 3.0885845e-06
417 1.00 4.246857156496e-02 3.6484218e-06
421 1.00 4.356305305107e-02 4.9254888e-06
425 1.00 4.121680807440e-02 2.2822317e-06
429 1.00 4.163856088677e-02 3.4830307e-06
433 1.00 4.169945544237e-02 1.7464900e-06
437 1.00 4.178164345035e-02 1.6377908e-06
441 1.00 4.356511798298e-02 4.7031586e-06
445 1.00 4.107006013168e-02 9.6661895e-07
449 1.00 4.127529039766e-02 7.1343772e-07
453 1.00 4.028585503565e-02 2.3956085e-06
457 1.00 4.039694873676e-02 4.3919810e-06
461 1.00 4.125877117245e-02 3.0426683e-06
465 1.00 4.142541813316e-02 2.5475724e-06
469 1.00 3.901114350293e-02 1.6747728e-06
473 1.00 4.018168662134e-02 1.6658382e-06
477 1.00 4.234844128130e-02 3.8366634e-06
481 1.00 4.077649498903e-02 1.6184587e-06
485 1.00 4.194249915460e-02 1.7475295e-06
489 1.00 4.244866162734e-02 4.9262567e-06
493 1.00 4.035819867494e-02 3.9132062e-06
497 1.00 4.296956736753e-02 1.9716089e-06
302 -1.00 4.130907303952e-02 7.1579871e-07
306 -1.00 4.375180903268e-02 1.7659009e-06
310 -1.00 4.234386916540e-02 2.1797493e-06
314 -1.00 4.280306931379e-02 1.5007078e-06
318 -1.00 4.380783591367e-02 3.2795526e-06
322 -1.00 4.207879684488e-02 1.7277981e-06
326 -1.00 4.418949255454e-02 3.8743589e-06
330 -1.00 4.382804670522e-02 3.8174080e-06
334 -1.00 4.208954644549e-02 1.6673030e-06
338 -1.00 4.385251259792e-02 2.1646979e-06
342 -1.00 4.295252855242e-02 1.1936427e-06
346 -1.00 4.323924760418e-02 2.8118827e-06
350 -1.00 4.311510546169e-02 8.6092445e-07
354 -1.00 4.067617932291e-02 1.7347729e-06
358 -1.00 4.297896136499e-02 1.2984816e-06
362 -1.00 4.214480753733e-02 1.3347780e-06
366 -1.00 4.357499614451e-02 1.9980740e-06
370 -1.00 4.458682577742e-02 4.0379874e-06
374 -1.00 4.174271617401e-02 1.2175155e-06
378 -1.00 4.250604823212e-02 2.2523195e-06
382 -1.00 4.319882149651e-02 1.1155127e-06
386 -1.00 4.423819184783e-02 3.5077295e-06
390 -1.00 4.187703721302e-02 9.6928216e-07
394 -1.00 4.306292436568e-02 2.7967333e-06
398 -1.00 4.428516487634e-02 1.6956177e-06
402 -1.00 4.152747422875e-02 1.6954121e-06
406 -1.00 4.397728502242e-02 2.7370253e-06
410 -1.00 4.583264829046e-02 5.1871583e-06
414 -1.00 4.266263840175e-02 2.3486936e-06
418 -1.00 4.211730433270e-02 1.8872063e-06
422 -1.00 4.512176423940e-02 9.9745411e-07
426 -1.00 4.773448719573e-02 2.5058780e-06
430 -1.00 4.236560325704e-02 1.8396630e-06
434 -1.00 4.251849812026e-02 1.4742517e-06
438 -1.00 4.026483577895e-02 2.1615531e-06
442 -1.00 4.413226798659e-02 3.5960532e-06
446 -1.00 4.241101166465e-02 1.7197654e-06
450 -1.00 4.441328369923e-02 1.3400901e-06
454 -1.00 4.155154700785e-02 3.8981225e-06
458 -1.00 4.009536007337e-02 1.5057416e-06
462 -1.00 4.080245784697e-02 1.7659537e-06
466 -1.00 4.222243852285e-02 1.8998147e-06
470 -1.00 4.404024634122e-02 6.2272754e-06
474 -1.00 4.332496273352e-02 2.4819612e-06
478 -1.00 4.263077171005e-02 9.0177146e-07
482 -1.00 4.264982695127e-02 4.7151454e-06
486 -1.00 4.396362243969e-02 1.7098028e-06
490 -1.00 4.201418135742e-02 7.7551494e-07
494 -1.00 4.385636424055e-02 3.9155389e-06
498 -1.00 4.073224153651e-02 2.4082716e-06
302 -0.75 4.354865877154e-02 1.9713537e-06
306 -0.75 4.464821992871e-02 3.4736982e-06
310 -0.75 4.171178126556e-02 1.3458024e-06
314 -0.75 4.234285846617e-02 2.5264837e-06
318 -0.75 4.361209623069e-02 1.1622173e-06
322 -0.75 4.172848466869e-02 7.0822175e-07
326 -0.75 4.298635927077e-02 2.3132307e-06
330 -0.75 4.378961335197e-02 5.4166506e-07
334 -0.75 4.238990405808e-02 2.0527557e-06
338 -0.75 4.279977994025e-02 5.3320966e-07
342 -0.75 4.256645702937e-02 4.9389895e-06
346 -0.75 4.346422800334e-02 3.0021083e-06
350 -0.75 4.345425930959e-02 1.7322782e-06
354 -0.75 4.111463146983e-02 1.1111509e-06
358 -0.75 4.225193653899e-02 2.1556407e-06
362 -0.75 4.214070001051e-02 6.7687778e-07
366 -0.75 4.288080027198e-02 8.2327284e-07
370 -0.75 4.480688389028e-02 2.0628930e-06
374 -0.75 4.188233311150e-02 1.8889858e-06
378 -0.75 4.257413197343e-02 2.7492152e-06
382 -0.75 4.163653507767e-02 1.9086175e-06
386 -0.75 4.349017648066e-02 6.7435039e-06
390 -0.75 4.184513508444e-02 5.8198107e-06
394 -0.75 4.265388661582e-02 3.4307242e-06
398 -0.75 4.447762802600e-02 2.4558471e-06
402 -0.75 4.124725195092e-02 2.9607452e-06
406 -0.75 4.389704223757e-02 3.1413153e-06
410 -0.75 4.592521465363e-02 1.8438050e-06
414 -0.75 4.250850291895e-02 1.6147230e-06
418 -0.75 4.234076272198e-02 3.5245780e-06
422 -0.75 4.494976482600e-02 2.3060077e-06
426 -0.75 4.738001071976e-02 2.6806266e-06
430 -0.75 4.260123842248e-02 2.9053721e-06
434 -0.75 4.257491261624e-02 1.8771630e-06
438 -0.75 4.082624722369e-02 2.6921360e-06
442 -0.75 4.406755618188e-02 8.9534650e-07
446 -0.75 4.247085062138e-02 1.6525404e-06
450 -0.75 4.345752068767e-02 6.2997853e-07
454 -0.75 4.190789384466e-02 3.0125893e-06
458 -0.75 4.022977012408e-02 2.2084179e-06
462 -0.75 4.055728417160e-02 1.9232634e-06
466 -0.75 4.286850311723e-02 2.4467053e-06
470 -0.75 4.284004063234e-02 1.4915485e-06
474 -0.75 4.234652659535e-02 1.0904111e-06
478 -0.75 4.239600114295e-02 3.1981924e-06
482 -0.75 4.235676879338e-02 1.1453855e-06
486 -0.75 4.458018597269e-02 5.4196530e-06
490 -0.75 4.315586722287e-02 1.4852640e-06
494 -0.75 4.259287862476e-02 1.5847746e-06
498 -0.75 4.167943290986e-02 4.2915836e-06
302 -0.50 4.373496751562e-02 7.8436779e-07
306 -0.50 4.419554680737e-02 1.1033375e-06
310 -0.50 4.226615344951e-02 1.2991940e-06
314 -0.50 4.172113598157e-02 1.8329472e-06
318 -0.50 4.292059544602e-02 4.9487837e-06
322 -0.50 4.240110261782e-02 2.1058733e-06
326 -0.50 4.410085218579e-02 2.7794431e-06
330 -0.50 4.479358856402e-02 3.4797307e-06
334 -0.50 4.145267160594e-02 1.1982018e-06
338 -0.50 4.312811085545e-02 8.7869534e-07
342 -0.50 4.190512773082e-02 3.2710637e-06
346 -0.50 4.181585475510e-02 1.7507372e-06
350 -0.50 4.387144145736e-02 2.5745109e-06
354 -0.50 4.109763342809e-02 1.4824284e-06
358 -0.50 4.214645992482e-02 2.8280471e-06
362 -0.50 4.164607849263e-02 4.7734938e-06
366 -0.50 4.257231856732e-02 2.1186122e-06
370 -0.50 4.571553248658e-02 3.2824812e-06
374 -0.50 4.256486050472e-02 2.2017266e-06
378 -0.50 4.205245842520e-02 3.9663428e-06
382 -0.50 4.336747714893e-02 1.4672508e-06
386 -0.50 4.301681730381e-02 1.9206471e-06
390 -0.50 4.136991133460e-02 4.1503294e-06
394 -0.50 4.235679805446e-02 9.6003805e-07
398 -0.50 4.305902548602e-02 1.9575175e-06
402 -0.50 4.170819882742e-02 3.0550684e-06
406 -0.50 4.404284499148e-02 1.3838821e-06
410 -0.50 4.508130226669e-02 4.3076394e-06
414 -0.50 4.223473505657e-02 9.8417682e-07
418 -0.50 4.097899262925e-02 4.0058370e-06
422 -0.50 4.473560711502e-02 2.1600988e-06
426 -0.50 4.616426038821e-02 1.3451983e-06
430 -0.50 4.107127621593e-02 1.9023590e-06
434 -0.50 4.195701706495e-02 1.9082917e-06
438 -0.50 3.989671493172e-02 1.9246510e-06
442 -0.50 4.313804999896e-02 2.6828285e-06
446 -0.50 4.142374751443e-02 2.1236422e-06
450 -0.50 4.400150633336e-02 7.1248063e-07
454 -0.50 4.109784328685e-02 2.4597434e-06
458 -0.50 3.998448785039e-02 2.4617000e-06
462 -0.50 4.024470004297e-02 8.9089731e-07
466 -0.50 4.231282506377e-02 1.7566874e-06
470 -0.50 4.319605312204e-02 2.1475930e-06
474 -0.50 4.379822077463e-02 1.6717056e-06
478 -0.50 4.303580242006e-02 2.3042460e-06
482 -0.50 4.155130536833e-02 3.6000683e-06
486 -0.50 4.427723297490e-02 4.9788770e-06
490 -0.50 4.197632317285e-02 1.6223501e-06
494 -0.50 4.322391770941e-02 1.9826532e-06
498 -0.50 4.149039963736e-02 9.7878781e-07
302 -0.25 4.334535239124e-02 2.4438178e-06
306 -0.25 4.333315873203e-02 2.2392775e-06
310 -0.25 4.187462011704e-02 3.0279200e-06
314 -0.25 4.268318500520e-02 5.0511399e-06
318 -0.25 4.347436520822e-02 1.1428154e-06
322 -0.25 4.235844592510e-02 4.2223301e-06
326 -0.25 4.389868920958e-02 3.3081970e-06
330 -0.25 4.322026472955e-02 3.6088779e-06
334 -0.25 4.191423518023e-02 1.3080605e-06
338 -0.25 4.258469520865e-02 1.1184046e-06
342 -0.25 4.296830908508e-02 3.6196872e-06
346 -0.25 4.308592645203e-02 4.6634356e-06
350 -0.25 4.205380226144e-02 1.6617522e-06
354 -0.25 4.060996777654e-02 2.5218920e-06
358 -0.25 4.152124991393e-02 1.7228962e-06
362 -0.25 4.188133265932e-02 4.7216781e-06
366 -0.25 4.287731994925e-02 6.4370266e-06
370 -0.25 4.456752796582e-02 2.1693410e-06
374 -0.25 4.221855194815e-02 6.5778766e-06
378 -0.25 4.204498465814e-02 2.8997354e-06
382 -0.25 4.222366499438e-02 2.9726924e-06
386 -0.25 4.235421327455e-02 1.8605923e-06
390 -0.25 4.054731619510e-02 4.1049204e-06
394 -0.25 4.227418058330e-02 3.6849106e-06
398 -0.25 4.374328947417e-02 1.5910294e-06
402 -0.25 4.092808705857e-02 1.1649158e-06
406 -0.25 4.353709353395e-02 1.1802924e-06
410 -0.25 4.625417167490e-02 3.1327006e-06
414 -0.25 4.172930964818e-02 2.5437819e-06
418 -0.25 4.182209625551e-02 3.8179545e-06
422 -0.25 4.493789063795e-02 4.2917811e-06
426 -0.25 4.630347288915e-02 3.4827677e-06
430 -0.25 4.200463711128e-02 1.7225149e-06
434 -0.25 4.313438108762e-02 7.6705777e-06
438 -0.25 4.083883812320e-02 1.9544788e-06
442 -0.25 4.329475829351e-02 4.2240144e-06
446 -0.25 4.130380673252e-02 2.3569503e-06
450 -0.25 4.400990332835e-02 1.8311689e-06
454 -0.25 4.194919357043e-02 8.3187066e-07
458 -0.25 4.001408706529e-02 1.5810655e-06
462 -0.25 4.009064077607e-02 2.3155565e-06
466 -0.25 4.225154337116e-02 5.1853878e-06
470 -0.25 4.262784015673e-02 4.1314851e-06
474 -0.25 4.343186826045e-02 4.5505092e-06
478 -0.25 4.137308947609e-02 6.9610697e-07
482 -0.25 4.125477430750e-02 2.2769660e-06
486 -0.25 4.348787904645e-02 2.6196202e-06
490 -0.25 4.263551864747e-02 2.1732378e-06
494 -0.25 4.157228667094e-02 1.1555734e-06
498 -0.25 4.124930085565e-02 9.8674006e-07
302 0.00 4.270789185985e-02 1.0015091e-06
306 0.00 4.281303400906e-02 1.5049236e-06
310 0.00 4.169275223717e-02 3.2119583e-06
314 0.00 4.245252852297e-02 1.8825820e-06
318 0.00 4.273306503154e-02 2.3505251e-06
322 0.00 4.121445050562e-02 1.1301441e-06
326 0.00 4.362423904488e-02 1.0274704e-06
330 0.00 4.324707120498e-02 9.1875116e-07
334 0.00 4.126982378520e-02 1.3589798e-06
338 0.00 4.380431378849e-02 3.6435056e-06
342 0.00 4.251481763159e-02 2.2139909e-06
346 0.00 4.248238903724e-02 2.3859809e-06
350 0.00 4.388440820867e-02 4.1832042e-06
354 0.00 3.985693278848e-02 7.5214306e-07
358 0.00 4.052318699834e-02 2.0537679e-06
362 0.00 4.177731099920e-02 1.6258514e-06
366 0.00 4.342564279098e-02 5.1331054e-06
370 0.00 4.469508999694e-02 1.3019592e-06
374 0.00 4.177116837649e-02 1.9741841e-06
378 0.00 4.123928168936e-02 3.0617756e-06
382 0.00 4.234404053793e-02 3.7767530e-06
386 0.00 4.227457203631e-02 3.1934858e-06
390 0.00 4.148830085457e-02 9.5647799e-07
394 0.00 4.326532899363e-02 3.7283348e-06
398 0.00 4.354561804516e-02 3.8439847e-06
402 0.00 4.152942294460e-02 1.6180679e-06
406 0.00 4.287734439316e-02 3.4435670e-06
410 0.00 4.472279645963e-02 1.5579452e-06
414 0.00 4.254545178092e-02 3.2221919e-06
418 0.00 4.116430095266e-02 2.1330014e-06
422 0.00 4.412073896138e-02 2.6988507e-06
426 0.00 4.684307540994e-02 3.4600897e-06
430 0.00 4.142185951781e-02 1.7484888e-06
434 0.00 4.085269403387e-02 1.8023137e-06
438 0.00 4.077133492922e-02 2.5712013e-06
442 0.00 4.233694685894e-02 2.9887246e-06
446 0.00 4.091387780703e-02 9.6206123e-07
450 0.00 4.368680353034e-02 2.5882011e-06
454 0.00 4.174133312844e-02 3.7093512e-06
458 0.00 4.037965093228e-02 2.2127522e-06
462 0.00 3.997743976529e-02 2.4340246e-06
466 0.00 4.137924723449e-02 1.3602282e-06
470 0.00 4.250788033561e-02 9.9378693e-07
474 0.00 4.201055075190e-02 2.2769764e-06
478 0.00 4.258266006711e-02 1.8439212e-06
482 0.00 4.121865678551e-02 1.3886761e-06
486 0.00 4.354931250603e-02 4.1638715e-06
490 0.00 4.152068676355e-02 2.3634894e-06
494 0.00 4.288405177436e-02 9.1959013e-07
498 0.00 4.211910365562e-02 3.3531985e-06
302 0.25 4.227082161785e-02 4.2016387e-06
306 0.25 4.413206045275e-02 5.0077122e-06
310 0.25 4.115543748473e-02 1.1826956e-06
314 0.25 4.207043476681e-02 3.3026448e-06
318 0.25 4.263034934240e-02 2.0330564e-06
322 0.25 4.014523894438e-02 1.3125945e-06
326 0.25 4.218139649755e-02 2.2118769e-06
330 0.25 4.223619273358e-02 1.8995160e-06
334 0.25 4.136967195790e-02 3.4749819e-06
338 0.25 4.213226140005e-02 3.5845056e-06
342 0.25 4.122207684765e-02 1.7080131e-06
346 0.25 4.221400096198e-02 1.0704622e-06
350 0.25 4.185621788023e-02 1.2920885e-06
354 0.25 4.011698085868e-02 1.3890215e-06
358 0.25 4.108363379972e-02 4.1038431e-06
362 0.25 4.177369561407e-02 4.5243655e-06
366 0.25 4.280408338122e-02 4.1188327e-06
370 0.25 4.504279393885e-02 4.4966586e-06
374 0.25 4.140385480215e-02 3.5569347e-06
378 0.25 4.251645680064e-02 1.5822562e-06
382 0.25 4.304585090172e-02 4.7359414e-06
386 0.25 4.093843001485e-02 2.3704125e-06
390 0.25 4.080913272828e-02 4.5511548e-06
394 0.25 4.159211756385e-02 1.2969848e-06
398 0.25 4.276225057904e-02 2.4420916e-06
402 0.25 4.133363254031e-02 3.0592024e-06
406 0.25 4.456285395944e-02 1.4475342e-06
410 0.25 4.493878294571e-02 5.4322399e-06
414 0.25 4.136316755849e-02 4.2986719e-06
418 0.25 4.204009714036e-02 3.6298675e-06
422 0.25 4.356303687262e-02 2.9534369e-06
426 0.25 4.677191926622e-02 1.2466475e-05
430 0.25 4.118283206312e-02 9.4613915e-07
434 0.25 4.149615980633e-02 3.2857436e-06
438 0.25 4.084823372563e-02 4.0403993e-06
442 0.25 4.326307602475e-02 3.2913224e-06
446 0.25 4.123211161413e-02 1.6237851e-06
450 0.25 4.288893599690e-02 1.7531500e-06
454 0.25 4.034744504915e-02 1.7549482e-06
458 0.25 4.045046670706e-02 3.7203918e-06
462 0.25 3.933551283856e-02 7.6018123e-07
466 0.25 4.147401243057e-02 2.7342395e-06
470 0.25 4.263731989689e-02 2.3155396e-06
474 0.25 4.294180574451e-02 3.7531533e-06
478 0.25 4.204337501858e-02 2.5261736e-06
482 0.25 4.195849807095e-02 1.1771102e-06
486 0.25 4.337239250637e-02 1.6787883e-06
490 0.25 4.168988576433e-02 3.2197592e-06
494 0.25 4.171158603787e-02 6.3766897e-07
498 0.25 4.024436344272e-02 1.3064379e-06
302 0.50 4.172536388947e-02 2.0821052e-06
306 0.50 4.285483665319e-02 2.4429502e-06
310 0.50 4.105617118271e-02 6.2165394e-07
314 0.50 4.244124446311e-02 2.2989941e-06
318 0.50 4.390574001756e-02 3.7566044e-06
322 0.50 4.099835167995e-02 4.2488149e-06
326 0.50 4.264716003000e-02 1.4414114e-06
330 0.50 4.305625955923e-02 3.2506091e-06
334 0.50 4.160864642255e-02 8.4400513e-07
338 0.50 4.252876480669e-02 2.5471968e-06
342 0.50 4.107821033553e-02 1.2716972e-06
346 0.50 4.146871306896e-02 2.9892376e-06
350 0.50 4.231934037105e-02 1.1187439e-06
354 0.50 4.045482783665e-02 2.8814719e-06
358 0.50 4.119460300993e-02 3.3012093e-06
362 0.50 4.183859796476e-02 2.5601083e-06
366 0.50 4.240541461971e-02 2.4510482e-06
370 0.50 4.319983821410e-02 2.0812685e-06
374 0.50 4.063596839247e-02 1.0498865e-06
378 0.50 4.150418949745e-02 2.0810625e-06
382 0.50 4.186796437110e-02 1.1313055e-06
386 0.50 4.012772190457e-02 9.7973272e-07
390 0.50 4.212547285369e-02 5.2410790e-06
394 0.50 4.143751467337e-02 2.3260245e-06
398 0.50 4.352458551700e-02 3.9272034e-06
402 0.50 4.088074016870e-02 3.4239893e-06
406 0.50 4.386095988126e-02 6.5658502e-06
410 0.50 4.333811268327e-02 2.4938058e-06
414 0.50 4.147580081073e-02 2.8459714e-06
418 0.50 4.084843915980e-02 2.3832340e-06
422 0.50 4.354300156750e-02 2.1064493e-06
426 0.50 4.451611719711e-02 2.3523923e-06
430 0.50 4.091261146803e-02 1.0849836e-06
434 0.50 4.087832844767e-02 1.3981210e-06
438 0.50 3.985926828916e-02 1.7420827e-06
442 0.50 4.294010224860e-02 4.1709688e-06
446 0.50 4.036587822992e-02 1.7039980e-06
450 0.50 4.302556626100e-02 7.0311438e-06
454 0.50 3.990194309665e-02 1.3726472e-06
458 0.50 3.948379590358e-02 1.4309165e-06
462 0.50 3.959366183746e-02 3.2515754e-06
466 0.50 4.112049237082e-02 1.4613233e-06
470 0.50 4.253972918963e-02 5.9343651e-06
474 0.50 4.221236993312e-02 1.5737333e-06
478 0.50 4.037648408394e-02 3.3092792e-06
482 0.50 4.229448912210e-02 3.2417520e-06
486 0.50 4.274516300462e-02 3.4218713e-06
490 0.50 4.219175927673e-02 1.7202719e-06
494 0.50 4.155812878241e-02 2.3868074e-06
498 0.50 4.056869846609e-02 1.9112996e-06
302 0.75 4.289314219128e-02 2.6063665e-06
306 0.75 4.225279787587e-02 1.3135582e-06
310 0.75 4.129088239739e-02 1.3477321e-06
314 0.75 4.132498774463e-02 4.4441249e-06
318 0.75 4.306549984055e-02 2.9449080e-06
322 0.75 4.112356546886e-02 1.1317304e-06
326 0.75 4.252346626523e-02 1.9228361e-06
330 0.75 4.216937687353e-02 6.0380120e-06
334 0.75 4.020116293466e-02 2.2364282e-06
338 0.75 4.354655411527e-02 4.3647323e-06
342 0.75 4.057418571804e-02 9.8740098e-07
346 0.75 4.241626059739e-02 4.3743632e-06
350 0.75 4.230805379316e-02 4.2540008e-06
354 0.75 3.899385584948e-02 1.6158501e-06
358 0.75 4.127719710434e-02 1.1053270e-06
362 0.75 4.091734787919e-02 4.7931540e-07
366 0.75 4.128907270267e-02 2.9593781e-06
370 0.75 4.335089161745e-02 2.5613574e-06
374 0.75 4.069373596014e-02 1.2325969e-06
378 0.75 4.037923103731e-02 1.1761675e-06
382 0.75 4.191958638505e-02 4.2154750e-06
386 0.75 4.175747952219e-02 3.4213477e-06
390 0.75 4.134321415328e-02 4.5931153e-06
394 0.75 4.157805408185e-02 1.3886622e-06
398 0.75 4.270437024869e-02 1.3899606e-06
402 0.75 3.974621088598e-02 1.4867783e-06
406 0.75 4.284329909534e-02 3.0400260e-06
410 0.75 4.249946919224e-02 2.9790772e-06
414 0.75 4.125973941898e-02 2.9107784e-06
418 0.75 4.066250035368e-02 2.8238321e-06
422 0.75 4.326997605610e-02 2.7297738e-06
426 0.75 4.524089081633e-02 3.6529313e-06
430 0.75 4.050764047115e-02 1.7049358e-06
434 0.75 4.050548748710e-02 1.1070915e-06
438 0.75 3.993302682661e-02 6.4289780e-07
442 0.75 4.187796142170e-02 2.7502416e-06
446 0.75 4.115326241522e-02 3.0590971e-06
450 0.75 4.289838010149e-02 2.8147227e-06
454 0.75 3.993078366589e-02 2.1091075e-06
458 0.75 3.935579198873e-02 1.0032823e-06
462 0.75 3.991754713598e-02 2.7218035e-06
466 0.75 4.140520461775e-02 3.4340248e-06
470 0.75 4.119186494818e-02 1.6346863e-06
474 0.75 4.247245654956e-02 2.0253207e-06
478 0.75 4.103850151163e-02 3.0943394e-06
482 0.75 4.207008028377e-02 2.9673987e-06
486 0.75 4.263518493699e-02 1.7548551e-06
490 0.75 4.170907840682e-02 3.9262738e-06
494 0.75 4.124047529968e-02 1.0957419e-06
498 0.75 4.006652338542e-02 2.8717646e-06
302 1.00 4.260477282924e-02 3.8558201e-06
306 1.00 4.275815761779e-02 3.3643736e-06
310 1.00 4.182021210074e-02 6.6948511e-06
314 1.00 4.215774158354e-02 2.1280659e-06
318 1.00 4.321463274614e-02 2.5628417e-06
322 1.00 4.076185508658e-02 4.0049540e-06
326 1.00 4.217810169145e-02 2.8784176e-06
330 1.00 4.211209459066e-02 2.7567198e-06
334 1.00 4.134950457353e-02 1.4960050e-06
338 1.00 4.139464164469e-02 1.1371941e-06
342 1.00 4.127744019108e-02 4.2128317e-06
346 1.00 4.139581337274e-02 2.4419257e-06
350 1.00 4.094208097956e-02 4.0518077e-06
354 1.00 3.948977655302e-02 1.4012766e-06
358 1.00 4.067992590966e-02 1.1795601e-06
362 1.00 4.109465178277e-02 1.6583024e-06
366 1.00 4.081408877063e-02 3.6329666e-06
370 1.00 4.356882406150e-02 2.7801814e-06
374 1.00 4.167278892310e-02 3.1339851e-06
378 1.00 4.102692273717e-02 2.6194241e-06
382 1.00 4.250006210261e-02 1.4234932e-06
386 1.00 4.025308858141e-02 5.0600316e-06
390 1.00 4.122036146377e-02 2.5845100e-06
394 1.00 4.134078378961e-02 5.2083200e-06
398 1.00 4.280125977574e-02 3.8416131e-06
402 1.00 4.028044521377e-02 2.0579245e-06
406 1.00 4.378451713792e-02 4.2933476e-06
410 1.00 4.409825591506e-02 2.7316712e-06
414 1.00 4.080361486076e-02 3.3242669e-06
418 1.00 4.137653164246e-02 5.3740859e-06
422 1.00 4.333793408779e-02 3.2290115e-06
426 1.00 4.520094751758e-02 4.9678746e-06
430 1.00 4.008899134931e-02 2.0979084e-06
434 1.00 4.179869636780e-02 2.6497120e-06
438 1.00 4.101601352366e-02 1.9004855e-06
442 1.00 4.127266521047e-02 1.8883997e-06
446 1.00 4.238199876991e-02 4.6517342e-06
450 1.00 4.209570634739e-02 1.6104809e-06
454 1.00 4.210719558152e-02 2.0992050e-06
458 1.00 3.881114002743e-02 7.5662771e-07
462 1.00 3.928476422461e-02 1.0051313e-06
466 1.00 4.099769858041e-02 3.1945991e-06
470 1.00 4.251553741295e-02 2.6273735e-06
474 1.00 4.152885833373e-02 2.1139636e-06
478 1.00 4.027597785842e-02 2.7459028e-06
482 1.00 4.103375855249e-02 2.1433475e-06
486 1.00 4.242751578228e-02 2.1160615e-06
490 1.00 4.149172331404e-02 3.6330198e-06
494 1.00 4.219850396615e-02 3.1001941e-06
498 1.00 4.002915070287e-02 1.4073829e-06
