1 -1.00 3.34398e-02 2.43039e-05
2 -1.00 3.51748e-02 4.59300e-05
3 -1.00 3.96332e-02 3.27254e-05
4 -1.00 3.90824e-02 4.03024e-05
5 -1.00 4.27537e-02 7.42730e-05
6 -1.00 4.25696e-02 4.08627e-05
7 -1.00 3.87411e-02 2.88433e-05
8 -1.00 4.02536e-02 3.98336e-05
9 -1.00 3.94866e-02 3.93881e-05
10 -1.00 3.90911e-02 4.19442e-05
11 -1.00 3.88926e-02 2.57235e-05
12 -1.00 3.43770e-02 3.49332e-05
13 -1.00 3.84923e-02 4.38503e-05
14 -1.00 3.92949e-02 3.47280e-05
15 -1.00 3.42659e-02 2.97257e-05
16 -1.00 3.94556e-02 2.43150e-05
17 -1.00 3.57319e-02 4.80455e-05
18 -1.00 3.84480e-02 4.81667e-05
19 -1.00 4.90772e-02 7.89171e-05
20 -1.00 3.84859e-02 3.52778e-05
21 -1.00 3.40055e-02 2.56331e-05
22 -1.00 3.83987e-02 4.62396e-05
23 -1.00 4.16593e-02 3.71680e-05
24 -1.00 3.57535e-02 2.07804e-05
25 -1.00 3.67729e-02 3.60768e-05
26 -1.00 3.67484e-02 3.24892e-05
27 -1.00 3.64735e-02 2.42111e-05
28 -1.00 4.00030e-02 3.59810e-05
29 -1.00 4.16512e-02 3.93934e-05
30 -1.00 3.44150e-02 3.37237e-05
31 -1.00 4.16049e-02 5.13531e-05
32 -1.00 3.82713e-02 3.43843e-05
33 -1.00 4.36193e-02 4.81262e-05
34 -1.00 3.73917e-02 2.71630e-05
35 -1.00 3.54512e-02 2.51436e-05
36 -1.00 3.36288e-02 2.95659e-05
37 -1.00 3.17861e-02 1.96404e-05
38 -1.00 4.64365e-02 5.90923e-05
39 -1.00 3.73536e-02 4.65649e-05
40 -1.00 3.80142e-02 3.49251e-05
41 -1.00 3.41855e-02 3.96378e-05
42 -1.00 3.91651e-02 4.03251e-05
43 -1.00 4.10767e-02 3.36692e-05
44 -1.00 3.48392e-02 2.64493e-05
45 -1.00 3.69406e-02 2.95458e-05
46 -1.00 3.49763e-02 2.16641e-05
47 -1.00 3.26242e-02 2.12961e-05
48 -1.00 4.05666e-02 3.10572e-05
49 -1.00 4.33772e-02 4.49306e-05
50 -1.00 3.88459e-02 4.16007e-05
51 -1.00 4.08980e-02 4.25032e-05
52 -1.00 3.53226e-02 3.20425e-05
53 -1.00 3.79579e-02 3.46614e-05
54 -1.00 3.43924e-02 4.41759e-05
55 -1.00 3.64263e-02 3.68223e-05
56 -1.00 3.79834e-02 3.43763e-05
57 -1.00 3.90417e-02 4.43366e-05
58 -1.00 3.75659e-02 2.70008e-05
59 -1.00 3.81873e-02 3.32474e-05
60 -1.00 4.35483e-02 4.09361e-05
61 -1.00 4.15471e-02 2.89342e-05
62 -1.00 3.76335e-02 3.53029e-05
63 -1.00 4.32186e-02 5.84148e-05
64 -1.00 4.28867e-02 4.31320e-05
65 -1.00 3.89941e-02 3.65394e-05
66 -1.00 3.85470e-02 3.04450e-05
67 -1.00 4.18895e-02 3.73878e-05
68 -1.00 3.85751e-02 5.08657e-05
69 -1.00 4.51655e-02 4.21049e-05
70 -1.00 3.53505e-02 3.39497e-05
71 -1.00 3.94043e-02 2.37164e-05
72 -1.00 3.80775e-02 3.48516e-05
73 -1.00 3.70883e-02 2.06947e-05
74 -1.00 4.40533e-02 4.13259e-05
75 -1.00 3.99305e-02 3.04216e-05
76 -1.00 3.96575e-02 4.53355e-05
77 -1.00 3.85611e-02 3.56545e-05
78 -1.00 3.37211e-02 3.94625e-05
79 -1.00 3.83727e-02 3.12876e-05
80 -1.00 4.22112e-02 3.85592e-05
81 -1.00 4.66006e-02 3.05651e-05
82 -1.00 4.06656e-02 4.89703e-05
83 -1.00 3.82870e-02 2.80040e-05
84 -1.00 3.77786e-02 3.92040e-05
85 -1.00 3.70399e-02 3.32644e-05
86 -1.00 4.89372e-02 4.92318e-05
87 -1.00 3.69183e-02 2.41953e-05
88 -1.00 3.55472e-02 3.14778e-05
89 -1.00 4.18132e-02 3.77385e-05
90 -1.00 3.93446e-02 2.42998e-05
91 -1.00 3.62366e-02 3.63878e-05
92 -1.00 4.18510e-02 3.60362e-05
93 -1.00 3.78156e-02 4.98379e-05
94 -1.00 4.06075e-02 4.07082e-05
95 -1.00 3.45731e-02 2.71534e-05
96 -1.00 4.32699e-02 2.60591e-05
97 -1.00 3.84052e-02 3.35235e-05
98 -1.00 4.05920e-02 3.84172e-05
99 -1.00 3.93965e-02 3.33586e-05
100 -1.00 3.97656e-02 4.31908e-05
101 -1.00 3.67115e-02 4.43373e-05
102 -1.00 3.38717e-02 2.02010e-05
103 -1.00 3.61155e-02 4.08650e-05
104 -1.00 3.73538e-02 3.38392e-05
105 -1.00 3.71840e-02 4.69277e-05
106 -1.00 4.81231e-02 4.80287e-05
107 -1.00 3.66678e-02 3.93982e-05
108 -1.00 3.93401e-02 2.81381e-05
109 -1.00 3.98868e-02 3.44901e-05
110 -1.00 3.91008e-02 4.05962e-05
111 -1.00 3.73184e-02 3.77948e-05
112 -1.00 3.63168e-02 3.03073e-05
113 -1.00 4.13186e-02 3.64034e-05
114 -1.00 3.96359e-02 2.53446e-05
115 -1.00 3.37656e-02 2.54163e-05
116 -1.00 3.63237e-02 4.86665e-05
117 -1.00 4.35599e-02 3.37688e-05
118 -1.00 4.46110e-02 3.17648e-05
119 -1.00 3.36928e-02 3.59659e-05
120 -1.00 4.24969e-02 2.68426e-05
121 -1.00 4.32920e-02 8.71277e-05
122 -1.00 4.83660e-02 4.10818e-05
123 -1.00 3.29877e-02 4.72694e-05
124 -1.00 3.92643e-02 2.63933e-05
125 -1.00 4.02610e-02 6.42598e-05
126 -1.00 4.37382e-02 3.51799e-05
127 -1.00 3.51082e-02 3.01035e-05
128 -1.00 4.10279e-02 5.19302e-05
129 -1.00 3.69575e-02 3.40749e-05
130 -1.00 3.71519e-02 1.96624e-05
131 -1.00 3.59980e-02 2.49020e-05
132 -1.00 3.97710e-02 4.15302e-05
133 -1.00 3.57469e-02 2.38974e-05
134 -1.00 4.08914e-02 4.30274e-05
135 -1.00 3.88674e-02 3.58247e-05
136 -1.00 3.30094e-02 1.86048e-05
137 -1.00 3.95003e-02 2.22873e-05
138 -1.00 4.18089e-02 3.76450e-05
139 -1.00 3.94735e-02 6.46476e-05
140 -1.00 3.79006e-02 3.17971e-05
141 -1.00 3.32887e-02 2.65715e-05
142 -1.00 4.02837e-02 3.80777e-05
143 -1.00 4.15970e-02 3.36153e-05
144 -1.00 3.76223e-02 4.43868e-05
145 -1.00 3.83104e-02 2.36758e-05
146 -1.00 4.65971e-02 8.56149e-05
147 -1.00 4.49601e-02 4.07653e-05
148 -1.00 3.56549e-02 2.85114e-05
149 -1.00 4.37251e-02 5.02232e-05
150 -1.00 3.49619e-02 1.79832e-05
151 -1.00 3.71927e-02 2.11388e-05
152 -1.00 4.72707e-02 6.17522e-05
153 -1.00 3.83678e-02 4.47792e-05
154 -1.00 3.83397e-02 2.37177e-05
155 -1.00 3.83258e-02 3.79501e-05
156 -1.00 4.31991e-02 7.16770e-05
157 -1.00 3.81787e-02 3.48179e-05
158 -1.00 3.78851e-02 2.64301e-05
159 -1.00 3.63081e-02 6.12045e-05
160 -1.00 3.93129e-02 3.78291e-05
161 -1.00 3.60979e-02 1.98078e-05
162 -1.00 3.63298e-02 2.65647e-05
163 -1.00 3.95786e-02 4.32890e-05
164 -1.00 4.29716e-02 4.39490e-05
165 -1.00 4.13808e-02 4.55457e-05
166 -1.00 3.94697e-02 4.02037e-05
167 -1.00 3.97437e-02 3.20377e-05
168 -1.00 3.70721e-02 3.90776e-05
169 -1.00 3.93648e-02 3.50600e-05
170 -1.00 3.90665e-02 3.65718e-05
171 -1.00 4.20837e-02 2.58917e-05
172 -1.00 3.61873e-02 2.36745e-05
173 -1.00 4.91191e-02 3.84352e-05
174 -1.00 3.98833e-02 2.94289e-05
175 -1.00 3.75429e-02 2.69528e-05
176 -1.00 4.18695e-02 3.72076e-05
177 -1.00 4.22301e-02 4.58374e-05
178 -1.00 4.23818e-02 6.42915e-05
179 -1.00 4.60287e-02 5.73975e-05
180 -1.00 3.94548e-02 3.69028e-05
181 -1.00 4.33692e-02 4.49782e-05
182 -1.00 3.83197e-02 3.40947e-05
183 -1.00 4.72853e-02 3.49178e-05
184 -1.00 4.49002e-02 6.01242e-05
185 -1.00 4.41253e-02 4.91501e-05
186 -1.00 3.91419e-02 5.62858e-05
187 -1.00 3.34367e-02 2.92659e-05
188 -1.00 3.82082e-02 2.20773e-05
189 -1.00 3.13138e-02 2.16085e-05
190 -1.00 3.87947e-02 4.98824e-05
191 -1.00 3.70699e-02 4.06340e-05
192 -1.00 3.55933e-02 3.90537e-05
193 -1.00 3.97543e-02 4.31919e-05
194 -1.00 3.54907e-02 2.29734e-05
195 -1.00 4.24476e-02 4.83782e-05
196 -1.00 4.17943e-02 3.75322e-05
197 -1.00 3.76760e-02 3.02050e-05
198 -1.00 4.23693e-02 6.68998e-05
199 -1.00 4.11349e-02 3.85970e-05
200 -1.00 3.46391e-02 2.23522e-05
201 -1.00 3.66220e-02 4.55105e-05
202 -1.00 3.56493e-02 4.44878e-05
203 -1.00 3.72499e-02 4.99615e-05
204 -1.00 4.39274e-02 3.63805e-05
205 -1.00 3.58301e-02 2.39130e-05
206 -1.00 4.02220e-02 4.44431e-05
207 -1.00 3.84929e-02 7.01468e-05
208 -1.00 3.65816e-02 3.40164e-05
209 -1.00 3.62471e-02 2.18397e-05
210 -1.00 3.91998e-02 2.53675e-05
211 -1.00 3.97565e-02 2.33365e-05
212 -1.00 4.00998e-02 4.75478e-05
213 -1.00 3.41358e-02 2.22248e-05
214 -1.00 3.54279e-02 2.23869e-05
215 -1.00 4.18334e-02 6.15203e-05
216 -1.00 3.79781e-02 2.79549e-05
217 -1.00 3.69620e-02 3.20071e-05
218 -1.00 4.27803e-02 3.52956e-05
219 -1.00 3.86335e-02 5.78694e-05
220 -1.00 3.69480e-02 3.10961e-05
221 -1.00 3.49186e-02 2.83910e-05
222 -1.00 3.76560e-02 2.51405e-05
223 -1.00 4.02160e-02 3.43030e-05
224 -1.00 3.59076e-02 4.76193e-05
225 -1.00 4.36924e-02 6.19350e-05
226 -1.00 3.74100e-02 1.98323e-05
227 -1.00 4.05874e-02 4.19492e-05
228 -1.00 3.65846e-02 2.41721e-05
229 -1.00 4.27436e-02 4.82972e-05
230 -1.00 3.74536e-02 3.09975e-05
231 -1.00 4.69438e-02 5.34011e-05
232 -1.00 3.90618e-02 3.53148e-05
233 -1.00 4.44393e-02 6.68096e-05
234 -1.00 3.73067e-02 2.68061e-05
235 -1.00 3.79000e-02 3.94901e-05
236 -1.00 3.99199e-02 4.12822e-05
237 -1.00 3.79304e-02 4.03506e-05
238 -1.00 3.82933e-02 2.31999e-05
239 -1.00 4.03751e-02 2.90336e-05
240 -1.00 4.12662e-02 3.56654e-05
241 -1.00 3.75406e-02 3.56205e-05
242 -1.00 4.06944e-02 3.19195e-05
243 -1.00 4.11320e-02 2.09728e-05
244 -1.00 3.74504e-02 3.19623e-05
245 -1.00 3.52268e-02 5.29363e-05
246 -1.00 3.91688e-02 5.01005e-05
247 -1.00 4.21617e-02 5.40768e-05
248 -1.00 4.20197e-02 2.55004e-05
249 -1.00 4.09319e-02 4.39520e-05
250 -1.00 3.68890e-02 3.98706e-05
251 -1.00 3.84874e-02 3.10440e-05
252 -1.00 4.24804e-02 4.42656e-05
253 -1.00 3.41829e-02 3.56687e-05
254 -1.00 3.86809e-02 2.96835e-05
255 -1.00 3.99499e-02 4.55420e-05
256 -1.00 3.85937e-02 6.01298e-05
257 -1.00 3.68485e-02 5.54132e-05
258 -1.00 3.53832e-02 4.60639e-05
259 -1.00 3.30042e-02 2.41535e-05
260 -1.00 3.93343e-02 3.46361e-05
261 -1.00 3.69427e-02 3.20938e-05
262 -1.00 3.40182e-02 3.20856e-05
263 -1.00 3.76987e-02 6.55042e-05
264 -1.00 3.89905e-02 4.13350e-05
265 -1.00 3.77347e-02 5.15417e-05
266 -1.00 3.78691e-02 2.78610e-05
267 -1.00 4.12510e-02 2.42282e-05
268 -1.00 4.22225e-02 4.16467e-05
269 -1.00 3.59699e-02 4.33083e-05
270 -1.00 3.62178e-02 3.16225e-05
271 -1.00 3.92823e-02 2.29299e-05
272 -1.00 3.55501e-02 2.32430e-05
273 -1.00 3.25698e-02 2.86014e-05
274 -1.00 3.75347e-02 2.60986e-05
275 -1.00 3.77539e-02 3.72041e-05
276 -1.00 3.85385e-02 4.71721e-05
277 -1.00 3.96700e-02 3.35601e-05
278 -1.00 3.57148e-02 2.47147e-05
279 -1.00 3.58311e-02 3.62998e-05
280 -1.00 3.67143e-02 3.78878e-05
281 -1.00 3.75831e-02 3.89407e-05
282 -1.00 3.87534e-02 5.38330e-05
283 -1.00 4.12217e-02 3.60225e-05
284 -1.00 4.36489e-02 4.29752e-05
285 -1.00 3.58404e-02 2.59682e-05
286 -1.00 4.03831e-02 2.90280e-05
287 -1.00 3.84771e-02 3.12243e-05
288 -1.00 3.99568e-02 3.52768e-05
289 -1.00 3.97644e-02 4.61853e-05
290 -1.00 3.39311e-02 2.94949e-05
291 -1.00 3.63455e-02 2.95656e-05
292 -1.00 3.38566e-02 1.89483e-05
293 -1.00 3.81157e-02 2.85799e-05
294 -1.00 4.06639e-02 3.76569e-05
295 -1.00 3.93471e-02 3.74594e-05
296 -1.00 3.79564e-02 3.78366e-05
297 -1.00 4.27598e-02 2.92672e-05
298 -1.00 3.73363e-02 4.05465e-05
299 -1.00 3.48806e-02 2.17633e-05
300 -1.00 4.27230e-02 4.87524e-05
301 -1.00 4.415433633577e-02 8.4982749e-06
302 -1.00 3.674433156297e-02 4.4634928e-06
303 -1.00 3.638931397565e-02 4.2967302e-06
304 -1.00 4.006760048491e-02 5.1703282e-06
305 -1.00 3.822641638784e-02 4.1429972e-06
306 -1.00 3.809045582529e-02 8.5883305e-06
307 -1.00 4.083841526450e-02 1.5974730e-05
308 -1.00 3.613615902230e-02 3.9295078e-06
309 -1.00 3.544011944103e-02 2.9998105e-06
310 -1.00 4.092819631636e-02 2.1200931e-06
311 -1.00 3.881895788606e-02 5.6346068e-06
312 -1.00 3.890181238434e-02 2.9229269e-06
313 -1.00 4.646080768018e-02 2.2358451e-05
314 -1.00 3.872976875407e-02 1.0274922e-05
315 -1.00 4.104450414428e-02 9.9560200e-06
316 -1.00 4.334046068703e-02 7.3107110e-06
317 -1.00 4.026580178725e-02 4.7993476e-06
318 -1.00 4.100909061735e-02 5.5231597e-06
319 -1.00 4.521094670435e-02 1.5053928e-05
320 -1.00 4.027102376398e-02 4.2111543e-06
321 -1.00 3.733993188032e-02 3.7802228e-06
322 -1.00 4.518769268241e-02 6.1409529e-06
323 -1.00 3.881260650152e-02 5.5090657e-06
324 -1.00 3.591894930160e-02 3.7947911e-06
325 -1.00 4.448490272579e-02 1.0694665e-05
326 -1.00 3.886823753872e-02 6.3877872e-06
327 -1.00 3.817758751687e-02 1.9496792e-06
328 -1.00 4.408314206975e-02 1.8989688e-05
329 -1.00 3.299886477795e-02 1.9483900e-06
330 -1.00 3.860958331879e-02 7.5955402e-06
331 -1.00 4.466787196580e-02 4.8297706e-06
332 -1.00 3.923553165182e-02 1.2389422e-05
333 -1.00 3.721125426358e-02 9.3387887e-06
334 -1.00 3.488972145115e-02 2.8509237e-06
335 -1.00 4.223845169057e-02 8.1783464e-06
336 -1.00 3.278679832862e-02 5.4056806e-06
337 -1.00 3.604886156601e-02 4.4676166e-06
338 -1.00 3.846108728802e-02 4.9464578e-06
339 -1.00 3.828921991999e-02 1.0887599e-05
340 -1.00 3.754418364193e-02 4.4464511e-06
341 -1.00 3.858417070446e-02 5.5820281e-06
342 -1.00 3.838929307742e-02 1.1972145e-05
343 -1.00 4.128658619471e-02 7.8943553e-06
344 -1.00 4.190701439814e-02 1.7389470e-05
345 -1.00 3.673786228718e-02 3.8299202e-06
346 -1.00 3.714288855630e-02 4.6021297e-06
347 -1.00 3.501354127586e-02 4.1515813e-06
348 -1.00 4.301331079308e-02 1.8209969e-05
349 -1.00 3.765817711112e-02 2.4054353e-06
350 -1.00 3.984371920596e-02 1.3879512e-05
351 -1.00 3.618267741446e-02 8.6789471e-06
352 -1.00 3.863516311324e-02 5.3639977e-06
353 -1.00 4.459704383888e-02 1.2972527e-05
354 -1.00 3.658428136713e-02 5.9342550e-06
355 -1.00 4.381343883398e-02 9.1156228e-06
356 -1.00 3.985082064645e-02 1.9142950e-05
357 -1.00 4.263898387066e-02 1.7180175e-05
358 -1.00 4.147596104120e-02 1.3561379e-05
359 -1.00 3.478957838281e-02 7.6418412e-06
360 -1.00 3.259097681832e-02 4.3316263e-06
361 -1.00 3.559859869646e-02 7.2646786e-06
362 -1.00 3.840383694517e-02 3.3622154e-06
363 -1.00 4.014123548914e-02 5.5801104e-06
364 -1.00 4.275991191528e-02 7.4853843e-06
365 -1.00 4.392251074471e-02 2.7157547e-06
366 -1.00 4.377923432311e-02 1.2249615e-05
367 -1.00 3.374824114704e-02 3.2153702e-06
368 -1.00 4.203209574180e-02 1.8996208e-05
369 -1.00 4.165988556810e-02 8.5400515e-06
370 -1.00 4.070327437037e-02 7.9907391e-06
371 -1.00 3.568599576417e-02 5.7301885e-06
372 -1.00 3.580540543440e-02 1.0821518e-05
373 -1.00 4.212892135322e-02 4.6553458e-06
374 -1.00 3.886741119049e-02 3.2211157e-06
375 -1.00 3.832965616670e-02 4.2159070e-06
376 -1.00 4.436520941727e-02 1.0094675e-05
377 -1.00 3.595883577865e-02 3.6937339e-06
378 -1.00 4.211778787210e-02 5.4923764e-06
379 -1.00 3.520824971481e-02 5.2334870e-06
380 -1.00 3.627548713825e-02 1.0366908e-05
381 -1.00 3.782775303091e-02 7.2070765e-06
382 -1.00 4.450089603538e-02 1.4696300e-05
383 -1.00 3.570708568127e-02 2.2270975e-06
384 -1.00 4.194151630623e-02 7.6116206e-06
385 -1.00 3.669990284751e-02 3.1451497e-06
386 -1.00 3.826125358008e-02 4.2910265e-06
387 -1.00 4.128956637936e-02 1.3016637e-05
388 -1.00 3.341411089086e-02 3.7571277e-06
389 -1.00 4.307913292862e-02 4.9287453e-06
390 -1.00 3.709626709466e-02 8.0232891e-06
391 -1.00 4.061466626498e-02 6.0473905e-06
392 -1.00 4.038129989415e-02 1.1178171e-05
393 -1.00 3.769548828771e-02 3.6569158e-06
394 -1.00 3.892608405960e-02 4.3484083e-06
395 -1.00 3.777968026806e-02 4.7769740e-06
396 -1.00 4.448345784076e-02 5.0257257e-06
397 -1.00 3.461736991491e-02 2.4334430e-06
398 -1.00 4.674346213017e-02 1.7404990e-05
399 -1.00 3.908536351695e-02 3.1986158e-06
400 -1.00 3.512386904960e-02 5.9475223e-06
401 -1.00 3.875815542306e-02 2.4980421e-06
402 -1.00 3.751604590279e-02 3.3142714e-06
403 -1.00 4.521677635512e-02 4.7894427e-06
404 -1.00 3.826630443198e-02 8.2988366e-06
405 -1.00 4.207680981235e-02 2.2403004e-05
406 -1.00 4.026903593619e-02 1.0752009e-05
407 -1.00 4.069813163046e-02 3.7693154e-06
408 -1.00 4.451563557129e-02 3.3859544e-06
409 -1.00 3.891327070293e-02 3.2266060e-06
410 -1.00 3.623419228141e-02 9.0625092e-06
411 -1.00 3.509420918891e-02 6.5319977e-06
412 -1.00 4.001015890655e-02 1.0806456e-06
413 -1.00 3.833866652121e-02 7.7730683e-06
414 -1.00 3.752743165310e-02 2.8360921e-06
415 -1.00 4.529380956738e-02 1.6043813e-05
416 -1.00 3.838906790275e-02 6.3729647e-06
417 -1.00 3.812231279570e-02 2.5900628e-06
418 -1.00 4.106713985990e-02 4.2294199e-06
419 -1.00 3.852725059297e-02 6.5903126e-06
420 -1.00 3.792144196388e-02 1.4084299e-05
421 -1.00 4.032878247145e-02 1.9255853e-06
422 -1.00 4.339669448975e-02 4.6328351e-06
423 -1.00 4.466482530183e-02 1.2042643e-05
424 -1.00 3.448364537511e-02 9.7167501e-06
425 -1.00 3.791410916284e-02 4.8921671e-06
426 -1.00 4.320775796161e-02 7.1353497e-06
427 -1.00 4.153889384781e-02 7.1838220e-06
428 -1.00 3.623731078809e-02 4.1474189e-06
429 -1.00 4.454013195232e-02 7.0541385e-06
430 -1.00 4.275200190068e-02 1.0028116e-05
431 -1.00 3.895455798340e-02 8.9766079e-06
432 -1.00 3.651451447628e-02 1.6450148e-05
433 -1.00 3.919435025689e-02 8.1794198e-06
434 -1.00 3.452277524697e-02 4.7314412e-06
435 -1.00 4.595791004930e-02 6.2571117e-06
436 -1.00 3.427568847677e-02 5.1802627e-06
437 -1.00 3.866060838249e-02 6.7390310e-06
438 -1.00 3.805056143258e-02 2.1436546e-05
439 -1.00 3.408562105354e-02 6.1771632e-06
440 -1.00 3.517696169478e-02 5.0265850e-06
441 -1.00 4.138151529266e-02 6.5599791e-06
442 -1.00 4.382096846198e-02 1.2231817e-05
443 -1.00 3.274835397075e-02 2.2842040e-06
444 -1.00 3.795060440012e-02 4.2900702e-06
445 -1.00 4.205882517455e-02 9.1736556e-06
446 -1.00 3.886167728299e-02 1.9065580e-06
447 -1.00 3.788278005995e-02 4.3875694e-06
448 -1.00 3.985070705711e-02 1.0209080e-05
449 -1.00 3.658465765789e-02 9.9217666e-06
450 -1.00 4.044036681838e-02 4.4381242e-06
451 -1.00 4.241791318933e-02 7.5918354e-06
452 -1.00 4.108786396776e-02 2.0704754e-05
453 -1.00 3.654744971958e-02 4.2801160e-06
454 -1.00 4.271229547307e-02 4.6512186e-06
455 -1.00 3.456908074604e-02 1.6761140e-05
456 -1.00 3.999508537997e-02 4.1402232e-06
457 -1.00 3.999664022933e-02 1.1154471e-05
458 -1.00 3.788848213947e-02 6.3583233e-06
459 -1.00 3.897905947867e-02 3.6878428e-06
460 -1.00 4.262414797810e-02 2.2644367e-06
461 -1.00 4.120033596471e-02 6.9582359e-06
462 -1.00 3.647323451732e-02 2.3653975e-06
463 -1.00 3.542282795251e-02 4.3601222e-06
464 -1.00 4.368595911696e-02 5.2833571e-06
465 -1.00 3.652977050749e-02 5.6942484e-06
466 -1.00 3.521763139751e-02 7.3072885e-06
467 -1.00 3.928632037878e-02 8.2699880e-06
468 -1.00 4.703758047478e-02 7.6703443e-06
469 -1.00 3.949045593443e-02 2.8833102e-06
470 -1.00 3.530774264930e-02 3.6667779e-06
471 -1.00 3.807268739904e-02 1.0885665e-05
472 -1.00 3.729470124147e-02 5.8750640e-06
473 -1.00 3.884300913282e-02 4.6440754e-06
474 -1.00 3.586522383351e-02 1.1949727e-05
475 -1.00 3.820832645693e-02 5.4482043e-06
476 -1.00 4.026652964901e-02 6.3463110e-06
477 -1.00 4.442495792648e-02 9.4939556e-06
478 -1.00 3.925706256871e-02 7.5386527e-06
479 -1.00 3.834892166906e-02 4.9436659e-06
480 -1.00 3.574298170433e-02 1.1018628e-05
481 -1.00 3.774687688429e-02 4.2877832e-06
482 -1.00 3.874428171149e-02 3.4982352e-06
483 -1.00 3.778907714931e-02 4.8580792e-06
484 -1.00 3.461704019036e-02 6.0050307e-06
485 -1.00 3.477370781786e-02 2.3828738e-06
486 -1.00 4.342921576293e-02 1.5558506e-05
487 -1.00 4.045659625361e-02 2.0012129e-05
488 -1.00 3.580731377846e-02 6.1823820e-06
489 -1.00 4.031445513254e-02 4.5575791e-06
490 -1.00 3.229201372639e-02 2.7614812e-06
491 -1.00 4.133284481851e-02 1.0155255e-05
492 -1.00 3.676569248912e-02 4.6864574e-06
493 -1.00 3.754562923838e-02 3.7176726e-06
494 -1.00 3.913095724386e-02 2.8533225e-06
495 -1.00 4.018460061420e-02 4.3256904e-06
496 -1.00 3.828735350023e-02 3.9210551e-06
497 -1.00 4.132564221277e-02 6.0719153e-06
498 -1.00 3.467081720340e-02 6.2504157e-06
499 -1.00 3.945587062771e-02 4.9798799e-06
500 -1.00 3.900644770379e-02 6.6698069e-06
1 -0.75 4.29086e-02 4.69290e-05
2 -0.75 3.87054e-02 3.19672e-05
3 -0.75 3.28843e-02 2.63301e-05
4 -0.75 4.15905e-02 4.62834e-05
5 -0.75 4.42232e-02 4.76231e-05
6 -0.75 3.71415e-02 4.08534e-05
7 -0.75 3.59230e-02 2.96961e-05
8 -0.75 3.60961e-02 2.05909e-05
9 -0.75 3.75352e-02 4.24282e-05
10 -0.75 3.60439e-02 2.03834e-05
11 -0.75 4.00356e-02 4.59072e-05
12 -0.75 3.99170e-02 3.40571e-05
13 -0.75 4.27310e-02 3.61622e-05
14 -0.75 3.38037e-02 2.83542e-05
15 -0.75 3.93616e-02 3.19837e-05
16 -0.75 3.49178e-02 3.03567e-05
17 -0.75 4.04461e-02 3.44812e-05
18 -0.75 4.50110e-02 5.38592e-05
19 -0.75 3.56339e-02 3.55814e-05
20 -0.75 4.66131e-02 5.37581e-05
21 -0.75 3.36377e-02 3.69843e-05
22 -0.75 3.74019e-02 2.96755e-05
23 -0.75 4.18013e-02 3.69461e-05
24 -0.75 3.47530e-02 2.85922e-05
25 -0.75 3.36858e-02 2.39978e-05
26 -0.75 3.60397e-02 1.91950e-05
27 -0.75 3.63176e-02 3.26159e-05
28 -0.75 4.13910e-02 6.01028e-05
29 -0.75 4.04443e-02 3.45050e-05
30 -0.75 3.35342e-02 2.58716e-05
31 -0.75 3.74358e-02 3.51209e-05
32 -0.75 3.55341e-02 2.61080e-05
33 -0.75 4.25878e-02 3.37640e-05
34 -0.75 3.60845e-02 4.64193e-05
35 -0.75 3.69369e-02 3.93979e-05
36 -0.75 3.25680e-02 3.96182e-05
37 -0.75 2.99569e-02 1.08944e-05
38 -0.75 4.27340e-02 3.25636e-05
39 -0.75 3.68647e-02 3.55982e-05
40 -0.75 3.75015e-02 3.91758e-05
41 -0.75 3.39367e-02 3.62395e-05
42 -0.75 3.57841e-02 2.12634e-05
43 -0.75 4.14258e-02 4.75735e-05
44 -0.75 3.38382e-02 1.90351e-05
45 -0.75 3.68554e-02 3.53266e-05
46 -0.75 3.71768e-02 5.95518e-05
47 -0.75 3.24570e-02 1.97976e-05
48 -0.75 3.95546e-02 4.62785e-05
49 -0.75 4.25939e-02 4.06061e-05
50 -0.75 3.58266e-02 2.99038e-05
51 -0.75 3.98117e-02 3.37833e-05
52 -0.75 3.50985e-02 3.15279e-05
53 -0.75 3.71628e-02 4.65554e-05
54 -0.75 3.46929e-02 4.62275e-05
55 -0.75 3.55066e-02 4.38746e-05
56 -0.75 3.99796e-02 3.53594e-05
57 -0.75 3.61185e-02 2.76952e-05
58 -0.75 3.51977e-02 3.00733e-05
59 -0.75 3.89926e-02 3.81952e-05
60 -0.75 4.33480e-02 3.76472e-05
61 -0.75 3.82194e-02 2.40638e-05
62 -0.75 3.45015e-02 2.88590e-05
63 -0.75 4.25277e-02 4.70903e-05
64 -0.75 4.19085e-02 3.07459e-05
65 -0.75 3.61278e-02 2.17170e-05
66 -0.75 4.11004e-02 5.87846e-05
67 -0.75 4.15359e-02 5.10617e-05
68 -0.75 3.63290e-02 2.70006e-05
69 -0.75 4.36763e-02 4.67215e-05
70 -0.75 3.74071e-02 3.92721e-05
71 -0.75 4.11986e-02 6.33509e-05
72 -0.75 3.85842e-02 5.49509e-05
73 -0.75 3.74245e-02 3.66481e-05
74 -0.75 4.43261e-02 4.17065e-05
75 -0.75 3.89626e-02 3.12151e-05
76 -0.75 3.85171e-02 4.43992e-05
77 -0.75 3.97480e-02 4.48379e-05
78 -0.75 3.37969e-02 5.10590e-05
79 -0.75 3.68621e-02 3.25455e-05
80 -0.75 4.32662e-02 3.69973e-05
81 -0.75 4.58640e-02 4.70231e-05
82 -0.75 3.88040e-02 3.84529e-05
83 -0.75 3.62535e-02 2.97350e-05
84 -0.75 3.95266e-02 7.50863e-05
85 -0.75 3.66552e-02 4.71574e-05
86 -0.75 4.83336e-02 7.36264e-05
87 -0.75 3.59949e-02 2.24895e-05
88 -0.75 3.38899e-02 2.81903e-05
89 -0.75 4.16981e-02 3.71013e-05
90 -0.75 3.89163e-02 3.91452e-05
91 -0.75 3.64893e-02 4.81164e-05
92 -0.75 4.05130e-02 4.68993e-05
93 -0.75 3.89873e-02 4.42764e-05
94 -0.75 3.85206e-02 5.21729e-05
95 -0.75 3.45536e-02 1.90440e-05
96 -0.75 4.02595e-02 4.62205e-05
97 -0.75 4.04671e-02 4.86549e-05
98 -0.75 4.07461e-02 2.76611e-05
99 -0.75 3.85111e-02 2.90738e-05
100 -0.75 3.90088e-02 3.34835e-05
101 -0.75 3.60146e-02 3.93645e-05
102 -0.75 3.26407e-02 1.59473e-05
103 -0.75 3.58318e-02 3.96551e-05
104 -0.75 3.66622e-02 2.61009e-05
105 -0.75 3.70654e-02 4.07271e-05
106 -0.75 5.04182e-02 6.03659e-05
107 -0.75 3.53518e-02 2.87130e-05
108 -0.75 4.00102e-02 4.97579e-05
109 -0.75 3.73477e-02 3.48638e-05
110 -0.75 3.87509e-02 2.96715e-05
111 -0.75 3.66336e-02 2.82767e-05
112 -0.75 3.51509e-02 2.45439e-05
113 -0.75 4.05940e-02 4.02379e-05
114 -0.75 3.94967e-02 3.89356e-05
115 -0.75 3.27792e-02 2.15562e-05
116 -0.75 3.43620e-02 5.03264e-05
117 -0.75 4.11868e-02 4.15418e-05
118 -0.75 4.14471e-02 4.50358e-05
119 -0.75 3.36362e-02 3.06092e-05
120 -0.75 4.05802e-02 3.83404e-05
121 -0.75 4.15344e-02 4.65791e-05
122 -0.75 4.72764e-02 4.57890e-05
123 -0.75 3.27559e-02 4.10281e-05
124 -0.75 3.93734e-02 5.17296e-05
125 -0.75 4.06162e-02 4.47514e-05
126 -0.75 4.28592e-02 3.03848e-05
127 -0.75 3.45356e-02 2.32797e-05
128 -0.75 4.15031e-02 3.32577e-05
129 -0.75 3.70946e-02 3.85513e-05
130 -0.75 3.70641e-02 3.42681e-05
131 -0.75 3.46271e-02 2.76881e-05
132 -0.75 4.05067e-02 3.87181e-05
133 -0.75 3.62455e-02 2.53692e-05
134 -0.75 4.06772e-02 2.45634e-05
135 -0.75 3.86968e-02 5.19767e-05
136 -0.75 3.38789e-02 3.86302e-05
137 -0.75 3.76724e-02 3.21674e-05
138 -0.75 4.01946e-02 4.65473e-05
139 -0.75 3.62473e-02 2.93125e-05
140 -0.75 3.81352e-02 2.59079e-05
141 -0.75 3.42736e-02 4.27552e-05
142 -0.75 3.75066e-02 4.27227e-05
143 -0.75 3.77577e-02 3.23823e-05
144 -0.75 3.66316e-02 2.47798e-05
145 -0.75 3.83049e-02 5.58735e-05
146 -0.75 4.34078e-02 4.09150e-05
147 -0.75 4.45870e-02 6.44089e-05
148 -0.75 3.56017e-02 2.67579e-05
149 -0.75 4.08556e-02 5.34091e-05
150 -0.75 3.64271e-02 2.13987e-05
151 -0.75 3.85548e-02 5.15195e-05
152 -0.75 4.61172e-02 4.97671e-05
153 -0.75 3.88456e-02 3.60999e-05
154 -0.75 3.96201e-02 3.51624e-05
155 -0.75 4.11726e-02 5.07054e-05
156 -0.75 4.38468e-02 5.87337e-05
157 -0.75 3.60318e-02 2.49479e-05
158 -0.75 3.87836e-02 3.20099e-05
159 -0.75 3.50128e-02 3.07927e-05
160 -0.75 3.77845e-02 3.40064e-05
161 -0.75 3.67342e-02 4.32593e-05
162 -0.75 3.64844e-02 2.74973e-05
163 -0.75 3.89853e-02 3.18527e-05
164 -0.75 4.20976e-02 4.11563e-05
165 -0.75 4.11767e-02 3.74429e-05
166 -0.75 4.09223e-02 4.94486e-05
167 -0.75 3.84380e-02 4.12265e-05
168 -0.75 3.57429e-02 3.56835e-05
169 -0.75 3.87990e-02 3.15823e-05
170 -0.75 3.97234e-02 5.18055e-05
171 -0.75 4.11992e-02 5.61318e-05
172 -0.75 3.55616e-02 2.03842e-05
173 -0.75 4.92597e-02 2.75308e-05
174 -0.75 4.05171e-02 4.21632e-05
175 -0.75 3.90253e-02 4.83356e-05
176 -0.75 3.99431e-02 3.36395e-05
177 -0.75 4.13073e-02 3.10690e-05
178 -0.75 4.16014e-02 7.02951e-05
179 -0.75 4.60207e-02 5.36917e-05
180 -0.75 3.68459e-02 3.61532e-05
181 -0.75 4.35647e-02 3.25703e-05
182 -0.75 3.84357e-02 3.18491e-05
183 -0.75 4.89950e-02 3.79595e-05
184 -0.75 4.00497e-02 3.24067e-05
185 -0.75 4.39257e-02 4.12149e-05
186 -0.75 4.01067e-02 3.72854e-05
187 -0.75 3.58237e-02 2.74496e-05
188 -0.75 4.11282e-02 3.85738e-05
189 -0.75 3.22241e-02 2.57147e-05
190 -0.75 3.91849e-02 4.06638e-05
191 -0.75 3.72657e-02 4.82358e-05
192 -0.75 3.54878e-02 1.75957e-05
193 -0.75 3.82909e-02 3.59273e-05
194 -0.75 3.50182e-02 1.92963e-05
195 -0.75 4.19912e-02 6.18119e-05
196 -0.75 4.03052e-02 5.23843e-05
197 -0.75 3.75971e-02 2.42580e-05
198 -0.75 4.32231e-02 5.86378e-05
199 -0.75 4.16372e-02 5.13444e-05
200 -0.75 3.60131e-02 3.02484e-05
201 -0.75 3.36159e-02 3.75884e-05
202 -0.75 3.44544e-02 3.01897e-05
203 -0.75 3.77266e-02 4.51372e-05
204 -0.75 4.36908e-02 3.56684e-05
205 -0.75 3.74209e-02 5.43504e-05
206 -0.75 3.84280e-02 2.42809e-05
207 -0.75 3.57330e-02 3.49664e-05
208 -0.75 3.50689e-02 2.16864e-05
209 -0.75 3.67263e-02 3.92457e-05
210 -0.75 3.93654e-02 5.30557e-05
211 -0.75 4.00086e-02 5.63689e-05
212 -0.75 3.95896e-02 4.55316e-05
213 -0.75 3.47002e-02 3.47957e-05
214 -0.75 3.51778e-02 4.41043e-05
215 -0.75 4.02244e-02 3.56715e-05
216 -0.75 3.84447e-02 3.56282e-05
217 -0.75 3.88693e-02 5.39793e-05
218 -0.75 4.03197e-02 3.05150e-05
219 -0.75 3.82069e-02 3.74282e-05
220 -0.75 3.69106e-02 5.89389e-05
221 -0.75 3.41208e-02 2.56934e-05
222 -0.75 3.78674e-02 2.61468e-05
223 -0.75 4.07401e-02 6.05966e-05
224 -0.75 3.41323e-02 2.77973e-05
225 -0.75 4.04135e-02 2.90307e-05
226 -0.75 3.77909e-02 5.26493e-05
227 -0.75 4.08170e-02 5.28045e-05
228 -0.75 3.77008e-02 6.67418e-05
229 -0.75 4.11181e-02 4.15055e-05
230 -0.75 3.72005e-02 4.11775e-05
231 -0.75 4.45956e-02 5.72274e-05
232 -0.75 3.75627e-02 4.15302e-05
233 -0.75 4.34712e-02 5.18280e-05
234 -0.75 3.64718e-02 3.68524e-05
235 -0.75 3.63382e-02 2.91175e-05
236 -0.75 4.22767e-02 4.52765e-05
237 -0.75 3.85546e-02 5.15071e-05
238 -0.75 3.82047e-02 3.14419e-05
239 -0.75 3.92569e-02 5.66331e-05
240 -0.75 3.93853e-02 3.86769e-05
241 -0.75 3.60617e-02 2.53439e-05
242 -0.75 4.01172e-02 3.56389e-05
243 -0.75 4.07073e-02 3.63753e-05
244 -0.75 3.65905e-02 2.97713e-05
245 -0.75 3.39986e-02 2.14044e-05
246 -0.75 3.89971e-02 3.57705e-05
247 -0.75 4.04600e-02 3.44852e-05
248 -0.75 4.17937e-02 4.98583e-05
249 -0.75 4.08215e-02 5.92203e-05
250 -0.75 3.65814e-02 5.19962e-05
251 -0.75 3.95604e-02 4.03702e-05
252 -0.75 4.05918e-02 4.36072e-05
253 -0.75 3.55583e-02 6.03836e-05
254 -0.75 3.76519e-02 3.36680e-05
255 -0.75 3.81759e-02 2.51654e-05
256 -0.75 3.64041e-02 2.35544e-05
257 -0.75 3.44491e-02 3.35536e-05
258 -0.75 3.58005e-02 5.41274e-05
259 -0.75 3.32783e-02 4.15549e-05
260 -0.75 3.81067e-02 3.91086e-05
261 -0.75 3.86755e-02 4.07023e-05
262 -0.75 3.37776e-02 3.26882e-05
263 -0.75 3.63115e-02 3.41319e-05
264 -0.75 4.01514e-02 4.40463e-05
265 -0.75 3.60136e-02 5.29917e-05
266 -0.75 3.88713e-02 3.28330e-05
267 -0.75 4.14438e-02 2.62278e-05
268 -0.75 4.01515e-02 4.46503e-05
269 -0.75 3.45543e-02 3.49855e-05
270 -0.75 3.53074e-02 4.17017e-05
271 -0.75 3.92039e-02 4.15415e-05
272 -0.75 3.56803e-02 3.27818e-05
273 -0.75 3.17732e-02 2.32596e-05
274 -0.75 3.60687e-02 3.20334e-05
275 -0.75 3.61398e-02 2.54845e-05
276 -0.75 3.85091e-02 4.07548e-05
277 -0.75 3.69549e-02 2.41283e-05
278 -0.75 3.52748e-02 5.12515e-05
279 -0.75 3.46810e-02 4.14834e-05
280 -0.75 3.63882e-02 3.48633e-05
281 -0.75 3.78405e-02 2.90638e-05
282 -0.75 3.71339e-02 2.28017e-05
283 -0.75 4.03637e-02 4.77658e-05
284 -0.75 4.19286e-02 4.25747e-05
285 -0.75 3.61070e-02 4.45079e-05
286 -0.75 3.84968e-02 2.93379e-05
287 -0.75 3.58110e-02 3.20743e-05
288 -0.75 3.90973e-02 3.11953e-05
289 -0.75 3.68389e-02 3.33937e-05
290 -0.75 3.33518e-02 5.13092e-05
291 -0.75 3.49725e-02 2.34464e-05
292 -0.75 3.40021e-02 3.37918e-05
293 -0.75 4.15173e-02 5.19119e-05
294 -0.75 3.85317e-02 1.08507e-04
295 -0.75 4.14577e-02 6.04259e-05
296 -0.75 3.77062e-02 2.47705e-05
297 -0.75 4.22396e-02 7.27494e-05
298 -0.75 3.64937e-02 4.59319e-05
299 -0.75 3.43080e-02 2.97609e-05
300 -0.75 3.91160e-02 3.33385e-05
301 -0.75 4.160841605903e-02 1.5729276e-05
302 -0.75 4.087043660605e-02 6.0172018e-06
303 -0.75 3.751307218947e-02 7.1755254e-06
304 -0.75 3.969328333582e-02 7.5325383e-06
305 -0.75 3.662426484767e-02 1.0044886e-05
306 -0.75 3.822572731670e-02 1.4506658e-05
307 -0.75 3.935180009619e-02 4.4787096e-06
308 -0.75 3.482857026423e-02 4.2568912e-06
309 -0.75 3.550764530501e-02 7.2183607e-06
310 -0.75 4.020880941928e-02 1.3955039e-05
311 -0.75 3.621195831313e-02 4.5782432e-06
312 -0.75 4.208707514598e-02 4.1921955e-06
313 -0.75 4.565222643421e-02 6.5407809e-06
314 -0.75 3.846297292195e-02 1.0832729e-05
315 -0.75 3.870728703055e-02 8.6222014e-06
316 -0.75 4.302151664436e-02 1.0611472e-05
317 -0.75 3.914893237776e-02 1.3597233e-05
318 -0.75 3.782257394220e-02 4.2284962e-06
319 -0.75 4.243080275029e-02 1.4319487e-05
320 -0.75 3.909515340370e-02 9.6036354e-06
321 -0.75 3.759349288589e-02 9.4455833e-06
322 -0.75 4.386996523037e-02 1.1945205e-05
323 -0.75 3.931140013272e-02 1.3946131e-05
324 -0.75 3.610596587753e-02 3.7098720e-06
325 -0.75 4.363744143501e-02 5.8441067e-06
326 -0.75 3.664285527368e-02 1.1397380e-05
327 -0.75 3.592412743467e-02 1.0793500e-05
328 -0.75 4.171378862031e-02 1.0284220e-05
329 -0.75 3.115393062299e-02 5.4017873e-06
330 -0.75 3.896169455025e-02 3.1232163e-06
331 -0.75 4.584438000659e-02 6.4183271e-06
332 -0.75 3.614702948591e-02 3.5858614e-06
333 -0.75 3.845451875876e-02 7.7304792e-06
334 -0.75 3.366358635400e-02 8.5935151e-06
335 -0.75 4.082675219333e-02 9.9767621e-06
336 -0.75 3.384030727379e-02 2.4152311e-06
337 -0.75 3.588435384950e-02 1.0141158e-05
338 -0.75 3.910249159861e-02 8.2269168e-06
339 -0.75 3.814285668166e-02 1.1225467e-05
340 -0.75 3.693526923549e-02 7.2566879e-06
341 -0.75 3.801072244628e-02 3.4461793e-06
342 -0.75 3.837678648075e-02 7.6848103e-06
343 -0.75 3.719221354914e-02 1.1695690e-05
344 -0.75 3.875089374337e-02 1.8767514e-05
345 -0.75 3.499305882695e-02 2.6893489e-06
346 -0.75 3.784784097342e-02 8.7028444e-06
347 -0.75 3.213427036787e-02 2.3833697e-06
348 -0.75 3.978507752454e-02 6.4217468e-06
349 -0.75 3.755761894379e-02 9.6158685e-06
350 -0.75 3.631596255714e-02 3.0947590e-06
351 -0.75 3.604253956784e-02 3.1268268e-06
352 -0.75 3.835317102693e-02 8.4993133e-06
353 -0.75 4.232277896843e-02 3.4817935e-06
354 -0.75 3.620343320099e-02 1.3568580e-06
355 -0.75 4.087002406345e-02 1.1204996e-05
356 -0.75 3.897760301607e-02 3.7854470e-06
357 -0.75 4.061132629334e-02 5.1560399e-06
358 -0.75 4.058941677945e-02 5.5402431e-06
359 -0.75 3.540505411463e-02 4.8294349e-06
360 -0.75 3.397336550907e-02 9.3206237e-06
361 -0.75 3.551225927000e-02 3.8082980e-06
362 -0.75 3.971497764431e-02 6.4813074e-06
363 -0.75 3.922335522626e-02 6.4909210e-06
364 -0.75 4.121118895621e-02 7.6541041e-06
365 -0.75 4.127809888272e-02 4.1385450e-06
366 -0.75 4.073850750648e-02 4.5770458e-06
367 -0.75 3.427919923547e-02 7.5360138e-06
368 -0.75 4.022953105746e-02 6.2632597e-06
369 -0.75 4.157013421776e-02 8.0056646e-06
370 -0.75 3.887359521068e-02 8.9040970e-06
371 -0.75 3.338726757594e-02 7.0843723e-06
372 -0.75 3.565413331771e-02 7.2728466e-06
373 -0.75 4.070177921084e-02 3.4281847e-06
374 -0.75 3.845885896289e-02 1.3910835e-06
375 -0.75 3.676705045954e-02 4.4389096e-06
376 -0.75 4.252301284335e-02 6.3612924e-06
377 -0.75 3.632219616720e-02 3.4087150e-06
378 -0.75 3.988442512275e-02 7.1044311e-06
379 -0.75 3.544906615927e-02 5.7664331e-06
380 -0.75 3.661158122857e-02 1.2943017e-05
381 -0.75 3.862763753617e-02 1.2890915e-05
382 -0.75 4.430151225650e-02 1.5445049e-05
383 -0.75 3.625685305388e-02 6.9009839e-06
384 -0.75 4.142286676861e-02 1.0178929e-05
385 -0.75 3.742029492705e-02 7.7395832e-06
386 -0.75 3.847600234647e-02 5.6501900e-06
387 -0.75 3.959821176000e-02 5.5607211e-06
388 -0.75 3.414313487869e-02 5.8289222e-06
389 -0.75 4.131867965009e-02 7.2453266e-06
390 -0.75 3.710956402217e-02 1.7346120e-05
391 -0.75 4.094780285734e-02 1.2399666e-05
392 -0.75 4.132503297049e-02 2.7382095e-06
393 -0.75 3.762810744999e-02 3.9773475e-06
394 -0.75 3.855455836909e-02 7.2377868e-06
395 -0.75 3.732740679823e-02 7.5932789e-06
396 -0.75 4.069368072264e-02 3.0749425e-06
397 -0.75 3.671966593310e-02 1.4667175e-05
398 -0.75 4.517763826438e-02 9.6779164e-06
399 -0.75 3.853233577255e-02 8.5714892e-06
400 -0.75 3.734659534303e-02 4.7873201e-06
401 -0.75 3.924567638141e-02 4.4767413e-06
402 -0.75 3.730967512833e-02 6.6421868e-06
403 -0.75 4.343199498925e-02 8.8363333e-06
404 -0.75 3.746997538315e-02 9.6372647e-06
405 -0.75 4.035440118048e-02 2.9455276e-06
406 -0.75 3.925048666638e-02 9.8979033e-06
407 -0.75 3.870773438730e-02 7.5138443e-06
408 -0.75 4.579623833234e-02 8.9802523e-06
409 -0.75 3.629482988682e-02 4.6981200e-06
410 -0.75 3.617035390572e-02 4.6090349e-06
411 -0.75 3.630067705021e-02 6.0533905e-06
412 -0.75 3.893840783034e-02 1.0013129e-05
413 -0.75 3.762846371877e-02 5.0590104e-06
414 -0.75 3.876038873017e-02 1.4239601e-05
415 -0.75 4.309868327861e-02 4.7816565e-06
416 -0.75 3.731073532845e-02 3.3616103e-06
417 -0.75 3.656555071425e-02 6.0359444e-06
418 -0.75 3.904649492000e-02 5.7447626e-06
419 -0.75 3.733331729986e-02 7.9543868e-06
420 -0.75 3.661097670765e-02 7.1831198e-06
421 -0.75 4.236373150319e-02 1.2917831e-05
422 -0.75 4.092302223947e-02 4.0895366e-06
423 -0.75 4.358115981970e-02 2.7018113e-06
424 -0.75 3.478260845341e-02 3.3010594e-06
425 -0.75 3.784224493171e-02 3.1237319e-06
426 -0.75 4.279116792000e-02 7.3429616e-06
427 -0.75 4.122639083073e-02 1.2911430e-05
428 -0.75 3.732155476646e-02 1.1580742e-05
429 -0.75 4.417372141151e-02 8.2129903e-06
430 -0.75 4.193227903893e-02 7.6842207e-06
431 -0.75 3.840930350914e-02 1.8416657e-06
432 -0.75 3.650300863471e-02 7.6859930e-06
433 -0.75 3.864933619239e-02 9.2305282e-06
434 -0.75 3.725939143780e-02 8.2105379e-06
435 -0.75 4.573976338527e-02 5.4241672e-06
436 -0.75 3.547851784116e-02 6.2789216e-06
437 -0.75 3.900804153805e-02 1.2554656e-05
438 -0.75 3.905101809187e-02 6.2636902e-06
439 -0.75 3.352720743002e-02 6.2102367e-06
440 -0.75 3.623325912471e-02 1.0011331e-05
441 -0.75 3.880033725415e-02 8.9689319e-06
442 -0.75 4.295010084902e-02 1.0024095e-05
443 -0.75 3.317103130022e-02 7.9896657e-06
444 -0.75 3.786661360587e-02 8.9486546e-06
445 -0.75 4.127713871634e-02 2.3249847e-06
446 -0.75 3.988397651834e-02 2.5243576e-05
447 -0.75 3.671963102349e-02 7.9847628e-06
448 -0.75 3.734938293135e-02 1.0177923e-05
449 -0.75 3.524089433727e-02 6.0624877e-06
450 -0.75 3.846954471630e-02 4.8905602e-06
451 -0.75 4.209467433087e-02 6.9962077e-06
452 -0.75 3.982335138685e-02 2.6227196e-06
453 -0.75 3.761715114933e-02 4.0644203e-06
454 -0.75 4.421680468829e-02 7.4345188e-06
455 -0.75 3.052530756907e-02 1.6044245e-06
456 -0.75 3.957939693876e-02 7.3400926e-06
457 -0.75 3.767892248693e-02 4.6134924e-06
458 -0.75 3.713845842159e-02 7.4435844e-06
459 -0.75 3.601940462621e-02 4.0374933e-06
460 -0.75 4.150819783376e-02 1.0456499e-05
461 -0.75 4.033211407392e-02 8.8762341e-06
462 -0.75 3.672935335930e-02 4.7868491e-06
463 -0.75 3.584138732794e-02 8.9563390e-07
464 -0.75 4.308558145353e-02 8.2764564e-06
465 -0.75 3.685346627311e-02 7.2971818e-06
466 -0.75 3.435552147185e-02 3.3793830e-06
467 -0.75 3.603310761724e-02 1.0923402e-05
468 -0.75 4.432994150955e-02 3.9730641e-06
469 -0.75 3.804464686362e-02 1.5220803e-05
470 -0.75 3.520918375459e-02 4.6649282e-06
471 -0.75 3.718948289683e-02 3.4298592e-06
472 -0.75 3.591637351765e-02 6.6489306e-06
473 -0.75 3.903076450368e-02 4.9826446e-06
474 -0.75 3.400824691308e-02 7.8007231e-06
475 -0.75 3.634518062146e-02 2.3031183e-06
476 -0.75 4.127341067738e-02 1.5925971e-05
477 -0.75 4.273277971828e-02 1.2202567e-05
478 -0.75 3.904307178158e-02 2.7405750e-06
479 -0.75 3.797877905671e-02 5.9483445e-06
480 -0.75 3.487358065095e-02 1.3681225e-05
481 -0.75 3.699910448154e-02 6.7779564e-06
482 -0.75 3.900099324901e-02 3.8702177e-06
483 -0.75 3.514003716117e-02 7.5248452e-06
484 -0.75 3.406360773535e-02 5.9643532e-06
485 -0.75 3.498042236104e-02 3.7320837e-06
486 -0.75 4.170424605010e-02 6.5200916e-06
487 -0.75 4.003367630950e-02 5.1054706e-06
488 -0.75 3.299240918331e-02 3.1705335e-06
489 -0.75 3.801568597374e-02 1.1880290e-05
490 -0.75 3.396823826743e-02 7.5197426e-06
491 -0.75 3.909021361234e-02 3.9766157e-06
492 -0.75 3.654393687414e-02 1.0067014e-05
493 -0.75 3.603176802943e-02 3.4803048e-06
494 -0.75 3.715597937892e-02 3.9957566e-06
495 -0.75 3.983032927952e-02 5.7668271e-06
496 -0.75 3.698347470217e-02 7.5929126e-06
497 -0.75 4.084944917899e-02 6.7381716e-06
498 -0.75 3.640454044342e-02 1.2322238e-05
499 -0.75 3.939606282926e-02 1.5838221e-05
500 -0.75 3.715542429062e-02 7.1929684e-06
1 -0.50 3.97953e-02 4.34756e-05
2 -0.50 3.69724e-02 3.52598e-05
3 -0.50 3.17342e-02 3.86670e-05
4 -0.50 3.85199e-02 3.44426e-05
5 -0.50 4.34740e-02 4.14984e-05
6 -0.50 3.39533e-02 3.83484e-05
7 -0.50 3.71777e-02 4.05966e-05
8 -0.50 3.62411e-02 6.61794e-05
9 -0.50 3.61182e-02 3.89423e-05
10 -0.50 3.60673e-02 2.39432e-05
11 -0.50 3.63197e-02 3.05649e-05
12 -0.50 4.27978e-02 4.72371e-05
13 -0.50 4.27653e-02 5.16970e-05
14 -0.50 3.23941e-02 2.43774e-05
15 -0.50 4.16470e-02 6.08040e-05
16 -0.50 3.54893e-02 4.53254e-05
17 -0.50 4.04942e-02 4.54824e-05
18 -0.50 4.36068e-02 5.33173e-05
19 -0.50 3.31944e-02 2.02563e-05
20 -0.50 4.40411e-02 3.92358e-05
21 -0.50 3.33758e-02 2.07490e-05
22 -0.50 3.71360e-02 3.05254e-05
23 -0.50 4.08512e-02 5.52843e-05
24 -0.50 3.57909e-02 3.55158e-05
25 -0.50 3.39895e-02 2.98792e-05
26 -0.50 3.65841e-02 4.44311e-05
27 -0.50 3.58371e-02 2.88832e-05
28 -0.50 3.89997e-02 3.88577e-05
29 -0.50 4.10478e-02 4.24154e-05
30 -0.50 3.66687e-02 4.26347e-05
31 -0.50 3.71000e-02 4.36982e-05
32 -0.50 3.59089e-02 4.92087e-05
33 -0.50 4.19598e-02 5.09277e-05
34 -0.50 3.49948e-02 3.29726e-05
35 -0.50 3.53786e-02 4.99326e-05
36 -0.50 3.28928e-02 6.87958e-05
37 -0.50 3.04034e-02 2.07582e-05
38 -0.50 4.08027e-02 4.11275e-05
39 -0.50 3.84981e-02 5.43502e-05
40 -0.50 3.67317e-02 3.99381e-05
41 -0.50 3.15841e-02 3.94584e-05
42 -0.50 3.85239e-02 3.48909e-05
43 -0.50 4.14520e-02 3.14348e-05
44 -0.50 3.40837e-02 4.38792e-05
45 -0.50 3.76642e-02 3.98448e-05
46 -0.50 3.61930e-02 3.36100e-05
47 -0.50 3.32824e-02 2.88325e-05
48 -0.50 3.97843e-02 3.50029e-05
49 -0.50 4.19581e-02 2.88386e-05
50 -0.50 3.66318e-02 5.45179e-05
51 -0.50 4.22395e-02 5.51244e-05
52 -0.50 3.61108e-02 6.16549e-05
53 -0.50 3.61674e-02 2.96037e-05
54 -0.50 3.32925e-02 3.48126e-05
55 -0.50 3.58798e-02 4.67629e-05
56 -0.50 3.97057e-02 5.00622e-05
57 -0.50 3.42733e-02 2.67430e-05
58 -0.50 3.53620e-02 3.24816e-05
59 -0.50 3.70308e-02 2.90934e-05
60 -0.50 4.19685e-02 3.00940e-05
61 -0.50 3.91428e-02 2.49393e-05
62 -0.50 3.50105e-02 5.74910e-05
63 -0.50 4.19763e-02 5.10889e-05
64 -0.50 4.12885e-02 4.27391e-05
65 -0.50 3.52727e-02 3.69028e-05
66 -0.50 3.88456e-02 4.69603e-05
67 -0.50 3.95596e-02 5.70423e-05
68 -0.50 3.46886e-02 3.92834e-05
69 -0.50 4.22267e-02 4.47353e-05
70 -0.50 3.66241e-02 2.59120e-05
71 -0.50 3.93762e-02 5.80170e-05
72 -0.50 3.67956e-02 4.01510e-05
73 -0.50 3.64488e-02 3.17166e-05
74 -0.50 4.21456e-02 3.75392e-05
75 -0.50 3.87842e-02 5.18532e-05
76 -0.50 3.80048e-02 4.98422e-05
77 -0.50 3.66257e-02 7.42745e-05
78 -0.50 3.29825e-02 2.35506e-05
79 -0.50 3.74002e-02 4.23967e-05
80 -0.50 4.37679e-02 6.59053e-05
81 -0.50 4.48978e-02 3.13518e-05
82 -0.50 3.83795e-02 3.93097e-05
83 -0.50 3.76452e-02 4.16260e-05
84 -0.50 3.92773e-02 4.54906e-05
85 -0.50 3.69403e-02 4.83024e-05
86 -0.50 4.79688e-02 7.39035e-05
87 -0.50 3.81008e-02 4.66345e-05
88 -0.50 3.35767e-02 2.09620e-05
89 -0.50 3.83716e-02 2.82295e-05
90 -0.50 3.96376e-02 4.94022e-05
91 -0.50 3.64059e-02 3.79548e-05
92 -0.50 4.02090e-02 4.33571e-05
93 -0.50 3.76926e-02 4.13737e-05
94 -0.50 3.87657e-02 3.92830e-05
95 -0.50 3.44540e-02 5.07210e-05
96 -0.50 4.14511e-02 5.10468e-05
97 -0.50 4.06297e-02 5.19097e-05
98 -0.50 3.89819e-02 3.54972e-05
99 -0.50 3.92872e-02 7.42996e-05
100 -0.50 3.95324e-02 4.30089e-05
101 -0.50 3.46108e-02 3.88229e-05
102 -0.50 3.34069e-02 3.04418e-05
103 -0.50 3.53781e-02 2.96116e-05
104 -0.50 3.70083e-02 4.37966e-05
105 -0.50 3.70369e-02 3.90396e-05
106 -0.50 4.97833e-02 8.55548e-05
107 -0.50 3.50065e-02 2.97689e-05
108 -0.50 4.09231e-02 5.84438e-05
109 -0.50 3.62324e-02 4.54755e-05
110 -0.50 3.75170e-02 3.55821e-05
111 -0.50 3.72558e-02 4.94908e-05
112 -0.50 3.50614e-02 3.01502e-05
113 -0.50 4.05323e-02 3.77956e-05
114 -0.50 3.82637e-02 3.91673e-05
115 -0.50 3.26244e-02 2.25462e-05
116 -0.50 3.20920e-02 3.81689e-05
117 -0.50 4.15982e-02 3.55409e-05
118 -0.50 4.25536e-02 5.76523e-05
119 -0.50 3.10820e-02 2.61216e-05
120 -0.50 4.25468e-02 2.11155e-05
121 -0.50 4.22187e-02 6.34889e-05
122 -0.50 4.74078e-02 6.49070e-05
123 -0.50 3.17618e-02 4.95795e-05
124 -0.50 3.91878e-02 4.39662e-05
125 -0.50 3.79068e-02 4.42061e-05
126 -0.50 4.37549e-02 8.25977e-05
127 -0.50 3.38862e-02 2.82709e-05
128 -0.50 3.92784e-02 4.90018e-05
129 -0.50 3.54204e-02 3.27246e-05
130 -0.50 3.74025e-02 3.01424e-05
131 -0.50 3.50398e-02 3.76026e-05
132 -0.50 4.19694e-02 5.14343e-05
133 -0.50 3.63727e-02 3.89070e-05
134 -0.50 4.15794e-02 4.01898e-05
135 -0.50 3.82852e-02 5.13583e-05
136 -0.50 3.31752e-02 2.65578e-05
137 -0.50 4.02762e-02 6.77168e-05
138 -0.50 3.95502e-02 4.19954e-05
139 -0.50 3.52328e-02 3.92075e-05
140 -0.50 3.68808e-02 3.28003e-05
141 -0.50 3.27784e-02 3.77461e-05
142 -0.50 3.81408e-02 3.33448e-05
143 -0.50 3.86480e-02 4.70605e-05
144 -0.50 3.81657e-02 5.28979e-05
145 -0.50 3.75687e-02 4.09050e-05
146 -0.50 4.11769e-02 4.85105e-05
147 -0.50 4.45932e-02 8.16677e-05
148 -0.50 3.59443e-02 2.63201e-05
149 -0.50 4.00222e-02 3.86151e-05
150 -0.50 3.66930e-02 3.08591e-05
151 -0.50 3.79035e-02 3.87747e-05
152 -0.50 4.41531e-02 5.49850e-05
153 -0.50 3.69019e-02 2.54100e-05
154 -0.50 3.98868e-02 4.25624e-05
155 -0.50 3.87772e-02 3.22318e-05
156 -0.50 4.18917e-02 5.91572e-05
157 -0.50 3.76241e-02 2.86055e-05
158 -0.50 3.66851e-02 2.81437e-05
159 -0.50 3.28796e-02 2.56014e-05
160 -0.50 3.73169e-02 3.57803e-05
161 -0.50 3.54354e-02 3.53168e-05
162 -0.50 3.47665e-02 2.52598e-05
163 -0.50 3.72578e-02 3.31751e-05
164 -0.50 4.31258e-02 3.27860e-05
165 -0.50 4.21325e-02 5.07155e-05
166 -0.50 4.00923e-02 4.33103e-05
167 -0.50 3.74987e-02 3.97133e-05
168 -0.50 3.60265e-02 2.42940e-05
169 -0.50 3.77249e-02 3.27030e-05
170 -0.50 4.06907e-02 4.98700e-05
171 -0.50 4.19861e-02 3.03988e-05
172 -0.50 3.55824e-02 4.08154e-05
173 -0.50 4.82091e-02 3.06336e-05
174 -0.50 4.14045e-02 2.86097e-05
175 -0.50 3.65612e-02 4.84988e-05
176 -0.50 3.98606e-02 4.06672e-05
177 -0.50 4.13104e-02 2.76565e-05
178 -0.50 4.11389e-02 4.96683e-05
179 -0.50 4.42194e-02 6.59348e-05
180 -0.50 3.91769e-02 5.73636e-05
181 -0.50 4.21048e-02 4.48215e-05
182 -0.50 3.86693e-02 5.59939e-05
183 -0.50 4.73665e-02 2.93612e-05
184 -0.50 4.22320e-02 4.09851e-05
185 -0.50 4.27418e-02 3.29800e-05
186 -0.50 3.93950e-02 4.86475e-05
187 -0.50 3.41241e-02 2.99204e-05
188 -0.50 3.93617e-02 3.78038e-05
189 -0.50 3.17171e-02 3.93856e-05
190 -0.50 4.05730e-02 4.75062e-05
191 -0.50 3.68422e-02 4.50567e-05
192 -0.50 3.65753e-02 4.10186e-05
193 -0.50 3.90683e-02 3.32685e-05
194 -0.50 3.59054e-02 4.04150e-05
195 -0.50 4.00837e-02 5.83561e-05
196 -0.50 4.18899e-02 6.21372e-05
197 -0.50 3.84865e-02 4.06086e-05
198 -0.50 4.23149e-02 6.72296e-05
199 -0.50 4.15312e-02 3.93846e-05
200 -0.50 3.56305e-02 3.34745e-05
201 -0.50 3.47448e-02 4.22905e-05
202 -0.50 3.69552e-02 3.94262e-05
203 -0.50 3.62623e-02 3.03740e-05
204 -0.50 4.13041e-02 2.88142e-05
205 -0.50 3.95980e-02 6.37958e-05
206 -0.50 3.92315e-02 4.30662e-05
207 -0.50 3.60978e-02 4.06184e-05
208 -0.50 3.51337e-02 2.47392e-05
209 -0.50 3.52044e-02 2.55565e-05
210 -0.50 3.82933e-02 3.01817e-05
211 -0.50 3.77633e-02 4.43990e-05
212 -0.50 4.07140e-02 5.75902e-05
213 -0.50 3.34459e-02 5.34386e-05
214 -0.50 3.50397e-02 2.28619e-05
215 -0.50 4.05401e-02 6.52285e-05
216 -0.50 3.83891e-02 3.57003e-05
217 -0.50 3.79407e-02 5.09589e-05
218 -0.50 4.16680e-02 3.53923e-05
219 -0.50 3.84071e-02 7.48274e-05
220 -0.50 3.58776e-02 2.90375e-05
221 -0.50 3.40610e-02 5.03550e-05
222 -0.50 3.78069e-02 2.74747e-05
223 -0.50 3.80178e-02 2.82389e-05
224 -0.50 3.26647e-02 5.06428e-05
225 -0.50 4.06636e-02 4.76174e-05
226 -0.50 3.66750e-02 4.21401e-05
227 -0.50 3.87330e-02 6.65162e-05
228 -0.50 3.55171e-02 3.42873e-05
229 -0.50 4.14058e-02 3.48921e-05
230 -0.50 3.67804e-02 3.17849e-05
231 -0.50 4.40238e-02 5.01882e-05
232 -0.50 3.62280e-02 3.54863e-05
233 -0.50 4.42037e-02 5.12999e-05
234 -0.50 3.91063e-02 5.07373e-05
235 -0.50 3.63955e-02 2.79916e-05
236 -0.50 4.00554e-02 2.94464e-05
237 -0.50 3.83768e-02 4.99709e-05
238 -0.50 3.89463e-02 4.55461e-05
239 -0.50 3.67931e-02 2.21694e-05
240 -0.50 3.90914e-02 5.58844e-05
241 -0.50 3.55879e-02 2.95542e-05
242 -0.50 3.84342e-02 5.06142e-05
243 -0.50 4.12074e-02 3.92863e-05
244 -0.50 3.46557e-02 7.61908e-05
245 -0.50 3.44228e-02 4.79026e-05
246 -0.50 3.83332e-02 4.92840e-05
247 -0.50 3.98515e-02 4.60025e-05
248 -0.50 4.19747e-02 4.49482e-05
249 -0.50 3.79137e-02 3.70021e-05
250 -0.50 3.70045e-02 4.18735e-05
251 -0.50 3.84757e-02 6.01526e-05
252 -0.50 3.94475e-02 4.49076e-05
253 -0.50 3.27770e-02 2.76583e-05
254 -0.50 3.74510e-02 2.95706e-05
255 -0.50 3.78657e-02 2.69412e-05
256 -0.50 3.90282e-02 2.77917e-05
257 -0.50 3.29288e-02 2.74340e-05
258 -0.50 3.33899e-02 2.48627e-05
259 -0.50 3.48080e-02 2.56322e-05
260 -0.50 3.75931e-02 4.67319e-05
261 -0.50 3.59934e-02 3.71174e-05
262 -0.50 3.34969e-02 3.53702e-05
263 -0.50 3.74756e-02 3.72658e-05
264 -0.50 3.96887e-02 5.36821e-05
265 -0.50 3.34613e-02 3.88673e-05
266 -0.50 3.86261e-02 3.56632e-05
267 -0.50 4.09163e-02 5.01094e-05
268 -0.50 3.70121e-02 4.48292e-05
269 -0.50 3.39888e-02 2.21783e-05
270 -0.50 3.56793e-02 3.99446e-05
271 -0.50 3.81535e-02 3.69547e-05
272 -0.50 3.48716e-02 2.84724e-05
273 -0.50 3.29568e-02 2.92042e-05
274 -0.50 3.82603e-02 4.55194e-05
275 -0.50 3.65506e-02 4.88765e-05
276 -0.50 3.58882e-02 3.62845e-05
277 -0.50 3.61192e-02 2.19681e-05
278 -0.50 3.66648e-02 5.26138e-05
279 -0.50 3.40986e-02 3.66126e-05
280 -0.50 3.65355e-02 4.02917e-05
281 -0.50 3.96297e-02 2.84311e-05
282 -0.50 3.46566e-02 3.37665e-05
283 -0.50 3.74753e-02 2.94503e-05
284 -0.50 4.16793e-02 4.19974e-05
285 -0.50 3.60239e-02 3.59746e-05
286 -0.50 3.83584e-02 4.80940e-05
287 -0.50 3.53763e-02 3.08620e-05
288 -0.50 3.90089e-02 2.97669e-05
289 -0.50 3.77194e-02 4.38422e-05
290 -0.50 3.28941e-02 4.41315e-05
291 -0.50 3.51215e-02 4.76557e-05
292 -0.50 3.47901e-02 4.02342e-05
293 -0.50 3.85542e-02 3.45164e-05
294 -0.50 3.59161e-02 3.27756e-05
295 -0.50 3.97934e-02 4.71551e-05
296 -0.50 3.86303e-02 4.03597e-05
297 -0.50 4.13317e-02 5.17961e-05
298 -0.50 3.59456e-02 5.41235e-05
299 -0.50 3.40626e-02 4.21751e-05
300 -0.50 3.79938e-02 3.07514e-05
301 -0.50 3.935176391590e-02 7.7450197e-06
302 -0.50 3.806565595969e-02 8.0703229e-06
303 -0.50 3.921293866533e-02 1.9671832e-05
304 -0.50 3.804235938115e-02 4.4013474e-06
305 -0.50 3.601886759344e-02 5.0189314e-06
306 -0.50 3.698462194777e-02 4.9014447e-06
307 -0.50 3.859367792887e-02 3.9247210e-06
308 -0.50 3.408004691484e-02 3.0055860e-06
309 -0.50 3.573784057915e-02 2.5769110e-06
310 -0.50 4.117269208427e-02 7.4591933e-06
311 -0.50 3.681738091820e-02 3.8430507e-06
312 -0.50 3.910643068040e-02 5.0641642e-06
313 -0.50 4.398233911156e-02 5.9602055e-06
314 -0.50 3.761009482216e-02 5.3959907e-06
315 -0.50 3.772797820304e-02 1.4347067e-05
316 -0.50 4.114517526977e-02 5.9058917e-06
317 -0.50 3.964321236776e-02 6.3493163e-06
318 -0.50 3.851124970287e-02 1.2628569e-05
319 -0.50 4.184497452636e-02 1.1406671e-05
320 -0.50 3.962579821045e-02 2.2116596e-05
321 -0.50 3.805514592042e-02 8.8131681e-06
322 -0.50 4.342831810975e-02 7.0058990e-06
323 -0.50 3.911221525714e-02 9.1125286e-06
324 -0.50 3.386842223910e-02 1.1556059e-05
325 -0.50 3.942906457682e-02 3.5235417e-06
326 -0.50 3.622034378807e-02 3.5475767e-06
327 -0.50 3.545014152343e-02 1.1877169e-05
328 -0.50 3.948052489706e-02 2.7280808e-06
329 -0.50 3.231216039407e-02 7.5767589e-06
330 -0.50 3.927381025170e-02 1.4165728e-05
331 -0.50 4.330884214608e-02 7.0055719e-06
332 -0.50 3.829960275350e-02 6.5658592e-06
333 -0.50 3.684281078051e-02 4.0073379e-06
334 -0.50 3.336011249904e-02 8.5924634e-06
335 -0.50 4.028017732944e-02 8.3842004e-06
336 -0.50 3.329852865979e-02 8.1210318e-06
337 -0.50 3.655430820224e-02 2.7513176e-06
338 -0.50 3.757636472792e-02 1.1368840e-05
339 -0.50 3.714991180077e-02 3.3595391e-06
340 -0.50 3.693457632637e-02 1.1747185e-05
341 -0.50 3.683175540956e-02 3.5615329e-06
342 -0.50 3.623036046055e-02 8.0425659e-06
343 -0.50 4.005113932898e-02 6.5833785e-06
344 -0.50 3.757243971069e-02 1.9720404e-05
345 -0.50 3.512656468480e-02 7.2286438e-06
346 -0.50 3.664000267563e-02 4.2912253e-06
347 -0.50 3.178522626658e-02 1.9210909e-06
348 -0.50 4.025404767681e-02 6.3367120e-06
349 -0.50 3.708960374537e-02 1.4011920e-05
350 -0.50 3.697025980269e-02 7.1562643e-06
351 -0.50 3.646828573466e-02 3.9449420e-06
352 -0.50 3.850178021306e-02 1.0773417e-05
353 -0.50 4.322086329914e-02 6.6060714e-06
354 -0.50 3.752465163926e-02 4.5838178e-06
355 -0.50 4.260691066392e-02 1.2940927e-05
356 -0.50 3.930222450437e-02 3.2419871e-06
357 -0.50 3.953252503602e-02 1.0434200e-05
358 -0.50 3.784093375730e-02 1.0287929e-05
359 -0.50 3.505603028436e-02 5.2866475e-06
360 -0.50 3.231855856172e-02 3.4083570e-06
361 -0.50 3.518107571363e-02 1.4260148e-05
362 -0.50 3.842183675893e-02 3.6639112e-06
363 -0.50 3.943295153911e-02 3.2069206e-06
364 -0.50 4.321606350162e-02 2.5570957e-06
365 -0.50 4.170609487073e-02 3.4858895e-06
366 -0.50 4.112291351932e-02 1.0743230e-05
367 -0.50 3.123887620818e-02 2.2440151e-06
368 -0.50 4.118360752720e-02 1.1472081e-05
369 -0.50 4.194661604829e-02 1.3948338e-05
370 -0.50 3.779888018397e-02 5.8266672e-06
371 -0.50 3.527625081106e-02 7.1028025e-06
372 -0.50 3.571648979527e-02 1.1608121e-05
373 -0.50 4.222141070760e-02 9.4806511e-06
374 -0.50 3.841883023624e-02 3.6573819e-06
375 -0.50 3.751891047976e-02 1.5715809e-05
376 -0.50 4.270904514242e-02 9.6949946e-06
377 -0.50 3.398413223856e-02 3.9908863e-06
378 -0.50 4.028442678430e-02 5.8495302e-06
379 -0.50 3.642490069909e-02 1.0774858e-05
380 -0.50 3.567380269894e-02 4.0728035e-06
381 -0.50 3.963926696554e-02 6.3372957e-06
382 -0.50 4.135766053264e-02 4.6688748e-06
383 -0.50 3.553475104120e-02 7.5447313e-06
384 -0.50 3.920389426580e-02 3.9754436e-06
385 -0.50 3.675688083752e-02 5.8349870e-06
386 -0.50 3.754186215202e-02 1.2472534e-05
387 -0.50 3.821393773841e-02 7.1540893e-06
388 -0.50 3.398132476190e-02 2.9650051e-06
389 -0.50 4.252131339106e-02 1.2103087e-05
390 -0.50 3.603463851917e-02 9.9917889e-06
391 -0.50 4.136086229260e-02 2.0792178e-05
392 -0.50 3.888886498924e-02 7.7343884e-06
393 -0.50 3.650101881205e-02 9.1860202e-06
394 -0.50 3.690531130272e-02 5.7008384e-06
395 -0.50 3.574587065117e-02 4.0435746e-06
396 -0.50 4.096948701022e-02 2.8856704e-06
397 -0.50 3.441575782565e-02 7.4303155e-06
398 -0.50 4.453255886273e-02 1.2911240e-05
399 -0.50 3.821306879139e-02 1.7362679e-05
400 -0.50 3.760612645383e-02 6.1493634e-06
401 -0.50 3.898092236775e-02 5.2952514e-06
402 -0.50 3.709506811812e-02 6.0824139e-06
403 -0.50 4.389674711588e-02 1.0304293e-05
404 -0.50 3.703956498527e-02 6.0965113e-06
405 -0.50 4.067054826660e-02 6.1424920e-06
406 -0.50 3.866742243005e-02 8.5016940e-06
407 -0.50 4.231122763761e-02 4.4925607e-06
408 -0.50 4.520775466028e-02 1.8009564e-05
409 -0.50 3.651623097592e-02 9.3797646e-06
410 -0.50 3.629182918931e-02 5.9008558e-06
411 -0.50 3.526734431481e-02 3.2689820e-06
412 -0.50 3.744154742211e-02 6.5038127e-06
413 -0.50 3.661083909083e-02 1.0230866e-05
414 -0.50 3.748625098666e-02 1.0484155e-05
415 -0.50 4.316937170324e-02 2.8483695e-06
416 -0.50 3.838440620268e-02 9.0407431e-06
417 -0.50 3.785171799866e-02 2.7234295e-06
418 -0.50 3.973741337945e-02 4.1922430e-06
419 -0.50 3.754455667434e-02 8.9835524e-06
420 -0.50 3.852567553930e-02 4.4156090e-06
421 -0.50 3.970833315702e-02 5.2655280e-06
422 -0.50 3.967223988857e-02 6.4078374e-06
423 -0.50 4.385276168062e-02 6.7328501e-06
424 -0.50 3.517982601486e-02 9.9903228e-06
425 -0.50 3.533862509697e-02 1.0601704e-05
426 -0.50 3.958941977302e-02 1.3766769e-05
427 -0.50 4.188330949017e-02 1.2855664e-05
428 -0.50 3.580143544911e-02 6.6992597e-06
429 -0.50 4.390076553223e-02 7.4718753e-06
430 -0.50 4.128025817825e-02 6.2438492e-06
431 -0.50 3.880671476315e-02 7.1704686e-06
432 -0.50 3.726234188285e-02 8.5154740e-06
433 -0.50 3.874596442417e-02 5.3413697e-06
434 -0.50 3.433997335498e-02 3.0442329e-06
435 -0.50 4.395588820420e-02 9.3746633e-06
436 -0.50 3.698646927171e-02 1.6104699e-05
437 -0.50 3.930225914457e-02 7.4192781e-06
438 -0.50 3.650648732797e-02 1.7643325e-05
439 -0.50 3.222604997616e-02 5.6362921e-06
440 -0.50 3.549260515622e-02 6.2807820e-06
441 -0.50 3.845144110172e-02 6.5994683e-06
442 -0.50 4.350792188129e-02 7.3278146e-06
443 -0.50 3.203788580707e-02 5.4095993e-06
444 -0.50 3.658472147430e-02 1.7165637e-06
445 -0.50 3.912838466301e-02 1.2520705e-05
446 -0.50 3.753288361327e-02 8.7296274e-06
447 -0.50 3.658584953448e-02 1.4790624e-05
448 -0.50 3.656772781570e-02 8.0397932e-06
449 -0.50 3.341542082206e-02 1.3885872e-05
450 -0.50 3.746303411008e-02 2.1866687e-06
451 -0.50 4.166007513186e-02 1.4692481e-05
452 -0.50 3.901412016735e-02 1.1308708e-05
453 -0.50 3.572437776566e-02 5.8419040e-06
454 -0.50 4.390243330174e-02 1.5487592e-05
455 -0.50 3.302941941694e-02 5.1838579e-06
456 -0.50 3.930799917160e-02 8.8841602e-06
457 -0.50 3.866466921214e-02 1.3156719e-05
458 -0.50 3.603858795092e-02 8.7492537e-06
459 -0.50 3.586434533473e-02 1.0455407e-05
460 -0.50 3.843732515505e-02 4.7584450e-06
461 -0.50 3.818816690757e-02 8.1124672e-06
462 -0.50 3.583656584508e-02 1.2089595e-05
463 -0.50 3.425545005956e-02 8.0507471e-06
464 -0.50 4.285347736179e-02 1.5555470e-05
465 -0.50 3.583047228755e-02 9.1319955e-06
466 -0.50 3.400594699368e-02 5.1437049e-06
467 -0.50 3.717860688755e-02 4.5016629e-06
468 -0.50 4.694166557770e-02 2.0960956e-05
469 -0.50 3.694989376703e-02 1.0245857e-05
470 -0.50 3.486160057423e-02 5.3023396e-06
471 -0.50 3.766612548217e-02 1.1166367e-05
472 -0.50 3.729846632059e-02 1.1304800e-05
473 -0.50 3.770269984305e-02 9.8061527e-06
474 -0.50 3.583970121510e-02 6.0221444e-06
475 -0.50 3.679800196441e-02 6.5761272e-06
476 -0.50 3.849643091362e-02 1.1800552e-05
477 -0.50 4.286879495242e-02 1.2612467e-05
478 -0.50 3.842758712142e-02 8.6459577e-06
479 -0.50 3.727709394422e-02 6.8325176e-06
480 -0.50 3.406474856031e-02 6.8732326e-06
481 -0.50 3.809476569167e-02 6.3562630e-06
482 -0.50 4.221349282276e-02 1.9294742e-05
483 -0.50 3.574777619598e-02 1.2687247e-06
484 -0.50 3.307602267457e-02 5.3703033e-06
485 -0.50 3.485088294428e-02 6.1559953e-06
486 -0.50 4.196979189808e-02 4.0167845e-06
487 -0.50 3.870208916272e-02 9.2098511e-06
488 -0.50 3.339439291213e-02 1.2584887e-05
489 -0.50 3.865496638240e-02 2.8899460e-06
490 -0.50 3.282295313909e-02 9.0802809e-06
491 -0.50 4.055009077623e-02 6.5311005e-06
492 -0.50 3.489892658739e-02 1.2795749e-05
493 -0.50 3.542487396837e-02 6.8860897e-06
494 -0.50 3.818087633682e-02 1.8660697e-05
495 -0.50 3.733637935412e-02 4.1509303e-06
496 -0.50 3.652949417834e-02 3.1687327e-06
497 -0.50 4.042867974295e-02 5.6140293e-06
498 -0.50 3.423049969994e-02 5.3646207e-06
499 -0.50 3.918520262676e-02 1.8626973e-05
500 -0.50 3.577482727510e-02 5.7850201e-06
1 -0.25 4.13117e-02 6.25251e-05
2 -0.25 3.61018e-02 3.50094e-05
3 -0.25 3.30567e-02 3.33522e-05
4 -0.25 3.69658e-02 3.59596e-05
5 -0.25 4.54660e-02 8.04494e-05
6 -0.25 3.41128e-02 5.51707e-05
7 -0.25 3.59477e-02 3.85403e-05
8 -0.25 3.47703e-02 4.08535e-05
9 -0.25 3.62889e-02 4.39857e-05
10 -0.25 3.53017e-02 2.79808e-05
11 -0.25 3.78995e-02 5.27557e-05
12 -0.25 3.96565e-02 3.65652e-05
13 -0.25 4.23856e-02 5.01586e-05
14 -0.25 3.25224e-02 4.66601e-05
15 -0.25 3.87334e-02 5.40631e-05
16 -0.25 3.45761e-02 3.16120e-05
17 -0.25 4.14321e-02 4.94764e-05
18 -0.25 4.16624e-02 5.58497e-05
19 -0.25 3.36887e-02 3.77194e-05
20 -0.25 4.64902e-02 5.69873e-05
21 -0.25 3.37579e-02 4.01005e-05
22 -0.25 3.58920e-02 2.71438e-05
23 -0.25 3.82436e-02 3.56097e-05
24 -0.25 3.48696e-02 4.57710e-05
25 -0.25 3.30872e-02 2.77322e-05
26 -0.25 3.85940e-02 3.02474e-05
27 -0.25 3.70120e-02 4.87447e-05
28 -0.25 3.71543e-02 3.12114e-05
29 -0.25 3.87550e-02 3.40329e-05
30 -0.25 3.34947e-02 3.74064e-05
31 -0.25 3.64403e-02 2.95296e-05
32 -0.25 3.56872e-02 2.90964e-05
33 -0.25 4.26764e-02 6.04189e-05
34 -0.25 3.34847e-02 2.97071e-05
35 -0.25 3.36265e-02 4.00572e-05
36 -0.25 3.15305e-02 4.92879e-05
37 -0.25 3.05061e-02 3.77091e-05
38 -0.25 4.08272e-02 4.72516e-05
39 -0.25 3.52521e-02 3.69842e-05
40 -0.25 3.56611e-02 3.52488e-05
41 -0.25 3.31980e-02 4.06899e-05
42 -0.25 3.80902e-02 4.81097e-05
43 -0.25 3.96324e-02 6.53966e-05
44 -0.25 3.26645e-02 2.53867e-05
45 -0.25 3.45611e-02 2.67796e-05
46 -0.25 3.36755e-02 3.21189e-05
47 -0.25 3.14633e-02 3.11918e-05
48 -0.25 3.85161e-02 3.05565e-05
49 -0.25 4.16804e-02 3.55114e-05
50 -0.25 3.63566e-02 3.44074e-05
51 -0.25 4.01647e-02 4.22868e-05
52 -0.25 3.40991e-02 4.49392e-05
53 -0.25 3.51944e-02 2.71682e-05
54 -0.25 3.31119e-02 3.08978e-05
55 -0.25 3.40264e-02 4.31606e-05
56 -0.25 3.79891e-02 4.24005e-05
57 -0.25 3.63563e-02 5.20766e-05
58 -0.25 3.59858e-02 2.72679e-05
59 -0.25 3.63951e-02 3.25569e-05
60 -0.25 4.22171e-02 5.33087e-05
61 -0.25 4.03469e-02 4.20709e-05
62 -0.25 3.57845e-02 3.92087e-05
63 -0.25 3.96916e-02 4.16502e-05
64 -0.25 3.97347e-02 3.97830e-05
65 -0.25 3.63707e-02 4.10763e-05
66 -0.25 3.71238e-02 3.21021e-05
67 -0.25 3.93198e-02 5.59795e-05
68 -0.25 3.41025e-02 4.21661e-05
69 -0.25 4.02844e-02 5.53946e-05
70 -0.25 3.71260e-02 3.34832e-05
71 -0.25 3.88570e-02 5.51676e-05
72 -0.25 3.51984e-02 2.53423e-05
73 -0.25 3.66576e-02 6.16567e-05
74 -0.25 4.15782e-02 6.70639e-05
75 -0.25 3.90744e-02 5.31686e-05
76 -0.25 3.95878e-02 5.69905e-05
77 -0.25 3.62805e-02 3.07226e-05
78 -0.25 3.41600e-02 2.49037e-05
79 -0.25 3.52332e-02 4.38065e-05
80 -0.25 4.24445e-02 4.04180e-05
81 -0.25 4.25965e-02 4.45593e-05
82 -0.25 3.81307e-02 4.39768e-05
83 -0.25 3.30596e-02 2.67344e-05
84 -0.25 3.67245e-02 3.47996e-05
85 -0.25 3.58040e-02 4.81934e-05
86 -0.25 4.60900e-02 5.33304e-05
87 -0.25 3.72613e-02 3.12675e-05
88 -0.25 3.33654e-02 3.37667e-05
89 -0.25 4.13196e-02 3.64284e-05
90 -0.25 3.91162e-02 4.82282e-05
91 -0.25 3.61880e-02 4.79998e-05
92 -0.25 3.86923e-02 5.17957e-05
93 -0.25 3.83573e-02 4.94651e-05
94 -0.25 3.83397e-02 5.46650e-05
95 -0.25 3.34646e-02 2.71656e-05
96 -0.25 3.79041e-02 5.46341e-05
97 -0.25 3.81942e-02 4.36127e-05
98 -0.25 4.02977e-02 3.14470e-05
99 -0.25 3.90449e-02 5.15312e-05
100 -0.25 3.66184e-02 3.85648e-05
101 -0.25 3.48751e-02 3.82087e-05
102 -0.25 3.49704e-02 3.67760e-05
103 -0.25 3.55019e-02 3.40334e-05
104 -0.25 3.57676e-02 3.45247e-05
105 -0.25 3.74207e-02 5.35108e-05
106 -0.25 4.82792e-02 7.89385e-05
107 -0.25 3.35999e-02 3.77069e-05
108 -0.25 4.00014e-02 4.31878e-05
109 -0.25 3.81611e-02 4.97943e-05
110 -0.25 3.75999e-02 6.30311e-05
111 -0.25 3.66933e-02 4.29964e-05
112 -0.25 3.57550e-02 4.92242e-05
113 -0.25 4.11369e-02 5.47407e-05
114 -0.25 3.77200e-02 4.22598e-05
115 -0.25 3.26383e-02 3.16524e-05
116 -0.25 3.43837e-02 5.48485e-05
117 -0.25 4.32319e-02 4.33192e-05
118 -0.25 4.06003e-02 8.25813e-05
119 -0.25 3.33479e-02 5.45464e-05
120 -0.25 4.19810e-02 3.37022e-05
121 -0.25 4.33599e-02 5.36542e-05
122 -0.25 4.39306e-02 4.53546e-05
123 -0.25 3.09736e-02 4.66920e-05
124 -0.25 3.98236e-02 3.53561e-05
125 -0.25 3.73930e-02 4.02228e-05
126 -0.25 4.13480e-02 5.47056e-05
127 -0.25 3.66434e-02 4.31743e-05
128 -0.25 3.99068e-02 4.79325e-05
129 -0.25 3.47647e-02 3.18552e-05
130 -0.25 3.65114e-02 5.38497e-05
131 -0.25 3.58206e-02 3.46423e-05
132 -0.25 3.90047e-02 4.36312e-05
133 -0.25 3.75282e-02 5.21144e-05
134 -0.25 4.12020e-02 6.27243e-05
135 -0.25 3.50851e-02 3.31590e-05
136 -0.25 3.48204e-02 4.69765e-05
137 -0.25 3.80014e-02 7.20568e-05
138 -0.25 3.83608e-02 3.05302e-05
139 -0.25 3.39345e-02 2.92466e-05
140 -0.25 3.70633e-02 1.91268e-05
141 -0.25 3.17845e-02 3.10668e-05
142 -0.25 3.68947e-02 3.61754e-05
143 -0.25 3.85520e-02 5.30462e-05
144 -0.25 3.75191e-02 5.29576e-05
145 -0.25 3.67785e-02 4.23986e-05
146 -0.25 4.20664e-02 5.25075e-05
147 -0.25 4.20609e-02 3.25397e-05
148 -0.25 3.70275e-02 4.22583e-05
149 -0.25 4.01286e-02 4.75980e-05
150 -0.25 3.56402e-02 2.96627e-05
151 -0.25 3.52287e-02 4.39512e-05
152 -0.25 4.23139e-02 3.77762e-05
153 -0.25 3.91497e-02 4.67118e-05
154 -0.25 3.65703e-02 3.16620e-05
155 -0.25 4.06060e-02 8.27603e-05
156 -0.25 4.26193e-02 4.15159e-05
157 -0.25 3.53890e-02 3.37513e-05
158 -0.25 3.79264e-02 3.93293e-05
159 -0.25 3.35194e-02 4.77316e-05
160 -0.25 3.64833e-02 4.80408e-05
161 -0.25 3.61398e-02 4.18926e-05
162 -0.25 3.57495e-02 6.17711e-05
163 -0.25 3.70098e-02 4.29164e-05
164 -0.25 4.11565e-02 5.32214e-05
165 -0.25 4.00218e-02 2.90488e-05
166 -0.25 4.11155e-02 5.67348e-05
167 -0.25 3.67812e-02 4.45471e-05
168 -0.25 3.69672e-02 3.06031e-05
169 -0.25 3.68551e-02 4.26270e-05
170 -0.25 3.92604e-02 5.78769e-05
171 -0.25 4.17377e-02 2.76162e-05
172 -0.25 3.60292e-02 3.78539e-05
173 -0.25 4.71013e-02 4.15644e-05
174 -0.25 3.99916e-02 4.80037e-05
175 -0.25 3.78395e-02 4.21401e-05
176 -0.25 3.91292e-02 3.53381e-05
177 -0.25 4.05885e-02 3.70278e-05
178 -0.25 3.82614e-02 4.97640e-05
179 -0.25 4.35837e-02 6.12639e-05
180 -0.25 3.81962e-02 5.31722e-05
181 -0.25 4.01209e-02 5.19186e-05
182 -0.25 3.68500e-02 4.73362e-05
183 -0.25 4.49762e-02 3.89195e-05
184 -0.25 4.15123e-02 5.14618e-05
185 -0.25 4.29939e-02 3.95793e-05
186 -0.25 3.84962e-02 3.93800e-05
187 -0.25 3.37617e-02 3.26337e-05
188 -0.25 4.10278e-02 6.52712e-05
189 -0.25 3.10220e-02 5.12174e-05
190 -0.25 3.88922e-02 4.86453e-05
191 -0.25 3.47762e-02 3.34014e-05
192 -0.25 3.56826e-02 4.58582e-05
193 -0.25 3.76752e-02 3.78237e-05
194 -0.25 3.46134e-02 3.82451e-05
195 -0.25 3.96382e-02 5.30881e-05
196 -0.25 4.00930e-02 8.82807e-05
197 -0.25 3.68961e-02 3.50216e-05
198 -0.25 4.15783e-02 6.21416e-05
199 -0.25 4.00352e-02 4.19972e-05
200 -0.25 3.53488e-02 4.07496e-05
201 -0.25 3.45170e-02 4.48357e-05
202 -0.25 3.50194e-02 3.84333e-05
203 -0.25 3.65524e-02 4.03481e-05
204 -0.25 4.12430e-02 4.98355e-05
205 -0.25 3.52104e-02 2.21548e-05
206 -0.25 3.77031e-02 4.64978e-05
207 -0.25 3.48088e-02 4.73931e-05
208 -0.25 3.59906e-02 3.70149e-05
209 -0.25 3.49116e-02 3.54591e-05
210 -0.25 3.69247e-02 2.54893e-05
211 -0.25 3.80934e-02 6.79976e-05
212 -0.25 3.94733e-02 6.85655e-05
213 -0.25 3.30787e-02 5.03217e-05
214 -0.25 3.52930e-02 3.64303e-05
215 -0.25 4.01163e-02 4.62516e-05
216 -0.25 3.55623e-02 4.11535e-05
217 -0.25 3.41962e-02 4.42291e-05
218 -0.25 4.15302e-02 3.70751e-05
219 -0.25 3.58502e-02 4.14313e-05
220 -0.25 3.75273e-02 5.65594e-05
221 -0.25 3.34476e-02 7.24680e-05
222 -0.25 3.72489e-02 6.07308e-05
223 -0.25 3.87731e-02 6.98025e-05
224 -0.25 3.40259e-02 3.34040e-05
225 -0.25 4.07389e-02 3.40891e-05
226 -0.25 3.59805e-02 2.61927e-05
227 -0.25 3.76166e-02 5.77438e-05
228 -0.25 3.39662e-02 2.15489e-05
229 -0.25 3.91713e-02 4.41330e-05
230 -0.25 3.72749e-02 4.81855e-05
231 -0.25 4.48929e-02 3.96493e-05
232 -0.25 3.54011e-02 2.62287e-05
233 -0.25 4.25199e-02 5.99701e-05
234 -0.25 3.50505e-02 3.71161e-05
235 -0.25 3.61978e-02 8.53467e-05
236 -0.25 3.93863e-02 3.78531e-05
237 -0.25 3.75479e-02 2.64032e-05
238 -0.25 3.86741e-02 6.12686e-05
239 -0.25 3.62000e-02 4.18314e-05
240 -0.25 3.81235e-02 2.58465e-05
241 -0.25 3.47710e-02 3.01486e-05
242 -0.25 3.94915e-02 4.19896e-05
243 -0.25 4.00855e-02 3.32203e-05
244 -0.25 3.45963e-02 3.84205e-05
245 -0.25 3.48082e-02 4.03385e-05
246 -0.25 3.70573e-02 3.84956e-05
247 -0.25 3.96961e-02 3.53823e-05
248 -0.25 4.01380e-02 4.85017e-05
249 -0.25 3.67006e-02 6.19138e-05
250 -0.25 3.51202e-02 4.25876e-05
251 -0.25 3.78130e-02 3.22538e-05
252 -0.25 4.15675e-02 6.30265e-05
253 -0.25 3.04204e-02 2.81245e-05
254 -0.25 3.85535e-02 7.66958e-05
255 -0.25 3.85381e-02 6.75017e-05
256 -0.25 3.65544e-02 3.14788e-05
257 -0.25 3.50185e-02 4.20455e-05
258 -0.25 3.24456e-02 2.87513e-05
259 -0.25 3.45082e-02 2.76711e-05
260 -0.25 3.63661e-02 3.12348e-05
261 -0.25 3.76582e-02 8.64889e-05
262 -0.25 3.27773e-02 2.48843e-05
263 -0.25 3.70966e-02 3.66458e-05
264 -0.25 3.86206e-02 4.16211e-05
265 -0.25 3.09967e-02 2.37387e-05
266 -0.25 3.87868e-02 3.23698e-05
267 -0.25 3.95925e-02 5.84793e-05
268 -0.25 3.64726e-02 5.68863e-05
269 -0.25 3.47593e-02 1.47291e-05
270 -0.25 3.79853e-02 5.30596e-05
271 -0.25 3.85655e-02 3.02456e-05
272 -0.25 3.33459e-02 4.00815e-05
273 -0.25 3.29477e-02 3.76143e-05
274 -0.25 3.47190e-02 4.25516e-05
275 -0.25 3.73871e-02 3.38470e-05
276 -0.25 3.43607e-02 2.99998e-05
277 -0.25 3.67482e-02 4.08511e-05
278 -0.25 3.65782e-02 4.54448e-05
279 -0.25 3.29151e-02 3.75709e-05
280 -0.25 3.68573e-02 4.17055e-05
281 -0.25 3.87822e-02 3.54812e-05
282 -0.25 3.44461e-02 3.42143e-05
283 -0.25 3.89565e-02 3.83137e-05
284 -0.25 4.08312e-02 4.93090e-05
285 -0.25 3.65388e-02 4.29514e-05
286 -0.25 3.77110e-02 5.91502e-05
287 -0.25 3.67971e-02 3.86985e-05
288 -0.25 3.96907e-02 2.75099e-05
289 -0.25 3.81051e-02 4.88502e-05
290 -0.25 3.17791e-02 1.78630e-05
291 -0.25 3.39002e-02 4.37063e-05
292 -0.25 3.52421e-02 3.31107e-05
293 -0.25 3.83695e-02 2.66433e-05
294 -0.25 3.65277e-02 3.78648e-05
295 -0.25 4.04959e-02 7.70660e-05
296 -0.25 3.72667e-02 4.16622e-05
297 -0.25 3.98768e-02 4.70304e-05
298 -0.25 3.66365e-02 2.81829e-05
299 -0.25 3.22993e-02 2.82201e-05
300 -0.25 4.12834e-02 5.88053e-05
301 -0.25 3.838032514856e-02 5.5335849e-06
302 -0.25 3.771113064918e-02 5.6388139e-06
303 -0.25 3.677537580477e-02 6.1815147e-06
304 -0.25 3.823969749469e-02 1.6752249e-05
305 -0.25 3.578282764498e-02 2.8036243e-06
306 -0.25 3.562638614977e-02 5.9435142e-06
307 -0.25 3.855612667949e-02 3.1016408e-05
308 -0.25 3.586302659081e-02 7.1227807e-06
309 -0.25 3.443955952121e-02 4.1392914e-06
310 -0.25 3.919501569108e-02 1.8753202e-06
311 -0.25 3.659168887405e-02 9.4950196e-06
312 -0.25 3.978345492861e-02 1.8723378e-05
313 -0.25 4.353153937730e-02 1.3664506e-05
314 -0.25 3.885095389448e-02 1.8594582e-05
315 -0.25 3.507983953620e-02 4.9595485e-06
316 -0.25 4.109256504257e-02 8.2187762e-06
317 -0.25 3.904008805617e-02 1.3155965e-05
318 -0.25 3.674126792123e-02 1.2458492e-05
319 -0.25 4.087982998724e-02 3.8503181e-06
320 -0.25 4.020043861859e-02 1.6745667e-05
321 -0.25 3.508164393383e-02 7.8509022e-06
322 -0.25 4.425723067220e-02 1.0095414e-05
323 -0.25 3.543666245683e-02 4.5170326e-06
324 -0.25 3.248994264352e-02 5.8857941e-06
325 -0.25 3.994714563136e-02 2.8074545e-06
326 -0.25 3.456337906059e-02 1.7404101e-05
327 -0.25 3.523767473443e-02 1.4490015e-05
328 -0.25 3.867770763570e-02 6.5675495e-06
329 -0.25 3.229124852673e-02 5.2023577e-06
330 -0.25 3.775116640346e-02 1.2107040e-05
331 -0.25 4.187924569160e-02 1.0175114e-05
332 -0.25 3.830540932048e-02 1.0780341e-05
333 -0.25 3.707739834009e-02 8.2497008e-06
334 -0.25 3.357736513687e-02 1.0159781e-05
335 -0.25 4.064788323327e-02 1.7180256e-05
336 -0.25 3.297043373115e-02 1.2013843e-05
337 -0.25 3.453865973918e-02 2.5043089e-06
338 -0.25 3.907101350267e-02 2.1264512e-05
339 -0.25 3.554665573753e-02 9.3180770e-06
340 -0.25 3.672289166604e-02 1.2750696e-05
341 -0.25 3.710601273450e-02 7.4526512e-06
342 -0.25 3.971995632497e-02 1.0246004e-05
343 -0.25 3.777141746389e-02 4.7403103e-06
344 -0.25 3.745246331259e-02 9.0541380e-06
345 -0.25 3.336844750505e-02 9.6892744e-06
346 -0.25 3.640883046313e-02 2.9129922e-06
347 -0.25 3.350104714434e-02 1.0265606e-05
348 -0.25 3.948823420597e-02 8.9502069e-06
349 -0.25 3.746767328604e-02 4.9415373e-06
350 -0.25 3.561309507597e-02 1.1286051e-05
351 -0.25 3.831878033962e-02 1.0071912e-05
352 -0.25 3.725000988570e-02 4.4075833e-06
353 -0.25 4.076285712470e-02 1.4330880e-05
354 -0.25 3.790658843757e-02 8.1049770e-06
355 -0.25 3.971397303027e-02 1.4260861e-05
356 -0.25 3.891236611489e-02 1.2139856e-05
357 -0.25 3.836118609818e-02 1.4021468e-05
358 -0.25 3.839272558438e-02 8.0126621e-06
359 -0.25 3.340129482965e-02 1.0061435e-05
360 -0.25 3.332138586349e-02 1.0139773e-05
361 -0.25 3.531090999561e-02 2.5971075e-06
362 -0.25 3.748943357031e-02 9.3190060e-06
363 -0.25 3.733390674766e-02 6.6248915e-06
364 -0.25 4.141295352969e-02 1.5224669e-05
365 -0.25 4.080753748281e-02 1.9328451e-05
366 -0.25 4.175595503038e-02 1.0183849e-05
367 -0.25 3.177235282688e-02 8.6302750e-06
368 -0.25 3.979847504626e-02 1.1167197e-05
369 -0.25 4.035419838563e-02 1.3703319e-05
370 -0.25 3.570342593380e-02 4.1347666e-06
371 -0.25 3.480011252384e-02 9.3507985e-06
372 -0.25 3.469749144784e-02 6.3229852e-06
373 -0.25 4.034750228363e-02 1.2052034e-05
374 -0.25 3.994903409598e-02 5.1110293e-06
375 -0.25 3.805701400908e-02 6.0000267e-06
376 -0.25 4.159427921106e-02 1.1769514e-05
377 -0.25 3.531146007098e-02 6.0297552e-06
378 -0.25 3.815513698229e-02 1.2027701e-05
379 -0.25 3.444071407400e-02 7.4129705e-06
380 -0.25 3.486124389037e-02 9.7702161e-06
381 -0.25 3.804690826996e-02 1.3260720e-05
382 -0.25 4.241188789655e-02 6.8075160e-06
383 -0.25 3.564996309695e-02 5.9780722e-06
384 -0.25 4.029904575227e-02 7.7320128e-06
385 -0.25 3.313622720051e-02 4.4082665e-06
386 -0.25 3.824495750834e-02 1.5795645e-05
387 -0.25 3.750054642588e-02 1.0782141e-05
388 -0.25 3.200159623976e-02 7.9758944e-06
389 -0.25 4.087378952607e-02 7.2838664e-06
390 -0.25 3.649985979061e-02 9.7498416e-06
391 -0.25 4.067766250631e-02 1.1941564e-05
392 -0.25 3.784458397325e-02 3.0233551e-06
393 -0.25 3.561203254069e-02 3.3812755e-06
394 -0.25 3.969776285887e-02 5.6124093e-06
395 -0.25 3.462728331959e-02 1.0943624e-05
396 -0.25 3.849632993704e-02 1.0727402e-05
397 -0.25 3.212839951754e-02 3.8087457e-06
398 -0.25 4.239277045905e-02 8.0095619e-06
399 -0.25 3.737176378885e-02 7.8335413e-06
400 -0.25 3.490122045061e-02 5.0006536e-06
401 -0.25 3.778519605326e-02 1.5696564e-05
402 -0.25 3.702065167738e-02 1.2305974e-05
403 -0.25 4.255907727198e-02 4.4017921e-06
404 -0.25 3.792946047063e-02 5.0616572e-06
405 -0.25 3.839146973743e-02 2.3812532e-05
406 -0.25 3.851225952447e-02 1.0222142e-05
407 -0.25 4.071011758497e-02 6.6666940e-06
408 -0.25 4.579441952073e-02 2.0260765e-05
409 -0.25 3.597012138619e-02 7.4195378e-06
410 -0.25 3.442612045892e-02 6.2494469e-06
411 -0.25 3.392973533137e-02 4.5840923e-06
412 -0.25 3.690045891477e-02 7.6590118e-06
413 -0.25 3.679062251361e-02 8.4490218e-06
414 -0.25 3.672045454507e-02 9.2642352e-06
415 -0.25 4.176509961984e-02 7.2882903e-06
416 -0.25 3.701444023877e-02 4.2840074e-06
417 -0.25 3.688544305661e-02 6.3591257e-06
418 -0.25 3.844175892127e-02 9.9005168e-06
419 -0.25 3.689469000390e-02 2.3852215e-06
420 -0.25 3.646756599618e-02 6.9472141e-06
421 -0.25 3.995255184864e-02 5.6598198e-06
422 -0.25 3.829018319158e-02 8.1703173e-06
423 -0.25 4.205329920755e-02 4.5578847e-06
424 -0.25 3.550865724161e-02 5.3288087e-06
425 -0.25 3.758002850760e-02 5.5346383e-06
426 -0.25 3.770666575122e-02 8.2573069e-06
427 -0.25 4.068745232201e-02 6.0922863e-06
428 -0.25 3.391827543631e-02 7.7238565e-06
429 -0.25 4.351847627135e-02 5.3174693e-06
430 -0.25 4.234443703776e-02 6.3991834e-06
431 -0.25 3.827449849521e-02 2.8801839e-06
432 -0.25 3.497039152200e-02 8.2724830e-06
433 -0.25 3.705769706049e-02 7.5583729e-06
434 -0.25 3.419333731351e-02 5.3952785e-06
435 -0.25 4.305784484439e-02 9.3094046e-06
436 -0.25 3.672325943474e-02 9.4770936e-06
437 -0.25 3.878707207698e-02 7.0527631e-06
438 -0.25 3.891576637221e-02 1.0200516e-05
439 -0.25 3.400975667844e-02 7.3732607e-06
440 -0.25 3.487569989361e-02 1.3359187e-06
441 -0.25 3.730224230290e-02 2.7200839e-06
442 -0.25 4.200959198052e-02 5.2959567e-06
443 -0.25 3.328091762783e-02 4.3524745e-06
444 -0.25 3.575121072215e-02 3.1448963e-06
445 -0.25 3.891786839458e-02 7.8949721e-06
446 -0.25 3.833576621565e-02 7.2764069e-06
447 -0.25 3.534817828255e-02 7.4662724e-06
448 -0.25 3.555281272235e-02 9.1031090e-06
449 -0.25 3.340225433175e-02 4.5041051e-06
450 -0.25 3.963627695361e-02 5.3352644e-06
451 -0.25 4.009999877811e-02 1.5225268e-05
452 -0.25 4.013769569683e-02 8.6497192e-06
453 -0.25 3.621568379321e-02 1.8747181e-05
454 -0.25 4.147152757876e-02 1.0975242e-05
455 -0.25 3.235714146852e-02 9.2625472e-06
456 -0.25 3.797667580441e-02 9.1940197e-07
457 -0.25 3.644039392544e-02 1.6173363e-05
458 -0.25 3.773456499268e-02 8.4887169e-06
459 -0.25 3.548359230079e-02 6.3254659e-06
460 -0.25 3.913776821805e-02 6.6072651e-06
461 -0.25 3.689329296547e-02 2.7611681e-06
462 -0.25 3.761534538123e-02 5.7250513e-06
463 -0.25 3.431320540705e-02 8.5963440e-06
464 -0.25 4.184067398893e-02 1.2717236e-05
465 -0.25 3.408640245924e-02 5.5380090e-06
466 -0.25 3.202561114898e-02 7.3135121e-06
467 -0.25 3.499284134647e-02 1.5555523e-05
468 -0.25 4.411275420867e-02 1.2255228e-05
469 -0.25 3.841049305974e-02 8.3609658e-06
470 -0.25 3.402468266965e-02 5.4440227e-06
471 -0.25 3.528460033860e-02 3.4009975e-06
472 -0.25 3.598849797087e-02 6.1983357e-06
473 -0.25 3.706268915769e-02 7.1632416e-06
474 -0.25 3.303373037802e-02 6.5439879e-06
475 -0.25 3.577520325826e-02 6.0782997e-06
476 -0.25 3.834417560708e-02 1.5350796e-05
477 -0.25 4.125285846234e-02 2.4139516e-06
478 -0.25 3.827040649393e-02 1.9683376e-06
479 -0.25 3.556509543504e-02 3.8992067e-06
480 -0.25 3.361577739952e-02 7.5822533e-06
481 -0.25 3.723072730834e-02 7.6308055e-06
482 -0.25 3.934260331623e-02 1.0238095e-05
483 -0.25 3.540319963226e-02 9.7552860e-06
484 -0.25 3.336485051218e-02 1.0094217e-05
485 -0.25 3.394691572702e-02 6.7908463e-06
486 -0.25 3.959761453027e-02 9.3198101e-06
487 -0.25 3.678365396358e-02 7.0528787e-06
488 -0.25 3.281690340947e-02 2.9526645e-06
489 -0.25 3.620963725581e-02 1.0277144e-05
490 -0.25 3.330485964569e-02 2.9342783e-06
491 -0.25 4.044810404386e-02 3.0366377e-06
492 -0.25 3.328395164846e-02 4.6881535e-06
493 -0.25 3.409724811031e-02 8.6901608e-06
494 -0.25 3.563198441594e-02 8.4010621e-06
495 -0.25 3.878312543309e-02 5.5815816e-06
496 -0.25 3.541250340035e-02 1.0116147e-05
497 -0.25 3.822047805448e-02 5.3823732e-06
498 -0.25 3.138367637217e-02 1.3052046e-05
499 -0.25 3.867991494837e-02 5.7882534e-06
500 -0.25 3.728529405027e-02 5.1322544e-06
1 0.00 3.84685e-02 4.55371e-05
2 0.00 3.54769e-02 3.44538e-05
3 0.00 3.26164e-02 1.99438e-05
4 0.00 3.83891e-02 4.42847e-05
5 0.00 4.20770e-02 6.01456e-05
6 0.00 3.41490e-02 5.36884e-05
7 0.00 3.69209e-02 7.62741e-05
8 0.00 3.35738e-02 3.56900e-05
9 0.00 3.43409e-02 4.11647e-05
10 0.00 3.56747e-02 4.49420e-05
11 0.00 3.63817e-02 4.45591e-05
12 0.00 3.96257e-02 6.89547e-05
13 0.00 4.28582e-02 5.09081e-05
14 0.00 3.38820e-02 6.18387e-05
15 0.00 3.79644e-02 5.27088e-05
16 0.00 3.52120e-02 5.67546e-05
17 0.00 4.03187e-02 7.39588e-05
18 0.00 3.97861e-02 4.68819e-05
19 0.00 3.21243e-02 3.85842e-05
20 0.00 4.37178e-02 5.81275e-05
21 0.00 3.38285e-02 5.08904e-05
22 0.00 3.49745e-02 4.43044e-05
23 0.00 3.94400e-02 4.78485e-05
24 0.00 3.39618e-02 3.38683e-05
25 0.00 3.15104e-02 3.49770e-05
26 0.00 3.68785e-02 5.97237e-05
27 0.00 3.78176e-02 5.99331e-05
28 0.00 3.88740e-02 4.47211e-05
29 0.00 3.94108e-02 5.33627e-05
30 0.00 3.72808e-02 3.69980e-05
31 0.00 3.81920e-02 6.71337e-05
32 0.00 3.46137e-02 3.79123e-05
33 0.00 4.18578e-02 4.36072e-05
34 0.00 3.40342e-02 3.52177e-05
35 0.00 3.44070e-02 3.29284e-05
36 0.00 2.91189e-02 2.69604e-05
37 0.00 3.02674e-02 2.91630e-05
38 0.00 3.88006e-02 3.27648e-05
39 0.00 3.51839e-02 3.34221e-05
40 0.00 3.38502e-02 3.33566e-05
41 0.00 3.16687e-02 3.83542e-05
42 0.00 3.97875e-02 4.79815e-05
43 0.00 3.90885e-02 5.82086e-05
44 0.00 3.38124e-02 2.98825e-05
45 0.00 3.39801e-02 3.27457e-05
46 0.00 3.27248e-02 3.51982e-05
47 0.00 3.24851e-02 3.33649e-05
48 0.00 3.86296e-02 3.05254e-05
49 0.00 4.19533e-02 5.49041e-05
50 0.00 3.58774e-02 4.44453e-05
51 0.00 3.87608e-02 3.11771e-05
52 0.00 3.31116e-02 4.97659e-05
53 0.00 3.63571e-02 4.97161e-05
54 0.00 3.32349e-02 2.47841e-05
55 0.00 3.43894e-02 4.47967e-05
56 0.00 3.81171e-02 7.63053e-05
57 0.00 3.55383e-02 4.01150e-05
58 0.00 3.64655e-02 3.88785e-05
59 0.00 3.59080e-02 6.26152e-05
60 0.00 4.17928e-02 6.08797e-05
61 0.00 3.86362e-02 4.95193e-05
62 0.00 3.46940e-02 6.34654e-05
63 0.00 4.09195e-02 4.59913e-05
64 0.00 3.97149e-02 4.68769e-05
65 0.00 3.84878e-02 4.56456e-05
66 0.00 3.77760e-02 6.14812e-05
67 0.00 3.93152e-02 6.52992e-05
68 0.00 3.39571e-02 3.38527e-05
69 0.00 4.01722e-02 5.13344e-05
70 0.00 3.42886e-02 3.56903e-05
71 0.00 3.78236e-02 3.61822e-05
72 0.00 3.55259e-02 3.99034e-05
73 0.00 3.44740e-02 4.74195e-05
74 0.00 3.98554e-02 3.10371e-05
75 0.00 3.77442e-02 6.18637e-05
76 0.00 3.83575e-02 3.52509e-05
77 0.00 3.51819e-02 4.75322e-05
78 0.00 3.35680e-02 4.39088e-05
79 0.00 3.68517e-02 4.85359e-05
80 0.00 4.14975e-02 4.30485e-05
81 0.00 4.11889e-02 5.77355e-05
82 0.00 3.70266e-02 3.79262e-05
83 0.00 3.54101e-02 4.95140e-05
84 0.00 3.55205e-02 4.38335e-05
85 0.00 3.84314e-02 4.38282e-05
86 0.00 4.50067e-02 4.52380e-05
87 0.00 3.55207e-02 2.90540e-05
88 0.00 3.15405e-02 3.89267e-05
89 0.00 4.10442e-02 4.86623e-05
90 0.00 3.63647e-02 4.76303e-05
91 0.00 3.61468e-02 5.74949e-05
92 0.00 3.87070e-02 4.56238e-05
93 0.00 3.84745e-02 7.45501e-05
94 0.00 3.72259e-02 4.44431e-05
95 0.00 3.44550e-02 5.78534e-05
96 0.00 3.79532e-02 3.67882e-05
97 0.00 3.77875e-02 4.74011e-05
98 0.00 3.90544e-02 3.56040e-05
99 0.00 3.59284e-02 3.11499e-05
100 0.00 3.62445e-02 3.63776e-05
101 0.00 3.51563e-02 5.17898e-05
102 0.00 3.33645e-02 3.92215e-05
103 0.00 3.54384e-02 4.47632e-05
104 0.00 3.52210e-02 3.29077e-05
105 0.00 3.42293e-02 2.46454e-05
106 0.00 4.50765e-02 3.70754e-05
107 0.00 3.48342e-02 4.65222e-05
108 0.00 3.72085e-02 3.44231e-05
109 0.00 3.81498e-02 7.84803e-05
110 0.00 3.85417e-02 6.98989e-05
111 0.00 3.28948e-02 3.15938e-05
112 0.00 3.55133e-02 5.46785e-05
113 0.00 3.81030e-02 2.89351e-05
114 0.00 3.67851e-02 4.54079e-05
115 0.00 3.41533e-02 4.20210e-05
116 0.00 3.10175e-02 3.84285e-05
117 0.00 4.20980e-02 4.11705e-05
118 0.00 3.97571e-02 4.14973e-05
119 0.00 3.43205e-02 5.39158e-05
120 0.00 4.06593e-02 5.12762e-05
121 0.00 3.97745e-02 2.67767e-05
122 0.00 4.50360e-02 6.88492e-05
123 0.00 3.19389e-02 5.61143e-05
124 0.00 3.94880e-02 4.12662e-05
125 0.00 3.77384e-02 3.68545e-05
126 0.00 4.11753e-02 5.48446e-05
127 0.00 3.48046e-02 3.85296e-05
128 0.00 3.70772e-02 6.38322e-05
129 0.00 3.46075e-02 2.94082e-05
130 0.00 3.70210e-02 5.01092e-05
131 0.00 3.47452e-02 5.89722e-05
132 0.00 3.95831e-02 4.86008e-05
133 0.00 3.51529e-02 4.18490e-05
134 0.00 3.74228e-02 3.54893e-05
135 0.00 3.58493e-02 4.73777e-05
136 0.00 3.60612e-02 5.60565e-05
137 0.00 3.69263e-02 5.56754e-05
138 0.00 3.73785e-02 4.32865e-05
139 0.00 3.20532e-02 3.86685e-05
140 0.00 3.64333e-02 4.27380e-05
141 0.00 2.99227e-02 3.99668e-05
142 0.00 3.61584e-02 5.14610e-05
143 0.00 3.76794e-02 3.07969e-05
144 0.00 3.61381e-02 3.48751e-05
145 0.00 3.61097e-02 3.80620e-05
146 0.00 4.20864e-02 6.19355e-05
147 0.00 4.21470e-02 4.27397e-05
148 0.00 3.52170e-02 5.19934e-05
149 0.00 3.97956e-02 4.02552e-05
150 0.00 3.60462e-02 5.83281e-05
151 0.00 3.57950e-02 4.18291e-05
152 0.00 4.28816e-02 4.85818e-05
153 0.00 3.77051e-02 4.10798e-05
154 0.00 3.60122e-02 4.73531e-05
155 0.00 3.86399e-02 5.63076e-05
156 0.00 4.28921e-02 6.14846e-05
157 0.00 3.65641e-02 5.63416e-05
158 0.00 3.92907e-02 4.31214e-05
159 0.00 3.20258e-02 4.19816e-05
160 0.00 3.61234e-02 5.69378e-05
161 0.00 3.58270e-02 4.45849e-05
162 0.00 3.19743e-02 2.59457e-05
163 0.00 3.77119e-02 5.36868e-05
164 0.00 4.26364e-02 6.15878e-05
165 0.00 3.99539e-02 5.50824e-05
166 0.00 3.95291e-02 4.97510e-05
167 0.00 3.57984e-02 4.09882e-05
168 0.00 3.63533e-02 3.56424e-05
169 0.00 3.90839e-02 4.40529e-05
170 0.00 3.87099e-02 5.08443e-05
171 0.00 4.13150e-02 5.39536e-05
172 0.00 3.52651e-02 3.83949e-05
173 0.00 4.95805e-02 5.77037e-05
174 0.00 3.79306e-02 5.34257e-05
175 0.00 3.71824e-02 4.61286e-05
176 0.00 3.72069e-02 3.59051e-05
177 0.00 4.10450e-02 6.00777e-05
178 0.00 3.77631e-02 5.49770e-05
179 0.00 3.96793e-02 8.34178e-05
180 0.00 3.56637e-02 6.01254e-05
181 0.00 4.01712e-02 2.99589e-05
182 0.00 3.65318e-02 3.93769e-05
183 0.00 4.30413e-02 5.09608e-05
184 0.00 4.05739e-02 4.99572e-05
185 0.00 4.12168e-02 5.29864e-05
186 0.00 3.78827e-02 3.08874e-05
187 0.00 3.41137e-02 2.59722e-05
188 0.00 3.78709e-02 3.99668e-05
189 0.00 3.02014e-02 4.38174e-05
190 0.00 3.78913e-02 6.46838e-05
191 0.00 3.54134e-02 3.95236e-05
192 0.00 3.45294e-02 5.02001e-05
193 0.00 3.82182e-02 5.95464e-05
194 0.00 3.46220e-02 4.07800e-05
195 0.00 4.11190e-02 5.87174e-05
196 0.00 3.95039e-02 3.64998e-05
197 0.00 3.57349e-02 4.76106e-05
198 0.00 4.06759e-02 3.18919e-05
199 0.00 4.00039e-02 5.20038e-05
200 0.00 3.56638e-02 3.33784e-05
201 0.00 3.25859e-02 3.12255e-05
202 0.00 3.38110e-02 2.70584e-05
203 0.00 3.44319e-02 5.14745e-05
204 0.00 4.16283e-02 4.58149e-05
205 0.00 3.74326e-02 5.39898e-05
206 0.00 3.74500e-02 3.46459e-05
207 0.00 3.36344e-02 4.90522e-05
208 0.00 3.44937e-02 5.08767e-05
209 0.00 3.38283e-02 2.53772e-05
210 0.00 3.72948e-02 4.68348e-05
211 0.00 3.53249e-02 3.73573e-05
212 0.00 3.81788e-02 5.32329e-05
213 0.00 3.21872e-02 5.51552e-05
214 0.00 3.44331e-02 2.13844e-05
215 0.00 3.71807e-02 4.97643e-05
216 0.00 3.78625e-02 3.85851e-05
217 0.00 3.52126e-02 3.83350e-05
218 0.00 4.00203e-02 4.52144e-05
219 0.00 3.52581e-02 5.46508e-05
220 0.00 3.42019e-02 7.15930e-05
221 0.00 3.36344e-02 3.82754e-05
222 0.00 3.50261e-02 4.56851e-05
223 0.00 3.67317e-02 3.30086e-05
224 0.00 3.19823e-02 4.40324e-05
225 0.00 3.98107e-02 6.04599e-05
226 0.00 3.70137e-02 5.90286e-05
227 0.00 3.78217e-02 5.19234e-05
228 0.00 3.27149e-02 3.65536e-05
229 0.00 3.69277e-02 4.10827e-05
230 0.00 3.65758e-02 5.88153e-05
231 0.00 4.22538e-02 4.27805e-05
232 0.00 3.47568e-02 3.75456e-05
233 0.00 4.24851e-02 8.84363e-05
234 0.00 3.55489e-02 3.49980e-05
235 0.00 3.65686e-02 5.41750e-05
236 0.00 3.82459e-02 2.31642e-05
237 0.00 3.59728e-02 4.82640e-05
238 0.00 3.76114e-02 4.06467e-05
239 0.00 3.72812e-02 3.62488e-05
240 0.00 3.72293e-02 4.53974e-05
241 0.00 3.46844e-02 6.92979e-05
242 0.00 3.72842e-02 3.88472e-05
243 0.00 4.11446e-02 6.07296e-05
244 0.00 3.31454e-02 5.39162e-05
245 0.00 3.59523e-02 5.23220e-05
246 0.00 3.75951e-02 3.47101e-05
247 0.00 3.97971e-02 3.17561e-05
248 0.00 4.08173e-02 5.94581e-05
249 0.00 3.92735e-02 6.60915e-05
250 0.00 3.45240e-02 2.95890e-05
251 0.00 3.84125e-02 4.77975e-05
252 0.00 3.92288e-02 2.94916e-05
253 0.00 3.11439e-02 4.01288e-05
254 0.00 3.72521e-02 4.52090e-05
255 0.00 3.73990e-02 4.46538e-05
256 0.00 3.81771e-02 4.36135e-05
257 0.00 3.49333e-02 5.39969e-05
258 0.00 3.28976e-02 5.02904e-05
259 0.00 3.43903e-02 4.93688e-05
260 0.00 3.82095e-02 3.57940e-05
261 0.00 3.34921e-02 5.84522e-05
262 0.00 3.25285e-02 2.76823e-05
263 0.00 3.77363e-02 4.82739e-05
264 0.00 3.66385e-02 4.77608e-05
265 0.00 3.12998e-02 2.89383e-05
266 0.00 3.76875e-02 4.84913e-05
267 0.00 3.62065e-02 3.89876e-05
268 0.00 3.52758e-02 6.31090e-05
269 0.00 3.25535e-02 2.69221e-05
270 0.00 3.65747e-02 4.54866e-05
271 0.00 3.76392e-02 3.41320e-05
272 0.00 3.25530e-02 5.77170e-05
273 0.00 3.27501e-02 3.29178e-05
274 0.00 3.51130e-02 5.46682e-05
275 0.00 3.88248e-02 4.35003e-05
276 0.00 3.70631e-02 7.45679e-05
277 0.00 3.37893e-02 4.23041e-05
278 0.00 3.47507e-02 2.78720e-05
279 0.00 3.41217e-02 4.53445e-05
280 0.00 3.51939e-02 4.85307e-05
281 0.00 3.99750e-02 4.57755e-05
282 0.00 3.54230e-02 6.38321e-05
283 0.00 3.85072e-02 3.69451e-05
284 0.00 4.16567e-02 5.33354e-05
285 0.00 3.60761e-02 5.09641e-05
286 0.00 3.71700e-02 5.48670e-05
287 0.00 3.66325e-02 4.23888e-05
288 0.00 4.05473e-02 4.73323e-05
289 0.00 3.74924e-02 5.36923e-05
290 0.00 3.02634e-02 5.05195e-05
291 0.00 3.52857e-02 2.97401e-05
292 0.00 3.41165e-02 3.27147e-05
293 0.00 3.73316e-02 3.69772e-05
294 0.00 3.55895e-02 3.60691e-05
295 0.00 4.05256e-02 6.74826e-05
296 0.00 3.59197e-02 4.87595e-05
297 0.00 3.69671e-02 4.95789e-05
298 0.00 3.27948e-02 3.68321e-05
299 0.00 3.26651e-02 5.82179e-05
300 0.00 3.95400e-02 3.26123e-05
301 0.00 3.795095184468e-02 2.0477193e-05
302 0.00 3.835150640561e-02 5.6151040e-06
303 0.00 3.691735105779e-02 9.8114125e-06
304 0.00 3.757758490729e-02 1.2164739e-05
305 0.00 3.406649231680e-02 3.2522617e-06
306 0.00 3.547421906909e-02 6.2163234e-06
307 0.00 3.762443806393e-02 1.0031532e-05
308 0.00 3.627689146017e-02 1.5929963e-05
309 0.00 3.334125665467e-02 2.0420591e-06
310 0.00 4.003095645762e-02 5.5072935e-06
311 0.00 3.588995815136e-02 1.2018699e-05
312 0.00 3.708073742640e-02 1.3585751e-05
313 0.00 4.314184726779e-02 1.6123762e-05
314 0.00 3.751902520642e-02 9.4079177e-06
315 0.00 3.441544073852e-02 6.6644322e-06
316 0.00 3.915726783944e-02 6.0964220e-06
317 0.00 3.693174868476e-02 1.2954056e-05
318 0.00 3.653260290063e-02 7.9503759e-06
319 0.00 4.034702602325e-02 6.5975041e-06
320 0.00 3.619906609081e-02 1.3371458e-05
321 0.00 3.632608868638e-02 1.2524435e-05
322 0.00 4.268632200845e-02 1.2060858e-05
323 0.00 3.467082702392e-02 9.3179646e-06
324 0.00 3.463185219102e-02 4.5883925e-06
325 0.00 3.913933194512e-02 3.0120782e-06
326 0.00 3.619598262944e-02 8.6341432e-06
327 0.00 3.531907904711e-02 1.2481352e-05
328 0.00 3.854925028135e-02 4.2770079e-06
329 0.00 3.149084493331e-02 8.8132990e-06
330 0.00 3.859534924972e-02 1.6336684e-05
331 0.00 4.238159888878e-02 9.5326346e-06
332 0.00 3.400446209970e-02 6.6479974e-06
333 0.00 3.722579134864e-02 3.1449823e-06
334 0.00 3.197624271579e-02 8.5224672e-06
335 0.00 3.912146064259e-02 9.3805587e-06
336 0.00 3.284044384265e-02 8.0760337e-06
337 0.00 3.445484483336e-02 1.1430242e-05
338 0.00 3.497414883963e-02 5.7657287e-06
339 0.00 3.501012069265e-02 1.0057060e-05
340 0.00 3.730377915816e-02 7.3649099e-06
341 0.00 3.595163596165e-02 1.0169925e-05
342 0.00 3.571533966603e-02 4.1699160e-06
343 0.00 3.638605470976e-02 6.7844729e-06
344 0.00 3.716475169321e-02 1.9917012e-05
345 0.00 3.471900155555e-02 5.9137922e-06
346 0.00 3.644791785993e-02 3.7553212e-06
347 0.00 3.371846260195e-02 1.0399865e-05
348 0.00 4.018696877314e-02 1.7732208e-05
349 0.00 3.624740375761e-02 4.2313463e-06
350 0.00 3.474309010268e-02 1.0703888e-05
351 0.00 3.597877633592e-02 6.3280608e-06
352 0.00 3.702207777033e-02 5.2308611e-06
353 0.00 4.163976995617e-02 7.0121830e-06
354 0.00 3.577899838905e-02 9.8624460e-06
355 0.00 4.068237199353e-02 6.9782315e-06
356 0.00 3.935377919566e-02 6.2739425e-06
357 0.00 3.775836998778e-02 8.3461280e-06
358 0.00 3.764307310471e-02 5.1382900e-06
359 0.00 3.257665591569e-02 1.9874285e-06
360 0.00 3.334292035879e-02 4.8036409e-06
361 0.00 3.682597518791e-02 2.1513967e-06
362 0.00 3.901671441339e-02 3.8293634e-06
363 0.00 3.838242636176e-02 1.1758655e-05
364 0.00 4.011981529557e-02 7.0474188e-06
365 0.00 4.088616116105e-02 3.0879656e-06
366 0.00 4.133530230422e-02 4.7728288e-06
367 0.00 3.143031053625e-02 7.7326829e-06
368 0.00 3.624920124669e-02 4.1673539e-06
369 0.00 4.063426675810e-02 1.0305644e-05
370 0.00 3.575584937225e-02 1.0961508e-05
371 0.00 3.447812414980e-02 8.2172719e-06
372 0.00 3.540510477098e-02 8.4205786e-06
373 0.00 4.099304948448e-02 9.1616965e-06
374 0.00 3.955634999170e-02 3.5115878e-06
375 0.00 3.766555311371e-02 8.3496217e-06
376 0.00 4.072184251489e-02 4.3311638e-06
377 0.00 3.716167869280e-02 1.3502048e-05
378 0.00 3.950455183599e-02 6.3951684e-06
379 0.00 3.463105944554e-02 1.4173697e-05
380 0.00 3.365293625172e-02 4.3040449e-06
381 0.00 3.664641056097e-02 8.1405063e-06
382 0.00 3.973368713425e-02 7.2714935e-06
383 0.00 3.427604633888e-02 2.0724418e-06
384 0.00 4.100965721587e-02 2.0628629e-05
385 0.00 3.467368944178e-02 5.9363901e-06
386 0.00 3.701159516409e-02 1.1005767e-05
387 0.00 3.747785446904e-02 1.8338642e-05
388 0.00 3.247591857507e-02 1.0738148e-05
389 0.00 3.950164631775e-02 5.0579273e-06
390 0.00 3.404369738613e-02 6.8848589e-06
391 0.00 3.599292254985e-02 4.9940592e-06
392 0.00 3.884471827586e-02 1.6715513e-05
393 0.00 3.583435494918e-02 2.8126388e-06
394 0.00 3.777990212230e-02 7.9420907e-06
395 0.00 3.341037160682e-02 3.8751242e-06
396 0.00 3.778247720186e-02 5.2796880e-06
397 0.00 3.257611160446e-02 5.7009296e-06
398 0.00 4.125417484687e-02 6.6782415e-06
399 0.00 3.718374211028e-02 6.8895796e-06
400 0.00 3.809837972186e-02 8.2585941e-06
401 0.00 3.815483790654e-02 4.7298076e-06
402 0.00 3.589253183919e-02 5.9318622e-06
403 0.00 4.369671161954e-02 6.9560214e-06
404 0.00 3.568707575853e-02 6.3200588e-06
405 0.00 3.729679470884e-02 1.1673983e-05
406 0.00 3.866919880295e-02 7.7637741e-06
407 0.00 4.024786080154e-02 4.6720739e-06
408 0.00 4.254728869987e-02 8.7519697e-06
409 0.00 3.702122440744e-02 6.9507087e-06
410 0.00 3.285958576932e-02 7.9491043e-06
411 0.00 3.559802734001e-02 1.4629716e-05
412 0.00 3.718008579625e-02 1.4117944e-05
413 0.00 3.523652019421e-02 4.9088726e-06
414 0.00 3.527793765907e-02 1.1847240e-05
415 0.00 4.025387277035e-02 1.2290365e-05
416 0.00 3.843611605119e-02 5.5745102e-06
417 0.00 3.759064633059e-02 4.5971518e-06
418 0.00 3.632771083810e-02 4.9796563e-06
419 0.00 3.482227029925e-02 4.5786624e-06
420 0.00 3.660844459259e-02 1.0532825e-05
421 0.00 3.924410612189e-02 6.7024408e-06
422 0.00 3.950380451467e-02 4.4596302e-06
423 0.00 4.280189657794e-02 2.0235726e-05
424 0.00 3.542563427620e-02 8.1012986e-06
425 0.00 3.535114866776e-02 5.4878144e-06
426 0.00 3.775562264051e-02 1.1774047e-05
427 0.00 4.006747679799e-02 6.3758552e-06
428 0.00 3.506433956275e-02 5.5104448e-06
429 0.00 4.345450700005e-02 1.1179766e-05
430 0.00 4.283145162694e-02 1.1002146e-05
431 0.00 3.850768230221e-02 8.2467292e-06
432 0.00 3.451461171983e-02 4.9975487e-06
433 0.00 3.582963882111e-02 1.2069556e-06
434 0.00 3.229536265256e-02 3.9660831e-06
435 0.00 4.320844881043e-02 3.9598584e-06
436 0.00 3.574012498846e-02 1.2872631e-05
437 0.00 3.804535831288e-02 3.8235166e-06
438 0.00 3.710901405273e-02 3.6229737e-06
439 0.00 3.239389436478e-02 5.6255025e-06
440 0.00 3.554315445253e-02 1.0449173e-05
441 0.00 3.613110375044e-02 3.6758888e-06
442 0.00 4.023406063541e-02 7.4140659e-06
443 0.00 3.193405690957e-02 6.0773660e-06
444 0.00 3.402425329426e-02 4.0291634e-06
445 0.00 3.914735448469e-02 6.1340827e-06
446 0.00 3.716630538604e-02 4.1837836e-06
447 0.00 3.497672429259e-02 8.7121551e-06
448 0.00 3.557711315313e-02 1.5174758e-05
449 0.00 3.379677589343e-02 9.2539669e-06
450 0.00 3.786320032105e-02 1.2228359e-05
451 0.00 4.171736691868e-02 1.4775193e-05
452 0.00 3.952675585328e-02 9.4526650e-06
453 0.00 3.468015237244e-02 9.3713469e-06
454 0.00 4.068825570681e-02 4.3946883e-06
455 0.00 3.059113258716e-02 4.0967159e-06
456 0.00 3.836934117479e-02 1.2550514e-05
457 0.00 3.613050773848e-02 5.3161101e-06
458 0.00 3.504027476059e-02 1.3169386e-05
459 0.00 3.531085820572e-02 6.9804070e-06
460 0.00 3.642241877755e-02 8.1295556e-06
461 0.00 3.749214522363e-02 1.8315497e-05
462 0.00 3.615662704916e-02 9.5090303e-06
463 0.00 3.467106713524e-02 8.5986564e-06
464 0.00 4.075127516377e-02 5.2992209e-06
465 0.00 3.380846955117e-02 6.1468453e-06
466 0.00 3.392427732773e-02 5.2249440e-06
467 0.00 3.537206012310e-02 8.2226285e-06
468 0.00 4.223415842062e-02 1.3279531e-05
469 0.00 3.607769703089e-02 4.9441316e-06
470 0.00 3.476106356962e-02 6.4592702e-06
471 0.00 3.839200553410e-02 1.4659866e-05
472 0.00 3.568911437081e-02 8.7821856e-06
473 0.00 3.788576440528e-02 1.0126355e-05
474 0.00 3.458461384573e-02 3.3298025e-06
475 0.00 3.792296240595e-02 6.9890589e-06
476 0.00 3.686193582869e-02 6.4324481e-06
477 0.00 4.006262887025e-02 1.2740161e-05
478 0.00 3.662794647645e-02 8.5673262e-06
479 0.00 3.595314678300e-02 4.1191387e-06
480 0.00 3.317169254630e-02 3.9190098e-06
481 0.00 3.595234521907e-02 5.8542183e-06
482 0.00 4.085502485388e-02 7.1010450e-06
483 0.00 3.262741339167e-02 6.4183555e-06
484 0.00 3.423554289428e-02 1.0420814e-05
485 0.00 3.522184965242e-02 6.2672072e-06
486 0.00 4.132421474794e-02 2.7824547e-05
487 0.00 3.490337838018e-02 1.1832343e-05
488 0.00 3.242006313305e-02 6.0394308e-06
489 0.00 3.466130501641e-02 1.0227769e-05
490 0.00 3.255760572214e-02 3.6230806e-06
491 0.00 3.661072274875e-02 8.3264211e-06
492 0.00 3.176187693054e-02 4.1221172e-06
493 0.00 3.436440635016e-02 1.1282627e-05
494 0.00 3.610045511418e-02 1.8695088e-05
495 0.00 3.786220293465e-02 1.2840272e-05
496 0.00 3.601567107538e-02 6.4779808e-06
497 0.00 4.103793171098e-02 9.4566690e-06
498 0.00 3.363263823391e-02 1.1441666e-05
499 0.00 3.792541009228e-02 5.0455536e-06
500 0.00 3.455656493668e-02 6.1389259e-06
1 0.25 3.62912e-02 4.53687e-05
2 0.25 3.52374e-02 4.66849e-05
3 0.25 3.10478e-02 3.00417e-05
4 0.25 3.73113e-02 5.10863e-05
5 0.25 4.28404e-02 5.76948e-05
6 0.25 3.33052e-02 3.20177e-05
7 0.25 3.57134e-02 6.15767e-05
8 0.25 3.40822e-02 3.88806e-05
9 0.25 3.59849e-02 5.12503e-05
10 0.25 3.77322e-02 3.45226e-05
11 0.25 3.77207e-02 8.55560e-05
12 0.25 3.87746e-02 4.25122e-05
13 0.25 4.10076e-02 6.32535e-05
14 0.25 3.28029e-02 4.23613e-05
15 0.25 3.59808e-02 3.75614e-05
16 0.25 3.30273e-02 4.25246e-05
17 0.25 3.69855e-02 3.46640e-05
18 0.25 4.04696e-02 4.50634e-05
19 0.25 3.39470e-02 4.13035e-05
20 0.25 4.29047e-02 5.31712e-05
21 0.25 3.25447e-02 4.58974e-05
22 0.25 3.57515e-02 6.44538e-05
23 0.25 3.87663e-02 4.27546e-05
24 0.25 3.37517e-02 2.76277e-05
25 0.25 3.36901e-02 4.43774e-05
26 0.25 3.58364e-02 4.15305e-05
27 0.25 3.69014e-02 5.16762e-05
28 0.25 3.92167e-02 5.55464e-05
29 0.25 3.83511e-02 4.17507e-05
30 0.25 3.62985e-02 4.66694e-05
31 0.25 3.87506e-02 4.39506e-05
32 0.25 3.52012e-02 5.38456e-05
33 0.25 4.12919e-02 5.16942e-05
34 0.25 3.58307e-02 5.95933e-05
35 0.25 3.36594e-02 4.79447e-05
36 0.25 2.97359e-02 4.22586e-05
37 0.25 2.84934e-02 4.03505e-05
38 0.25 3.90028e-02 5.16246e-05
39 0.25 3.47734e-02 4.89736e-05
40 0.25 3.47789e-02 4.84776e-05
41 0.25 3.11023e-02 3.95877e-05
42 0.25 4.05967e-02 6.62635e-05
43 0.25 4.09590e-02 6.93442e-05
44 0.25 3.10908e-02 3.34371e-05
45 0.25 3.36853e-02 6.03020e-05
46 0.25 3.37933e-02 3.85536e-05
47 0.25 3.22606e-02 3.29675e-05
48 0.25 3.64713e-02 3.23001e-05
49 0.25 4.00614e-02 3.46998e-05
50 0.25 3.61058e-02 4.43784e-05
51 0.25 3.89628e-02 3.56398e-05
52 0.25 3.20497e-02 4.62644e-05
53 0.25 3.45772e-02 5.62123e-05
54 0.25 3.16022e-02 4.50193e-05
55 0.25 3.25285e-02 4.05674e-05
56 0.25 3.62236e-02 3.71577e-05
57 0.25 3.72343e-02 7.46958e-05
58 0.25 3.56608e-02 3.14069e-05
59 0.25 3.53693e-02 5.03338e-05
60 0.25 4.35668e-02 4.44777e-05
61 0.25 3.79425e-02 4.38608e-05
62 0.25 3.27700e-02 3.69255e-05
63 0.25 3.90017e-02 3.10816e-05
64 0.25 3.86338e-02 5.66849e-05
65 0.25 3.45886e-02 4.57633e-05
66 0.25 3.89814e-02 8.01802e-05
67 0.25 3.86999e-02 6.86242e-05
68 0.25 3.41832e-02 5.18620e-05
69 0.25 3.77449e-02 3.18580e-05
70 0.25 3.80431e-02 7.54700e-05
71 0.25 3.96694e-02 4.34114e-05
72 0.25 3.34156e-02 3.77915e-05
73 0.25 3.57299e-02 6.52033e-05
74 0.25 4.01844e-02 3.75980e-05
75 0.25 3.70451e-02 3.69680e-05
76 0.25 3.75779e-02 4.15145e-05
77 0.25 3.43473e-02 3.86663e-05
78 0.25 3.20313e-02 5.43520e-05
79 0.25 3.55185e-02 4.80930e-05
80 0.25 4.12616e-02 5.39006e-05
81 0.25 4.10545e-02 3.90941e-05
82 0.25 3.83840e-02 5.09400e-05
83 0.25 3.40452e-02 4.77981e-05
84 0.25 3.60012e-02 4.42132e-05
85 0.25 3.52559e-02 4.00358e-05
86 0.25 4.45868e-02 9.12634e-05
87 0.25 3.60072e-02 4.25544e-05
88 0.25 3.09995e-02 2.55018e-05
89 0.25 3.89010e-02 4.51864e-05
90 0.25 3.70698e-02 4.23971e-05
91 0.25 3.74970e-02 4.00581e-05
92 0.25 3.78847e-02 6.08426e-05
93 0.25 3.75937e-02 3.42262e-05
94 0.25 3.65032e-02 5.34211e-05
95 0.25 3.45353e-02 4.70946e-05
96 0.25 3.90676e-02 1.05268e-04
97 0.25 3.70219e-02 3.74281e-05
98 0.25 3.95729e-02 6.62696e-05
99 0.25 3.66603e-02 6.73901e-05
100 0.25 3.56922e-02 3.92108e-05
101 0.25 3.43859e-02 7.23736e-05
102 0.25 3.36900e-02 4.56190e-05
103 0.25 3.26880e-02 4.40779e-05
104 0.25 3.41518e-02 4.31998e-05
105 0.25 3.36829e-02 3.43461e-05
106 0.25 4.81676e-02 9.11993e-05
107 0.25 3.53546e-02 6.19313e-05
108 0.25 3.85738e-02 6.04114e-05
109 0.25 3.78919e-02 6.68501e-05
110 0.25 3.83601e-02 5.56285e-05
111 0.25 3.55495e-02 5.56505e-05
112 0.25 3.46617e-02 4.41890e-05
113 0.25 3.79223e-02 6.43695e-05
114 0.25 3.75850e-02 6.85089e-05
115 0.25 3.22928e-02 5.95677e-05
116 0.25 3.11078e-02 5.56989e-05
117 0.25 3.88010e-02 5.21245e-05
118 0.25 3.94401e-02 4.71448e-05
119 0.25 3.27346e-02 3.83185e-05
120 0.25 4.01250e-02 5.60100e-05
121 0.25 4.19591e-02 6.72489e-05
122 0.25 4.44272e-02 5.82262e-05
123 0.25 2.88039e-02 6.28635e-05
124 0.25 3.75568e-02 3.19639e-05
125 0.25 3.67730e-02 4.12413e-05
126 0.25 4.14232e-02 5.25288e-05
127 0.25 3.36860e-02 6.03464e-05
128 0.25 3.77511e-02 6.62471e-05
129 0.25 3.33851e-02 5.02189e-05
130 0.25 3.49674e-02 3.44840e-05
131 0.25 3.43556e-02 4.50195e-05
132 0.25 3.64692e-02 2.97181e-05
133 0.25 3.86058e-02 5.47777e-05
134 0.25 3.62397e-02 6.30888e-05
135 0.25 3.77830e-02 5.57340e-05
136 0.25 3.45480e-02 3.20733e-05
137 0.25 3.75757e-02 5.64966e-05
138 0.25 3.75990e-02 6.02982e-05
139 0.25 3.26704e-02 3.30406e-05
140 0.25 3.82179e-02 4.83094e-05
141 0.25 3.17731e-02 6.53575e-05
142 0.25 3.48014e-02 4.60367e-05
143 0.25 3.68509e-02 5.69822e-05
144 0.25 3.56856e-02 4.47307e-05
145 0.25 3.65817e-02 5.17720e-05
146 0.25 3.79463e-02 4.66701e-05
147 0.25 4.04486e-02 4.57474e-05
148 0.25 3.33739e-02 3.07363e-05
149 0.25 3.98588e-02 5.40744e-05
150 0.25 3.24367e-02 2.80494e-05
151 0.25 3.38215e-02 3.42173e-05
152 0.25 4.19769e-02 8.07809e-05
153 0.25 3.79757e-02 3.33060e-05
154 0.25 3.46241e-02 2.89939e-05
155 0.25 3.80265e-02 6.77219e-05
156 0.25 4.25338e-02 4.54587e-05
157 0.25 3.49944e-02 4.17878e-05
158 0.25 3.83633e-02 5.84121e-05
159 0.25 3.16318e-02 4.06326e-05
160 0.25 3.54827e-02 3.88531e-05
161 0.25 3.37874e-02 3.39309e-05
162 0.25 3.18132e-02 4.71392e-05
163 0.25 3.42013e-02 3.19100e-05
164 0.25 4.01126e-02 4.97772e-05
165 0.25 3.95926e-02 5.68068e-05
166 0.25 4.05713e-02 6.55738e-05
167 0.25 3.72002e-02 5.04958e-05
168 0.25 3.72824e-02 3.60713e-05
169 0.25 3.72934e-02 3.62120e-05
170 0.25 3.70591e-02 6.27648e-05
171 0.25 4.12683e-02 8.34473e-05
172 0.25 3.69514e-02 3.94164e-05
173 0.25 4.78636e-02 7.79135e-05
174 0.25 3.98319e-02 4.42959e-05
175 0.25 3.54692e-02 2.84220e-05
176 0.25 3.94635e-02 7.04903e-05
177 0.25 3.99364e-02 6.09596e-05
178 0.25 3.68479e-02 6.89603e-05
179 0.25 4.05679e-02 6.85285e-05
180 0.25 3.78109e-02 5.55465e-05
181 0.25 4.02324e-02 4.36015e-05
182 0.25 3.58339e-02 6.54538e-05
183 0.25 4.54060e-02 5.43093e-05
184 0.25 3.97383e-02 5.11743e-05
185 0.25 4.36875e-02 6.56022e-05
186 0.25 3.84741e-02 4.06877e-05
187 0.25 3.31796e-02 5.55851e-05
188 0.25 3.79196e-02 6.34737e-05
189 0.25 3.02856e-02 2.79564e-05
190 0.25 3.97053e-02 4.05568e-05
191 0.25 3.26450e-02 3.63280e-05
192 0.25 3.67582e-02 5.76551e-05
193 0.25 3.52376e-02 6.57257e-05
194 0.25 3.41902e-02 4.54815e-05
195 0.25 3.89199e-02 7.23164e-05
196 0.25 3.97055e-02 6.83463e-05
197 0.25 3.45409e-02 4.19432e-05
198 0.25 4.01744e-02 5.74931e-05
199 0.25 4.10861e-02 6.99930e-05
200 0.25 3.47244e-02 3.97418e-05
201 0.25 3.22088e-02 3.41368e-05
202 0.25 3.44497e-02 4.68097e-05
203 0.25 3.47007e-02 4.80665e-05
204 0.25 4.04623e-02 4.92196e-05
205 0.25 3.82489e-02 5.28941e-05
206 0.25 3.78959e-02 4.97597e-05
207 0.25 3.41965e-02 6.08859e-05
208 0.25 3.28953e-02 3.43572e-05
209 0.25 3.45328e-02 4.48658e-05
210 0.25 3.63416e-02 4.86179e-05
211 0.25 3.55067e-02 3.05014e-05
212 0.25 3.89047e-02 7.51902e-05
213 0.25 3.11974e-02 6.03293e-05
214 0.25 3.50249e-02 5.62404e-05
215 0.25 3.58365e-02 2.87118e-05
216 0.25 3.71302e-02 6.16123e-05
217 0.25 3.43627e-02 7.25819e-05
218 0.25 3.97983e-02 4.48798e-05
219 0.25 3.51603e-02 6.65086e-05
220 0.25 3.34668e-02 7.87339e-05
221 0.25 3.29832e-02 3.97168e-05
222 0.25 3.48755e-02 4.11857e-05
223 0.25 3.88541e-02 7.40902e-05
224 0.25 3.00988e-02 3.19686e-05
225 0.25 4.02862e-02 6.42545e-05
226 0.25 3.45314e-02 2.94736e-05
227 0.25 3.79512e-02 6.16706e-05
228 0.25 3.17596e-02 3.60230e-05
229 0.25 3.83204e-02 6.83304e-05
230 0.25 3.67084e-02 3.20872e-05
231 0.25 4.15293e-02 5.01989e-05
232 0.25 3.56785e-02 3.78398e-05
233 0.25 4.02203e-02 8.90480e-05
234 0.25 3.72287e-02 6.77160e-05
235 0.25 3.41284e-02 4.40910e-05
236 0.25 3.89951e-02 4.77059e-05
237 0.25 3.56984e-02 3.69373e-05
238 0.25 3.63475e-02 4.83454e-05
239 0.25 3.58570e-02 2.09993e-05
240 0.25 3.66326e-02 5.04349e-05
241 0.25 3.36231e-02 6.13100e-05
242 0.25 3.84252e-02 5.70373e-05
243 0.25 3.99036e-02 4.26474e-05
244 0.25 3.58803e-02 4.57869e-05
245 0.25 3.35661e-02 4.86133e-05
246 0.25 3.62779e-02 5.02632e-05
247 0.25 3.87355e-02 2.95506e-05
248 0.25 4.02258e-02 4.05434e-05
249 0.25 3.51391e-02 3.63458e-05
250 0.25 3.47928e-02 4.60039e-05
251 0.25 3.82880e-02 4.34035e-05
252 0.25 4.04061e-02 5.28957e-05
253 0.25 3.19345e-02 4.72652e-05
254 0.25 3.72045e-02 4.05165e-05
255 0.25 3.71729e-02 8.55245e-05
256 0.25 3.58714e-02 4.40326e-05
257 0.25 3.32353e-02 4.36555e-05
258 0.25 3.49014e-02 4.80834e-05
259 0.25 3.67852e-02 6.35587e-05
260 0.25 3.59907e-02 4.63025e-05
261 0.25 3.24737e-02 3.95973e-05
262 0.25 3.33138e-02 3.73671e-05
263 0.25 3.79310e-02 4.55597e-05
264 0.25 3.61975e-02 3.64701e-05
265 0.25 3.36523e-02 5.52489e-05
266 0.25 3.76714e-02 4.55778e-05
267 0.25 3.97590e-02 5.91200e-05
268 0.25 3.29617e-02 5.35368e-05
269 0.25 3.26731e-02 4.34814e-05
270 0.25 3.59369e-02 2.99607e-05
271 0.25 3.74288e-02 2.91586e-05
272 0.25 3.19801e-02 4.38532e-05
273 0.25 3.28324e-02 4.31154e-05
274 0.25 3.37256e-02 5.82339e-05
275 0.25 3.85293e-02 5.55418e-05
276 0.25 3.42896e-02 3.81313e-05
277 0.25 3.60327e-02 5.13229e-05
278 0.25 3.60778e-02 5.73109e-05
279 0.25 3.04902e-02 3.72000e-05
280 0.25 3.54155e-02 5.18585e-05
281 0.25 3.95118e-02 6.25893e-05
282 0.25 3.44103e-02 5.45321e-05
283 0.25 3.86130e-02 3.12612e-05
284 0.25 3.86333e-02 4.37363e-05
285 0.25 3.46127e-02 6.48791e-05
286 0.25 3.48606e-02 7.02865e-05
287 0.25 3.68048e-02 3.86771e-05
288 0.25 3.90660e-02 4.48886e-05
289 0.25 4.08735e-02 7.53242e-05
290 0.25 3.17879e-02 4.38093e-05
291 0.25 3.53819e-02 3.03899e-05
292 0.25 3.73252e-02 6.06768e-05
293 0.25 3.71492e-02 5.34388e-05
294 0.25 3.59437e-02 6.23686e-05
295 0.25 3.89978e-02 6.88266e-05
296 0.25 3.69522e-02 4.84777e-05
297 0.25 3.60685e-02 5.88641e-05
298 0.25 3.32429e-02 2.46146e-05
299 0.25 3.29012e-02 6.44998e-05
300 0.25 4.03418e-02 5.05444e-05
301 0.25 4.083240362800e-02 1.6337114e-05
302 0.25 3.909796474753e-02 8.0657817e-06
303 0.25 3.549447434763e-02 1.0532420e-05
304 0.25 3.792167159589e-02 1.5604552e-05
305 0.25 3.372583012425e-02 7.1907432e-06
306 0.25 3.344991789764e-02 7.9410211e-06
307 0.25 3.675507415691e-02 3.0489008e-06
308 0.25 3.432218679481e-02 1.0636883e-05
309 0.25 3.302554634453e-02 3.1317504e-06
310 0.25 3.846931464940e-02 4.2400065e-06
311 0.25 3.805616182922e-02 7.4595107e-06
312 0.25 3.680397029135e-02 1.1394763e-05
313 0.25 4.435730220556e-02 2.3702304e-05
314 0.25 3.674470132115e-02 3.5113352e-06
315 0.25 3.586523602650e-02 7.4919741e-06
316 0.25 3.803457910322e-02 4.9477035e-06
317 0.25 3.769641499491e-02 1.8960919e-05
318 0.25 3.680988319357e-02 7.5020287e-06
319 0.25 3.944893332116e-02 5.5294915e-06
320 0.25 3.456562334242e-02 2.4656249e-06
321 0.25 3.643303962853e-02 4.8702944e-06
322 0.25 4.107798459295e-02 8.1658957e-06
323 0.25 3.550623618973e-02 7.4463735e-06
324 0.25 3.306868401039e-02 9.2310166e-06
325 0.25 3.860688451159e-02 1.1247701e-05
326 0.25 3.519760281591e-02 5.9132957e-06
327 0.25 3.338716206254e-02 6.2556482e-06
328 0.25 3.572627322099e-02 7.3486429e-06
329 0.25 2.973274316535e-02 2.2724001e-06
330 0.25 3.815634270441e-02 7.4461810e-06
331 0.25 4.123547294787e-02 7.5156304e-06
332 0.25 3.673619367888e-02 6.6019246e-06
333 0.25 3.621836504633e-02 4.1865716e-06
334 0.25 3.279074841832e-02 3.0931083e-06
335 0.25 3.601194353664e-02 1.7997486e-05
336 0.25 3.248958937519e-02 5.8619436e-06
337 0.25 3.494036039145e-02 2.9125099e-05
338 0.25 3.462793543046e-02 2.4879489e-05
339 0.25 3.463887033780e-02 9.3098328e-06
340 0.25 3.589334732402e-02 1.4701031e-05
341 0.25 3.545416311017e-02 1.4784823e-05
342 0.25 3.765339004761e-02 5.9958556e-06
343 0.25 3.804271270707e-02 9.7270337e-06
344 0.25 3.849607440454e-02 1.3959107e-05
345 0.25 3.417172290280e-02 4.0626199e-06
346 0.25 3.504949882521e-02 7.9573078e-06
347 0.25 3.348487191173e-02 7.4773218e-06
348 0.25 3.864814759069e-02 4.0237492e-06
349 0.25 3.671138213341e-02 3.0305721e-06
350 0.25 3.503576101893e-02 2.0757161e-05
351 0.25 3.643178682823e-02 5.5465677e-06
352 0.25 3.647274931291e-02 1.3536232e-05
353 0.25 4.059184356653e-02 7.3260537e-06
354 0.25 3.705064569892e-02 4.0670275e-06
355 0.25 3.987249855082e-02 1.5964417e-05
356 0.25 3.725531351463e-02 5.8582989e-06
357 0.25 3.881308971527e-02 1.6965743e-05
358 0.25 3.822614939869e-02 1.1543920e-05
359 0.25 3.372550917593e-02 4.7036157e-06
360 0.25 3.434678294791e-02 8.4360770e-06
361 0.25 3.470989645946e-02 1.2195577e-05
362 0.25 3.847974999210e-02 7.0699030e-06
363 0.25 3.545423105281e-02 4.4014647e-06
364 0.25 4.036992872079e-02 1.5717470e-05
365 0.25 3.937926930137e-02 7.9722275e-06
366 0.25 3.875296778687e-02 6.6331736e-06
367 0.25 3.058678729622e-02 6.3398393e-06
368 0.25 3.810110440353e-02 9.8701366e-06
369 0.25 3.832651455437e-02 7.9311353e-06
370 0.25 3.648515123334e-02 6.3420368e-06
371 0.25 3.314857912458e-02 8.1145489e-06
372 0.25 3.304797875086e-02 7.1274197e-06
373 0.25 4.041680629583e-02 5.1739746e-06
374 0.25 4.032518354413e-02 6.8116718e-06
375 0.25 3.613931875088e-02 6.9638727e-06
376 0.25 3.986317242677e-02 9.9769546e-06
377 0.25 3.543491907189e-02 1.4018150e-05
378 0.25 3.932718085531e-02 5.4384608e-06
379 0.25 3.540706147420e-02 5.3244482e-06
380 0.25 3.119139590680e-02 7.7938769e-06
381 0.25 3.771670735059e-02 1.3410303e-05
382 0.25 3.829440140202e-02 1.0621820e-05
383 0.25 3.392892246442e-02 4.7056822e-06
384 0.25 3.954928370884e-02 1.5189615e-05
385 0.25 3.401897534877e-02 1.1290382e-05
386 0.25 3.816955635249e-02 9.7032142e-06
387 0.25 3.636667474239e-02 2.2706505e-05
388 0.25 3.228911344245e-02 6.9172946e-06
389 0.25 4.028890516518e-02 9.7128908e-06
390 0.25 3.494937082226e-02 2.6802970e-05
391 0.25 3.825631661478e-02 1.5855572e-05
392 0.25 3.652387815418e-02 6.6503284e-06
393 0.25 3.750589664561e-02 9.6417736e-06
394 0.25 3.678392669565e-02 4.4755130e-06
395 0.25 3.277303587341e-02 7.9230899e-06
396 0.25 3.800897016328e-02 4.0516830e-06
397 0.25 3.148819363756e-02 1.1662642e-05
398 0.25 3.787947825156e-02 8.0996735e-06
399 0.25 3.957901154951e-02 2.3287628e-05
400 0.25 3.633427156059e-02 3.0243520e-06
401 0.25 3.904987330493e-02 6.6065113e-06
402 0.25 3.374183901809e-02 4.8684929e-06
403 0.25 4.526000876949e-02 1.2014323e-05
404 0.25 3.615878534842e-02 1.2065828e-05
405 0.25 3.928398707314e-02 9.9341026e-06
406 0.25 3.778111983346e-02 4.7508330e-06
407 0.25 4.084515495889e-02 1.3885646e-05
408 0.25 4.404030443563e-02 1.5290969e-05
409 0.25 3.664761084097e-02 1.8504688e-05
410 0.25 3.242145224769e-02 1.2116409e-05
411 0.25 3.620771959220e-02 1.2554109e-05
412 0.25 3.573316574014e-02 7.3913988e-06
413 0.25 3.621328944432e-02 4.3109144e-06
414 0.25 3.461352599513e-02 4.3638657e-06
415 0.25 3.765617362761e-02 1.3959296e-05
416 0.25 3.783945570570e-02 6.8464958e-06
417 0.25 3.554215004303e-02 7.4945010e-06
418 0.25 3.772208087455e-02 9.3498199e-06
419 0.25 3.481480409265e-02 6.9451728e-06
420 0.25 3.811647495198e-02 1.1343832e-05
421 0.25 3.854483053662e-02 5.6543867e-06
422 0.25 3.671381556450e-02 4.6562381e-06
423 0.25 4.029742034474e-02 1.5033054e-05
424 0.25 3.529835483091e-02 4.2784976e-06
425 0.25 3.488588739852e-02 6.0681050e-06
426 0.25 3.880770232181e-02 5.8237575e-06
427 0.25 3.864550100364e-02 1.6628515e-05
428 0.25 3.522147304198e-02 7.6762820e-06
429 0.25 4.309494804673e-02 1.0847029e-05
430 0.25 4.232553413886e-02 9.4070359e-06
431 0.25 3.743843993673e-02 5.5097799e-06
432 0.25 3.707801174643e-02 4.3304637e-06
433 0.25 3.451960576456e-02 6.7829909e-06
434 0.25 3.304857107874e-02 5.9323164e-06
435 0.25 4.312371588221e-02 1.1209389e-05
436 0.25 3.695751450078e-02 1.2641560e-05
437 0.25 3.586203529971e-02 9.8203790e-06
438 0.25 3.637944791505e-02 1.1017926e-05
439 0.25 3.172736542133e-02 5.7592992e-06
440 0.25 3.565060065289e-02 5.3768551e-06
441 0.25 3.485669425421e-02 4.7046041e-06
442 0.25 4.156850222753e-02 2.0339534e-05
443 0.25 3.140781522413e-02 9.3063023e-06
444 0.25 3.271670473771e-02 7.5706301e-06
445 0.25 3.777124863841e-02 1.0554417e-05
446 0.25 3.878323749767e-02 1.0654214e-05
447 0.25 3.513706110010e-02 1.1270552e-05
448 0.25 3.520258948468e-02 1.8168992e-06
449 0.25 3.153378995356e-02 5.6752931e-06
450 0.25 3.670590650589e-02 9.2777436e-06
451 0.25 4.159788039677e-02 2.2825612e-05
452 0.25 3.923556492216e-02 3.4553424e-06
453 0.25 3.584428878532e-02 1.6603581e-05
454 0.25 4.093816334295e-02 1.2252316e-05
455 0.25 2.908866406898e-02 2.7411775e-06
456 0.25 3.902422303683e-02 7.1641180e-06
457 0.25 3.558476477239e-02 6.6021047e-06
458 0.25 3.651902185024e-02 6.3826821e-06
459 0.25 3.448492762548e-02 8.2744455e-06
460 0.25 4.001728872776e-02 1.1396916e-05
461 0.25 3.645111643301e-02 1.0425654e-05
462 0.25 3.572581652217e-02 5.9118423e-06
463 0.25 3.417405436251e-02 9.2546266e-06
464 0.25 4.016285407502e-02 1.1973692e-05
465 0.25 3.607889771376e-02 9.3198877e-06
466 0.25 3.237115415586e-02 1.8487210e-05
467 0.25 3.661432490395e-02 2.3594516e-06
468 0.25 4.217137301637e-02 6.8398959e-06
469 0.25 3.429868039925e-02 1.0410448e-05
470 0.25 3.495512505350e-02 8.9214486e-06
471 0.25 3.744043849568e-02 1.0596213e-05
472 0.25 3.475657881175e-02 8.8872969e-06
473 0.25 3.646481709508e-02 9.1078706e-06
474 0.25 3.242597466354e-02 2.4665203e-06
475 0.25 3.477841704665e-02 1.2457706e-05
476 0.25 3.625200441307e-02 9.6284960e-06
477 0.25 3.779762932233e-02 7.6155695e-06
478 0.25 3.851622454004e-02 4.3242222e-06
479 0.25 3.317403498555e-02 6.3512142e-06
480 0.25 3.407615093477e-02 7.6575821e-06
481 0.25 3.525940233505e-02 5.9967497e-06
482 0.25 3.883628638574e-02 4.8052673e-06
483 0.25 3.338733035144e-02 1.3257501e-05
484 0.25 3.433519130444e-02 1.0496638e-05
485 0.25 3.526101420063e-02 3.3842922e-06
486 0.25 3.822897320361e-02 1.1103347e-05
487 0.25 3.536466560375e-02 8.7494842e-06
488 0.25 3.352104386893e-02 4.0072638e-06
489 0.25 3.574182305094e-02 7.9949214e-06
490 0.25 3.446602104465e-02 1.3789305e-05
491 0.25 3.455761267568e-02 7.9350001e-06
492 0.25 3.323391817807e-02 1.2013631e-05
493 0.25 3.370326092542e-02 1.4755219e-05
494 0.25 3.507375750996e-02 7.1883908e-06
495 0.25 3.830863261130e-02 8.5114364e-06
496 0.25 3.488085252107e-02 2.7879843e-06
497 0.25 4.007159078634e-02 1.1470410e-05
498 0.25 3.277000724663e-02 2.4596301e-06
499 0.25 3.886014843158e-02 4.6012496e-06
500 0.25 3.499315842386e-02 1.0468183e-05
1 0.50 3.70034e-02 6.08946e-05
2 0.50 3.55066e-02 4.07116e-05
3 0.50 3.18881e-02 3.40381e-05
4 0.50 3.58013e-02 4.07794e-05
5 0.50 4.30043e-02 6.82210e-05
6 0.50 3.36631e-02 6.49421e-05
7 0.50 3.46336e-02 5.38661e-05
8 0.50 3.34754e-02 6.08098e-05
9 0.50 3.71661e-02 9.21206e-05
10 0.50 3.79070e-02 9.02348e-05
11 0.50 3.61687e-02 6.59076e-05
12 0.50 3.75335e-02 4.50591e-05
13 0.50 4.01427e-02 5.26708e-05
14 0.50 3.13093e-02 3.53730e-05
15 0.50 3.72719e-02 3.79184e-05
16 0.50 3.47085e-02 9.14115e-05
17 0.50 3.90722e-02 6.49541e-05
18 0.50 4.13058e-02 1.08517e-04
19 0.50 3.12369e-02 3.89513e-05
20 0.50 4.22932e-02 5.67013e-05
21 0.50 3.25156e-02 6.27673e-05
22 0.50 3.40176e-02 3.77991e-05
23 0.50 3.57548e-02 3.55064e-05
24 0.50 3.34995e-02 3.65815e-05
25 0.50 3.45235e-02 5.01907e-05
26 0.50 3.75732e-02 6.75160e-05
27 0.50 3.53659e-02 3.33139e-05
28 0.50 3.88206e-02 5.40385e-05
29 0.50 3.79701e-02 4.20121e-05
30 0.50 3.27745e-02 4.09691e-05
31 0.50 3.90919e-02 9.75372e-05
32 0.50 3.55667e-02 4.43198e-05
33 0.50 3.98465e-02 6.65878e-05
34 0.50 3.45706e-02 5.23783e-05
35 0.50 3.47662e-02 7.18748e-05
36 0.50 3.00755e-02 5.16117e-05
37 0.50 3.16312e-02 6.57060e-05
38 0.50 3.75092e-02 4.70838e-05
39 0.50 3.40543e-02 3.67958e-05
40 0.50 3.37892e-02 4.07189e-05
41 0.50 2.99228e-02 5.35173e-05
42 0.50 3.82359e-02 5.11359e-05
43 0.50 4.09478e-02 7.62633e-05
44 0.50 3.51968e-02 5.33268e-05
45 0.50 3.27755e-02 3.79293e-05
46 0.50 3.60652e-02 4.53226e-05
47 0.50 3.08227e-02 5.65867e-05
48 0.50 3.90838e-02 5.17805e-05
49 0.50 4.01273e-02 6.59914e-05
50 0.50 3.56617e-02 5.60876e-05
51 0.50 3.75224e-02 3.92770e-05
52 0.50 3.28125e-02 5.83667e-05
53 0.50 3.46060e-02 5.09498e-05
54 0.50 3.13411e-02 4.72824e-05
55 0.50 3.58499e-02 5.33715e-05
56 0.50 3.74775e-02 5.75297e-05
57 0.50 3.46642e-02 4.82791e-05
58 0.50 3.34111e-02 3.49301e-05
59 0.50 3.40181e-02 4.61446e-05
60 0.50 4.19181e-02 7.62013e-05
61 0.50 3.93112e-02 5.28768e-05
62 0.50 3.13477e-02 5.27990e-05
63 0.50 3.78898e-02 5.29066e-05
64 0.50 3.96141e-02 8.45251e-05
65 0.50 3.36134e-02 8.24809e-05
66 0.50 3.55613e-02 6.88269e-05
67 0.50 3.63417e-02 5.80724e-05
68 0.50 3.19762e-02 5.71992e-05
69 0.50 3.69543e-02 5.56954e-05
70 0.50 3.52364e-02 9.11820e-05
71 0.50 3.83596e-02 5.54508e-05
72 0.50 3.25106e-02 5.28396e-05
73 0.50 3.33066e-02 5.94534e-05
74 0.50 3.91156e-02 5.01246e-05
75 0.50 3.69906e-02 4.41432e-05
76 0.50 3.67815e-02 3.77267e-05
77 0.50 3.57084e-02 4.90551e-05
78 0.50 3.09640e-02 5.19655e-05
79 0.50 3.67475e-02 5.74181e-05
80 0.50 4.15749e-02 5.05740e-05
81 0.50 4.00203e-02 5.16264e-05
82 0.50 3.70425e-02 5.39213e-05
83 0.50 3.27712e-02 4.29139e-05
84 0.50 3.68829e-02 8.73834e-05
85 0.50 3.51645e-02 5.65423e-05
86 0.50 4.20536e-02 8.04936e-05
87 0.50 3.68429e-02 3.48815e-05
88 0.50 3.16001e-02 3.30791e-05
89 0.50 3.88475e-02 4.33642e-05
90 0.50 3.64640e-02 6.01325e-05
91 0.50 3.55047e-02 3.21444e-05
92 0.50 3.67294e-02 4.84665e-05
93 0.50 3.98684e-02 5.66178e-05
94 0.50 3.78649e-02 6.54759e-05
95 0.50 3.46629e-02 5.29869e-05
96 0.50 3.75291e-02 7.70172e-05
97 0.50 3.64519e-02 4.58922e-05
98 0.50 3.65462e-02 3.61542e-05
99 0.50 3.31930e-02 3.58518e-05
100 0.50 3.67919e-02 5.30375e-05
101 0.50 3.13742e-02 4.75308e-05
102 0.50 3.25466e-02 5.72146e-05
103 0.50 3.57929e-02 4.63202e-05
104 0.50 3.50411e-02 5.01349e-05
105 0.50 3.59938e-02 5.04629e-05
106 0.50 4.70462e-02 7.51433e-05
107 0.50 3.59700e-02 6.43330e-05
108 0.50 3.96351e-02 6.27478e-05
109 0.50 3.81447e-02 4.04839e-05
110 0.50 3.59990e-02 3.85954e-05
111 0.50 3.51342e-02 7.17157e-05
112 0.50 3.18547e-02 2.96582e-05
113 0.50 3.71293e-02 4.55472e-05
114 0.50 3.66354e-02 4.53025e-05
115 0.50 3.38371e-02 4.68564e-05
116 0.50 3.17097e-02 6.71185e-05
117 0.50 3.86558e-02 3.70545e-05
118 0.50 3.91353e-02 6.38107e-05
119 0.50 3.30141e-02 3.77334e-05
120 0.50 4.00169e-02 7.38247e-05
121 0.50 3.93769e-02 5.71256e-05
122 0.50 4.28039e-02 6.80434e-05
123 0.50 2.84656e-02 5.85439e-05
124 0.50 3.97300e-02 5.76948e-05
125 0.50 3.65480e-02 3.07118e-05
126 0.50 3.84651e-02 5.76648e-05
127 0.50 3.59950e-02 7.20322e-05
128 0.50 3.53948e-02 6.02482e-05
129 0.50 3.29085e-02 3.90015e-05
130 0.50 3.43217e-02 3.57853e-05
131 0.50 3.27857e-02 2.72635e-05
132 0.50 3.66842e-02 9.42224e-05
133 0.50 3.71496e-02 6.39880e-05
134 0.50 3.65468e-02 4.35766e-05
135 0.50 3.44550e-02 4.81726e-05
136 0.50 3.36195e-02 2.49422e-05
137 0.50 3.72023e-02 4.50345e-05
138 0.50 3.46086e-02 4.48975e-05
139 0.50 3.09517e-02 3.34680e-05
140 0.50 3.68984e-02 3.54790e-05
141 0.50 3.00119e-02 4.37323e-05
142 0.50 3.42790e-02 2.83696e-05
143 0.50 3.85561e-02 6.58461e-05
144 0.50 3.53284e-02 5.69254e-05
145 0.50 3.65308e-02 4.47563e-05
146 0.50 3.94644e-02 1.05098e-04
147 0.50 3.80706e-02 5.30393e-05
148 0.50 3.71963e-02 4.41009e-05
149 0.50 4.01788e-02 3.61036e-05
150 0.50 3.40527e-02 7.91603e-05
151 0.50 3.55336e-02 6.50990e-05
152 0.50 4.18784e-02 9.46262e-05
153 0.50 3.75244e-02 7.65552e-05
154 0.50 3.52911e-02 4.83660e-05
155 0.50 3.89085e-02 5.57616e-05
156 0.50 4.25219e-02 5.11456e-05
157 0.50 3.41043e-02 7.85441e-05
158 0.50 3.85292e-02 6.09860e-05
159 0.50 3.16883e-02 5.21845e-05
160 0.50 3.42220e-02 5.18016e-05
161 0.50 3.66117e-02 5.88441e-05
162 0.50 3.17365e-02 2.91206e-05
163 0.50 3.49063e-02 5.94384e-05
164 0.50 4.11745e-02 4.37702e-05
165 0.50 3.92010e-02 5.99155e-05
166 0.50 4.12354e-02 5.41046e-05
167 0.50 3.56934e-02 7.57121e-05
168 0.50 3.55930e-02 4.50403e-05
169 0.50 3.77595e-02 6.16560e-05
170 0.50 4.05818e-02 6.70113e-05
171 0.50 4.14499e-02 8.70637e-05
172 0.50 3.58481e-02 4.99054e-05
173 0.50 4.62374e-02 6.27635e-05
174 0.50 3.61693e-02 6.11147e-05
175 0.50 3.55283e-02 3.37233e-05
176 0.50 3.62820e-02 5.10919e-05
177 0.50 3.85621e-02 6.01859e-05
178 0.50 3.57579e-02 5.65134e-05
179 0.50 4.00572e-02 8.83845e-05
180 0.50 3.46311e-02 5.79563e-05
181 0.50 3.82894e-02 3.95499e-05
182 0.50 3.68056e-02 4.73797e-05
183 0.50 4.33452e-02 5.50335e-05
184 0.50 4.23438e-02 4.65685e-05
185 0.50 4.41466e-02 8.49978e-05
186 0.50 3.69433e-02 5.61763e-05
187 0.50 3.25994e-02 5.58223e-05
188 0.50 3.75760e-02 5.80544e-05
189 0.50 3.07004e-02 3.97207e-05
190 0.50 3.99806e-02 7.52154e-05
191 0.50 3.39582e-02 4.87153e-05
192 0.50 3.31301e-02 2.36508e-05
193 0.50 3.62628e-02 4.03417e-05
194 0.50 3.70066e-02 7.36119e-05
195 0.50 3.86688e-02 7.32549e-05
196 0.50 3.82453e-02 5.76242e-05
197 0.50 3.51407e-02 3.45836e-05
198 0.50 3.76144e-02 6.47475e-05
199 0.50 4.18582e-02 8.00920e-05
200 0.50 3.53040e-02 5.50593e-05
201 0.50 3.39141e-02 4.60653e-05
202 0.50 3.34291e-02 4.43029e-05
203 0.50 3.33928e-02 3.13257e-05
204 0.50 4.01347e-02 7.34751e-05
205 0.50 3.47982e-02 2.20198e-05
206 0.50 3.62882e-02 5.20797e-05
207 0.50 3.19706e-02 6.26901e-05
208 0.50 3.51278e-02 7.53142e-05
209 0.50 3.43889e-02 3.03077e-05
210 0.50 3.47550e-02 5.92387e-05
211 0.50 3.59963e-02 5.70865e-05
212 0.50 3.72275e-02 6.70576e-05
213 0.50 3.36719e-02 6.80798e-05
214 0.50 3.44763e-02 4.93500e-05
215 0.50 3.72838e-02 6.79539e-05
216 0.50 3.85610e-02 5.65903e-05
217 0.50 3.46976e-02 3.49186e-05
218 0.50 3.99336e-02 4.53498e-05
219 0.50 3.74918e-02 9.62599e-05
220 0.50 3.44319e-02 5.68595e-05
221 0.50 3.45740e-02 4.58660e-05
222 0.50 3.58883e-02 5.32313e-05
223 0.50 3.72638e-02 6.14632e-05
224 0.50 3.23984e-02 6.08368e-05
225 0.50 3.66209e-02 4.31476e-05
226 0.50 3.47943e-02 5.76153e-05
227 0.50 3.60222e-02 6.48459e-05
228 0.50 3.32249e-02 4.56487e-05
229 0.50 3.39466e-02 4.72709e-05
230 0.50 3.59888e-02 3.06524e-05
231 0.50 4.46503e-02 7.58211e-05
232 0.50 3.49798e-02 4.74274e-05
233 0.50 4.09662e-02 8.22146e-05
234 0.50 3.40208e-02 3.22407e-05
235 0.50 3.67794e-02 4.75837e-05
236 0.50 4.02226e-02 3.51165e-05
237 0.50 3.66334e-02 3.49841e-05
238 0.50 3.65276e-02 4.90630e-05
239 0.50 3.73809e-02 5.15183e-05
240 0.50 3.64371e-02 6.01561e-05
241 0.50 3.52133e-02 8.90672e-05
242 0.50 3.73737e-02 6.80455e-05
243 0.50 3.95202e-02 5.11203e-05
244 0.50 3.46325e-02 6.24760e-05
245 0.50 3.30779e-02 3.85880e-05
246 0.50 3.60256e-02 4.93359e-05
247 0.50 4.16694e-02 4.53281e-05
248 0.50 3.96594e-02 4.89213e-05
249 0.50 3.49355e-02 6.72067e-05
250 0.50 3.47947e-02 3.47174e-05
251 0.50 3.68962e-02 8.56613e-05
252 0.50 4.12078e-02 5.81172e-05
253 0.50 2.92643e-02 3.73958e-05
254 0.50 3.70902e-02 4.51298e-05
255 0.50 3.45779e-02 2.95421e-05
256 0.50 3.79819e-02 5.05814e-05
257 0.50 3.29466e-02 5.07272e-05
258 0.50 3.42408e-02 5.51555e-05
259 0.50 3.67535e-02 5.21292e-05
260 0.50 3.64031e-02 5.85947e-05
261 0.50 3.36289e-02 4.79179e-05
262 0.50 3.21528e-02 6.04284e-05
263 0.50 3.51489e-02 4.96805e-05
264 0.50 3.50982e-02 3.37969e-05
265 0.50 3.20402e-02 3.49913e-05
266 0.50 3.49591e-02 3.90738e-05
267 0.50 3.58668e-02 6.12299e-05
268 0.50 3.26826e-02 3.58265e-05
269 0.50 3.25379e-02 3.86649e-05
270 0.50 3.35689e-02 4.86475e-05
271 0.50 3.77244e-02 5.25263e-05
272 0.50 3.35526e-02 5.27623e-05
273 0.50 3.15339e-02 3.36835e-05
274 0.50 3.56483e-02 6.62653e-05
275 0.50 3.70328e-02 6.69623e-05
276 0.50 3.42711e-02 8.48207e-05
277 0.50 3.65512e-02 7.20978e-05
278 0.50 3.57150e-02 6.03413e-05
279 0.50 3.03890e-02 4.68791e-05
280 0.50 3.43512e-02 3.14225e-05
281 0.50 3.79925e-02 7.16991e-05
282 0.50 3.44867e-02 4.75496e-05
283 0.50 3.87673e-02 6.25518e-05
284 0.50 3.97566e-02 5.73804e-05
285 0.50 3.58485e-02 5.35911e-05
286 0.50 3.67840e-02 6.58476e-05
287 0.50 3.61270e-02 6.13763e-05
288 0.50 4.02336e-02 5.65063e-05
289 0.50 4.07992e-02 8.55283e-05
290 0.50 2.88067e-02 3.06182e-05
291 0.50 3.76047e-02 5.44789e-05
292 0.50 3.43130e-02 5.59431e-05
293 0.50 3.77325e-02 5.70209e-05
294 0.50 3.63463e-02 5.06889e-05
295 0.50 3.78403e-02 5.26774e-05
296 0.50 3.60980e-02 4.49782e-05
297 0.50 3.41323e-02 4.40153e-05
298 0.50 3.21471e-02 6.10563e-05
299 0.50 3.14117e-02 3.74710e-05
300 0.50 3.83096e-02 7.47821e-05
301 0.50 3.537880032863e-02 5.7518578e-06
302 0.50 3.655042469022e-02 1.3347880e-05
303 0.50 3.329277686342e-02 8.5386332e-06
304 0.50 3.356249233855e-02 7.9905371e-06
305 0.50 3.342870024437e-02 2.5234890e-06
306 0.50 3.256947888180e-02 3.9444089e-06
307 0.50 3.572670139644e-02 5.4179799e-06
308 0.50 3.425055576668e-02 6.3035404e-06
309 0.50 3.272892206252e-02 1.0352294e-05
310 0.50 3.882707978964e-02 7.6833024e-06
311 0.50 3.565810559925e-02 1.9679057e-05
312 0.50 3.595050619718e-02 4.4441408e-06
313 0.50 4.424240405591e-02 5.8296282e-06
314 0.50 3.625330330046e-02 4.6259123e-06
315 0.50 3.348440762409e-02 1.7389463e-05
316 0.50 4.027797383800e-02 1.2212197e-05
317 0.50 3.649404719835e-02 1.2261878e-05
318 0.50 3.619761482120e-02 6.7199742e-06
319 0.50 3.964646233172e-02 1.5569687e-05
320 0.50 3.598770888747e-02 1.7540969e-05
321 0.50 3.523890332819e-02 1.5084450e-05
322 0.50 4.068777862257e-02 1.5079729e-05
323 0.50 3.656118214718e-02 7.8724921e-06
324 0.50 3.224805641769e-02 5.4737490e-06
325 0.50 3.898576318405e-02 4.8986224e-06
326 0.50 3.640546651596e-02 1.0852437e-05
327 0.50 3.453723166323e-02 1.4813678e-05
328 0.50 3.718142235567e-02 9.5311694e-06
329 0.50 3.052579342991e-02 6.8675210e-06
330 0.50 3.961568756055e-02 1.6336146e-05
331 0.50 4.115288095007e-02 6.4832437e-06
332 0.50 3.541704742710e-02 7.2969042e-06
333 0.50 3.680190178182e-02 1.7831750e-05
334 0.50 3.480206867042e-02 1.3401769e-05
335 0.50 3.773537617927e-02 8.0897466e-06
336 0.50 3.123358647084e-02 2.2252595e-06
337 0.50 3.330199543404e-02 9.7971629e-06
338 0.50 3.439140130048e-02 8.6638235e-06
339 0.50 3.454085353881e-02 1.5711213e-05
340 0.50 3.489439987481e-02 1.6089178e-05
341 0.50 3.655661586802e-02 6.9029357e-06
342 0.50 3.572617045033e-02 3.2405269e-06
343 0.50 3.615716083826e-02 1.0879408e-05
344 0.50 3.410841746986e-02 1.5036165e-05
345 0.50 3.094869512812e-02 5.0431564e-06
346 0.50 3.381184379960e-02 1.0091626e-05
347 0.50 3.328389146692e-02 1.1386683e-05
348 0.50 3.882030656223e-02 1.9902744e-05
349 0.50 3.630686668441e-02 2.4127271e-06
350 0.50 3.502241733865e-02 1.2193448e-05
351 0.50 3.612445023758e-02 1.0829029e-05
352 0.50 3.647716385648e-02 2.3187118e-06
353 0.50 3.868560983239e-02 1.0840936e-05
354 0.50 3.747636076879e-02 1.2983909e-05
355 0.50 4.145693510054e-02 7.6651813e-06
356 0.50 3.785885116164e-02 4.7330805e-06
357 0.50 3.750127452934e-02 5.5678992e-06
358 0.50 3.578317813036e-02 1.8544188e-05
359 0.50 3.323648913404e-02 1.2923860e-05
360 0.50 3.325144656562e-02 3.8619879e-06
361 0.50 3.447847889434e-02 1.0120204e-05
362 0.50 3.747733767055e-02 1.8191914e-05
363 0.50 3.742368976081e-02 1.5367765e-05
364 0.50 4.040089273642e-02 9.1024495e-06
365 0.50 3.785743685278e-02 1.4502745e-05
366 0.50 3.715993625238e-02 1.1677275e-05
367 0.50 3.230863377963e-02 4.0761276e-06
368 0.50 3.620456709358e-02 2.1777053e-05
369 0.50 3.663466445353e-02 4.0106600e-06
370 0.50 3.471644731357e-02 7.7786392e-06
371 0.50 3.246026402727e-02 7.3288962e-06
372 0.50 3.343718508309e-02 1.0512049e-05
373 0.50 4.168600099963e-02 1.0237421e-05
374 0.50 3.864675934718e-02 4.7087265e-06
375 0.50 3.716190826931e-02 9.1155912e-06
376 0.50 3.932105177071e-02 2.4577218e-05
377 0.50 3.421796359753e-02 1.3888664e-05
378 0.50 4.007164223936e-02 1.5528305e-05
379 0.50 3.331786115335e-02 6.5559347e-06
380 0.50 3.289136798603e-02 8.0623784e-06
381 0.50 3.772760065588e-02 6.0317653e-06
382 0.50 3.965069486264e-02 1.4183477e-05
383 0.50 3.371535278066e-02 3.7848868e-06
384 0.50 3.730525907799e-02 8.2623025e-06
385 0.50 3.232312258278e-02 7.4773550e-06
386 0.50 3.618658297102e-02 1.2458513e-05
387 0.50 3.442269559860e-02 9.2191979e-06
388 0.50 2.904154235322e-02 9.6222656e-06
389 0.50 4.028885422489e-02 1.9346861e-05
390 0.50 3.275481265021e-02 1.1343471e-05
391 0.50 3.738895321432e-02 1.1948991e-05
392 0.50 3.927408595451e-02 2.2060021e-05
393 0.50 3.785993182853e-02 7.0396649e-06
394 0.50 3.797460606361e-02 1.7442362e-05
395 0.50 3.514822431368e-02 5.1240647e-06
396 0.50 3.525118331880e-02 8.7649946e-06
397 0.50 3.208935494216e-02 2.0212261e-06
398 0.50 3.597749086883e-02 2.0333622e-05
399 0.50 3.660655613575e-02 1.3261839e-05
400 0.50 3.726588288445e-02 7.1356564e-06
401 0.50 3.884645625457e-02 6.0055904e-06
402 0.50 3.524445391468e-02 4.8936874e-06
403 0.50 4.159398869268e-02 3.8197605e-06
404 0.50 3.480107506670e-02 2.7641292e-06
405 0.50 3.504359740222e-02 1.8732922e-05
406 0.50 3.578310768494e-02 8.7207828e-06
407 0.50 4.139019128125e-02 1.3977359e-05
408 0.50 3.864389568909e-02 2.2572072e-06
409 0.50 3.433523729883e-02 5.4921951e-06
410 0.50 3.307374056393e-02 1.1636865e-05
411 0.50 3.443877223162e-02 1.3622246e-05
412 0.50 3.655285514697e-02 1.3269940e-05
413 0.50 3.560189854849e-02 1.1277588e-05
414 0.50 3.294747341047e-02 3.5226263e-06
415 0.50 4.104684210227e-02 1.3719846e-05
416 0.50 4.052676267846e-02 9.5311204e-06
417 0.50 3.563624116708e-02 4.7279885e-06
418 0.50 3.584106196902e-02 7.1603055e-06
419 0.50 3.358699564376e-02 7.4866646e-06
420 0.50 3.784946157661e-02 1.3019735e-05
421 0.50 3.961092704404e-02 1.2007236e-05
422 0.50 3.729827982055e-02 5.6018693e-06
423 0.50 3.996992751799e-02 8.1396754e-06
424 0.50 3.482580881870e-02 6.2410928e-06
425 0.50 3.658126629393e-02 1.2602075e-05
426 0.50 3.578317694235e-02 1.1421911e-05
427 0.50 3.952152652018e-02 6.3673144e-06
428 0.50 3.425260537080e-02 2.5000556e-05
429 0.50 4.224142003840e-02 1.5449149e-06
430 0.50 4.046146051043e-02 1.2828065e-05
431 0.50 3.536578860135e-02 1.6241006e-05
432 0.50 3.830831710414e-02 8.2439666e-06
433 0.50 3.625915219611e-02 1.3569826e-05
434 0.50 3.096854809208e-02 5.2778755e-06
435 0.50 4.300457261914e-02 1.0715725e-05
436 0.50 3.629204391193e-02 1.0372738e-05
437 0.50 3.892199636061e-02 8.4492387e-06
438 0.50 3.583031122053e-02 1.1080974e-05
439 0.50 3.211819875525e-02 6.7040848e-06
440 0.50 3.263667033512e-02 5.2023221e-06
441 0.50 3.640646599698e-02 4.6858230e-06
442 0.50 4.183161910400e-02 1.3073114e-05
443 0.50 3.006457271583e-02 1.8873058e-06
444 0.50 3.410310023694e-02 2.6313421e-05
445 0.50 3.948899596815e-02 8.8107080e-06
446 0.50 3.608438232947e-02 3.8102347e-06
447 0.50 3.467972180056e-02 2.6557509e-06
448 0.50 3.489728937434e-02 1.0150335e-05
449 0.50 3.219560412141e-02 9.1761454e-06
450 0.50 3.703198095909e-02 8.9574771e-06
451 0.50 4.183173712892e-02 1.5302748e-05
452 0.50 4.038980201430e-02 8.0590648e-06
453 0.50 3.689241026734e-02 1.3316632e-05
454 0.50 3.841096468563e-02 7.4586694e-06
455 0.50 3.126712107353e-02 4.6535012e-06
456 0.50 3.945495685305e-02 8.0512388e-06
457 0.50 3.790370417753e-02 2.4611067e-05
458 0.50 3.647676490768e-02 4.2819805e-06
459 0.50 3.392906245358e-02 4.6086060e-06
460 0.50 3.891835093960e-02 8.9374975e-06
461 0.50 3.578694224788e-02 3.7608574e-06
462 0.50 3.544338289346e-02 7.1014508e-06
463 0.50 3.397409727731e-02 9.5418395e-06
464 0.50 4.283809184172e-02 1.2248516e-05
465 0.50 3.604352343201e-02 1.0487254e-05
466 0.50 3.321415746205e-02 6.6517098e-06
467 0.50 3.533310290508e-02 4.6799449e-06
468 0.50 3.962056145056e-02 1.1535421e-05
469 0.50 3.506354958036e-02 4.6258795e-06
470 0.50 3.614217753899e-02 1.4768371e-05
471 0.50 3.574059758942e-02 7.3585917e-06
472 0.50 3.308872268038e-02 7.3343058e-06
473 0.50 3.613355632667e-02 8.6700758e-06
474 0.50 3.372963471568e-02 4.5933101e-06
475 0.50 3.343146354755e-02 6.5021388e-06
476 0.50 3.700313965660e-02 9.0565347e-06
477 0.50 3.991092783911e-02 1.1036144e-05
478 0.50 3.606495733503e-02 8.1181152e-06
479 0.50 3.516036625077e-02 5.6337710e-06
480 0.50 3.435802489116e-02 9.8677342e-06
481 0.50 3.612466348992e-02 9.2216302e-06
482 0.50 3.894078870808e-02 1.2868196e-05
483 0.50 3.298005049476e-02 7.5543365e-06
484 0.50 3.207092896307e-02 5.0756066e-06
485 0.50 3.650765080775e-02 1.5206483e-05
486 0.50 3.724548754385e-02 1.4918442e-05
487 0.50 3.424193126793e-02 7.3310227e-06
488 0.50 3.181138492314e-02 4.3842121e-06
489 0.50 3.549719425587e-02 4.4001003e-06
490 0.50 3.156497556462e-02 1.0780842e-05
491 0.50 3.397477822698e-02 9.2497954e-06
492 0.50 3.461403922576e-02 6.4067697e-06
493 0.50 3.318189836464e-02 4.5867153e-06
494 0.50 3.724650121066e-02 1.1286051e-05
495 0.50 3.670791986455e-02 8.2822607e-06
496 0.50 3.619976330966e-02 1.1828981e-05
497 0.50 3.766706770662e-02 5.2997902e-06
498 0.50 3.181608900817e-02 1.7254682e-06
499 0.50 3.822593283278e-02 5.6660288e-06
500 0.50 3.497472544187e-02 6.8321005e-06
1 0.75 3.55012e-02 5.15856e-05
2 0.75 3.51105e-02 6.83984e-05
3 0.75 3.25045e-02 5.25850e-05
4 0.75 3.58464e-02 5.14940e-05
5 0.75 4.01574e-02 4.31986e-05
6 0.75 3.31922e-02 4.14210e-05
7 0.75 3.36035e-02 3.66447e-05
8 0.75 3.28574e-02 9.80097e-05
9 0.75 3.53491e-02 5.68670e-05
10 0.75 3.86151e-02 7.37297e-05
11 0.75 3.52972e-02 7.80756e-05
12 0.75 3.87932e-02 6.87798e-05
13 0.75 4.11314e-02 6.52616e-05
14 0.75 3.21915e-02 5.20368e-05
15 0.75 3.51886e-02 5.45223e-05
16 0.75 3.13285e-02 5.43755e-05
17 0.75 3.90494e-02 7.90787e-05
18 0.75 3.83776e-02 6.77125e-05
19 0.75 3.31294e-02 4.56073e-05
20 0.75 4.16824e-02 6.30143e-05
21 0.75 3.14924e-02 2.98266e-05
22 0.75 3.35017e-02 3.24147e-05
23 0.75 3.67151e-02 5.53863e-05
24 0.75 3.44741e-02 6.24201e-05
25 0.75 3.41691e-02 5.78967e-05
26 0.75 3.86865e-02 6.58481e-05
27 0.75 3.67849e-02 5.46935e-05
28 0.75 3.88020e-02 4.89947e-05
29 0.75 3.96147e-02 6.73114e-05
30 0.75 3.41918e-02 6.05466e-05
31 0.75 3.90038e-02 8.52542e-05
32 0.75 3.45773e-02 4.50075e-05
33 0.75 4.17083e-02 6.14092e-05
34 0.75 3.38783e-02 5.69723e-05
35 0.75 3.28269e-02 3.62741e-05
36 0.75 2.99829e-02 5.71314e-05
37 0.75 2.95152e-02 5.62933e-05
38 0.75 3.75783e-02 5.75618e-05
39 0.75 3.47131e-02 4.23623e-05
40 0.75 3.18633e-02 7.57976e-05
41 0.75 3.14108e-02 3.53722e-05
42 0.75 3.84034e-02 8.37833e-05
43 0.75 4.07282e-02 6.28212e-05
44 0.75 3.49393e-02 4.53512e-05
45 0.75 3.38578e-02 3.85102e-05
46 0.75 3.50972e-02 6.28147e-05
47 0.75 3.13735e-02 4.64460e-05
48 0.75 3.64272e-02 4.27961e-05
49 0.75 4.08115e-02 5.94742e-05
50 0.75 3.52296e-02 7.38113e-05
51 0.75 3.66660e-02 4.03002e-05
52 0.75 3.13027e-02 4.10368e-05
53 0.75 3.23542e-02 6.65277e-05
54 0.75 3.16375e-02 4.26152e-05
55 0.75 3.39032e-02 5.28578e-05
56 0.75 3.76541e-02 6.77779e-05
57 0.75 3.40693e-02 5.11165e-05
58 0.75 3.50802e-02 5.52473e-05
59 0.75 3.35814e-02 8.08361e-05
60 0.75 4.06825e-02 6.18691e-05
61 0.75 3.88668e-02 4.79212e-05
62 0.75 3.33333e-02 6.09947e-05
63 0.75 3.97556e-02 5.09200e-05
64 0.75 3.50904e-02 4.53785e-05
65 0.75 3.46473e-02 4.18509e-05
66 0.75 3.61095e-02 4.66760e-05
67 0.75 3.78766e-02 7.64837e-05
68 0.75 3.01993e-02 5.82748e-05
69 0.75 3.66287e-02 6.68888e-05
70 0.75 3.39371e-02 6.56578e-05
71 0.75 3.74150e-02 5.24853e-05
72 0.75 3.24633e-02 4.21385e-05
73 0.75 3.27975e-02 5.66068e-05
74 0.75 4.04393e-02 4.44891e-05
75 0.75 3.74718e-02 7.89830e-05
76 0.75 3.64944e-02 5.65439e-05
77 0.75 3.28483e-02 5.79107e-05
78 0.75 3.23806e-02 4.40850e-05
79 0.75 3.50199e-02 3.89956e-05
80 0.75 3.96596e-02 6.13706e-05
81 0.75 4.00947e-02 6.97336e-05
82 0.75 3.96508e-02 6.56278e-05
83 0.75 3.46547e-02 4.26224e-05
84 0.75 3.57879e-02 4.56289e-05
85 0.75 3.55540e-02 5.86755e-05
86 0.75 4.03740e-02 8.78056e-05
87 0.75 3.58904e-02 2.99577e-05
88 0.75 2.95819e-02 4.30421e-05
89 0.75 3.90366e-02 6.35808e-05
90 0.75 3.41129e-02 4.04709e-05
91 0.75 3.76732e-02 6.21094e-05
92 0.75 3.47134e-02 5.33881e-05
93 0.75 4.00071e-02 7.20143e-05
94 0.75 3.57973e-02 7.05909e-05
95 0.75 3.20997e-02 3.75015e-05
96 0.75 3.55340e-02 8.00933e-05
97 0.75 3.59776e-02 7.65361e-05
98 0.75 3.92379e-02 6.64081e-05
99 0.75 3.76483e-02 6.94373e-05
100 0.75 3.43923e-02 4.08434e-05
101 0.75 3.13165e-02 4.69705e-05
102 0.75 3.39167e-02 4.42885e-05
103 0.75 3.34079e-02 5.90018e-05
104 0.75 3.58572e-02 5.89014e-05
105 0.75 3.57711e-02 5.38264e-05
106 0.75 4.44765e-02 6.20385e-05
107 0.75 3.50505e-02 5.69367e-05
108 0.75 3.89374e-02 6.07619e-05
109 0.75 3.88552e-02 8.19774e-05
110 0.75 3.56445e-02 4.72180e-05
111 0.75 3.22387e-02 2.84292e-05
112 0.75 3.30748e-02 9.15868e-05
113 0.75 3.72713e-02 7.12557e-05
114 0.75 3.81934e-02 7.54625e-05
115 0.75 3.04925e-02 4.54438e-05
116 0.75 2.77912e-02 9.18668e-05
117 0.75 3.73194e-02 4.11775e-05
118 0.75 3.71780e-02 5.62640e-05
119 0.75 3.54820e-02 6.04034e-05
120 0.75 3.96830e-02 6.69759e-05
121 0.75 3.97997e-02 5.27461e-05
122 0.75 4.08886e-02 7.40140e-05
123 0.75 3.03916e-02 7.72669e-05
124 0.75 3.84138e-02 5.83026e-05
125 0.75 3.55355e-02 4.82706e-05
126 0.75 4.02991e-02 9.87878e-05
127 0.75 3.41598e-02 5.28706e-05
128 0.75 3.56035e-02 6.42096e-05
129 0.75 3.52728e-02 7.03981e-05
130 0.75 3.55622e-02 6.46402e-05
131 0.75 3.41598e-02 8.72299e-05
132 0.75 4.01803e-02 6.94756e-05
133 0.75 3.76232e-02 5.50060e-05
134 0.75 3.32234e-02 5.60925e-05
135 0.75 3.63653e-02 6.26556e-05
136 0.75 3.43508e-02 4.77407e-05
137 0.75 3.62939e-02 4.41922e-05
138 0.75 3.23678e-02 3.53536e-05
139 0.75 3.14338e-02 6.64483e-05
140 0.75 3.90327e-02 5.82265e-05
141 0.75 2.93003e-02 5.10457e-05
142 0.75 3.70943e-02 1.00606e-04
143 0.75 3.53173e-02 4.71811e-05
144 0.75 3.62543e-02 6.66089e-05
145 0.75 3.41257e-02 3.90929e-05
146 0.75 3.71956e-02 5.43294e-05
147 0.75 3.95895e-02 7.99052e-05
148 0.75 3.58019e-02 5.30424e-05
149 0.75 4.07695e-02 6.59910e-05
150 0.75 3.41478e-02 3.65805e-05
151 0.75 3.56748e-02 5.93465e-05
152 0.75 4.08292e-02 6.38230e-05
153 0.75 3.61585e-02 6.38004e-05
154 0.75 3.57632e-02 5.17546e-05
155 0.75 3.61561e-02 8.13843e-05
156 0.75 4.10481e-02 5.37557e-05
157 0.75 3.63586e-02 4.91165e-05
158 0.75 3.91023e-02 6.53501e-05
159 0.75 3.27601e-02 5.90043e-05
160 0.75 3.62100e-02 5.84650e-05
161 0.75 3.36759e-02 3.24749e-05
162 0.75 3.27453e-02 4.15853e-05
163 0.75 3.50424e-02 8.12447e-05
164 0.75 4.02484e-02 7.25294e-05
165 0.75 3.91809e-02 8.27756e-05
166 0.75 4.05491e-02 6.39416e-05
167 0.75 3.54316e-02 6.83072e-05
168 0.75 3.42850e-02 5.62869e-05
169 0.75 3.73439e-02 3.97503e-05
170 0.75 3.79623e-02 5.68646e-05
171 0.75 4.04946e-02 6.61344e-05
172 0.75 3.68672e-02 5.43544e-05
173 0.75 4.56098e-02 9.94907e-05
174 0.75 3.77565e-02 5.60832e-05
175 0.75 3.80335e-02 5.93051e-05
176 0.75 3.66770e-02 5.66191e-05
177 0.75 3.85690e-02 6.99519e-05
178 0.75 3.64190e-02 1.00150e-04
179 0.75 3.51851e-02 5.95233e-05
180 0.75 3.27760e-02 5.90125e-05
181 0.75 3.62654e-02 5.92432e-05
182 0.75 3.46810e-02 5.29175e-05
183 0.75 4.15154e-02 9.51383e-05
184 0.75 4.21179e-02 1.07307e-04
185 0.75 4.46276e-02 1.35944e-04
186 0.75 3.85628e-02 6.81347e-05
187 0.75 2.96036e-02 4.58666e-05
188 0.75 3.45073e-02 5.58815e-05
189 0.75 3.05371e-02 5.05074e-05
190 0.75 3.82923e-02 4.03910e-05
191 0.75 3.17010e-02 3.43158e-05
192 0.75 3.43363e-02 5.28517e-05
193 0.75 3.61039e-02 4.09360e-05
194 0.75 3.38066e-02 4.97612e-05
195 0.75 4.07736e-02 8.30518e-05
196 0.75 4.07398e-02 9.01904e-05
197 0.75 3.62473e-02 5.26398e-05
198 0.75 3.74462e-02 9.01700e-05
199 0.75 3.80208e-02 5.15120e-05
200 0.75 3.69784e-02 5.46775e-05
201 0.75 3.36574e-02 4.33828e-05
202 0.75 3.25626e-02 4.13883e-05
203 0.75 3.53724e-02 4.67606e-05
204 0.75 3.73506e-02 5.86634e-05
205 0.75 3.67926e-02 6.15403e-05
206 0.75 3.63768e-02 5.30249e-05
207 0.75 3.22552e-02 7.68987e-05
208 0.75 3.23801e-02 3.26191e-05
209 0.75 3.48177e-02 4.66887e-05
210 0.75 3.63982e-02 6.76249e-05
211 0.75 3.46349e-02 2.82879e-05
212 0.75 3.69725e-02 6.71051e-05
213 0.75 3.05910e-02 5.23267e-05
214 0.75 3.34584e-02 3.79720e-05
215 0.75 3.63669e-02 4.11455e-05
216 0.75 3.82985e-02 5.26447e-05
217 0.75 3.30080e-02 4.83647e-05
218 0.75 4.12330e-02 7.60816e-05
219 0.75 3.37328e-02 4.97223e-05
220 0.75 3.39613e-02 8.86587e-05
221 0.75 3.23983e-02 4.29579e-05
222 0.75 3.47765e-02 5.50253e-05
223 0.75 3.57616e-02 5.23321e-05
224 0.75 3.31363e-02 5.64528e-05
225 0.75 3.77229e-02 4.44034e-05
226 0.75 3.54377e-02 4.50898e-05
227 0.75 3.59646e-02 5.77799e-05
228 0.75 3.00527e-02 2.55285e-05
229 0.75 3.20043e-02 5.17578e-05
230 0.75 3.62485e-02 5.05891e-05
231 0.75 4.06990e-02 5.09536e-05
232 0.75 3.56090e-02 8.35329e-05
233 0.75 4.04497e-02 1.06838e-04
234 0.75 3.29541e-02 6.05770e-05
235 0.75 3.24290e-02 3.26172e-05
236 0.75 3.90133e-02 6.12281e-05
237 0.75 3.99345e-02 6.96244e-05
238 0.75 3.52953e-02 4.96289e-05
239 0.75 3.50105e-02 6.26117e-05
240 0.75 3.51346e-02 4.99074e-05
241 0.75 3.31750e-02 6.12964e-05
242 0.75 3.75085e-02 8.11727e-05
243 0.75 4.10137e-02 6.77978e-05
244 0.75 3.45395e-02 9.24119e-05
245 0.75 3.48784e-02 6.14892e-05
246 0.75 3.77639e-02 5.39436e-05
247 0.75 4.03305e-02 5.85198e-05
248 0.75 3.76160e-02 4.73820e-05
249 0.75 3.59542e-02 1.00949e-04
250 0.75 3.48281e-02 5.73407e-05
251 0.75 3.61767e-02 6.03862e-05
252 0.75 3.88914e-02 5.39004e-05
253 0.75 2.74669e-02 6.44134e-05
254 0.75 3.81407e-02 9.06666e-05
255 0.75 3.43503e-02 4.50706e-05
256 0.75 3.66526e-02 4.93952e-05
257 0.75 3.24931e-02 5.23046e-05
258 0.75 3.27874e-02 4.16595e-05
259 0.75 3.49613e-02 3.91621e-05
260 0.75 3.86000e-02 5.86874e-05
261 0.75 3.21314e-02 5.46105e-05
262 0.75 3.27839e-02 3.80546e-05
263 0.75 3.50175e-02 3.40721e-05
264 0.75 3.40315e-02 8.52006e-05
265 0.75 3.48605e-02 6.10895e-05
266 0.75 3.74153e-02 7.01920e-05
267 0.75 3.18128e-02 3.39712e-05
268 0.75 3.24676e-02 8.83200e-05
269 0.75 3.20833e-02 4.04321e-05
270 0.75 3.30720e-02 5.49392e-05
271 0.75 3.57920e-02 2.78589e-05
272 0.75 3.23180e-02 5.90047e-05
273 0.75 3.22304e-02 4.27243e-05
274 0.75 3.41348e-02 6.43869e-05
275 0.75 3.64714e-02 4.83619e-05
276 0.75 3.26163e-02 4.45660e-05
277 0.75 3.53190e-02 5.05349e-05
278 0.75 3.60859e-02 5.73914e-05
279 0.75 3.08386e-02 7.77595e-05
280 0.75 3.30024e-02 3.25267e-05
281 0.75 3.71464e-02 4.98007e-05
282 0.75 3.36622e-02 4.67705e-05
283 0.75 3.89557e-02 6.61801e-05
284 0.75 3.71020e-02 4.34286e-05
285 0.75 3.32970e-02 4.62039e-05
286 0.75 3.43338e-02 3.92401e-05
287 0.75 3.79263e-02 5.64085e-05
288 0.75 4.18666e-02 8.11904e-05
289 0.75 3.93434e-02 8.55153e-05
290 0.75 2.72837e-02 3.57485e-05
291 0.75 3.72603e-02 7.33163e-05
292 0.75 3.49950e-02 6.08467e-05
293 0.75 3.77470e-02 4.54964e-05
294 0.75 3.35496e-02 4.10724e-05
295 0.75 3.83613e-02 7.16018e-05
296 0.75 3.58746e-02 3.25037e-05
297 0.75 3.51215e-02 4.96372e-05
298 0.75 3.23683e-02 5.87905e-05
299 0.75 3.37831e-02 7.99309e-05
300 0.75 3.86509e-02 5.87309e-05
301 0.75 3.869582794035e-02 4.9557286e-06
302 0.75 3.841633468559e-02 9.8123181e-06
303 0.75 3.315155597457e-02 8.6622229e-06
304 0.75 3.531447888403e-02 1.0003957e-05
305 0.75 3.552206156696e-02 1.5463505e-05
306 0.75 3.336812299845e-02 8.5345383e-06
307 0.75 3.568072957523e-02 1.3496916e-05
308 0.75 3.491610630881e-02 9.0803143e-06
309 0.75 3.068046923833e-02 9.3860535e-06
310 0.75 3.698617221313e-02 1.3336317e-05
311 0.75 3.435817615740e-02 2.1898610e-05
312 0.75 3.591361986854e-02 5.8861553e-06
313 0.75 4.321235811796e-02 1.0326224e-05
314 0.75 3.603881746551e-02 5.6815975e-06
315 0.75 3.455614776221e-02 1.3195858e-05
316 0.75 3.749464165421e-02 1.7420181e-05
317 0.75 3.664102686408e-02 1.9539330e-05
318 0.75 3.548849524109e-02 1.4384364e-05
319 0.75 4.045404655770e-02 7.7086814e-06
320 0.75 3.198503086530e-02 7.1444516e-06
321 0.75 3.527649094834e-02 1.7904333e-05
322 0.75 4.000653631574e-02 1.2079501e-05
323 0.75 3.355631758970e-02 6.2903110e-06
324 0.75 3.030744886806e-02 4.1299320e-06
325 0.75 3.689644324233e-02 7.3797453e-06
326 0.75 3.571880914558e-02 7.8142419e-06
327 0.75 3.485320207747e-02 1.7063147e-05
328 0.75 3.477207520732e-02 8.1187921e-06
329 0.75 2.872293699330e-02 2.9091246e-06
330 0.75 3.776479125295e-02 8.7190957e-06
331 0.75 3.913024643669e-02 7.1583987e-06
332 0.75 3.396836049451e-02 1.3278854e-05
333 0.75 3.868032369942e-02 1.6519523e-05
334 0.75 3.211472876925e-02 6.1452274e-06
335 0.75 3.632237519467e-02 5.9122466e-06
336 0.75 3.120604480671e-02 6.4619496e-06
337 0.75 3.491402061022e-02 9.2139951e-06
338 0.75 3.336512804984e-02 5.5397149e-06
339 0.75 3.428593226235e-02 5.1422790e-06
340 0.75 3.489926346511e-02 9.2673890e-06
341 0.75 3.423914201666e-02 3.5019925e-06
342 0.75 3.496855473015e-02 5.4280176e-06
343 0.75 3.645632017900e-02 4.0529268e-06
344 0.75 3.514205179235e-02 2.8414074e-05
345 0.75 3.378884795015e-02 1.1123183e-05
346 0.75 3.496750937065e-02 6.4346938e-06
347 0.75 3.313447047079e-02 4.4795392e-06
348 0.75 3.745681332715e-02 9.8042634e-06
349 0.75 3.731142307839e-02 5.5017336e-06
350 0.75 3.666889663065e-02 9.6248520e-06
351 0.75 3.543382704852e-02 7.3475890e-06
352 0.75 3.823751241526e-02 1.5725852e-05
353 0.75 3.853791735620e-02 3.6266915e-06
354 0.75 3.818401861971e-02 1.6983572e-05
355 0.75 4.100730000889e-02 2.0492474e-05
356 0.75 3.704501593833e-02 9.1716440e-06
357 0.75 3.633751926514e-02 1.9281823e-05
358 0.75 3.645821202063e-02 6.5762961e-06
359 0.75 3.328446196587e-02 9.4201969e-06
360 0.75 3.314345532405e-02 8.9621206e-06
361 0.75 3.559594590983e-02 1.7442829e-05
362 0.75 3.677787160416e-02 1.2760210e-05
363 0.75 3.346283969402e-02 7.5413137e-06
364 0.75 4.019089808397e-02 1.3577406e-05
365 0.75 3.802946665630e-02 1.3865771e-05
366 0.75 3.659785107614e-02 6.8051538e-06
367 0.75 3.121470604406e-02 5.8882837e-06
368 0.75 3.574311823764e-02 2.6930684e-06
369 0.75 3.923934267482e-02 5.8234217e-06
370 0.75 3.358813018794e-02 1.1108231e-05
371 0.75 3.148587506390e-02 1.3484148e-05
372 0.75 3.298160654688e-02 5.2606226e-06
373 0.75 3.917385843353e-02 1.1833871e-05
374 0.75 4.011905544365e-02 4.4998546e-06
375 0.75 3.704576027188e-02 1.6007655e-05
376 0.75 3.821746570557e-02 9.7228558e-06
377 0.75 3.495307805565e-02 5.5103077e-06
378 0.75 3.777833292062e-02 8.5639973e-06
379 0.75 3.487019362003e-02 4.3290165e-06
380 0.75 3.245786137886e-02 1.0204993e-05
381 0.75 3.747383306519e-02 2.7457493e-05
382 0.75 4.024793302737e-02 9.2195526e-06
383 0.75 3.405347980844e-02 1.1694944e-05
384 0.75 3.732907739052e-02 1.5479722e-05
385 0.75 3.313563634711e-02 1.4795154e-05
386 0.75 3.530814480825e-02 9.5602245e-06
387 0.75 3.397256736465e-02 2.8227574e-05
388 0.75 2.953522244975e-02 8.7935973e-06
389 0.75 3.845399676855e-02 1.4529835e-05
390 0.75 3.149276221721e-02 5.6871443e-06
391 0.75 3.521456311640e-02 1.3352117e-05
392 0.75 3.716236987784e-02 6.3946752e-06
393 0.75 3.762949686896e-02 6.4704420e-06
394 0.75 3.640568007947e-02 2.9206004e-06
395 0.75 3.208763724424e-02 1.5915948e-05
396 0.75 3.570031628979e-02 1.1007321e-05
397 0.75 3.108358819887e-02 3.9683251e-06
398 0.75 3.727992259572e-02 1.4725610e-05
399 0.75 3.793205702411e-02 2.5689833e-05
400 0.75 3.858624696090e-02 1.0888855e-05
401 0.75 3.853752862756e-02 1.3903621e-05
402 0.75 3.238062946015e-02 3.4545095e-06
403 0.75 4.282968125953e-02 2.2335292e-05
404 0.75 3.500197794899e-02 1.2008520e-05
405 0.75 3.599350220692e-02 7.8892917e-06
406 0.75 3.894056152584e-02 1.3591736e-05
407 0.75 4.022725575736e-02 1.5735104e-05
408 0.75 3.917187673929e-02 7.0231592e-06
409 0.75 3.648371945162e-02 2.9428329e-05
410 0.75 3.096524204018e-02 1.0949803e-05
411 0.75 3.391234136613e-02 7.6275829e-06
412 0.75 3.491719213356e-02 1.6676065e-05
413 0.75 3.725938381270e-02 1.1604422e-05
414 0.75 3.447146692245e-02 9.3463000e-06
415 0.75 3.603476810789e-02 7.7271757e-06
416 0.75 3.935599205306e-02 9.7451663e-06
417 0.75 3.478851441287e-02 1.3684190e-05
418 0.75 3.590897502448e-02 8.3946759e-06
419 0.75 3.335691648296e-02 1.0443437e-05
420 0.75 3.600997657576e-02 5.5259952e-06
421 0.75 3.903481145969e-02 3.3477036e-06
422 0.75 3.877219095110e-02 1.7347480e-05
423 0.75 4.092707832002e-02 8.8664683e-06
424 0.75 3.566711958909e-02 1.2499265e-05
425 0.75 3.767411053026e-02 1.0916383e-05
426 0.75 3.692907529307e-02 1.0262549e-05
427 0.75 3.970874551349e-02 7.0120608e-06
428 0.75 3.344017197387e-02 9.0037647e-06
429 0.75 4.268203246749e-02 2.1462286e-05
430 0.75 4.266744042723e-02 1.8221006e-05
431 0.75 3.602809488348e-02 1.1631373e-05
432 0.75 3.831787303223e-02 1.7959852e-05
433 0.75 3.392861219465e-02 1.0951934e-05
434 0.75 3.234506415245e-02 7.4575894e-06
435 0.75 4.148854371244e-02 1.0998105e-05
436 0.75 3.546937183605e-02 7.2753080e-06
437 0.75 3.584727837734e-02 6.0368135e-06
438 0.75 3.627139552607e-02 1.8118548e-05
439 0.75 3.086663261376e-02 1.1132043e-05
440 0.75 3.470597977725e-02 8.0525283e-06
441 0.75 3.643209466075e-02 2.4569952e-06
442 0.75 4.004259185743e-02 8.7701847e-06
443 0.75 3.369356163839e-02 5.9954192e-06
444 0.75 3.425249868285e-02 1.5753967e-05
445 0.75 3.667761765605e-02 9.5949161e-06
446 0.75 3.799635325548e-02 8.6769799e-06
447 0.75 3.432106032358e-02 1.1300522e-05
448 0.75 3.262599848923e-02 2.5148159e-06
449 0.75 3.227726705626e-02 1.6912223e-05
450 0.75 3.975055831676e-02 1.9121207e-05
451 0.75 3.810144654677e-02 1.2645865e-05
452 0.75 4.220070884215e-02 1.7530592e-05
453 0.75 3.325699423737e-02 1.2194461e-05
454 0.75 3.998895454721e-02 1.5294145e-05
455 0.75 3.097572301053e-02 6.1955542e-06
456 0.75 3.908852653802e-02 2.3979857e-05
457 0.75 3.569584492959e-02 1.8132263e-05
458 0.75 3.718769584564e-02 1.2591717e-05
459 0.75 3.244963002473e-02 1.0994935e-05
460 0.75 3.923366920693e-02 5.8935147e-06
461 0.75 3.636505987031e-02 1.5750776e-05
462 0.75 3.444734927711e-02 1.3026191e-05
463 0.75 3.270304774570e-02 9.0545840e-06
464 0.75 4.029982363550e-02 4.8961820e-06
465 0.75 3.422282493770e-02 1.9344409e-05
466 0.75 3.052588770981e-02 5.4831839e-06
467 0.75 3.530554641587e-02 8.0814836e-06
468 0.75 4.027342396630e-02 1.1067276e-05
469 0.75 3.568082940317e-02 1.2866772e-05
470 0.75 3.765685006875e-02 1.3197489e-05
471 0.75 3.404325026305e-02 3.5663641e-06
472 0.75 3.510403959064e-02 5.4623028e-06
473 0.75 3.672106208692e-02 8.1222040e-06
474 0.75 3.446367959947e-02 7.2939949e-06
475 0.75 3.380463398478e-02 1.3550360e-05
476 0.75 3.550211827343e-02 1.3453162e-05
477 0.75 3.780918750917e-02 9.7908685e-06
478 0.75 3.546866602099e-02 5.6418721e-06
479 0.75 3.494152765091e-02 1.1616120e-05
480 0.75 3.284041953306e-02 1.0733472e-05
481 0.75 3.543876592696e-02 1.9045415e-05
482 0.75 4.107730496311e-02 9.8837089e-06
483 0.75 3.248063390474e-02 8.0297178e-06
484 0.75 3.159292849052e-02 1.8915499e-05
485 0.75 3.695431403921e-02 6.6208522e-06
486 0.75 3.609663141190e-02 9.9049907e-06
487 0.75 3.405308808901e-02 1.7749592e-05
488 0.75 3.010179484815e-02 8.1567998e-06
489 0.75 3.431528457530e-02 1.3142457e-05
490 0.75 3.216222412319e-02 1.4087718e-05
491 0.75 3.422120050383e-02 1.0182861e-05
492 0.75 3.418743362685e-02 1.3130386e-05
493 0.75 3.260805186466e-02 1.2796071e-05
494 0.75 3.471154099306e-02 8.3569956e-06
495 0.75 3.472205396583e-02 6.9776691e-06
496 0.75 3.564845640908e-02 9.4148779e-06
497 0.75 3.915990180419e-02 1.2606128e-05
498 0.75 3.098297622250e-02 6.4341683e-06
499 0.75 3.822105109616e-02 1.4373553e-05
500 0.75 3.562675699013e-02 1.3627624e-05
1 1.00 3.59354e-02 9.03614e-05
2 1.00 3.39456e-02 7.16708e-05
3 1.00 3.20330e-02 4.81759e-05
4 1.00 3.75638e-02 5.42291e-05
5 1.00 4.13874e-02 6.00841e-05
6 1.00 3.09086e-02 5.39448e-05
7 1.00 3.60001e-02 8.21399e-05
8 1.00 3.00232e-02 3.53588e-05
9 1.00 3.52640e-02 5.57082e-05
10 1.00 3.70687e-02 5.01362e-05
11 1.00 3.44618e-02 3.95883e-05
12 1.00 3.68626e-02 7.82956e-05
13 1.00 3.71377e-02 6.62894e-05
14 1.00 3.36940e-02 5.97292e-05
15 1.00 3.49027e-02 5.98834e-05
16 1.00 3.03113e-02 5.59826e-05
17 1.00 3.84909e-02 7.41829e-05
18 1.00 3.94832e-02 8.15827e-05
19 1.00 3.01362e-02 3.85854e-05
20 1.00 4.15966e-02 6.32160e-05
21 1.00 3.06733e-02 7.74223e-05
22 1.00 3.19076e-02 7.27892e-05
23 1.00 3.57474e-02 6.04348e-05
24 1.00 3.18022e-02 6.55768e-05
25 1.00 3.37153e-02 5.13933e-05
26 1.00 3.55622e-02 7.09475e-05
27 1.00 3.52603e-02 5.98932e-05
28 1.00 4.03669e-02 5.12362e-05
29 1.00 3.91573e-02 6.63907e-05
30 1.00 3.19971e-02 4.22078e-05
31 1.00 3.69665e-02 5.81012e-05
32 1.00 3.31737e-02 6.68032e-05
33 1.00 4.05045e-02 6.80830e-05
34 1.00 3.52647e-02 6.83071e-05
35 1.00 3.20921e-02 4.43505e-05
36 1.00 2.69701e-02 3.58962e-05
37 1.00 2.89603e-02 4.83036e-05
38 1.00 3.56427e-02 4.09252e-05
39 1.00 3.67474e-02 9.56868e-05
40 1.00 3.32001e-02 6.00387e-05
41 1.00 3.06033e-02 5.87207e-05
42 1.00 3.99365e-02 6.52529e-05
43 1.00 3.66799e-02 5.25940e-05
44 1.00 3.25942e-02 5.11983e-05
45 1.00 3.25074e-02 6.20416e-05
46 1.00 3.24908e-02 5.17628e-05
47 1.00 3.18601e-02 5.30826e-05
48 1.00 3.67440e-02 6.85366e-05
49 1.00 4.00369e-02 7.29269e-05
50 1.00 3.34854e-02 6.77353e-05
51 1.00 3.86662e-02 6.56822e-05
52 1.00 3.30710e-02 5.53385e-05
53 1.00 3.40714e-02 7.85729e-05
54 1.00 2.96826e-02 6.05876e-05
55 1.00 3.33816e-02 3.89431e-05
56 1.00 3.81396e-02 5.21521e-05
57 1.00 3.56849e-02 6.35518e-05
58 1.00 3.50464e-02 8.34426e-05
59 1.00 3.44010e-02 5.40579e-05
60 1.00 4.05066e-02 5.58071e-05
61 1.00 3.74154e-02 5.28465e-05
62 1.00 3.49763e-02 8.49338e-05
63 1.00 3.73853e-02 4.40323e-05
64 1.00 3.47746e-02 6.59558e-05
65 1.00 3.40191e-02 6.70026e-05
66 1.00 3.63997e-02 5.79703e-05
67 1.00 3.75366e-02 8.67244e-05
68 1.00 2.97021e-02 4.43388e-05
69 1.00 3.82479e-02 8.93626e-05
70 1.00 3.37609e-02 5.44744e-05
71 1.00 3.56812e-02 5.07750e-05
72 1.00 3.28843e-02 3.15129e-05
73 1.00 3.22666e-02 3.90274e-05
74 1.00 4.09514e-02 1.12368e-04
75 1.00 3.44636e-02 7.45168e-05
76 1.00 3.65572e-02 9.18956e-05
77 1.00 3.27628e-02 3.96195e-05
78 1.00 2.96807e-02 6.22035e-05
79 1.00 3.47048e-02 5.13095e-05
80 1.00 3.87104e-02 4.56061e-05
81 1.00 3.98304e-02 5.29533e-05
82 1.00 3.88176e-02 4.87799e-05
83 1.00 3.29018e-02 4.74250e-05
84 1.00 3.48408e-02 6.06979e-05
85 1.00 3.62705e-02 4.79535e-05
86 1.00 4.10528e-02 9.93162e-05
87 1.00 3.44253e-02 3.71756e-05
88 1.00 3.22945e-02 5.91127e-05
89 1.00 3.63619e-02 5.61943e-05
90 1.00 3.71381e-02 5.97012e-05
91 1.00 3.70067e-02 4.77506e-05
92 1.00 3.62564e-02 6.69994e-05
93 1.00 3.88860e-02 5.04593e-05
94 1.00 3.86460e-02 6.43012e-05
95 1.00 3.34317e-02 6.24227e-05
96 1.00 3.64773e-02 1.53636e-04
97 1.00 3.86890e-02 6.27590e-05
98 1.00 3.97593e-02 8.17759e-05
99 1.00 3.40796e-02 4.54321e-05
100 1.00 3.42355e-02 6.14915e-05
101 1.00 3.10413e-02 4.25052e-05
102 1.00 3.34203e-02 4.82320e-05
103 1.00 3.50337e-02 6.88179e-05
104 1.00 3.41051e-02 5.93273e-05
105 1.00 3.60694e-02 6.72255e-05
106 1.00 4.57598e-02 5.76236e-05
107 1.00 3.91029e-02 8.37598e-05
108 1.00 3.88678e-02 6.69784e-05
109 1.00 3.56758e-02 7.30117e-05
110 1.00 3.77627e-02 8.45275e-05
111 1.00 3.36671e-02 4.74299e-05
112 1.00 3.15147e-02 4.54513e-05
113 1.00 3.42941e-02 6.72671e-05
114 1.00 3.71210e-02 4.62574e-05
115 1.00 3.13702e-02 8.32139e-05
116 1.00 2.80341e-02 6.72862e-05
117 1.00 3.81683e-02 5.72151e-05
118 1.00 3.74066e-02 7.47446e-05
119 1.00 3.38281e-02 5.13845e-05
120 1.00 3.82365e-02 5.15180e-05
121 1.00 4.06363e-02 8.70870e-05
122 1.00 4.06348e-02 1.07371e-04
123 1.00 2.74606e-02 5.23241e-05
124 1.00 3.76198e-02 5.35572e-05
125 1.00 3.75107e-02 5.99900e-05
126 1.00 4.24482e-02 5.74867e-05
127 1.00 3.34648e-02 6.01616e-05
128 1.00 3.70561e-02 8.54894e-05
129 1.00 3.43022e-02 5.55261e-05
130 1.00 3.37840e-02 4.69993e-05
131 1.00 3.33528e-02 5.10562e-05
132 1.00 3.23418e-02 5.01464e-05
133 1.00 3.64113e-02 6.61131e-05
134 1.00 3.41188e-02 6.59673e-05
135 1.00 3.56849e-02 9.02092e-05
136 1.00 3.24303e-02 3.50769e-05
137 1.00 3.65470e-02 7.16880e-05
138 1.00 3.24207e-02 6.11061e-05
139 1.00 3.06664e-02 8.14915e-05
140 1.00 3.87695e-02 5.02891e-05
141 1.00 3.05680e-02 7.54465e-05
142 1.00 3.21065e-02 3.41006e-05
143 1.00 3.60702e-02 9.88775e-05
144 1.00 3.84278e-02 5.34294e-05
145 1.00 3.62278e-02 7.22315e-05
146 1.00 3.93328e-02 8.75213e-05
147 1.00 3.79704e-02 7.55510e-05
148 1.00 3.77559e-02 5.06449e-05
149 1.00 3.93142e-02 5.55142e-05
150 1.00 3.31159e-02 5.57348e-05
151 1.00 3.52006e-02 6.14025e-05
152 1.00 4.09614e-02 6.98029e-05
153 1.00 3.83730e-02 5.03730e-05
154 1.00 3.37686e-02 4.73711e-05
155 1.00 3.73980e-02 7.43672e-05
156 1.00 3.92824e-02 1.11048e-04
157 1.00 3.42940e-02 6.16024e-05
158 1.00 4.12623e-02 8.04326e-05
159 1.00 3.26151e-02 4.88435e-05
160 1.00 3.31132e-02 4.80750e-05
161 1.00 3.33717e-02 9.01560e-05
162 1.00 3.25076e-02 6.10648e-05
163 1.00 3.58864e-02 5.66715e-05
164 1.00 3.87967e-02 6.38153e-05
165 1.00 4.03870e-02 7.70696e-05
166 1.00 3.80069e-02 5.01816e-05
167 1.00 3.51961e-02 5.68713e-05
168 1.00 3.41777e-02 6.90611e-05
169 1.00 3.88739e-02 6.48330e-05
170 1.00 3.58594e-02 6.27430e-05
171 1.00 3.99710e-02 5.59919e-05
172 1.00 3.68324e-02 6.60697e-05
173 1.00 4.33775e-02 8.88683e-05
174 1.00 3.74073e-02 9.43427e-05
175 1.00 3.56472e-02 5.08477e-05
176 1.00 3.67318e-02 6.40234e-05
177 1.00 3.37254e-02 5.72053e-05
178 1.00 3.55314e-02 3.96526e-05
179 1.00 3.59733e-02 5.82948e-05
180 1.00 3.39725e-02 6.93704e-05
181 1.00 4.11852e-02 9.32114e-05
182 1.00 3.59251e-02 5.69047e-05
183 1.00 4.13332e-02 5.08293e-05
184 1.00 4.33821e-02 7.33718e-05
185 1.00 4.17733e-02 6.73607e-05
186 1.00 3.84743e-02 6.77915e-05
187 1.00 3.20935e-02 7.73064e-05
188 1.00 3.49945e-02 5.17443e-05
189 1.00 2.99897e-02 5.88548e-05
190 1.00 3.83368e-02 6.23335e-05
191 1.00 3.32337e-02 7.12352e-05
192 1.00 3.42605e-02 5.27776e-05
193 1.00 3.22064e-02 6.19695e-05
194 1.00 3.59941e-02 9.47637e-05
195 1.00 3.65884e-02 7.64928e-05
196 1.00 3.70590e-02 7.24437e-05
197 1.00 3.41456e-02 3.48384e-05
198 1.00 3.57991e-02 6.30528e-05
199 1.00 3.78982e-02 7.82108e-05
200 1.00 3.51524e-02 4.88730e-05
201 1.00 3.35699e-02 5.41217e-05
202 1.00 3.51270e-02 7.45398e-05
203 1.00 3.46101e-02 5.57043e-05
204 1.00 3.80236e-02 4.87750e-05
205 1.00 3.52962e-02 5.92957e-05
206 1.00 3.64860e-02 3.31394e-05
207 1.00 3.12966e-02 4.88681e-05
208 1.00 3.40697e-02 6.21023e-05
209 1.00 3.32454e-02 3.64935e-05
210 1.00 3.45825e-02 4.48415e-05
211 1.00 3.48414e-02 4.92279e-05
212 1.00 3.51055e-02 4.26178e-05
213 1.00 3.01922e-02 4.07673e-05
214 1.00 3.45685e-02 3.68471e-05
215 1.00 3.37918e-02 4.24983e-05
216 1.00 3.77413e-02 4.52993e-05
217 1.00 3.20337e-02 4.67343e-05
218 1.00 4.03206e-02 5.90731e-05
219 1.00 3.25133e-02 6.73826e-05
220 1.00 3.30806e-02 2.86667e-05
221 1.00 3.22430e-02 4.35598e-05
222 1.00 3.29453e-02 5.62656e-05
223 1.00 3.86209e-02 7.17786e-05
224 1.00 2.97960e-02 4.90178e-05
225 1.00 3.77990e-02 8.41569e-05
226 1.00 3.40108e-02 6.37794e-05
227 1.00 3.33977e-02 4.71670e-05
228 1.00 3.21791e-02 5.44625e-05
229 1.00 3.17288e-02 7.72239e-05
230 1.00 3.62944e-02 7.09486e-05
231 1.00 3.86872e-02 6.54381e-05
232 1.00 3.33580e-02 6.37256e-05
233 1.00 3.84579e-02 5.26468e-05
234 1.00 3.53619e-02 5.20984e-05
235 1.00 3.39797e-02 7.12398e-05
236 1.00 3.75329e-02 4.58678e-05
237 1.00 3.77711e-02 5.20863e-05
238 1.00 3.30411e-02 5.34470e-05
239 1.00 3.56405e-02 4.35004e-05
240 1.00 3.30320e-02 5.87505e-05
241 1.00 3.26981e-02 6.00412e-05
242 1.00 3.78478e-02 8.71555e-05
243 1.00 4.10023e-02 5.32301e-05
244 1.00 3.34387e-02 3.66124e-05
245 1.00 3.39514e-02 6.27397e-05
246 1.00 3.78811e-02 5.10107e-05
247 1.00 3.95566e-02 5.41566e-05
248 1.00 4.07294e-02 6.27290e-05
249 1.00 3.63857e-02 5.28828e-05
250 1.00 3.23381e-02 4.01187e-05
251 1.00 3.80189e-02 6.35280e-05
252 1.00 3.75649e-02 4.89820e-05
253 1.00 2.72774e-02 5.41058e-05
254 1.00 3.86618e-02 1.14542e-04
255 1.00 3.66229e-02 5.32298e-05
256 1.00 3.57983e-02 6.42432e-05
257 1.00 3.04964e-02 5.90398e-05
258 1.00 3.42300e-02 6.74885e-05
259 1.00 3.68234e-02 6.87249e-05
260 1.00 3.74643e-02 5.61677e-05
261 1.00 3.31945e-02 6.82915e-05
262 1.00 3.27730e-02 5.18567e-05
263 1.00 3.76450e-02 8.51708e-05
264 1.00 3.45953e-02 6.23639e-05
265 1.00 3.48967e-02 2.66957e-05
266 1.00 3.42077e-02 5.88755e-05
267 1.00 3.79159e-02 9.78601e-05
268 1.00 3.44742e-02 6.76718e-05
269 1.00 3.22003e-02 5.18733e-05
270 1.00 3.34825e-02 3.78601e-05
271 1.00 3.90186e-02 4.70312e-05
272 1.00 3.34727e-02 5.16536e-05
273 1.00 3.32392e-02 6.08968e-05
274 1.00 3.31241e-02 4.78091e-05
275 1.00 3.67511e-02 4.27714e-05
276 1.00 3.18507e-02 6.47733e-05
277 1.00 3.44732e-02 8.31007e-05
278 1.00 3.76569e-02 9.33877e-05
279 1.00 3.04546e-02 8.02990e-05
280 1.00 3.24969e-02 6.85696e-05
281 1.00 3.61877e-02 8.16122e-05
282 1.00 3.51569e-02 4.30764e-05
283 1.00 3.76385e-02 6.00608e-05
284 1.00 3.62232e-02 3.64269e-05
285 1.00 3.43586e-02 5.78232e-05
286 1.00 3.38615e-02 4.98340e-05
287 1.00 3.50162e-02 4.88687e-05
288 1.00 4.01955e-02 4.66394e-05
289 1.00 4.08870e-02 9.95791e-05
290 1.00 2.90143e-02 3.74809e-05
291 1.00 3.50057e-02 8.17381e-05
292 1.00 3.56531e-02 6.20160e-05
293 1.00 3.77108e-02 5.02789e-05
294 1.00 3.45458e-02 5.80161e-05
295 1.00 4.05950e-02 9.58581e-05
296 1.00 3.50877e-02 5.69137e-05
297 1.00 3.55122e-02 5.71256e-05
298 1.00 3.41643e-02 9.06986e-05
299 1.00 3.20875e-02 4.73116e-05
300 1.00 3.45513e-02 8.58278e-05
301 1.00 3.701746807228e-02 1.4034770e-05
302 1.00 3.730980207689e-02 1.0524364e-05
303 1.00 3.070291246771e-02 3.7864820e-06
304 1.00 3.522744107129e-02 2.8740362e-05
305 1.00 3.482436981459e-02 4.3121309e-06
306 1.00 3.624363820209e-02 9.3746831e-06
307 1.00 3.518380243318e-02 9.0710181e-06
308 1.00 3.507253440794e-02 9.7034826e-06
309 1.00 3.125711258277e-02 7.2296800e-06
310 1.00 4.122256658491e-02 1.4623267e-05
311 1.00 3.626092575959e-02 9.7079321e-06
312 1.00 3.309729187846e-02 5.4837815e-06
313 1.00 4.177139476647e-02 1.1169733e-05
314 1.00 3.776976527075e-02 1.3099849e-05
315 1.00 3.211206671281e-02 4.6404143e-06
316 1.00 3.766096128803e-02 2.2796877e-05
317 1.00 3.662734442001e-02 1.2177268e-05
318 1.00 3.475820649320e-02 9.3510047e-06
319 1.00 4.047496688773e-02 7.3823818e-06
320 1.00 3.438092291411e-02 8.9602215e-06
321 1.00 3.418336744811e-02 1.4588752e-05
322 1.00 3.849644791520e-02 1.6931292e-05
323 1.00 3.804136963562e-02 1.2274585e-05
324 1.00 3.110080267652e-02 5.8231606e-06
325 1.00 3.982095957565e-02 5.5317146e-06
326 1.00 3.832873465367e-02 2.3199399e-05
327 1.00 3.277271543712e-02 1.3268265e-05
328 1.00 3.408734968600e-02 5.3595470e-06
329 1.00 3.055183193452e-02 1.7590186e-05
330 1.00 3.729154584796e-02 2.3034120e-05
331 1.00 3.960124733477e-02 1.3966305e-05
332 1.00 3.385824900867e-02 3.7832571e-06
333 1.00 3.729506203851e-02 1.0392192e-05
334 1.00 3.375318069471e-02 7.0230957e-06
335 1.00 3.551384762187e-02 6.2137216e-06
336 1.00 2.977943695465e-02 8.6487329e-06
337 1.00 3.403454841052e-02 8.7811046e-06
338 1.00 3.241824726848e-02 1.0014133e-05
339 1.00 3.264065173189e-02 1.8325763e-05
340 1.00 3.416141673886e-02 1.2553130e-05
341 1.00 3.799088059983e-02 1.0514115e-05
342 1.00 3.661345228464e-02 4.6146772e-06
343 1.00 3.607953540257e-02 1.3259617e-05
344 1.00 3.417417460622e-02 7.3987815e-06
345 1.00 3.172627647615e-02 9.2403188e-06
346 1.00 3.556150632114e-02 5.2793445e-06
347 1.00 3.354975511335e-02 9.5170085e-06
348 1.00 3.640436693133e-02 9.9439643e-06
349 1.00 3.630569324686e-02 8.0841149e-06
350 1.00 3.270072361497e-02 6.5412844e-06
351 1.00 3.538239337357e-02 1.1929803e-05
352 1.00 3.825113275271e-02 1.6301286e-05
353 1.00 3.737645281264e-02 8.0607783e-06
354 1.00 3.705052570952e-02 9.5856337e-06
355 1.00 3.692698343430e-02 5.0212991e-06
356 1.00 3.791364141738e-02 1.0021313e-05
357 1.00 3.546338350712e-02 7.2256797e-06
358 1.00 3.264709190924e-02 5.7833220e-06
359 1.00 3.286958961515e-02 1.9675915e-05
360 1.00 3.021714162560e-02 3.5216797e-06
361 1.00 3.728114973846e-02 2.1684087e-05
362 1.00 3.781184657257e-02 1.5949237e-05
363 1.00 3.363944524403e-02 7.7359028e-06
364 1.00 4.173232314666e-02 1.0711085e-05
365 1.00 3.716643619533e-02 7.1293086e-06
366 1.00 3.746404895952e-02 1.4037142e-05
367 1.00 3.187378219792e-02 2.0604334e-05
368 1.00 3.577234224091e-02 8.2579815e-06
369 1.00 3.736589477950e-02 1.8018959e-05
370 1.00 3.359256367391e-02 7.6976079e-06
371 1.00 3.403086356044e-02 6.9216547e-06
372 1.00 3.216960686123e-02 1.4769154e-05
373 1.00 4.045914744801e-02 8.1856680e-06
374 1.00 3.809122435423e-02 6.7774759e-06
375 1.00 3.600406192009e-02 1.3452016e-05
376 1.00 3.799562522833e-02 2.4568920e-05
377 1.00 3.437828578026e-02 6.7198394e-06
378 1.00 4.098885109116e-02 2.0685319e-05
379 1.00 3.434922572416e-02 1.5215214e-05
380 1.00 3.152230292984e-02 9.6948102e-06
381 1.00 3.505736323422e-02 1.2948391e-05
382 1.00 3.885898327061e-02 1.3555023e-05
383 1.00 3.323389783521e-02 1.6607347e-05
384 1.00 3.481178565625e-02 5.6198630e-06
385 1.00 3.232515342655e-02 5.1460724e-06
386 1.00 3.454623468146e-02 1.1153518e-05
387 1.00 2.992234525062e-02 3.7759741e-06
388 1.00 3.145349679081e-02 6.8229270e-06
389 1.00 3.906819986365e-02 1.7976196e-05
390 1.00 3.140206539358e-02 1.3215737e-05
391 1.00 3.547330221502e-02 1.1475425e-05
392 1.00 3.852243026563e-02 1.0641218e-05
393 1.00 3.987943975135e-02 1.9547328e-05
394 1.00 3.599947397193e-02 1.1713237e-05
395 1.00 3.186230002121e-02 1.5319421e-05
396 1.00 3.294996790923e-02 1.9282769e-05
397 1.00 3.261684989519e-02 7.9465107e-06
398 1.00 3.488970123418e-02 1.4218318e-05
399 1.00 3.902379505612e-02 1.5676805e-05
400 1.00 3.817251061283e-02 1.1604189e-05
401 1.00 4.018044766673e-02 1.3006640e-05
402 1.00 3.323480011319e-02 9.0549775e-06
403 1.00 4.357759424634e-02 7.7371027e-06
404 1.00 3.549147533278e-02 4.8313469e-06
405 1.00 3.588746275805e-02 1.2123085e-05
406 1.00 3.890368033643e-02 1.2099247e-05
407 1.00 4.215682713180e-02 1.5354307e-05
408 1.00 3.749459221130e-02 2.8092356e-05
409 1.00 3.336107964104e-02 8.3983189e-06
410 1.00 3.076269207437e-02 1.2636659e-05
411 1.00 3.572250077006e-02 9.9860540e-06
412 1.00 3.600649935999e-02 1.5922390e-05
413 1.00 3.399176543930e-02 5.4530180e-06
414 1.00 3.346496588835e-02 5.8093219e-06
415 1.00 3.384318952607e-02 2.4920744e-06
416 1.00 3.963883968165e-02 1.6449175e-05
417 1.00 3.497369210279e-02 1.0128777e-05
418 1.00 3.449716235846e-02 1.3515672e-05
419 1.00 3.276063852885e-02 3.3896844e-05
420 1.00 3.712332436056e-02 6.0924946e-06
421 1.00 3.918841372126e-02 1.2448505e-05
422 1.00 3.510496224616e-02 6.8576409e-06
423 1.00 4.024782187586e-02 9.2814009e-06
424 1.00 3.421631622272e-02 4.8604377e-06
425 1.00 3.620090027173e-02 1.1184603e-05
426 1.00 3.517864683973e-02 5.6095513e-06
427 1.00 3.953414920239e-02 5.4063041e-06
428 1.00 3.416370714291e-02 1.0529081e-05
429 1.00 4.248578588911e-02 1.4723574e-05
430 1.00 4.140874673467e-02 1.5324186e-05
431 1.00 3.690928616487e-02 1.5167992e-05
432 1.00 4.068138708659e-02 1.4663743e-05
433 1.00 3.567115564538e-02 8.0551985e-06
434 1.00 3.052676306001e-02 2.7175758e-06
435 1.00 4.291933437347e-02 1.7451350e-05
436 1.00 3.771621776356e-02 1.3095643e-05
437 1.00 3.499133064638e-02 2.3056647e-05
438 1.00 3.717335895236e-02 1.4617887e-05
439 1.00 3.088508904726e-02 4.2657544e-06
440 1.00 3.323174119169e-02 6.1009360e-06
441 1.00 3.683787263895e-02 1.6989772e-05
442 1.00 3.936574744062e-02 1.7706225e-05
443 1.00 3.211068219238e-02 3.3959878e-06
444 1.00 3.436271744965e-02 1.3601157e-05
445 1.00 4.052179332662e-02 2.2002534e-05
446 1.00 3.728445477872e-02 6.6305083e-06
447 1.00 3.546056311723e-02 1.8208978e-05
448 1.00 3.005378487800e-02 3.8397020e-06
449 1.00 3.045880002755e-02 6.3245855e-06
450 1.00 3.676291869820e-02 1.5162750e-05
451 1.00 3.803853844623e-02 8.7942586e-06
452 1.00 3.986790484865e-02 9.4311282e-06
453 1.00 3.669308447957e-02 1.7586744e-05
454 1.00 3.800020549757e-02 1.0039664e-05
455 1.00 3.020449895554e-02 1.7972184e-05
456 1.00 3.824178042574e-02 1.9215600e-06
457 1.00 3.564731660310e-02 1.2168499e-05
458 1.00 3.496540819219e-02 4.8948113e-06
459 1.00 3.325670699853e-02 2.6499543e-05
460 1.00 3.853216349316e-02 1.1625518e-05
461 1.00 3.731698969341e-02 1.8133856e-05
462 1.00 3.416031451755e-02 8.9730817e-06
463 1.00 3.104878015840e-02 1.0048266e-05
464 1.00 3.808499617975e-02 1.1794387e-05
465 1.00 3.472645271517e-02 1.1437227e-05
466 1.00 2.894794246427e-02 1.5741362e-05
467 1.00 3.649392129541e-02 1.4049437e-05
468 1.00 3.748615608664e-02 5.4632843e-06
469 1.00 3.406793353576e-02 1.2502715e-05
470 1.00 3.565847559701e-02 4.4914990e-06
471 1.00 3.511921403810e-02 6.2948944e-06
472 1.00 3.347139401269e-02 4.2310058e-05
473 1.00 3.763991918244e-02 1.6570741e-05
474 1.00 3.451306021304e-02 1.0793211e-05
475 1.00 3.291796627981e-02 4.9389196e-06
476 1.00 3.514604468900e-02 7.4100812e-06
477 1.00 3.756997158168e-02 1.2971075e-05
478 1.00 3.624464956968e-02 4.8334139e-06
479 1.00 3.549942401519e-02 9.2654543e-06
480 1.00 3.329637235360e-02 9.9458612e-06
481 1.00 3.586765440497e-02 1.1732705e-05
482 1.00 3.946137061134e-02 2.2903552e-05
483 1.00 3.515985438069e-02 1.1131756e-05
484 1.00 2.929851786141e-02 9.4822265e-06
485 1.00 3.487570416130e-02 6.2960997e-06
486 1.00 3.828427361444e-02 8.6329463e-06
487 1.00 3.415236997521e-02 2.0945099e-05
488 1.00 3.033230191172e-02 9.1771990e-06
489 1.00 3.620691401184e-02 1.0699782e-05
490 1.00 3.408318626031e-02 1.4694373e-05
491 1.00 3.362502324966e-02 1.1545928e-05
492 1.00 3.230935923083e-02 8.7490689e-06
493 1.00 3.122083044933e-02 2.4878016e-05
494 1.00 3.644924495043e-02 8.1110254e-06
495 1.00 3.561968214744e-02 4.2460110e-06
496 1.00 3.445891775979e-02 1.4099060e-05
497 1.00 3.804457324108e-02 1.4400793e-05
498 1.00 3.390987184663e-02 4.7739165e-06
499 1.00 4.014859273241e-02 1.1891916e-05
500 1.00 3.478315297178e-02 1.9180918e-06
