1 -1.00 4.38165e-02 3.02626e-06
2 -1.00 4.32983e-02 6.40746e-06
3 -1.00 4.43415e-02 5.54937e-06
4 -1.00 4.46476e-02 6.22932e-06
5 -1.00 4.28888e-02 4.65657e-06
6 -1.00 4.48927e-02 9.53099e-06
7 -1.00 4.33349e-02 4.13670e-06
8 -1.00 4.32432e-02 8.33064e-06
9 -1.00 4.32145e-02 7.86701e-06
10 -1.00 4.41081e-02 5.24594e-06
11 -1.00 4.33995e-02 5.52531e-06
12 -1.00 4.32865e-02 7.23376e-06
13 -1.00 4.33565e-02 4.40064e-06
14 -1.00 4.45468e-02 8.39667e-06
15 -1.00 4.33532e-02 3.83572e-06
16 -1.00 4.42026e-02 6.59276e-06
17 -1.00 4.32846e-02 4.90949e-06
18 -1.00 4.35302e-02 4.00318e-06
19 -1.00 4.37038e-02 5.30229e-06
20 -1.00 4.35644e-02 4.66002e-06
21 -1.00 4.33993e-02 7.52292e-06
22 -1.00 4.25146e-02 3.69912e-06
23 -1.00 4.36180e-02 6.99505e-06
24 -1.00 4.43903e-02 7.50541e-06
25 -1.00 4.43167e-02 9.75947e-06
26 -1.00 4.38112e-02 5.54547e-06
27 -1.00 4.29677e-02 4.42437e-06
28 -1.00 4.34857e-02 3.05550e-06
29 -1.00 4.40491e-02 6.43284e-06
30 -1.00 4.32732e-02 5.86091e-06
31 -1.00 4.37620e-02 5.02335e-06
32 -1.00 4.37687e-02 5.50272e-06
33 -1.00 4.31863e-02 4.33415e-06
34 -1.00 4.47978e-02 6.40369e-06
35 -1.00 4.45266e-02 6.81579e-06
36 -1.00 4.47211e-02 5.96370e-06
37 -1.00 4.26049e-02 3.60929e-06
38 -1.00 4.32622e-02 3.85893e-06
39 -1.00 4.37802e-02 8.16421e-06
40 -1.00 4.37241e-02 3.41045e-06
41 -1.00 4.41598e-02 8.31524e-06
42 -1.00 4.33929e-02 7.00286e-06
43 -1.00 4.30616e-02 4.44559e-06
44 -1.00 4.37510e-02 3.05054e-06
45 -1.00 4.28465e-02 4.05262e-06
46 -1.00 4.41741e-02 1.28412e-05
47 -1.00 4.39559e-02 1.53574e-05
48 -1.00 4.28710e-02 1.23140e-05
49 -1.00 4.35328e-02 3.37135e-06
50 -1.00 4.44125e-02 6.39902e-06
51 -1.00 4.47155e-02 5.69105e-06
52 -1.00 4.21956e-02 3.61443e-06
53 -1.00 4.40094e-02 4.15915e-06
54 -1.00 4.49052e-02 6.11651e-06
55 -1.00 4.42431e-02 8.89494e-06
56 -1.00 4.33270e-02 7.43087e-06
57 -1.00 4.35135e-02 5.67160e-06
58 -1.00 4.37529e-02 6.26463e-06
59 -1.00 4.32445e-02 4.62028e-06
60 -1.00 4.46097e-02 5.68569e-06
61 -1.00 4.28787e-02 7.27470e-06
62 -1.00 4.35665e-02 3.57923e-06
63 -1.00 4.38237e-02 4.76414e-06
64 -1.00 4.36193e-02 3.68735e-06
65 -1.00 4.38214e-02 8.80767e-06
66 -1.00 4.38459e-02 5.92578e-06
67 -1.00 4.36440e-02 7.70777e-06
68 -1.00 4.37343e-02 6.47295e-06
69 -1.00 4.46678e-02 7.67170e-06
70 -1.00 4.32587e-02 2.93406e-06
71 -1.00 4.38755e-02 3.98602e-06
72 -1.00 4.30510e-02 6.33604e-06
73 -1.00 4.51393e-02 7.33153e-06
74 -1.00 4.45696e-02 5.31670e-06
75 -1.00 4.40132e-02 7.28363e-06
76 -1.00 4.41127e-02 2.77400e-06
77 -1.00 4.37029e-02 5.34145e-06
78 -1.00 4.40270e-02 4.37202e-06
79 -1.00 4.33316e-02 4.71703e-06
80 -1.00 4.47841e-02 3.90659e-06
81 -1.00 4.44759e-02 6.16521e-06
82 -1.00 4.26254e-02 3.94818e-06
83 -1.00 4.28135e-02 5.99896e-06
84 -1.00 4.41832e-02 9.38288e-06
85 -1.00 4.45108e-02 1.30613e-05
86 -1.00 4.56366e-02 9.84075e-06
87 -1.00 4.27434e-02 2.84371e-06
88 -1.00 4.29031e-02 3.44227e-06
89 -1.00 4.40820e-02 8.42206e-06
90 -1.00 4.38319e-02 4.97439e-06
91 -1.00 4.36054e-02 4.60200e-06
92 -1.00 4.35241e-02 7.13870e-06
93 -1.00 4.36777e-02 4.42347e-06
94 -1.00 4.37939e-02 4.59545e-06
95 -1.00 4.29652e-02 3.45716e-06
96 -1.00 4.44216e-02 7.11469e-06
97 -1.00 4.40080e-02 5.05139e-06
98 -1.00 4.34587e-02 5.04560e-06
99 -1.00 4.35188e-02 4.63797e-06
100 -1.00 4.50620e-02 7.13366e-06
101 -1.00 4.431751305143e-02 1.9178159e-06
102 -1.00 4.251374560932e-02 7.4724413e-07
103 -1.00 4.398801962316e-02 5.8511519e-07
104 -1.00 4.457930553563e-02 6.9180358e-07
105 -1.00 4.463281610483e-02 1.2121393e-06
106 -1.00 4.329500294028e-02 1.1229621e-06
107 -1.00 4.318892600165e-02 1.2856267e-06
108 -1.00 4.435586879170e-02 3.7034754e-06
109 -1.00 4.547387075812e-02 1.9909036e-06
110 -1.00 4.459723046131e-02 2.2741176e-06
111 -1.00 4.467650176982e-02 3.2121209e-06
112 -1.00 4.409027473131e-02 1.1240718e-06
113 -1.00 4.401979855196e-02 1.5980293e-06
114 -1.00 4.470102562556e-02 8.9103369e-07
115 -1.00 4.302310450923e-02 4.5857902e-07
116 -1.00 4.564619677065e-02 1.4461402e-06
117 -1.00 4.347413587845e-02 8.0634605e-07
118 -1.00 4.378914125546e-02 1.3915056e-06
119 -1.00 4.349751931055e-02 2.5160509e-07
120 -1.00 4.462390235764e-02 9.9489527e-07
121 -1.00 4.476994334857e-02 1.1482866e-06
122 -1.00 4.435096070395e-02 1.1198055e-06
123 -1.00 4.298371243100e-02 9.9930484e-07
124 -1.00 4.359544008623e-02 1.0215594e-06
125 -1.00 4.377729495204e-02 1.0793509e-06
126 -1.00 4.463254793415e-02 1.7606669e-06
127 -1.00 4.271303131636e-02 6.6256731e-07
128 -1.00 4.402441100694e-02 1.2316929e-06
129 -1.00 4.344026792056e-02 9.2547386e-07
130 -1.00 4.327885919595e-02 5.0615355e-07
131 -1.00 4.478998777781e-02 7.2141823e-07
132 -1.00 4.335370783941e-02 8.9052589e-07
133 -1.00 4.424049675129e-02 6.1595897e-07
134 -1.00 4.511185364191e-02 1.2109212e-06
135 -1.00 4.291516204617e-02 3.7700130e-07
136 -1.00 4.472990346392e-02 7.0099099e-07
137 -1.00 4.417654137310e-02 1.7192388e-06
138 -1.00 4.410398919980e-02 6.9088995e-07
139 -1.00 4.383460015216e-02 1.1031584e-06
140 -1.00 4.446857915375e-02 2.8996398e-07
141 -1.00 4.536497649349e-02 1.1861261e-06
142 -1.00 4.396801651885e-02 1.4435302e-06
143 -1.00 4.373378069436e-02 8.5062095e-07
144 -1.00 4.445298425967e-02 9.8998845e-07
145 -1.00 4.502503028962e-02 9.4478999e-07
146 -1.00 4.389167441074e-02 9.0493627e-07
147 -1.00 4.464538914217e-02 1.4488756e-06
148 -1.00 4.399405152247e-02 6.6902734e-07
149 -1.00 4.387100245632e-02 1.2222753e-06
150 -1.00 4.393433797385e-02 7.0746706e-07
151 -1.00 4.394640282154e-02 9.2706675e-07
152 -1.00 4.364275633930e-02 1.5023022e-06
153 -1.00 4.354787058333e-02 8.8076622e-07
154 -1.00 4.429395625837e-02 1.2355539e-06
155 -1.00 4.347289436490e-02 1.0423565e-06
156 -1.00 4.562126034789e-02 4.8379584e-06
157 -1.00 4.368850308149e-02 1.8144138e-06
158 -1.00 4.355367673126e-02 6.8078021e-07
159 -1.00 4.367670597710e-02 2.3059176e-06
160 -1.00 4.276898734675e-02 6.3561370e-07
161 -1.00 4.331397929576e-02 3.3255121e-07
162 -1.00 4.307078507793e-02 1.2650182e-06
163 -1.00 4.493936743777e-02 3.1201313e-07
164 -1.00 4.384380552870e-02 3.6388212e-06
165 -1.00 4.495653948159e-02 8.5838975e-07
166 -1.00 4.380135860375e-02 1.0274557e-06
167 -1.00 4.281534093447e-02 4.8394365e-07
168 -1.00 4.487241735143e-02 2.6426023e-06
169 -1.00 4.416803095011e-02 9.8373792e-07
170 -1.00 4.356947565788e-02 1.7302965e-06
171 -1.00 4.334044762539e-02 2.4689271e-06
172 -1.00 4.395231321794e-02 9.2073593e-07
173 -1.00 4.449466096495e-02 4.2870675e-07
174 -1.00 4.341121672775e-02 1.0263376e-06
175 -1.00 4.249319602919e-02 3.4440637e-07
176 -1.00 4.294691711980e-02 7.1765540e-07
177 -1.00 4.390813206399e-02 1.2626780e-06
178 -1.00 4.444029416725e-02 1.3306479e-06
179 -1.00 4.458561557888e-02 9.7821291e-07
180 -1.00 4.534952099614e-02 9.9649680e-07
181 -1.00 4.436068340300e-02 4.5897900e-07
182 -1.00 4.429248244716e-02 7.2721047e-07
183 -1.00 4.350506109711e-02 1.7059033e-06
184 -1.00 4.305658094327e-02 6.3512085e-07
185 -1.00 4.317831924544e-02 8.5662684e-07
186 -1.00 4.369902439124e-02 2.7813577e-06
187 -1.00 4.349284045337e-02 1.2718636e-06
188 -1.00 4.316879833609e-02 3.9916039e-07
189 -1.00 4.483720317510e-02 9.5605174e-07
190 -1.00 4.413525827583e-02 1.6114683e-07
191 -1.00 4.379275282713e-02 8.0426964e-07
192 -1.00 4.222987294544e-02 2.8193789e-07
193 -1.00 4.481730295413e-02 8.4287707e-07
194 -1.00 4.321810097466e-02 8.5473748e-07
195 -1.00 4.354412857520e-02 9.9291655e-07
196 -1.00 4.383119256462e-02 1.2749983e-06
197 -1.00 4.405832076641e-02 1.1893974e-06
198 -1.00 4.449179818537e-02 3.8402065e-07
199 -1.00 4.541272699488e-02 2.0588821e-06
200 -1.00 4.395990280315e-02 9.6941443e-07
201 -1.00 4.412847328122e-02 1.7932556e-06
202 -1.00 4.463397348021e-02 8.0000816e-07
203 -1.00 4.405767350456e-02 3.1569841e-06
204 -1.00 4.447741677307e-02 1.2963769e-06
205 -1.00 4.391712762772e-02 1.0796585e-06
206 -1.00 4.341813232469e-02 9.4565588e-07
207 -1.00 4.475058857703e-02 5.4027335e-07
208 -1.00 4.464650650918e-02 6.2535075e-07
209 -1.00 4.383085656120e-02 1.0941468e-06
210 -1.00 4.438905040030e-02 6.7578423e-07
211 -1.00 4.382569400658e-02 8.3779397e-07
212 -1.00 4.325336368271e-02 7.1722122e-07
213 -1.00 4.385546381057e-02 7.3167023e-07
214 -1.00 4.363777951973e-02 1.9611412e-06
215 -1.00 4.407344844183e-02 6.1620748e-07
216 -1.00 4.425804998676e-02 8.1431512e-07
217 -1.00 4.335128586710e-02 1.2588512e-06
218 -1.00 4.314499075247e-02 5.4792797e-07
219 -1.00 4.447720192124e-02 1.0073357e-06
220 -1.00 4.276307419447e-02 8.0158950e-07
221 -1.00 4.543645484640e-02 8.6571881e-07
222 -1.00 4.365678263411e-02 1.1951126e-06
223 -1.00 4.392675524674e-02 1.9088596e-06
224 -1.00 4.351858134877e-02 6.4830587e-07
225 -1.00 4.330510133086e-02 1.3247343e-06
226 -1.00 4.495051508567e-02 2.3792126e-07
227 -1.00 4.397738400251e-02 1.3068633e-06
228 -1.00 4.297299650568e-02 1.6997811e-06
229 -1.00 4.487895853721e-02 6.1086020e-07
230 -1.00 4.292097352906e-02 3.6011446e-07
231 -1.00 4.317726999227e-02 7.4567755e-07
232 -1.00 4.305440000106e-02 7.2686832e-07
233 -1.00 4.385326255212e-02 7.7348192e-07
234 -1.00 4.382370067835e-02 9.0814529e-07
235 -1.00 4.358690679184e-02 1.5941918e-06
236 -1.00 4.383594082125e-02 1.5252180e-06
237 -1.00 4.259080779091e-02 1.0013478e-06
238 -1.00 4.448819512619e-02 7.5861968e-07
239 -1.00 4.420825608452e-02 9.1451866e-07
240 -1.00 4.335094054635e-02 5.9736803e-07
241 -1.00 4.310287546996e-02 5.4691546e-07
242 -1.00 4.326149027058e-02 1.8194851e-06
243 -1.00 4.386484712900e-02 1.0834686e-06
244 -1.00 4.372816829548e-02 1.2305662e-06
245 -1.00 4.311558208368e-02 3.2801251e-07
246 -1.00 4.233049684686e-02 9.2378809e-07
247 -1.00 4.446363459688e-02 6.0486731e-07
248 -1.00 4.347896967765e-02 1.3974064e-06
249 -1.00 4.312670238165e-02 9.5861192e-07
250 -1.00 4.394947867934e-02 1.6781407e-06
251 -1.00 4.359268337885e-02 7.8644607e-07
252 -1.00 4.523033612368e-02 1.4152578e-06
253 -1.00 4.462002096366e-02 1.2042798e-06
254 -1.00 4.342710791553e-02 9.2813453e-07
255 -1.00 4.403410265238e-02 2.6006841e-06
256 -1.00 4.320455016299e-02 7.3955919e-07
257 -1.00 4.366333136330e-02 1.0084338e-06
258 -1.00 4.319937273899e-02 1.5994821e-06
259 -1.00 4.528429237083e-02 1.1414853e-06
260 -1.00 4.276779725057e-02 4.6036558e-07
261 -1.00 4.470962054112e-02 1.1093318e-06
262 -1.00 4.435426903226e-02 7.7637613e-07
263 -1.00 4.191770887154e-02 9.7930138e-07
264 -1.00 4.364954183701e-02 8.2445122e-07
265 -1.00 4.475755974543e-02 1.0004748e-06
266 -1.00 4.321086685055e-02 5.4787974e-07
267 -1.00 4.464081522721e-02 9.0744238e-07
268 -1.00 4.358337428548e-02 9.1643406e-07
269 -1.00 4.354223565251e-02 2.5583048e-06
270 -1.00 4.400161077441e-02 3.6576275e-07
271 -1.00 4.354288368583e-02 1.9962018e-06
272 -1.00 4.304948348251e-02 1.2631628e-06
273 -1.00 4.417443667867e-02 3.2051724e-07
274 -1.00 4.494970758874e-02 1.2895714e-06
275 -1.00 4.243221360540e-02 5.7398054e-07
276 -1.00 4.402201093112e-02 8.5884687e-07
277 -1.00 4.481627652173e-02 7.9356730e-07
278 -1.00 4.408011098096e-02 8.7627452e-07
279 -1.00 4.273077683876e-02 8.9943796e-07
280 -1.00 4.397324532763e-02 8.8687777e-07
281 -1.00 4.538165103280e-02 1.6858495e-06
282 -1.00 4.373260188909e-02 3.1367695e-06
283 -1.00 4.290219255014e-02 1.8848416e-06
284 -1.00 4.384480669333e-02 5.2164249e-07
285 -1.00 4.387718781968e-02 7.2909799e-07
286 -1.00 4.451069007976e-02 7.7856207e-07
287 -1.00 4.377706850371e-02 9.7987763e-07
288 -1.00 4.401744487027e-02 2.2986789e-06
289 -1.00 4.516551658242e-02 8.0542490e-07
290 -1.00 4.484340362786e-02 9.7910061e-07
291 -1.00 4.408550940489e-02 2.0693671e-06
292 -1.00 4.434099045344e-02 1.0812690e-06
293 -1.00 4.334020217934e-02 1.1605639e-06
294 -1.00 4.421972261177e-02 1.0786379e-06
295 -1.00 4.413692662732e-02 3.6982678e-06
296 -1.00 4.512903466474e-02 1.3438132e-06
297 -1.00 4.401830724005e-02 1.0585176e-06
298 -1.00 4.444241350401e-02 5.8836994e-07
299 -1.00 4.321242612051e-02 1.1125642e-06
300 -1.00 4.381992055428e-02 1.2770044e-06
301 -1.00 4.436459831761e-02 2.0334489e-06
302 -1.00 4.306568414631e-02 2.4535513e-06
303 -1.00 4.368364800706e-02 5.9655986e-07
304 -1.00 4.334216941890e-02 1.1938100e-06
305 -1.00 4.447066916396e-02 1.4419365e-06
306 -1.00 4.434141085440e-02 3.3279366e-07
307 -1.00 4.412635033183e-02 1.4058884e-06
308 -1.00 4.450822025219e-02 4.2567141e-07
309 -1.00 4.337865373384e-02 1.9796906e-06
310 -1.00 4.308625783633e-02 3.5335342e-07
311 -1.00 4.161324741088e-02 2.8279325e-07
312 -1.00 4.346086024726e-02 5.5686174e-07
313 -1.00 4.293049277523e-02 7.8882228e-07
314 -1.00 4.366615473467e-02 1.2465919e-06
315 -1.00 4.421925666219e-02 2.1097844e-07
316 -1.00 4.446303956698e-02 1.1549055e-06
317 -1.00 4.324181819578e-02 1.5464400e-07
318 -1.00 4.448978235166e-02 5.5690773e-07
319 -1.00 4.392517268918e-02 1.7489204e-06
320 -1.00 4.289618689616e-02 7.4309864e-07
321 -1.00 4.409870940559e-02 7.7577243e-07
322 -1.00 4.314482300496e-02 1.5269892e-06
323 -1.00 4.383608487538e-02 1.0664979e-06
324 -1.00 4.389756125739e-02 1.2037614e-06
325 -1.00 4.424548995083e-02 4.4313134e-06
326 -1.00 4.410212936562e-02 1.4304695e-06
327 -1.00 4.484227813795e-02 2.0926130e-06
328 -1.00 4.401240066384e-02 1.1924516e-06
329 -1.00 4.305291812529e-02 8.6184868e-07
330 -1.00 4.453845071205e-02 5.6703883e-07
331 -1.00 4.510055974069e-02 3.4977985e-06
332 -1.00 4.325489457468e-02 1.0779837e-06
333 -1.00 4.346919378144e-02 8.5236276e-07
334 -1.00 4.411022219378e-02 9.8413314e-07
335 -1.00 4.363283730725e-02 8.9758366e-07
336 -1.00 4.515840208063e-02 3.0431464e-06
337 -1.00 4.378893082840e-02 1.0048836e-06
338 -1.00 4.327667436774e-02 8.7797734e-07
339 -1.00 4.420730072823e-02 8.7504915e-07
340 -1.00 4.460883549383e-02 1.5562569e-06
341 -1.00 4.346906524521e-02 5.0669704e-07
342 -1.00 4.433254227349e-02 7.6800824e-07
343 -1.00 4.448007241843e-02 1.3135499e-06
344 -1.00 4.475117653992e-02 1.2706781e-06
345 -1.00 4.403998682920e-02 8.7167324e-07
346 -1.00 4.417025559493e-02 1.3477056e-06
347 -1.00 4.391036208856e-02 1.8858286e-06
348 -1.00 4.383400240540e-02 8.0597253e-07
349 -1.00 4.349360658494e-02 5.7948761e-07
350 -1.00 4.414879524897e-02 1.0339495e-06
351 -1.00 4.441209622573e-02 1.0937955e-06
352 -1.00 4.429490179891e-02 1.8882990e-06
353 -1.00 4.416572811074e-02 7.9099253e-07
354 -1.00 4.421511743204e-02 1.2141597e-06
355 -1.00 4.340286646770e-02 1.4895832e-06
356 -1.00 4.368071452291e-02 1.7445141e-06
357 -1.00 4.333961465142e-02 1.5649401e-06
358 -1.00 4.469673395941e-02 2.1074150e-06
359 -1.00 4.331437840457e-02 1.0585727e-06
360 -1.00 4.397453047971e-02 1.0478011e-06
361 -1.00 4.439801358915e-02 1.3560551e-06
362 -1.00 4.515297771415e-02 6.4530377e-07
363 -1.00 4.363472463023e-02 6.6417602e-07
364 -1.00 4.430682449172e-02 1.4959505e-06
365 -1.00 4.419365921633e-02 1.8403161e-06
366 -1.00 4.312098416823e-02 1.2412617e-06
367 -1.00 4.391554585714e-02 5.6616997e-07
368 -1.00 4.428456187950e-02 2.0037837e-06
369 -1.00 4.478659794247e-02 2.1022136e-06
370 -1.00 4.344755191985e-02 6.9233143e-07
371 -1.00 4.200447948960e-02 4.8083535e-07
372 -1.00 4.299328293765e-02 5.6029445e-07
373 -1.00 4.519622407073e-02 8.8338547e-07
374 -1.00 4.456676450850e-02 1.1813941e-06
375 -1.00 4.403474005838e-02 1.1558897e-06
376 -1.00 4.433198592355e-02 1.2103638e-06
377 -1.00 4.485503360204e-02 1.1221910e-06
378 -1.00 4.402071296333e-02 1.4804891e-06
379 -1.00 4.301317254751e-02 1.0745327e-06
380 -1.00 4.408699095954e-02 1.5193530e-06
381 -1.00 4.423585414263e-02 7.2989863e-07
382 -1.00 4.344623405100e-02 1.4810385e-06
383 -1.00 4.529377321604e-02 1.5714725e-06
384 -1.00 4.432329296649e-02 6.7331374e-07
385 -1.00 4.532500772063e-02 1.7768266e-06
386 -1.00 4.461113267421e-02 3.7774427e-07
387 -1.00 4.313851291578e-02 2.1587860e-06
388 -1.00 4.510333178492e-02 2.6641386e-06
389 -1.00 4.410836539503e-02 1.3198392e-06
390 -1.00 4.317679552663e-02 6.7673169e-07
391 -1.00 4.503944141162e-02 4.2687263e-06
392 -1.00 4.394093952503e-02 1.2075243e-06
393 -1.00 4.463177695408e-02 2.0666864e-06
394 -1.00 4.438167036841e-02 5.4818324e-07
395 -1.00 4.363506173660e-02 8.1693053e-07
396 -1.00 4.278089744310e-02 1.3275334e-06
397 -1.00 4.244471647673e-02 1.6063531e-06
398 -1.00 4.495066416946e-02 1.2113993e-06
399 -1.00 4.364848733361e-02 1.2431343e-06
400 -1.00 4.386351451069e-02 4.5711169e-07
401 -1.00 4.338443208449e-02 1.7336465e-06
402 -1.00 4.427012671222e-02 7.6464708e-07
403 -1.00 4.337932741960e-02 8.3661818e-07
404 -1.00 4.416306058021e-02 4.4101942e-07
405 -1.00 4.452347632686e-02 1.4701147e-06
406 -1.00 4.399984859344e-02 1.1122527e-06
407 -1.00 4.382765172690e-02 2.1839734e-07
408 -1.00 4.353313399730e-02 1.1088849e-06
409 -1.00 4.420554667767e-02 1.1968675e-06
410 -1.00 4.376073894474e-02 1.5748959e-06
411 -1.00 4.413705694097e-02 1.6613719e-06
412 -1.00 4.412786901907e-02 4.7997923e-07
413 -1.00 4.538111194407e-02 4.0788250e-06
414 -1.00 4.434334606267e-02 4.5543693e-07
415 -1.00 4.429895666430e-02 3.0291896e-06
416 -1.00 4.558709039297e-02 7.7554262e-07
417 -1.00 4.434429833181e-02 3.3357242e-06
418 -1.00 4.270894490554e-02 2.0045766e-06
419 -1.00 4.305648345395e-02 8.1122651e-07
420 -1.00 4.493289757509e-02 3.0553570e-06
421 -1.00 4.393009503650e-02 7.3471772e-07
422 -1.00 4.434848178539e-02 1.0823290e-06
423 -1.00 4.467394260191e-02 1.1044547e-06
424 -1.00 4.410825116593e-02 2.0415070e-06
425 -1.00 4.414877309158e-02 9.5208769e-07
426 -1.00 4.412768854610e-02 1.0551523e-06
427 -1.00 4.385356731732e-02 4.9852008e-07
428 -1.00 4.411481910952e-02 5.8208530e-07
429 -1.00 4.473210470733e-02 1.8286108e-06
430 -1.00 4.353683206317e-02 1.3336071e-06
431 -1.00 4.446339654009e-02 5.4408891e-07
432 -1.00 4.322505779543e-02 2.9338666e-07
433 -1.00 4.388191077376e-02 9.0615435e-07
434 -1.00 4.399133427462e-02 1.8563820e-06
435 -1.00 4.445952378450e-02 4.3425578e-07
436 -1.00 4.358746742604e-02 1.0271159e-06
437 -1.00 4.489839814142e-02 1.1866176e-06
438 -1.00 4.457294569442e-02 2.5690563e-06
439 -1.00 4.392018192160e-02 1.2325470e-06
440 -1.00 4.461653481424e-02 1.0403362e-06
441 -1.00 4.292645907731e-02 1.6970770e-06
442 -1.00 4.415653404369e-02 1.0576925e-06
443 -1.00 4.126795365299e-02 8.0345871e-07
444 -1.00 4.393581967549e-02 1.5867009e-06
445 -1.00 4.494281418855e-02 6.6287759e-07
446 -1.00 4.380890558118e-02 1.9377360e-06
447 -1.00 4.351854681883e-02 3.0659345e-07
448 -1.00 4.530597100513e-02 4.6982431e-07
449 -1.00 4.339235451485e-02 1.5787797e-06
450 -1.00 4.324573828829e-02 4.3775564e-07
451 -1.00 4.410049524986e-02 3.0746331e-07
452 -1.00 4.364522887686e-02 1.1837878e-06
453 -1.00 4.524132588674e-02 1.1716613e-06
454 -1.00 4.303532664798e-02 8.5939418e-07
455 -1.00 4.468386685189e-02 7.3541835e-07
456 -1.00 4.285779125392e-02 2.0877246e-06
457 -1.00 4.407464970431e-02 1.9882530e-06
458 -1.00 4.449521273330e-02 9.9188617e-07
459 -1.00 4.421731119869e-02 9.9686414e-07
460 -1.00 4.337868291107e-02 4.6355748e-07
461 -1.00 4.330790267733e-02 4.3634936e-07
462 -1.00 4.319838835833e-02 9.1948471e-07
463 -1.00 4.380170024860e-02 1.8947747e-06
464 -1.00 4.490519731317e-02 9.4324365e-07
465 -1.00 4.524147964882e-02 8.5916041e-07
466 -1.00 4.272013971352e-02 7.5564420e-07
467 -1.00 4.368313903856e-02 1.1284862e-06
468 -1.00 4.348905042389e-02 5.9508182e-07
469 -1.00 4.368913443520e-02 2.2210510e-06
470 -1.00 4.485202020530e-02 2.4006447e-06
471 -1.00 4.347816723327e-02 2.3144073e-06
472 -1.00 4.347253747043e-02 1.0512317e-06
473 -1.00 4.377467258705e-02 9.1507973e-07
474 -1.00 4.390816308510e-02 8.4264688e-07
475 -1.00 4.409825003223e-02 6.1261060e-07
476 -1.00 4.372539166932e-02 6.1197346e-07
477 -1.00 4.384565434658e-02 3.8847572e-07
478 -1.00 4.415945412609e-02 1.2914629e-06
479 -1.00 4.365461993054e-02 2.0869574e-06
480 -1.00 4.467730995082e-02 6.9280165e-07
481 -1.00 4.290226179855e-02 4.3487454e-07
482 -1.00 4.422457106040e-02 6.0644011e-07
483 -1.00 4.404721711701e-02 4.0455217e-07
484 -1.00 4.223067538855e-02 1.5369573e-06
485 -1.00 4.332508280623e-02 8.8350152e-07
486 -1.00 4.323655086880e-02 1.0257081e-06
487 -1.00 4.424460909824e-02 1.2911351e-06
488 -1.00 4.451514177517e-02 1.1208058e-06
489 -1.00 4.361991688405e-02 4.7639794e-07
490 -1.00 4.441595272917e-02 1.3983181e-06
491 -1.00 4.441909720896e-02 9.4277315e-07
492 -1.00 4.446846084844e-02 1.2191167e-06
493 -1.00 4.425066962004e-02 8.6113310e-07
494 -1.00 4.334606849888e-02 1.0260932e-06
495 -1.00 4.353626043887e-02 2.6278132e-07
496 -1.00 4.539486275567e-02 3.8407788e-06
497 -1.00 4.486251175812e-02 9.3318905e-07
498 -1.00 4.368572978806e-02 8.0210266e-07
499 -1.00 4.290810512363e-02 2.1690813e-06
500 -1.00 4.488638785085e-02 3.1691107e-07
1 -0.75 4.43110e-02 1.10438e-05
2 -0.75 4.35939e-02 7.62776e-06
3 -0.75 4.29855e-02 5.70435e-06
4 -0.75 4.32992e-02 4.86438e-06
5 -0.75 4.23308e-02 2.55446e-06
6 -0.75 4.34171e-02 3.98222e-06
7 -0.75 4.33615e-02 3.23443e-06
8 -0.75 4.40200e-02 1.01304e-05
9 -0.75 4.45583e-02 6.65686e-06
10 -0.75 4.33594e-02 3.86020e-06
11 -0.75 4.44049e-02 8.25141e-06
12 -0.75 4.46857e-02 6.08968e-06
13 -0.75 4.33995e-02 6.90438e-06
14 -0.75 4.28269e-02 3.79930e-06
15 -0.75 4.21692e-02 4.94969e-06
16 -0.75 4.35780e-02 4.52453e-06
17 -0.75 4.30782e-02 6.20329e-06
18 -0.75 4.27985e-02 4.84525e-06
19 -0.75 4.28372e-02 8.32991e-06
20 -0.75 4.30016e-02 5.65355e-06
21 -0.75 4.25548e-02 2.95790e-06
22 -0.75 4.20410e-02 3.01513e-06
23 -0.75 4.31387e-02 6.22526e-06
24 -0.75 4.36356e-02 4.20149e-06
25 -0.75 4.37700e-02 4.50011e-06
26 -0.75 4.36775e-02 6.54558e-06
27 -0.75 4.34363e-02 7.15973e-06
28 -0.75 4.40181e-02 5.19020e-06
29 -0.75 4.37396e-02 4.03790e-06
30 -0.75 4.44676e-02 7.83804e-06
31 -0.75 4.32177e-02 1.05905e-05
32 -0.75 4.31099e-02 5.02036e-06
33 -0.75 4.31148e-02 1.45319e-05
34 -0.75 4.38637e-02 5.04687e-06
35 -0.75 4.49410e-02 7.04990e-06
36 -0.75 4.48059e-02 5.88525e-06
37 -0.75 4.27449e-02 5.63267e-06
38 -0.75 4.27068e-02 4.54069e-06
39 -0.75 4.35810e-02 6.26561e-06
40 -0.75 4.47681e-02 7.49929e-06
41 -0.75 4.32630e-02 5.05370e-06
42 -0.75 4.31142e-02 7.18430e-06
43 -0.75 4.26754e-02 3.08722e-06
44 -0.75 4.27284e-02 4.97102e-06
45 -0.75 4.31181e-02 6.29317e-06
46 -0.75 4.27341e-02 3.33357e-06
47 -0.75 4.39731e-02 9.47764e-06
48 -0.75 4.24470e-02 6.75677e-06
49 -0.75 4.36838e-02 6.10525e-06
50 -0.75 4.41731e-02 7.28927e-06
51 -0.75 4.35619e-02 6.07817e-06
52 -0.75 4.25177e-02 1.19770e-05
53 -0.75 4.44346e-02 6.53174e-06
54 -0.75 4.46967e-02 6.95696e-06
55 -0.75 4.42538e-02 7.69465e-06
56 -0.75 4.29673e-02 5.24908e-06
57 -0.75 4.30753e-02 3.54635e-06
58 -0.75 4.35949e-02 7.54301e-06
59 -0.75 4.39356e-02 1.41974e-05
60 -0.75 4.44365e-02 5.23619e-06
61 -0.75 4.29461e-02 4.89829e-06
62 -0.75 4.40144e-02 8.92571e-06
63 -0.75 4.41593e-02 9.64818e-06
64 -0.75 4.44204e-02 7.69163e-06
65 -0.75 4.39018e-02 6.61360e-06
66 -0.75 4.32159e-02 5.43374e-06
67 -0.75 4.41095e-02 9.02510e-06
68 -0.75 4.40115e-02 7.52061e-06
69 -0.75 4.38479e-02 6.00989e-06
70 -0.75 4.31261e-02 3.61543e-06
71 -0.75 4.40264e-02 3.15888e-06
72 -0.75 4.31095e-02 8.86565e-06
73 -0.75 4.48819e-02 8.10615e-06
74 -0.75 4.49798e-02 6.88827e-06
75 -0.75 4.36572e-02 5.44886e-06
76 -0.75 4.44035e-02 9.95238e-06
77 -0.75 4.32996e-02 3.43035e-06
78 -0.75 4.38260e-02 1.37283e-05
79 -0.75 4.27593e-02 2.79395e-06
80 -0.75 4.47712e-02 2.90909e-06
81 -0.75 4.38297e-02 4.69600e-06
82 -0.75 4.34837e-02 9.68100e-06
83 -0.75 4.24000e-02 7.45347e-06
84 -0.75 4.34222e-02 6.04246e-06
85 -0.75 4.36220e-02 7.25389e-06
86 -0.75 4.48297e-02 6.17415e-06
87 -0.75 4.28524e-02 4.47809e-06
88 -0.75 4.38510e-02 6.21423e-06
89 -0.75 4.34853e-02 5.46570e-06
90 -0.75 4.33898e-02 4.04008e-06
91 -0.75 4.31960e-02 5.39638e-06
92 -0.75 4.32607e-02 4.98333e-06
93 -0.75 4.33912e-02 3.75343e-06
94 -0.75 4.33558e-02 4.49213e-06
95 -0.75 4.38518e-02 7.37230e-06
96 -0.75 4.38535e-02 5.40820e-06
97 -0.75 4.35358e-02 4.73342e-06
98 -0.75 4.31419e-02 5.62605e-06
99 -0.75 4.31671e-02 7.30656e-06
100 -0.75 4.46327e-02 5.35963e-06
101 -0.75 4.240733272139e-02 7.2028524e-07
102 -0.75 4.308891775234e-02 1.3642317e-06
103 -0.75 4.446932631145e-02 8.6931626e-07
104 -0.75 4.371827321499e-02 1.0375070e-06
105 -0.75 4.410552726981e-02 2.3316161e-06
106 -0.75 4.372802845692e-02 3.7792749e-07
107 -0.75 4.298457310485e-02 3.1458919e-06
108 -0.75 4.273484442656e-02 1.8894800e-07
109 -0.75 4.411045292744e-02 6.9267143e-07
110 -0.75 4.359986577415e-02 1.3178451e-06
111 -0.75 4.400632381987e-02 4.5919036e-07
112 -0.75 4.371313082040e-02 1.6958483e-06
113 -0.75 4.380841950163e-02 1.1506082e-06
114 -0.75 4.424165831010e-02 4.2419620e-07
115 -0.75 4.316322341459e-02 3.5042418e-06
116 -0.75 4.611099586493e-02 9.7464080e-07
117 -0.75 4.358914440684e-02 9.7153905e-07
118 -0.75 4.384274828457e-02 7.5236592e-07
119 -0.75 4.411032725834e-02 1.5903718e-06
120 -0.75 4.457401587349e-02 1.5157309e-06
121 -0.75 4.430724797481e-02 4.3807068e-07
122 -0.75 4.488935661585e-02 8.1693570e-07
123 -0.75 4.324664938719e-02 1.1375106e-06
124 -0.75 4.361162778639e-02 1.2720130e-06
125 -0.75 4.368304887108e-02 1.3869038e-06
126 -0.75 4.390807312280e-02 1.1455716e-06
127 -0.75 4.254580990939e-02 9.6929344e-07
128 -0.75 4.414956143715e-02 6.3157972e-07
129 -0.75 4.303305643792e-02 1.8674502e-06
130 -0.75 4.361602525262e-02 3.4696456e-06
131 -0.75 4.476179946603e-02 1.3121723e-06
132 -0.75 4.344154643848e-02 2.2369882e-06
133 -0.75 4.367559215677e-02 1.8832080e-06
134 -0.75 4.481857008796e-02 3.0910050e-07
135 -0.75 4.351262951746e-02 1.7187683e-06
136 -0.75 4.414027671236e-02 7.9425112e-07
137 -0.75 4.409484219496e-02 1.6426616e-06
138 -0.75 4.440728165575e-02 8.0332482e-07
139 -0.75 4.347016329915e-02 2.6363269e-06
140 -0.75 4.343844161639e-02 1.2885637e-06
141 -0.75 4.531812599722e-02 1.4933972e-06
142 -0.75 4.363205749154e-02 1.2143828e-06
143 -0.75 4.406490911875e-02 2.2956358e-06
144 -0.75 4.325401964793e-02 8.1273119e-07
145 -0.75 4.433000377437e-02 1.3583177e-06
146 -0.75 4.420522795089e-02 1.5211664e-06
147 -0.75 4.302579761513e-02 7.8261652e-07
148 -0.75 4.394600362768e-02 1.0723340e-06
149 -0.75 4.383248186761e-02 2.9606414e-07
150 -0.75 4.353845519878e-02 3.2258280e-06
151 -0.75 4.436004717545e-02 8.8949783e-07
152 -0.75 4.335571994219e-02 1.3280451e-06
153 -0.75 4.364672431193e-02 1.2631000e-06
154 -0.75 4.451541481951e-02 1.0885823e-06
155 -0.75 4.352866237344e-02 1.1452926e-06
156 -0.75 4.454037354198e-02 6.7158861e-07
157 -0.75 4.263389760273e-02 1.0049488e-06
158 -0.75 4.362491554485e-02 1.1634027e-06
159 -0.75 4.445058573233e-02 1.0560246e-06
160 -0.75 4.291540951861e-02 8.4130802e-07
161 -0.75 4.438936157105e-02 1.6660661e-06
162 -0.75 4.318131471185e-02 1.4309924e-06
163 -0.75 4.487047187178e-02 1.3913456e-06
164 -0.75 4.293818753027e-02 7.7175165e-07
165 -0.75 4.507744475649e-02 1.4102480e-06
166 -0.75 4.303435597038e-02 5.4897183e-07
167 -0.75 4.296050488324e-02 2.4506154e-06
168 -0.75 4.434608455114e-02 3.5844712e-07
169 -0.75 4.359698292401e-02 6.0575237e-07
170 -0.75 4.434747672738e-02 2.9406265e-06
171 -0.75 4.287604819770e-02 7.4049852e-07
172 -0.75 4.444822211621e-02 1.7664443e-06
173 -0.75 4.355408111029e-02 4.5541828e-07
174 -0.75 4.333743017453e-02 2.2549389e-06
175 -0.75 4.156369682886e-02 2.6474470e-07
176 -0.75 4.310840190044e-02 7.4660881e-07
177 -0.75 4.352365209308e-02 1.1610683e-06
178 -0.75 4.408645607918e-02 1.2583446e-06
179 -0.75 4.436585408880e-02 1.6542176e-06
180 -0.75 4.540867413448e-02 5.6014549e-06
181 -0.75 4.356230949496e-02 1.1940634e-06
182 -0.75 4.338163321944e-02 6.9566681e-07
183 -0.75 4.318149155316e-02 1.1393409e-06
184 -0.75 4.326965177055e-02 3.4414496e-06
185 -0.75 4.308113924564e-02 1.6542370e-06
186 -0.75 4.276500007140e-02 8.1805339e-07
187 -0.75 4.302041871177e-02 1.0484616e-06
188 -0.75 4.339418342546e-02 9.8260265e-07
189 -0.75 4.456570018232e-02 1.7867816e-06
190 -0.75 4.458980130303e-02 2.9018659e-06
191 -0.75 4.375673269921e-02 2.0366622e-06
192 -0.75 4.204939661358e-02 7.1286195e-07
193 -0.75 4.420855649760e-02 1.1229888e-06
194 -0.75 4.350142220114e-02 2.0772905e-06
195 -0.75 4.305930923279e-02 1.1315725e-06
196 -0.75 4.362999571966e-02 1.2112739e-06
197 -0.75 4.347516208284e-02 8.8689524e-07
198 -0.75 4.469587572550e-02 8.4658219e-07
199 -0.75 4.441605215084e-02 1.8581764e-06
200 -0.75 4.334925296414e-02 1.4498895e-06
201 -0.75 4.413675466288e-02 2.1971536e-06
202 -0.75 4.497119742046e-02 7.6875774e-07
203 -0.75 4.451724298276e-02 8.7799600e-07
204 -0.75 4.389730567678e-02 1.1134432e-06
205 -0.75 4.376161678395e-02 1.1508349e-06
206 -0.75 4.295654093970e-02 5.5649039e-07
207 -0.75 4.394417306404e-02 8.6253554e-07
208 -0.75 4.392037970683e-02 7.5958742e-07
209 -0.75 4.604349861186e-02 4.1095031e-06
210 -0.75 4.380587268417e-02 6.7867713e-07
211 -0.75 4.344797836867e-02 5.3723097e-07
212 -0.75 4.414780591497e-02 1.8260379e-06
213 -0.75 4.385779261368e-02 3.0448656e-07
214 -0.75 4.276982920318e-02 5.6432885e-07
215 -0.75 4.341319156974e-02 7.0371863e-07
216 -0.75 4.466192370231e-02 9.3652290e-07
217 -0.75 4.351573834020e-02 1.4807854e-06
218 -0.75 4.241648057493e-02 5.8701779e-07
219 -0.75 4.364749105669e-02 1.1079317e-06
220 -0.75 4.315410216605e-02 6.3495359e-07
221 -0.75 4.563570090256e-02 6.8548336e-07
222 -0.75 4.354933466305e-02 1.6631340e-06
223 -0.75 4.403294786823e-02 3.2370703e-06
224 -0.75 4.332611721023e-02 4.5311293e-07
225 -0.75 4.375545117342e-02 1.5575857e-06
226 -0.75 4.445853743901e-02 1.0271187e-06
227 -0.75 4.309513074655e-02 1.8854656e-06
228 -0.75 4.357675999976e-02 1.9815255e-06
229 -0.75 4.462291162858e-02 8.3179495e-07
230 -0.75 4.280838379043e-02 7.4431021e-07
231 -0.75 4.284265841087e-02 8.2914188e-07
232 -0.75 4.304539539996e-02 1.0937019e-06
233 -0.75 4.408696221009e-02 2.0890542e-06
234 -0.75 4.447804162091e-02 9.7314254e-07
235 -0.75 4.322973364244e-02 9.2072078e-07
236 -0.75 4.296236956982e-02 7.6024081e-07
237 -0.75 4.283825177875e-02 7.0784730e-07
238 -0.75 4.501994489194e-02 7.9907105e-07
239 -0.75 4.475126524851e-02 9.0898107e-07
240 -0.75 4.434274734988e-02 7.2659760e-07
241 -0.75 4.291316737891e-02 1.1778072e-06
242 -0.75 4.301817922647e-02 7.5190143e-07
243 -0.75 4.454397719611e-02 1.8728379e-06
244 -0.75 4.395661176122e-02 2.5874670e-06
245 -0.75 4.347019412444e-02 1.5185799e-06
246 -0.75 4.317447186369e-02 9.5056084e-07
247 -0.75 4.443862429540e-02 1.3112902e-06
248 -0.75 4.280800221122e-02 2.8194550e-07
249 -0.75 4.281204355912e-02 6.8883634e-07
250 -0.75 4.381267448785e-02 1.1922589e-06
251 -0.75 4.373351922054e-02 4.6710069e-07
252 -0.75 4.465301702940e-02 1.3866626e-06
253 -0.75 4.541738168772e-02 5.4546581e-07
254 -0.75 4.405331681894e-02 1.9058409e-06
255 -0.75 4.343874083978e-02 8.4959355e-07
256 -0.75 4.377615031242e-02 3.9760583e-06
257 -0.75 4.346835392376e-02 5.5401766e-07
258 -0.75 4.286104506086e-02 1.1487410e-06
259 -0.75 4.435676897327e-02 6.0497121e-07
260 -0.75 4.256703301596e-02 1.4034704e-06
261 -0.75 4.466271468295e-02 8.3922450e-07
262 -0.75 4.449940688601e-02 1.2080669e-06
263 -0.75 4.240053968559e-02 1.7521524e-06
264 -0.75 4.303086648159e-02 7.1756537e-07
265 -0.75 4.480428008426e-02 1.6635832e-06
266 -0.75 4.276842783773e-02 6.2495028e-07
267 -0.75 4.436887342648e-02 3.0857478e-06
268 -0.75 4.295987038054e-02 2.1411426e-06
269 -0.75 4.301922291938e-02 1.1000879e-06
270 -0.75 4.375090213972e-02 1.1748367e-06
271 -0.75 4.313383373229e-02 4.2930544e-07
272 -0.75 4.258601524709e-02 1.4218102e-06
273 -0.75 4.416435290679e-02 1.4558565e-06
274 -0.75 4.464290644885e-02 1.1262731e-06
275 -0.75 4.269111027842e-02 7.8742109e-07
276 -0.75 4.415254786994e-02 2.2400970e-06
277 -0.75 4.416835283722e-02 7.3434837e-07
278 -0.75 4.346587320346e-02 4.6785479e-07
279 -0.75 4.337954093223e-02 2.0913184e-06
280 -0.75 4.438349551591e-02 7.0024651e-07
281 -0.75 4.531614563564e-02 3.7669005e-07
282 -0.75 4.271375731329e-02 1.2218007e-06
283 -0.75 4.385646018379e-02 5.5115573e-07
284 -0.75 4.421254021348e-02 2.0547124e-06
285 -0.75 4.319832431563e-02 7.6623159e-07
286 -0.75 4.439757014736e-02 3.6802250e-06
287 -0.75 4.335651741050e-02 1.3530058e-06
288 -0.75 4.267603965829e-02 8.3806021e-07
289 -0.75 4.475186281822e-02 1.8214439e-07
290 -0.75 4.525288429063e-02 1.3350564e-06
291 -0.75 4.421675918934e-02 1.2446495e-06
292 -0.75 4.316344926831e-02 5.8926428e-07
293 -0.75 4.297273164846e-02 6.9497103e-07
294 -0.75 4.403149975106e-02 1.2401093e-06
295 -0.75 4.319935150894e-02 1.6438847e-06
296 -0.75 4.413738691417e-02 1.1483960e-06
297 -0.75 4.352101292348e-02 7.2215047e-07
298 -0.75 4.444098657419e-02 9.5148251e-07
299 -0.75 4.226337668394e-02 4.9427917e-07
300 -0.75 4.401988241556e-02 5.9426081e-07
301 -0.75 4.388619560698e-02 9.6916371e-07
302 -0.75 4.260590032882e-02 1.5526489e-06
303 -0.75 4.370848188963e-02 1.8215308e-06
304 -0.75 4.389403032802e-02 1.7705442e-06
305 -0.75 4.399826137334e-02 4.8485192e-07
306 -0.75 4.423289766390e-02 5.4717214e-07
307 -0.75 4.370382411614e-02 1.9538120e-06
308 -0.75 4.459016707942e-02 2.9101079e-07
309 -0.75 4.252532541391e-02 7.7763521e-07
310 -0.75 4.348754334055e-02 1.3739795e-06
311 -0.75 4.177756540005e-02 1.2676481e-06
312 -0.75 4.378268613920e-02 3.4520800e-06
313 -0.75 4.179796564851e-02 1.0842135e-06
314 -0.75 4.365986464813e-02 1.7577583e-06
315 -0.75 4.348900871394e-02 1.1518704e-06
316 -0.75 4.402927387592e-02 2.9408851e-07
317 -0.75 4.299272404887e-02 1.0589628e-06
318 -0.75 4.336596523312e-02 8.5398019e-07
319 -0.75 4.394906450008e-02 8.2143519e-07
320 -0.75 4.345768191461e-02 8.0407249e-07
321 -0.75 4.260710838001e-02 7.8432416e-07
322 -0.75 4.348223474630e-02 1.2129890e-06
323 -0.75 4.331661375197e-02 6.3459924e-07
324 -0.75 4.434041956397e-02 1.4507801e-06
325 -0.75 4.376977324945e-02 1.1007024e-06
326 -0.75 4.484911890890e-02 2.9650738e-06
327 -0.75 4.433286502396e-02 1.3934075e-07
328 -0.75 4.359905541657e-02 1.8017899e-06
329 -0.75 4.331207503629e-02 1.1163808e-06
330 -0.75 4.419836991274e-02 5.9274212e-07
331 -0.75 4.378492688983e-02 9.3954896e-07
332 -0.75 4.454577250067e-02 1.9869763e-06
333 -0.75 4.315988837556e-02 9.2402674e-07
334 -0.75 4.475567475397e-02 3.3397214e-06
335 -0.75 4.301591257898e-02 4.3557440e-07
336 -0.75 4.389930487513e-02 4.3113742e-07
337 -0.75 4.368705286356e-02 5.2254270e-07
338 -0.75 4.355395524532e-02 3.2564898e-06
339 -0.75 4.328155795658e-02 1.3477105e-06
340 -0.75 4.347075915682e-02 7.6808289e-07
341 -0.75 4.286041726999e-02 8.1040090e-07
342 -0.75 4.398164728412e-02 1.2647290e-06
343 -0.75 4.474067763624e-02 9.4196619e-06
344 -0.75 4.477160043476e-02 1.5813177e-06
345 -0.75 4.386644116906e-02 2.1108114e-06
346 -0.75 4.371070630926e-02 4.0342923e-07
347 -0.75 4.264107113502e-02 5.6539637e-07
348 -0.75 4.401669233076e-02 4.6304111e-07
349 -0.75 4.323452959436e-02 1.1407521e-06
350 -0.75 4.512941162919e-02 4.0294923e-06
351 -0.75 4.419418138466e-02 7.3414887e-07
352 -0.75 4.281642245072e-02 3.7759903e-07
353 -0.75 4.417351541048e-02 9.6782531e-07
354 -0.75 4.304539592747e-02 4.8852713e-07
355 -0.75 4.279492125203e-02 7.8855216e-07
356 -0.75 4.327930474303e-02 7.4240389e-07
357 -0.75 4.309967614889e-02 7.2077917e-07
358 -0.75 4.421815337118e-02 1.2837654e-06
359 -0.75 4.415876971314e-02 1.4330322e-06
360 -0.75 4.417106071950e-02 3.9951006e-07
361 -0.75 4.424290508668e-02 1.5155288e-06
362 -0.75 4.473234968026e-02 8.4235302e-07
363 -0.75 4.373328217916e-02 8.5958316e-07
364 -0.75 4.392820879902e-02 9.0629884e-07
365 -0.75 4.367751808734e-02 1.2466725e-06
366 -0.75 4.222923631984e-02 6.5716879e-07
367 -0.75 4.423517160080e-02 1.6226214e-06
368 -0.75 4.352164872105e-02 3.8146138e-07
369 -0.75 4.437185595280e-02 1.2505745e-06
370 -0.75 4.261814063287e-02 7.3462605e-07
371 -0.75 4.266277652594e-02 1.1141245e-06
372 -0.75 4.320254086182e-02 1.2353501e-06
373 -0.75 4.473823288989e-02 1.5202159e-06
374 -0.75 4.458262731353e-02 5.2906923e-07
375 -0.75 4.331744869067e-02 6.1279671e-07
376 -0.75 4.369821514911e-02 5.8102150e-07
377 -0.75 4.495454435106e-02 5.6372661e-07
378 -0.75 4.397745692115e-02 2.1705263e-06
379 -0.75 4.335468998205e-02 1.1059075e-06
380 -0.75 4.411684638750e-02 1.1052836e-06
381 -0.75 4.365411672153e-02 5.7940862e-07
382 -0.75 4.294195145326e-02 1.2600416e-06
383 -0.75 4.385588379540e-02 5.4786573e-07
384 -0.75 4.395247934498e-02 6.8925147e-07
385 -0.75 4.456947688442e-02 9.5053800e-07
386 -0.75 4.436751584265e-02 6.5530565e-07
387 -0.75 4.360731013790e-02 1.5657901e-06
388 -0.75 4.388554093863e-02 1.0717284e-06
389 -0.75 4.443779257606e-02 1.1384735e-06
390 -0.75 4.298381869046e-02 1.0170766e-06
391 -0.75 4.457984907320e-02 1.5640426e-06
392 -0.75 4.413127799577e-02 1.1270497e-06
393 -0.75 4.464268099491e-02 8.0562949e-07
394 -0.75 4.408753674845e-02 6.7071376e-07
395 -0.75 4.415123010256e-02 1.2105596e-06
396 -0.75 4.339716010887e-02 2.0127885e-06
397 -0.75 4.316966598893e-02 6.6704093e-07
398 -0.75 4.419728125567e-02 2.5339306e-06
399 -0.75 4.360238136512e-02 6.1762393e-07
400 -0.75 4.405171996283e-02 1.7589616e-06
401 -0.75 4.275754584888e-02 4.9222803e-07
402 -0.75 4.404874200810e-02 5.3405791e-07
403 -0.75 4.389618834329e-02 8.3819890e-07
404 -0.75 4.404977360709e-02 2.4986130e-06
405 -0.75 4.302542597420e-02 4.1184063e-07
406 -0.75 4.405012711613e-02 3.1745001e-06
407 -0.75 4.441546167966e-02 1.0165803e-06
408 -0.75 4.338794644900e-02 7.5198991e-07
409 -0.75 4.408631433443e-02 7.0300722e-07
410 -0.75 4.395338582335e-02 1.3101043e-06
411 -0.75 4.412673574136e-02 1.6817815e-06
412 -0.75 4.345957433559e-02 6.8387823e-07
413 -0.75 4.442650685521e-02 9.0347295e-07
414 -0.75 4.420561928063e-02 7.6556448e-07
415 -0.75 4.354327154250e-02 8.7364899e-07
416 -0.75 4.483618053524e-02 1.3267435e-06
417 -0.75 4.427991779436e-02 1.1782537e-06
418 -0.75 4.298857764314e-02 2.1802557e-06
419 -0.75 4.258206703306e-02 2.8840450e-07
420 -0.75 4.456745158587e-02 7.6982871e-07
421 -0.75 4.415366742987e-02 3.0987701e-06
422 -0.75 4.415937667571e-02 1.7479395e-06
423 -0.75 4.479333817196e-02 1.4956191e-06
424 -0.75 4.358369747790e-02 8.9917712e-07
425 -0.75 4.366230739197e-02 2.8857558e-07
426 -0.75 4.406638584807e-02 7.4133711e-07
427 -0.75 4.428621094876e-02 1.1685206e-06
428 -0.75 4.336907354352e-02 1.4823863e-06
429 -0.75 4.447315206324e-02 1.2438378e-06
430 -0.75 4.361269562765e-02 7.3100421e-07
431 -0.75 4.412621389333e-02 1.7311030e-06
432 -0.75 4.375653732999e-02 5.6136805e-07
433 -0.75 4.342378304548e-02 1.8019740e-06
434 -0.75 4.376403296642e-02 4.1047724e-06
435 -0.75 4.387542659082e-02 1.4594710e-06
436 -0.75 4.373457674647e-02 1.5038187e-06
437 -0.75 4.429790369747e-02 1.9103271e-06
438 -0.75 4.539322822906e-02 4.3309822e-06
439 -0.75 4.266095447370e-02 6.4398085e-07
440 -0.75 4.450049735334e-02 1.7904290e-06
441 -0.75 4.302040869052e-02 9.7116723e-07
442 -0.75 4.451437661976e-02 1.6048105e-06
443 -0.75 4.227777094734e-02 8.5997670e-07
444 -0.75 4.278932160484e-02 4.9158163e-07
445 -0.75 4.450068346659e-02 1.0723125e-06
446 -0.75 4.363473013617e-02 4.6249863e-07
447 -0.75 4.353821515247e-02 1.1590620e-06
448 -0.75 4.465963284523e-02 9.8750143e-07
449 -0.75 4.367370762638e-02 2.4374969e-06
450 -0.75 4.331563327243e-02 7.5665828e-07
451 -0.75 4.442265355991e-02 2.1386419e-07
452 -0.75 4.292560516853e-02 1.6941919e-06
453 -0.75 4.456661215848e-02 1.1047121e-06
454 -0.75 4.366473126289e-02 2.2179942e-06
455 -0.75 4.476152928962e-02 6.1825222e-07
456 -0.75 4.295469330149e-02 1.0748767e-06
457 -0.75 4.279257130672e-02 1.0052683e-06
458 -0.75 4.363895674938e-02 6.3953093e-07
459 -0.75 4.412317598317e-02 8.0564710e-07
460 -0.75 4.336469352870e-02 1.0972822e-06
461 -0.75 4.320311944765e-02 9.9718367e-07
462 -0.75 4.328747235121e-02 1.5695029e-06
463 -0.75 4.353292279239e-02 5.3731470e-07
464 -0.75 4.410556772421e-02 8.2516024e-07
465 -0.75 4.467211122922e-02 7.2527136e-07
466 -0.75 4.298241501679e-02 2.5045675e-06
467 -0.75 4.384845593174e-02 5.2408702e-07
468 -0.75 4.368097790189e-02 9.1247119e-07
469 -0.75 4.270714693335e-02 7.0042975e-07
470 -0.75 4.415992067470e-02 6.9023276e-07
471 -0.75 4.324118876168e-02 4.4802678e-07
472 -0.75 4.371092541670e-02 2.3078391e-06
473 -0.75 4.309530101737e-02 1.3082850e-06
474 -0.75 4.405041316495e-02 9.0944759e-07
475 -0.75 4.390714743435e-02 1.4493160e-06
476 -0.75 4.414828831868e-02 1.6735834e-06
477 -0.75 4.409759582276e-02 1.1882447e-06
478 -0.75 4.378184403457e-02 9.0553667e-07
479 -0.75 4.333181965720e-02 9.6003320e-07
480 -0.75 4.445034642768e-02 1.0881214e-06
481 -0.75 4.315740915517e-02 2.1526283e-06
482 -0.75 4.407236205566e-02 1.2602992e-06
483 -0.75 4.368837564509e-02 1.0715711e-06
484 -0.75 4.174993935855e-02 9.0098642e-07
485 -0.75 4.301462695311e-02 1.1892791e-06
486 -0.75 4.354646016767e-02 1.5460751e-06
487 -0.75 4.384829728840e-02 1.3873158e-06
488 -0.75 4.392545702724e-02 2.3117702e-06
489 -0.75 4.379077016049e-02 1.2487922e-06
490 -0.75 4.402996479280e-02 1.2185645e-06
491 -0.75 4.379964686126e-02 7.1084045e-07
492 -0.75 4.409391714979e-02 7.8557942e-07
493 -0.75 4.368739214012e-02 1.4008942e-06
494 -0.75 4.303432278575e-02 1.1368973e-06
495 -0.75 4.375005836241e-02 1.7428907e-06
496 -0.75 4.485783553549e-02 7.7043843e-07
497 -0.75 4.363821507194e-02 6.8370990e-07
498 -0.75 4.398285572541e-02 1.7125266e-06
499 -0.75 4.233156149086e-02 6.8896301e-07
500 -0.75 4.417582456445e-02 4.9081354e-07
1 -0.50 4.42232e-02 7.45924e-06
2 -0.50 4.36042e-02 6.87841e-06
3 -0.50 4.24722e-02 5.97822e-06
4 -0.50 4.30358e-02 6.13390e-06
5 -0.50 4.30333e-02 1.58575e-05
6 -0.50 4.33860e-02 4.22707e-06
7 -0.50 4.35602e-02 8.72289e-06
8 -0.50 4.46968e-02 6.71970e-06
9 -0.50 4.43420e-02 5.35304e-06
10 -0.50 4.32226e-02 5.71313e-06
11 -0.50 4.42330e-02 4.90237e-06
12 -0.50 4.39615e-02 3.98991e-06
13 -0.50 4.21761e-02 4.38858e-06
14 -0.50 4.30882e-02 4.19940e-06
15 -0.50 4.21796e-02 1.26114e-05
16 -0.50 4.34275e-02 4.83878e-06
17 -0.50 4.31281e-02 6.23784e-06
18 -0.50 4.28828e-02 5.25061e-06
19 -0.50 4.28467e-02 5.12886e-06
20 -0.50 4.35455e-02 9.34534e-06
21 -0.50 4.34982e-02 8.02655e-06
22 -0.50 4.25575e-02 5.83427e-06
23 -0.50 4.27307e-02 3.42870e-06
24 -0.50 4.30873e-02 4.53951e-06
25 -0.50 4.41459e-02 7.81820e-06
26 -0.50 4.38358e-02 3.77076e-06
27 -0.50 4.25299e-02 3.21689e-06
28 -0.50 4.42465e-02 5.01551e-06
29 -0.50 4.35449e-02 6.00611e-06
30 -0.50 4.32540e-02 5.68716e-06
31 -0.50 4.30580e-02 3.10782e-06
32 -0.50 4.34169e-02 4.96445e-06
33 -0.50 4.29470e-02 5.64628e-06
34 -0.50 4.41355e-02 7.13681e-06
35 -0.50 4.45637e-02 5.71141e-06
36 -0.50 4.47791e-02 7.88445e-06
37 -0.50 4.32234e-02 6.88235e-06
38 -0.50 4.26437e-02 3.79444e-06
39 -0.50 4.28769e-02 4.18727e-06
40 -0.50 4.41593e-02 6.06335e-06
41 -0.50 4.35038e-02 4.52114e-06
42 -0.50 4.27085e-02 5.43793e-06
43 -0.50 4.24326e-02 4.91738e-06
44 -0.50 4.27957e-02 4.68646e-06
45 -0.50 4.20533e-02 2.86899e-06
46 -0.50 4.35442e-02 1.36909e-05
47 -0.50 4.41921e-02 6.91299e-06
48 -0.50 4.17925e-02 3.33646e-06
49 -0.50 4.38348e-02 6.25338e-06
50 -0.50 4.43734e-02 6.27030e-06
51 -0.50 4.35179e-02 1.04491e-05
52 -0.50 4.18327e-02 3.54222e-06
53 -0.50 4.39625e-02 4.03407e-06
54 -0.50 4.40421e-02 2.89549e-06
55 -0.50 4.36906e-02 5.36038e-06
56 -0.50 4.28206e-02 5.67623e-06
57 -0.50 4.33851e-02 5.44653e-06
58 -0.50 4.34498e-02 1.00243e-05
59 -0.50 4.33048e-02 4.28377e-06
60 -0.50 4.46375e-02 6.87786e-06
61 -0.50 4.27315e-02 3.96634e-06
62 -0.50 4.41692e-02 5.71381e-06
63 -0.50 4.34565e-02 3.59205e-06
64 -0.50 4.34757e-02 6.15998e-06
65 -0.50 4.33894e-02 7.42352e-06
66 -0.50 4.29579e-02 6.91108e-06
67 -0.50 4.37075e-02 1.85284e-05
68 -0.50 4.33496e-02 4.26489e-06
69 -0.50 4.38347e-02 8.45202e-06
70 -0.50 4.35723e-02 1.08878e-05
71 -0.50 4.39789e-02 6.28358e-06
72 -0.50 4.17718e-02 3.73997e-06
73 -0.50 4.48064e-02 8.50731e-06
74 -0.50 4.44982e-02 7.80521e-06
75 -0.50 4.30101e-02 4.26174e-06
76 -0.50 4.43859e-02 7.61830e-06
77 -0.50 4.32275e-02 5.10747e-06
78 -0.50 4.35191e-02 4.95314e-06
79 -0.50 4.30264e-02 6.57847e-06
80 -0.50 4.48974e-02 7.77076e-06
81 -0.50 4.39941e-02 9.22555e-06
82 -0.50 4.29751e-02 8.75146e-06
83 -0.50 4.21839e-02 4.95881e-06
84 -0.50 4.33794e-02 4.58611e-06
85 -0.50 4.44166e-02 2.09132e-05
86 -0.50 4.47864e-02 6.68265e-06
87 -0.50 4.29273e-02 5.96320e-06
88 -0.50 4.30474e-02 4.39222e-06
89 -0.50 4.38889e-02 7.00449e-06
90 -0.50 4.37363e-02 6.05559e-06
91 -0.50 4.30511e-02 6.32029e-06
92 -0.50 4.27442e-02 3.86983e-06
93 -0.50 4.32096e-02 4.17456e-06
94 -0.50 4.37291e-02 6.79178e-06
95 -0.50 4.33122e-02 4.89349e-06
96 -0.50 4.36185e-02 4.83474e-06
97 -0.50 4.33651e-02 4.09413e-06
98 -0.50 4.33230e-02 5.98268e-06
99 -0.50 4.31376e-02 4.70670e-06
100 -0.50 4.48437e-02 6.11702e-06
101 -0.50 4.194648273051e-02 3.3510451e-07
102 -0.50 4.268710728499e-02 5.4733540e-07
103 -0.50 4.482466576679e-02 1.2187818e-06
104 -0.50 4.326231268688e-02 1.6279353e-06
105 -0.50 4.385128712768e-02 7.1745228e-07
106 -0.50 4.368433901290e-02 2.0688545e-06
107 -0.50 4.268830548713e-02 6.3381410e-07
108 -0.50 4.280845210595e-02 7.1333739e-07
109 -0.50 4.447830909092e-02 1.5067604e-06
110 -0.50 4.353992455369e-02 1.5609125e-06
111 -0.50 4.469644368272e-02 6.7869252e-06
112 -0.50 4.388980805522e-02 4.6955967e-06
113 -0.50 4.364993525292e-02 8.5832645e-07
114 -0.50 4.399202373236e-02 1.1844287e-06
115 -0.50 4.265062588338e-02 6.3579710e-07
116 -0.50 4.507937505584e-02 8.3532219e-07
117 -0.50 4.312875066200e-02 3.8896364e-07
118 -0.50 4.355026855396e-02 4.2556943e-07
119 -0.50 4.372720084771e-02 8.0276544e-07
120 -0.50 4.365866089657e-02 1.9214394e-07
121 -0.50 4.397593858489e-02 4.1789176e-07
122 -0.50 4.476741167044e-02 2.4310234e-06
123 -0.50 4.316828898954e-02 2.2354399e-06
124 -0.50 4.294360917376e-02 2.8760207e-07
125 -0.50 4.362956973662e-02 1.3911085e-06
126 -0.50 4.410590600709e-02 2.6058201e-06
127 -0.50 4.298443477426e-02 1.9086493e-06
128 -0.50 4.353459786303e-02 2.1877916e-07
129 -0.50 4.288626713382e-02 1.2003014e-06
130 -0.50 4.265695685833e-02 7.6754247e-07
131 -0.50 4.535727889507e-02 1.5848324e-06
132 -0.50 4.303290667268e-02 1.0142750e-06
133 -0.50 4.337820331343e-02 1.2551469e-06
134 -0.50 4.476651833715e-02 1.6001934e-06
135 -0.50 4.287874624729e-02 7.2484121e-07
136 -0.50 4.412154280874e-02 1.8667244e-06
137 -0.50 4.366928633462e-02 1.2457313e-06
138 -0.50 4.426290414701e-02 2.1121499e-06
139 -0.50 4.309521304037e-02 1.8644323e-06
140 -0.50 4.322825432275e-02 1.6973117e-06
141 -0.50 4.489888030647e-02 6.2505154e-07
142 -0.50 4.364596362960e-02 6.8394882e-07
143 -0.50 4.398844383069e-02 9.8987263e-07
144 -0.50 4.317319383691e-02 1.3601632e-06
145 -0.50 4.418068896600e-02 2.9021375e-06
146 -0.50 4.325460229730e-02 1.0687365e-06
147 -0.50 4.495308017946e-02 1.7442985e-06
148 -0.50 4.312647430869e-02 3.2577437e-07
149 -0.50 4.386731418235e-02 1.3922947e-06
150 -0.50 4.367268233162e-02 2.5391055e-06
151 -0.50 4.370098687716e-02 1.4472264e-06
152 -0.50 4.296385903143e-02 1.0292959e-06
153 -0.50 4.319966561803e-02 1.3133120e-06
154 -0.50 4.426921159562e-02 8.2850584e-07
155 -0.50 4.256890068265e-02 1.1901186e-06
156 -0.50 4.485157675671e-02 3.1794451e-06
157 -0.50 4.285126825908e-02 1.4160262e-06
158 -0.50 4.347696939296e-02 2.1339473e-06
159 -0.50 4.367186891047e-02 1.1182308e-06
160 -0.50 4.278230373034e-02 7.2967105e-07
161 -0.50 4.458737187901e-02 4.1312989e-06
162 -0.50 4.308085129493e-02 1.1984752e-06
163 -0.50 4.523048412969e-02 1.2021359e-06
164 -0.50 4.186660762308e-02 2.1309847e-06
165 -0.50 4.430886217359e-02 5.8773314e-07
166 -0.50 4.297442440747e-02 4.6203338e-07
167 -0.50 4.314608422534e-02 1.4203844e-06
168 -0.50 4.431165096171e-02 1.6016383e-06
169 -0.50 4.324520349210e-02 8.4753404e-07
170 -0.50 4.264900576616e-02 1.1431406e-06
171 -0.50 4.288962029475e-02 4.6889114e-07
172 -0.50 4.344087101664e-02 1.8978934e-06
173 -0.50 4.417425827657e-02 3.0261919e-06
174 -0.50 4.318721878223e-02 4.1108822e-07
175 -0.50 4.156160900308e-02 6.8265111e-07
176 -0.50 4.274763788941e-02 5.3805063e-07
177 -0.50 4.349843550056e-02 1.6257168e-06
178 -0.50 4.394281774899e-02 1.8185751e-06
179 -0.50 4.380847487541e-02 1.7812995e-06
180 -0.50 4.380946664726e-02 1.1426980e-06
181 -0.50 4.327008453641e-02 7.5410355e-07
182 -0.50 4.341617394353e-02 1.1856683e-06
183 -0.50 4.309042031989e-02 8.5841194e-07
184 -0.50 4.311498811930e-02 1.2392687e-06
185 -0.50 4.363417678193e-02 9.6157241e-07
186 -0.50 4.270764407752e-02 1.1067948e-06
187 -0.50 4.293735243525e-02 4.3000510e-07
188 -0.50 4.296493757859e-02 7.0534497e-07
189 -0.50 4.412247522847e-02 1.0731844e-06
190 -0.50 4.287942382032e-02 1.7500659e-06
191 -0.50 4.316688408625e-02 3.4081249e-07
192 -0.50 4.225635672815e-02 6.7594601e-07
193 -0.50 4.365223007449e-02 9.8016493e-07
194 -0.50 4.339891418956e-02 1.2946434e-06
195 -0.50 4.334682248408e-02 2.9644694e-06
196 -0.50 4.358972408073e-02 1.3224921e-06
197 -0.50 4.337930543830e-02 9.2253278e-07
198 -0.50 4.466669096209e-02 1.8070631e-06
199 -0.50 4.398448144341e-02 6.9873413e-07
200 -0.50 4.390882009183e-02 3.2331204e-06
201 -0.50 4.457835117828e-02 1.0501124e-06
202 -0.50 4.400455593202e-02 1.5011225e-06
203 -0.50 4.375000260181e-02 5.5584736e-07
204 -0.50 4.395780329051e-02 1.3048433e-06
205 -0.50 4.329886285345e-02 7.0230962e-07
206 -0.50 4.252761096818e-02 2.9430124e-06
207 -0.50 4.384559513967e-02 3.4218350e-07
208 -0.50 4.383175596976e-02 2.6329024e-06
209 -0.50 4.518899287036e-02 6.8217660e-07
210 -0.50 4.471921971156e-02 2.7469016e-06
211 -0.50 4.370651701678e-02 1.1085640e-06
212 -0.50 4.371225860731e-02 1.6408052e-06
213 -0.50 4.339523859911e-02 8.4588412e-07
214 -0.50 4.278252785260e-02 2.6521876e-06
215 -0.50 4.379946699641e-02 1.3453071e-06
216 -0.50 4.541846280896e-02 4.3278587e-06
217 -0.50 4.332456394652e-02 1.1076523e-06
218 -0.50 4.366330969009e-02 5.2414615e-06
219 -0.50 4.414032976730e-02 1.2807402e-06
220 -0.50 4.260278276846e-02 5.9341219e-07
221 -0.50 4.538158256501e-02 4.7365335e-07
222 -0.50 4.331367148376e-02 9.9541971e-07
223 -0.50 4.319119469389e-02 6.8001512e-07
224 -0.50 4.298974678398e-02 7.0041341e-07
225 -0.50 4.396790293568e-02 7.9057064e-07
226 -0.50 4.419586480974e-02 6.4796033e-07
227 -0.50 4.284020825588e-02 7.3535726e-07
228 -0.50 4.336212341126e-02 3.9025013e-07
229 -0.50 4.427313911366e-02 9.2478116e-07
230 -0.50 4.260739045997e-02 7.7445393e-07
231 -0.50 4.330223371503e-02 9.5935794e-07
232 -0.50 4.322010712780e-02 1.0894724e-06
233 -0.50 4.260922461668e-02 5.9307815e-07
234 -0.50 4.368167182982e-02 3.6855756e-07
235 -0.50 4.386764751635e-02 1.2532692e-07
236 -0.50 4.319176403364e-02 8.1793021e-07
237 -0.50 4.307967235943e-02 2.0691033e-06
238 -0.50 4.430939403925e-02 1.6316827e-06
239 -0.50 4.383240085204e-02 1.2809709e-06
240 -0.50 4.348744631864e-02 1.4106234e-06
241 -0.50 4.380223967573e-02 2.7848746e-06
242 -0.50 4.246158930498e-02 4.4315420e-07
243 -0.50 4.425262602092e-02 4.6738341e-06
244 -0.50 4.380613345472e-02 7.6776526e-07
245 -0.50 4.271929357820e-02 1.5255834e-06
246 -0.50 4.252118379525e-02 5.9230609e-07
247 -0.50 4.398014423811e-02 8.5802614e-07
248 -0.50 4.303890057576e-02 1.5658892e-06
249 -0.50 4.199958096682e-02 4.7122466e-07
250 -0.50 4.363770955054e-02 1.0103789e-06
251 -0.50 4.326554092464e-02 5.5448991e-07
252 -0.50 4.434746731401e-02 2.4834952e-06
253 -0.50 4.455447602435e-02 1.9477416e-06
254 -0.50 4.352968922621e-02 2.6228587e-06
255 -0.50 4.275252515979e-02 8.6919559e-07
256 -0.50 4.339487125465e-02 1.5879796e-06
257 -0.50 4.299800980878e-02 3.6808944e-07
258 -0.50 4.251280755605e-02 6.1961320e-07
259 -0.50 4.385025394709e-02 1.0250982e-06
260 -0.50 4.240554939222e-02 4.0247682e-07
261 -0.50 4.411853267203e-02 1.3991756e-06
262 -0.50 4.383499455913e-02 1.1880211e-06
263 -0.50 4.216183911987e-02 5.4518655e-07
264 -0.50 4.279605346695e-02 1.5783277e-06
265 -0.50 4.470469596623e-02 9.7997046e-07
266 -0.50 4.319570707430e-02 1.7736374e-06
267 -0.50 4.350249308842e-02 5.4060186e-07
268 -0.50 4.330313829997e-02 1.3827893e-06
269 -0.50 4.337439564009e-02 1.7555479e-06
270 -0.50 4.358069797428e-02 9.4088142e-07
271 -0.50 4.306389383625e-02 1.1150174e-06
272 -0.50 4.302639439844e-02 8.6970875e-07
273 -0.50 4.324421490248e-02 7.9685594e-07
274 -0.50 4.433819014965e-02 2.1005126e-06
275 -0.50 4.262136275435e-02 1.1003008e-06
276 -0.50 4.309399706046e-02 1.2716742e-06
277 -0.50 4.399061666547e-02 1.3836360e-06
278 -0.50 4.288021537919e-02 7.1847787e-07
279 -0.50 4.258333628323e-02 1.1247485e-06
280 -0.50 4.426368266295e-02 1.8020627e-06
281 -0.50 4.467227060749e-02 8.5998876e-07
282 -0.50 4.227886015472e-02 2.4477380e-06
283 -0.50 4.252569468241e-02 2.4579867e-06
284 -0.50 4.298170001228e-02 6.1293544e-07
285 -0.50 4.307623388851e-02 1.3522638e-06
286 -0.50 4.449474353736e-02 1.2523413e-06
287 -0.50 4.378318887376e-02 9.9243199e-07
288 -0.50 4.277442516376e-02 1.4374575e-06
289 -0.50 4.395557894206e-02 1.1499260e-06
290 -0.50 4.412464652724e-02 7.7471600e-07
291 -0.50 4.404192150276e-02 2.4625090e-06
292 -0.50 4.399827636087e-02 1.6864488e-06
293 -0.50 4.312878356052e-02 1.1262866e-06
294 -0.50 4.368587737633e-02 1.3621801e-06
295 -0.50 4.266021890620e-02 4.7495740e-07
296 -0.50 4.445485189757e-02 1.1340847e-06
297 -0.50 4.351991625634e-02 1.3875743e-06
298 -0.50 4.411052526953e-02 1.1942321e-06
299 -0.50 4.256855071919e-02 1.0878389e-06
300 -0.50 4.309068042766e-02 9.4585733e-07
301 -0.50 4.361534222670e-02 2.2211564e-06
302 -0.50 4.216447619893e-02 8.7386859e-07
303 -0.50 4.306753426505e-02 8.8162606e-07
304 -0.50 4.282435042300e-02 4.1503192e-07
305 -0.50 4.381027867485e-02 2.1683033e-07
306 -0.50 4.473550425634e-02 2.9574260e-06
307 -0.50 4.320590991539e-02 1.2988250e-06
308 -0.50 4.401407449782e-02 3.1079210e-07
309 -0.50 4.371656707367e-02 2.3266528e-06
310 -0.50 4.351051899432e-02 7.9932215e-07
311 -0.50 4.156083130549e-02 6.3584875e-07
312 -0.50 4.316686649028e-02 7.2779043e-07
313 -0.50 4.237631703451e-02 4.9640206e-07
314 -0.50 4.337363963037e-02 1.5711360e-06
315 -0.50 4.317283299979e-02 5.9767071e-07
316 -0.50 4.355915895737e-02 9.4178610e-07
317 -0.50 4.332406163960e-02 7.7057017e-07
318 -0.50 4.344925859862e-02 2.2407340e-07
319 -0.50 4.356373177346e-02 9.1282449e-07
320 -0.50 4.280129118773e-02 8.3237118e-07
321 -0.50 4.293412597193e-02 6.2645903e-07
322 -0.50 4.301672007751e-02 3.1297143e-06
323 -0.50 4.267809981339e-02 1.1822083e-06
324 -0.50 4.351671797149e-02 1.1351726e-06
325 -0.50 4.347133224833e-02 1.6008843e-06
326 -0.50 4.330799651332e-02 7.8372418e-07
327 -0.50 4.483359077385e-02 1.8929778e-06
328 -0.50 4.316881517702e-02 2.8389470e-07
329 -0.50 4.319483668752e-02 1.2349138e-06
330 -0.50 4.378457795488e-02 1.5804227e-06
331 -0.50 4.450953115534e-02 2.2191332e-06
332 -0.50 4.325422889817e-02 1.2096413e-06
333 -0.50 4.304535165984e-02 2.3355329e-07
334 -0.50 4.390529640347e-02 4.4619912e-07
335 -0.50 4.352839141367e-02 6.6688595e-07
336 -0.50 4.438433526787e-02 1.1204198e-06
337 -0.50 4.344080689115e-02 8.2301463e-07
338 -0.50 4.284314603057e-02 1.8323060e-06
339 -0.50 4.361117261832e-02 2.2853933e-06
340 -0.50 4.422364282778e-02 9.7699443e-07
341 -0.50 4.312902602632e-02 1.0350380e-06
342 -0.50 4.351988984321e-02 1.3428271e-06
343 -0.50 4.370019296025e-02 1.5698866e-06
344 -0.50 4.419825832656e-02 1.3055953e-06
345 -0.50 4.338518684342e-02 4.5945152e-07
346 -0.50 4.376926228293e-02 9.6870119e-07
347 -0.50 4.261121488580e-02 4.9814096e-07
348 -0.50 4.269910830118e-02 1.0483123e-06
349 -0.50 4.294211087861e-02 1.7745458e-06
350 -0.50 4.376986149135e-02 1.4410963e-06
351 -0.50 4.394882139134e-02 5.0528267e-07
352 -0.50 4.298884274408e-02 1.3448860e-06
353 -0.50 4.364117413358e-02 5.1066447e-07
354 -0.50 4.362254297618e-02 2.8213159e-07
355 -0.50 4.281789915818e-02 1.9356965e-06
356 -0.50 4.310961115613e-02 4.2654264e-07
357 -0.50 4.270783382991e-02 9.6506744e-07
358 -0.50 4.346224342006e-02 8.0711408e-07
359 -0.50 4.406595797826e-02 1.3949678e-06
360 -0.50 4.359276669743e-02 1.2917059e-06
361 -0.50 4.357696089272e-02 1.7805149e-06
362 -0.50 4.423433726173e-02 1.0591442e-06
363 -0.50 4.367562081054e-02 4.6030231e-07
364 -0.50 4.364037363977e-02 2.7703780e-06
365 -0.50 4.409830084117e-02 1.5288005e-06
366 -0.50 4.255334672951e-02 1.2239356e-06
367 -0.50 4.388731837445e-02 2.0871599e-06
368 -0.50 4.339103999385e-02 1.5174721e-06
369 -0.50 4.358662843626e-02 5.9240016e-07
370 -0.50 4.267830059811e-02 9.5741729e-07
371 -0.50 4.219869388276e-02 4.7054183e-07
372 -0.50 4.235918457459e-02 6.9396382e-07
373 -0.50 4.464528986355e-02 1.0654361e-06
374 -0.50 4.435329118519e-02 8.0025865e-07
375 -0.50 4.264440415016e-02 3.2812478e-07
376 -0.50 4.373550579965e-02 2.9948739e-07
377 -0.50 4.430660678694e-02 7.7889817e-07
378 -0.50 4.452959681383e-02 1.5418805e-06
379 -0.50 4.310174143330e-02 2.6451049e-06
380 -0.50 4.346334207465e-02 5.3987811e-06
381 -0.50 4.423823653546e-02 6.5031129e-07
382 -0.50 4.267595115097e-02 1.5108522e-06
383 -0.50 4.377739106978e-02 4.0376185e-07
384 -0.50 4.371058751760e-02 1.4136196e-06
385 -0.50 4.440763232830e-02 1.9514572e-06
386 -0.50 4.398920651696e-02 1.2639042e-06
387 -0.50 4.274480266119e-02 1.1696243e-06
388 -0.50 4.378087871994e-02 2.0439787e-06
389 -0.50 4.474727062107e-02 3.4042068e-06
390 -0.50 4.273460797300e-02 1.6484078e-06
391 -0.50 4.447487659576e-02 6.2383348e-07
392 -0.50 4.333995261710e-02 1.0534386e-06
393 -0.50 4.451158301692e-02 1.3116647e-06
394 -0.50 4.435738953859e-02 1.9575349e-06
395 -0.50 4.407428212002e-02 1.5093285e-06
396 -0.50 4.224900525064e-02 5.0462439e-07
397 -0.50 4.252254218246e-02 7.3514948e-07
398 -0.50 4.371948841621e-02 1.2169565e-06
399 -0.50 4.291785717886e-02 4.3170116e-07
400 -0.50 4.399995646630e-02 8.0937476e-07
401 -0.50 4.221419706642e-02 6.7818240e-07
402 -0.50 4.441889165725e-02 1.1630904e-06
403 -0.50 4.384659920496e-02 6.3170967e-07
404 -0.50 4.345081336350e-02 5.3385316e-07
405 -0.50 4.380528997295e-02 1.9511100e-06
406 -0.50 4.358280270088e-02 1.5326360e-06
407 -0.50 4.357961329011e-02 9.8954900e-07
408 -0.50 4.333944928130e-02 8.9745142e-07
409 -0.50 4.397767511568e-02 1.2606255e-06
410 -0.50 4.309145753808e-02 1.1380268e-06
411 -0.50 4.302993956624e-02 1.1944195e-06
412 -0.50 4.389412521371e-02 1.1599143e-06
413 -0.50 4.437659226690e-02 8.6052755e-07
414 -0.50 4.432724461851e-02 5.3632197e-07
415 -0.50 4.287714340202e-02 1.0887886e-06
416 -0.50 4.514023554422e-02 8.0693159e-07
417 -0.50 4.434904582589e-02 2.4736761e-06
418 -0.50 4.259140251028e-02 6.5976123e-07
419 -0.50 4.300713194901e-02 6.5926867e-07
420 -0.50 4.450105231060e-02 6.5658005e-07
421 -0.50 4.345011843226e-02 1.9035011e-06
422 -0.50 4.384538675445e-02 7.8431647e-07
423 -0.50 4.443876722188e-02 5.7673973e-07
424 -0.50 4.316566452201e-02 6.8600578e-07
425 -0.50 4.373045880958e-02 1.8831007e-06
426 -0.50 4.361773635261e-02 7.5455707e-07
427 -0.50 4.413555581082e-02 4.3452029e-07
428 -0.50 4.340759796630e-02 5.4256141e-07
429 -0.50 4.457994506458e-02 1.3272409e-06
430 -0.50 4.270605793070e-02 7.1799034e-07
431 -0.50 4.402887679461e-02 1.1776622e-06
432 -0.50 4.379071886892e-02 1.2179944e-06
433 -0.50 4.265332796226e-02 1.0918225e-06
434 -0.50 4.334341274745e-02 2.4674343e-06
435 -0.50 4.425423915932e-02 1.3085290e-06
436 -0.50 4.370194262558e-02 2.1943779e-06
437 -0.50 4.464759485717e-02 1.4306584e-06
438 -0.50 4.485315859398e-02 3.0220329e-06
439 -0.50 4.224828027717e-02 5.9676983e-07
440 -0.50 4.424421424482e-02 4.6017628e-07
441 -0.50 4.308799818640e-02 1.3098844e-06
442 -0.50 4.318799531400e-02 7.2128289e-07
443 -0.50 4.230914023853e-02 1.6412277e-06
444 -0.50 4.365002884823e-02 1.3917867e-06
445 -0.50 4.496524557296e-02 1.3176845e-06
446 -0.50 4.347038435772e-02 7.6162064e-07
447 -0.50 4.392957534943e-02 1.2712470e-06
448 -0.50 4.468824483160e-02 1.4067115e-06
449 -0.50 4.346944277003e-02 1.3697426e-06
450 -0.50 4.316651684036e-02 7.1185919e-07
451 -0.50 4.402572410919e-02 6.5017616e-07
452 -0.50 4.340671552525e-02 8.8987397e-07
453 -0.50 4.436544770724e-02 9.2805997e-07
454 -0.50 4.286711796168e-02 9.9736031e-07
455 -0.50 4.459868081422e-02 1.3653334e-06
456 -0.50 4.291651947825e-02 6.1833190e-07
457 -0.50 4.381335375250e-02 1.6130676e-06
458 -0.50 4.347416850796e-02 2.5211821e-07
459 -0.50 4.379914743491e-02 1.0917670e-06
460 -0.50 4.411011936531e-02 1.6183014e-06
461 -0.50 4.318320685334e-02 7.5576008e-07
462 -0.50 4.278260430807e-02 8.5727073e-07
463 -0.50 4.368217961150e-02 9.4928061e-07
464 -0.50 4.371094027934e-02 7.4775911e-07
465 -0.50 4.464524780029e-02 1.1758196e-06
466 -0.50 4.258105123191e-02 1.4420637e-06
467 -0.50 4.362302794509e-02 2.0405672e-06
468 -0.50 4.321296504876e-02 8.4051501e-07
469 -0.50 4.276324902455e-02 6.5342578e-07
470 -0.50 4.444954379416e-02 1.0993893e-06
471 -0.50 4.304609292487e-02 1.4870314e-06
472 -0.50 4.310385296044e-02 8.2627419e-07
473 -0.50 4.358588286731e-02 1.7580704e-06
474 -0.50 4.366325942618e-02 1.1699837e-06
475 -0.50 4.307930796655e-02 1.0299128e-06
476 -0.50 4.313316825898e-02 1.3960521e-06
477 -0.50 4.455166126936e-02 1.6059560e-06
478 -0.50 4.324620422552e-02 1.0053952e-06
479 -0.50 4.291766577765e-02 1.4383922e-06
480 -0.50 4.451258735334e-02 2.2761914e-06
481 -0.50 4.249221991830e-02 3.3696023e-07
482 -0.50 4.372784529574e-02 1.3681355e-06
483 -0.50 4.360586126918e-02 2.5810127e-07
484 -0.50 4.197721963505e-02 1.7831336e-06
485 -0.50 4.256112977421e-02 8.3738152e-07
486 -0.50 4.277000343155e-02 3.9856959e-07
487 -0.50 4.468895467117e-02 1.4561419e-06
488 -0.50 4.335562982421e-02 1.6755015e-06
489 -0.50 4.357080640456e-02 1.5626367e-06
490 -0.50 4.356723189437e-02 6.7916518e-07
491 -0.50 4.436476270774e-02 1.5199426e-06
492 -0.50 4.387002118939e-02 1.3875653e-06
493 -0.50 4.346615921742e-02 1.3038546e-06
494 -0.50 4.290616734850e-02 1.0530833e-06
495 -0.50 4.359948292398e-02 1.6285301e-06
496 -0.50 4.442726924712e-02 2.6992666e-06
497 -0.50 4.377542951988e-02 1.3391948e-06
498 -0.50 4.342565423388e-02 9.4842049e-07
499 -0.50 4.262338854651e-02 6.9393828e-07
500 -0.50 4.424383509262e-02 6.8757907e-07
1 -0.25 4.39134e-02 8.06375e-06
2 -0.25 4.34776e-02 5.73097e-06
3 -0.25 4.23654e-02 4.31242e-06
4 -0.25 4.37109e-02 6.64122e-06
5 -0.25 4.23207e-02 6.44577e-06
6 -0.25 4.39021e-02 5.53058e-06
7 -0.25 4.31002e-02 5.53971e-06
8 -0.25 4.35485e-02 4.42716e-06
9 -0.25 4.43061e-02 5.82357e-06
10 -0.25 4.31355e-02 9.03281e-06
11 -0.25 4.37000e-02 4.74637e-06
12 -0.25 4.43112e-02 4.45443e-06
13 -0.25 4.26515e-02 6.26234e-06
14 -0.25 4.25635e-02 4.63674e-06
15 -0.25 4.13806e-02 3.55057e-06
16 -0.25 4.28677e-02 3.89874e-06
17 -0.25 4.28329e-02 5.86772e-06
18 -0.25 4.20271e-02 6.08898e-06
19 -0.25 4.17975e-02 3.42803e-06
20 -0.25 4.29275e-02 5.70504e-06
21 -0.25 4.32503e-02 7.17433e-06
22 -0.25 4.30176e-02 9.36004e-06
23 -0.25 4.18412e-02 3.13902e-06
24 -0.25 4.33984e-02 8.39163e-06
25 -0.25 4.29300e-02 5.43309e-06
26 -0.25 4.35284e-02 4.07731e-06
27 -0.25 4.27156e-02 6.20831e-06
28 -0.25 4.42621e-02 7.55285e-06
29 -0.25 4.43262e-02 1.29334e-05
30 -0.25 4.28848e-02 3.32103e-06
31 -0.25 4.32302e-02 7.27070e-06
32 -0.25 4.25628e-02 6.70191e-06
33 -0.25 4.21227e-02 6.60714e-06
34 -0.25 4.40794e-02 4.46364e-06
35 -0.25 4.39729e-02 5.87850e-06
36 -0.25 4.46841e-02 6.31575e-06
37 -0.25 4.18002e-02 5.22858e-06
38 -0.25 4.29558e-02 5.35609e-06
39 -0.25 4.34475e-02 6.45545e-06
40 -0.25 4.38668e-02 6.31543e-06
41 -0.25 4.33295e-02 1.41931e-05
42 -0.25 4.26172e-02 7.18451e-06
43 -0.25 4.27205e-02 5.26348e-06
44 -0.25 4.32085e-02 7.31890e-06
45 -0.25 4.31802e-02 9.28078e-06
46 -0.25 4.23530e-02 3.89041e-06
47 -0.25 4.33090e-02 6.03335e-06
48 -0.25 4.24340e-02 1.01509e-05
49 -0.25 4.36010e-02 6.87978e-06
50 -0.25 4.33496e-02 8.97493e-06
51 -0.25 4.36275e-02 7.35664e-06
52 -0.25 4.21544e-02 6.19165e-06
53 -0.25 4.41932e-02 8.45006e-06
54 -0.25 4.40370e-02 5.14376e-06
55 -0.25 4.31556e-02 5.67530e-06
56 -0.25 4.26760e-02 9.19772e-06
57 -0.25 4.29317e-02 5.45335e-06
58 -0.25 4.35922e-02 1.01325e-05
59 -0.25 4.31451e-02 1.27258e-05
60 -0.25 4.38737e-02 4.77311e-06
61 -0.25 4.22985e-02 4.90794e-06
62 -0.25 4.29565e-02 3.47578e-06
63 -0.25 4.35171e-02 4.59303e-06
64 -0.25 4.34896e-02 7.71663e-06
65 -0.25 4.31953e-02 7.75995e-06
66 -0.25 4.25929e-02 6.21940e-06
67 -0.25 4.40697e-02 8.08913e-06
68 -0.25 4.31672e-02 5.70145e-06
69 -0.25 4.35123e-02 5.86440e-06
70 -0.25 4.30202e-02 1.19993e-05
71 -0.25 4.37566e-02 8.43841e-06
72 -0.25 4.22044e-02 4.22447e-06
73 -0.25 4.37894e-02 1.12233e-05
74 -0.25 4.36132e-02 3.03755e-06
75 -0.25 4.35158e-02 6.31041e-06
76 -0.25 4.36061e-02 3.28658e-06
77 -0.25 4.23880e-02 4.62395e-06
78 -0.25 4.29573e-02 5.05503e-06
79 -0.25 4.27569e-02 4.25659e-06
80 -0.25 4.38815e-02 4.04043e-06
81 -0.25 4.35820e-02 6.91865e-06
82 -0.25 4.23552e-02 6.13157e-06
83 -0.25 4.24132e-02 8.54074e-06
84 -0.25 4.26825e-02 3.65184e-06
85 -0.25 4.29299e-02 7.75465e-06
86 -0.25 4.49803e-02 2.00563e-05
87 -0.25 4.22647e-02 3.75810e-06
88 -0.25 4.29860e-02 6.07896e-06
89 -0.25 4.33302e-02 5.45316e-06
90 -0.25 4.26969e-02 6.09485e-06
91 -0.25 4.25112e-02 3.83326e-06
92 -0.25 4.26323e-02 4.90471e-06
93 -0.25 4.29479e-02 8.46137e-06
94 -0.25 4.26740e-02 4.22505e-06
95 -0.25 4.28760e-02 8.45695e-06
96 -0.25 4.31370e-02 6.03956e-06
97 -0.25 4.33123e-02 7.76703e-06
98 -0.25 4.25689e-02 4.46581e-06
99 -0.25 4.26236e-02 5.84717e-06
100 -0.25 4.46872e-02 6.42082e-06
101 -0.25 4.249891351563e-02 5.9130143e-07
102 -0.25 4.266986114200e-02 9.4741855e-07
103 -0.25 4.477609626397e-02 3.3012577e-06
104 -0.25 4.322628868793e-02 1.1935812e-06
105 -0.25 4.426869086656e-02 1.8874799e-06
106 -0.25 4.315005590323e-02 1.2124216e-06
107 -0.25 4.307395113812e-02 2.8752422e-06
108 -0.25 4.261549992604e-02 1.4354169e-06
109 -0.25 4.409094082707e-02 1.7589045e-06
110 -0.25 4.338399580330e-02 1.4132967e-06
111 -0.25 4.348034819964e-02 8.1544418e-07
112 -0.25 4.251003040253e-02 7.5150341e-07
113 -0.25 4.348755395679e-02 1.3590581e-06
114 -0.25 4.423393245043e-02 1.0575782e-06
115 -0.25 4.208580950996e-02 1.6358688e-06
116 -0.25 4.505010799215e-02 6.8915714e-07
117 -0.25 4.374968678840e-02 1.5205855e-06
118 -0.25 4.349293705424e-02 2.3119313e-06
119 -0.25 4.385238859257e-02 8.2213546e-07
120 -0.25 4.459159608446e-02 3.5606580e-06
121 -0.25 4.485527776365e-02 1.1588935e-06
122 -0.25 4.434337463226e-02 8.0978618e-07
123 -0.25 4.267367838845e-02 1.1540373e-06
124 -0.25 4.385059595203e-02 3.0888912e-06
125 -0.25 4.244567059946e-02 1.0841365e-06
126 -0.25 4.367155296307e-02 1.7017485e-06
127 -0.25 4.232527080945e-02 1.8915632e-06
128 -0.25 4.417891172155e-02 8.9596286e-07
129 -0.25 4.331693059294e-02 1.1414034e-06
130 -0.25 4.228006723966e-02 1.2531741e-06
131 -0.25 4.400661854525e-02 6.2611062e-07
132 -0.25 4.274289673417e-02 6.6015981e-07
133 -0.25 4.374874076474e-02 1.1429723e-06
134 -0.25 4.473700883225e-02 1.5219547e-06
135 -0.25 4.265072125903e-02 7.7087744e-07
136 -0.25 4.401334316804e-02 1.9422513e-06
137 -0.25 4.252468044871e-02 1.4547219e-06
138 -0.25 4.359641122898e-02 1.4056571e-06
139 -0.25 4.325720889406e-02 7.2547832e-07
140 -0.25 4.322048409334e-02 3.2986337e-06
141 -0.25 4.497474549465e-02 4.9471235e-07
142 -0.25 4.318681078523e-02 7.2519061e-07
143 -0.25 4.329378682421e-02 1.2157926e-06
144 -0.25 4.276369419908e-02 2.3229880e-06
145 -0.25 4.390217982983e-02 6.6185483e-07
146 -0.25 4.346464913882e-02 1.0267144e-06
147 -0.25 4.365347755611e-02 8.4890049e-07
148 -0.25 4.294669695833e-02 1.5126869e-06
149 -0.25 4.448399288946e-02 3.9110122e-06
150 -0.25 4.319698408324e-02 7.3423933e-07
151 -0.25 4.309054467471e-02 1.6004527e-06
152 -0.25 4.270252290638e-02 9.6036824e-07
153 -0.25 4.271008848507e-02 1.1519038e-06
154 -0.25 4.465700948774e-02 9.4382789e-07
155 -0.25 4.234499205931e-02 5.3360876e-07
156 -0.25 4.404291907186e-02 1.6224295e-06
157 -0.25 4.204417852454e-02 9.9182828e-07
158 -0.25 4.343217234166e-02 5.2301872e-07
159 -0.25 4.346385045926e-02 1.0535925e-06
160 -0.25 4.210764334957e-02 6.0821751e-07
161 -0.25 4.367768728489e-02 1.0692815e-06
162 -0.25 4.256603650937e-02 1.8291138e-06
163 -0.25 4.428216926929e-02 9.9532894e-07
164 -0.25 4.259062837152e-02 7.6223828e-07
165 -0.25 4.418675367177e-02 1.2339677e-06
166 -0.25 4.363555800920e-02 1.0357815e-06
167 -0.25 4.233744143709e-02 1.2653014e-06
168 -0.25 4.392108864925e-02 9.7286054e-07
169 -0.25 4.401303293262e-02 1.7569038e-06
170 -0.25 4.302110136856e-02 1.1804837e-06
171 -0.25 4.291098472314e-02 1.8895328e-06
172 -0.25 4.301432860926e-02 1.5829713e-06
173 -0.25 4.288669167666e-02 1.2674408e-06
174 -0.25 4.337601731129e-02 3.0901415e-06
175 -0.25 4.177999887223e-02 9.7023464e-07
176 -0.25 4.171137237575e-02 4.9169867e-07
177 -0.25 4.359473960298e-02 3.7780193e-06
178 -0.25 4.343044309700e-02 1.8169535e-06
179 -0.25 4.357670465718e-02 4.5637713e-07
180 -0.25 4.450387796237e-02 5.4594267e-07
181 -0.25 4.327280597327e-02 1.7076169e-06
182 -0.25 4.326218451073e-02 8.3213147e-07
183 -0.25 4.264349532969e-02 8.6520579e-07
184 -0.25 4.265889066702e-02 7.4714908e-07
185 -0.25 4.303226977118e-02 1.4741772e-06
186 -0.25 4.308044066014e-02 2.6815241e-06
187 -0.25 4.240481193476e-02 5.0720373e-07
188 -0.25 4.348621579883e-02 3.6421674e-07
189 -0.25 4.405213129732e-02 1.8389473e-06
190 -0.25 4.316590097494e-02 1.1390836e-06
191 -0.25 4.319767588914e-02 5.9339810e-07
192 -0.25 4.165136782754e-02 2.4074071e-07
193 -0.25 4.313630468301e-02 6.6304738e-07
194 -0.25 4.269416815437e-02 2.6736142e-06
195 -0.25 4.304193717969e-02 2.5066180e-06
196 -0.25 4.357575103566e-02 3.8354990e-06
197 -0.25 4.322290788845e-02 1.5803753e-06
198 -0.25 4.355923657685e-02 1.2686474e-06
199 -0.25 4.356023367967e-02 2.7918786e-07
200 -0.25 4.268097379971e-02 7.6311010e-07
201 -0.25 4.383350871635e-02 8.5203025e-07
202 -0.25 4.399940264173e-02 2.6935756e-06
203 -0.25 4.402769528176e-02 1.1995379e-06
204 -0.25 4.330179483039e-02 1.0184222e-06
205 -0.25 4.327815355675e-02 2.9169323e-06
206 -0.25 4.239992141197e-02 7.3802191e-07
207 -0.25 4.431445454800e-02 1.3650772e-06
208 -0.25 4.418418578570e-02 2.7586419e-06
209 -0.25 4.453012289011e-02 8.1253993e-07
210 -0.25 4.307928110686e-02 1.8302455e-06
211 -0.25 4.316668472181e-02 1.1964829e-06
212 -0.25 4.364416171167e-02 4.6324174e-07
213 -0.25 4.388952440544e-02 9.2417383e-07
214 -0.25 4.282444182774e-02 7.1872078e-07
215 -0.25 4.349107187956e-02 5.5019872e-07
216 -0.25 4.490834011569e-02 7.1702461e-07
217 -0.25 4.372521870838e-02 3.8125014e-06
218 -0.25 4.286055709250e-02 1.2768211e-06
219 -0.25 4.324510617077e-02 6.2560354e-07
220 -0.25 4.243875123309e-02 9.8460567e-07
221 -0.25 4.507065230582e-02 1.3012846e-06
222 -0.25 4.294248749353e-02 2.3506103e-06
223 -0.25 4.310329807583e-02 4.2151836e-07
224 -0.25 4.293605072470e-02 1.4038382e-06
225 -0.25 4.285034414847e-02 4.7022124e-07
226 -0.25 4.442511924885e-02 6.0926709e-07
227 -0.25 4.369716014407e-02 1.4366436e-06
228 -0.25 4.381649985851e-02 1.4681026e-06
229 -0.25 4.410227320052e-02 1.9157008e-06
230 -0.25 4.275648210329e-02 1.4941480e-06
231 -0.25 4.254543482096e-02 5.1163922e-07
232 -0.25 4.255418190034e-02 8.4541908e-07
233 -0.25 4.268195821523e-02 2.9557426e-06
234 -0.25 4.374153246812e-02 1.7566516e-06
235 -0.25 4.289533119620e-02 2.3757699e-07
236 -0.25 4.327597651295e-02 9.8753284e-07
237 -0.25 4.287263302005e-02 3.7490562e-06
238 -0.25 4.419411002880e-02 1.6116967e-06
239 -0.25 4.375126265018e-02 1.1659242e-06
240 -0.25 4.387195635327e-02 1.7201365e-06
241 -0.25 4.269003445688e-02 6.5417891e-07
242 -0.25 4.240211284311e-02 5.4764504e-07
243 -0.25 4.409446323329e-02 1.5789195e-06
244 -0.25 4.333973817273e-02 8.6272715e-07
245 -0.25 4.334404491017e-02 2.1069717e-06
246 -0.25 4.225610329118e-02 1.2007543e-06
247 -0.25 4.403622573080e-02 1.5835272e-06
248 -0.25 4.347691319035e-02 1.4373539e-06
249 -0.25 4.240514639870e-02 1.3486568e-06
250 -0.25 4.347345095395e-02 1.6465108e-06
251 -0.25 4.304077713550e-02 1.0286474e-06
252 -0.25 4.352946263649e-02 2.0022284e-06
253 -0.25 4.415471886442e-02 2.1231064e-06
254 -0.25 4.260680810702e-02 1.0775914e-06
255 -0.25 4.266342842627e-02 1.4037495e-06
256 -0.25 4.324501929275e-02 2.2040334e-06
257 -0.25 4.343024081416e-02 5.2106131e-07
258 -0.25 4.282978350933e-02 2.0349086e-06
259 -0.25 4.456409689012e-02 9.6313431e-07
260 -0.25 4.194868663987e-02 2.0805862e-06
261 -0.25 4.376707613627e-02 1.1150838e-06
262 -0.25 4.339001436463e-02 1.2689648e-06
263 -0.25 4.266165007480e-02 5.5133332e-07
264 -0.25 4.272569370943e-02 1.2470615e-06
265 -0.25 4.381777766694e-02 7.1495972e-07
266 -0.25 4.330336482085e-02 1.5916623e-06
267 -0.25 4.346657331670e-02 1.2550438e-07
268 -0.25 4.236358758188e-02 8.5563466e-07
269 -0.25 4.336407714333e-02 4.0816003e-06
270 -0.25 4.350763762057e-02 1.2848940e-06
271 -0.25 4.298623992644e-02 8.8701791e-07
272 -0.25 4.278947344057e-02 1.8856523e-06
273 -0.25 4.351873635441e-02 7.2760269e-07
274 -0.25 4.343092776855e-02 5.6939093e-07
275 -0.25 4.272590570511e-02 5.8160494e-07
276 -0.25 4.305313187886e-02 1.1535787e-06
277 -0.25 4.399990421841e-02 7.9330819e-07
278 -0.25 4.305528604353e-02 8.6632290e-07
279 -0.25 4.208164558153e-02 6.8060845e-07
280 -0.25 4.375281539242e-02 1.6529586e-06
281 -0.25 4.474903399323e-02 2.6481342e-07
282 -0.25 4.306657005321e-02 7.7927482e-07
283 -0.25 4.296889903692e-02 2.0155682e-06
284 -0.25 4.294512971209e-02 6.1840653e-07
285 -0.25 4.341347739298e-02 5.5893139e-07
286 -0.25 4.342939915785e-02 1.4377732e-06
287 -0.25 4.283271647623e-02 2.4006893e-06
288 -0.25 4.258342638038e-02 1.4966727e-06
289 -0.25 4.429507997925e-02 8.8147823e-07
290 -0.25 4.443030098083e-02 7.9413523e-07
291 -0.25 4.319809388956e-02 5.6459697e-07
292 -0.25 4.326479651177e-02 6.1325078e-07
293 -0.25 4.217755847163e-02 1.0272863e-06
294 -0.25 4.300291811434e-02 6.6124467e-07
295 -0.25 4.322006051716e-02 1.5925991e-06
296 -0.25 4.393395581343e-02 3.9723816e-07
297 -0.25 4.312014530916e-02 7.5599082e-07
298 -0.25 4.383726801073e-02 6.1625139e-07
299 -0.25 4.242283635636e-02 1.1279484e-06
300 -0.25 4.278685867875e-02 6.4205776e-07
301 -0.25 4.340476225107e-02 1.2180028e-06
302 -0.25 4.225469567904e-02 1.0233960e-06
303 -0.25 4.297348366903e-02 8.4949348e-07
304 -0.25 4.333481267568e-02 9.7192861e-07
305 -0.25 4.367573675304e-02 8.1374936e-07
306 -0.25 4.384668928904e-02 8.7007669e-07
307 -0.25 4.217805368899e-02 7.5354703e-07
308 -0.25 4.391367240849e-02 5.5843406e-07
309 -0.25 4.254056759383e-02 7.4667498e-07
310 -0.25 4.309790463126e-02 6.9597259e-07
311 -0.25 4.122803859551e-02 7.3134076e-07
312 -0.25 4.317779324174e-02 2.3726649e-06
313 -0.25 4.203232565180e-02 8.6272486e-07
314 -0.25 4.273465662105e-02 4.4308330e-07
315 -0.25 4.356611568333e-02 1.9515788e-06
316 -0.25 4.353822834673e-02 1.5650179e-06
317 -0.25 4.246939712905e-02 1.5106392e-06
318 -0.25 4.325029820215e-02 9.9132887e-07
319 -0.25 4.320652369037e-02 2.2018031e-07
320 -0.25 4.314879826628e-02 1.0090610e-06
321 -0.25 4.262106855079e-02 1.4305434e-06
322 -0.25 4.235126898481e-02 3.8598316e-07
323 -0.25 4.287826964401e-02 1.1700274e-06
324 -0.25 4.401466529839e-02 1.0903797e-06
325 -0.25 4.317128004661e-02 9.2813706e-07
326 -0.25 4.281700870284e-02 5.3975535e-07
327 -0.25 4.379824211365e-02 2.7467522e-06
328 -0.25 4.321448495997e-02 1.6166470e-06
329 -0.25 4.315530259759e-02 1.2471880e-06
330 -0.25 4.376511250426e-02 5.9927859e-07
331 -0.25 4.412495715626e-02 2.2185789e-06
332 -0.25 4.361966196513e-02 1.0773858e-06
333 -0.25 4.278987861624e-02 9.5557982e-07
334 -0.25 4.388390875137e-02 8.3299542e-07
335 -0.25 4.309970053640e-02 7.1445055e-07
336 -0.25 4.416658551161e-02 5.3733688e-07
337 -0.25 4.478182407030e-02 1.8175098e-06
338 -0.25 4.295524414395e-02 2.0163067e-06
339 -0.25 4.401569907591e-02 5.0175087e-07
340 -0.25 4.350037157782e-02 1.2109761e-06
341 -0.25 4.255951623691e-02 7.9805873e-07
342 -0.25 4.339927750320e-02 9.2667286e-07
343 -0.25 4.396369296206e-02 1.7845797e-06
344 -0.25 4.363775225387e-02 8.1561098e-07
345 -0.25 4.346325983771e-02 2.0083130e-06
346 -0.25 4.371721957042e-02 9.0742394e-07
347 -0.25 4.248475269897e-02 1.3140586e-06
348 -0.25 4.294470885935e-02 1.1322049e-06
349 -0.25 4.299381429547e-02 3.3022796e-07
350 -0.25 4.381183810141e-02 1.5327292e-06
351 -0.25 4.375710517835e-02 8.8207946e-07
352 -0.25 4.342375749916e-02 4.0761273e-06
353 -0.25 4.375339594598e-02 5.0691022e-07
354 -0.25 4.269804065120e-02 5.9337972e-07
355 -0.25 4.239393389380e-02 6.4271344e-07
356 -0.25 4.333092643779e-02 1.2735008e-06
357 -0.25 4.295201039271e-02 2.7146218e-06
358 -0.25 4.361261538861e-02 1.4071245e-06
359 -0.25 4.443159571710e-02 1.5414465e-06
360 -0.25 4.345858473025e-02 1.8791743e-06
361 -0.25 4.403303127466e-02 8.4760466e-07
362 -0.25 4.451602818807e-02 1.8519069e-06
363 -0.25 4.413931524922e-02 1.6371181e-06
364 -0.25 4.282266125064e-02 4.0708728e-07
365 -0.25 4.398819286157e-02 1.5085281e-06
366 -0.25 4.179655428813e-02 3.8802318e-07
367 -0.25 4.305026272899e-02 1.4203206e-06
368 -0.25 4.368074257888e-02 6.0937171e-07
369 -0.25 4.378843636239e-02 1.6293589e-06
370 -0.25 4.269970751040e-02 1.2116799e-06
371 -0.25 4.213095916601e-02 6.5924763e-07
372 -0.25 4.286834442232e-02 4.3089817e-07
373 -0.25 4.431659126362e-02 5.2541374e-07
374 -0.25 4.464575167573e-02 2.2388402e-06
375 -0.25 4.301220707034e-02 2.8173444e-06
376 -0.25 4.363869460775e-02 1.4615368e-06
377 -0.25 4.471070490492e-02 1.7871893e-06
378 -0.25 4.434789510278e-02 4.5846469e-07
379 -0.25 4.281823783409e-02 1.1678500e-06
380 -0.25 4.360263713361e-02 5.8424773e-07
381 -0.25 4.311696102681e-02 5.2371821e-07
382 -0.25 4.230505570266e-02 9.5192512e-07
383 -0.25 4.341418330567e-02 1.5729427e-06
384 -0.25 4.370013771776e-02 1.6000943e-06
385 -0.25 4.400602328150e-02 5.0430256e-07
386 -0.25 4.434458373180e-02 2.6950939e-06
387 -0.25 4.253835062774e-02 2.8548203e-06
388 -0.25 4.302419144857e-02 1.1509148e-06
389 -0.25 4.402462839926e-02 7.7116364e-07
390 -0.25 4.215606658094e-02 6.1225740e-07
391 -0.25 4.452818122175e-02 2.0186679e-06
392 -0.25 4.341881591949e-02 8.3079966e-07
393 -0.25 4.437381668288e-02 1.5466848e-06
394 -0.25 4.384366193980e-02 1.0804731e-06
395 -0.25 4.355289732646e-02 1.1671446e-06
396 -0.25 4.286028883131e-02 1.4381594e-06
397 -0.25 4.211282938232e-02 8.3555324e-07
398 -0.25 4.389216252502e-02 1.0999658e-06
399 -0.25 4.292147037981e-02 1.3638945e-06
400 -0.25 4.344092654037e-02 7.2756079e-07
401 -0.25 4.323922060037e-02 8.4662490e-07
402 -0.25 4.368830070767e-02 7.7203822e-07
403 -0.25 4.329591694711e-02 1.4462861e-06
404 -0.25 4.336340237371e-02 4.6014284e-07
405 -0.25 4.321887800075e-02 3.0930044e-07
406 -0.25 4.330984922351e-02 7.6015119e-07
407 -0.25 4.344605629864e-02 5.2793218e-07
408 -0.25 4.371747548853e-02 1.8471138e-06
409 -0.25 4.344781797976e-02 4.5690698e-07
410 -0.25 4.282408014777e-02 7.6229293e-07
411 -0.25 4.302805986632e-02 7.8431955e-07
412 -0.25 4.425013958463e-02 1.4791425e-06
413 -0.25 4.525753645382e-02 7.7337772e-07
414 -0.25 4.432645864231e-02 1.8828035e-06
415 -0.25 4.237806000749e-02 8.0773790e-07
416 -0.25 4.486012107896e-02 7.4413509e-07
417 -0.25 4.391676538858e-02 8.3625238e-07
418 -0.25 4.247534918580e-02 1.0955327e-06
419 -0.25 4.270037775913e-02 8.9132350e-07
420 -0.25 4.437680583522e-02 8.3392381e-07
421 -0.25 4.326207313914e-02 2.3594550e-06
422 -0.25 4.286286338779e-02 7.4492114e-07
423 -0.25 4.456020503163e-02 4.2297765e-06
424 -0.25 4.373662531536e-02 4.2367800e-07
425 -0.25 4.313708858317e-02 8.8773263e-07
426 -0.25 4.359499357628e-02 3.3268715e-07
427 -0.25 4.308311696211e-02 7.6628215e-07
428 -0.25 4.329360545356e-02 2.5621271e-06
429 -0.25 4.372858063600e-02 1.1942823e-06
430 -0.25 4.243855961703e-02 1.9299981e-07
431 -0.25 4.374584076245e-02 3.1618551e-07
432 -0.25 4.384099784638e-02 1.2354044e-06
433 -0.25 4.320336073315e-02 2.2591648e-06
434 -0.25 4.304434112364e-02 1.5682057e-06
435 -0.25 4.395205805225e-02 3.5944040e-06
436 -0.25 4.267405488134e-02 1.3531369e-06
437 -0.25 4.435123898310e-02 1.1242300e-06
438 -0.25 4.357199534481e-02 9.9869547e-07
439 -0.25 4.205667611729e-02 4.0244769e-07
440 -0.25 4.371502495520e-02 1.0843743e-06
441 -0.25 4.275556644157e-02 1.6744757e-06
442 -0.25 4.381492922029e-02 9.2438175e-07
443 -0.25 4.135165210945e-02 1.5764943e-06
444 -0.25 4.313679005313e-02 8.1731140e-07
445 -0.25 4.397780818595e-02 5.0493366e-07
446 -0.25 4.334931707628e-02 3.8383779e-07
447 -0.25 4.263900624538e-02 1.0599604e-06
448 -0.25 4.421275390806e-02 7.4343358e-07
449 -0.25 4.351876605823e-02 1.5512427e-06
450 -0.25 4.273232354545e-02 9.7171384e-07
451 -0.25 4.340832898115e-02 5.6167354e-07
452 -0.25 4.244938070342e-02 3.0835501e-07
453 -0.25 4.395282303381e-02 2.0352200e-06
454 -0.25 4.268214199040e-02 3.1705358e-07
455 -0.25 4.424484017802e-02 1.4874178e-06
456 -0.25 4.224495817251e-02 5.6772686e-07
457 -0.25 4.268354434916e-02 5.6602431e-07
458 -0.25 4.409194263632e-02 8.7341607e-07
459 -0.25 4.294401478734e-02 5.7288497e-07
460 -0.25 4.337076568410e-02 9.4057794e-07
461 -0.25 4.326932199942e-02 5.8100337e-07
462 -0.25 4.268624442116e-02 7.1953305e-07
463 -0.25 4.276772472306e-02 8.2530515e-07
464 -0.25 4.378935962568e-02 3.2676949e-07
465 -0.25 4.390214144853e-02 3.8774175e-07
466 -0.25 4.258363017695e-02 9.1886722e-07
467 -0.25 4.323720006113e-02 1.4256986e-06
468 -0.25 4.254554362253e-02 5.6970407e-07
469 -0.25 4.309546879440e-02 1.3977153e-06
470 -0.25 4.394227313279e-02 7.3963464e-07
471 -0.25 4.296173672089e-02 8.3986738e-07
472 -0.25 4.312451364729e-02 1.1441036e-06
473 -0.25 4.369506705006e-02 1.7571580e-06
474 -0.25 4.293391571259e-02 1.3061688e-06
475 -0.25 4.370219952168e-02 9.3080100e-07
476 -0.25 4.382765633749e-02 1.2223744e-06
477 -0.25 4.288390929728e-02 1.0497625e-06
478 -0.25 4.288436162915e-02 1.8864385e-06
479 -0.25 4.277418528804e-02 5.8702729e-07
480 -0.25 4.366605857084e-02 1.4478945e-06
481 -0.25 4.257787841518e-02 1.9904407e-06
482 -0.25 4.372911377471e-02 8.6968022e-07
483 -0.25 4.285645298630e-02 1.0606590e-06
484 -0.25 4.231900136937e-02 1.8582290e-06
485 -0.25 4.272678923261e-02 2.7318944e-07
486 -0.25 4.323708255782e-02 8.5604444e-07
487 -0.25 4.388440946787e-02 9.5327073e-07
488 -0.25 4.318275092807e-02 1.7944022e-06
489 -0.25 4.400430359773e-02 3.4536087e-06
490 -0.25 4.348081292694e-02 1.0814559e-06
491 -0.25 4.391020773436e-02 4.8739319e-07
492 -0.25 4.362177173323e-02 1.5760705e-06
493 -0.25 4.383862549469e-02 9.9870366e-07
494 -0.25 4.294333012584e-02 1.3230513e-06
495 -0.25 4.366241278607e-02 3.1174781e-06
496 -0.25 4.439829184220e-02 1.2585799e-06
497 -0.25 4.379306645108e-02 7.5035887e-07
498 -0.25 4.264205003392e-02 6.7189773e-07
499 -0.25 4.240960540777e-02 1.4294215e-06
500 -0.25 4.452895599377e-02 1.0804157e-06
1 0.00 4.37116e-02 9.03280e-06
2 0.00 4.32375e-02 2.87455e-06
3 0.00 4.27203e-02 5.75327e-06
4 0.00 4.33264e-02 9.90257e-06
5 0.00 4.27322e-02 1.28665e-05
6 0.00 4.31008e-02 6.53610e-06
7 0.00 4.28961e-02 6.47252e-06
8 0.00 4.39480e-02 4.50215e-06
9 0.00 4.35723e-02 4.13285e-06
10 0.00 4.31027e-02 6.58044e-06
11 0.00 4.33575e-02 4.07665e-06
12 0.00 4.37645e-02 3.19699e-06
13 0.00 4.21800e-02 5.05207e-06
14 0.00 4.34712e-02 1.02653e-05
15 0.00 4.13581e-02 3.86157e-06
16 0.00 4.32727e-02 4.66292e-06
17 0.00 4.29966e-02 6.04010e-06
18 0.00 4.34458e-02 2.22015e-05
19 0.00 4.26430e-02 3.63224e-06
20 0.00 4.25910e-02 5.18147e-06
21 0.00 4.21340e-02 3.51350e-06
22 0.00 4.22043e-02 4.47516e-06
23 0.00 4.24870e-02 5.15299e-06
24 0.00 4.38156e-02 9.95974e-06
25 0.00 4.28484e-02 6.53777e-06
26 0.00 4.32309e-02 7.94823e-06
27 0.00 4.25689e-02 6.19878e-06
28 0.00 4.36443e-02 7.23669e-06
29 0.00 4.38751e-02 8.69325e-06
30 0.00 4.35754e-02 6.33511e-06
31 0.00 4.22424e-02 6.98421e-06
32 0.00 4.29738e-02 3.60350e-06
33 0.00 4.17662e-02 3.19395e-06
34 0.00 4.35684e-02 5.22012e-06
35 0.00 4.38378e-02 6.67658e-06
36 0.00 4.41555e-02 6.03690e-06
37 0.00 4.20102e-02 4.41857e-06
38 0.00 4.25858e-02 4.40258e-06
39 0.00 4.32272e-02 8.90419e-06
40 0.00 4.43421e-02 1.73337e-05
41 0.00 4.28192e-02 4.89024e-06
42 0.00 4.24827e-02 4.12395e-06
43 0.00 4.23346e-02 2.86470e-06
44 0.00 4.26391e-02 7.05075e-06
45 0.00 4.33011e-02 1.04835e-05
46 0.00 4.19011e-02 3.21798e-06
47 0.00 4.29099e-02 4.05000e-06
48 0.00 4.18475e-02 3.95886e-06
49 0.00 4.34818e-02 4.79812e-06
50 0.00 4.42361e-02 6.05112e-06
51 0.00 4.33383e-02 1.16044e-05
52 0.00 4.12565e-02 4.10179e-06
53 0.00 4.34615e-02 1.22765e-05
54 0.00 4.40775e-02 5.90776e-06
55 0.00 4.33218e-02 3.10526e-06
56 0.00 4.23976e-02 6.55855e-06
57 0.00 4.25752e-02 6.53674e-06
58 0.00 4.26109e-02 1.04626e-05
59 0.00 4.27603e-02 8.55219e-06
60 0.00 4.36805e-02 1.04547e-05
61 0.00 4.19824e-02 3.42478e-06
62 0.00 4.34215e-02 4.17275e-06
63 0.00 4.39180e-02 6.21034e-06
64 0.00 4.40276e-02 1.45886e-05
65 0.00 4.32405e-02 4.10499e-06
66 0.00 4.21150e-02 3.48195e-06
67 0.00 4.37472e-02 5.64267e-06
68 0.00 4.28934e-02 6.28880e-06
69 0.00 4.37067e-02 7.52094e-06
70 0.00 4.33857e-02 1.26455e-05
71 0.00 4.38393e-02 6.96658e-06
72 0.00 4.25285e-02 5.13667e-06
73 0.00 4.45798e-02 6.08794e-06
74 0.00 4.32634e-02 4.99214e-06
75 0.00 4.31295e-02 5.81193e-06
76 0.00 4.43175e-02 1.16860e-05
77 0.00 4.30795e-02 7.45264e-06
78 0.00 4.27566e-02 6.76867e-06
79 0.00 4.24664e-02 3.76579e-06
80 0.00 4.36161e-02 6.19062e-06
81 0.00 4.34690e-02 3.89305e-06
82 0.00 4.22414e-02 9.48562e-06
83 0.00 4.21848e-02 7.05931e-06
84 0.00 4.31781e-02 9.57622e-06
85 0.00 4.32036e-02 9.53309e-06
86 0.00 4.42572e-02 3.75658e-06
87 0.00 4.26979e-02 5.27229e-06
88 0.00 4.28499e-02 7.99072e-06
89 0.00 4.32169e-02 5.86544e-06
90 0.00 4.28999e-02 5.38827e-06
91 0.00 4.22485e-02 4.56947e-06
92 0.00 4.29811e-02 4.35282e-06
93 0.00 4.29074e-02 4.19035e-06
94 0.00 4.29387e-02 4.20341e-06
95 0.00 4.27026e-02 5.87216e-06
96 0.00 4.34466e-02 1.38206e-05
97 0.00 4.24803e-02 3.54906e-06
98 0.00 4.26163e-02 6.93620e-06
99 0.00 4.26963e-02 6.92489e-06
100 0.00 4.39621e-02 5.44544e-06
101 0.00 4.189855341894e-02 1.6298036e-06
102 0.00 4.276373669763e-02 7.3639548e-07
103 0.00 4.432834958727e-02 7.9133078e-07
104 0.00 4.317734107259e-02 1.1284869e-06
105 0.00 4.325833659510e-02 1.4337573e-06
106 0.00 4.234816209045e-02 8.4678425e-07
107 0.00 4.280683584168e-02 8.2439928e-07
108 0.00 4.266465883153e-02 1.0452654e-06
109 0.00 4.342247437681e-02 2.1168626e-06
110 0.00 4.288526077807e-02 1.3203730e-06
111 0.00 4.348471537404e-02 7.9445526e-07
112 0.00 4.339301170244e-02 2.0752296e-06
113 0.00 4.278025858240e-02 7.9637620e-07
114 0.00 4.364870039445e-02 1.6113193e-06
115 0.00 4.195317168495e-02 2.7227974e-07
116 0.00 4.434074393857e-02 2.4564470e-06
117 0.00 4.290569573648e-02 8.9072874e-07
118 0.00 4.302541432774e-02 8.9415962e-07
119 0.00 4.255853643240e-02 1.0380658e-06
120 0.00 4.374958560476e-02 1.1504788e-06
121 0.00 4.329689118110e-02 1.1289069e-06
122 0.00 4.419617913091e-02 2.1560202e-06
123 0.00 4.287629826385e-02 1.7209810e-06
124 0.00 4.336399571756e-02 1.2777954e-06
125 0.00 4.312479755326e-02 5.9994585e-07
126 0.00 4.351381136949e-02 3.1793242e-07
127 0.00 4.151637697524e-02 9.7860981e-07
128 0.00 4.359394206033e-02 1.2707550e-06
129 0.00 4.298805503865e-02 2.3688362e-07
130 0.00 4.283448320164e-02 1.0456600e-06
131 0.00 4.382035933813e-02 8.3675235e-07
132 0.00 4.306494798239e-02 1.3884945e-06
133 0.00 4.383512293593e-02 1.7153320e-06
134 0.00 4.394230076418e-02 9.1846859e-07
135 0.00 4.243940114214e-02 5.0149386e-07
136 0.00 4.336268171396e-02 9.2193204e-07
137 0.00 4.303205372568e-02 1.0654373e-06
138 0.00 4.416775233346e-02 1.0567707e-06
139 0.00 4.343857408636e-02 6.5230324e-07
140 0.00 4.347638207442e-02 4.1169369e-06
141 0.00 4.505666789379e-02 7.7091606e-07
142 0.00 4.416734898064e-02 2.1588999e-06
143 0.00 4.332000308240e-02 6.1243687e-07
144 0.00 4.211056732992e-02 7.2162867e-07
145 0.00 4.419606321924e-02 2.8433459e-07
146 0.00 4.255542340379e-02 1.5520419e-06
147 0.00 4.363728324815e-02 1.2937186e-06
148 0.00 4.300526795424e-02 1.2733885e-06
149 0.00 4.318226295969e-02 1.6227262e-06
150 0.00 4.339593699724e-02 2.5644665e-06
151 0.00 4.373059330492e-02 3.2496059e-06
152 0.00 4.321663958608e-02 1.9665284e-06
153 0.00 4.285436086263e-02 1.2796156e-06
154 0.00 4.392383558080e-02 1.1613047e-06
155 0.00 4.273119884321e-02 6.8154137e-07
156 0.00 4.401466052918e-02 2.2262330e-06
157 0.00 4.258150175075e-02 6.9339481e-07
158 0.00 4.244538429070e-02 5.5740690e-07
159 0.00 4.207415682253e-02 6.7278728e-07
160 0.00 4.232082590297e-02 2.5915150e-07
161 0.00 4.354224174963e-02 4.8112120e-07
162 0.00 4.245918402347e-02 2.9389713e-07
163 0.00 4.367678109333e-02 9.0503352e-07
164 0.00 4.216360389804e-02 1.1617947e-06
165 0.00 4.540024032767e-02 2.7881165e-06
166 0.00 4.313309060887e-02 1.5012020e-06
167 0.00 4.243449128144e-02 7.1714957e-07
168 0.00 4.374733752449e-02 4.9033795e-07
169 0.00 4.360291958077e-02 1.0183350e-06
170 0.00 4.347150134439e-02 1.7234055e-06
171 0.00 4.314642014973e-02 1.2110375e-06
172 0.00 4.271651055526e-02 5.6911784e-07
173 0.00 4.368536303474e-02 2.7591301e-06
174 0.00 4.293033436282e-02 1.1449727e-06
175 0.00 4.186856690298e-02 8.3950841e-07
176 0.00 4.267110866256e-02 3.0686910e-06
177 0.00 4.376140114037e-02 1.4200748e-06
178 0.00 4.378853288626e-02 8.8903693e-07
179 0.00 4.370909730398e-02 1.2368166e-06
180 0.00 4.408128300929e-02 8.9627201e-07
181 0.00 4.401542500446e-02 1.8733862e-06
182 0.00 4.304459292459e-02 4.8593812e-07
183 0.00 4.301731284240e-02 3.5524681e-07
184 0.00 4.300459551078e-02 9.8117968e-07
185 0.00 4.260234893030e-02 1.4666223e-06
186 0.00 4.261893033671e-02 6.3854759e-07
187 0.00 4.270531410405e-02 6.1733148e-07
188 0.00 4.243389268841e-02 3.0688133e-07
189 0.00 4.442923474183e-02 7.9287779e-07
190 0.00 4.284126679510e-02 1.7317306e-06
191 0.00 4.314907648722e-02 4.4650526e-07
192 0.00 4.189311883386e-02 8.0611375e-07
193 0.00 4.320100432170e-02 4.7854755e-07
194 0.00 4.311878665778e-02 1.3386800e-06
195 0.00 4.271890257875e-02 1.4476567e-06
196 0.00 4.348951569986e-02 1.1951871e-06
197 0.00 4.287387735420e-02 8.9596107e-07
198 0.00 4.403936978728e-02 4.2086369e-07
199 0.00 4.324792056469e-02 1.4591557e-06
200 0.00 4.233677450960e-02 8.4670124e-07
201 0.00 4.330326753169e-02 4.4366989e-07
202 0.00 4.408841085969e-02 3.2605634e-06
203 0.00 4.321892148061e-02 7.7517090e-07
204 0.00 4.348722400143e-02 1.5302802e-06
205 0.00 4.353507804327e-02 3.8209002e-07
206 0.00 4.284753078563e-02 6.5599525e-07
207 0.00 4.350038012771e-02 1.0286065e-06
208 0.00 4.327084458792e-02 2.6696096e-06
209 0.00 4.457492638891e-02 5.8254398e-07
210 0.00 4.422592377975e-02 6.3736691e-07
211 0.00 4.282770087666e-02 3.9235088e-07
212 0.00 4.320663304708e-02 4.0894427e-07
213 0.00 4.304009593602e-02 9.5664620e-07
214 0.00 4.301312610005e-02 1.0180734e-06
215 0.00 4.356949690249e-02 1.0255587e-06
216 0.00 4.481097685338e-02 2.1558051e-06
217 0.00 4.264399512036e-02 1.0636692e-06
218 0.00 4.234856003205e-02 6.1839125e-07
219 0.00 4.393409699617e-02 1.8384383e-06
220 0.00 4.257362595356e-02 1.5458461e-06
221 0.00 4.481954884794e-02 6.3525329e-07
222 0.00 4.287399719255e-02 1.0533497e-06
223 0.00 4.238451899378e-02 3.7457317e-07
224 0.00 4.320302268107e-02 1.0851020e-06
225 0.00 4.230971314919e-02 1.7743699e-06
226 0.00 4.409506474801e-02 2.0988248e-06
227 0.00 4.276434056672e-02 8.3378573e-07
228 0.00 4.270819364177e-02 1.1504920e-06
229 0.00 4.443160930188e-02 8.1732686e-07
230 0.00 4.268340685553e-02 9.3861810e-07
231 0.00 4.265688661909e-02 1.1566377e-06
232 0.00 4.288207306374e-02 1.1229286e-06
233 0.00 4.305456862141e-02 2.0968929e-06
234 0.00 4.475554435486e-02 3.3148649e-06
235 0.00 4.294895180724e-02 5.6561020e-07
236 0.00 4.247276751563e-02 1.1700781e-06
237 0.00 4.321143092131e-02 2.2773818e-06
238 0.00 4.362842992387e-02 2.0883827e-06
239 0.00 4.309483619707e-02 7.8899293e-07
240 0.00 4.391251746728e-02 2.2318550e-06
241 0.00 4.249389825376e-02 1.5110672e-06
242 0.00 4.251515133345e-02 6.9717388e-07
243 0.00 4.341071363000e-02 1.3597668e-06
244 0.00 4.341043491663e-02 6.7508147e-07
245 0.00 4.222682828673e-02 1.0587990e-06
246 0.00 4.148879199659e-02 8.9289609e-07
247 0.00 4.460528624293e-02 2.0056662e-06
248 0.00 4.295382612242e-02 1.9517108e-06
249 0.00 4.239919295811e-02 1.6981313e-06
250 0.00 4.289262401968e-02 1.4957321e-06
251 0.00 4.374829634342e-02 1.5259843e-06
252 0.00 4.390024862667e-02 1.0529147e-06
253 0.00 4.484131645306e-02 1.0867656e-06
254 0.00 4.295936064624e-02 8.0378444e-07
255 0.00 4.273040168889e-02 6.1959158e-07
256 0.00 4.320446179392e-02 1.1570846e-06
257 0.00 4.289528330176e-02 1.8584579e-07
258 0.00 4.244078144617e-02 1.1942851e-06
259 0.00 4.324245368909e-02 1.3669448e-06
260 0.00 4.163057792881e-02 8.0608186e-07
261 0.00 4.407530826671e-02 3.2673525e-06
262 0.00 4.368012371445e-02 1.1471324e-06
263 0.00 4.171022293549e-02 1.1100707e-06
264 0.00 4.246150301348e-02 1.7064527e-06
265 0.00 4.514610503153e-02 1.3278837e-06
266 0.00 4.262284011253e-02 6.0517707e-07
267 0.00 4.388619563191e-02 1.5143500e-06
268 0.00 4.217128761625e-02 6.9252221e-07
269 0.00 4.197133042872e-02 8.4969731e-07
270 0.00 4.320263010903e-02 1.8799973e-06
271 0.00 4.230800713263e-02 7.9857390e-07
272 0.00 4.296486839236e-02 5.9308136e-07
273 0.00 4.348934047373e-02 2.4370780e-07
274 0.00 4.391802015499e-02 1.9553145e-06
275 0.00 4.248805291131e-02 7.8270285e-07
276 0.00 4.355533509166e-02 2.5548032e-06
277 0.00 4.376242102579e-02 1.5833995e-06
278 0.00 4.290301853472e-02 3.6932315e-07
279 0.00 4.181960052066e-02 6.0528167e-07
280 0.00 4.377539444556e-02 5.1966786e-07
281 0.00 4.397934601796e-02 1.2867792e-06
282 0.00 4.240833909751e-02 6.1183420e-07
283 0.00 4.249143772965e-02 7.1060695e-07
284 0.00 4.312039613161e-02 1.2284019e-06
285 0.00 4.308107276260e-02 1.8066346e-06
286 0.00 4.395167381225e-02 1.4928383e-06
287 0.00 4.340345333381e-02 4.6842163e-06
288 0.00 4.282333782452e-02 1.5373898e-06
289 0.00 4.467293112739e-02 1.1822115e-06
290 0.00 4.388387998287e-02 2.9813117e-07
291 0.00 4.360883585757e-02 2.7946606e-07
292 0.00 4.363643581050e-02 1.5643056e-06
293 0.00 4.317550440470e-02 9.8768035e-07
294 0.00 4.314088277488e-02 9.0697777e-07
295 0.00 4.304639788714e-02 4.9236035e-07
296 0.00 4.415070265507e-02 1.4315755e-06
297 0.00 4.355769586427e-02 1.3112686e-06
298 0.00 4.368781383180e-02 5.5953230e-07
299 0.00 4.230418617013e-02 8.0746381e-07
300 0.00 4.264335891573e-02 1.2715861e-06
301 0.00 4.291423790809e-02 2.2459951e-06
302 0.00 4.224973026544e-02 1.4404958e-06
303 0.00 4.286711632382e-02 1.2516032e-06
304 0.00 4.299680972886e-02 1.5614401e-06
305 0.00 4.358873828534e-02 1.5759048e-06
306 0.00 4.380314672675e-02 1.9680817e-06
307 0.00 4.344987823022e-02 2.2993386e-06
308 0.00 4.415289045567e-02 3.8927600e-06
309 0.00 4.231474776570e-02 1.7463383e-06
310 0.00 4.302727909826e-02 1.4682649e-06
311 0.00 4.151501260516e-02 8.1868049e-07
312 0.00 4.247936630857e-02 3.1709297e-06
313 0.00 4.202456590957e-02 1.0428679e-06
314 0.00 4.293885484848e-02 1.4737655e-06
315 0.00 4.364332549654e-02 1.5379720e-06
316 0.00 4.420904477706e-02 7.7621881e-07
317 0.00 4.256994348590e-02 1.3099692e-06
318 0.00 4.351006054423e-02 6.0307848e-07
319 0.00 4.297219483223e-02 4.3350012e-07
320 0.00 4.313691543808e-02 1.5297138e-06
321 0.00 4.296448842853e-02 2.2355130e-06
322 0.00 4.253289844380e-02 7.9656413e-07
323 0.00 4.317132050673e-02 1.4505005e-06
324 0.00 4.322799942707e-02 1.2547070e-06
325 0.00 4.310794603324e-02 3.2166077e-07
326 0.00 4.346459196580e-02 9.9655624e-07
327 0.00 4.446889631756e-02 4.7399614e-07
328 0.00 4.293669268124e-02 7.4276715e-07
329 0.00 4.281879440921e-02 2.4178867e-06
330 0.00 4.352435554379e-02 1.0979388e-06
331 0.00 4.341346380172e-02 1.1048197e-06
332 0.00 4.299230048969e-02 1.3201836e-06
333 0.00 4.287764462839e-02 9.6685614e-07
334 0.00 4.298811348867e-02 5.2658057e-07
335 0.00 4.319612191486e-02 3.9084650e-07
336 0.00 4.360332650072e-02 7.8230993e-07
337 0.00 4.316980532776e-02 6.0226037e-07
338 0.00 4.255862527152e-02 1.4704976e-06
339 0.00 4.327083254029e-02 2.5889398e-06
340 0.00 4.351522916454e-02 1.2740083e-06
341 0.00 4.235420699992e-02 4.8919125e-07
342 0.00 4.276394922582e-02 8.1386290e-07
343 0.00 4.303722452664e-02 1.1426484e-06
344 0.00 4.383185100542e-02 2.6457883e-06
345 0.00 4.325617405062e-02 1.9222383e-06
346 0.00 4.326893585679e-02 1.6478360e-06
347 0.00 4.307099363832e-02 2.7376561e-06
348 0.00 4.307655940572e-02 9.2044630e-07
349 0.00 4.305380339586e-02 2.2493849e-06
350 0.00 4.302484718890e-02 6.5988463e-07
351 0.00 4.396955613378e-02 1.1446954e-06
352 0.00 4.339930656033e-02 1.6172960e-06
353 0.00 4.331800806229e-02 6.8408338e-07
354 0.00 4.319982254362e-02 6.0582942e-06
355 0.00 4.202931329072e-02 1.0972640e-06
356 0.00 4.309511798989e-02 1.3670100e-06
357 0.00 4.289947257509e-02 1.2429780e-06
358 0.00 4.365908385455e-02 1.0231735e-06
359 0.00 4.378659278183e-02 1.6382559e-06
360 0.00 4.335503721808e-02 1.7175360e-07
361 0.00 4.340805497276e-02 1.2665350e-06
362 0.00 4.439018394864e-02 5.6086626e-07
363 0.00 4.348153292762e-02 1.2157107e-06
364 0.00 4.352719813260e-02 5.0749723e-07
365 0.00 4.313391109059e-02 6.6061794e-07
366 0.00 4.190572044291e-02 8.3658462e-07
367 0.00 4.373163755476e-02 1.2187813e-06
368 0.00 4.328345854915e-02 7.0681356e-07
369 0.00 4.365756841674e-02 2.3515284e-06
370 0.00 4.242467920542e-02 1.5300184e-06
371 0.00 4.179956235603e-02 9.6201787e-07
372 0.00 4.265860799574e-02 7.9770114e-07
373 0.00 4.449701349111e-02 6.7469064e-07
374 0.00 4.468353847052e-02 1.8183742e-06
375 0.00 4.268819006946e-02 6.4498080e-07
376 0.00 4.376409233382e-02 3.8850582e-06
377 0.00 4.370869607501e-02 1.0667353e-06
378 0.00 4.424572645731e-02 2.6276794e-06
379 0.00 4.244615039867e-02 9.5487840e-07
380 0.00 4.286033819989e-02 1.9366300e-06
381 0.00 4.362141121226e-02 3.9015060e-07
382 0.00 4.181074182744e-02 7.3283396e-07
383 0.00 4.320195024332e-02 1.8555490e-06
384 0.00 4.320577436574e-02 8.6725393e-07
385 0.00 4.368744436316e-02 7.0252515e-07
386 0.00 4.426169413139e-02 2.6302256e-06
387 0.00 4.242862314660e-02 9.5136320e-07
388 0.00 4.310542968831e-02 1.1502065e-06
389 0.00 4.333604489684e-02 2.0453654e-06
390 0.00 4.232608634674e-02 2.0994420e-06
391 0.00 4.425410825159e-02 8.4623037e-07
392 0.00 4.286904804360e-02 4.4890026e-07
393 0.00 4.381029316770e-02 1.3340668e-06
394 0.00 4.467346592162e-02 3.8631951e-06
395 0.00 4.352117527333e-02 8.1750764e-07
396 0.00 4.247217097406e-02 7.5133754e-07
397 0.00 4.236490485627e-02 1.7504161e-06
398 0.00 4.348024717448e-02 3.5502882e-07
399 0.00 4.271548121009e-02 6.0756165e-07
400 0.00 4.293687074378e-02 2.2437033e-06
401 0.00 4.236517529454e-02 1.0803890e-06
402 0.00 4.370885494177e-02 8.3113518e-07
403 0.00 4.230670456054e-02 2.4296567e-07
404 0.00 4.350786634740e-02 6.6635534e-07
405 0.00 4.289252497997e-02 5.9700981e-07
406 0.00 4.343253192232e-02 1.6012662e-06
407 0.00 4.342233881354e-02 1.0285238e-06
408 0.00 4.323788478973e-02 1.3857691e-06
409 0.00 4.383372895295e-02 5.8539407e-07
410 0.00 4.277752903394e-02 1.4051074e-06
411 0.00 4.332137929254e-02 1.4152035e-06
412 0.00 4.293425789172e-02 8.2781255e-07
413 0.00 4.316069457438e-02 3.9995995e-07
414 0.00 4.402636797323e-02 2.3552554e-06
415 0.00 4.291434081616e-02 5.6049340e-07
416 0.00 4.494835476227e-02 3.2238217e-06
417 0.00 4.343518852111e-02 1.6537756e-06
418 0.00 4.248594967853e-02 1.4234965e-06
419 0.00 4.272398113767e-02 6.6362063e-07
420 0.00 4.336187152700e-02 1.3194860e-06
421 0.00 4.320865660075e-02 9.2509783e-07
422 0.00 4.368009587023e-02 1.3771530e-06
423 0.00 4.321245337267e-02 6.9818101e-07
424 0.00 4.349494628132e-02 1.5361612e-06
425 0.00 4.368431418887e-02 1.1552986e-06
426 0.00 4.377357627203e-02 1.1281230e-06
427 0.00 4.329996020938e-02 1.9908994e-06
428 0.00 4.296735286033e-02 9.2545118e-07
429 0.00 4.350509428910e-02 6.0673423e-07
430 0.00 4.285097675729e-02 1.7857332e-06
431 0.00 4.413870419957e-02 6.3724416e-07
432 0.00 4.288764777824e-02 6.3750270e-07
433 0.00 4.264426033806e-02 8.3134070e-07
434 0.00 4.321257272564e-02 1.9274974e-06
435 0.00 4.328903602816e-02 2.0593988e-06
436 0.00 4.252633086739e-02 1.0831856e-06
437 0.00 4.435868692317e-02 8.1237165e-07
438 0.00 4.404930987246e-02 1.2176673e-06
439 0.00 4.260040757261e-02 9.9518235e-07
440 0.00 4.311531607276e-02 1.0524763e-06
441 0.00 4.203357423000e-02 1.3301603e-06
442 0.00 4.290414569447e-02 1.2773504e-06
443 0.00 4.158740886187e-02 1.3539226e-06
444 0.00 4.348652526191e-02 2.4897224e-06
445 0.00 4.394544481779e-02 1.5194747e-06
446 0.00 4.358380953799e-02 1.2966111e-06
447 0.00 4.255963494098e-02 1.6659818e-06
448 0.00 4.493193303118e-02 3.5912385e-06
449 0.00 4.254593040939e-02 1.1871549e-06
450 0.00 4.271647373383e-02 9.1725863e-07
451 0.00 4.370804079735e-02 1.6507938e-06
452 0.00 4.249026337405e-02 7.9907304e-07
453 0.00 4.398316433091e-02 1.9091673e-06
454 0.00 4.317720786506e-02 6.4899471e-07
455 0.00 4.397922192193e-02 1.2969362e-06
456 0.00 4.206574973521e-02 1.6139942e-06
457 0.00 4.355865006227e-02 1.5024758e-06
458 0.00 4.306690287712e-02 2.0063474e-06
459 0.00 4.294876093497e-02 3.6144508e-07
460 0.00 4.287531335879e-02 2.8510996e-07
461 0.00 4.296243205435e-02 3.2054569e-07
462 0.00 4.283587024680e-02 6.8780854e-07
463 0.00 4.331201633604e-02 7.3958254e-07
464 0.00 4.412253269318e-02 1.2657632e-06
465 0.00 4.380688358882e-02 4.0149466e-07
466 0.00 4.229713216666e-02 1.3686878e-06
467 0.00 4.292959345849e-02 1.8272301e-06
468 0.00 4.265019544004e-02 1.8731821e-06
469 0.00 4.241790004393e-02 1.7649413e-06
470 0.00 4.412794046831e-02 1.9332225e-06
471 0.00 4.244887849352e-02 1.6533046e-06
472 0.00 4.307598802597e-02 1.1214850e-06
473 0.00 4.333853539103e-02 1.8820825e-06
474 0.00 4.290682758216e-02 7.1195188e-07
475 0.00 4.262747241068e-02 7.9575046e-07
476 0.00 4.352101428537e-02 1.1606479e-06
477 0.00 4.300493768819e-02 8.1876494e-07
478 0.00 4.325371995971e-02 1.2985212e-06
479 0.00 4.255998423091e-02 4.4636716e-07
480 0.00 4.398952625451e-02 1.1451563e-06
481 0.00 4.248198726501e-02 2.3407131e-06
482 0.00 4.380433836455e-02 1.2824432e-06
483 0.00 4.314046369946e-02 2.9511979e-06
484 0.00 4.137841690581e-02 6.5714249e-07
485 0.00 4.302293543159e-02 1.5168736e-06
486 0.00 4.339184185075e-02 7.4232505e-07
487 0.00 4.353309994168e-02 1.4509992e-06
488 0.00 4.260165517338e-02 1.1139037e-06
489 0.00 4.370021356340e-02 1.2053414e-06
490 0.00 4.335835251411e-02 1.0122580e-06
491 0.00 4.390933303122e-02 1.8996160e-06
492 0.00 4.415335073163e-02 1.4197601e-06
493 0.00 4.312835902313e-02 1.9442762e-07
494 0.00 4.300292385749e-02 3.2566527e-07
495 0.00 4.307623681422e-02 1.4200104e-06
496 0.00 4.441155076873e-02 7.8386280e-07
497 0.00 4.365934872128e-02 1.2155128e-06
498 0.00 4.284767128267e-02 1.2327080e-06
499 0.00 4.191952118647e-02 1.3345380e-06
500 0.00 4.375708351670e-02 5.8339664e-07
1 0.25 4.35720e-02 6.25546e-06
2 0.25 4.31247e-02 5.43574e-06
3 0.25 4.19836e-02 2.93353e-06
4 0.25 4.37125e-02 1.13646e-05
5 0.25 4.26313e-02 7.20147e-06
6 0.25 4.36639e-02 6.23847e-06
7 0.25 4.27149e-02 4.03489e-06
8 0.25 4.28324e-02 5.16147e-06
9 0.25 4.34392e-02 3.81925e-06
10 0.25 4.25362e-02 5.44468e-06
11 0.25 4.28503e-02 7.68281e-06
12 0.25 4.42155e-02 1.06680e-05
13 0.25 4.19443e-02 4.09660e-06
14 0.25 4.31471e-02 5.52366e-06
15 0.25 4.20030e-02 6.05123e-06
16 0.25 4.29471e-02 8.36606e-06
17 0.25 4.28471e-02 7.66159e-06
18 0.25 4.19416e-02 5.91596e-06
19 0.25 4.21221e-02 7.56681e-06
20 0.25 4.23194e-02 5.79433e-06
21 0.25 4.25913e-02 6.87166e-06
22 0.25 4.21068e-02 1.18409e-05
23 0.25 4.19440e-02 4.62902e-06
24 0.25 4.30592e-02 4.94434e-06
25 0.25 4.36327e-02 1.04337e-05
26 0.25 4.30182e-02 1.07705e-05
27 0.25 4.25466e-02 9.40031e-06
28 0.25 4.33782e-02 8.43405e-06
29 0.25 4.29986e-02 5.79549e-06
30 0.25 4.29017e-02 7.03686e-06
31 0.25 4.23869e-02 5.23499e-06
32 0.25 4.23575e-02 7.59123e-06
33 0.25 4.22466e-02 4.26100e-06
34 0.25 4.34585e-02 7.17437e-06
35 0.25 4.43363e-02 5.78398e-06
36 0.25 4.40158e-02 6.68861e-06
37 0.25 4.24536e-02 9.17397e-06
38 0.25 4.23037e-02 4.54121e-06
39 0.25 4.29796e-02 6.30328e-06
40 0.25 4.33806e-02 4.81845e-06
41 0.25 4.33075e-02 8.60599e-06
42 0.25 4.26728e-02 6.15820e-06
43 0.25 4.25549e-02 6.39487e-06
44 0.25 4.22985e-02 5.76815e-06
45 0.25 4.30771e-02 1.71380e-05
46 0.25 4.29937e-02 8.25185e-06
47 0.25 4.31731e-02 8.34252e-06
48 0.25 4.20160e-02 6.20528e-06
49 0.25 4.29370e-02 4.73344e-06
50 0.25 4.35205e-02 6.26610e-06
51 0.25 4.33482e-02 9.67138e-06
52 0.25 4.15179e-02 6.90726e-06
53 0.25 4.26579e-02 3.41558e-06
54 0.25 4.38513e-02 6.36147e-06
55 0.25 4.27635e-02 7.08954e-06
56 0.25 4.22537e-02 4.57524e-06
57 0.25 4.27629e-02 4.08600e-06
58 0.25 4.23313e-02 4.69659e-06
59 0.25 4.34455e-02 5.93287e-06
60 0.25 4.33275e-02 4.41506e-06
61 0.25 4.24476e-02 7.15980e-06
62 0.25 4.30164e-02 8.98622e-06
63 0.25 4.32493e-02 4.40976e-06
64 0.25 4.23166e-02 6.05297e-06
65 0.25 4.28608e-02 5.28224e-06
66 0.25 4.28878e-02 3.95183e-06
67 0.25 4.28346e-02 6.92904e-06
68 0.25 4.29599e-02 5.18979e-06
69 0.25 4.25661e-02 7.36997e-06
70 0.25 4.28450e-02 6.69793e-06
71 0.25 4.30153e-02 7.75893e-06
72 0.25 4.18769e-02 4.72385e-06
73 0.25 4.42045e-02 7.77836e-06
74 0.25 4.33434e-02 3.93500e-06
75 0.25 4.27019e-02 6.14620e-06
76 0.25 4.33406e-02 7.80422e-06
77 0.25 4.29832e-02 1.37294e-05
78 0.25 4.20310e-02 3.39646e-06
79 0.25 4.27757e-02 6.02367e-06
80 0.25 4.41447e-02 6.52585e-06
81 0.25 4.32218e-02 6.90947e-06
82 0.25 4.11455e-02 3.33405e-06
83 0.25 4.21396e-02 5.75904e-06
84 0.25 4.25756e-02 6.10554e-06
85 0.25 4.34655e-02 5.89860e-06
86 0.25 4.36072e-02 5.83356e-06
87 0.25 4.21128e-02 7.50277e-06
88 0.25 4.27434e-02 6.58046e-06
89 0.25 4.30638e-02 5.98328e-06
90 0.25 4.25639e-02 6.24903e-06
91 0.25 4.33565e-02 1.12237e-05
92 0.25 4.24036e-02 5.85774e-06
93 0.25 4.29599e-02 4.87364e-06
94 0.25 4.27725e-02 5.33381e-06
95 0.25 4.21219e-02 3.24586e-06
96 0.25 4.30472e-02 6.97724e-06
97 0.25 4.23802e-02 5.65802e-06
98 0.25 4.23532e-02 5.22813e-06
99 0.25 4.22042e-02 6.49083e-06
100 0.25 4.29889e-02 3.06361e-06
101 0.25 4.151686477133e-02 6.5129131e-07
102 0.25 4.263544484092e-02 3.8423148e-07
103 0.25 4.411314006211e-02 1.6429938e-06
104 0.25 4.266233188073e-02 7.4207817e-07
105 0.25 4.257150902213e-02 7.8941543e-07
106 0.25 4.236950231228e-02 4.5847676e-07
107 0.25 4.205293161344e-02 1.2852463e-06
108 0.25 4.228784944187e-02 7.7906841e-07
109 0.25 4.366208568104e-02 1.3325601e-06
110 0.25 4.285064851752e-02 1.4529829e-06
111 0.25 4.341482152127e-02 1.2398099e-06
112 0.25 4.294730865789e-02 1.8711147e-06
113 0.25 4.314401121810e-02 3.8898993e-06
114 0.25 4.367040128810e-02 1.2068188e-06
115 0.25 4.202683258630e-02 5.6377803e-07
116 0.25 4.431287657350e-02 2.6743170e-06
117 0.25 4.297352095542e-02 5.6747857e-06
118 0.25 4.242641463207e-02 1.2750881e-06
119 0.25 4.290313040242e-02 8.5072986e-07
120 0.25 4.343695423914e-02 6.7042021e-07
121 0.25 4.397035977455e-02 1.5948825e-06
122 0.25 4.426116178361e-02 2.8544058e-06
123 0.25 4.238056547932e-02 7.8659116e-07
124 0.25 4.258758374657e-02 1.3204444e-06
125 0.25 4.308039771501e-02 1.2576558e-06
126 0.25 4.369449757741e-02 6.6314469e-07
127 0.25 4.191092258480e-02 6.5619658e-07
128 0.25 4.335578461504e-02 7.2127198e-07
129 0.25 4.230164034701e-02 1.1549774e-06
130 0.25 4.269403119564e-02 1.0339810e-06
131 0.25 4.409945587605e-02 1.7651187e-06
132 0.25 4.243181440048e-02 4.5193679e-07
133 0.25 4.348555538062e-02 1.4564106e-06
134 0.25 4.454136724453e-02 1.9395985e-06
135 0.25 4.200212768451e-02 4.6103543e-07
136 0.25 4.380611583213e-02 1.1061572e-06
137 0.25 4.266148794152e-02 2.6310959e-06
138 0.25 4.250327267761e-02 3.4644082e-07
139 0.25 4.254073523845e-02 2.6675803e-07
140 0.25 4.323161993387e-02 2.9378730e-06
141 0.25 4.425510844024e-02 1.7574936e-06
142 0.25 4.287396168054e-02 1.7464144e-06
143 0.25 4.334618554832e-02 2.2646046e-06
144 0.25 4.262193468144e-02 1.5825620e-06
145 0.25 4.338906082027e-02 8.7109867e-07
146 0.25 4.296689998690e-02 3.2860960e-06
147 0.25 4.372793755937e-02 1.2388877e-06
148 0.25 4.256463742256e-02 7.0162363e-07
149 0.25 4.350014809784e-02 3.7603703e-07
150 0.25 4.241169113448e-02 1.5750686e-06
151 0.25 4.354036835082e-02 6.2295465e-07
152 0.25 4.243095682064e-02 5.3793976e-07
153 0.25 4.278616540308e-02 7.7065372e-07
154 0.25 4.397273615499e-02 1.3270016e-06
155 0.25 4.184932198043e-02 1.5376585e-06
156 0.25 4.281782173929e-02 8.2835570e-07
157 0.25 4.207367325732e-02 1.6365456e-06
158 0.25 4.285524726988e-02 1.5323693e-06
159 0.25 4.300499428698e-02 3.0192123e-06
160 0.25 4.227890913956e-02 1.3834614e-06
161 0.25 4.289910045378e-02 1.0606985e-06
162 0.25 4.158628971056e-02 6.5030332e-07
163 0.25 4.448798722528e-02 1.2501838e-06
164 0.25 4.241851129070e-02 1.5973248e-06
165 0.25 4.428284998298e-02 3.8752925e-06
166 0.25 4.269865172909e-02 4.0627248e-07
167 0.25 4.229430621850e-02 1.5488748e-06
168 0.25 4.365277329333e-02 6.3812186e-07
169 0.25 4.351944567193e-02 1.3703939e-06
170 0.25 4.269569332611e-02 1.9460080e-06
171 0.25 4.240031602675e-02 1.0354513e-06
172 0.25 4.276853168053e-02 5.8018518e-07
173 0.25 4.271938830531e-02 9.9843127e-07
174 0.25 4.228426887930e-02 1.3359511e-06
175 0.25 4.189794996436e-02 2.3008981e-06
176 0.25 4.209848517645e-02 2.3332006e-06
177 0.25 4.384000337210e-02 6.0284334e-07
178 0.25 4.285790272327e-02 8.7363928e-07
179 0.25 4.390608065487e-02 2.2452297e-06
180 0.25 4.417863311339e-02 2.6023665e-06
181 0.25 4.343743691841e-02 1.1350939e-06
182 0.25 4.387958161867e-02 1.0994214e-06
183 0.25 4.277088585230e-02 1.4697114e-06
184 0.25 4.250087085077e-02 2.0165347e-06
185 0.25 4.239079903338e-02 1.7309636e-07
186 0.25 4.175806491098e-02 1.1545614e-06
187 0.25 4.232511408208e-02 1.0544657e-06
188 0.25 4.286365964731e-02 2.7452972e-06
189 0.25 4.363737533955e-02 1.1978550e-06
190 0.25 4.328932218368e-02 1.5423832e-06
191 0.25 4.335081898807e-02 7.5413630e-07
192 0.25 4.122703053406e-02 5.1513497e-07
193 0.25 4.338893431131e-02 1.1851626e-06
194 0.25 4.256501131098e-02 5.4383245e-07
195 0.25 4.249796988396e-02 7.2655558e-07
196 0.25 4.245135548375e-02 4.6933590e-07
197 0.25 4.257042372197e-02 9.6165118e-07
198 0.25 4.315883203302e-02 9.1134718e-07
199 0.25 4.337322318759e-02 1.2895433e-06
200 0.25 4.274548918287e-02 1.6258578e-06
201 0.25 4.402945365176e-02 1.3706826e-06
202 0.25 4.352769113848e-02 4.4878141e-06
203 0.25 4.355412979834e-02 1.4441073e-06
204 0.25 4.329030206305e-02 1.0190317e-06
205 0.25 4.272584632112e-02 1.2373750e-06
206 0.25 4.189031719918e-02 1.0406781e-06
207 0.25 4.301615652368e-02 8.4550077e-07
208 0.25 4.344261299651e-02 7.0158408e-07
209 0.25 4.397315144070e-02 8.6015072e-07
210 0.25 4.325490771042e-02 2.3056082e-06
211 0.25 4.348939368339e-02 8.0697872e-07
212 0.25 4.321000762382e-02 1.3534408e-06
213 0.25 4.374088420665e-02 1.1038108e-06
214 0.25 4.250805484759e-02 1.4039285e-06
215 0.25 4.244066560185e-02 1.2916206e-06
216 0.25 4.442207014523e-02 1.5846218e-06
217 0.25 4.259166817612e-02 1.2431396e-06
218 0.25 4.195873196167e-02 7.8183618e-07
219 0.25 4.324520130706e-02 6.0584417e-07
220 0.25 4.254811347228e-02 9.7922756e-07
221 0.25 4.507626158619e-02 1.7386403e-06
222 0.25 4.232086352019e-02 1.0549383e-06
223 0.25 4.239411229109e-02 1.0863231e-06
224 0.25 4.245638253354e-02 4.1693836e-07
225 0.25 4.205852568068e-02 7.0743565e-07
226 0.25 4.376743044068e-02 2.3686983e-06
227 0.25 4.287741443489e-02 2.4812336e-06
228 0.25 4.260772087020e-02 1.1832526e-06
229 0.25 4.340387377157e-02 5.2316885e-07
230 0.25 4.240740362504e-02 2.4019144e-06
231 0.25 4.214262790238e-02 1.1902406e-06
232 0.25 4.288212949054e-02 7.8557243e-07
233 0.25 4.235908212445e-02 1.3920338e-06
234 0.25 4.303431392772e-02 1.0664908e-06
235 0.25 4.293933158663e-02 1.4497490e-06
236 0.25 4.240404520657e-02 5.9167457e-07
237 0.25 4.246204217872e-02 9.7485575e-07
238 0.25 4.351374048318e-02 6.2973428e-07
239 0.25 4.340607347901e-02 1.2591142e-06
240 0.25 4.279092747846e-02 5.0461952e-07
241 0.25 4.243617346896e-02 1.7973275e-06
242 0.25 4.198773462857e-02 4.6613750e-07
243 0.25 4.320494923843e-02 1.0640573e-06
244 0.25 4.329164916571e-02 5.1063194e-07
245 0.25 4.226179581568e-02 7.8161426e-07
246 0.25 4.201305206195e-02 1.7500335e-06
247 0.25 4.329543816390e-02 1.0102800e-06
248 0.25 4.291045740906e-02 1.7481482e-06
249 0.25 4.195338150247e-02 3.6122697e-07
250 0.25 4.254747991513e-02 1.0810670e-06
251 0.25 4.312121379403e-02 8.0729126e-07
252 0.25 4.341333583447e-02 9.5148548e-07
253 0.25 4.363331528595e-02 8.7446741e-07
254 0.25 4.245650058552e-02 5.9476456e-07
255 0.25 4.301529930830e-02 2.1518540e-06
256 0.25 4.315233267931e-02 8.3689564e-07
257 0.25 4.289407332948e-02 9.8251649e-07
258 0.25 4.203501550308e-02 1.9357521e-06
259 0.25 4.401663259742e-02 2.4977979e-07
260 0.25 4.179900165962e-02 8.4667838e-07
261 0.25 4.351555106975e-02 1.6949910e-06
262 0.25 4.371924677455e-02 9.7592550e-07
263 0.25 4.186008232618e-02 1.7395617e-06
264 0.25 4.204740826630e-02 3.9058038e-07
265 0.25 4.355893697665e-02 5.0918518e-07
266 0.25 4.299270782949e-02 3.0805548e-06
267 0.25 4.394971978125e-02 7.6227999e-07
268 0.25 4.275067963631e-02 1.4480780e-06
269 0.25 4.313613494034e-02 1.2719421e-06
270 0.25 4.221600924554e-02 2.2951281e-07
271 0.25 4.315080003683e-02 2.7519731e-06
272 0.25 4.174731619728e-02 6.0955807e-07
273 0.25 4.370583528328e-02 2.4282000e-06
274 0.25 4.356900474889e-02 1.2732346e-06
275 0.25 4.255482010207e-02 1.5894311e-06
276 0.25 4.298407622759e-02 4.8397995e-07
277 0.25 4.303105010014e-02 3.8360082e-06
278 0.25 4.290466493094e-02 1.6827228e-06
279 0.25 4.187406790801e-02 7.6052582e-07
280 0.25 4.284753427515e-02 2.1496673e-06
281 0.25 4.411425862151e-02 5.1948191e-07
282 0.25 4.177354748894e-02 1.0154218e-06
283 0.25 4.247728091386e-02 5.4860462e-07
284 0.25 4.239793773576e-02 1.4241478e-06
285 0.25 4.266902694580e-02 1.2105614e-06
286 0.25 4.314434134770e-02 7.5540324e-07
287 0.25 4.218811059586e-02 6.3445237e-07
288 0.25 4.252855758326e-02 2.3522650e-06
289 0.25 4.366170053960e-02 6.0717259e-07
290 0.25 4.441796159731e-02 2.5682526e-06
291 0.25 4.275497698141e-02 1.0191172e-06
292 0.25 4.279728629106e-02 9.3194677e-07
293 0.25 4.276650938745e-02 7.2989106e-07
294 0.25 4.333047315224e-02 9.6286984e-07
295 0.25 4.254509023182e-02 7.6225374e-07
296 0.25 4.399649668573e-02 6.6522754e-07
297 0.25 4.376873126594e-02 1.3856627e-06
298 0.25 4.378939275433e-02 2.8608838e-06
299 0.25 4.184107368148e-02 1.0010917e-06
300 0.25 4.277913831242e-02 5.9956446e-07
301 0.25 4.283630554596e-02 8.6530220e-07
302 0.25 4.176561014333e-02 1.3651145e-06
303 0.25 4.202095395050e-02 1.8794173e-06
304 0.25 4.270131831866e-02 1.4382637e-06
305 0.25 4.291839437182e-02 8.6463016e-07
306 0.25 4.360779481056e-02 1.6431516e-06
307 0.25 4.320699260813e-02 7.0458749e-07
308 0.25 4.392784571994e-02 1.3974197e-06
309 0.25 4.237374866225e-02 4.2951957e-07
310 0.25 4.299721075732e-02 1.5077694e-06
311 0.25 4.112408053923e-02 1.2805286e-06
312 0.25 4.310452781437e-02 1.9052144e-06
313 0.25 4.173352117557e-02 9.1646973e-07
314 0.25 4.255942116943e-02 1.4878965e-06
315 0.25 4.369378429018e-02 2.3932837e-07
316 0.25 4.367482697469e-02 6.1211601e-07
317 0.25 4.308949057054e-02 1.1208623e-06
318 0.25 4.294898050286e-02 1.0044860e-06
319 0.25 4.282458291841e-02 1.2573010e-06
320 0.25 4.298849389055e-02 1.3764421e-06
321 0.25 4.234485960748e-02 6.5897845e-07
322 0.25 4.211981225619e-02 1.0106306e-06
323 0.25 4.287308454382e-02 1.2900665e-06
324 0.25 4.296384162675e-02 4.5858851e-07
325 0.25 4.319027705270e-02 1.6469742e-06
326 0.25 4.279220144815e-02 1.4002962e-06
327 0.25 4.370865970825e-02 8.9025798e-07
328 0.25 4.337690010162e-02 1.9304818e-06
329 0.25 4.226678449456e-02 9.5629601e-07
330 0.25 4.402967555957e-02 9.9408955e-07
331 0.25 4.352824448325e-02 1.7488646e-06
332 0.25 4.210854745220e-02 4.7631086e-07
333 0.25 4.195254130396e-02 6.2888624e-07
334 0.25 4.332946039941e-02 5.3102966e-07
335 0.25 4.253474994281e-02 3.2016558e-07
336 0.25 4.283795593849e-02 1.7663242e-06
337 0.25 4.308523786318e-02 5.8194714e-07
338 0.25 4.169668757819e-02 7.0088133e-07
339 0.25 4.259045567925e-02 9.1576094e-07
340 0.25 4.256679256144e-02 1.4699188e-06
341 0.25 4.250063721957e-02 1.0367636e-06
342 0.25 4.267962323230e-02 1.0413211e-06
343 0.25 4.269490129309e-02 6.2982928e-07
344 0.25 4.350829740956e-02 6.2253770e-07
345 0.25 4.261168516804e-02 7.7315858e-07
346 0.25 4.293578880885e-02 1.3201876e-06
347 0.25 4.179552641802e-02 5.8308215e-07
348 0.25 4.316028701232e-02 1.4005886e-06
349 0.25 4.225558658796e-02 1.1800899e-06
350 0.25 4.323816942360e-02 7.5045698e-07
351 0.25 4.323859216202e-02 1.2207576e-06
352 0.25 4.227065100792e-02 7.2622554e-07
353 0.25 4.357303597666e-02 1.0383382e-06
354 0.25 4.295855410207e-02 1.4746292e-06
355 0.25 4.242805317420e-02 1.1335243e-06
356 0.25 4.268830751874e-02 1.9349352e-06
357 0.25 4.304934342357e-02 1.5626019e-06
358 0.25 4.353325336274e-02 1.9002783e-06
359 0.25 4.330475009300e-02 1.4496993e-06
360 0.25 4.350176207949e-02 9.9639151e-07
361 0.25 4.337359008935e-02 1.2107094e-06
362 0.25 4.340483614124e-02 1.0233074e-06
363 0.25 4.258122933970e-02 4.7325805e-07
364 0.25 4.264819978444e-02 1.0218762e-06
365 0.25 4.402047204838e-02 2.5275484e-06
366 0.25 4.239078401486e-02 2.4243958e-06
367 0.25 4.394763139997e-02 2.3224298e-06
368 0.25 4.287464542762e-02 7.8203519e-07
369 0.25 4.351575690045e-02 1.4808312e-06
370 0.25 4.166223915228e-02 6.9663839e-07
371 0.25 4.105339758886e-02 5.7640526e-07
372 0.25 4.179254307231e-02 2.8560135e-07
373 0.25 4.423781789999e-02 1.2590146e-06
374 0.25 4.418584027046e-02 8.7751409e-07
375 0.25 4.200103773066e-02 4.3187778e-07
376 0.25 4.273513012834e-02 9.2585071e-07
377 0.25 4.341615759042e-02 9.2509717e-07
378 0.25 4.371423735058e-02 6.2704658e-07
379 0.25 4.268256158041e-02 1.7078502e-06
380 0.25 4.324759394155e-02 1.1086486e-06
381 0.25 4.386337803577e-02 1.6897794e-06
382 0.25 4.185286363485e-02 1.6122704e-06
383 0.25 4.386417565877e-02 2.1842953e-06
384 0.25 4.335471404812e-02 9.4473191e-07
385 0.25 4.475568730635e-02 1.0971550e-06
386 0.25 4.290760183839e-02 5.0158381e-07
387 0.25 4.316633511570e-02 2.2898858e-06
388 0.25 4.314345740657e-02 1.6143190e-06
389 0.25 4.372253465149e-02 9.5430318e-07
390 0.25 4.264580796239e-02 1.2697686e-06
391 0.25 4.381785187977e-02 1.8849150e-06
392 0.25 4.252278777406e-02 9.5543993e-07
393 0.25 4.338481882431e-02 5.5767958e-07
394 0.25 4.307972666804e-02 8.9485487e-07
395 0.25 4.316851687247e-02 6.0349843e-07
396 0.25 4.213578228792e-02 6.2817016e-07
397 0.25 4.182802346480e-02 4.9655203e-07
398 0.25 4.329048784297e-02 8.2921718e-07
399 0.25 4.303036072534e-02 5.2611539e-07
400 0.25 4.282330693113e-02 1.1234923e-06
401 0.25 4.173893115402e-02 7.8403410e-07
402 0.25 4.300303567069e-02 1.4571092e-06
403 0.25 4.318426933633e-02 3.1053423e-06
404 0.25 4.318753438778e-02 1.6246614e-06
405 0.25 4.274824293791e-02 1.1951398e-06
406 0.25 4.304847919360e-02 7.0579890e-07
407 0.25 4.235375246395e-02 1.5231399e-06
408 0.25 4.274920810215e-02 1.1255413e-06
409 0.25 4.380561068055e-02 1.3106424e-06
410 0.25 4.311290196095e-02 2.9061903e-06
411 0.25 4.289743288404e-02 4.9065106e-07
412 0.25 4.312887583323e-02 7.3437376e-07
413 0.25 4.361803727171e-02 6.5109725e-07
414 0.25 4.396088001232e-02 9.8250518e-07
415 0.25 4.274529536430e-02 1.2902196e-06
416 0.25 4.389121901008e-02 1.5249346e-06
417 0.25 4.317446610301e-02 2.0712089e-06
418 0.25 4.134135701023e-02 7.2098326e-07
419 0.25 4.273212393003e-02 1.4555139e-06
420 0.25 4.366106877435e-02 1.3806084e-06
421 0.25 4.249184910652e-02 6.5939437e-07
422 0.25 4.332246062430e-02 1.0885210e-06
423 0.25 4.359160442412e-02 6.2184120e-07
424 0.25 4.323331000324e-02 1.7628010e-06
425 0.25 4.353266751621e-02 6.5766695e-07
426 0.25 4.307554424998e-02 1.6144339e-06
427 0.25 4.273360978068e-02 1.0906749e-06
428 0.25 4.287324636676e-02 1.5516220e-06
429 0.25 4.308082774099e-02 8.3927216e-07
430 0.25 4.224453202454e-02 8.7660952e-08
431 0.25 4.382157418167e-02 1.4058565e-06
432 0.25 4.328536155586e-02 1.5104422e-06
433 0.25 4.255851445183e-02 1.6222214e-06
434 0.25 4.236601436795e-02 3.9448137e-07
435 0.25 4.358062381777e-02 1.1830187e-06
436 0.25 4.213003313395e-02 1.1883632e-06
437 0.25 4.353815919011e-02 1.1713893e-06
438 0.25 4.396964930359e-02 4.6320022e-07
439 0.25 4.230451220734e-02 2.2458002e-06
440 0.25 4.310690906331e-02 2.0534697e-06
441 0.25 4.172900579810e-02 1.1723949e-06
442 0.25 4.364707367847e-02 2.4432565e-06
443 0.25 4.109818558311e-02 1.1052859e-06
444 0.25 4.390983926721e-02 1.2309395e-06
445 0.25 4.350007851049e-02 3.8528871e-07
446 0.25 4.407064135646e-02 1.6517305e-06
447 0.25 4.256780894079e-02 2.3476757e-06
448 0.25 4.442190791622e-02 2.3501041e-06
449 0.25 4.264350276125e-02 1.3274402e-06
450 0.25 4.250938742143e-02 1.1064931e-06
451 0.25 4.392183425703e-02 2.0206580e-06
452 0.25 4.213562074169e-02 8.0513849e-07
453 0.25 4.342094852197e-02 1.2789526e-06
454 0.25 4.246585425819e-02 8.3217739e-07
455 0.25 4.342267253623e-02 1.3697596e-06
456 0.25 4.148743046028e-02 7.6998042e-07
457 0.25 4.233242281680e-02 3.6953134e-07
458 0.25 4.263239633014e-02 1.2171052e-06
459 0.25 4.273902427564e-02 1.2904743e-06
460 0.25 4.400678129808e-02 9.0685422e-07
461 0.25 4.276374056384e-02 1.8080551e-06
462 0.25 4.278358457304e-02 1.1853742e-06
463 0.25 4.253432273756e-02 6.2723930e-07
464 0.25 4.356230635580e-02 1.9003462e-06
465 0.25 4.408850015874e-02 1.7153499e-06
466 0.25 4.198436609242e-02 1.1559459e-06
467 0.25 4.274694866213e-02 7.2652778e-07
468 0.25 4.277038439998e-02 1.7711203e-06
469 0.25 4.257410877175e-02 1.7136814e-06
470 0.25 4.345884893642e-02 2.1499032e-06
471 0.25 4.237460870058e-02 6.0939421e-07
472 0.25 4.306112500767e-02 1.0632735e-06
473 0.25 4.279484972425e-02 1.2634232e-06
474 0.25 4.317457928145e-02 8.9636538e-07
475 0.25 4.277875469454e-02 9.3394087e-07
476 0.25 4.336912825566e-02 1.3309434e-06
477 0.25 4.334064502226e-02 5.2782567e-07
478 0.25 4.251881055871e-02 7.4297230e-07
479 0.25 4.249538162395e-02 7.7308206e-07
480 0.25 4.374574047584e-02 5.7296642e-07
481 0.25 4.167707411087e-02 2.5931475e-07
482 0.25 4.326985269502e-02 3.1184139e-07
483 0.25 4.227795680963e-02 7.0852928e-07
484 0.25 4.248119411136e-02 1.1545767e-06
485 0.25 4.254544505098e-02 3.1189057e-06
486 0.25 4.301668477615e-02 1.6056768e-06
487 0.25 4.336166385760e-02 1.3879816e-06
488 0.25 4.316568687654e-02 3.0832834e-06
489 0.25 4.259301123195e-02 1.5983266e-06
490 0.25 4.319862927724e-02 3.2028059e-07
491 0.25 4.371842269483e-02 5.8604397e-07
492 0.25 4.370091147576e-02 1.5467477e-06
493 0.25 4.266906462245e-02 4.3877944e-07
494 0.25 4.240623059366e-02 5.6998290e-07
495 0.25 4.300194811442e-02 7.4485627e-07
496 0.25 4.438092250174e-02 1.4946071e-06
497 0.25 4.305732788577e-02 1.4655113e-06
498 0.25 4.217056934895e-02 5.5103784e-07
499 0.25 4.214669337184e-02 4.8853946e-07
500 0.25 4.371520209926e-02 1.5950374e-06
1 0.50 4.42259e-02 1.62597e-05
2 0.50 4.23210e-02 5.79889e-06
3 0.50 4.16362e-02 3.78650e-06
4 0.50 4.24002e-02 5.60882e-06
5 0.50 4.15128e-02 4.17419e-06
6 0.50 4.28565e-02 4.49969e-06
7 0.50 4.25851e-02 4.29307e-06
8 0.50 4.25245e-02 5.76260e-06
9 0.50 4.38068e-02 9.71123e-06
10 0.50 4.20885e-02 5.64871e-06
11 0.50 4.32002e-02 5.43169e-06
12 0.50 4.30581e-02 3.62040e-06
13 0.50 4.18666e-02 4.73885e-06
14 0.50 4.22163e-02 1.05169e-05
15 0.50 4.16822e-02 7.56419e-06
16 0.50 4.24334e-02 5.08267e-06
17 0.50 4.26897e-02 5.89362e-06
18 0.50 4.17239e-02 6.06086e-06
19 0.50 4.27954e-02 7.64967e-06
20 0.50 4.16387e-02 5.21301e-06
21 0.50 4.30005e-02 6.76216e-06
22 0.50 4.19600e-02 4.70760e-06
23 0.50 4.19597e-02 4.78746e-06
24 0.50 4.26198e-02 4.46505e-06
25 0.50 4.21041e-02 5.38964e-06
26 0.50 4.26566e-02 4.87127e-06
27 0.50 4.23958e-02 7.73156e-06
28 0.50 4.25259e-02 4.88066e-06
29 0.50 4.27228e-02 7.39840e-06
30 0.50 4.29287e-02 5.83335e-06
31 0.50 4.23379e-02 7.04165e-06
32 0.50 4.29412e-02 9.79196e-06
33 0.50 4.21642e-02 6.96322e-06
34 0.50 4.39762e-02 6.34710e-06
35 0.50 4.47323e-02 1.28888e-05
36 0.50 4.37561e-02 9.03605e-06
37 0.50 4.17632e-02 5.60946e-06
38 0.50 4.31330e-02 1.13747e-05
39 0.50 4.28337e-02 5.89179e-06
40 0.50 4.33599e-02 6.65382e-06
41 0.50 4.30362e-02 6.02440e-06
42 0.50 4.20409e-02 5.48327e-06
43 0.50 4.21539e-02 6.99840e-06
44 0.50 4.26389e-02 1.20254e-05
45 0.50 4.20182e-02 9.66549e-06
46 0.50 4.24275e-02 6.89880e-06
47 0.50 4.27634e-02 5.30080e-06
48 0.50 4.13036e-02 5.96729e-06
49 0.50 4.26060e-02 3.61507e-06
50 0.50 4.33478e-02 8.25247e-06
51 0.50 4.25015e-02 6.52632e-06
52 0.50 4.07572e-02 5.63612e-06
53 0.50 4.33975e-02 7.37801e-06
54 0.50 4.41329e-02 9.28468e-06
55 0.50 4.22811e-02 5.12618e-06
56 0.50 4.24297e-02 6.55491e-06
57 0.50 4.22125e-02 4.38634e-06
58 0.50 4.26260e-02 1.44491e-05
59 0.50 4.29791e-02 5.39036e-06
60 0.50 4.30665e-02 4.60130e-06
61 0.50 4.21239e-02 8.65137e-06
62 0.50 4.35716e-02 1.00706e-05
63 0.50 4.26628e-02 3.90230e-06
64 0.50 4.34277e-02 6.41162e-06
65 0.50 4.24929e-02 4.42197e-06
66 0.50 4.17795e-02 5.50098e-06
67 0.50 4.27225e-02 1.19149e-05
68 0.50 4.28852e-02 7.69055e-06
69 0.50 4.28452e-02 5.49989e-06
70 0.50 4.24184e-02 8.13644e-06
71 0.50 4.37374e-02 1.64104e-05
72 0.50 4.21574e-02 4.23275e-06
73 0.50 4.37826e-02 7.36268e-06
74 0.50 4.33804e-02 6.62026e-06
75 0.50 4.19906e-02 3.17127e-06
76 0.50 4.35904e-02 8.14275e-06
77 0.50 4.21907e-02 5.64745e-06
78 0.50 4.20654e-02 5.42308e-06
79 0.50 4.17927e-02 3.19213e-06
80 0.50 4.40646e-02 5.25011e-06
81 0.50 4.30376e-02 5.20127e-06
82 0.50 4.19885e-02 4.46164e-06
83 0.50 4.17541e-02 6.06643e-06
84 0.50 4.30613e-02 6.73470e-06
85 0.50 4.27231e-02 5.87942e-06
86 0.50 4.37773e-02 9.31454e-06
87 0.50 4.22856e-02 5.69717e-06
88 0.50 4.26283e-02 7.78425e-06
89 0.50 4.31728e-02 8.63122e-06
90 0.50 4.28613e-02 1.03375e-05
91 0.50 4.29254e-02 5.85897e-06
92 0.50 4.27819e-02 9.63185e-06
93 0.50 4.23056e-02 5.11408e-06
94 0.50 4.28290e-02 6.19832e-06
95 0.50 4.24926e-02 3.82281e-06
96 0.50 4.23590e-02 5.43055e-06
97 0.50 4.28528e-02 9.20321e-06
98 0.50 4.28391e-02 5.84032e-06
99 0.50 4.22313e-02 7.38688e-06
100 0.50 4.46084e-02 1.24549e-05
101 0.50 4.231436785769e-02 5.7255739e-07
102 0.50 4.198983139277e-02 1.7798153e-06
103 0.50 4.429052425913e-02 1.2761348e-06
104 0.50 4.263626776405e-02 1.8081175e-06
105 0.50 4.314821301523e-02 8.1515384e-07
106 0.50 4.273703952678e-02 7.5314002e-07
107 0.50 4.296130340228e-02 2.5195874e-06
108 0.50 4.164084086618e-02 1.1276018e-06
109 0.50 4.340802708504e-02 1.6896685e-06
110 0.50 4.274837253482e-02 1.2928856e-06
111 0.50 4.343776688710e-02 8.8084060e-07
112 0.50 4.226615850129e-02 3.1905306e-07
113 0.50 4.268472433046e-02 4.6564288e-07
114 0.50 4.325690570085e-02 7.2387631e-07
115 0.50 4.162897068517e-02 6.8087244e-07
116 0.50 4.398566362480e-02 8.3629551e-07
117 0.50 4.288693198015e-02 1.1372088e-06
118 0.50 4.167403111144e-02 5.1421430e-07
119 0.50 4.254290237585e-02 6.9656286e-07
120 0.50 4.356155825952e-02 1.7137848e-06
121 0.50 4.278771283794e-02 2.2001085e-06
122 0.50 4.381010068533e-02 1.0982229e-06
123 0.50 4.209853100700e-02 1.5317874e-06
124 0.50 4.321212958090e-02 1.1936145e-06
125 0.50 4.216911330825e-02 6.3384845e-07
126 0.50 4.324896676416e-02 2.3762856e-06
127 0.50 4.107995970143e-02 1.0062532e-06
128 0.50 4.446767078648e-02 2.1213771e-06
129 0.50 4.264196418573e-02 1.0138061e-06
130 0.50 4.182413040914e-02 4.7787092e-07
131 0.50 4.396730994082e-02 1.5101756e-06
132 0.50 4.270023033486e-02 8.0340647e-07
133 0.50 4.344140996470e-02 1.3179128e-06
134 0.50 4.399017189646e-02 1.6966227e-06
135 0.50 4.163630389496e-02 1.2016299e-06
136 0.50 4.346627352932e-02 2.9893951e-06
137 0.50 4.249218513823e-02 7.8550778e-07
138 0.50 4.267385072230e-02 1.3439317e-06
139 0.50 4.259242981449e-02 7.5879343e-07
140 0.50 4.249139742086e-02 7.2920382e-07
141 0.50 4.370239459387e-02 3.6790374e-06
142 0.50 4.330227147879e-02 1.8769688e-06
143 0.50 4.261411507728e-02 1.2593602e-06
144 0.50 4.242653785851e-02 9.2197639e-07
145 0.50 4.391763385975e-02 1.0854837e-06
146 0.50 4.248791096591e-02 5.2151988e-07
147 0.50 4.268287613982e-02 1.0379204e-06
148 0.50 4.277107561138e-02 4.0565662e-07
149 0.50 4.322018240788e-02 1.6905009e-06
150 0.50 4.260729285528e-02 1.8289274e-06
151 0.50 4.316493488216e-02 7.9469159e-07
152 0.50 4.229498660623e-02 1.0140419e-06
153 0.50 4.249498838631e-02 6.2101383e-07
154 0.50 4.395445449297e-02 9.8955904e-07
155 0.50 4.218279441341e-02 7.5036635e-07
156 0.50 4.308929157251e-02 1.3766284e-06
157 0.50 4.314382217587e-02 9.2316228e-07
158 0.50 4.212481474873e-02 1.2442608e-06
159 0.50 4.209531342694e-02 3.9417186e-07
160 0.50 4.205917851145e-02 1.1212675e-06
161 0.50 4.336853026959e-02 2.4670049e-06
162 0.50 4.259926847801e-02 1.0310351e-06
163 0.50 4.421970131412e-02 2.4196527e-06
164 0.50 4.132496274056e-02 1.0247745e-06
165 0.50 4.343264465191e-02 8.9710278e-07
166 0.50 4.280159406165e-02 5.0953830e-07
167 0.50 4.262311662552e-02 1.4930200e-06
168 0.50 4.350729389765e-02 4.7234755e-07
169 0.50 4.261285452788e-02 9.2240409e-07
170 0.50 4.272081178668e-02 1.1586765e-06
171 0.50 4.194582314837e-02 1.3091376e-06
172 0.50 4.227087485266e-02 5.2148789e-07
173 0.50 4.320578281667e-02 1.1946803e-06
174 0.50 4.230043140090e-02 6.5244048e-07
175 0.50 4.107730847988e-02 3.8075541e-07
176 0.50 4.298907789212e-02 2.4210805e-06
177 0.50 4.279706321699e-02 7.4832037e-07
178 0.50 4.300665359702e-02 5.8906929e-07
179 0.50 4.363510172528e-02 1.0608602e-06
180 0.50 4.386660196930e-02 1.3783007e-06
181 0.50 4.267457387942e-02 5.2413694e-07
182 0.50 4.245851126541e-02 1.3286744e-06
183 0.50 4.267862469228e-02 9.5557551e-07
184 0.50 4.203461255465e-02 8.8029486e-07
185 0.50 4.236555283205e-02 1.4448993e-06
186 0.50 4.237337640649e-02 7.5541683e-07
187 0.50 4.215615581303e-02 1.1901923e-06
188 0.50 4.334482644694e-02 1.9833037e-06
189 0.50 4.374498905965e-02 1.3052982e-06
190 0.50 4.311420110055e-02 7.4946147e-07
191 0.50 4.302286437332e-02 1.4901404e-06
192 0.50 4.162222892340e-02 1.5817330e-06
193 0.50 4.284709503167e-02 5.4888997e-07
194 0.50 4.197310193922e-02 7.2649261e-07
195 0.50 4.172613746888e-02 9.0671208e-07
196 0.50 4.202746059316e-02 9.1026753e-07
197 0.50 4.256509634884e-02 3.6718178e-07
198 0.50 4.419299779492e-02 2.1931756e-06
199 0.50 4.337902705919e-02 1.1081204e-06
200 0.50 4.230143495793e-02 1.7233633e-06
201 0.50 4.309127658037e-02 1.5879122e-06
202 0.50 4.264247844175e-02 5.4749074e-07
203 0.50 4.335896479693e-02 1.1261861e-06
204 0.50 4.263870039154e-02 1.2013057e-06
205 0.50 4.263851857694e-02 6.7704313e-07
206 0.50 4.155444889633e-02 5.4444347e-07
207 0.50 4.343789535764e-02 1.5149688e-06
208 0.50 4.344781213508e-02 8.8182432e-07
209 0.50 4.362728182632e-02 1.1626220e-06
210 0.50 4.314538864518e-02 4.5315771e-07
211 0.50 4.309836843296e-02 5.8961771e-07
212 0.50 4.276109029956e-02 1.1775347e-06
213 0.50 4.338002527318e-02 1.9538989e-06
214 0.50 4.266153465293e-02 1.1807653e-06
215 0.50 4.320693896448e-02 6.9735930e-07
216 0.50 4.363067757699e-02 5.9610985e-07
217 0.50 4.237980868385e-02 1.4715662e-06
218 0.50 4.198250642273e-02 1.2535744e-06
219 0.50 4.352960492507e-02 1.2825818e-06
220 0.50 4.211661563391e-02 1.3962764e-06
221 0.50 4.439996345068e-02 1.2807040e-06
222 0.50 4.206547495745e-02 3.9168676e-07
223 0.50 4.209783875818e-02 1.2771333e-06
224 0.50 4.233023278797e-02 7.8299981e-07
225 0.50 4.183512845118e-02 1.1035381e-06
226 0.50 4.349150323972e-02 1.2080539e-06
227 0.50 4.319610290875e-02 2.9353059e-06
228 0.50 4.186975440818e-02 1.3421911e-06
229 0.50 4.285330890739e-02 8.9321663e-07
230 0.50 4.262896617436e-02 1.6325414e-06
231 0.50 4.188712323677e-02 1.3290911e-06
232 0.50 4.284807853953e-02 1.3206255e-06
233 0.50 4.159635643780e-02 9.7366259e-07
234 0.50 4.238791397784e-02 5.5018599e-07
235 0.50 4.251551363405e-02 8.6997205e-07
236 0.50 4.188831358107e-02 4.3299932e-07
237 0.50 4.199186662666e-02 1.4754528e-06
238 0.50 4.363384715834e-02 3.3332807e-06
239 0.50 4.330310012731e-02 1.2555148e-06
240 0.50 4.282189414499e-02 9.2208670e-07
241 0.50 4.228161853684e-02 6.6418099e-07
242 0.50 4.207622831480e-02 1.3183961e-06
243 0.50 4.263694452663e-02 1.1492767e-06
244 0.50 4.248828960371e-02 7.0465909e-07
245 0.50 4.228100157123e-02 5.4855004e-07
246 0.50 4.205955711768e-02 2.9083876e-06
247 0.50 4.326597693028e-02 4.7689020e-07
248 0.50 4.252442072783e-02 1.8059406e-06
249 0.50 4.221623917588e-02 7.8250814e-07
250 0.50 4.255373944953e-02 1.4809945e-06
251 0.50 4.248682882464e-02 6.6242677e-07
252 0.50 4.363325243331e-02 1.4564041e-06
253 0.50 4.333401652999e-02 1.5923897e-06
254 0.50 4.235829783500e-02 1.6023377e-06
255 0.50 4.288537574014e-02 2.3930287e-06
256 0.50 4.255937765382e-02 5.4238733e-07
257 0.50 4.301147135334e-02 8.2390927e-07
258 0.50 4.258104565128e-02 2.9269638e-06
259 0.50 4.358347350361e-02 1.2474340e-06
260 0.50 4.150682087819e-02 1.0747086e-06
261 0.50 4.312899802622e-02 8.5706905e-07
262 0.50 4.334588754006e-02 9.9763218e-07
263 0.50 4.137070225559e-02 1.1390420e-06
264 0.50 4.270355327586e-02 1.6793002e-06
265 0.50 4.348661976263e-02 7.3068132e-07
266 0.50 4.189170808670e-02 8.0509083e-07
267 0.50 4.318414270353e-02 9.4835180e-07
268 0.50 4.265505703006e-02 4.8397868e-07
269 0.50 4.162314328573e-02 9.1250300e-07
270 0.50 4.199919217912e-02 4.0271402e-07
271 0.50 4.334670952148e-02 2.5182177e-06
272 0.50 4.223797769591e-02 1.5961368e-06
273 0.50 4.303890640472e-02 3.2602914e-07
274 0.50 4.361296211838e-02 4.7422982e-07
275 0.50 4.250887963254e-02 9.9788764e-07
276 0.50 4.210946647178e-02 1.1188621e-06
277 0.50 4.301774899792e-02 6.9399972e-07
278 0.50 4.237454120179e-02 1.3164874e-06
279 0.50 4.151138348378e-02 9.0277922e-07
280 0.50 4.283714598806e-02 7.7437570e-07
281 0.50 4.413296646559e-02 8.3579894e-07
282 0.50 4.229916443395e-02 1.8779977e-06
283 0.50 4.283348768605e-02 2.2022182e-06
284 0.50 4.251176676772e-02 2.2273139e-06
285 0.50 4.256166842162e-02 5.7959614e-07
286 0.50 4.308500267134e-02 1.0175200e-06
287 0.50 4.252217996036e-02 6.2077822e-07
288 0.50 4.210930353783e-02 7.6558622e-07
289 0.50 4.327517854701e-02 4.3528012e-07
290 0.50 4.384297002090e-02 1.6489259e-06
291 0.50 4.319307297198e-02 1.0780416e-06
292 0.50 4.368353200273e-02 9.3232185e-07
293 0.50 4.267384142187e-02 2.4636983e-06
294 0.50 4.298910130590e-02 9.3432494e-07
295 0.50 4.293562121666e-02 1.3461914e-06
296 0.50 4.294457652485e-02 9.4533139e-07
297 0.50 4.275404491577e-02 1.1771779e-06
298 0.50 4.319784365939e-02 1.2098000e-06
299 0.50 4.150191863478e-02 6.9714197e-07
300 0.50 4.182483334087e-02 8.7939642e-07
301 0.50 4.266665429531e-02 5.1897994e-07
302 0.50 4.131927672291e-02 1.4602647e-06
303 0.50 4.282998933262e-02 3.8793448e-06
304 0.50 4.293256246886e-02 7.2736841e-07
305 0.50 4.276998464916e-02 8.9098893e-07
306 0.50 4.314459625450e-02 1.6571915e-06
307 0.50 4.341660512872e-02 1.5317789e-06
308 0.50 4.414087868712e-02 2.1980765e-06
309 0.50 4.273289145642e-02 1.1276336e-06
310 0.50 4.216199625076e-02 6.2961146e-07
311 0.50 4.091284951324e-02 1.1976437e-06
312 0.50 4.288779029807e-02 7.3265182e-07
313 0.50 4.137259323925e-02 1.0564080e-06
314 0.50 4.233449945750e-02 1.2882311e-06
315 0.50 4.280764997109e-02 9.9104111e-07
316 0.50 4.332290416464e-02 4.2012281e-07
317 0.50 4.210194131576e-02 1.5596355e-06
318 0.50 4.342497135290e-02 1.5259238e-06
319 0.50 4.304943448056e-02 1.2790479e-06
320 0.50 4.231210150314e-02 6.2709088e-07
321 0.50 4.261398002454e-02 9.7196247e-07
322 0.50 4.251078537794e-02 1.2487262e-06
323 0.50 4.199431380811e-02 7.5053649e-07
324 0.50 4.299713233624e-02 9.0087294e-07
325 0.50 4.216690682149e-02 4.9273526e-07
326 0.50 4.292125958534e-02 6.1314950e-07
327 0.50 4.337435821301e-02 1.6153601e-06
328 0.50 4.301224315787e-02 1.3982913e-06
329 0.50 4.258039086018e-02 1.5150646e-06
330 0.50 4.428359283758e-02 1.5933641e-06
331 0.50 4.298698542323e-02 1.2945263e-06
332 0.50 4.219664963242e-02 1.1967943e-06
333 0.50 4.135793902677e-02 3.6003433e-07
334 0.50 4.309875031754e-02 1.0724177e-06
335 0.50 4.189264680551e-02 5.6917157e-07
336 0.50 4.339049790458e-02 8.5814069e-07
337 0.50 4.352694896791e-02 1.0528802e-06
338 0.50 4.201250933383e-02 1.1375261e-06
339 0.50 4.224593502664e-02 4.1016805e-07
340 0.50 4.384796290777e-02 1.1355516e-06
341 0.50 4.276811537242e-02 1.8573394e-06
342 0.50 4.243569705442e-02 8.2375487e-07
343 0.50 4.294847830164e-02 1.2737939e-06
344 0.50 4.295156808137e-02 6.5376394e-07
345 0.50 4.318264709190e-02 6.8421382e-07
346 0.50 4.281892117012e-02 8.3076839e-07
347 0.50 4.202810032508e-02 7.7935551e-07
348 0.50 4.203021307036e-02 9.5527792e-07
349 0.50 4.184256005046e-02 6.3991326e-07
350 0.50 4.301464869978e-02 1.7463466e-06
351 0.50 4.342073182221e-02 9.2431688e-07
352 0.50 4.279481794803e-02 1.3276735e-06
353 0.50 4.385033770511e-02 5.9047630e-07
354 0.50 4.289959355911e-02 2.3989476e-06
355 0.50 4.215503803327e-02 7.8866326e-07
356 0.50 4.264565254781e-02 1.3729005e-06
357 0.50 4.206318255220e-02 2.8374533e-07
358 0.50 4.319854439457e-02 1.7591701e-06
359 0.50 4.333582254251e-02 1.0684470e-06
360 0.50 4.339975063762e-02 8.8797605e-07
361 0.50 4.388000481851e-02 2.4488581e-06
362 0.50 4.353385117765e-02 1.9220016e-06
363 0.50 4.311576396376e-02 1.0605877e-06
364 0.50 4.262366229574e-02 7.9366597e-07
365 0.50 4.263266007051e-02 1.6550777e-06
366 0.50 4.164545095211e-02 1.1465853e-06
367 0.50 4.356095580710e-02 1.0542798e-06
368 0.50 4.287912511011e-02 4.5889537e-07
369 0.50 4.337776035055e-02 9.1790523e-07
370 0.50 4.198477437277e-02 1.4547076e-06
371 0.50 4.165942649368e-02 1.2186971e-06
372 0.50 4.174114154269e-02 5.4243278e-07
373 0.50 4.451248513489e-02 6.7126067e-07
374 0.50 4.414698248368e-02 4.9411732e-07
375 0.50 4.211024165186e-02 1.1738108e-06
376 0.50 4.304868604885e-02 1.2483332e-06
377 0.50 4.340633681840e-02 1.6304696e-06
378 0.50 4.301708378065e-02 1.2503556e-06
379 0.50 4.191970027966e-02 1.5296880e-06
380 0.50 4.266782778342e-02 1.4133406e-06
381 0.50 4.312251445919e-02 1.0540063e-06
382 0.50 4.184596301533e-02 1.4521349e-06
383 0.50 4.306862487485e-02 1.2451017e-06
384 0.50 4.229908830571e-02 8.8099710e-07
385 0.50 4.295869183095e-02 1.2632287e-06
386 0.50 4.300623671555e-02 1.4746371e-06
387 0.50 4.193005631441e-02 1.6946773e-06
388 0.50 4.305620792186e-02 2.5552575e-06
389 0.50 4.328914834527e-02 1.4966683e-06
390 0.50 4.212362235772e-02 1.7107626e-06
391 0.50 4.386281865296e-02 1.7477698e-06
392 0.50 4.299779667911e-02 1.7834515e-06
393 0.50 4.354220554571e-02 8.5228639e-07
394 0.50 4.269430963271e-02 1.1426035e-06
395 0.50 4.368143133849e-02 6.4157352e-07
396 0.50 4.176315794970e-02 8.8356768e-07
397 0.50 4.200997472293e-02 1.3084136e-06
398 0.50 4.308561776392e-02 9.2505346e-07
399 0.50 4.308355930523e-02 1.4270234e-06
400 0.50 4.286650840929e-02 4.9708329e-07
401 0.50 4.186799827584e-02 1.3030347e-06
402 0.50 4.323834087277e-02 8.6312149e-07
403 0.50 4.282999631696e-02 3.4616286e-06
404 0.50 4.299237651441e-02 1.3750606e-06
405 0.50 4.206445133488e-02 1.0965662e-06
406 0.50 4.299607610319e-02 7.2619663e-07
407 0.50 4.348448088338e-02 8.7476481e-07
408 0.50 4.238813492703e-02 8.4341341e-07
409 0.50 4.317278844219e-02 3.2733024e-06
410 0.50 4.280131612823e-02 1.2433805e-06
411 0.50 4.259141789114e-02 5.8450896e-07
412 0.50 4.306630863438e-02 1.6984536e-06
413 0.50 4.361229940677e-02 6.3655149e-07
414 0.50 4.340769447702e-02 1.7041689e-06
415 0.50 4.234827300578e-02 5.5494252e-07
416 0.50 4.359090026231e-02 1.2713934e-06
417 0.50 4.366379726159e-02 4.6265772e-06
418 0.50 4.180654550213e-02 5.3507190e-07
419 0.50 4.277066319498e-02 1.9939936e-06
420 0.50 4.401457278282e-02 7.3583240e-07
421 0.50 4.234285427673e-02 7.3595001e-07
422 0.50 4.282685381145e-02 1.2181899e-06
423 0.50 4.447454919268e-02 3.2856653e-06
424 0.50 4.244295460024e-02 3.9575681e-07
425 0.50 4.356193124659e-02 2.1046425e-06
426 0.50 4.362034255847e-02 1.9841290e-06
427 0.50 4.270860639050e-02 1.8104562e-06
428 0.50 4.281987519439e-02 7.3500735e-07
429 0.50 4.331479675232e-02 5.5916160e-07
430 0.50 4.256076504409e-02 1.4872960e-06
431 0.50 4.273983841644e-02 1.4068174e-06
432 0.50 4.337717113571e-02 2.3455044e-06
433 0.50 4.337172102404e-02 9.6340971e-07
434 0.50 4.262650520408e-02 7.0422405e-07
435 0.50 4.357921947270e-02 4.0382055e-07
436 0.50 4.233389727368e-02 2.6044756e-07
437 0.50 4.405081853476e-02 1.7271898e-06
438 0.50 4.302506701605e-02 1.7403412e-06
439 0.50 4.236510531791e-02 1.7370358e-06
440 0.50 4.391908769562e-02 1.0337107e-06
441 0.50 4.149294614358e-02 7.4598011e-07
442 0.50 4.228771191218e-02 1.0117524e-06
443 0.50 4.110873937622e-02 4.6042321e-07
444 0.50 4.282212643726e-02 1.0497179e-06
445 0.50 4.341941820535e-02 6.0516141e-07
446 0.50 4.344080170078e-02 1.1237222e-06
447 0.50 4.180316468526e-02 3.4863347e-07
448 0.50 4.345565790473e-02 7.7768701e-07
449 0.50 4.270970546664e-02 1.2963455e-06
450 0.50 4.267959656862e-02 1.6869585e-06
451 0.50 4.404064331315e-02 1.8542574e-06
452 0.50 4.269236729504e-02 1.5631986e-06
453 0.50 4.350491903693e-02 1.4949767e-06
454 0.50 4.187809939437e-02 4.3533336e-07
455 0.50 4.312707059663e-02 4.2310038e-07
456 0.50 4.218794879905e-02 2.5330774e-06
457 0.50 4.273573287688e-02 2.8261932e-06
458 0.50 4.284793633193e-02 8.0988928e-07
459 0.50 4.281688853394e-02 1.8282871e-06
460 0.50 4.342168770665e-02 8.3825851e-07
461 0.50 4.282388714962e-02 5.2214231e-07
462 0.50 4.208381431296e-02 8.2881187e-07
463 0.50 4.244040922026e-02 1.5308235e-06
464 0.50 4.400083599506e-02 1.3735727e-06
465 0.50 4.363880871052e-02 1.4014841e-06
466 0.50 4.163997956196e-02 4.5895543e-07
467 0.50 4.286262167752e-02 1.3782867e-06
468 0.50 4.220016402729e-02 5.6501468e-07
469 0.50 4.284833080064e-02 1.2348224e-06
470 0.50 4.347416841823e-02 2.0548290e-06
471 0.50 4.224941928601e-02 1.2001382e-06
472 0.50 4.289282982768e-02 4.2066655e-07
473 0.50 4.275831977635e-02 8.7228638e-07
474 0.50 4.304200969519e-02 2.1767430e-06
475 0.50 4.247126412188e-02 1.0722434e-06
476 0.50 4.277629788523e-02 1.6246349e-06
477 0.50 4.316980715157e-02 1.8598369e-06
478 0.50 4.285795259803e-02 1.3246737e-06
479 0.50 4.229408323150e-02 9.9050622e-07
480 0.50 4.349515680052e-02 1.7529625e-06
481 0.50 4.201725111364e-02 6.5282468e-07
482 0.50 4.355840035513e-02 1.0830812e-06
483 0.50 4.327262876886e-02 1.3106792e-06
484 0.50 4.199138038692e-02 4.3164054e-07
485 0.50 4.176569792961e-02 1.4141778e-06
486 0.50 4.241370639198e-02 5.1843978e-07
487 0.50 4.325984387533e-02 8.1753176e-07
488 0.50 4.227421427900e-02 8.0816299e-07
489 0.50 4.245865122330e-02 4.7438821e-07
490 0.50 4.322801700956e-02 6.6731004e-07
491 0.50 4.380072840319e-02 7.0785687e-07
492 0.50 4.376041856614e-02 1.0297477e-06
493 0.50 4.311405060918e-02 1.1386154e-06
494 0.50 4.217177177713e-02 6.7030695e-07
495 0.50 4.331779860884e-02 1.7680405e-06
496 0.50 4.367004654574e-02 9.3169610e-07
497 0.50 4.361557770991e-02 1.2102640e-06
498 0.50 4.220674314937e-02 1.1182464e-06
499 0.50 4.175320391792e-02 2.1041550e-06
500 0.50 4.361840434588e-02 2.2999431e-06
1 0.75 4.28869e-02 6.41438e-06
2 0.75 4.26430e-02 8.70829e-06
3 0.75 4.16502e-02 3.53749e-06
4 0.75 4.32339e-02 1.09530e-05
5 0.75 4.08024e-02 4.32092e-06
6 0.75 4.36192e-02 8.27611e-06
7 0.75 4.23266e-02 3.51651e-06
8 0.75 4.23855e-02 2.34444e-06
9 0.75 4.29375e-02 6.49263e-06
10 0.75 4.26184e-02 1.25324e-05
11 0.75 4.36692e-02 6.38768e-06
12 0.75 4.38472e-02 5.90882e-06
13 0.75 4.24967e-02 1.00991e-05
14 0.75 4.29176e-02 8.33468e-06
15 0.75 4.16265e-02 1.10046e-05
16 0.75 4.24540e-02 8.33600e-06
17 0.75 4.23954e-02 6.13496e-06
18 0.75 4.16260e-02 6.29216e-06
19 0.75 4.22273e-02 6.24632e-06
20 0.75 4.23226e-02 7.27216e-06
21 0.75 4.19939e-02 4.85246e-06
22 0.75 4.17143e-02 4.24428e-06
23 0.75 4.17091e-02 4.93899e-06
24 0.75 4.30207e-02 5.64572e-06
25 0.75 4.28963e-02 5.34864e-06
26 0.75 4.21750e-02 3.32754e-06
27 0.75 4.12686e-02 4.44131e-06
28 0.75 4.23818e-02 4.26879e-06
29 0.75 4.32782e-02 9.62324e-06
30 0.75 4.23706e-02 3.88724e-06
31 0.75 4.17137e-02 4.95488e-06
32 0.75 4.19090e-02 4.96890e-06
33 0.75 4.15745e-02 6.30272e-06
34 0.75 4.23824e-02 4.00462e-06
35 0.75 4.30907e-02 6.15234e-06
36 0.75 4.32635e-02 5.24770e-06
37 0.75 4.15921e-02 3.71265e-06
38 0.75 4.23434e-02 5.44220e-06
39 0.75 4.28736e-02 7.82556e-06
40 0.75 4.32132e-02 6.14730e-06
41 0.75 4.21623e-02 6.11345e-06
42 0.75 4.20531e-02 5.59792e-06
43 0.75 4.18846e-02 5.59378e-06
44 0.75 4.24191e-02 4.48584e-06
45 0.75 4.24621e-02 9.41051e-06
46 0.75 4.23314e-02 7.54796e-06
47 0.75 4.27030e-02 9.33046e-06
48 0.75 4.12323e-02 3.47037e-06
49 0.75 4.28331e-02 6.72003e-06
50 0.75 4.27155e-02 4.31065e-06
51 0.75 4.25462e-02 4.22877e-06
52 0.75 4.16550e-02 7.38095e-06
53 0.75 4.31062e-02 6.90767e-06
54 0.75 4.28503e-02 6.53781e-06
55 0.75 4.24411e-02 5.83337e-06
56 0.75 4.24101e-02 7.74991e-06
57 0.75 4.24689e-02 8.03353e-06
58 0.75 4.28567e-02 1.33264e-05
59 0.75 4.20862e-02 5.05251e-06
60 0.75 4.31547e-02 4.67686e-06
61 0.75 4.14949e-02 3.88538e-06
62 0.75 4.28074e-02 6.39841e-06
63 0.75 4.26782e-02 4.75007e-06
64 0.75 4.26476e-02 4.10811e-06
65 0.75 4.25464e-02 4.98262e-06
66 0.75 4.18050e-02 5.72750e-06
67 0.75 4.22762e-02 6.32824e-06
68 0.75 4.24835e-02 3.62080e-06
69 0.75 4.33892e-02 1.42708e-05
70 0.75 4.23798e-02 5.77952e-06
71 0.75 4.32471e-02 8.16095e-06
72 0.75 4.11674e-02 4.67534e-06
73 0.75 4.39027e-02 5.96063e-06
74 0.75 4.32926e-02 4.46845e-06
75 0.75 4.17415e-02 4.32210e-06
76 0.75 4.32204e-02 8.01840e-06
77 0.75 4.18612e-02 3.58068e-06
78 0.75 4.29678e-02 6.13646e-06
79 0.75 4.24096e-02 6.78917e-06
80 0.75 4.39263e-02 9.13554e-06
81 0.75 4.29042e-02 1.02240e-05
82 0.75 4.16722e-02 5.20452e-06
83 0.75 4.13450e-02 6.69751e-06
84 0.75 4.25368e-02 7.33523e-06
85 0.75 4.31717e-02 1.27533e-05
86 0.75 4.26071e-02 3.47147e-06
87 0.75 4.17462e-02 7.35636e-06
88 0.75 4.21934e-02 6.93293e-06
89 0.75 4.24371e-02 8.86505e-06
90 0.75 4.15779e-02 5.27460e-06
91 0.75 4.24568e-02 5.62230e-06
92 0.75 4.28099e-02 6.36946e-06
93 0.75 4.21817e-02 4.25923e-06
94 0.75 4.25750e-02 4.56891e-06
95 0.75 4.24047e-02 4.32764e-06
96 0.75 4.26290e-02 6.13318e-06
97 0.75 4.29739e-02 1.17433e-05
98 0.75 4.14400e-02 3.49277e-06
99 0.75 4.19035e-02 7.08202e-06
100 0.75 4.27681e-02 6.13861e-06
101 0.75 4.243202966969e-02 3.6549256e-06
102 0.75 4.245379633171e-02 1.3418632e-06
103 0.75 4.406107947471e-02 3.5939964e-06
104 0.75 4.305618530889e-02 9.2471372e-07
105 0.75 4.267189568482e-02 1.3647492e-06
106 0.75 4.209069823153e-02 1.1676018e-06
107 0.75 4.256637298422e-02 1.6570228e-06
108 0.75 4.234652898126e-02 1.0671449e-06
109 0.75 4.308190208528e-02 1.6174924e-06
110 0.75 4.247421504798e-02 8.7960124e-07
111 0.75 4.335604668544e-02 1.3295634e-06
112 0.75 4.245765096698e-02 2.0065212e-06
113 0.75 4.356143624520e-02 9.6478132e-07
114 0.75 4.248688729972e-02 1.4440582e-06
115 0.75 4.141149676598e-02 5.3755058e-07
116 0.75 4.413810844201e-02 1.1068300e-06
117 0.75 4.243714701957e-02 1.2298539e-06
118 0.75 4.288717932251e-02 2.9760769e-07
119 0.75 4.278360262575e-02 1.0310060e-06
120 0.75 4.333566134992e-02 1.3840958e-06
121 0.75 4.302593384594e-02 5.6396973e-07
122 0.75 4.246605537151e-02 1.9420017e-07
123 0.75 4.198286558435e-02 1.6907921e-06
124 0.75 4.228579496169e-02 1.1528057e-06
125 0.75 4.244500171777e-02 1.0671581e-06
126 0.75 4.256301215728e-02 1.3788790e-06
127 0.75 4.175889287743e-02 8.8540664e-07
128 0.75 4.223921803719e-02 1.0774540e-06
129 0.75 4.192568463601e-02 4.3865479e-07
130 0.75 4.220859948073e-02 1.0546353e-06
131 0.75 4.391000240859e-02 2.9224836e-06
132 0.75 4.231668346157e-02 1.3076684e-06
133 0.75 4.171654401121e-02 5.9450842e-07
134 0.75 4.323926294756e-02 1.5700231e-06
135 0.75 4.248641385406e-02 9.9755277e-07
136 0.75 4.319269655472e-02 1.2879137e-06
137 0.75 4.154144700375e-02 3.8707894e-07
138 0.75 4.218048886005e-02 7.0160778e-07
139 0.75 4.195870295505e-02 7.5353806e-07
140 0.75 4.299954956224e-02 1.3957621e-06
141 0.75 4.454020462091e-02 1.7023862e-06
142 0.75 4.252330513907e-02 1.3962432e-06
143 0.75 4.336302942684e-02 1.3664084e-06
144 0.75 4.214270843160e-02 9.5041783e-07
145 0.75 4.244727976817e-02 1.3529224e-06
146 0.75 4.205982992024e-02 7.9325137e-07
147 0.75 4.310654619107e-02 6.3274922e-07
148 0.75 4.332003821202e-02 8.9557114e-07
149 0.75 4.248879433742e-02 3.5486264e-07
150 0.75 4.291871202032e-02 4.9013628e-07
151 0.75 4.312379411844e-02 1.8955787e-06
152 0.75 4.226480624018e-02 1.6601598e-06
153 0.75 4.258167305766e-02 2.0757221e-06
154 0.75 4.296421059091e-02 1.3153181e-06
155 0.75 4.283572254750e-02 8.0155796e-07
156 0.75 4.281813921423e-02 5.4482108e-07
157 0.75 4.160879001702e-02 9.3079949e-07
158 0.75 4.257173938064e-02 1.0850739e-06
159 0.75 4.196244163976e-02 2.4292238e-06
160 0.75 4.171957582207e-02 4.1388083e-07
161 0.75 4.317926743412e-02 1.8901495e-06
162 0.75 4.338218145213e-02 5.2008790e-06
163 0.75 4.407015105169e-02 1.4659694e-06
164 0.75 4.162385485713e-02 1.4467314e-06
165 0.75 4.319617424682e-02 9.8163968e-07
166 0.75 4.231446841458e-02 1.5469653e-06
167 0.75 4.203674769263e-02 2.4024246e-06
168 0.75 4.313624580263e-02 1.9799548e-06
169 0.75 4.219593792683e-02 1.7483157e-06
170 0.75 4.233207444654e-02 1.7150675e-06
171 0.75 4.215372789589e-02 1.2838002e-06
172 0.75 4.235938285356e-02 1.2220961e-06
173 0.75 4.344639568661e-02 1.5161668e-06
174 0.75 4.181702661713e-02 5.1596328e-07
175 0.75 4.109572790705e-02 1.3124666e-06
176 0.75 4.225865987226e-02 1.5811880e-06
177 0.75 4.236844185968e-02 1.7194231e-06
178 0.75 4.282085464113e-02 5.8126561e-07
179 0.75 4.331666915308e-02 1.7316550e-06
180 0.75 4.355633797567e-02 8.2029709e-07
181 0.75 4.225938636684e-02 1.0793050e-06
182 0.75 4.292428496300e-02 4.1971325e-07
183 0.75 4.219855838624e-02 3.9277039e-07
184 0.75 4.198302004516e-02 9.6252403e-07
185 0.75 4.263762721495e-02 1.6203183e-06
186 0.75 4.230780269464e-02 8.2916919e-07
187 0.75 4.276036740798e-02 1.6526169e-06
188 0.75 4.202472974894e-02 1.0110729e-06
189 0.75 4.379552470261e-02 1.6180612e-06
190 0.75 4.193044884043e-02 2.0549826e-07
191 0.75 4.285352348383e-02 6.4685103e-07
192 0.75 4.160908781851e-02 9.6526442e-07
193 0.75 4.309195044630e-02 7.3024629e-07
194 0.75 4.234968795239e-02 1.3254080e-06
195 0.75 4.220617390301e-02 1.4423014e-06
196 0.75 4.212843209870e-02 7.9996614e-07
197 0.75 4.211829612009e-02 1.0249920e-06
198 0.75 4.360438783121e-02 1.0372413e-06
199 0.75 4.272593773738e-02 9.0387063e-07
200 0.75 4.158629736399e-02 8.1355317e-07
201 0.75 4.313333172914e-02 2.2675649e-06
202 0.75 4.347387548060e-02 3.3940796e-06
203 0.75 4.292378940946e-02 1.5121055e-06
204 0.75 4.294256665584e-02 7.5369108e-07
205 0.75 4.260765412950e-02 1.1175804e-06
206 0.75 4.278773548363e-02 1.3829222e-06
207 0.75 4.360087295679e-02 3.0291158e-06
208 0.75 4.320582106546e-02 6.0012560e-07
209 0.75 4.372530219944e-02 2.4418621e-06
210 0.75 4.304392622770e-02 5.2993608e-07
211 0.75 4.212026553061e-02 1.0558956e-06
212 0.75 4.280911158851e-02 1.7692199e-06
213 0.75 4.237785461894e-02 8.2262177e-07
214 0.75 4.178481524862e-02 1.0434267e-06
215 0.75 4.291917715750e-02 1.2814780e-06
216 0.75 4.388999123918e-02 1.8167072e-06
217 0.75 4.202395815933e-02 6.3014735e-07
218 0.75 4.204351356500e-02 7.2595703e-07
219 0.75 4.288945373254e-02 7.0983622e-07
220 0.75 4.201328835039e-02 1.1372203e-06
221 0.75 4.413223422497e-02 1.6315943e-06
222 0.75 4.205158321381e-02 1.0906796e-06
223 0.75 4.258121070371e-02 2.5013159e-06
224 0.75 4.238771232535e-02 1.1074809e-06
225 0.75 4.163645221593e-02 6.9591187e-07
226 0.75 4.349574448536e-02 2.5671050e-06
227 0.75 4.253373000386e-02 7.9976973e-07
228 0.75 4.259812327809e-02 1.5556098e-06
229 0.75 4.300538900274e-02 1.6720726e-06
230 0.75 4.225542130830e-02 1.6602662e-06
231 0.75 4.252715976857e-02 5.5840506e-07
232 0.75 4.258767222108e-02 7.0166456e-07
233 0.75 4.219446878188e-02 3.7017240e-07
234 0.75 4.313963459716e-02 2.2832832e-06
235 0.75 4.300872641281e-02 8.3844404e-07
236 0.75 4.215661647826e-02 1.5241051e-06
237 0.75 4.172992836360e-02 6.2702185e-07
238 0.75 4.393019614336e-02 1.6356744e-06
239 0.75 4.309489210697e-02 2.8193845e-07
240 0.75 4.361862169003e-02 1.0057476e-06
241 0.75 4.223267584762e-02 1.8780937e-06
242 0.75 4.152629272296e-02 1.9506750e-06
243 0.75 4.281326036202e-02 1.8345783e-06
244 0.75 4.323539936149e-02 1.2849166e-06
245 0.75 4.205174445885e-02 1.1875754e-06
246 0.75 4.134856892560e-02 9.5196684e-07
247 0.75 4.284693110922e-02 1.0060596e-06
248 0.75 4.226322831582e-02 2.2704682e-06
249 0.75 4.204248899845e-02 1.7684959e-06
250 0.75 4.241236966525e-02 5.5315446e-07
251 0.75 4.239161021815e-02 1.4370225e-06
252 0.75 4.321172132644e-02 1.1308678e-06
253 0.75 4.339770381490e-02 1.6391224e-06
254 0.75 4.235670089146e-02 1.8611782e-06
255 0.75 4.202481751600e-02 6.6424028e-07
256 0.75 4.216345255150e-02 1.9874909e-06
257 0.75 4.257634288946e-02 4.0226360e-06
258 0.75 4.185240009786e-02 7.8337988e-07
259 0.75 4.317787199697e-02 1.0553311e-06
260 0.75 4.102238761435e-02 8.9615020e-07
261 0.75 4.445478160529e-02 1.6269495e-06
262 0.75 4.255545827220e-02 4.9988384e-07
263 0.75 4.159909698767e-02 1.0954998e-06
264 0.75 4.185197794263e-02 7.9632701e-07
265 0.75 4.377563944051e-02 1.6160621e-06
266 0.75 4.204728527573e-02 5.9926073e-07
267 0.75 4.296716204686e-02 8.7945012e-07
268 0.75 4.253040393557e-02 2.0481441e-06
269 0.75 4.175259301797e-02 1.2552475e-06
270 0.75 4.304692063648e-02 2.3241474e-06
271 0.75 4.204200473540e-02 1.3542544e-06
272 0.75 4.134886858991e-02 9.6558630e-07
273 0.75 4.254144478398e-02 5.4525182e-07
274 0.75 4.258003606188e-02 1.6499089e-06
275 0.75 4.210230037815e-02 1.3553124e-06
276 0.75 4.246999586148e-02 9.7150249e-07
277 0.75 4.269506774766e-02 6.2111495e-07
278 0.75 4.272983443819e-02 6.7707135e-07
279 0.75 4.096989983948e-02 4.2384534e-07
280 0.75 4.297203482872e-02 1.0079106e-06
281 0.75 4.447351910125e-02 1.5323435e-06
282 0.75 4.218650151947e-02 8.3333972e-07
283 0.75 4.212508090835e-02 1.3837765e-06
284 0.75 4.204103768340e-02 1.8791255e-06
285 0.75 4.270621028900e-02 2.0940743e-06
286 0.75 4.365886178583e-02 3.7658950e-06
287 0.75 4.230302246663e-02 1.5121541e-06
288 0.75 4.295295484194e-02 8.7096359e-07
289 0.75 4.325425989677e-02 8.7839677e-07
290 0.75 4.350514711751e-02 4.7133411e-07
291 0.75 4.325030572389e-02 2.8788268e-06
292 0.75 4.237919632699e-02 1.0037273e-06
293 0.75 4.231073038197e-02 3.4966867e-06
294 0.75 4.240726837105e-02 4.1681853e-07
295 0.75 4.323831634288e-02 1.0895701e-06
296 0.75 4.341022875601e-02 1.1482845e-06
297 0.75 4.286470380099e-02 1.5545802e-06
298 0.75 4.374757081983e-02 7.6943937e-07
299 0.75 4.152736545380e-02 2.5054466e-07
300 0.75 4.152000904529e-02 7.1814111e-07
301 0.75 4.250850452128e-02 2.9402083e-06
302 0.75 4.124636692089e-02 9.8602233e-07
303 0.75 4.244789438961e-02 8.2437590e-07
304 0.75 4.261732697818e-02 2.0677192e-06
305 0.75 4.315867186579e-02 1.0691487e-06
306 0.75 4.295591855301e-02 1.5086059e-06
307 0.75 4.268442411901e-02 6.1313692e-07
308 0.75 4.359327928806e-02 1.6736851e-06
309 0.75 4.231123030089e-02 8.8782732e-07
310 0.75 4.218616747020e-02 1.6969004e-06
311 0.75 4.137651478823e-02 2.5295867e-06
312 0.75 4.162686988366e-02 6.9933842e-07
313 0.75 4.132156907748e-02 9.2904927e-07
314 0.75 4.287339361347e-02 2.4276147e-06
315 0.75 4.263740108302e-02 1.1977063e-06
316 0.75 4.332791625442e-02 1.8289691e-06
317 0.75 4.212911433032e-02 2.8196157e-06
318 0.75 4.239657536229e-02 6.2919853e-07
319 0.75 4.284722487103e-02 3.1981983e-06
320 0.75 4.194818319583e-02 1.7468360e-06
321 0.75 4.271053890359e-02 3.6523075e-06
322 0.75 4.195043529189e-02 1.1664373e-06
323 0.75 4.196657189116e-02 1.2308341e-06
324 0.75 4.274557590353e-02 4.3732184e-07
325 0.75 4.233027997231e-02 8.4817841e-07
326 0.75 4.170503304737e-02 9.4367856e-07
327 0.75 4.370950098252e-02 1.6833257e-06
328 0.75 4.228056713030e-02 7.4091285e-07
329 0.75 4.235982352141e-02 1.4897538e-06
330 0.75 4.324504277058e-02 1.0444440e-06
331 0.75 4.329751487747e-02 1.9311563e-06
332 0.75 4.300679764712e-02 1.0752149e-06
333 0.75 4.241802794224e-02 1.2602544e-06
334 0.75 4.285134626138e-02 2.4565870e-06
335 0.75 4.239254546116e-02 1.9737218e-06
336 0.75 4.278388959255e-02 6.2293348e-07
337 0.75 4.295344995327e-02 1.1325478e-06
338 0.75 4.135599052387e-02 3.8945579e-07
339 0.75 4.289429013497e-02 9.4013660e-07
340 0.75 4.310530271999e-02 1.2977767e-06
341 0.75 4.269244394748e-02 1.5993378e-06
342 0.75 4.232061882072e-02 1.0060304e-06
343 0.75 4.287368947469e-02 1.2477794e-06
344 0.75 4.326959294246e-02 1.9911605e-06
345 0.75 4.273529029309e-02 1.5381982e-06
346 0.75 4.296796543022e-02 7.9529292e-07
347 0.75 4.230480441692e-02 1.6508194e-06
348 0.75 4.265816204066e-02 2.5930389e-06
349 0.75 4.210723711471e-02 2.5501246e-06
350 0.75 4.281073540476e-02 1.3602457e-06
351 0.75 4.301921300259e-02 6.8805203e-07
352 0.75 4.235843966321e-02 8.2007404e-07
353 0.75 4.276184532801e-02 6.5608834e-07
354 0.75 4.234843819216e-02 9.2394442e-07
355 0.75 4.255391901454e-02 1.3473059e-06
356 0.75 4.261288762343e-02 1.3873941e-06
357 0.75 4.261253826254e-02 1.2019364e-06
358 0.75 4.261994144553e-02 1.5580915e-06
359 0.75 4.291453642827e-02 1.4744880e-06
360 0.75 4.295023031565e-02 1.2353979e-06
361 0.75 4.258254568244e-02 1.3927095e-06
362 0.75 4.328499111875e-02 6.4319502e-07
363 0.75 4.254738082218e-02 1.3777752e-06
364 0.75 4.275999978114e-02 2.3014598e-06
365 0.75 4.281307282105e-02 2.9043356e-07
366 0.75 4.178159715228e-02 8.6460171e-07
367 0.75 4.307801565877e-02 6.3191469e-07
368 0.75 4.240042235904e-02 9.4787640e-07
369 0.75 4.262441952705e-02 2.2082409e-06
370 0.75 4.171473357789e-02 2.3285636e-06
371 0.75 4.133039760049e-02 4.5560567e-07
372 0.75 4.178837530975e-02 2.5199265e-07
373 0.75 4.334322680528e-02 1.6843971e-06
374 0.75 4.426368817598e-02 1.6318223e-06
375 0.75 4.215720235429e-02 9.5934737e-07
376 0.75 4.293215455050e-02 1.6936813e-06
377 0.75 4.371144174713e-02 9.9994616e-07
378 0.75 4.234981560070e-02 1.0649700e-06
379 0.75 4.203452546239e-02 5.2276970e-07
380 0.75 4.241376494669e-02 1.1242603e-06
381 0.75 4.302049620304e-02 1.7557495e-06
382 0.75 4.266926393916e-02 3.7077557e-06
383 0.75 4.345740949534e-02 1.9753404e-06
384 0.75 4.243401745093e-02 2.7642187e-06
385 0.75 4.309786249094e-02 8.5875950e-07
386 0.75 4.277946508303e-02 9.0484212e-07
387 0.75 4.251159967364e-02 1.6149516e-06
388 0.75 4.270764088339e-02 7.6795678e-07
389 0.75 4.286767684421e-02 9.6015161e-07
390 0.75 4.184258610761e-02 1.1310896e-06
391 0.75 4.355361221645e-02 1.9769289e-06
392 0.75 4.229121298467e-02 6.3680876e-07
393 0.75 4.341650372020e-02 9.9037880e-07
394 0.75 4.354095189936e-02 3.2867764e-06
395 0.75 4.316511229721e-02 1.8736273e-06
396 0.75 4.200759971716e-02 2.4886486e-06
397 0.75 4.189471396420e-02 3.1753722e-06
398 0.75 4.301731980907e-02 6.8495534e-07
399 0.75 4.276206540909e-02 2.3315887e-06
400 0.75 4.232714526679e-02 1.3258646e-06
401 0.75 4.171007413948e-02 1.1913525e-06
402 0.75 4.312410255903e-02 5.7616375e-07
403 0.75 4.266068088396e-02 5.7399940e-07
404 0.75 4.307835467243e-02 1.9395729e-06
405 0.75 4.280047384784e-02 7.6333745e-07
406 0.75 4.329489081682e-02 2.0903173e-06
407 0.75 4.324821936297e-02 1.2766488e-06
408 0.75 4.318109149160e-02 3.8731098e-07
409 0.75 4.291434597116e-02 7.9722451e-07
410 0.75 4.187585780035e-02 7.3720220e-07
411 0.75 4.291783264503e-02 1.5815032e-06
412 0.75 4.277218108385e-02 1.0112505e-06
413 0.75 4.346181653377e-02 1.0628285e-06
414 0.75 4.317993608201e-02 7.1691417e-07
415 0.75 4.253958335272e-02 1.5251994e-06
416 0.75 4.385609292326e-02 1.5240781e-06
417 0.75 4.282488245990e-02 2.5236612e-06
418 0.75 4.154062850479e-02 1.5664474e-06
419 0.75 4.188052259136e-02 2.1506241e-06
420 0.75 4.349094051873e-02 1.1311894e-06
421 0.75 4.221488486182e-02 1.1808405e-06
422 0.75 4.327978935894e-02 2.4044195e-06
423 0.75 4.316382006889e-02 2.1176494e-06
424 0.75 4.207337186000e-02 4.2283860e-07
425 0.75 4.306264903103e-02 1.8559051e-06
426 0.75 4.345163615178e-02 9.6057839e-07
427 0.75 4.216156411436e-02 8.8440717e-07
428 0.75 4.324167171399e-02 7.9276161e-07
429 0.75 4.375062119701e-02 2.1720938e-06
430 0.75 4.154315035692e-02 2.8079737e-07
431 0.75 4.312309934031e-02 1.1344907e-06
432 0.75 4.253606402151e-02 8.9523708e-07
433 0.75 4.260560113857e-02 1.4500715e-06
434 0.75 4.268484104902e-02 2.3013073e-06
435 0.75 4.276628159475e-02 1.1991077e-06
436 0.75 4.233417428809e-02 2.0428602e-06
437 0.75 4.338786374549e-02 1.0502870e-06
438 0.75 4.259341854502e-02 3.7538484e-07
439 0.75 4.168152927716e-02 5.5726805e-07
440 0.75 4.392544176702e-02 1.1781045e-06
441 0.75 4.208548981553e-02 1.0123929e-06
442 0.75 4.243493627983e-02 8.1989983e-07
443 0.75 4.118104264528e-02 1.5848889e-06
444 0.75 4.260503451064e-02 3.2456438e-07
445 0.75 4.306114519262e-02 4.7314843e-07
446 0.75 4.303713144379e-02 9.9619400e-07
447 0.75 4.188234907437e-02 7.4927988e-07
448 0.75 4.355778096997e-02 2.6380041e-06
449 0.75 4.245500098746e-02 7.8110150e-07
450 0.75 4.239199848751e-02 2.0500819e-06
451 0.75 4.350349183266e-02 3.8848605e-06
452 0.75 4.141618467722e-02 7.7450783e-07
453 0.75 4.274369800902e-02 1.1317959e-06
454 0.75 4.150852021596e-02 4.0904140e-07
455 0.75 4.322896116281e-02 5.0644970e-07
456 0.75 4.186817698905e-02 2.0750566e-06
457 0.75 4.200907945161e-02 1.0414980e-06
458 0.75 4.261037097619e-02 9.2580424e-07
459 0.75 4.293603577443e-02 1.2567294e-06
460 0.75 4.223573829046e-02 1.7301813e-06
461 0.75 4.231151004791e-02 1.8777519e-06
462 0.75 4.220228611689e-02 9.2924568e-07
463 0.75 4.213890033241e-02 1.4072294e-06
464 0.75 4.412324237155e-02 2.7380623e-06
465 0.75 4.371674652170e-02 2.3602077e-06
466 0.75 4.180615677711e-02 7.1834620e-07
467 0.75 4.233675175492e-02 7.5111198e-07
468 0.75 4.182995443454e-02 2.7021213e-07
469 0.75 4.270804232478e-02 1.4188383e-06
470 0.75 4.348069354220e-02 1.3913456e-06
471 0.75 4.231515443799e-02 1.7141801e-06
472 0.75 4.221651247658e-02 1.4629893e-06
473 0.75 4.258153648459e-02 7.4966869e-07
474 0.75 4.265163532365e-02 1.4589015e-06
475 0.75 4.223265302454e-02 8.5815110e-07
476 0.75 4.208806086022e-02 1.0169045e-06
477 0.75 4.226490866646e-02 7.9516632e-07
478 0.75 4.270425461199e-02 2.1124990e-06
479 0.75 4.232902583057e-02 8.5676713e-07
480 0.75 4.398067957139e-02 1.9957150e-06
481 0.75 4.161311044601e-02 7.3304277e-07
482 0.75 4.458048587310e-02 6.7206493e-07
483 0.75 4.208441416275e-02 1.4022094e-06
484 0.75 4.195823745970e-02 1.5197413e-06
485 0.75 4.285427086998e-02 1.1216759e-06
486 0.75 4.324151074452e-02 1.2000994e-06
487 0.75 4.391445075686e-02 1.2944789e-06
488 0.75 4.275377350003e-02 2.2908612e-06
489 0.75 4.218500070755e-02 1.4163091e-06
490 0.75 4.279368728270e-02 1.2750860e-06
491 0.75 4.259486756050e-02 1.1801775e-06
492 0.75 4.365766477756e-02 1.3305748e-06
493 0.75 4.293707994690e-02 1.1576475e-06
494 0.75 4.228798564532e-02 2.6332171e-06
495 0.75 4.237034297087e-02 1.5782613e-06
496 0.75 4.366975562966e-02 6.0883803e-07
497 0.75 4.405658476951e-02 1.3301677e-06
498 0.75 4.208127957015e-02 5.3214337e-07
499 0.75 4.135751472621e-02 9.8887797e-07
500 0.75 4.358113544475e-02 1.5877249e-06
1 1.00 4.21494e-02 5.52323e-06
2 1.00 4.18237e-02 5.84737e-06
3 1.00 4.18839e-02 3.46965e-06
4 1.00 4.19764e-02 4.18000e-06
5 1.00 4.12619e-02 5.22090e-06
6 1.00 4.26871e-02 5.23908e-06
7 1.00 4.22457e-02 7.87616e-06
8 1.00 4.31866e-02 1.51883e-05
9 1.00 4.30414e-02 5.48699e-06
10 1.00 4.23247e-02 6.43980e-06
11 1.00 4.27852e-02 9.00645e-06
12 1.00 4.31752e-02 4.32851e-06
13 1.00 4.19197e-02 6.59552e-06
14 1.00 4.20617e-02 1.15179e-05
15 1.00 4.11500e-02 5.22820e-06
16 1.00 4.26282e-02 7.71861e-06
17 1.00 4.16873e-02 6.54851e-06
18 1.00 4.11733e-02 4.41357e-06
19 1.00 4.21402e-02 6.60105e-06
20 1.00 4.20069e-02 4.94920e-06
21 1.00 4.19199e-02 8.18433e-06
22 1.00 4.18559e-02 6.81483e-06
23 1.00 4.15789e-02 6.30160e-06
24 1.00 4.24932e-02 7.54974e-06
25 1.00 4.20551e-02 5.96002e-06
26 1.00 4.21379e-02 3.85279e-06
27 1.00 4.15175e-02 4.19812e-06
28 1.00 4.23342e-02 4.47666e-06
29 1.00 4.25543e-02 6.25209e-06
30 1.00 4.20789e-02 4.31731e-06
31 1.00 4.15259e-02 4.70697e-06
32 1.00 4.18062e-02 4.29393e-06
33 1.00 4.18599e-02 3.34799e-06
34 1.00 4.30781e-02 7.11922e-06
35 1.00 4.31601e-02 7.04626e-06
36 1.00 4.40602e-02 1.36107e-05
37 1.00 4.13192e-02 8.64322e-06
38 1.00 4.23059e-02 5.94953e-06
39 1.00 4.20570e-02 4.91647e-06
40 1.00 4.25992e-02 5.27768e-06
41 1.00 4.23955e-02 9.84319e-06
42 1.00 4.19334e-02 9.02645e-06
43 1.00 4.17187e-02 5.89654e-06
44 1.00 4.24957e-02 8.09315e-06
45 1.00 4.15711e-02 4.50621e-06
46 1.00 4.19214e-02 6.47198e-06
47 1.00 4.23007e-02 7.29406e-06
48 1.00 4.16243e-02 7.45718e-06
49 1.00 4.29118e-02 6.71903e-06
50 1.00 4.26463e-02 9.03193e-06
51 1.00 4.18735e-02 3.58819e-06
52 1.00 4.03496e-02 7.79888e-06
53 1.00 4.27122e-02 6.30704e-06
54 1.00 4.28248e-02 5.84791e-06
55 1.00 4.28458e-02 6.67443e-06
56 1.00 4.16174e-02 8.59547e-06
57 1.00 4.17684e-02 5.67714e-06
58 1.00 4.16665e-02 4.59886e-06
59 1.00 4.24443e-02 5.51297e-06
60 1.00 4.28113e-02 5.57925e-06
61 1.00 4.18138e-02 9.76507e-06
62 1.00 4.28460e-02 1.06032e-05
63 1.00 4.22476e-02 3.57606e-06
64 1.00 4.28725e-02 6.55497e-06
65 1.00 4.24499e-02 5.66666e-06
66 1.00 4.24573e-02 8.02189e-06
67 1.00 4.28660e-02 6.43177e-06
68 1.00 4.21380e-02 6.06600e-06
69 1.00 4.23318e-02 6.89702e-06
70 1.00 4.20786e-02 8.49625e-06
71 1.00 4.36107e-02 7.11949e-06
72 1.00 4.19197e-02 6.55385e-06
73 1.00 4.37053e-02 6.85712e-06
74 1.00 4.37452e-02 1.13646e-05
75 1.00 4.19169e-02 4.09204e-06
76 1.00 4.23249e-02 4.90774e-06
77 1.00 4.20338e-02 7.35784e-06
78 1.00 4.18006e-02 4.69475e-06
79 1.00 4.13684e-02 4.70042e-06
80 1.00 4.29748e-02 4.21516e-06
81 1.00 4.24272e-02 5.20787e-06
82 1.00 4.17925e-02 4.80359e-06
83 1.00 4.19259e-02 5.57276e-06
84 1.00 4.17113e-02 3.35177e-06
85 1.00 4.23921e-02 5.20032e-06
86 1.00 4.33369e-02 6.72346e-06
87 1.00 4.20325e-02 5.44949e-06
88 1.00 4.25666e-02 7.18763e-06
89 1.00 4.24240e-02 5.69937e-06
90 1.00 4.15307e-02 7.96211e-06
91 1.00 4.18493e-02 5.95075e-06
92 1.00 4.26994e-02 9.87190e-06
93 1.00 4.21121e-02 5.07300e-06
94 1.00 4.14838e-02 5.07732e-06
95 1.00 4.23574e-02 6.57732e-06
96 1.00 4.17236e-02 3.72977e-06
97 1.00 4.17280e-02 3.51310e-06
98 1.00 4.19863e-02 6.57659e-06
99 1.00 4.17307e-02 4.54641e-06
100 1.00 4.28998e-02 7.31900e-06
101 1.00 4.156791257546e-02 9.6360557e-07
102 1.00 4.207299818056e-02 2.0378012e-06
103 1.00 4.344933234746e-02 2.2789499e-06
104 1.00 4.193375327146e-02 6.6757254e-07
105 1.00 4.211932471673e-02 1.5551398e-06
106 1.00 4.205371429652e-02 4.3654022e-07
107 1.00 4.169712150156e-02 1.4649230e-06
108 1.00 4.191916942337e-02 9.4543941e-07
109 1.00 4.308345349334e-02 1.4494857e-06
110 1.00 4.193521014041e-02 5.6656441e-07
111 1.00 4.295629816064e-02 2.0625866e-06
112 1.00 4.196872197145e-02 5.6650232e-07
113 1.00 4.303176921688e-02 1.2835130e-06
114 1.00 4.364965827320e-02 1.7408692e-06
115 1.00 4.120984045569e-02 2.4569950e-07
116 1.00 4.377465757810e-02 2.6632417e-06
117 1.00 4.257231701891e-02 9.3327169e-07
118 1.00 4.279494272671e-02 9.2451671e-07
119 1.00 4.205917327982e-02 1.4300115e-06
120 1.00 4.319082067143e-02 1.3050090e-06
121 1.00 4.273591065778e-02 1.4657750e-06
122 1.00 4.336395564604e-02 9.3920439e-07
123 1.00 4.245010067174e-02 9.1640320e-07
124 1.00 4.257453294727e-02 1.8713081e-06
125 1.00 4.323312956391e-02 6.3729216e-07
126 1.00 4.339199034208e-02 2.1413455e-06
127 1.00 4.160635433282e-02 4.0080595e-07
128 1.00 4.254011932335e-02 5.8458206e-07
129 1.00 4.156641288261e-02 1.7039691e-06
130 1.00 4.169747985294e-02 1.1772522e-06
131 1.00 4.349049644008e-02 2.2975607e-06
132 1.00 4.210666536708e-02 1.5488238e-06
133 1.00 4.329841006614e-02 1.0387903e-06
134 1.00 4.383451924001e-02 5.5536018e-07
135 1.00 4.198663764515e-02 8.7101276e-07
136 1.00 4.243657852332e-02 7.1501609e-07
137 1.00 4.186893727930e-02 5.4275205e-07
138 1.00 4.214063872876e-02 1.3999141e-06
139 1.00 4.247335826001e-02 3.5457340e-07
140 1.00 4.161169810489e-02 7.7221128e-07
141 1.00 4.373178556721e-02 1.0770633e-06
142 1.00 4.313860355133e-02 1.1001328e-06
143 1.00 4.354428383774e-02 2.3121743e-06
144 1.00 4.282548179352e-02 2.8138683e-06
145 1.00 4.330807722678e-02 1.4019284e-06
146 1.00 4.182536906794e-02 1.8679766e-06
147 1.00 4.225089502784e-02 6.5858746e-07
148 1.00 4.195844318043e-02 5.9551492e-07
149 1.00 4.236403055323e-02 1.2982542e-06
150 1.00 4.186569608443e-02 8.0931078e-07
151 1.00 4.267546297483e-02 1.1468659e-06
152 1.00 4.247210519174e-02 7.1757575e-07
153 1.00 4.303925639316e-02 4.3838902e-07
154 1.00 4.303895540519e-02 1.0041816e-06
155 1.00 4.219304127337e-02 1.8577005e-06
156 1.00 4.290937740218e-02 1.4298642e-07
157 1.00 4.125591683735e-02 1.6470476e-06
158 1.00 4.184288794263e-02 9.1824576e-07
159 1.00 4.227585178613e-02 7.1162806e-07
160 1.00 4.196787827122e-02 1.2346506e-06
161 1.00 4.249544375006e-02 6.1850856e-07
162 1.00 4.217299560543e-02 1.5577098e-06
163 1.00 4.358093055603e-02 1.5142691e-06
164 1.00 4.152190719068e-02 9.2305198e-07
165 1.00 4.329703856670e-02 5.8697431e-07
166 1.00 4.198828403680e-02 1.5115192e-06
167 1.00 4.204456594340e-02 1.6397003e-06
168 1.00 4.275866006682e-02 1.6367926e-06
169 1.00 4.271861162072e-02 2.4170061e-06
170 1.00 4.201579003502e-02 1.1501942e-06
171 1.00 4.194772888166e-02 9.6517571e-07
172 1.00 4.223508296669e-02 1.3515684e-06
173 1.00 4.239917345417e-02 1.3971450e-06
174 1.00 4.246382411492e-02 7.5036815e-07
175 1.00 4.092046375324e-02 3.8987625e-07
176 1.00 4.242485267516e-02 1.4578963e-06
177 1.00 4.277392406378e-02 4.8677880e-07
178 1.00 4.255716925649e-02 4.9748612e-07
179 1.00 4.334275931735e-02 1.7350584e-06
180 1.00 4.365859299541e-02 3.0772930e-06
181 1.00 4.227129325797e-02 7.5988953e-07
182 1.00 4.285381611095e-02 2.3953608e-07
183 1.00 4.147927179425e-02 5.9556941e-07
184 1.00 4.163181374058e-02 3.3352779e-07
185 1.00 4.167867120828e-02 1.8331772e-06
186 1.00 4.210253651787e-02 8.6606533e-07
187 1.00 4.182355279537e-02 7.6905802e-07
188 1.00 4.189626266297e-02 1.1628360e-06
189 1.00 4.331523660123e-02 8.4285815e-07
190 1.00 4.226462085740e-02 2.0749075e-06
191 1.00 4.318531847148e-02 1.2847720e-06
192 1.00 4.167103812259e-02 1.2848754e-06
193 1.00 4.238790704530e-02 1.6067433e-06
194 1.00 4.219219854534e-02 7.2486171e-07
195 1.00 4.238709715525e-02 9.3116875e-07
196 1.00 4.273611125988e-02 9.0118304e-07
197 1.00 4.198567668314e-02 5.5383306e-07
198 1.00 4.305527593176e-02 8.5739089e-07
199 1.00 4.275545572546e-02 1.0765724e-06
200 1.00 4.169686936823e-02 1.3391086e-06
201 1.00 4.244682046714e-02 1.8073610e-06
202 1.00 4.278385629986e-02 3.5484125e-07
203 1.00 4.269875808521e-02 1.2734948e-06
204 1.00 4.247690849615e-02 2.7184257e-06
205 1.00 4.262520808488e-02 2.8875356e-06
206 1.00 4.228127257248e-02 1.0102003e-06
207 1.00 4.202554066028e-02 5.3349963e-07
208 1.00 4.211927255719e-02 4.3261978e-07
209 1.00 4.418798184824e-02 2.4669933e-06
210 1.00 4.297472657252e-02 1.9534925e-06
211 1.00 4.221911123965e-02 1.4694155e-06
212 1.00 4.301948984757e-02 1.5880487e-06
213 1.00 4.250713546730e-02 1.0131587e-06
214 1.00 4.157586001937e-02 2.2324231e-06
215 1.00 4.202271026670e-02 1.7691464e-06
216 1.00 4.340576734103e-02 1.7965635e-06
217 1.00 4.155784025357e-02 7.8557833e-07
218 1.00 4.166277485527e-02 1.2189373e-06
219 1.00 4.314704181499e-02 1.3863825e-06
220 1.00 4.204462970436e-02 6.3003602e-07
221 1.00 4.443011706423e-02 9.0484860e-07
222 1.00 4.211655162176e-02 6.3378556e-07
223 1.00 4.198314869691e-02 1.2969850e-06
224 1.00 4.239573549832e-02 1.0606554e-06
225 1.00 4.213806379198e-02 1.5486590e-06
226 1.00 4.313882320375e-02 2.4017145e-06
227 1.00 4.260539376969e-02 1.7977536e-06
228 1.00 4.215486062722e-02 1.4886901e-06
229 1.00 4.309737886794e-02 1.0846310e-06
230 1.00 4.179474765792e-02 8.2134136e-07
231 1.00 4.188678806551e-02 1.2342787e-06
232 1.00 4.264024110332e-02 1.9743336e-06
233 1.00 4.197366206886e-02 2.2493107e-06
234 1.00 4.319041025759e-02 5.5348059e-07
235 1.00 4.205275832169e-02 7.2088889e-07
236 1.00 4.205045791665e-02 1.7844885e-06
237 1.00 4.156927851081e-02 3.7427581e-07
238 1.00 4.391355944350e-02 1.2123142e-06
239 1.00 4.271551408559e-02 3.8577260e-07
240 1.00 4.243021853922e-02 5.7551829e-07
241 1.00 4.172748017714e-02 1.3533907e-06
242 1.00 4.172795292269e-02 1.1895391e-06
243 1.00 4.228193211165e-02 5.5927789e-07
244 1.00 4.309669196179e-02 3.1584736e-06
245 1.00 4.189779127478e-02 1.4093386e-06
246 1.00 4.146221264525e-02 9.1461118e-07
247 1.00 4.377067831153e-02 2.4658643e-07
248 1.00 4.144251196210e-02 6.6129847e-07
249 1.00 4.111056947211e-02 8.7616350e-07
250 1.00 4.182473584558e-02 6.8107333e-07
251 1.00 4.244467009008e-02 1.2332235e-06
252 1.00 4.348564395165e-02 4.6931388e-07
253 1.00 4.362161952971e-02 2.9066225e-06
254 1.00 4.224140888168e-02 8.7580652e-07
255 1.00 4.242711883486e-02 7.0507807e-07
256 1.00 4.197210020875e-02 7.1415362e-07
257 1.00 4.228520057775e-02 8.2501237e-07
258 1.00 4.141479949158e-02 6.3426909e-07
259 1.00 4.320615377882e-02 1.4126273e-06
260 1.00 4.103994335969e-02 1.4545723e-06
261 1.00 4.316630245671e-02 1.7088433e-06
262 1.00 4.317202260660e-02 3.0999993e-07
263 1.00 4.125771775446e-02 6.9434736e-07
264 1.00 4.255936005277e-02 4.3453154e-06
265 1.00 4.339579253010e-02 5.8360933e-07
266 1.00 4.219485722352e-02 1.0695049e-06
267 1.00 4.220656552274e-02 1.8294128e-06
268 1.00 4.172655640443e-02 9.3712733e-07
269 1.00 4.149580237604e-02 9.2817810e-07
270 1.00 4.241376313571e-02 1.4399806e-06
271 1.00 4.241581707192e-02 6.4949595e-07
272 1.00 4.156329902842e-02 1.5186269e-06
273 1.00 4.282138925235e-02 1.0617245e-06
274 1.00 4.293623618757e-02 8.6068564e-07
275 1.00 4.162327322205e-02 8.7485341e-07
276 1.00 4.240363844262e-02 1.1274730e-06
277 1.00 4.261581467406e-02 1.7085056e-06
278 1.00 4.211331926564e-02 1.0410178e-06
279 1.00 4.168304221343e-02 1.1902745e-06
280 1.00 4.236722751820e-02 2.5215814e-07
281 1.00 4.333080765658e-02 1.2268671e-06
282 1.00 4.141549658818e-02 7.8130974e-07
283 1.00 4.199455547193e-02 6.7843538e-07
284 1.00 4.278546470115e-02 1.4671903e-06
285 1.00 4.208771687177e-02 3.9705005e-07
286 1.00 4.274658144534e-02 1.1775764e-06
287 1.00 4.216910793238e-02 7.6567575e-07
288 1.00 4.155164547116e-02 1.3171160e-06
289 1.00 4.287621470124e-02 7.7303899e-07
290 1.00 4.295580702152e-02 6.7179892e-07
291 1.00 4.170785291660e-02 8.6771260e-07
292 1.00 4.315796841277e-02 1.4307249e-06
293 1.00 4.250856517515e-02 1.2041579e-06
294 1.00 4.289654966788e-02 1.5817828e-06
295 1.00 4.272455693045e-02 2.4746660e-06
296 1.00 4.352012470609e-02 7.8936825e-07
297 1.00 4.282722361820e-02 1.2538771e-06
298 1.00 4.279455332041e-02 1.0449763e-06
299 1.00 4.161721882398e-02 4.3563214e-06
300 1.00 4.206703158484e-02 1.1283381e-06
301 1.00 4.175949976472e-02 3.3233591e-07
302 1.00 4.176999528763e-02 2.0934314e-07
303 1.00 4.228135805574e-02 7.1139787e-07
304 1.00 4.203578039253e-02 9.0967923e-07
305 1.00 4.262249393341e-02 7.3063403e-07
306 1.00 4.245057120359e-02 1.1461562e-06
307 1.00 4.284885120787e-02 1.6224273e-06
308 1.00 4.285099123551e-02 1.0883854e-06
309 1.00 4.250765899575e-02 1.9572382e-06
310 1.00 4.230297785388e-02 7.0603861e-07
311 1.00 4.057270116599e-02 1.4572854e-06
312 1.00 4.217278125425e-02 1.1002614e-06
313 1.00 4.145137818774e-02 2.6190052e-06
314 1.00 4.209306036635e-02 5.2059635e-07
315 1.00 4.273934896393e-02 1.3168875e-06
316 1.00 4.324059855638e-02 1.7839690e-06
317 1.00 4.202360498002e-02 1.7869317e-06
318 1.00 4.239756902236e-02 1.0317631e-06
319 1.00 4.322516204940e-02 1.5145919e-06
320 1.00 4.261974227311e-02 1.0264535e-06
321 1.00 4.149612015332e-02 1.1968733e-06
322 1.00 4.181441415293e-02 1.5932377e-06
323 1.00 4.172113978644e-02 2.0528903e-06
324 1.00 4.240512003292e-02 6.9998593e-07
325 1.00 4.238065938152e-02 7.8388073e-07
326 1.00 4.193454648137e-02 3.9547007e-07
327 1.00 4.307832366087e-02 1.2644859e-06
328 1.00 4.233201413196e-02 1.0266620e-06
329 1.00 4.229706054516e-02 9.9311601e-07
330 1.00 4.276902382919e-02 1.3151398e-06
331 1.00 4.312540388753e-02 7.8273086e-07
332 1.00 4.242441651186e-02 7.4912203e-07
333 1.00 4.218342934704e-02 8.0801196e-07
334 1.00 4.252550499731e-02 4.3649874e-07
335 1.00 4.265940598309e-02 1.6483817e-06
336 1.00 4.219555318701e-02 5.7692059e-07
337 1.00 4.342028942721e-02 2.5699618e-06
338 1.00 4.163158953443e-02 1.5530109e-06
339 1.00 4.230875649675e-02 9.1325001e-07
340 1.00 4.270465947861e-02 1.0481470e-06
341 1.00 4.220196495012e-02 1.0978333e-06
342 1.00 4.310138852228e-02 2.1204398e-06
343 1.00 4.236411980069e-02 2.5051159e-06
344 1.00 4.313174347390e-02 9.8773630e-07
345 1.00 4.239520455703e-02 1.0726538e-06
346 1.00 4.246794866431e-02 1.0027404e-06
347 1.00 4.227213717061e-02 1.3540642e-06
348 1.00 4.160919832239e-02 1.4828520e-06
349 1.00 4.222310010304e-02 7.0646997e-07
350 1.00 4.248525689395e-02 1.3980612e-06
351 1.00 4.323576658974e-02 8.0220281e-07
352 1.00 4.303488414013e-02 2.4082112e-06
353 1.00 4.305684921877e-02 1.3190511e-06
354 1.00 4.214095276515e-02 4.3391670e-07
355 1.00 4.177268638314e-02 1.0307204e-06
356 1.00 4.235275944018e-02 3.9878610e-06
357 1.00 4.200174257002e-02 7.3585950e-07
358 1.00 4.295596950043e-02 1.0022191e-06
359 1.00 4.344288501277e-02 2.2829728e-06
360 1.00 4.255487829602e-02 1.2231009e-06
361 1.00 4.290151402901e-02 1.2583177e-06
362 1.00 4.293490226214e-02 5.8654531e-07
363 1.00 4.219790623528e-02 1.1846250e-06
364 1.00 4.209598533458e-02 8.8729815e-07
365 1.00 4.301765640062e-02 2.4738180e-06
366 1.00 4.148247490659e-02 1.2503835e-06
367 1.00 4.283291583688e-02 1.0795011e-06
368 1.00 4.205498387089e-02 5.4676178e-07
369 1.00 4.322995028034e-02 1.2790521e-06
370 1.00 4.168210339771e-02 6.9456970e-07
371 1.00 4.115725691594e-02 4.0492775e-06
372 1.00 4.198680524053e-02 9.1444559e-07
373 1.00 4.345580225956e-02 1.6850154e-06
374 1.00 4.371431886708e-02 1.1087054e-06
375 1.00 4.219472748932e-02 1.3978418e-06
376 1.00 4.262026222587e-02 1.2897704e-06
377 1.00 4.313757561945e-02 8.2870029e-07
378 1.00 4.235079582056e-02 4.6900394e-07
379 1.00 4.147981702525e-02 1.0067904e-06
380 1.00 4.204596335216e-02 1.5578471e-06
381 1.00 4.401557247845e-02 1.3662333e-06
382 1.00 4.166904908823e-02 2.6049340e-06
383 1.00 4.338301746833e-02 8.6097899e-07
384 1.00 4.234596766129e-02 1.3550706e-06
385 1.00 4.274895881921e-02 2.1360548e-07
386 1.00 4.368269143292e-02 6.4715936e-06
387 1.00 4.182582095826e-02 1.2224074e-06
388 1.00 4.242668977943e-02 1.4195162e-06
389 1.00 4.318812832147e-02 3.1387165e-06
390 1.00 4.083281817539e-02 7.8820971e-07
391 1.00 4.341443672099e-02 4.7733266e-07
392 1.00 4.243595767402e-02 2.2230376e-06
393 1.00 4.399279458646e-02 1.1146534e-06
394 1.00 4.264036531535e-02 1.2323073e-06
395 1.00 4.234164711874e-02 1.0877785e-06
396 1.00 4.172733580159e-02 1.3835779e-06
397 1.00 4.147192789719e-02 1.8556233e-06
398 1.00 4.233231564598e-02 5.2186893e-07
399 1.00 4.222416645636e-02 1.5688496e-07
400 1.00 4.279099288508e-02 1.3104172e-06
401 1.00 4.115770670992e-02 5.7472456e-07
402 1.00 4.235456493809e-02 1.2890704e-06
403 1.00 4.310485412869e-02 1.2691311e-06
404 1.00 4.194029497441e-02 3.4940591e-07
405 1.00 4.184795963604e-02 6.0900043e-07
406 1.00 4.274346686900e-02 1.0902007e-06
407 1.00 4.295646014331e-02 2.4445058e-06
408 1.00 4.227663009123e-02 2.8372441e-06
409 1.00 4.300139682923e-02 1.7179604e-06
410 1.00 4.236595722588e-02 2.2428797e-06
411 1.00 4.231879822031e-02 3.2823851e-06
412 1.00 4.239307125299e-02 8.8018344e-07
413 1.00 4.415970296278e-02 9.5922740e-07
414 1.00 4.307063473203e-02 1.0969617e-06
415 1.00 4.166514370428e-02 7.3090233e-07
416 1.00 4.343762811180e-02 1.0683657e-06
417 1.00 4.258544130046e-02 7.0505648e-07
418 1.00 4.106848880069e-02 6.9386153e-07
419 1.00 4.214016832660e-02 4.0152253e-06
420 1.00 4.274045553042e-02 8.2617436e-07
421 1.00 4.184830513279e-02 3.6492341e-07
422 1.00 4.364994753395e-02 2.8332266e-06
423 1.00 4.323214378140e-02 1.6176385e-06
424 1.00 4.198083728688e-02 4.9005070e-07
425 1.00 4.324358112236e-02 1.6067451e-06
426 1.00 4.294540968341e-02 8.7347416e-07
427 1.00 4.201222479024e-02 8.2351172e-07
428 1.00 4.224153025139e-02 6.5488766e-07
429 1.00 4.210303158002e-02 1.0625437e-06
430 1.00 4.238078152091e-02 2.4322681e-06
431 1.00 4.348308694587e-02 1.2823614e-06
432 1.00 4.324641923451e-02 1.1370997e-06
433 1.00 4.202276033160e-02 1.0548519e-06
434 1.00 4.235649189173e-02 5.1570817e-07
435 1.00 4.232589628587e-02 1.6732247e-06
436 1.00 4.193599034153e-02 7.5623103e-07
437 1.00 4.251843048510e-02 4.7932920e-07
438 1.00 4.266865534002e-02 1.3069758e-06
439 1.00 4.172383137865e-02 1.1595752e-06
440 1.00 4.337118165438e-02 4.0104189e-06
441 1.00 4.178501503403e-02 9.9562254e-07
442 1.00 4.278762281562e-02 2.6716867e-06
443 1.00 4.098522714222e-02 7.7917109e-07
444 1.00 4.266443456927e-02 1.1579359e-06
445 1.00 4.313902688988e-02 1.4120162e-06
446 1.00 4.275049021794e-02 2.0247411e-06
447 1.00 4.195501200168e-02 1.8636070e-06
448 1.00 4.321100740896e-02 6.1218204e-07
449 1.00 4.233665228246e-02 1.3074015e-06
450 1.00 4.178520592912e-02 7.0444398e-07
451 1.00 4.347607134995e-02 1.0917740e-06
452 1.00 4.156074349908e-02 1.5647743e-06
453 1.00 4.273207008179e-02 9.7574170e-07
454 1.00 4.177381442523e-02 7.1414370e-07
455 1.00 4.350929912904e-02 6.4729064e-07
456 1.00 4.133490239001e-02 1.1043392e-06
457 1.00 4.224804128327e-02 4.5325192e-07
458 1.00 4.244101864981e-02 7.4449062e-07
459 1.00 4.231656769620e-02 1.3064199e-06
460 1.00 4.224001013760e-02 6.0920408e-07
461 1.00 4.198452545462e-02 4.9375396e-07
462 1.00 4.236038369474e-02 8.4512536e-07
463 1.00 4.222196219168e-02 1.4690281e-06
464 1.00 4.299415652340e-02 2.6332833e-06
465 1.00 4.256977635034e-02 1.2048331e-06
466 1.00 4.135936313684e-02 1.1994088e-06
467 1.00 4.312676477405e-02 1.5059609e-06
468 1.00 4.216457495637e-02 1.3012042e-06
469 1.00 4.226012046556e-02 1.8791937e-06
470 1.00 4.342185935564e-02 2.4885310e-06
471 1.00 4.214610297088e-02 3.6688349e-07
472 1.00 4.177383968507e-02 9.7544184e-07
473 1.00 4.229937248017e-02 2.3694940e-06
474 1.00 4.251058204726e-02 1.3205351e-06
475 1.00 4.186315254124e-02 1.3015347e-06
476 1.00 4.266404714119e-02 4.0801855e-07
477 1.00 4.210402932517e-02 7.0212084e-07
478 1.00 4.183296505278e-02 7.6263309e-07
479 1.00 4.197182819724e-02 1.0792349e-06
480 1.00 4.297443876723e-02 7.0386137e-07
481 1.00 4.223103568465e-02 1.5312437e-06
482 1.00 4.261821924354e-02 1.5090169e-06
483 1.00 4.272148979790e-02 6.1722341e-07
484 1.00 4.086706233675e-02 1.2089883e-06
485 1.00 4.271583492233e-02 1.6180288e-06
486 1.00 4.258574217030e-02 1.3346111e-06
487 1.00 4.225099855274e-02 1.6627142e-06
488 1.00 4.146196890703e-02 1.0824004e-06
489 1.00 4.231475642722e-02 9.5984399e-07
490 1.00 4.276997315149e-02 1.7354941e-06
491 1.00 4.260602216555e-02 1.0704975e-06
492 1.00 4.294203110505e-02 5.8463119e-07
493 1.00 4.257737690222e-02 1.5056928e-06
494 1.00 4.234730460534e-02 1.4536757e-06
495 1.00 4.236697724167e-02 1.9016349e-06
496 1.00 4.416690997567e-02 6.2698727e-07
497 1.00 4.344642162844e-02 2.3775229e-06
498 1.00 4.227921312851e-02 1.9353413e-06
499 1.00 4.138239902265e-02 5.1702853e-07
500 1.00 4.276915492818e-02 1.2192634e-06
