1 -1.00 8.035081615640e-02 4.0268700e-06
3 -1.00 7.798017446676e-02 4.9206196e-06
5 -1.00 7.801834214690e-02 3.5542274e-06
7 -1.00 7.880706308291e-02 4.9701905e-06
9 -1.00 7.811154422883e-02 8.0000780e-07
11 -1.00 7.984539626971e-02 3.8630178e-06
13 -1.00 7.841571516369e-02 3.2584320e-06
15 -1.00 7.929815633260e-02 2.6139522e-06
17 -1.00 7.763451354381e-02 5.0831172e-06
19 -1.00 8.047875869577e-02 7.3963267e-06
21 -1.00 8.026251090793e-02 4.8225006e-06
23 -1.00 8.128596173980e-02 3.4562775e-06
25 -1.00 7.874355000338e-02 2.6639562e-06
27 -1.00 7.468683081145e-02 7.9067942e-06
29 -1.00 7.710041366606e-02 8.0563313e-07
31 -1.00 8.018429229417e-02 4.8355042e-06
33 -1.00 7.878625722314e-02 4.9722369e-06
35 -1.00 8.032461427924e-02 3.1615790e-06
37 -1.00 8.098539823113e-02 9.5591874e-06
39 -1.00 7.667240308119e-02 4.4823139e-06
41 -1.00 8.170544504726e-02 8.5261012e-06
43 -1.00 7.989293562430e-02 7.2771554e-06
45 -1.00 7.727930492740e-02 6.7088971e-06
47 -1.00 7.808865117446e-02 3.1360340e-06
49 -1.00 8.128192247969e-02 5.6760522e-06
51 -1.00 8.119147124307e-02 1.3113065e-06
53 -1.00 7.804996066068e-02 8.6197060e-06
55 -1.00 7.695693504609e-02 4.5918451e-06
57 -1.00 8.052354694398e-02 6.0498156e-06
59 -1.00 7.940173507215e-02 5.6226777e-06
61 -1.00 7.942254212889e-02 1.9282211e-06
63 -1.00 7.839591508845e-02 1.4409046e-06
65 -1.00 8.030556482464e-02 3.6149542e-06
67 -1.00 8.200858109718e-02 4.0475163e-06
69 -1.00 7.952617798088e-02 3.2250893e-06
71 -1.00 7.982036864041e-02 4.5813097e-06
73 -1.00 8.035432141462e-02 6.6732874e-06
75 -1.00 7.803271081994e-02 2.9427459e-06
77 -1.00 7.993885328662e-02 2.2337995e-06
79 -1.00 8.020957082653e-02 5.7394399e-06
81 -1.00 7.701681641935e-02 3.5517434e-06
83 -1.00 7.642143160472e-02 4.0653834e-06
85 -1.00 8.142278355866e-02 6.0352909e-06
87 -1.00 7.975163441089e-02 1.1566098e-06
89 -1.00 7.879095578336e-02 4.0408194e-06
91 -1.00 7.850694133817e-02 2.1267111e-06
93 -1.00 7.912151628812e-02 1.7765970e-06
95 -1.00 7.948242820670e-02 2.9122049e-06
97 -1.00 8.280254606559e-02 5.0859311e-06
99 -1.00 7.605389716599e-02 2.3626930e-06
1 -0.75 8.099335118304e-02 2.8867886e-06
3 -0.75 7.723349324215e-02 5.9728784e-06
5 -0.75 7.611745075272e-02 3.4963921e-06
7 -0.75 7.937002201062e-02 4.3670064e-06
9 -0.75 7.853608441786e-02 3.1890470e-06
11 -0.75 7.976354783379e-02 7.3914761e-06
13 -0.75 7.786552270008e-02 3.3448559e-06
15 -0.75 8.010197508430e-02 5.0932545e-06
17 -0.75 7.693479907057e-02 4.0035563e-06
19 -0.75 7.938670438357e-02 2.9381565e-06
21 -0.75 8.004901499396e-02 1.1494561e-06
23 -0.75 8.178162734543e-02 1.4578226e-06
25 -0.75 7.942610463574e-02 3.7392984e-06
27 -0.75 7.415697137341e-02 7.5978733e-06
29 -0.75 7.743766319085e-02 6.2414901e-06
31 -0.75 7.915357016759e-02 3.5814858e-06
33 -0.75 7.769479808332e-02 4.2743957e-06
35 -0.75 7.906113167827e-02 7.1284781e-06
37 -0.75 7.805920177120e-02 3.3696228e-06
39 -0.75 7.633782499025e-02 2.6190880e-06
41 -0.75 8.013623977381e-02 4.1363859e-06
43 -0.75 7.718869111534e-02 3.6114790e-06
45 -0.75 7.711649656670e-02 1.3613795e-06
47 -0.75 7.747666654171e-02 6.2202245e-06
49 -0.75 8.128797121920e-02 4.2662250e-06
51 -0.75 8.042765667096e-02 6.1510558e-06
53 -0.75 7.697203911169e-02 4.2737947e-06
55 -0.75 7.668290867757e-02 3.2022753e-06
57 -0.75 7.970207503850e-02 7.5382201e-06
59 -0.75 7.906305396450e-02 9.9162819e-06
61 -0.75 7.861425246302e-02 3.4242141e-06
63 -0.75 7.957590334839e-02 2.1836857e-06
65 -0.75 7.974149127750e-02 7.4760190e-06
67 -0.75 8.055451407349e-02 7.8094234e-07
69 -0.75 7.822933228344e-02 3.6040234e-06
71 -0.75 7.899565243542e-02 7.4199764e-06
73 -0.75 7.831902525596e-02 3.8846773e-06
75 -0.75 7.745673583489e-02 6.2660312e-06
77 -0.75 7.919039716491e-02 1.8692490e-06
79 -0.75 7.917557315344e-02 2.5535183e-06
81 -0.75 7.708530577017e-02 1.4178629e-06
83 -0.75 7.402881930983e-02 3.9862517e-06
85 -0.75 8.049652723824e-02 3.2032967e-06
87 -0.75 8.047960379640e-02 6.9994097e-06
89 -0.75 7.797925945935e-02 1.6613667e-06
91 -0.75 7.679537688858e-02 1.0350572e-06
93 -0.75 7.964546647616e-02 6.4651566e-06
95 -0.75 7.732499572791e-02 3.9423973e-06
97 -0.75 8.081132643756e-02 1.0529232e-05
99 -0.75 7.561581110798e-02 3.5839424e-06
1 -0.50 8.041284588050e-02 6.5497007e-06
3 -0.50 7.516832439454e-02 2.7746769e-06
5 -0.50 7.524275329570e-02 1.5890588e-06
7 -0.50 7.825230334918e-02 4.8395854e-06
9 -0.50 7.773441673402e-02 3.5316298e-06
11 -0.50 7.917353576729e-02 9.1163415e-06
13 -0.50 7.780928770541e-02 6.1274257e-06
15 -0.50 7.873425476236e-02 4.9498615e-06
17 -0.50 7.598844134862e-02 2.4834488e-06
19 -0.50 7.833923615127e-02 3.8641979e-06
21 -0.50 7.928421937069e-02 2.1743453e-06
23 -0.50 7.945323891524e-02 2.3148046e-06
25 -0.50 7.920158081121e-02 2.7944671e-06
27 -0.50 7.137789396467e-02 1.7891726e-06
29 -0.50 7.674502110172e-02 1.6945110e-06
31 -0.50 7.835116690609e-02 4.7335395e-06
33 -0.50 7.801815075967e-02 1.9469561e-06
35 -0.50 7.828967112895e-02 3.1849182e-06
37 -0.50 7.832231766086e-02 2.9353175e-06
39 -0.50 7.603456200319e-02 1.0025863e-06
41 -0.50 7.957251529695e-02 2.6708207e-06
43 -0.50 7.804607283113e-02 3.1787334e-06
45 -0.50 7.748798976762e-02 5.4376464e-06
47 -0.50 7.703624472285e-02 5.6007512e-06
49 -0.50 8.000304338174e-02 3.5683220e-06
51 -0.50 7.771817346190e-02 5.4414120e-06
53 -0.50 7.597399922854e-02 7.7963148e-06
55 -0.50 7.611841271829e-02 4.2203525e-06
57 -0.50 7.972338691367e-02 1.3758476e-05
59 -0.50 7.747469532083e-02 2.0904272e-06
61 -0.50 7.755875314172e-02 4.1803484e-06
63 -0.50 7.752971338795e-02 4.9362372e-06
65 -0.50 7.762763538772e-02 2.0399955e-06
67 -0.50 8.277287421890e-02 4.5518761e-06
69 -0.50 7.891941984145e-02 3.4866040e-06
71 -0.50 7.735715443326e-02 6.7944737e-07
73 -0.50 7.788717334003e-02 3.0901792e-06
75 -0.50 7.732809061980e-02 2.8471943e-06
77 -0.50 7.953542669061e-02 3.8761442e-06
79 -0.50 7.824381515540e-02 7.5673094e-06
81 -0.50 7.582797827986e-02 1.8460866e-06
83 -0.50 7.536363767030e-02 3.2519352e-06
85 -0.50 8.016189047069e-02 6.0155281e-06
87 -0.50 7.767725901732e-02 1.5835725e-06
89 -0.50 7.772270228596e-02 3.1887971e-06
91 -0.50 7.692085571642e-02 4.4392832e-06
93 -0.50 7.844680229529e-02 5.7109870e-06
95 -0.50 7.834191020407e-02 6.1788895e-06
97 -0.50 8.022066381943e-02 3.3000215e-06
99 -0.50 7.608473593607e-02 4.1214819e-06
1 -0.25 8.063990190594e-02 5.9714357e-06
3 -0.25 7.539425897363e-02 3.9809438e-06
5 -0.25 7.384213419907e-02 7.8624339e-07
7 -0.25 7.843465274571e-02 3.8919831e-06
9 -0.25 7.782590197149e-02 8.2413058e-06
11 -0.25 7.777457149321e-02 4.0290050e-06
13 -0.25 7.670119084520e-02 7.2791936e-06
15 -0.25 7.795517697782e-02 7.3990539e-06
17 -0.25 7.473187662522e-02 8.1352072e-06
19 -0.25 7.694072161952e-02 2.5723188e-06
21 -0.25 7.882963856359e-02 2.6633003e-06
23 -0.25 8.012308525895e-02 4.3839811e-06
25 -0.25 7.845729669348e-02 1.1808726e-05
27 -0.25 7.269881956686e-02 2.1279459e-06
29 -0.25 7.461753067715e-02 2.7049867e-06
31 -0.25 7.797583567821e-02 1.6624542e-05
33 -0.25 7.625428068023e-02 2.2465501e-06
35 -0.25 7.866471219180e-02 1.7811205e-06
37 -0.25 7.763353187502e-02 2.5160119e-06
39 -0.25 7.520366487268e-02 3.8102790e-06
41 -0.25 7.793277194359e-02 5.7232796e-06
43 -0.25 7.639692185626e-02 6.3189654e-06
45 -0.25 7.628291308123e-02 6.2747243e-06
47 -0.25 7.695099602262e-02 2.9294138e-06
49 -0.25 8.062694866354e-02 1.2140724e-05
51 -0.25 7.840179717578e-02 7.3236192e-06
53 -0.25 7.612814688265e-02 4.1661329e-06
55 -0.25 7.523267206832e-02 5.2069131e-06
57 -0.25 7.925186245248e-02 6.6141128e-06
59 -0.25 7.791694195050e-02 4.0719853e-06
61 -0.25 7.650821701226e-02 2.7080811e-06
63 -0.25 7.670355548281e-02 4.3600354e-06
65 -0.25 7.704075151920e-02 2.0306123e-06
67 -0.25 8.079212668905e-02 2.2109221e-06
69 -0.25 7.789435688182e-02 4.9008138e-06
71 -0.25 7.747392521691e-02 3.0669885e-06
73 -0.25 7.856935696059e-02 5.5391121e-06
75 -0.25 7.576248583110e-02 4.7571486e-06
77 -0.25 7.761613573858e-02 5.3368792e-06
79 -0.25 7.726214096014e-02 4.1407298e-06
81 -0.25 7.501310382700e-02 4.5592834e-06
83 -0.25 7.382836256606e-02 4.7773225e-06
85 -0.25 7.954166257567e-02 8.3027058e-06
87 -0.25 7.691535009277e-02 4.8836878e-06
89 -0.25 7.733653732049e-02 3.8577931e-06
91 -0.25 7.742764271240e-02 6.3819349e-06
93 -0.25 7.709302574657e-02 3.7262031e-06
95 -0.25 7.844698422882e-02 4.2494040e-06
97 -0.25 7.888133117607e-02 3.9535868e-06
99 -0.25 7.460547477814e-02 5.6855408e-06
1 0.00 8.023429847313e-02 5.7187754e-06
3 0.00 7.643441129290e-02 5.2441423e-06
5 0.00 7.547191349842e-02 7.5066735e-06
7 0.00 7.602189331993e-02 4.7347975e-06
9 0.00 7.601502380158e-02 3.6880900e-06
11 0.00 7.718478843479e-02 3.3446252e-06
13 0.00 7.582723786099e-02 4.0810890e-06
15 0.00 7.689445008416e-02 2.3260933e-06
17 0.00 7.543465961827e-02 2.9807637e-06
19 0.00 7.693843339168e-02 6.2535989e-06
21 0.00 7.776431480625e-02 4.9966949e-06
23 0.00 7.871396473730e-02 3.6962428e-06
25 0.00 7.687330494041e-02 9.5982913e-06
27 0.00 7.346854904112e-02 7.6874311e-06
29 0.00 7.458278120141e-02 5.6923193e-06
31 0.00 7.622275677568e-02 2.5847246e-06
33 0.00 7.595077451470e-02 5.9752302e-06
35 0.00 7.779654351885e-02 6.4518083e-06
37 0.00 7.652347314126e-02 3.9848158e-06
39 0.00 7.521760225005e-02 3.5381091e-06
41 0.00 7.784820712450e-02 3.7272947e-06
43 0.00 7.623248054870e-02 4.9217570e-06
45 0.00 7.367795911111e-02 9.6482283e-07
47 0.00 7.593204510596e-02 1.9312231e-06
49 0.00 7.755089687223e-02 5.2086752e-06
51 0.00 7.729279599798e-02 8.9720728e-06
53 0.00 7.686662029702e-02 7.4328486e-06
55 0.00 7.530972027399e-02 6.3311541e-06
57 0.00 7.802867992401e-02 7.6691262e-06
59 0.00 7.721093184257e-02 5.1816852e-06
61 0.00 7.676777849279e-02 1.0408237e-06
63 0.00 7.656912012811e-02 5.1227852e-06
65 0.00 7.752835625754e-02 5.6365537e-06
67 0.00 7.909877734856e-02 2.6944552e-06
69 0.00 7.630522902107e-02 2.9952121e-06
71 0.00 7.819199175372e-02 3.3325200e-06
73 0.00 7.807154765072e-02 2.2148384e-06
75 0.00 7.616321905549e-02 3.9357340e-06
77 0.00 7.866942301677e-02 8.5156462e-06
79 0.00 7.842097920870e-02 3.8084441e-06
81 0.00 7.560051492294e-02 7.2156311e-06
83 0.00 7.258447773198e-02 3.7913562e-06
85 0.00 7.899164540841e-02 2.4364299e-06
87 0.00 7.745058841784e-02 6.6007513e-06
89 0.00 7.706855765581e-02 4.9229764e-06
91 0.00 7.627836927811e-02 4.3459999e-06
93 0.00 7.639869590335e-02 6.3360783e-06
95 0.00 7.709606116669e-02 5.3727496e-06
97 0.00 7.949438446597e-02 7.8556527e-06
99 0.00 7.326160387571e-02 1.4141494e-06
1 0.25 7.733249997408e-02 3.2732594e-06
3 0.25 7.368320532042e-02 3.5850109e-06
5 0.25 7.364084075300e-02 3.5934454e-06
7 0.25 7.549449028070e-02 4.5415169e-06
9 0.25 7.570222724875e-02 2.8537727e-06
11 0.25 7.635191522415e-02 6.0427786e-06
13 0.25 7.556161622502e-02 9.5713990e-07
15 0.25 7.675153399113e-02 4.3589429e-06
17 0.25 7.412279430463e-02 4.1869014e-06
19 0.25 7.617421592148e-02 1.6157786e-06
21 0.25 7.640617174104e-02 3.8146284e-06
23 0.25 7.835460073883e-02 5.2188661e-06
25 0.25 7.718153677793e-02 1.8391946e-06
27 0.25 7.142642845245e-02 4.0916494e-06
29 0.25 7.504779978378e-02 3.8584135e-06
31 0.25 7.605430585078e-02 3.6217467e-06
33 0.25 7.519351787884e-02 2.8377737e-06
35 0.25 7.641289865427e-02 3.3744965e-06
37 0.25 7.508293874833e-02 1.9346813e-06
39 0.25 7.553285751595e-02 2.8113788e-06
41 0.25 7.631242311209e-02 2.3110565e-06
43 0.25 7.592249605696e-02 8.5268664e-06
45 0.25 7.487137959698e-02 3.9959636e-06
47 0.25 7.617098272011e-02 8.4997892e-06
49 0.25 7.726857826024e-02 5.0990328e-06
51 0.25 7.709879038674e-02 4.3996662e-06
53 0.25 7.586955159905e-02 9.4484608e-06
55 0.25 7.578440705385e-02 3.4278332e-06
57 0.25 7.734440202113e-02 2.1910093e-06
59 0.25 7.773537390050e-02 4.4603201e-06
61 0.25 7.540661760762e-02 2.7767851e-06
63 0.25 7.670377483375e-02 2.7570124e-06
65 0.25 7.608284995441e-02 3.5460217e-06
67 0.25 7.918307510014e-02 7.6415312e-06
69 0.25 7.629615377087e-02 3.4917738e-06
71 0.25 7.813166783919e-02 8.1919417e-06
73 0.25 7.728722455963e-02 7.3704397e-06
75 0.25 7.462714132854e-02 1.9456886e-06
77 0.25 7.714450733315e-02 6.3040507e-06
79 0.25 7.768989614854e-02 4.9479916e-06
81 0.25 7.459552671708e-02 3.4332350e-06
83 0.25 7.136746429901e-02 3.1608818e-06
85 0.25 7.788730910009e-02 3.2462094e-06
87 0.25 7.595778919732e-02 2.0390815e-06
89 0.25 7.510380200778e-02 6.1268839e-06
91 0.25 7.686604452227e-02 4.2029440e-06
93 0.25 7.573467313453e-02 8.1103637e-06
95 0.25 7.672271582819e-02 5.7720342e-06
97 0.25 7.890853715493e-02 5.5772685e-06
99 0.25 7.331829528178e-02 3.7134650e-06
1 0.50 7.714672088586e-02 4.0100460e-06
3 0.50 7.466844711684e-02 4.0012954e-06
5 0.50 7.448853181789e-02 1.1821964e-05
7 0.50 7.539550041876e-02 5.1053402e-06
9 0.50 7.514738624780e-02 4.6027492e-06
11 0.50 7.697284622259e-02 1.0687604e-05
13 0.50 7.669083308350e-02 9.5623846e-06
15 0.50 7.500374339268e-02 6.9054813e-06
17 0.50 7.424753222257e-02 3.1360130e-06
19 0.50 7.642888640841e-02 9.7095830e-06
21 0.50 7.656551353462e-02 4.4825199e-06
23 0.50 7.748800879145e-02 3.8968933e-06
25 0.50 7.559137997992e-02 2.2851409e-06
27 0.50 7.259554586462e-02 4.8576425e-06
29 0.50 7.409253983516e-02 5.3465332e-06
31 0.50 7.497478279398e-02 4.5028255e-06
33 0.50 7.478321599581e-02 2.6509621e-06
35 0.50 7.561367076210e-02 5.3959540e-06
37 0.50 7.659628221154e-02 6.0229377e-06
39 0.50 7.459371829075e-02 2.3098828e-06
41 0.50 7.653965762035e-02 2.7713799e-06
43 0.50 7.398420437031e-02 2.9523982e-06
45 0.50 7.322849492703e-02 2.7790706e-06
47 0.50 7.469949542587e-02 2.7058684e-06
49 0.50 7.794655650919e-02 5.9466660e-06
51 0.50 7.706438988033e-02 5.4817132e-06
53 0.50 7.445738363589e-02 2.3135822e-06
55 0.50 7.353632499460e-02 3.2333263e-06
57 0.50 7.611546992258e-02 2.9945434e-06
59 0.50 7.649473981670e-02 5.1676025e-06
61 0.50 7.442014140880e-02 2.9303322e-06
63 0.50 7.563555737997e-02 5.4378068e-06
65 0.50 7.547978058338e-02 1.0472067e-05
67 0.50 7.833126454642e-02 3.0464158e-06
69 0.50 7.716285297518e-02 2.3160537e-06
71 0.50 7.638620570674e-02 4.7533505e-06
73 0.50 7.565443756085e-02 5.8643166e-06
75 0.50 7.495860954292e-02 2.8462384e-06
77 0.50 7.787221024692e-02 6.9454996e-06
79 0.50 7.561888195274e-02 6.1978204e-06
81 0.50 7.391076008481e-02 6.3608553e-06
83 0.50 7.212936487750e-02 3.1427311e-06
85 0.50 7.671309139021e-02 3.7622427e-06
87 0.50 7.665675382039e-02 3.4279345e-06
89 0.50 7.510132583344e-02 3.1375154e-06
91 0.50 7.400876824043e-02 4.2608047e-06
93 0.50 7.382941593900e-02 2.8619866e-06
95 0.50 7.596111119091e-02 3.0198509e-06
97 0.50 7.606952617473e-02 4.6185619e-06
99 0.50 7.360609337038e-02 2.8073763e-06
1 0.75 7.651661839191e-02 2.9025195e-06
3 0.75 7.238203611920e-02 2.5407513e-06
5 0.75 7.353012226463e-02 9.7520608e-06
7 0.75 7.563610108816e-02 5.9560301e-06
9 0.75 7.482911501308e-02 2.5279262e-06
11 0.75 7.576834776513e-02 3.7714629e-06
13 0.75 7.316380702568e-02 1.7877997e-06
15 0.75 7.640348684167e-02 8.5462167e-06
17 0.75 7.289745601058e-02 1.4563835e-05
19 0.75 7.473278003437e-02 2.4121201e-06
21 0.75 7.450757183245e-02 8.9164477e-06
23 0.75 7.719746080179e-02 3.8617054e-06
25 0.75 7.492382751575e-02 4.3465321e-06
27 0.75 7.087048472547e-02 7.3130638e-06
29 0.75 7.457118940089e-02 2.2310445e-06
31 0.75 7.462603843069e-02 3.4014306e-06
33 0.75 7.598968735035e-02 8.4268078e-06
35 0.75 7.531369766947e-02 2.3430508e-06
37 0.75 7.431714654226e-02 5.1650025e-06
39 0.75 7.428379743736e-02 2.4953633e-06
41 0.75 7.550986541656e-02 2.6951020e-06
43 0.75 7.449097175839e-02 3.8964495e-06
45 0.75 7.324100485686e-02 5.9217730e-06
47 0.75 7.353437506326e-02 2.1454894e-06
49 0.75 7.671241842776e-02 3.3822090e-06
51 0.75 7.628861894315e-02 6.8596902e-06
53 0.75 7.368432205953e-02 4.1654108e-06
55 0.75 7.408485803976e-02 8.1494122e-06
57 0.75 7.512463571749e-02 6.6600527e-06
59 0.75 7.510398871875e-02 4.7371250e-06
61 0.75 7.399933295614e-02 1.9672883e-06
63 0.75 7.449860868578e-02 9.6759861e-06
65 0.75 7.489411503760e-02 2.9641474e-06
67 0.75 7.712014269282e-02 2.6769091e-06
69 0.75 7.821074559647e-02 2.2709290e-06
71 0.75 7.616023035521e-02 1.7716956e-06
73 0.75 7.469939136070e-02 4.1875560e-06
75 0.75 7.334941986735e-02 1.7157129e-06
77 0.75 7.573877279858e-02 2.6154920e-06
79 0.75 7.712046538123e-02 3.1578974e-06
81 0.75 7.497152813542e-02 1.1333877e-05
83 0.75 7.301786428222e-02 8.3381334e-06
85 0.75 7.603570318103e-02 7.3931992e-06
87 0.75 7.544243467150e-02 3.1609352e-06
89 0.75 7.503100059363e-02 2.8270903e-06
91 0.75 7.315815916049e-02 1.9174046e-06
93 0.75 7.428005447702e-02 4.7600175e-06
95 0.75 7.445370887370e-02 3.7767789e-06
97 0.75 7.747946910073e-02 2.3089513e-06
99 0.75 7.283418965455e-02 3.6230006e-06
1 1.00 7.762524835018e-02 4.2748246e-06
3 1.00 7.360951878481e-02 6.2301842e-06
5 1.00 7.257711597723e-02 2.1712168e-06
7 1.00 7.383953649881e-02 3.4769577e-06
9 1.00 7.448542362771e-02 2.4410978e-06
11 1.00 7.724025499719e-02 2.1725975e-06
13 1.00 7.389510039327e-02 4.0975881e-06
15 1.00 7.473475252270e-02 4.6294347e-06
17 1.00 7.170323652716e-02 3.4561937e-06
19 1.00 7.577630951703e-02 5.9452779e-06
21 1.00 7.687804854308e-02 5.8519146e-06
23 1.00 7.587509714397e-02 5.1248756e-06
25 1.00 7.312294194712e-02 2.9573990e-06
27 1.00 6.966324605614e-02 4.3697917e-06
29 1.00 7.259769615611e-02 7.0490967e-06
31 1.00 7.279011726351e-02 2.6027473e-06
33 1.00 7.535804632011e-02 3.7854221e-06
35 1.00 7.450426129771e-02 3.9765585e-06
37 1.00 7.501683882149e-02 6.1457068e-06
39 1.00 7.173915236074e-02 5.1539262e-06
41 1.00 7.638860872057e-02 7.8842841e-06
43 1.00 7.429318256223e-02 5.2483657e-06
45 1.00 7.237557448005e-02 2.2614774e-06
47 1.00 7.356315859391e-02 4.1596588e-06
49 1.00 7.619795804750e-02 4.2159202e-06
51 1.00 7.558332391224e-02 3.7532298e-06
53 1.00 7.352125544565e-02 9.0067986e-06
55 1.00 7.406356039428e-02 7.2661582e-06
57 1.00 7.405202832203e-02 6.1177067e-06
59 1.00 7.352675452517e-02 2.5801461e-06
61 1.00 7.460696417352e-02 8.7251756e-06
63 1.00 7.413569877971e-02 6.9958228e-06
65 1.00 7.423102340614e-02 5.7245844e-06
67 1.00 7.663110928171e-02 2.7443009e-06
69 1.00 7.524069468500e-02 6.1732255e-06
71 1.00 7.517616818086e-02 5.3530014e-06
73 1.00 7.385819804871e-02 7.6274149e-06
75 1.00 7.058884148061e-02 3.0677253e-06
77 1.00 7.672607931825e-02 3.1037615e-06
79 1.00 7.548672304038e-02 4.3189087e-06
81 1.00 7.312488200367e-02 6.1711639e-06
83 1.00 7.187149814991e-02 3.1061767e-06
85 1.00 7.641304862997e-02 8.7702003e-06
87 1.00 7.462445680585e-02 5.0635975e-06
89 1.00 7.409416486035e-02 4.6294299e-06
91 1.00 7.418322657742e-02 1.1799845e-06
93 1.00 7.435447603614e-02 6.2678752e-06
95 1.00 7.560526361509e-02 6.6894273e-06
97 1.00 7.652690135719e-02 3.4189468e-06
99 1.00 7.255039624551e-02 2.5060162e-06
101 -1.00 7.997551369261e-02 4.4000068e-06
103 -1.00 7.759890194418e-02 2.5575226e-06
105 -1.00 7.600623906439e-02 4.3436321e-06
107 -1.00 7.473402157352e-02 2.2461432e-06
109 -1.00 8.027789739230e-02 3.2226617e-06
111 -1.00 7.898662226686e-02 2.7788079e-06
113 -1.00 7.976987056778e-02 4.9384713e-06
115 -1.00 7.305013846416e-02 1.3185509e-06
117 -1.00 7.994689572071e-02 5.8917360e-06
119 -1.00 7.957487267296e-02 3.3567553e-06
121 -1.00 8.255363063970e-02 7.7632902e-06
123 -1.00 7.724477756612e-02 4.7320193e-06
125 -1.00 8.035725271534e-02 3.6691249e-06
127 -1.00 7.739019133184e-02 2.7965350e-06
129 -1.00 7.966273183174e-02 7.9420686e-06
131 -1.00 8.108261810975e-02 3.8982607e-06
133 -1.00 8.300464309371e-02 3.3697527e-06
135 -1.00 7.907084980541e-02 3.2284625e-06
137 -1.00 7.846547693234e-02 3.3642912e-06
139 -1.00 7.914415601010e-02 3.4937681e-06
141 -1.00 8.111942195623e-02 4.2595260e-06
143 -1.00 7.785320027740e-02 4.6306091e-06
145 -1.00 7.847295191459e-02 5.0590840e-06
147 -1.00 8.133752765577e-02 5.1443269e-06
149 -1.00 8.091371500637e-02 4.9639708e-06
151 -1.00 7.964947903806e-02 2.3669603e-06
153 -1.00 7.722515189996e-02 5.9868587e-06
155 -1.00 8.205717163441e-02 3.3275261e-06
157 -1.00 7.937426528405e-02 1.4937423e-06
159 -1.00 7.917370288844e-02 2.1466669e-06
161 -1.00 8.116455030562e-02 2.2097576e-06
163 -1.00 8.004944241102e-02 4.1251972e-06
165 -1.00 7.785363627289e-02 4.9959355e-06
167 -1.00 7.959476255440e-02 6.4535249e-06
169 -1.00 7.896783394540e-02 6.1031279e-06
171 -1.00 7.787572447750e-02 4.9760305e-06
173 -1.00 7.954247259258e-02 2.6755058e-06
175 -1.00 7.766045541610e-02 2.9601725e-06
177 -1.00 7.857060724333e-02 1.5476387e-06
179 -1.00 7.833793536460e-02 5.2755538e-06
181 -1.00 7.676860021704e-02 2.3093121e-06
183 -1.00 7.886221036763e-02 3.3738019e-06
185 -1.00 8.235135427471e-02 5.2008576e-06
187 -1.00 7.778282193371e-02 3.7469168e-06
189 -1.00 7.744319541209e-02 7.0658569e-06
191 -1.00 7.852308112968e-02 4.0211185e-06
193 -1.00 7.689046438805e-02 1.7471984e-06
195 -1.00 8.052775543079e-02 4.0885459e-06
197 -1.00 7.977234352625e-02 1.6154905e-06
199 -1.00 7.824728072690e-02 6.3574101e-07
101 -0.75 7.964636145205e-02 5.9290888e-06
103 -0.75 7.641565374214e-02 2.6108749e-06
105 -0.75 7.589595064047e-02 1.4561980e-06
107 -0.75 7.326088702468e-02 3.8174655e-06
109 -0.75 7.994892981787e-02 2.1094718e-06
111 -0.75 7.869878484282e-02 1.9052641e-06
113 -0.75 7.863533274620e-02 1.8319974e-06
115 -0.75 7.444899680650e-02 2.6024666e-06
117 -0.75 7.770182321726e-02 4.4463661e-06
119 -0.75 7.750872250810e-02 2.4629969e-06
121 -0.75 8.012003226977e-02 7.4166776e-06
123 -0.75 7.692432121040e-02 8.3259576e-06
125 -0.75 7.855404102531e-02 2.6900414e-06
127 -0.75 7.823603200447e-02 2.2424742e-06
129 -0.75 7.931592086992e-02 8.2329764e-06
131 -0.75 8.111465926926e-02 3.1963109e-06
133 -0.75 8.147765021074e-02 1.8328533e-06
135 -0.75 7.794512802199e-02 2.9121780e-06
137 -0.75 7.841817817219e-02 3.1468235e-06
139 -0.75 7.997436677918e-02 4.5587179e-06
141 -0.75 8.032263111191e-02 8.1826558e-06
143 -0.75 7.729837910428e-02 5.6225705e-06
145 -0.75 7.813731341604e-02 2.2161151e-06
147 -0.75 8.161796447169e-02 3.2576294e-06
149 -0.75 7.978982699989e-02 3.5244222e-06
151 -0.75 7.701392359044e-02 1.5690402e-06
153 -0.75 7.686609662093e-02 2.5709219e-06
155 -0.75 8.040402922455e-02 3.9087749e-06
157 -0.75 7.969938665047e-02 3.8349417e-06
159 -0.75 7.800974926575e-02 6.9781235e-06
161 -0.75 8.006766574954e-02 4.2935753e-06
163 -0.75 7.906189129471e-02 2.9907389e-06
165 -0.75 7.777058044332e-02 3.7037966e-06
167 -0.75 7.606177315263e-02 2.9008892e-06
169 -0.75 7.865255996551e-02 3.1702703e-06
171 -0.75 7.636995171158e-02 8.9856059e-06
173 -0.75 7.760150332126e-02 3.0689021e-06
175 -0.75 7.718558477451e-02 6.8993689e-06
177 -0.75 7.809547576478e-02 2.5716158e-06
179 -0.75 7.568316175342e-02 8.8847537e-06
181 -0.75 7.693237332758e-02 3.4397471e-06
183 -0.75 7.693876951924e-02 3.4010036e-06
185 -0.75 8.127445456618e-02 3.7379970e-06
187 -0.75 7.651217016960e-02 5.9833745e-06
189 -0.75 7.553100572571e-02 2.6699435e-06
191 -0.75 7.878279085574e-02 4.9745438e-06
193 -0.75 7.724109525890e-02 4.0453632e-06
195 -0.75 7.941705810103e-02 3.6149885e-06
197 -0.75 7.729610183514e-02 2.4197190e-06
199 -0.75 7.891824005947e-02 2.1232558e-06
101 -0.50 7.832644936411e-02 3.8081305e-06
103 -0.50 7.664031947380e-02 2.9356597e-06
105 -0.50 7.612508883302e-02 3.1578020e-06
107 -0.50 7.321126555156e-02 1.7442425e-06
109 -0.50 8.018258955674e-02 6.3148316e-06
111 -0.50 8.063865119160e-02 8.5356557e-06
113 -0.50 7.924610567427e-02 5.7198465e-06
115 -0.50 7.501744019820e-02 4.4580363e-06
117 -0.50 7.807841513113e-02 1.3518013e-06
119 -0.50 7.723267258614e-02 3.4871342e-06
121 -0.50 7.899837684720e-02 3.2799573e-06
123 -0.50 7.608402430435e-02 6.5820097e-06
125 -0.50 7.762597455373e-02 4.1821756e-06
127 -0.50 7.758560841608e-02 4.6538171e-06
129 -0.50 7.817926156093e-02 5.3548357e-06
131 -0.50 8.019464267078e-02 4.5082020e-06
133 -0.50 8.082581426124e-02 2.7178631e-06
135 -0.50 7.836224845734e-02 4.4949519e-06
137 -0.50 7.722366551434e-02 3.5754516e-06
139 -0.50 7.684077295219e-02 3.7269203e-06
141 -0.50 7.823121910252e-02 3.6200339e-06
143 -0.50 7.675993300653e-02 6.6436076e-06
145 -0.50 7.658144184413e-02 4.5768613e-06
147 -0.50 7.991632820482e-02 3.3133766e-06
149 -0.50 7.659450684381e-02 3.0022902e-06
151 -0.50 7.835072084322e-02 3.2492041e-06
153 -0.50 7.658148278106e-02 4.8969083e-06
155 -0.50 8.018996563620e-02 1.6463548e-06
157 -0.50 7.938193637089e-02 2.9067223e-06
159 -0.50 7.756599302497e-02 4.3396821e-06
161 -0.50 7.978844396653e-02 5.6461790e-06
163 -0.50 7.888435721527e-02 8.0959935e-06
165 -0.50 7.756703085964e-02 4.9698952e-06
167 -0.50 7.690004699276e-02 2.4072880e-06
169 -0.50 7.810969190739e-02 2.3130202e-06
171 -0.50 7.501992987728e-02 3.9970894e-06
173 -0.50 7.866997368302e-02 2.6973017e-06
175 -0.50 7.764057680930e-02 1.0513521e-05
177 -0.50 7.754317218411e-02 1.7186880e-06
179 -0.50 7.452988946361e-02 3.3024004e-06
181 -0.50 7.671463168482e-02 2.6069749e-06
183 -0.50 7.761812892526e-02 6.0202867e-06
185 -0.50 8.118689572744e-02 2.9895254e-06
187 -0.50 7.479954081206e-02 1.9532284e-06
189 -0.50 7.622588009106e-02 4.2588594e-06
191 -0.50 7.759755519758e-02 7.7622642e-06
193 -0.50 7.608172422725e-02 3.3988568e-06
195 -0.50 7.972094671974e-02 2.9935679e-06
197 -0.50 7.704772358606e-02 2.9568103e-06
199 -0.50 7.775332134720e-02 4.0363911e-06
101 -0.25 7.754539885931e-02 3.9870015e-06
103 -0.25 7.737994268061e-02 7.9811870e-06
105 -0.25 7.549591422938e-02 3.3492984e-06
107 -0.25 7.288343110466e-02 1.1077877e-06
109 -0.25 7.778419251427e-02 2.9215039e-06
111 -0.25 7.928540649895e-02 2.2864590e-06
113 -0.25 7.797968851205e-02 5.5753333e-06
115 -0.25 7.320475001300e-02 4.2189611e-06
117 -0.25 7.618499533611e-02 1.9751892e-06
119 -0.25 7.696120340555e-02 8.1483287e-06
121 -0.25 7.900031861896e-02 4.4701043e-06
123 -0.25 7.559985720607e-02 9.9392704e-06
125 -0.25 7.737382295627e-02 2.5583126e-06
127 -0.25 7.721178876631e-02 3.8294414e-06
129 -0.25 7.718312110829e-02 8.4880676e-06
131 -0.25 7.961525836432e-02 3.0264406e-06
133 -0.25 8.248763360606e-02 7.0382101e-06
135 -0.25 7.930136547700e-02 3.2629187e-06
137 -0.25 7.703978048121e-02 3.2668671e-06
139 -0.25 7.714294817171e-02 2.9515588e-06
141 -0.25 7.940884211310e-02 1.8562079e-06
143 -0.25 7.642287560600e-02 5.6251306e-06
145 -0.25 7.634370410081e-02 8.2155071e-06
147 -0.25 8.023672371106e-02 7.2184918e-06
149 -0.25 7.718656303042e-02 4.6748195e-06
151 -0.25 7.583501106211e-02 3.0635495e-06
153 -0.25 7.600245569521e-02 1.9835774e-06
155 -0.25 7.869421696960e-02 8.2367775e-06
157 -0.25 7.794003210684e-02 4.8544312e-06
159 -0.25 7.662072951953e-02 5.2625091e-06
161 -0.25 7.818643700491e-02 5.1485960e-06
163 -0.25 7.752259972643e-02 5.2699109e-06
165 -0.25 7.650881245874e-02 2.6856585e-06
167 -0.25 7.571310542526e-02 3.0433332e-06
169 -0.25 7.718767617546e-02 3.0580227e-06
171 -0.25 7.583936275464e-02 1.0660659e-05
173 -0.25 7.790563130620e-02 2.9830315e-06
175 -0.25 7.545522273411e-02 2.4521952e-06
177 -0.25 7.722008895024e-02 7.4427310e-06
179 -0.25 7.419427019496e-02 3.8271276e-06
181 -0.25 7.401062256975e-02 1.1808338e-06
183 -0.25 7.647633208306e-02 1.0148880e-05
185 -0.25 7.904021614673e-02 3.3005989e-06
187 -0.25 7.508999053746e-02 5.1452971e-06
189 -0.25 7.611653801480e-02 2.7497069e-06
191 -0.25 7.759521513748e-02 3.7914757e-06
193 -0.25 7.423036182310e-02 2.9891590e-06
195 -0.25 7.805917055994e-02 2.8446614e-06
197 -0.25 7.760339419059e-02 7.0533168e-06
199 -0.25 7.802734107156e-02 5.1952962e-06
101 0.00 7.612238607121e-02 3.8207662e-06
103 0.00 7.554580738819e-02 3.1745365e-06
105 0.00 7.545519541254e-02 9.0628473e-06
107 0.00 7.299286369171e-02 5.6504158e-06
109 0.00 7.739406507705e-02 4.3500505e-06
111 0.00 7.696969142122e-02 3.0135772e-06
113 0.00 7.626166271358e-02 3.5740360e-06
115 0.00 7.245274440390e-02 2.2532999e-06
117 0.00 7.648386360338e-02 4.5591280e-06
119 0.00 7.450990550435e-02 5.6187005e-06
121 0.00 7.789911084269e-02 6.4506938e-06
123 0.00 7.542237081086e-02 3.7419736e-06
125 0.00 7.713034257996e-02 4.4732785e-06
127 0.00 7.804761726731e-02 9.4600436e-06
129 0.00 7.725009442528e-02 6.5142034e-06
131 0.00 7.931356110476e-02 3.9271594e-06
133 0.00 7.809431709232e-02 3.4198951e-06
135 0.00 7.648066948794e-02 3.0692037e-06
137 0.00 7.611513071135e-02 6.2466720e-06
139 0.00 7.631975334505e-02 3.1567653e-06
141 0.00 7.718990374721e-02 3.1129867e-06
143 0.00 7.537095458261e-02 4.0102477e-06
145 0.00 7.666810769387e-02 6.8533825e-06
147 0.00 7.836744286436e-02 4.5639786e-06
149 0.00 7.910314491875e-02 4.4540789e-06
151 0.00 7.687580504290e-02 4.4826002e-06
153 0.00 7.548755726775e-02 6.0274664e-06
155 0.00 7.650093539870e-02 3.9003821e-06
157 0.00 7.782165936178e-02 9.0749131e-06
159 0.00 7.739336111945e-02 1.7864509e-06
161 0.00 7.799213272085e-02 6.8880597e-06
163 0.00 7.868747031404e-02 4.2989634e-06
165 0.00 7.638771531965e-02 4.9627633e-06
167 0.00 7.446605432597e-02 9.5373279e-07
169 0.00 7.595849727502e-02 2.5414403e-06
171 0.00 7.407777890409e-02 2.7880856e-06
173 0.00 7.645807455556e-02 8.2974833e-06
175 0.00 7.559589890271e-02 2.9391069e-06
177 0.00 7.728753867017e-02 3.7297665e-06
179 0.00 7.295386900285e-02 4.4537903e-06
181 0.00 7.549317943712e-02 3.1338024e-06
183 0.00 7.663926178049e-02 2.4933363e-06
185 0.00 7.867196904483e-02 4.1769098e-06
187 0.00 7.412204542470e-02 3.0257668e-06
189 0.00 7.463120585880e-02 4.2260686e-06
191 0.00 7.611164156583e-02 6.0149043e-06
193 0.00 7.607653647242e-02 2.4811044e-06
195 0.00 7.927799766636e-02 9.4913210e-06
197 0.00 7.608688332874e-02 7.4498167e-06
199 0.00 7.726781106985e-02 6.9160902e-06
101 0.25 7.553214329108e-02 4.5419968e-06
103 0.25 7.527603607749e-02 3.3731263e-06
105 0.25 7.432121429294e-02 2.8853487e-06
107 0.25 7.272211735150e-02 5.2027584e-06
109 0.25 7.811032832115e-02 4.2028727e-06
111 0.25 7.759039699689e-02 3.2733076e-06
113 0.25 7.512168583643e-02 3.7021179e-06
115 0.25 7.305765837988e-02 4.1315901e-06
117 0.25 7.644561207046e-02 4.5480619e-06
119 0.25 7.528535609728e-02 3.6973302e-06
121 0.25 7.793466990846e-02 7.8108286e-06
123 0.25 7.492139239037e-02 1.0472472e-05
125 0.25 7.642441856638e-02 6.5482785e-06
127 0.25 7.577689719378e-02 4.3035016e-06
129 0.25 7.559793194432e-02 3.9167274e-06
131 0.25 7.787157281206e-02 8.0928672e-06
133 0.25 7.777666900587e-02 4.0840769e-06
135 0.25 7.648469081183e-02 2.8751276e-06
137 0.25 7.575456321556e-02 2.6321864e-06
139 0.25 7.439501602017e-02 3.4750600e-06
141 0.25 7.700281275925e-02 3.6166866e-06
143 0.25 7.545266339426e-02 3.4146119e-06
145 0.25 7.591502736923e-02 3.9475151e-06
147 0.25 7.659937161800e-02 1.3602191e-06
149 0.25 7.653019221989e-02 4.3228556e-06
151 0.25 7.560407634524e-02 3.8822138e-06
153 0.25 7.480693272218e-02 2.0638404e-06
155 0.25 7.739293893763e-02 1.4729654e-06
157 0.25 7.662138069652e-02 3.4526500e-06
159 0.25 7.503736188417e-02 2.0437218e-06
161 0.25 7.737838079201e-02 3.5779297e-06
163 0.25 7.667173518540e-02 4.2326283e-06
165 0.25 7.467289018828e-02 3.7646859e-06
167 0.25 7.522604929253e-02 4.8175637e-06
169 0.25 7.744762344623e-02 4.0077573e-06
171 0.25 7.395619796025e-02 3.8116025e-06
173 0.25 7.568879029430e-02 3.6183153e-06
175 0.25 7.442653585636e-02 1.4253566e-06
177 0.25 7.496265915323e-02 3.3943955e-06
179 0.25 7.265475783927e-02 2.5925112e-06
181 0.25 7.380816741361e-02 2.3654413e-06
183 0.25 7.469927742809e-02 8.8001070e-06
185 0.25 7.902790368406e-02 2.7461648e-06
187 0.25 7.482695993256e-02 1.3935572e-06
189 0.25 7.557987402099e-02 3.6226438e-06
191 0.25 7.550088338327e-02 4.5822025e-06
193 0.25 7.415155687633e-02 1.7445195e-06
195 0.25 7.663147438814e-02 3.1564746e-06
197 0.25 7.525661716745e-02 4.2779039e-06
199 0.25 7.633293165652e-02 3.3877391e-06
101 0.50 7.688731089911e-02 8.0572369e-06
103 0.50 7.423852532998e-02 3.1032044e-06
105 0.50 7.364551332578e-02 5.2918380e-06
107 0.50 7.339856679636e-02 5.8747165e-06
109 0.50 7.752522058717e-02 5.3107202e-06
111 0.50 7.723490205291e-02 3.6387123e-06
113 0.50 7.634990401058e-02 6.8564145e-06
115 0.50 7.367794300896e-02 8.8587652e-06
117 0.50 7.518674406971e-02 3.4063529e-06
119 0.50 7.457040208367e-02 7.8762718e-06
121 0.50 7.793015815673e-02 5.1637256e-06
123 0.50 7.358603529497e-02 3.6609111e-06
125 0.50 7.587005031512e-02 3.9271480e-06
127 0.50 7.408174445519e-02 2.0391809e-06
129 0.50 7.557419172861e-02 2.8553365e-06
131 0.50 7.776541561281e-02 8.5512136e-06
133 0.50 7.793323568473e-02 1.4633138e-06
135 0.50 7.614441733605e-02 4.6262553e-06
137 0.50 7.595634906400e-02 1.6388308e-05
139 0.50 7.539518075915e-02 3.6412207e-06
141 0.50 7.678064303713e-02 3.6453318e-06
143 0.50 7.520603117958e-02 4.2579099e-06
145 0.50 7.499819200878e-02 2.7683536e-06
147 0.50 7.747755897795e-02 4.0136242e-06
149 0.50 7.645434334215e-02 3.4741187e-06
151 0.50 7.559760909605e-02 9.9163235e-06
153 0.50 7.312528612788e-02 1.9608226e-06
155 0.50 7.617433102697e-02 8.2194380e-06
157 0.50 7.589357113070e-02 2.6841746e-06
159 0.50 7.515018201863e-02 5.8342773e-06
161 0.50 7.680532716991e-02 6.6297824e-06
163 0.50 7.535370497084e-02 4.5094318e-06
165 0.50 7.431006524113e-02 3.1844988e-06
167 0.50 7.487958740795e-02 4.8466518e-06
169 0.50 7.562289316207e-02 3.2596473e-06
171 0.50 7.433357835174e-02 3.1091801e-06
173 0.50 7.492050247483e-02 6.6493528e-06
175 0.50 7.378994855317e-02 3.4745003e-06
177 0.50 7.447573452128e-02 4.5971170e-06
179 0.50 7.315154143715e-02 4.9518277e-06
181 0.50 7.262803052754e-02 4.8857525e-06
183 0.50 7.407429513796e-02 3.9187974e-06
185 0.50 7.781029491654e-02 4.2342657e-06
187 0.50 7.410256216166e-02 1.6600085e-06
189 0.50 7.384337656194e-02 2.8363317e-06
191 0.50 7.517772883324e-02 3.0917266e-06
193 0.50 7.367075671290e-02 2.6802075e-06
195 0.50 7.590756310117e-02 4.3075731e-06
197 0.50 7.423383072342e-02 3.5928140e-06
199 0.50 7.615033429702e-02 3.7819588e-06
101 0.75 7.543453509115e-02 4.3537783e-06
103 0.75 7.566635087440e-02 1.4417585e-05
105 0.75 7.365610837859e-02 8.6019670e-06
107 0.75 7.222908539706e-02 3.9334686e-06
109 0.75 7.789816953849e-02 7.5959299e-06
111 0.75 7.624480461263e-02 5.1584620e-06
113 0.75 7.725945994966e-02 6.2623220e-06
115 0.75 7.264809995929e-02 4.0864876e-06
117 0.75 7.415237759463e-02 1.2279161e-06
119 0.75 7.433822639621e-02 2.6945033e-06
121 0.75 7.757770914991e-02 1.2180757e-05
123 0.75 7.168263752117e-02 6.1714686e-06
125 0.75 7.495568123322e-02 3.6088854e-06
127 0.75 7.550731199067e-02 4.7109905e-06
129 0.75 7.571663499200e-02 8.3251236e-06
131 0.75 7.708601823828e-02 4.4659432e-06
133 0.75 7.734702398956e-02 4.9355233e-06
135 0.75 7.517383266949e-02 3.7313688e-06
137 0.75 7.616038353717e-02 3.8356813e-06
139 0.75 7.500375682861e-02 1.6628312e-06
141 0.75 7.518493897721e-02 5.7896543e-06
143 0.75 7.305214592245e-02 2.8874838e-06
145 0.75 7.533121190225e-02 4.7420913e-06
147 0.75 7.548219931291e-02 1.5975952e-06
149 0.75 7.427571453009e-02 3.8089559e-06
151 0.75 7.402546639668e-02 4.8741459e-06
153 0.75 7.324624876717e-02 2.1108949e-06
155 0.75 7.768022194139e-02 6.1905340e-06
157 0.75 7.478215910400e-02 2.7810922e-06
159 0.75 7.546213134039e-02 1.1859486e-06
161 0.75 7.681587668832e-02 4.1330139e-06
163 0.75 7.610787812979e-02 5.8873391e-06
165 0.75 7.304715970832e-02 1.2251512e-06
167 0.75 7.364057990475e-02 7.1673827e-06
169 0.75 7.556558404710e-02 5.1422470e-06
171 0.75 7.529452978640e-02 8.7924753e-06
173 0.75 7.528410528520e-02 6.2034406e-06
175 0.75 7.425459171331e-02 4.5127160e-06
177 0.75 7.522109346152e-02 5.6843535e-06
179 0.75 7.202934286168e-02 1.6420649e-06
181 0.75 7.232003698042e-02 3.8807232e-06
183 0.75 7.399776689264e-02 3.7631667e-06
185 0.75 7.903085044342e-02 6.0036689e-06
187 0.75 7.376545974915e-02 1.0123062e-05
189 0.75 7.335973425669e-02 4.3687327e-06
191 0.75 7.612340084508e-02 4.7721635e-06
193 0.75 7.417465224299e-02 2.5116790e-06
195 0.75 7.612376268609e-02 5.7613338e-06
197 0.75 7.397063804605e-02 2.4731611e-06
199 0.75 7.515924055932e-02 1.4422236e-06
101 1.00 7.343611278906e-02 4.5921104e-06
103 1.00 7.361503175527e-02 5.3485325e-06
105 1.00 7.271359702934e-02 4.2587052e-06
107 1.00 7.075648776464e-02 1.9812957e-06
109 1.00 7.579099991669e-02 5.0058399e-06
111 1.00 7.543090330617e-02 3.9534503e-06
113 1.00 7.465052177653e-02 3.5677843e-06
115 1.00 7.335189732885e-02 1.1489019e-05
117 1.00 7.534439770060e-02 3.5489337e-06
119 1.00 7.385969651098e-02 4.7826617e-06
121 1.00 7.675228331802e-02 5.8025305e-06
123 1.00 7.387167381613e-02 4.7620907e-06
125 1.00 7.456547583975e-02 3.0296845e-06
127 1.00 7.505339602791e-02 4.4248896e-06
129 1.00 7.494358133966e-02 1.1603760e-06
131 1.00 7.619097770532e-02 3.2412883e-06
133 1.00 7.703922220063e-02 5.2707282e-06
135 1.00 7.390326411760e-02 2.0185949e-06
137 1.00 7.508442859381e-02 2.6604264e-06
139 1.00 7.386793144705e-02 1.2926107e-06
141 1.00 7.571300448725e-02 9.0577601e-07
143 1.00 7.411778449916e-02 4.1645992e-06
145 1.00 7.438717646140e-02 5.5188644e-06
147 1.00 7.431252711662e-02 8.4820872e-06
149 1.00 7.479580946923e-02 3.3858643e-06
151 1.00 7.410701434043e-02 7.4541405e-06
153 1.00 7.338366168071e-02 7.8185373e-06
155 1.00 7.529870778012e-02 2.7796219e-06
157 1.00 7.528568206261e-02 7.3736772e-06
159 1.00 7.409674720131e-02 5.5011902e-06
161 1.00 7.675400991064e-02 2.1045684e-05
163 1.00 7.519963207931e-02 2.5506636e-06
165 1.00 7.368116896411e-02 7.2318009e-06
167 1.00 7.299882914474e-02 4.0757939e-06
169 1.00 7.483456148970e-02 1.3267428e-05
171 1.00 7.294720744421e-02 4.9785556e-06
173 1.00 7.384808209228e-02 3.0522769e-06
175 1.00 7.148028508883e-02 3.5539270e-06
177 1.00 7.427698033097e-02 4.9074344e-06
179 1.00 7.097533907861e-02 2.3426031e-06
181 1.00 7.310559893388e-02 4.2824354e-06
183 1.00 7.445583762739e-02 6.7176414e-06
185 1.00 7.543737014041e-02 5.9967467e-06
187 1.00 7.356799869592e-02 3.4572225e-06
189 1.00 7.446034482172e-02 2.1548517e-06
191 1.00 7.464322853104e-02 7.3108992e-06
193 1.00 7.230019713676e-02 3.4566973e-06
195 1.00 7.611991666104e-02 5.3201705e-06
197 1.00 7.373163959342e-02 5.0297655e-06
199 1.00 7.445520885671e-02 7.2851910e-06
2 -1.00 7.857559223012e-02 9.8872421e-06
4 -1.00 7.877553971865e-02 3.1550318e-06
6 -1.00 8.194636512477e-02 2.1190550e-06
8 -1.00 8.230060211124e-02 5.9842149e-06
10 -1.00 7.893386971569e-02 2.8588573e-06
12 -1.00 8.012085517413e-02 2.2677407e-06
14 -1.00 7.972767007157e-02 3.3666332e-06
16 -1.00 8.193149983731e-02 8.5413681e-06
18 -1.00 7.901028591717e-02 6.8315458e-06
20 -1.00 7.817612868399e-02 3.4413789e-06
22 -1.00 7.972175723152e-02 4.7262756e-06
24 -1.00 8.101961916715e-02 7.6399016e-06
26 -1.00 7.825801942010e-02 2.8386477e-06
28 -1.00 7.884720574188e-02 5.0847160e-06
30 -1.00 8.096909308580e-02 8.1546646e-06
32 -1.00 7.817731605274e-02 3.2672381e-06
34 -1.00 7.806480419425e-02 2.9063469e-06
36 -1.00 8.228193634771e-02 3.3743597e-06
38 -1.00 7.704692939819e-02 4.9737607e-06
40 -1.00 7.832336485816e-02 2.8716593e-06
42 -1.00 8.100518672117e-02 7.8456222e-06
44 -1.00 7.722546667041e-02 2.6555435e-06
46 -1.00 7.745374437506e-02 7.9848326e-06
48 -1.00 7.810515202027e-02 4.7474009e-06
50 -1.00 7.776517280773e-02 3.9553338e-06
52 -1.00 7.803595643991e-02 6.1874113e-06
54 -1.00 7.966510810273e-02 6.2199691e-06
56 -1.00 7.798307485484e-02 3.3252597e-06
58 -1.00 7.968094710957e-02 6.1802974e-06
60 -1.00 7.871829590159e-02 3.3420930e-06
62 -1.00 8.012437097734e-02 4.1973962e-06
64 -1.00 7.981582543151e-02 1.7407387e-06
66 -1.00 7.522449190806e-02 1.4538895e-06
68 -1.00 7.871333603174e-02 6.1818073e-06
70 -1.00 7.420978611110e-02 2.0096659e-06
72 -1.00 7.832300360477e-02 5.1185972e-06
74 -1.00 8.173756660250e-02 5.1022964e-06
76 -1.00 7.969899734808e-02 2.2700571e-06
78 -1.00 8.166004653088e-02 2.0897716e-06
80 -1.00 8.321555470177e-02 2.8752045e-06
82 -1.00 7.823613874278e-02 2.7350716e-06
84 -1.00 7.953179059699e-02 2.2897449e-06
86 -1.00 8.180590863527e-02 7.7753635e-06
88 -1.00 7.822875605169e-02 1.3475940e-06
90 -1.00 7.628049192149e-02 2.6361400e-06
92 -1.00 8.021822614208e-02 6.5591689e-06
94 -1.00 7.766789827551e-02 6.9106711e-06
96 -1.00 7.929336092216e-02 5.0929822e-06
98 -1.00 7.844819054177e-02 2.1935870e-06
100 -1.00 7.895344673758e-02 1.9338880e-06
2 -0.75 7.780125796793e-02 3.4190184e-06
4 -0.75 7.946281028386e-02 3.1067111e-06
6 -0.75 8.094985083916e-02 2.6721396e-06
8 -0.75 8.103195075691e-02 4.0517691e-06
10 -0.75 7.798037997068e-02 4.7313981e-06
12 -0.75 8.053188427937e-02 1.5119061e-06
14 -0.75 8.134846654945e-02 1.6379670e-05
16 -0.75 8.138623208120e-02 3.9459593e-06
18 -0.75 7.725788673041e-02 5.4802297e-06
20 -0.75 7.802155497165e-02 5.5023854e-06
22 -0.75 7.927611247310e-02 5.3464023e-06
24 -0.75 7.896352604479e-02 1.6419601e-06
26 -0.75 7.791041612353e-02 2.1553561e-06
28 -0.75 7.902901629866e-02 3.2898293e-06
30 -0.75 8.023103245625e-02 1.9747337e-06
32 -0.75 7.804013447369e-02 5.1203667e-06
34 -0.75 7.641595316836e-02 1.1474859e-06
36 -0.75 8.019418819956e-02 3.0205351e-06
38 -0.75 7.713936247907e-02 4.1201442e-06
40 -0.75 7.689139667230e-02 3.2449750e-06
42 -0.75 7.774272263823e-02 1.5809570e-06
44 -0.75 7.698826719892e-02 3.2928148e-06
46 -0.75 7.449431347664e-02 4.1518343e-06
48 -0.75 7.737886952213e-02 4.0041560e-06
50 -0.75 7.793189358177e-02 1.6041016e-06
52 -0.75 7.726598984596e-02 7.7844915e-06
54 -0.75 7.942930510653e-02 2.0084567e-06
56 -0.75 7.896590535177e-02 1.0909417e-05
58 -0.75 8.071034695206e-02 1.7129012e-06
60 -0.75 8.042558180584e-02 9.4771105e-06
62 -0.75 7.974022891703e-02 2.9300762e-06
64 -0.75 7.934146822010e-02 5.4157764e-06
66 -0.75 7.488217795940e-02 2.5296214e-06
68 -0.75 7.685014193247e-02 3.7751773e-06
70 -0.75 7.458604885761e-02 8.0993920e-06
72 -0.75 7.799824561540e-02 5.9421206e-06
74 -0.75 8.119103090504e-02 3.5976548e-06
76 -0.75 7.891242359581e-02 2.9936167e-06
78 -0.75 7.998534148534e-02 1.8980574e-06
80 -0.75 8.275600384538e-02 5.5192753e-06
82 -0.75 7.665027730569e-02 5.5001153e-06
84 -0.75 7.905312583291e-02 2.0869805e-06
86 -0.75 8.018287023134e-02 2.7841029e-06
88 -0.75 7.710777136434e-02 3.0887739e-06
90 -0.75 7.614161836350e-02 3.1168279e-06
92 -0.75 7.966515010990e-02 4.8273957e-06
94 -0.75 7.742155431999e-02 2.2230973e-06
96 -0.75 7.747528790945e-02 7.0028731e-06
98 -0.75 7.932678803948e-02 6.1334580e-06
100 -0.75 7.647985806483e-02 6.9081507e-06
2 -0.50 7.837115089737e-02 1.2892615e-06
4 -0.50 7.741257731175e-02 1.0375521e-06
6 -0.50 7.985037848881e-02 4.5084377e-06
8 -0.50 8.070854376538e-02 4.7879038e-06
10 -0.50 7.699108979913e-02 2.9949995e-06
12 -0.50 7.885819313631e-02 2.6406610e-06
14 -0.50 7.915616144632e-02 4.8561096e-06
16 -0.50 8.149392349700e-02 5.6498186e-06
18 -0.50 7.583472857994e-02 6.3087157e-06
20 -0.50 7.637839111491e-02 2.8984481e-06
22 -0.50 7.938561692298e-02 5.1464890e-06
24 -0.50 7.963748821936e-02 5.9479410e-06
26 -0.50 7.777330944225e-02 4.0099158e-06
28 -0.50 7.737949736169e-02 1.7779715e-06
30 -0.50 7.992470029042e-02 4.7675564e-06
32 -0.50 7.577387888041e-02 3.1849219e-06
34 -0.50 7.674681422876e-02 4.4469019e-06
36 -0.50 8.042351296352e-02 4.3851860e-06
38 -0.50 7.542673011152e-02 4.2767032e-06
40 -0.50 7.683654793145e-02 5.2269676e-06
42 -0.50 7.645800845530e-02 8.4276820e-06
44 -0.50 7.649100028187e-02 3.8863785e-06
46 -0.50 7.521555945607e-02 9.6182611e-06
48 -0.50 7.559991037472e-02 9.6182914e-06
50 -0.50 7.780082857808e-02 1.6327678e-06
52 -0.50 7.527594192791e-02 4.4752915e-06
54 -0.50 7.977433050199e-02 1.6551074e-06
56 -0.50 7.801177501742e-02 2.7296274e-06
58 -0.50 7.848855980030e-02 4.7433780e-06
60 -0.50 7.869297921720e-02 2.7554099e-06
62 -0.50 7.856160661928e-02 4.9920188e-06
64 -0.50 7.781406857360e-02 1.5535294e-06
66 -0.50 7.627704894932e-02 7.9875311e-06
68 -0.50 7.823948001328e-02 3.1370169e-06
70 -0.50 7.434160668899e-02 8.0306052e-06
72 -0.50 7.617152869253e-02 4.2645001e-06
74 -0.50 8.043966251916e-02 6.6914746e-06
76 -0.50 7.956952841239e-02 1.0060658e-05
78 -0.50 7.720888914141e-02 2.2730989e-06
80 -0.50 8.045207573538e-02 5.4707235e-06
82 -0.50 7.680793828375e-02 6.7344073e-06
84 -0.50 7.828346486160e-02 4.4934538e-06
86 -0.50 8.044044208556e-02 4.4436624e-06
88 -0.50 7.679542951134e-02 2.8883360e-06
90 -0.50 7.691113069625e-02 1.2570617e-06
92 -0.50 7.880932358902e-02 2.9739263e-06
94 -0.50 7.784826869157e-02 3.6480627e-06
96 -0.50 7.714309615617e-02 8.8477738e-06
98 -0.50 7.806880844297e-02 1.2941833e-05
100 -0.50 7.669335731226e-02 1.9591480e-06
2 -0.25 7.837380368563e-02 7.1972417e-06
4 -0.25 7.712964591492e-02 7.5703742e-06
6 -0.25 8.102963968762e-02 4.1029731e-06
8 -0.25 7.920471027962e-02 5.5906512e-06
10 -0.25 7.682614181124e-02 6.3551127e-06
12 -0.25 7.719141276435e-02 9.0737619e-06
14 -0.25 7.824998228313e-02 8.1969908e-06
16 -0.25 8.092790774348e-02 2.0396135e-06
18 -0.25 7.612968203938e-02 1.7951774e-06
20 -0.25 7.659354711068e-02 5.2761168e-06
22 -0.25 7.810862531088e-02 2.4184196e-06
24 -0.25 7.688156159563e-02 5.6142250e-06
26 -0.25 7.878970591808e-02 5.5929720e-06
28 -0.25 7.724168764316e-02 4.4125543e-06
30 -0.25 8.019079682714e-02 2.4591427e-06
32 -0.25 7.497119802401e-02 4.1119045e-06
34 -0.25 7.648344348645e-02 3.6169069e-06
36 -0.25 7.914796927746e-02 2.1002513e-06
38 -0.25 7.609080208649e-02 1.2701993e-06
40 -0.25 7.723614381261e-02 9.0864808e-06
42 -0.25 7.724937930136e-02 7.2975451e-06
44 -0.25 7.555394362668e-02 5.6256962e-06
46 -0.25 7.517866746195e-02 1.7596200e-06
48 -0.25 7.632516002930e-02 2.8498246e-06
50 -0.25 7.706384116377e-02 5.2301085e-06
52 -0.25 7.640282590802e-02 1.5344295e-06
54 -0.25 7.759352958956e-02 2.1655665e-06
56 -0.25 7.705422027159e-02 4.8235761e-06
58 -0.25 7.993917105808e-02 3.3529755e-06
60 -0.25 7.699258767379e-02 2.3800374e-06
62 -0.25 7.882557465573e-02 2.8256577e-06
64 -0.25 7.744843386051e-02 7.1059375e-06
66 -0.25 7.508946970849e-02 3.8625333e-06
68 -0.25 7.596466176349e-02 4.6467873e-06
70 -0.25 7.334920668176e-02 4.5108176e-06
72 -0.25 7.586042134179e-02 4.5721864e-06
74 -0.25 8.202144194339e-02 7.0960997e-06
76 -0.25 7.722527281157e-02 5.6033923e-06
78 -0.25 7.935963109802e-02 4.8054891e-06
80 -0.25 7.986747974710e-02 1.8795444e-06
82 -0.25 7.605045493758e-02 4.8082476e-06
84 -0.25 7.790872569929e-02 5.6564536e-06
86 -0.25 8.038284266474e-02 4.1142528e-06
88 -0.25 7.673730966306e-02 4.4175503e-06
90 -0.25 7.686262809138e-02 5.9493881e-06
92 -0.25 7.801178696886e-02 4.7682373e-06
94 -0.25 7.580454743538e-02 4.0206244e-06
96 -0.25 7.597702129443e-02 4.7236205e-06
98 -0.25 7.752788927630e-02 2.4245354e-06
100 -0.25 7.499579891258e-02 7.7556868e-06
2 0.00 7.809160845372e-02 6.7942860e-06
4 0.00 7.773312707703e-02 3.2122541e-06
6 0.00 8.021594006267e-02 1.7545806e-05
8 0.00 8.005581828517e-02 8.0460885e-06
10 0.00 7.466152926440e-02 5.8664627e-06
12 0.00 7.720522053260e-02 5.5302406e-06
14 0.00 7.722525057467e-02 1.2652525e-05
16 0.00 7.842953759004e-02 4.6590379e-06
18 0.00 7.444078996937e-02 3.0092270e-06
20 0.00 7.653116322110e-02 8.4571605e-06
22 0.00 7.902501845875e-02 4.8184972e-06
24 0.00 7.707081101367e-02 2.6799532e-06
26 0.00 7.850055296852e-02 4.9174172e-06
28 0.00 7.530403990983e-02 2.2054234e-06
30 0.00 7.862423443847e-02 3.8675992e-06
32 0.00 7.697085063030e-02 3.2803439e-06
34 0.00 7.559205178026e-02 8.5601347e-06
36 0.00 7.908292617733e-02 1.2527842e-06
38 0.00 7.536896997630e-02 1.0789194e-05
40 0.00 7.636431260610e-02 3.3416234e-06
42 0.00 7.652424730353e-02 4.1927096e-06
44 0.00 7.532466506098e-02 6.5338832e-06
46 0.00 7.500046383337e-02 4.9926044e-06
48 0.00 7.593983439823e-02 5.3431590e-06
50 0.00 7.559284353992e-02 2.2077989e-06
52 0.00 7.477809995500e-02 3.2675272e-06
54 0.00 7.787463246592e-02 2.1941459e-06
56 0.00 7.658569726430e-02 4.8435984e-06
58 0.00 7.738529375818e-02 1.9585497e-06
60 0.00 7.858567598535e-02 2.4854415e-06
62 0.00 7.894283355194e-02 4.3104099e-06
64 0.00 7.717889148645e-02 5.3033395e-06
66 0.00 7.294566342814e-02 4.0697451e-06
68 0.00 7.473844159032e-02 2.8154586e-06
70 0.00 7.375000678457e-02 2.3395098e-06
72 0.00 7.537180150751e-02 1.0077690e-05
74 0.00 7.843665399828e-02 2.9392630e-06
76 0.00 7.653606980521e-02 6.6231859e-06
78 0.00 7.762783198127e-02 5.3844510e-06
80 0.00 7.989449463227e-02 5.0291673e-06
82 0.00 7.693859484795e-02 2.7799877e-06
84 0.00 7.720088736605e-02 4.0381584e-06
86 0.00 7.711584435838e-02 5.2616854e-06
88 0.00 7.533030858771e-02 2.3670664e-06
90 0.00 7.540098745811e-02 4.6291706e-06
92 0.00 7.793968231040e-02 5.9898187e-06
94 0.00 7.594473291753e-02 5.7422316e-06
96 0.00 7.653989702232e-02 3.8044641e-06
98 0.00 7.674108521276e-02 3.6309510e-06
100 0.00 7.625738154665e-02 9.1586238e-06
2 0.25 7.812941276523e-02 4.7749324e-06
4 0.25 7.741749281733e-02 3.6406732e-06
6 0.25 7.942864450370e-02 4.9934483e-06
8 0.25 7.668840104689e-02 1.8818613e-06
10 0.25 7.315321403234e-02 1.1206398e-06
12 0.25 7.689827390260e-02 5.4838681e-06
14 0.25 7.639325784056e-02 3.6322080e-06
16 0.25 7.829227415459e-02 4.9489129e-06
18 0.25 7.436365838549e-02 6.2462371e-06
20 0.25 7.557127352865e-02 1.6825942e-06
22 0.25 7.575449381305e-02 5.6059860e-06
24 0.25 7.790768905377e-02 3.4227245e-06
26 0.25 7.508666085663e-02 3.8428370e-06
28 0.25 7.735683539082e-02 3.2646484e-06
30 0.25 7.762788500332e-02 6.2878779e-06
32 0.25 7.337290296474e-02 2.0879666e-06
34 0.25 7.613729197818e-02 5.9145786e-06
36 0.25 7.857790874451e-02 8.9667881e-06
38 0.25 7.344779462084e-02 4.9989868e-06
40 0.25 7.547360348745e-02 8.8194842e-06
42 0.25 7.540210795481e-02 4.2444902e-06
44 0.25 7.512442060246e-02 4.2376837e-06
46 0.25 7.317191579721e-02 8.4631887e-06
48 0.25 7.577066120142e-02 4.8814650e-06
50 0.25 7.535681070316e-02 9.9926670e-06
52 0.25 7.529308476948e-02 9.6849936e-06
54 0.25 7.749060587901e-02 1.4558109e-06
56 0.25 7.520582989054e-02 6.7004474e-06
58 0.25 7.892034181099e-02 1.3936128e-05
60 0.25 7.709852244322e-02 6.7368202e-06
62 0.25 7.696953544280e-02 4.6430072e-06
64 0.25 7.707581295509e-02 4.9301081e-06
66 0.25 7.468519146131e-02 4.6486337e-06
68 0.25 7.532407342506e-02 6.2905880e-06
70 0.25 7.362255562412e-02 5.7672193e-06
72 0.25 7.412692445389e-02 5.9667031e-06
74 0.25 7.849265690091e-02 2.7120784e-06
76 0.25 7.683021750671e-02 5.1405317e-06
78 0.25 7.824668188767e-02 3.8533877e-06
80 0.25 7.831668233793e-02 3.9665523e-06
82 0.25 7.494326998762e-02 3.5731505e-06
84 0.25 7.648071361525e-02 2.6101507e-06
86 0.25 7.876544783415e-02 8.5990907e-06
88 0.25 7.548921912786e-02 4.0178463e-06
90 0.25 7.424464278909e-02 3.9722032e-06
92 0.25 7.663718821858e-02 8.2788885e-06
94 0.25 7.474267720652e-02 4.8608838e-06
96 0.25 7.453140669744e-02 7.3215508e-06
98 0.25 7.702970664483e-02 2.2511126e-06
100 0.25 7.549177698036e-02 6.6660755e-06
2 0.50 7.595353668827e-02 6.3804227e-06
4 0.50 7.464401385786e-02 3.0676536e-06
6 0.50 7.772347187755e-02 5.7118220e-06
8 0.50 7.656571098706e-02 1.9656376e-06
10 0.50 7.323777739359e-02 2.6981593e-06
12 0.50 7.595027409597e-02 3.6657812e-06
14 0.50 7.626389177998e-02 3.8486394e-06
16 0.50 7.724271562518e-02 3.6401359e-06
18 0.50 7.523234319484e-02 8.7870990e-06
20 0.50 7.408677153127e-02 3.9051838e-06
22 0.50 7.515875989177e-02 3.2099728e-06
24 0.50 7.637268496043e-02 4.6228910e-06
26 0.50 7.507750294211e-02 4.2294467e-06
28 0.50 7.583310316991e-02 2.0808425e-06
30 0.50 7.623754875977e-02 4.1159044e-06
32 0.50 7.392985642574e-02 3.2408079e-06
34 0.50 7.566182613070e-02 5.0650660e-06
36 0.50 7.826577646110e-02 5.6395897e-06
38 0.50 7.422785875465e-02 3.6563468e-06
40 0.50 7.541630065751e-02 6.1711469e-06
42 0.50 7.487163764698e-02 2.7590188e-06
44 0.50 7.413175340433e-02 3.5965892e-06
46 0.50 7.213196958214e-02 2.6442898e-06
48 0.50 7.388282276594e-02 4.1929518e-06
50 0.50 7.549863896029e-02 1.1525729e-06
52 0.50 7.399063999703e-02 3.6368156e-06
54 0.50 7.669166951442e-02 4.9720350e-06
56 0.50 7.557301252665e-02 3.9114518e-06
58 0.50 7.886069498401e-02 8.7742121e-06
60 0.50 7.656362059465e-02 3.1844674e-06
62 0.50 7.596758255347e-02 4.4732073e-06
64 0.50 7.546603220068e-02 3.3618932e-06
66 0.50 7.379131721443e-02 6.7595997e-06
68 0.50 7.518046045915e-02 6.7648594e-06
70 0.50 7.203760947044e-02 3.2402275e-06
72 0.50 7.499018932138e-02 3.2892368e-06
74 0.50 7.798344343453e-02 3.4967841e-06
76 0.50 7.507100122754e-02 4.2315529e-06
78 0.50 7.656480814819e-02 2.6275585e-06
80 0.50 7.881289717452e-02 5.6050487e-06
82 0.50 7.394817372256e-02 4.7274041e-06
84 0.50 7.601224806958e-02 2.0127878e-06
86 0.50 7.796475377990e-02 1.1545413e-06
88 0.50 7.583325733054e-02 2.7979197e-06
90 0.50 7.541234648448e-02 1.6446386e-06
92 0.50 7.646052631064e-02 2.8343988e-06
94 0.50 7.650286818932e-02 1.3067093e-05
96 0.50 7.475295023851e-02 3.9413311e-06
98 0.50 7.663495731262e-02 4.2735145e-06
100 0.50 7.559492370680e-02 1.1090302e-05
2 0.75 7.614566270965e-02 3.2202419e-06
4 0.75 7.484159923581e-02 5.3973574e-07
6 0.75 7.661102005602e-02 4.1201576e-06
8 0.75 7.541966518784e-02 5.3655022e-06
10 0.75 7.210913535187e-02 5.9157256e-06
12 0.75 7.559043852157e-02 1.4845860e-06
14 0.75 7.542765372389e-02 4.2546443e-06
16 0.75 7.599488040509e-02 5.2823683e-06
18 0.75 7.438001313300e-02 5.8211177e-06
20 0.75 7.530139344879e-02 5.1573089e-06
22 0.75 7.601180197109e-02 3.9937613e-06
24 0.75 7.514138056602e-02 4.3795480e-06
26 0.75 7.612515955074e-02 7.2436310e-06
28 0.75 7.439841089992e-02 4.3184828e-06
30 0.75 7.817815030271e-02 6.2278738e-06
32 0.75 7.396772207341e-02 7.1617846e-06
34 0.75 7.558206211384e-02 5.4343092e-06
36 0.75 7.786682650742e-02 5.4386313e-06
38 0.75 7.350001096940e-02 4.4631610e-06
40 0.75 7.441099814443e-02 4.4012322e-06
42 0.75 7.480287310592e-02 7.1007898e-06
44 0.75 7.445602555952e-02 6.4764625e-06
46 0.75 7.420237473366e-02 3.9709997e-06
48 0.75 7.258637781529e-02 4.5229040e-06
50 0.75 7.455441523422e-02 2.4925792e-06
52 0.75 7.177715014084e-02 2.2372148e-06
54 0.75 7.676051788245e-02 8.3206683e-06
56 0.75 7.337079993018e-02 2.9444885e-06
58 0.75 7.673173068022e-02 9.5441943e-06
60 0.75 7.636372086431e-02 4.6729779e-06
62 0.75 7.611818977779e-02 1.0988993e-05
64 0.75 7.686081818268e-02 5.5044518e-06
66 0.75 7.332806573579e-02 5.7245981e-06
68 0.75 7.439898950707e-02 6.2728623e-06
70 0.75 7.266314523230e-02 5.3157425e-06
72 0.75 7.365296568931e-02 4.9475204e-06
74 0.75 7.630812868265e-02 9.1500218e-06
76 0.75 7.376860362683e-02 3.3862533e-06
78 0.75 7.431576074056e-02 4.6193783e-06
80 0.75 7.705366093055e-02 5.0641964e-06
82 0.75 7.412604141264e-02 5.3419169e-06
84 0.75 7.556564106483e-02 2.3003337e-06
86 0.75 7.586548137885e-02 8.7723847e-06
88 0.75 7.526870636472e-02 2.2288950e-05
90 0.75 7.300904661576e-02 5.0391044e-06
92 0.75 7.581777483084e-02 3.7767977e-06
94 0.75 7.504179499354e-02 5.3658994e-06
96 0.75 7.478269526936e-02 3.0623441e-06
98 0.75 7.489674575339e-02 1.8877545e-06
100 0.75 7.560888142407e-02 7.8707788e-06
2 1.00 7.689742511713e-02 4.4284802e-06
4 1.00 7.313230986182e-02 6.8472439e-06
6 1.00 7.665422253220e-02 3.3238528e-06
8 1.00 7.660704400186e-02 1.8430553e-06
10 1.00 7.254576229980e-02 3.4155184e-06
12 1.00 7.558760368530e-02 3.5507455e-06
14 1.00 7.520627843250e-02 3.9232595e-06
16 1.00 7.608825234529e-02 8.4907179e-06
18 1.00 7.235254847610e-02 4.4786226e-06
20 1.00 7.451140125815e-02 7.8073451e-06
22 1.00 7.339901870184e-02 8.2838005e-06
24 1.00 7.617338489631e-02 7.8510221e-06
26 1.00 7.392311109989e-02 3.8307611e-06
28 1.00 7.548784909091e-02 1.2400522e-06
30 1.00 7.551498319472e-02 8.9518742e-06
32 1.00 7.396253204051e-02 3.5915792e-06
34 1.00 7.317153262544e-02 1.3412702e-06
36 1.00 7.559669316399e-02 4.8877534e-06
38 1.00 7.374027370673e-02 4.1338790e-06
40 1.00 7.377049782537e-02 1.1829152e-06
42 1.00 7.418329926581e-02 6.2753452e-06
44 1.00 7.349797072962e-02 1.5111802e-06
46 1.00 7.227084559609e-02 4.6143399e-06
48 1.00 7.248186194261e-02 5.4078828e-06
50 1.00 7.440972842998e-02 1.0450982e-05
52 1.00 7.242034929812e-02 4.2357333e-06
54 1.00 7.613792006854e-02 1.8029613e-06
56 1.00 7.341432811859e-02 2.0246790e-06
58 1.00 7.531451443542e-02 4.3162935e-06
60 1.00 7.527793954332e-02 2.9245226e-06
62 1.00 7.493232351411e-02 6.8790827e-06
64 1.00 7.481048449712e-02 9.1071372e-06
66 1.00 7.301765796668e-02 3.1073663e-06
68 1.00 7.318529368003e-02 4.6572289e-06
70 1.00 7.131855131519e-02 3.4601203e-06
72 1.00 7.263177258448e-02 7.3730892e-06
74 1.00 7.653477964638e-02 2.8980467e-06
76 1.00 7.385222990688e-02 3.6968298e-06
78 1.00 7.502519636763e-02 3.7229151e-06
80 1.00 7.820262729114e-02 6.7239168e-06
82 1.00 7.210530030711e-02 5.0738568e-06
84 1.00 7.564417710163e-02 6.1386385e-06
86 1.00 7.587675999424e-02 3.0311126e-06
88 1.00 7.382598117686e-02 1.7956592e-06
90 1.00 7.421844423869e-02 2.6699311e-06
92 1.00 7.533583250855e-02 2.7682542e-06
94 1.00 7.250938762742e-02 1.4184416e-06
96 1.00 7.152931160758e-02 4.2780157e-06
98 1.00 7.341594279346e-02 7.9205062e-06
100 1.00 7.291693145822e-02 7.8531320e-06
102 -1.00 7.852041509598e-02 3.9115665e-06
104 -1.00 7.783614360593e-02 4.1456672e-06
106 -1.00 7.914245450782e-02 3.2628623e-06
108 -1.00 7.846807871605e-02 1.5417437e-06
110 -1.00 7.655290550142e-02 4.9463608e-06
112 -1.00 7.933239676333e-02 6.4280039e-06
114 -1.00 7.912784369082e-02 3.3695474e-06
116 -1.00 8.496256731207e-02 5.4478294e-06
118 -1.00 8.194208837799e-02 3.6704142e-06
120 -1.00 8.141607269727e-02 6.1133094e-06
122 -1.00 8.081672556127e-02 6.7687808e-06
124 -1.00 7.896734545622e-02 4.1951659e-06
126 -1.00 8.213775307709e-02 7.6739617e-06
128 -1.00 8.072613523570e-02 5.5391051e-06
130 -1.00 8.090403601696e-02 4.0667058e-06
132 -1.00 7.750114274123e-02 1.4850139e-06
134 -1.00 7.937799916685e-02 3.1838394e-06
136 -1.00 8.235184381862e-02 3.2280543e-06
138 -1.00 7.884712848665e-02 7.7955026e-07
140 -1.00 7.850847419151e-02 6.9174949e-06
142 -1.00 8.003450549117e-02 7.3249425e-06
144 -1.00 7.715177278156e-02 7.5945472e-06
146 -1.00 8.082159071907e-02 2.2061247e-06
148 -1.00 7.893281682935e-02 3.8463707e-06
150 -1.00 8.004003050519e-02 4.6154413e-06
152 -1.00 8.124553392640e-02 4.5876244e-06
154 -1.00 8.046579216989e-02 4.1956170e-06
156 -1.00 7.986878150048e-02 4.9651256e-06
158 -1.00 7.893501118746e-02 3.1987671e-06
160 -1.00 8.127859274561e-02 4.6982784e-06
162 -1.00 7.521713208756e-02 5.3333753e-06
164 -1.00 7.950874304927e-02 2.4866114e-06
166 -1.00 8.190251490332e-02 3.8797406e-06
168 -1.00 8.014603662177e-02 3.6133303e-06
170 -1.00 8.241019395961e-02 2.6291818e-06
172 -1.00 7.984106838630e-02 1.6981872e-06
174 -1.00 8.304343611475e-02 4.7403663e-06
176 -1.00 8.204381494939e-02 6.2553321e-06
178 -1.00 8.200779689712e-02 7.8523208e-06
180 -1.00 8.102735267303e-02 1.7553225e-06
182 -1.00 7.892257965073e-02 1.3532013e-06
184 -1.00 7.745130698090e-02 2.3628324e-06
186 -1.00 8.076540604415e-02 3.5159414e-06
188 -1.00 8.077347162276e-02 6.7587189e-06
190 -1.00 8.011601984842e-02 3.4247064e-06
192 -1.00 8.283067359442e-02 3.0111755e-06
194 -1.00 8.099606061244e-02 3.1210132e-06
196 -1.00 8.002077384240e-02 3.5903386e-06
198 -1.00 7.979007413761e-02 5.9856746e-06
200 -1.00 8.250490944781e-02 9.1552748e-06
102 -0.75 7.855137249102e-02 6.3247184e-06
104 -0.75 7.806216646659e-02 5.7398582e-06
106 -0.75 7.776399949210e-02 5.8933485e-06
108 -0.75 7.709506539368e-02 1.8267406e-06
110 -0.75 7.524655599199e-02 5.3467053e-06
112 -0.75 7.998430641938e-02 9.5734100e-06
114 -0.75 8.094530227017e-02 3.2269376e-06
116 -0.75 8.365232700722e-02 4.5367820e-06
118 -0.75 8.028691542873e-02 1.1042656e-05
120 -0.75 8.045588284020e-02 6.7496471e-06
122 -0.75 8.027484039142e-02 4.9727906e-06
124 -0.75 7.904691090179e-02 4.9649578e-06
126 -0.75 8.284617370516e-02 4.0295875e-06
128 -0.75 8.094352351706e-02 2.5524874e-06
130 -0.75 7.937771342200e-02 5.9972946e-06
132 -0.75 7.716804768401e-02 5.4492836e-06
134 -0.75 7.800545501203e-02 3.5036521e-06
136 -0.75 8.069385119648e-02 7.8662117e-06
138 -0.75 7.821435900382e-02 2.8544166e-06
140 -0.75 7.831367214515e-02 2.8196488e-06
142 -0.75 8.028633309231e-02 2.2095553e-06
144 -0.75 7.692781864701e-02 6.0225292e-06
146 -0.75 8.041885968357e-02 3.7301997e-06
148 -0.75 7.788474328114e-02 1.0351277e-06
150 -0.75 7.933835904534e-02 4.2648633e-06
152 -0.75 8.062104200155e-02 5.4462300e-06
154 -0.75 7.758714140420e-02 7.0799739e-06
156 -0.75 7.776672616899e-02 1.3932650e-06
158 -0.75 7.705128735063e-02 2.7741652e-06
160 -0.75 7.837204269315e-02 3.1818141e-06
162 -0.75 7.531121975234e-02 4.7032407e-06
164 -0.75 7.871604049842e-02 6.9331999e-06
166 -0.75 8.177985920289e-02 7.8901499e-06
168 -0.75 7.884396372638e-02 3.0938624e-06
170 -0.75 8.085032790023e-02 4.1016168e-06
172 -0.75 7.847900165882e-02 5.1255598e-06
174 -0.75 8.125755370471e-02 2.8133000e-06
176 -0.75 8.123963424435e-02 7.5676257e-06
178 -0.75 8.371102692330e-02 1.4036794e-05
180 -0.75 7.845836716901e-02 1.6495385e-06
182 -0.75 8.167362212678e-02 8.6241062e-06
184 -0.75 7.696380086792e-02 3.1590846e-06
186 -0.75 8.030999096597e-02 1.3107479e-06
188 -0.75 7.798790690448e-02 5.0147023e-06
190 -0.75 7.898013636446e-02 4.5518227e-06
192 -0.75 8.166682592107e-02 4.3686337e-06
194 -0.75 7.996610480951e-02 4.9933815e-06
196 -0.75 8.199244563177e-02 4.6941179e-06
198 -0.75 8.168151548888e-02 5.9011401e-06
200 -0.75 8.170459407791e-02 9.2480792e-06
102 -0.50 7.847526787756e-02 6.2597856e-06
104 -0.50 7.773610775670e-02 3.1604179e-06
106 -0.50 7.707549899633e-02 5.9721141e-06
108 -0.50 7.584648976037e-02 5.7707696e-06
110 -0.50 7.608591639734e-02 2.6494980e-06
112 -0.50 7.921790271846e-02 3.8564861e-06
114 -0.50 7.968260810599e-02 2.8166507e-06
116 -0.50 8.324926496465e-02 3.9504447e-06
118 -0.50 8.074670039927e-02 4.0483862e-06
120 -0.50 7.923441684832e-02 5.4363363e-06
122 -0.50 7.832233056358e-02 2.7909257e-06
124 -0.50 7.823630875846e-02 3.6161542e-06
126 -0.50 7.965526612307e-02 8.1292746e-06
128 -0.50 7.934289088421e-02 7.3499975e-06
130 -0.50 7.987820231864e-02 5.2176338e-06
132 -0.50 7.663261166125e-02 2.1082886e-06
134 -0.50 7.837998389465e-02 4.7197621e-06
136 -0.50 7.883565873287e-02 4.9029221e-06
138 -0.50 7.913755183648e-02 4.9169496e-06
140 -0.50 7.826586964763e-02 3.5199553e-06
142 -0.50 8.025910689405e-02 4.6335990e-06
144 -0.50 7.587294814403e-02 4.5035051e-06
146 -0.50 7.764786743324e-02 9.2810560e-07
148 -0.50 7.736889517376e-02 3.7043654e-06
150 -0.50 7.882477431878e-02 3.0042078e-06
152 -0.50 7.911762900317e-02 4.7693244e-06
154 -0.50 7.787404889404e-02 8.1331279e-07
156 -0.50 7.752230745698e-02 5.4962256e-06
158 -0.50 7.756694208459e-02 3.8712682e-06
160 -0.50 7.809898565399e-02 5.9086150e-06
162 -0.50 7.374914410706e-02 2.8494652e-06
164 -0.50 7.975476266595e-02 3.1410046e-06
166 -0.50 8.109595504628e-02 2.9972428e-06
168 -0.50 7.862984483512e-02 8.8219590e-06
170 -0.50 7.953794802820e-02 5.0899421e-06
172 -0.50 7.853998604536e-02 5.2660650e-06
174 -0.50 8.167409077335e-02 1.0476511e-05
176 -0.50 8.023383988643e-02 2.7613835e-06
178 -0.50 8.182886164289e-02 2.2112155e-06
180 -0.50 7.880492879238e-02 3.0767249e-06
182 -0.50 7.864925456551e-02 3.7010717e-06
184 -0.50 7.620285697604e-02 2.5812839e-06
186 -0.50 8.034730719076e-02 3.2770406e-06
188 -0.50 7.824100206214e-02 6.0984783e-06
190 -0.50 7.810998202705e-02 2.5434938e-06
192 -0.50 8.038815822263e-02 6.4902842e-06
194 -0.50 7.924501621783e-02 2.1777235e-06
196 -0.50 7.930172273499e-02 4.2712141e-06
198 -0.50 7.965313709121e-02 6.1149279e-06
200 -0.50 8.024376300839e-02 2.1828482e-06
102 -0.25 7.829393290714e-02 2.0408167e-06
104 -0.25 7.656581927567e-02 2.2238958e-06
106 -0.25 7.754771099857e-02 1.2955259e-05
108 -0.25 7.665734459017e-02 7.8417648e-06
110 -0.25 7.541616047387e-02 5.3055002e-06
112 -0.25 7.634593271668e-02 1.3042960e-06
114 -0.25 7.877852838730e-02 3.3594307e-06
116 -0.25 8.080225885316e-02 4.0697019e-06
118 -0.25 7.836242112805e-02 3.5311386e-06
120 -0.25 7.929816010348e-02 6.7071288e-06
122 -0.25 7.780590924965e-02 3.6183047e-06
124 -0.25 7.874240831441e-02 4.0035249e-06
126 -0.25 8.020093816748e-02 1.8509746e-06
128 -0.25 7.949841557222e-02 5.3178150e-06
130 -0.25 7.982131963333e-02 1.3065685e-05
132 -0.25 7.673939725412e-02 6.9128795e-06
134 -0.25 7.871184054313e-02 6.6177652e-06
136 -0.25 7.776051050162e-02 2.1311958e-06
138 -0.25 7.713877828824e-02 1.1141737e-06
140 -0.25 7.640539210297e-02 2.8633072e-06
142 -0.25 7.859466167489e-02 2.1935253e-06
144 -0.25 7.771292500039e-02 5.6529133e-06
146 -0.25 7.862288916017e-02 2.7481861e-06
148 -0.25 7.696665623119e-02 3.6807036e-06
150 -0.25 7.681446634581e-02 4.0301061e-06
152 -0.25 7.887935594707e-02 7.9635765e-06
154 -0.25 7.859988246837e-02 5.6596486e-06
156 -0.25 7.633754656670e-02 6.8192019e-06
158 -0.25 7.660403358264e-02 1.4014842e-06
160 -0.25 7.817589943347e-02 5.5245843e-06
162 -0.25 7.567854268755e-02 1.1874933e-05
164 -0.25 7.821238766436e-02 2.8178814e-06
166 -0.25 7.995079092134e-02 5.6879963e-06
168 -0.25 7.780792658539e-02 1.0005233e-06
170 -0.25 7.966114777433e-02 6.5903868e-06
172 -0.25 7.883567138078e-02 5.4824375e-06
174 -0.25 8.018465958365e-02 2.0645000e-06
176 -0.25 8.018553589838e-02 2.1590492e-06
178 -0.25 8.095222417467e-02 5.2514443e-06
180 -0.25 7.949713968020e-02 2.0952256e-06
182 -0.25 7.911618460541e-02 1.4651343e-06
184 -0.25 7.523085281906e-02 2.3566450e-06
186 -0.25 7.915263007443e-02 9.5238593e-06
188 -0.25 7.871893908186e-02 4.0223036e-06
190 -0.25 7.628030227180e-02 4.7246003e-06
192 -0.25 7.918918884521e-02 5.5037797e-06
194 -0.25 7.914997730025e-02 7.5259117e-06
196 -0.25 7.649016216872e-02 3.1082572e-06
198 -0.25 7.819212961785e-02 6.9623396e-06
200 -0.25 8.142164011620e-02 1.0838611e-05
102 0.00 7.741648972318e-02 7.2326954e-06
104 0.00 7.767463689617e-02 7.4304655e-06
106 0.00 7.776363301847e-02 3.7742783e-06
108 0.00 7.624315837220e-02 3.6732364e-06
110 0.00 7.362072721761e-02 1.8173372e-06
112 0.00 7.748948285624e-02 9.2729736e-06
114 0.00 7.810766030330e-02 5.7672044e-06
116 0.00 7.951417962763e-02 3.9558397e-06
118 0.00 7.997029173258e-02 9.4715448e-06
120 0.00 7.763522357925e-02 8.8012770e-06
122 0.00 7.626271158627e-02 7.3088843e-06
124 0.00 7.763847359097e-02 6.8853873e-06
126 0.00 8.029671606966e-02 5.0111021e-06
128 0.00 7.868707116286e-02 6.4281781e-06
130 0.00 7.755666015765e-02 2.8719221e-06
132 0.00 7.565572742245e-02 3.0491490e-06
134 0.00 7.666620389786e-02 6.8162088e-06
136 0.00 7.785255684946e-02 1.7564344e-06
138 0.00 7.760410377041e-02 7.1163425e-06
140 0.00 7.636786237081e-02 2.9627647e-06
142 0.00 7.886256839685e-02 8.0912903e-06
144 0.00 7.476741527994e-02 1.7579550e-06
146 0.00 7.838251323724e-02 7.3795745e-06
148 0.00 7.633739440089e-02 3.6058300e-06
150 0.00 7.665064303048e-02 7.0461890e-06
152 0.00 7.970140643024e-02 5.3209175e-06
154 0.00 7.600258324132e-02 3.8380556e-06
156 0.00 7.446898398733e-02 2.2589044e-06
158 0.00 7.646876874801e-02 2.7396907e-06
160 0.00 7.708050630528e-02 3.5300625e-06
162 0.00 7.253662575965e-02 3.2543964e-06
164 0.00 7.735552961481e-02 8.9519733e-06
166 0.00 7.881049869360e-02 1.1476440e-05
168 0.00 7.789931108925e-02 6.8458053e-06
170 0.00 7.812180556516e-02 6.6558505e-06
172 0.00 7.771783074476e-02 5.1663911e-06
174 0.00 7.915630548566e-02 6.0447731e-06
176 0.00 7.792786090544e-02 7.5182951e-06
178 0.00 8.080725531066e-02 2.5405109e-06
180 0.00 7.810861966737e-02 4.0487584e-06
182 0.00 7.777806171670e-02 4.8243480e-06
184 0.00 7.533696626467e-02 2.4130047e-06
186 0.00 7.885024448634e-02 5.7533825e-06
188 0.00 7.707500295570e-02 6.2642517e-06
190 0.00 7.693512791018e-02 3.1673002e-06
192 0.00 7.923265945799e-02 3.6220086e-06
194 0.00 7.851408395761e-02 4.1141377e-06
196 0.00 7.830131464706e-02 5.7580408e-06
198 0.00 7.819166451003e-02 2.3533252e-06
200 0.00 8.019445789264e-02 9.1486797e-06
102 0.25 7.790072678017e-02 8.3709113e-06
104 0.25 7.552395859460e-02 6.1663848e-06
106 0.25 7.489599642814e-02 4.4369999e-06
108 0.25 7.433522132751e-02 2.5734344e-06
110 0.25 7.356161498213e-02 3.1113068e-06
112 0.25 7.638387880851e-02 4.6151527e-06
114 0.25 7.746789689928e-02 8.3727722e-06
116 0.25 8.043062699008e-02 1.6127658e-06
118 0.25 7.742527107154e-02 4.0634492e-06
120 0.25 7.649894430933e-02 4.2263910e-06
122 0.25 7.697643206530e-02 5.9079214e-06
124 0.25 7.711745480628e-02 3.3613886e-06
126 0.25 7.883926946738e-02 1.5863255e-06
128 0.25 7.611628541130e-02 6.9428521e-06
130 0.25 7.780474441227e-02 2.6855427e-06
132 0.25 7.412228853416e-02 4.4119445e-06
134 0.25 7.626067540944e-02 8.8792553e-06
136 0.25 7.649128665887e-02 5.5721672e-06
138 0.25 7.609539785996e-02 2.7462425e-06
140 0.25 7.584219624621e-02 4.6241288e-06
142 0.25 7.881161992790e-02 7.3330626e-06
144 0.25 7.531491416053e-02 6.1977335e-06
146 0.25 7.787545569775e-02 4.7032487e-06
148 0.25 7.630405176979e-02 4.5651800e-06
150 0.25 7.565095943422e-02 4.1520569e-06
152 0.25 7.784028530207e-02 5.4059670e-06
154 0.25 7.589719614172e-02 6.7977330e-06
156 0.25 7.483005722411e-02 3.0042768e-06
158 0.25 7.472660140986e-02 2.9939605e-06
160 0.25 7.709987640940e-02 7.2843401e-06
162 0.25 7.267272029582e-02 2.1229678e-06
164 0.25 7.671386760390e-02 5.6665707e-06
166 0.25 7.775984279312e-02 4.1981886e-06
168 0.25 7.699701558585e-02 3.6417003e-06
170 0.25 7.732326719832e-02 5.0623305e-06
172 0.25 7.554534812879e-02 3.6638638e-06
174 0.25 7.857937472216e-02 2.9970784e-06
176 0.25 7.747519913562e-02 3.7093838e-06
178 0.25 7.878767321374e-02 4.3876227e-06
180 0.25 7.619507462497e-02 7.8528939e-06
182 0.25 7.747546262984e-02 4.3693331e-06
184 0.25 7.549874924794e-02 1.0885850e-05
186 0.25 7.804048581723e-02 2.7992477e-06
188 0.25 7.702337259642e-02 1.4156228e-06
190 0.25 7.562594164081e-02 4.2794036e-06
192 0.25 8.016221420175e-02 7.9590462e-06
194 0.25 7.794404488219e-02 9.5211659e-06
196 0.25 7.607488268719e-02 3.4180149e-06
198 0.25 7.698533700174e-02 7.9044353e-06
200 0.25 7.762769724189e-02 3.1285084e-06
102 0.50 7.561415743487e-02 1.1065860e-05
104 0.50 7.513779038416e-02 7.8510021e-06
106 0.50 7.581223832789e-02 3.4904522e-06
108 0.50 7.471042802778e-02 4.7590032e-06
110 0.50 7.454245867032e-02 5.4733637e-06
112 0.50 7.662432675756e-02 4.8718740e-06
114 0.50 7.589922596477e-02 4.1642798e-06
116 0.50 8.008823792953e-02 4.3489581e-06
118 0.50 7.660993007174e-02 2.3875033e-06
120 0.50 7.682450145010e-02 8.4399693e-06
122 0.50 7.605913207470e-02 7.2472013e-06
124 0.50 7.686680656325e-02 1.6494674e-06
126 0.50 7.806985491240e-02 1.0516412e-05
128 0.50 7.625625856511e-02 4.9090482e-06
130 0.50 7.650408185512e-02 3.3573243e-06
132 0.50 7.507696503481e-02 1.8814292e-06
134 0.50 7.549911550321e-02 6.7236595e-06
136 0.50 7.697573547068e-02 5.8951056e-06
138 0.50 7.457372586834e-02 3.9144505e-06
140 0.50 7.399275144285e-02 3.0295063e-06
142 0.50 7.736393966824e-02 4.3063123e-06
144 0.50 7.478918394237e-02 7.8353814e-07
146 0.50 7.635608178663e-02 6.8659262e-06
148 0.50 7.601817649823e-02 5.1024338e-06
150 0.50 7.567635688301e-02 6.9469394e-06
152 0.50 7.851489062055e-02 3.2860923e-06
154 0.50 7.570225151636e-02 2.6425385e-06
156 0.50 7.498813785328e-02 4.2623450e-06
158 0.50 7.477202237719e-02 3.2966024e-06
160 0.50 7.673276514939e-02 5.6405067e-06
162 0.50 7.261634753672e-02 1.9922998e-06
164 0.50 7.751169198221e-02 4.3218850e-06
166 0.50 7.771607691051e-02 7.9981800e-06
168 0.50 7.492724076893e-02 3.2585904e-06
170 0.50 7.640647762764e-02 3.3971549e-06
172 0.50 7.558489338888e-02 3.6244092e-06
174 0.50 7.877409449180e-02 8.1422540e-06
176 0.50 7.665451517492e-02 5.3847697e-06
178 0.50 7.762323491182e-02 2.8401243e-06
180 0.50 7.794395256175e-02 5.1647501e-06
182 0.50 7.722319992995e-02 2.7828530e-06
184 0.50 7.393808501592e-02 3.3538955e-06
186 0.50 7.682203065652e-02 8.7578003e-06
188 0.50 7.564603860982e-02 3.0457469e-06
190 0.50 7.565770844937e-02 6.5168992e-06
192 0.50 7.557836990999e-02 1.2427264e-06
194 0.50 7.660110630628e-02 9.8208627e-06
196 0.50 7.553884871344e-02 3.5017212e-06
198 0.50 7.568921625411e-02 1.7962331e-06
200 0.50 7.877860178965e-02 2.2494119e-06
102 0.75 7.455599756791e-02 3.9698984e-06
104 0.75 7.560238991192e-02 8.4246590e-06
106 0.75 7.303277628503e-02 3.5045448e-06
108 0.75 7.509945761697e-02 5.7072523e-06
110 0.75 7.397964181504e-02 5.0049470e-06
112 0.75 7.451784584773e-02 4.0616928e-06
114 0.75 7.532004353058e-02 4.2717460e-06
116 0.75 7.951215456384e-02 6.5170518e-06
118 0.75 7.638540488076e-02 3.5126151e-06
120 0.75 7.629482549521e-02 2.7263036e-06
122 0.75 7.575989465815e-02 3.4128547e-06
124 0.75 7.720047776028e-02 4.8907028e-06
126 0.75 7.635549722025e-02 2.6560791e-06
128 0.75 7.455591133291e-02 3.4058485e-06
130 0.75 7.465150682482e-02 6.7764788e-06
132 0.75 7.510140354339e-02 5.1144041e-06
134 0.75 7.438774430162e-02 4.1955490e-06
136 0.75 7.563954767739e-02 2.7598592e-06
138 0.75 7.345468844353e-02 1.3061344e-06
140 0.75 7.382069238748e-02 4.9584267e-06
142 0.75 7.730857652210e-02 5.9830690e-06
144 0.75 7.366293010457e-02 1.2967738e-06
146 0.75 7.526505019037e-02 7.2643405e-06
148 0.75 7.604902896325e-02 5.5761191e-06
150 0.75 7.406072294250e-02 3.5398534e-06
152 0.75 7.620250510479e-02 7.9919115e-06
154 0.75 7.454344362676e-02 1.0509714e-05
156 0.75 7.357130713363e-02 2.8628513e-06
158 0.75 7.425870561435e-02 2.5447176e-06
160 0.75 7.645466675284e-02 7.0953193e-06
162 0.75 7.275447579868e-02 2.0843927e-06
164 0.75 7.694076044141e-02 8.3897671e-06
166 0.75 7.599192592607e-02 9.5167824e-06
168 0.75 7.367385236226e-02 1.3022909e-06
170 0.75 7.666145223239e-02 3.1729746e-06
172 0.75 7.547356334818e-02 3.5735489e-06
174 0.75 7.714076510590e-02 3.5204828e-06
176 0.75 7.720636628270e-02 3.7391643e-06
178 0.75 7.922144699960e-02 7.4880453e-06
180 0.75 7.499172761124e-02 6.0473475e-06
182 0.75 7.641419542720e-02 5.4169974e-06
184 0.75 7.472300115149e-02 5.5491455e-06
186 0.75 7.639501327548e-02 4.9916735e-06
188 0.75 7.495998795173e-02 4.8321128e-06
190 0.75 7.499229380498e-02 2.5906353e-06
192 0.75 7.775897409712e-02 9.4526385e-06
194 0.75 7.650589948526e-02 4.4623605e-06
196 0.75 7.566320406419e-02 1.0975983e-05
198 0.75 7.633899567430e-02 2.9547404e-06
200 0.75 7.670812033205e-02 2.3220554e-06
102 1.00 7.473746895956e-02 9.7961550e-06
104 1.00 7.479881079656e-02 6.5821970e-06
106 1.00 7.378518287593e-02 5.3335314e-06
108 1.00 7.313999709270e-02 2.0884987e-06
110 1.00 7.270122840476e-02 3.2280833e-06
112 1.00 7.573069117193e-02 3.2762944e-06
114 1.00 7.481737045444e-02 2.4426095e-06
116 1.00 7.707903504484e-02 4.8571888e-06
118 1.00 7.706660927911e-02 6.1033230e-06
120 1.00 7.686519743597e-02 2.3619398e-06
122 1.00 7.533920033977e-02 4.3134424e-06
124 1.00 7.585367252482e-02 4.4500194e-06
126 1.00 7.642349876204e-02 7.2720161e-06
128 1.00 7.522719649834e-02 3.1416097e-06
130 1.00 7.521379907061e-02 9.4464779e-06
132 1.00 7.238227608860e-02 1.8284457e-06
134 1.00 7.442208950307e-02 6.4771559e-06
136 1.00 7.400718198010e-02 4.1850961e-06
138 1.00 7.489808183160e-02 4.1037521e-06
140 1.00 7.318676173158e-02 1.9246447e-06
142 1.00 7.635147252802e-02 5.4963345e-06
144 1.00 7.368076610112e-02 7.5894181e-07
146 1.00 7.485239602500e-02 2.0133820e-06
148 1.00 7.528107717826e-02 3.6920051e-06
150 1.00 7.460317166204e-02 9.8752249e-06
152 1.00 7.608610188345e-02 1.1014384e-06
154 1.00 7.356149168193e-02 1.8214793e-06
156 1.00 7.535318180423e-02 7.3218315e-06
158 1.00 7.647753182382e-02 8.5978513e-06
160 1.00 7.494448124305e-02 5.0531957e-06
162 1.00 7.100956201119e-02 8.0596709e-06
164 1.00 7.542069246438e-02 2.2096645e-06
166 1.00 7.548131052407e-02 4.1669656e-06
168 1.00 7.490120566135e-02 3.1709209e-06
170 1.00 7.603455979737e-02 5.6603013e-06
172 1.00 7.436029108057e-02 6.9735455e-06
174 1.00 7.723450289992e-02 8.8334043e-06
176 1.00 7.517224546240e-02 6.1226778e-06
178 1.00 7.688031226873e-02 2.6833851e-06
180 1.00 7.540081762559e-02 6.2641431e-06
182 1.00 7.584496580526e-02 5.5930771e-06
184 1.00 7.235451281469e-02 4.7414469e-06
186 1.00 7.522838883158e-02 2.3048558e-06
188 1.00 7.544295502405e-02 1.5234876e-05
190 1.00 7.437233080627e-02 3.8252158e-06
192 1.00 7.727999936350e-02 1.5795391e-05
194 1.00 7.590572943918e-02 3.1332101e-06
196 1.00 7.492320131060e-02 4.1071238e-06
198 1.00 7.625999026451e-02 6.3839887e-06
200 1.00 7.676762249916e-02 3.4142534e-06
201 -1.00 7.811539581041e-02 1.3748431e-05
205 -1.00 8.205972458005e-02 7.5723504e-06
209 -1.00 8.089533880115e-02 5.8528796e-06
213 -1.00 8.309418755868e-02 3.3255009e-06
217 -1.00 8.288369767212e-02 1.9887192e-06
221 -1.00 7.894473278923e-02 1.2491815e-06
225 -1.00 7.807820393031e-02 2.5551120e-06
229 -1.00 7.901269261503e-02 5.2534719e-06
233 -1.00 8.290496649033e-02 3.9884828e-06
237 -1.00 7.873453989396e-02 4.8705764e-06
241 -1.00 8.195115818529e-02 4.2491151e-06
245 -1.00 8.075388037504e-02 2.0551797e-06
249 -1.00 7.782950639643e-02 5.3366974e-06
253 -1.00 7.710859916910e-02 5.1380144e-06
257 -1.00 7.618835833161e-02 1.5161619e-06
261 -1.00 7.735284991081e-02 7.2034237e-06
265 -1.00 7.939099458670e-02 6.3191753e-06
269 -1.00 7.881435842641e-02 5.9180294e-06
273 -1.00 8.104162480343e-02 3.1158970e-06
277 -1.00 7.657158598851e-02 6.5472004e-06
281 -1.00 7.701785330048e-02 5.5718824e-06
285 -1.00 8.275896922522e-02 3.0721780e-06
289 -1.00 7.892613823696e-02 4.3534446e-06
293 -1.00 8.104160410607e-02 1.1711315e-05
297 -1.00 7.941583917936e-02 4.6883751e-06
301 -1.00 7.733657580427e-02 2.0798062e-06
305 -1.00 7.702805896132e-02 3.2371818e-06
309 -1.00 7.987593702085e-02 4.9616221e-06
313 -1.00 8.037222874459e-02 6.1383649e-06
317 -1.00 7.724323403295e-02 2.8463109e-06
321 -1.00 8.074846720784e-02 1.5739543e-06
325 -1.00 8.106625577488e-02 5.1511519e-06
329 -1.00 7.977519989583e-02 5.2139640e-06
333 -1.00 7.872710383308e-02 4.3331895e-06
337 -1.00 7.908844071738e-02 5.0542942e-06
341 -1.00 7.917827239254e-02 2.2313389e-06
345 -1.00 8.170630152933e-02 5.8809104e-06
349 -1.00 7.890650881024e-02 3.3015075e-06
353 -1.00 7.966272619195e-02 3.6882268e-06
357 -1.00 7.936682154069e-02 2.5986410e-06
361 -1.00 7.572490605051e-02 1.5196949e-06
365 -1.00 7.856597639771e-02 4.6635490e-06
369 -1.00 7.896936703938e-02 5.0804177e-06
373 -1.00 7.646945896197e-02 2.6140248e-06
377 -1.00 8.215851490979e-02 5.0478335e-06
381 -1.00 7.956215796069e-02 2.7430088e-06
385 -1.00 7.933181085381e-02 4.2161176e-06
389 -1.00 8.145133172476e-02 5.8407385e-06
393 -1.00 8.142443808106e-02 2.1977558e-06
397 -1.00 8.041497683078e-02 3.6634096e-06
401 -1.00 8.231706055433e-02 5.6330666e-06
405 -1.00 7.830287402841e-02 5.1023015e-06
409 -1.00 7.924302167599e-02 2.2458673e-06
413 -1.00 7.949818877200e-02 5.5425825e-06
417 -1.00 8.210388573133e-02 4.6237229e-06
421 -1.00 8.022371960077e-02 5.0447987e-06
425 -1.00 7.855295697463e-02 6.2447231e-07
429 -1.00 7.947662109323e-02 4.9221453e-06
433 -1.00 7.983646482764e-02 2.1622300e-06
437 -1.00 7.876752224087e-02 1.7816067e-06
441 -1.00 8.225454166615e-02 5.8262932e-06
445 -1.00 7.825892987207e-02 3.7269865e-06
449 -1.00 8.038544168807e-02 3.8729263e-06
453 -1.00 7.906414835447e-02 1.2352142e-06
457 -1.00 7.926294377135e-02 3.8473498e-06
461 -1.00 7.933273624291e-02 4.0553921e-06
465 -1.00 8.057572824947e-02 6.6125483e-06
469 -1.00 7.529505054159e-02 2.5631828e-06
473 -1.00 7.855430346771e-02 3.0252399e-06
477 -1.00 8.022439274620e-02 5.4572963e-06
481 -1.00 7.948751422070e-02 5.6722775e-06
485 -1.00 8.106939166372e-02 7.2002213e-06
489 -1.00 7.931651241211e-02 3.4609163e-06
493 -1.00 7.797115762992e-02 3.4956391e-06
497 -1.00 8.132409935059e-02 2.3048809e-06
201 -0.75 7.682301838546e-02 1.5717813e-06
205 -0.75 7.903256834963e-02 6.1789575e-06
209 -0.75 7.829652456849e-02 4.0529653e-06
213 -0.75 8.248930578521e-02 4.9617310e-06
217 -0.75 8.166987262543e-02 5.4599383e-06
221 -0.75 7.876400202851e-02 4.3786744e-06
225 -0.75 7.789409530330e-02 2.4113168e-06
229 -0.75 7.716948758090e-02 3.2739850e-06
233 -0.75 7.981148728139e-02 4.9865124e-06
237 -0.75 7.665585473865e-02 1.4748513e-06
241 -0.75 8.091294525581e-02 4.1892628e-06
245 -0.75 8.099235372273e-02 6.5713869e-06
249 -0.75 7.743479389323e-02 3.8325347e-06
253 -0.75 7.717111266326e-02 3.5011045e-06
257 -0.75 7.561409853966e-02 2.9806343e-06
261 -0.75 7.631561672150e-02 1.0977200e-05
265 -0.75 7.936079920874e-02 4.8700374e-06
269 -0.75 8.043999794361e-02 8.5890082e-06
273 -0.75 7.831868523350e-02 2.8225641e-06
277 -0.75 7.631058350691e-02 5.9417902e-06
281 -0.75 7.637051884853e-02 1.2583689e-05
285 -0.75 8.031536770504e-02 6.3123122e-06
289 -0.75 7.890034719030e-02 6.0530778e-06
293 -0.75 7.927542157994e-02 4.0319624e-06
297 -0.75 7.830085974279e-02 1.8967744e-06
301 -0.75 7.840732304654e-02 6.8281458e-06
305 -0.75 7.594431060529e-02 6.6931598e-06
309 -0.75 7.954579142144e-02 5.6067091e-06
313 -0.75 7.882563984225e-02 3.6770960e-06
317 -0.75 7.820175061792e-02 1.2841506e-06
321 -0.75 8.303939855148e-02 4.9471963e-06
325 -0.75 8.169990361186e-02 2.2780556e-06
329 -0.75 7.946563883985e-02 6.0008233e-06
333 -0.75 7.761209780632e-02 4.0782971e-06
337 -0.75 7.874501478291e-02 8.9802845e-06
341 -0.75 7.849547330636e-02 4.2703038e-06
345 -0.75 7.936976267329e-02 4.0825190e-06
349 -0.75 7.854443689455e-02 4.5460474e-06
353 -0.75 7.904703017395e-02 3.9998157e-06
357 -0.75 7.805843350392e-02 1.9192043e-06
361 -0.75 7.541614773488e-02 5.8327536e-06
365 -0.75 7.851086664840e-02 2.4876342e-06
369 -0.75 7.700475873803e-02 4.4409682e-06
373 -0.75 7.660489553067e-02 1.7062743e-06
377 -0.75 7.999736468582e-02 6.8847091e-06
381 -0.75 7.947583134149e-02 5.7167439e-06
385 -0.75 7.977557687679e-02 2.3121914e-06
389 -0.75 8.108984724372e-02 3.3749781e-06
393 -0.75 8.167946736020e-02 9.4060539e-06
397 -0.75 8.243433774581e-02 1.0029349e-05
401 -0.75 8.067361948726e-02 2.2129007e-06
405 -0.75 7.917485136189e-02 2.5537233e-06
409 -0.75 7.725568411862e-02 2.4961034e-06
413 -0.75 7.949204908461e-02 3.4499209e-06
417 -0.75 8.076703225362e-02 4.4339662e-06
421 -0.75 8.115139706857e-02 3.6297941e-06
425 -0.75 7.901491553904e-02 5.3829905e-06
429 -0.75 7.835919683033e-02 4.8180384e-06
433 -0.75 7.744275642004e-02 4.1111481e-06
437 -0.75 7.882351548207e-02 6.5068560e-06
441 -0.75 8.177923499787e-02 7.7370806e-06
445 -0.75 7.836780961271e-02 1.3729718e-06
449 -0.75 7.955139196695e-02 3.5242703e-06
453 -0.75 7.847132218032e-02 9.2072069e-06
457 -0.75 7.864939603663e-02 7.8246727e-06
461 -0.75 7.784826654067e-02 2.7806795e-06
465 -0.75 7.996823052765e-02 1.2339149e-06
469 -0.75 7.470504816653e-02 2.8176906e-06
473 -0.75 7.580435105597e-02 4.2975470e-06
477 -0.75 7.953653458654e-02 2.9336970e-06
481 -0.75 7.869040884903e-02 5.6138079e-06
485 -0.75 7.881302627090e-02 3.3763144e-06
489 -0.75 7.975363543172e-02 3.1192157e-06
493 -0.75 7.734167018447e-02 4.9235444e-06
497 -0.75 7.994160328851e-02 4.5050358e-06
201 -0.50 7.611675125417e-02 2.9783952e-06
205 -0.50 7.881478974801e-02 6.7185305e-06
209 -0.50 7.755670001715e-02 1.4439623e-06
213 -0.50 8.268227675789e-02 3.8470666e-06
217 -0.50 8.108498771750e-02 1.6912281e-05
221 -0.50 7.824557605689e-02 4.1860103e-06
225 -0.50 7.677424625113e-02 2.8870314e-06
229 -0.50 7.575397777974e-02 1.9812115e-06
233 -0.50 7.890061289646e-02 6.5769309e-07
237 -0.50 7.769953285987e-02 3.5251191e-06
241 -0.50 7.986899802456e-02 6.8535529e-06
245 -0.50 8.008684932272e-02 5.9801759e-06
249 -0.50 7.631121813841e-02 7.5059523e-06
253 -0.50 7.481039445456e-02 1.8718975e-06
257 -0.50 7.556126873099e-02 4.5436207e-06
261 -0.50 7.529498428161e-02 3.8312196e-06
265 -0.50 7.888001747442e-02 4.4330301e-06
269 -0.50 7.878349277318e-02 4.3101143e-06
273 -0.50 7.930912278530e-02 9.6882583e-07
277 -0.50 7.644418138365e-02 3.0294514e-06
281 -0.50 7.510317291560e-02 3.4110621e-06
285 -0.50 8.007010943504e-02 7.6300898e-06
289 -0.50 7.762957933199e-02 1.1261938e-05
293 -0.50 7.839314951315e-02 2.2659758e-06
297 -0.50 7.731601654963e-02 4.0183279e-06
301 -0.50 7.655309156543e-02 5.2746159e-06
305 -0.50 7.532074090736e-02 2.6995605e-06
309 -0.50 7.777189432577e-02 4.2846657e-06
313 -0.50 7.780379336644e-02 2.3308188e-06
317 -0.50 7.639441173499e-02 3.8633143e-06
321 -0.50 8.169292163982e-02 7.8490939e-06
325 -0.50 7.927153334857e-02 2.2623478e-06
329 -0.50 7.888944874047e-02 6.4411479e-06
333 -0.50 7.916697869049e-02 6.4550145e-06
337 -0.50 7.777114852137e-02 2.0463810e-06
341 -0.50 7.756221618910e-02 7.0700568e-06
345 -0.50 7.816500451637e-02 4.3419617e-06
349 -0.50 7.741462042539e-02 3.1568046e-06
353 -0.50 7.731440718219e-02 4.8092523e-06
357 -0.50 7.813754292706e-02 4.9199538e-06
361 -0.50 7.602916041469e-02 9.6008537e-06
365 -0.50 7.902922004487e-02 9.7725174e-06
369 -0.50 7.868817590679e-02 1.2874398e-05
373 -0.50 7.527611097091e-02 1.6105499e-06
377 -0.50 7.994496489665e-02 3.8503610e-06
381 -0.50 7.923770677372e-02 6.3041440e-06
385 -0.50 7.733569292239e-02 2.8752168e-06
389 -0.50 8.053160374135e-02 5.3830403e-06
393 -0.50 7.923963432427e-02 3.9551204e-06
397 -0.50 8.107900595644e-02 8.3878397e-06
401 -0.50 8.008810952184e-02 2.3262004e-06
405 -0.50 7.696660198915e-02 3.5605678e-06
409 -0.50 7.696705324678e-02 4.9539213e-06
413 -0.50 7.965056915284e-02 8.3146412e-06
417 -0.50 8.047015251809e-02 4.3052170e-06
421 -0.50 7.980349495201e-02 3.1035102e-06
425 -0.50 7.706440595587e-02 2.8135382e-06
429 -0.50 7.734897719738e-02 5.2832079e-06
433 -0.50 7.712007337501e-02 7.1341093e-06
437 -0.50 7.975164092484e-02 2.2891507e-06
441 -0.50 7.920430816890e-02 1.3291480e-06
445 -0.50 7.696312377692e-02 4.6404334e-06
449 -0.50 7.911429757689e-02 8.1712564e-06
453 -0.50 7.871063849604e-02 1.0803178e-05
457 -0.50 7.809752604152e-02 1.2544770e-05
461 -0.50 7.652193305719e-02 2.2228175e-06
465 -0.50 7.883866801462e-02 2.2670616e-06
469 -0.50 7.453496881163e-02 3.0697123e-06
473 -0.50 7.695011893420e-02 5.8245210e-06
477 -0.50 7.984832407572e-02 7.7315879e-06
481 -0.50 7.904880654701e-02 4.2874620e-06
485 -0.50 7.885862788388e-02 4.0504541e-06
489 -0.50 8.010884263651e-02 3.9884257e-06
493 -0.50 7.812134897690e-02 1.8215047e-06
497 -0.50 7.986610393526e-02 3.4678952e-06
201 -0.25 7.591795175302e-02 2.1222886e-06
205 -0.25 7.887369261968e-02 3.3973119e-06
209 -0.25 7.710823284658e-02 2.6397140e-06
213 -0.25 8.297812586994e-02 5.3169919e-06
217 -0.25 8.009767965448e-02 4.7757204e-06
221 -0.25 7.785718818066e-02 5.3476506e-06
225 -0.25 7.744617791262e-02 2.1389471e-06
229 -0.25 7.564060777534e-02 2.1871596e-06
233 -0.25 7.815097753715e-02 4.1416539e-06
237 -0.25 7.558858924420e-02 3.8132473e-06
241 -0.25 7.818278645662e-02 1.7466419e-06
245 -0.25 7.890431547723e-02 4.7896849e-06
249 -0.25 7.533141587949e-02 5.9785177e-06
253 -0.25 7.648972334705e-02 2.9979232e-06
257 -0.25 7.426531251776e-02 5.9319796e-06
261 -0.25 7.596018080171e-02 4.9009316e-06
265 -0.25 7.750035287030e-02 1.3817776e-06
269 -0.25 7.783792931234e-02 5.3628034e-06
273 -0.25 7.738980546732e-02 2.4780486e-06
277 -0.25 7.548050407201e-02 3.4639413e-06
281 -0.25 7.489379094370e-02 2.8693544e-06
285 -0.25 7.936961864455e-02 2.9718340e-06
289 -0.25 7.572543318254e-02 2.4166173e-06
293 -0.25 7.885253982287e-02 3.2579908e-06
297 -0.25 7.741046592281e-02 2.3437087e-06
301 -0.25 7.577426830958e-02 2.8513050e-06
305 -0.25 7.444702146000e-02 5.5119382e-06
309 -0.25 7.851725343217e-02 8.7211404e-06
313 -0.25 7.879594825985e-02 7.4616056e-06
317 -0.25 7.534923757923e-02 9.8843511e-07
321 -0.25 8.172807779041e-02 3.2049356e-06
325 -0.25 7.995323294267e-02 5.1742240e-06
329 -0.25 7.864991775834e-02 1.0881094e-05
333 -0.25 7.642531025024e-02 3.6672519e-06
337 -0.25 7.701222202520e-02 2.5199048e-06
341 -0.25 7.692948852466e-02 5.3874231e-06
345 -0.25 7.849243779052e-02 1.9003608e-06
349 -0.25 7.656243491688e-02 2.2509423e-06
353 -0.25 7.677290268265e-02 4.6104471e-06
357 -0.25 7.654959301979e-02 5.5778189e-06
361 -0.25 7.510249322651e-02 4.6739053e-06
365 -0.25 7.626897530086e-02 3.1262470e-06
369 -0.25 7.734074313360e-02 3.9152502e-06
373 -0.25 7.653644879958e-02 7.3106806e-06
377 -0.25 7.946326746636e-02 5.9653648e-06
381 -0.25 7.938758291557e-02 5.9321205e-06
385 -0.25 7.746186795103e-02 1.7675222e-06
389 -0.25 8.115200815040e-02 2.5229063e-06
393 -0.25 7.983912208494e-02 7.6582057e-06
397 -0.25 7.888319725561e-02 3.8968178e-06
401 -0.25 8.018749801559e-02 7.2917410e-06
405 -0.25 7.716915803645e-02 5.0218358e-06
409 -0.25 7.633247779875e-02 9.5781569e-06
413 -0.25 7.806933541965e-02 2.0084592e-06
417 -0.25 7.926091155406e-02 5.5185016e-06
421 -0.25 7.765022443263e-02 3.7148814e-06
425 -0.25 7.727762776271e-02 4.8396435e-06
429 -0.25 7.654161496454e-02 5.0047983e-06
433 -0.25 7.746476044174e-02 1.8076930e-06
437 -0.25 7.727191440945e-02 4.5684053e-06
441 -0.25 8.092197541706e-02 3.2639728e-06
445 -0.25 7.706062429138e-02 4.1737423e-06
449 -0.25 7.711682378995e-02 4.0870731e-06
453 -0.25 7.732100995482e-02 1.9538805e-06
457 -0.25 7.669341328260e-02 1.5616346e-06
461 -0.25 7.743754888790e-02 4.9902061e-06
465 -0.25 7.975041690306e-02 6.4303153e-06
469 -0.25 7.303095215809e-02 7.0226037e-06
473 -0.25 7.533319963087e-02 4.8471650e-06
477 -0.25 7.687843749527e-02 1.7973039e-06
481 -0.25 7.866872070795e-02 5.4182322e-06
485 -0.25 7.914163135811e-02 2.5133151e-06
489 -0.25 7.718930299047e-02 2.9624337e-06
493 -0.25 7.694191545064e-02 2.4804290e-06
497 -0.25 7.894878250832e-02 2.8652611e-06
201 0.00 7.611214744116e-02 8.9304150e-06
205 0.00 7.743451567766e-02 2.5548145e-06
209 0.00 7.652552275058e-02 9.6220896e-07
213 0.00 8.073003823085e-02 2.9384086e-06
217 0.00 7.955846673143e-02 4.2861730e-06
221 0.00 7.736977447565e-02 5.1257020e-06
225 0.00 7.609292039279e-02 7.1847089e-06
229 0.00 7.449156504974e-02 3.3284995e-06
233 0.00 7.916384421055e-02 4.6716504e-06
237 0.00 7.485824408472e-02 5.6885675e-06
241 0.00 7.870010370817e-02 8.2799638e-06
245 0.00 7.889290695038e-02 4.2330200e-06
249 0.00 7.569846795578e-02 4.4392901e-06
253 0.00 7.476119637791e-02 5.5441067e-06
257 0.00 7.380576824236e-02 2.8017213e-06
261 0.00 7.547342745417e-02 2.6862288e-06
265 0.00 7.895727730977e-02 6.0239718e-06
269 0.00 7.690663734182e-02 4.0040352e-06
273 0.00 7.810231769308e-02 6.3626009e-06
277 0.00 7.548540196167e-02 6.3013066e-06
281 0.00 7.415958949174e-02 3.9793603e-06
285 0.00 7.639316064290e-02 3.5105206e-06
289 0.00 7.520187162760e-02 3.7980538e-06
293 0.00 7.798151417516e-02 7.0721142e-06
297 0.00 7.546942114459e-02 7.4749471e-06
301 0.00 7.617203809897e-02 4.0975624e-06
305 0.00 7.465264270981e-02 5.1572792e-06
309 0.00 7.788533677711e-02 3.5275575e-06
313 0.00 7.750190489568e-02 3.4570135e-06
317 0.00 7.483578151429e-02 4.0223680e-06
321 0.00 8.000539434683e-02 5.5132716e-06
325 0.00 7.826461593254e-02 1.3424932e-06
329 0.00 7.622318110473e-02 2.6982931e-06
333 0.00 7.789731468908e-02 5.7568326e-06
337 0.00 7.662775527844e-02 3.4513512e-06
341 0.00 7.676852003748e-02 7.1972474e-06
345 0.00 7.812011484093e-02 2.1548016e-06
349 0.00 7.663067708493e-02 7.5514276e-06
353 0.00 7.708883111431e-02 4.2941076e-06
357 0.00 7.658096399257e-02 8.0030855e-06
361 0.00 7.372390926088e-02 2.2506601e-06
365 0.00 7.713748180264e-02 3.4518164e-06
369 0.00 7.672591061370e-02 1.0620214e-05
373 0.00 7.664499540334e-02 4.3168237e-06
377 0.00 7.821326035422e-02 5.4961024e-07
381 0.00 7.721212167137e-02 1.0116070e-06
385 0.00 7.647866164779e-02 3.5783376e-06
389 0.00 7.764636394641e-02 2.1429961e-06
393 0.00 7.732488501947e-02 5.8858153e-06
397 0.00 7.808621878031e-02 6.0521477e-06
401 0.00 7.933230674717e-02 5.5730820e-06
405 0.00 7.684566657387e-02 2.4739260e-06
409 0.00 7.554113661949e-02 5.2872608e-06
413 0.00 7.825332798798e-02 1.0878687e-05
417 0.00 7.903981231014e-02 6.1321158e-06
421 0.00 7.871098470414e-02 7.2942884e-06
425 0.00 7.675712554305e-02 4.1107592e-06
429 0.00 7.621947583955e-02 4.5833723e-06
433 0.00 7.626802045465e-02 3.8212772e-06
437 0.00 7.682316056566e-02 3.1004291e-06
441 0.00 7.961503744612e-02 4.1915397e-06
445 0.00 7.604138557796e-02 3.3286808e-06
449 0.00 7.731757117889e-02 3.1458027e-06
453 0.00 7.653836601063e-02 4.0257055e-06
457 0.00 7.665268261071e-02 3.8042687e-06
461 0.00 7.718684710613e-02 4.6611677e-06
465 0.00 7.767028158316e-02 5.7701088e-06
469 0.00 7.367587129244e-02 4.7162258e-06
473 0.00 7.526747119113e-02 2.5581181e-06
477 0.00 7.624201866476e-02 5.1869632e-06
481 0.00 7.648313129313e-02 4.5553714e-06
485 0.00 7.937712636982e-02 6.6588387e-06
489 0.00 7.753870638386e-02 4.6105937e-06
493 0.00 7.680353167812e-02 5.9620482e-06
497 0.00 7.749959520565e-02 4.8491870e-06
201 0.25 7.541284769522e-02 3.4113520e-06
205 0.25 7.840594707021e-02 6.4452886e-06
209 0.25 7.670339967879e-02 4.6069415e-06
213 0.25 7.993118360020e-02 2.0203286e-06
217 0.25 7.971472457119e-02 2.1514900e-06
221 0.25 7.603813442276e-02 2.9576448e-06
225 0.25 7.555003645175e-02 3.2824785e-06
229 0.25 7.412688141617e-02 3.3815161e-06
233 0.25 7.756427804601e-02 7.5882675e-06
237 0.25 7.444112616006e-02 3.0836582e-06
241 0.25 7.762538573624e-02 1.8465451e-06
245 0.25 7.776424204931e-02 4.5732859e-06
249 0.25 7.574437610291e-02 4.7839322e-06
253 0.25 7.483445728418e-02 6.0876371e-06
257 0.25 7.362947040349e-02 4.9361208e-06
261 0.25 7.339397371260e-02 4.6115891e-06
265 0.25 7.675263289530e-02 2.8418302e-06
269 0.25 7.650245533879e-02 5.4291682e-06
273 0.25 7.748900572133e-02 7.4512767e-06
277 0.25 7.514909000780e-02 4.4375116e-06
281 0.25 7.353410268578e-02 4.4416060e-06
285 0.25 7.567908187859e-02 3.2880918e-06
289 0.25 7.537138436362e-02 3.8140484e-06
293 0.25 7.716290174982e-02 2.5478121e-06
297 0.25 7.530457214748e-02 2.8063277e-06
301 0.25 7.424714038606e-02 2.9057111e-06
305 0.25 7.316603313511e-02 5.6695288e-06
309 0.25 7.689007313884e-02 4.8896018e-06
313 0.25 7.609643236464e-02 5.5604411e-06
317 0.25 7.445540692619e-02 5.3972476e-06
321 0.25 7.861742881366e-02 3.4192269e-06
325 0.25 7.808665718923e-02 3.4997983e-06
329 0.25 7.619679167158e-02 6.7022644e-06
333 0.25 7.500657589695e-02 2.2082666e-06
337 0.25 7.514345872247e-02 1.7644553e-06
341 0.25 7.659485052864e-02 3.7512755e-06
345 0.25 7.787104359305e-02 8.9349450e-06
349 0.25 7.637063694555e-02 5.2497733e-06
353 0.25 7.634334048719e-02 5.8600860e-06
357 0.25 7.516534221138e-02 4.0798831e-06
361 0.25 7.402242416205e-02 8.0172245e-06
365 0.25 7.680589603259e-02 9.1115458e-06
369 0.25 7.613955416113e-02 6.1702433e-06
373 0.25 7.503883036703e-02 4.2939812e-06
377 0.25 7.821313205209e-02 2.1395598e-06
381 0.25 7.579202225838e-02 4.9181966e-06
385 0.25 7.449059472748e-02 3.5433854e-06
389 0.25 7.848925495517e-02 4.5787754e-06
393 0.25 7.845945839557e-02 4.3062469e-06
397 0.25 7.755125986278e-02 2.9006679e-06
401 0.25 7.881276852183e-02 7.7521147e-06
405 0.25 7.681379189206e-02 7.6213181e-06
409 0.25 7.486263407371e-02 4.7803089e-06
413 0.25 7.631820763323e-02 6.3170022e-06
417 0.25 7.852389430440e-02 4.1830373e-06
421 0.25 7.700887704011e-02 2.8695944e-06
425 0.25 7.400210291857e-02 2.6341932e-06
429 0.25 7.570351840855e-02 3.0266439e-06
433 0.25 7.556198205039e-02 7.4450020e-06
437 0.25 7.659856565133e-02 5.7994003e-06
441 0.25 7.869978309472e-02 5.4395511e-06
445 0.25 7.642263155158e-02 4.2885744e-06
449 0.25 7.639104085291e-02 4.3455385e-06
453 0.25 7.573968584976e-02 4.2527620e-06
457 0.25 7.543531465386e-02 5.1188394e-06
461 0.25 7.691327871422e-02 7.5505442e-06
465 0.25 7.852780214800e-02 5.3892274e-06
469 0.25 7.335159519284e-02 1.9424192e-06
473 0.25 7.340166938007e-02 3.9177635e-06
477 0.25 7.715466214184e-02 1.0288469e-05
481 0.25 7.654065926229e-02 3.9953398e-06
485 0.25 7.729226407565e-02 4.5600072e-06
489 0.25 7.519747308732e-02 9.2528878e-06
493 0.25 7.411921023610e-02 5.7846996e-06
497 0.25 7.693841881799e-02 3.5023618e-06
201 0.50 7.469626899676e-02 2.7752066e-06
205 0.50 7.713846801927e-02 6.3337786e-06
209 0.50 7.715506483587e-02 6.0279134e-06
213 0.50 7.871525258324e-02 5.7211939e-06
217 0.50 7.604485567572e-02 5.3817087e-06
221 0.50 7.595013224324e-02 2.9016142e-06
225 0.50 7.395583811952e-02 1.0606561e-05
229 0.50 7.436080628104e-02 7.0974748e-06
233 0.50 7.594755601853e-02 4.4435832e-06
237 0.50 7.422264025208e-02 1.1035757e-05
241 0.50 7.755271152719e-02 4.2953807e-06
245 0.50 7.720013773596e-02 5.0309620e-06
249 0.50 7.447279864802e-02 3.6792120e-06
253 0.50 7.456139669716e-02 5.0444228e-06
257 0.50 7.270929992382e-02 2.4710603e-06
261 0.50 7.442671170939e-02 8.6285218e-06
265 0.50 7.724888321897e-02 2.0737983e-06
269 0.50 7.645514684005e-02 4.2718592e-06
273 0.50 7.664489095937e-02 2.7904181e-06
277 0.50 7.499329434559e-02 1.7698624e-06
281 0.50 7.365915080459e-02 7.6243458e-06
285 0.50 7.627449041924e-02 2.5811599e-06
289 0.50 7.396621583927e-02 4.4679777e-06
293 0.50 7.590792899667e-02 4.1631888e-06
297 0.50 7.563497747492e-02 6.2014695e-06
301 0.50 7.474872640956e-02 3.3347055e-06
305 0.50 7.230956670366e-02 7.3206013e-06
309 0.50 7.523116920892e-02 2.5308886e-06
313 0.50 7.592308011836e-02 7.0284451e-06
317 0.50 7.476210366652e-02 3.1179522e-06
321 0.50 7.790845762949e-02 7.2505044e-06
325 0.50 7.681029813959e-02 6.9836341e-06
329 0.50 7.578463525539e-02 2.0540355e-06
333 0.50 7.456045357128e-02 5.2013099e-06
337 0.50 7.394466137133e-02 3.1274028e-06
341 0.50 7.560545388136e-02 5.6591557e-06
345 0.50 7.643013852774e-02 3.0381361e-06
349 0.50 7.526931066868e-02 8.7176042e-06
353 0.50 7.463870814904e-02 5.4265745e-06
357 0.50 7.582731563229e-02 4.2275405e-06
361 0.50 7.243642624429e-02 5.1164687e-06
365 0.50 7.706693729864e-02 5.1557572e-06
369 0.50 7.452433119969e-02 5.9666074e-06
373 0.50 7.467506131414e-02 4.8908495e-06
377 0.50 7.792047872695e-02 7.4043143e-06
381 0.50 7.645958162254e-02 2.8294283e-06
385 0.50 7.640167622672e-02 3.8027014e-06
389 0.50 7.696543821614e-02 9.3532087e-06
393 0.50 7.607921235178e-02 3.5532177e-06
397 0.50 7.756357909752e-02 7.9586707e-06
401 0.50 7.865554911832e-02 3.2853576e-06
405 0.50 7.634441452175e-02 6.9082212e-06
409 0.50 7.560188753925e-02 5.6235847e-06
413 0.50 7.583373655444e-02 3.2798183e-06
417 0.50 7.575606755463e-02 2.0133768e-06
421 0.50 7.683723447759e-02 6.3183857e-06
425 0.50 7.383548717555e-02 3.1350398e-06
429 0.50 7.406574501610e-02 4.1446660e-06
433 0.50 7.570144535143e-02 5.9147993e-06
437 0.50 7.536320176334e-02 2.1424548e-06
441 0.50 7.821953763180e-02 7.6727931e-06
445 0.50 7.634099499510e-02 3.1254089e-06
449 0.50 7.416437201588e-02 5.1447123e-06
453 0.50 7.653795655586e-02 8.1425265e-06
457 0.50 7.693686576780e-02 1.1941544e-05
461 0.50 7.636261647842e-02 1.2272012e-05
465 0.50 7.754007080261e-02 2.7703060e-06
469 0.50 7.279602886021e-02 1.9246078e-06
473 0.50 7.288870370282e-02 2.2703902e-06
477 0.50 7.539208529679e-02 6.9652283e-06
481 0.50 7.610920016511e-02 5.0080579e-06
485 0.50 7.593220208985e-02 6.0572251e-06
489 0.50 7.587726004590e-02 2.8962076e-06
493 0.50 7.555651921692e-02 1.8157203e-06
497 0.50 7.736175706092e-02 9.4678619e-06
201 0.75 7.402163135572e-02 4.3243226e-06
205 0.75 7.627315552648e-02 4.1459092e-06
209 0.75 7.596731107055e-02 3.8258432e-06
213 0.75 7.733155570420e-02 5.1436899e-06
217 0.75 7.714791680204e-02 3.3728425e-06
221 0.75 7.523385190962e-02 4.7058217e-06
225 0.75 7.515610702848e-02 3.4416503e-06
229 0.75 7.377227709413e-02 8.8955981e-06
233 0.75 7.715061801494e-02 4.4353505e-06
237 0.75 7.378485153268e-02 5.6783373e-06
241 0.75 7.695620053235e-02 6.1234964e-06
245 0.75 7.653182424988e-02 3.9965912e-06
249 0.75 7.296088257667e-02 1.6812089e-06
253 0.75 7.401422735325e-02 3.4964162e-06
257 0.75 7.298707748218e-02 3.2681581e-06
261 0.75 7.289222628438e-02 2.0813934e-06
265 0.75 7.626922037712e-02 9.1681264e-06
269 0.75 7.553440934025e-02 2.7273262e-06
273 0.75 7.507551035271e-02 5.2697450e-06
277 0.75 7.437065650552e-02 5.7108704e-06
281 0.75 7.254391107282e-02 2.8695315e-06
285 0.75 7.576140797849e-02 9.5903616e-06
289 0.75 7.461169018295e-02 6.1733849e-06
293 0.75 7.475130425428e-02 7.1961081e-06
297 0.75 7.563691259220e-02 1.2683069e-05
301 0.75 7.475824076350e-02 6.7228519e-06
305 0.75 7.309510731894e-02 3.4739124e-06
309 0.75 7.429331459138e-02 2.3181293e-06
313 0.75 7.499543736632e-02 2.9709592e-06
317 0.75 7.295135214999e-02 6.0207641e-06
321 0.75 7.779309599375e-02 2.6669747e-06
325 0.75 7.632194627408e-02 3.5543853e-06
329 0.75 7.408124336192e-02 4.4371253e-06
333 0.75 7.483800441409e-02 3.8587509e-06
337 0.75 7.432456614702e-02 2.9300875e-06
341 0.75 7.562472175342e-02 7.2932147e-06
345 0.75 7.561556799458e-02 5.8327973e-06
349 0.75 7.434001846230e-02 6.0115246e-06
353 0.75 7.577652078702e-02 5.6857364e-06
357 0.75 7.374358444723e-02 4.4646595e-06
361 0.75 7.325254561864e-02 4.0110888e-06
365 0.75 7.399059509714e-02 5.8364245e-06
369 0.75 7.523333774101e-02 8.1118926e-06
373 0.75 7.400141567514e-02 4.7856238e-06
377 0.75 7.606632230585e-02 1.7986875e-06
381 0.75 7.611469794031e-02 3.0455358e-06
385 0.75 7.473923247794e-02 4.2577999e-06
389 0.75 7.701360531078e-02 6.6252532e-06
393 0.75 7.565202718316e-02 3.1383213e-06
397 0.75 7.643099992028e-02 3.8010415e-06
401 0.75 7.892362787977e-02 3.4326521e-06
405 0.75 7.429370925811e-02 8.5158283e-06
409 0.75 7.479971903683e-02 4.5328490e-06
413 0.75 7.458069859931e-02 4.9366903e-06
417 0.75 7.528143688113e-02 6.7474452e-06
421 0.75 7.688338241612e-02 2.4072243e-06
425 0.75 7.420673278349e-02 5.7911406e-06
429 0.75 7.474804075738e-02 3.9229558e-06
433 0.75 7.482798890816e-02 4.3740028e-06
437 0.75 7.386342007584e-02 3.7805708e-06
441 0.75 7.709640417163e-02 1.1307147e-05
445 0.75 7.527026202778e-02 2.4637501e-06
449 0.75 7.559074519813e-02 9.5581449e-06
453 0.75 7.615135288335e-02 5.8298354e-06
457 0.75 7.415781071231e-02 5.1471589e-06
461 0.75 7.496666438532e-02 4.8601483e-06
465 0.75 7.650765357740e-02 1.3377645e-05
469 0.75 7.109250203320e-02 2.4854778e-06
473 0.75 7.366930914101e-02 4.3632707e-06
477 0.75 7.499878582923e-02 2.0337745e-06
481 0.75 7.465883135336e-02 3.2009857e-06
485 0.75 7.631824720475e-02 3.8340157e-06
489 0.75 7.609123322408e-02 5.0108849e-06
493 0.75 7.388202708264e-02 3.5094870e-06
497 0.75 7.560262341140e-02 4.6422046e-06
201 1.00 7.334014135650e-02 7.7697722e-06
205 1.00 7.533109048299e-02 5.2990901e-06
209 1.00 7.434604166600e-02 3.9854999e-06
213 1.00 7.767827317941e-02 4.6191278e-06
217 1.00 7.577741416708e-02 6.1615683e-06
221 1.00 7.461382061306e-02 5.5560151e-06
225 1.00 7.465883222657e-02 4.3484433e-06
229 1.00 7.427582089010e-02 2.6097571e-06
233 1.00 7.405880780664e-02 5.7732513e-06
237 1.00 7.282603280273e-02 7.6120823e-06
241 1.00 7.550426942860e-02 6.6623379e-06
245 1.00 7.594197583519e-02 2.6755945e-06
249 1.00 7.359935799808e-02 4.2029171e-06
253 1.00 7.351935547665e-02 2.5235328e-05
257 1.00 7.153546507713e-02 7.6242531e-06
261 1.00 7.192057886645e-02 3.4041383e-06
265 1.00 7.523568520673e-02 4.4690279e-06
269 1.00 7.625253549395e-02 1.3442523e-05
273 1.00 7.585469624895e-02 8.5633254e-06
277 1.00 7.369410268643e-02 2.3131276e-06
281 1.00 7.200012183293e-02 5.1142838e-06
285 1.00 7.486716130179e-02 4.6189603e-06
289 1.00 7.327794739678e-02 5.2448022e-06
293 1.00 7.527894572943e-02 3.6474595e-06
297 1.00 7.544046923719e-02 5.3489033e-06
301 1.00 7.444039073997e-02 4.1704865e-06
305 1.00 7.256478161460e-02 4.0060631e-06
309 1.00 7.449037823388e-02 3.9113855e-06
313 1.00 7.517709294874e-02 2.2991523e-06
317 1.00 7.342244724722e-02 3.9627414e-06
321 1.00 7.542086480997e-02 1.4611660e-06
325 1.00 7.541581583208e-02 4.9185410e-06
329 1.00 7.416880154664e-02 4.0332262e-06
333 1.00 7.333908549674e-02 3.7229073e-06
337 1.00 7.357507167312e-02 6.2106545e-06
341 1.00 7.512836946624e-02 8.9510334e-06
345 1.00 7.468277128900e-02 3.8738999e-06
349 1.00 7.497223446984e-02 1.1757249e-05
353 1.00 7.439702869605e-02 2.6939230e-06
357 1.00 7.346864395816e-02 1.0629251e-05
361 1.00 7.259696265307e-02 5.8250238e-06
365 1.00 7.477877981099e-02 4.9529564e-06
369 1.00 7.501147056123e-02 5.3342688e-06
373 1.00 7.261080986890e-02 6.3054191e-06
377 1.00 7.499030320614e-02 1.6032688e-06
381 1.00 7.500978649235e-02 3.1008203e-06
385 1.00 7.571049563945e-02 6.9112396e-06
389 1.00 7.582718678383e-02 1.9062054e-06
393 1.00 7.477817913843e-02 2.8985360e-06
397 1.00 7.636381881555e-02 1.8724665e-06
401 1.00 7.677473696876e-02 2.6992868e-06
405 1.00 7.620965266072e-02 6.3266605e-06
409 1.00 7.235212455141e-02 1.9047045e-06
413 1.00 7.572373750976e-02 3.0097124e-06
417 1.00 7.486817039912e-02 3.8667193e-06
421 1.00 7.533741222096e-02 9.5751925e-06
425 1.00 7.424292543832e-02 7.8555166e-06
429 1.00 7.475657844664e-02 5.4484642e-07
433 1.00 7.368095924459e-02 1.1730339e-05
437 1.00 7.503494285397e-02 6.6911639e-06
441 1.00 7.709472516390e-02 8.3384066e-06
445 1.00 7.516406857422e-02 5.1165851e-06
449 1.00 7.452391433186e-02 7.3392852e-06
453 1.00 7.471942357865e-02 2.9295082e-06
457 1.00 7.401228099490e-02 5.1884929e-06
461 1.00 7.387052918223e-02 4.2448992e-06
465 1.00 7.570266366036e-02 1.8470787e-06
469 1.00 6.977777384295e-02 3.1665143e-06
473 1.00 7.261981979517e-02 4.1096988e-06
477 1.00 7.653639597303e-02 3.7718761e-06
481 1.00 7.438851835332e-02 3.4887287e-06
485 1.00 7.693402135026e-02 5.5727068e-06
489 1.00 7.483671901628e-02 2.4884893e-06
493 1.00 7.421453624651e-02 1.3127963e-05
497 1.00 7.712684005058e-02 3.0803724e-06
202 -1.00 7.766595841187e-02 2.7205803e-06
206 -1.00 7.870621941973e-02 5.2715832e-06
210 -1.00 8.226016058987e-02 1.0611632e-05
214 -1.00 7.831706726208e-02 5.2107273e-06
218 -1.00 7.860505202769e-02 2.1224331e-06
222 -1.00 8.007355376721e-02 2.0881987e-06
226 -1.00 7.890016928247e-02 2.9970908e-06
230 -1.00 8.079531502006e-02 5.0446726e-06
234 -1.00 8.299999562849e-02 5.4586086e-06
238 -1.00 7.762879487265e-02 3.9787597e-06
242 -1.00 7.990611124610e-02 2.5567669e-06
246 -1.00 8.182334061789e-02 8.1646345e-06
250 -1.00 7.844138771784e-02 3.3417210e-06
254 -1.00 7.729338583281e-02 1.7850903e-06
258 -1.00 7.979529947624e-02 2.0687243e-06
262 -1.00 7.940325597137e-02 3.1729924e-06
266 -1.00 7.816885837352e-02 3.9214033e-06
270 -1.00 7.752974119148e-02 3.1469797e-06
274 -1.00 7.920355506977e-02 4.6804254e-06
278 -1.00 7.922736692740e-02 4.9368672e-06
282 -1.00 8.039150717822e-02 3.1944804e-06
286 -1.00 7.757848618542e-02 5.7694282e-06
290 -1.00 8.069014284647e-02 4.1475711e-06
294 -1.00 7.976648351037e-02 3.3734200e-06
298 -1.00 7.668584025014e-02 3.8573216e-06
302 -1.00 7.978608897051e-02 2.0841395e-06
306 -1.00 8.207441076694e-02 5.0115236e-06
310 -1.00 8.004141036219e-02 2.2801136e-06
314 -1.00 7.938026297494e-02 3.6970298e-06
318 -1.00 8.079490363753e-02 3.1058232e-06
322 -1.00 7.846143267374e-02 4.1565960e-06
326 -1.00 8.010553233889e-02 1.7338202e-06
330 -1.00 8.175266366385e-02 9.4929855e-07
334 -1.00 7.964212178563e-02 1.0170881e-05
338 -1.00 8.027353236107e-02 4.1406597e-06
342 -1.00 7.839603673300e-02 1.5806357e-06
346 -1.00 7.949732796847e-02 4.4416669e-06
350 -1.00 8.052383252197e-02 2.7832265e-06
354 -1.00 7.745779407039e-02 6.7476126e-06
358 -1.00 7.927079364800e-02 4.7791614e-06
362 -1.00 8.036801723173e-02 2.1316452e-06
366 -1.00 7.992648247079e-02 4.6954906e-06
370 -1.00 8.377756765089e-02 4.4821218e-06
374 -1.00 7.973274866563e-02 9.6046034e-06
378 -1.00 7.736205006820e-02 4.3827045e-06
382 -1.00 8.050945365716e-02 2.5624107e-06
386 -1.00 7.954301940728e-02 4.4092085e-06
390 -1.00 7.761560411773e-02 2.8387106e-06
394 -1.00 7.967202670678e-02 2.2343929e-06
398 -1.00 8.183257465128e-02 8.2426620e-06
402 -1.00 7.710547053266e-02 1.6057821e-06
406 -1.00 8.103927080282e-02 5.6560348e-06
410 -1.00 8.396665943126e-02 8.5089945e-06
414 -1.00 7.987257905220e-02 1.5411029e-06
418 -1.00 7.739841297964e-02 2.1249175e-06
422 -1.00 8.360274849664e-02 3.2965885e-06
426 -1.00 8.601438908609e-02 6.1642514e-06
430 -1.00 7.808687433342e-02 5.5997397e-06
434 -1.00 7.821132318533e-02 3.8569626e-06
438 -1.00 7.660505326876e-02 6.8473110e-06
442 -1.00 8.040623244109e-02 3.6765722e-06
446 -1.00 7.794329155501e-02 3.4046579e-06
450 -1.00 7.997670808096e-02 4.1356976e-06
454 -1.00 7.820196770586e-02 4.9111389e-06
458 -1.00 7.617670973495e-02 4.4934321e-06
462 -1.00 7.480401668567e-02 1.4746279e-06
466 -1.00 7.946983976597e-02 2.5440745e-06
470 -1.00 7.967415662697e-02 8.7913499e-06
474 -1.00 8.075083476699e-02 4.5270343e-06
478 -1.00 7.653897122573e-02 2.1295386e-06
482 -1.00 7.724513091458e-02 2.4054654e-06
486 -1.00 8.204655858870e-02 6.5111016e-06
490 -1.00 7.827752853991e-02 3.3328408e-06
494 -1.00 7.911720850583e-02 2.8311056e-06
498 -1.00 7.728998148845e-02 4.5323674e-06
202 -0.75 7.865618176005e-02 4.9051651e-06
206 -0.75 7.866730164478e-02 3.7336667e-06
210 -0.75 8.241073237219e-02 5.9482011e-06
214 -0.75 7.763472110634e-02 6.3640779e-06
218 -0.75 7.702558149345e-02 3.7437422e-06
222 -0.75 7.875819872294e-02 4.8722664e-06
226 -0.75 7.716234203728e-02 2.1641962e-06
230 -0.75 8.063534269134e-02 5.9658098e-06
234 -0.75 8.187873891792e-02 1.5099734e-06
238 -0.75 7.665975158173e-02 3.5705774e-06
242 -0.75 7.875093754109e-02 3.4326320e-06
246 -0.75 8.012591851493e-02 1.7167619e-06
250 -0.75 7.878479998322e-02 2.1712670e-06
254 -0.75 7.760765974908e-02 5.5854171e-06
258 -0.75 7.888656788351e-02 2.6537305e-06
262 -0.75 7.699556709255e-02 1.3471403e-06
266 -0.75 7.727343313118e-02 1.2253973e-06
270 -0.75 7.802736217997e-02 1.4119322e-05
274 -0.75 7.802207579728e-02 5.5824157e-06
278 -0.75 7.987287819530e-02 5.6052584e-06
282 -0.75 7.865566147652e-02 5.2270047e-06
286 -0.75 7.744796559400e-02 4.4546495e-06
290 -0.75 8.146785715521e-02 1.2934251e-05
294 -0.75 7.925834946763e-02 5.0204697e-06
298 -0.75 7.642121898678e-02 3.1611683e-06
302 -0.75 8.227700651440e-02 7.6075908e-06
306 -0.75 8.165145332404e-02 1.7211416e-06
310 -0.75 8.063122376885e-02 7.5640770e-06
314 -0.75 7.888535587302e-02 4.4249021e-06
318 -0.75 7.976365591851e-02 3.6079493e-06
322 -0.75 7.911657782710e-02 4.4436521e-06
326 -0.75 8.116554134654e-02 2.8552484e-06
330 -0.75 8.143030469257e-02 3.9496886e-06
334 -0.75 7.783889053025e-02 6.2283589e-06
338 -0.75 7.873325841108e-02 4.8804474e-06
342 -0.75 7.871267739390e-02 5.4226757e-06
346 -0.75 7.902647813935e-02 2.1304316e-06
350 -0.75 7.890663344288e-02 3.5080973e-06
354 -0.75 7.559198803019e-02 3.5420471e-06
358 -0.75 7.911317024039e-02 4.6483728e-06
362 -0.75 7.910661283603e-02 2.6604219e-06
366 -0.75 8.140263214321e-02 5.5202692e-06
370 -0.75 8.460054755129e-02 7.2779829e-06
374 -0.75 7.770441256960e-02 1.2562743e-06
378 -0.75 7.827651074884e-02 4.1511102e-06
382 -0.75 7.997634675611e-02 4.0695602e-06
386 -0.75 7.893669236038e-02 2.5599010e-06
390 -0.75 7.783242743418e-02 7.4676748e-06
394 -0.75 7.945801370053e-02 7.3579967e-06
398 -0.75 8.038007682410e-02 2.0080711e-06
402 -0.75 7.729110153612e-02 5.2930010e-06
406 -0.75 8.014417355032e-02 4.7998175e-06
410 -0.75 8.299035377078e-02 1.1322306e-05
414 -0.75 7.935035973479e-02 5.3636710e-06
418 -0.75 7.661850622389e-02 3.8913641e-06
422 -0.75 8.217724055236e-02 4.7329213e-06
426 -0.75 8.471822628211e-02 6.6723052e-06
430 -0.75 7.728434265446e-02 5.6666493e-06
434 -0.75 7.740360582051e-02 3.6384645e-06
438 -0.75 7.634149649369e-02 2.4647226e-06
442 -0.75 7.829972372400e-02 4.0148745e-06
446 -0.75 7.717720076021e-02 4.9332410e-06
450 -0.75 8.113280638078e-02 5.5045406e-06
454 -0.75 7.573820067498e-02 5.3015742e-06
458 -0.75 7.493682151552e-02 3.4650597e-06
462 -0.75 7.510474742078e-02 2.9935543e-06
466 -0.75 7.800274809018e-02 4.4748929e-06
470 -0.75 7.994153573421e-02 2.7956155e-06
474 -0.75 8.006012811337e-02 6.0260480e-06
478 -0.75 7.683810031352e-02 4.3723411e-06
482 -0.75 7.704457950575e-02 4.3704625e-06
486 -0.75 8.184034092571e-02 3.2927412e-06
490 -0.75 7.800669630792e-02 3.3740873e-06
494 -0.75 7.961911668592e-02 3.0795109e-06
498 -0.75 7.662919816740e-02 1.6901433e-06
202 -0.50 7.718128416703e-02 1.8497431e-06
206 -0.50 7.649632456696e-02 9.3857313e-06
210 -0.50 7.870612812424e-02 5.4435553e-06
214 -0.50 7.547929977510e-02 1.0808305e-06
218 -0.50 7.676729166198e-02 4.0403471e-06
222 -0.50 7.671048533910e-02 3.6249172e-06
226 -0.50 7.663347647751e-02 4.3789736e-06
230 -0.50 8.170019102120e-02 2.3981589e-06
234 -0.50 7.957761517164e-02 3.9369561e-06
238 -0.50 7.621972012961e-02 2.0680309e-06
242 -0.50 7.852407006954e-02 2.1366780e-06
246 -0.50 7.997166450764e-02 4.0862060e-06
250 -0.50 7.632796993181e-02 2.3768665e-06
254 -0.50 7.802619024093e-02 1.0720164e-06
258 -0.50 7.875107269778e-02 1.3400038e-06
262 -0.50 7.676925821683e-02 2.8217760e-06
266 -0.50 7.660932515315e-02 4.2573785e-06
270 -0.50 7.692055686939e-02 3.3231037e-06
274 -0.50 7.890061453667e-02 3.1872440e-06
278 -0.50 7.815635192435e-02 7.0967743e-06
282 -0.50 7.930770703575e-02 4.2334852e-06
286 -0.50 7.628816564436e-02 2.7957951e-06
290 -0.50 7.825090292168e-02 3.3247409e-06
294 -0.50 7.879824006275e-02 2.6930006e-06
298 -0.50 7.648915855559e-02 3.9134128e-06
302 -0.50 7.937180455808e-02 2.9790592e-06
306 -0.50 8.024000017011e-02 3.1833022e-06
310 -0.50 7.699221804635e-02 2.8283342e-06
314 -0.50 7.687705642310e-02 2.4266889e-06
318 -0.50 8.001409191106e-02 9.8033647e-06
322 -0.50 7.685694197839e-02 2.8927284e-06
326 -0.50 7.898838420566e-02 4.1682457e-06
330 -0.50 7.945961133635e-02 5.4269422e-06
334 -0.50 7.792507553128e-02 3.3414148e-06
338 -0.50 7.803256438263e-02 7.6045662e-06
342 -0.50 7.673680267979e-02 4.3598681e-06
346 -0.50 7.801438209148e-02 6.8560028e-06
350 -0.50 7.808484232621e-02 3.6758509e-06
354 -0.50 7.664465853860e-02 4.2935708e-06
358 -0.50 7.711615600956e-02 3.7724742e-06
362 -0.50 7.825024596204e-02 4.9264997e-06
366 -0.50 7.897142503083e-02 6.2675281e-06
370 -0.50 8.298927373302e-02 5.7713884e-06
374 -0.50 7.837338374598e-02 1.2673603e-06
378 -0.50 7.748249353757e-02 5.5431269e-06
382 -0.50 7.858951700878e-02 2.6367091e-06
386 -0.50 7.699732372803e-02 1.9818936e-06
390 -0.50 7.596623346210e-02 4.5324420e-06
394 -0.50 7.937270269229e-02 7.2219318e-06
398 -0.50 7.968053003081e-02 7.7782769e-06
402 -0.50 7.595938627372e-02 6.0353105e-06
406 -0.50 7.867885261774e-02 3.7115852e-06
410 -0.50 8.362865591658e-02 4.4602692e-06
414 -0.50 7.871432349717e-02 3.5725600e-06
418 -0.50 7.672994383885e-02 4.7995790e-06
422 -0.50 8.164940075398e-02 7.8424772e-06
426 -0.50 8.260953861168e-02 3.2749726e-06
430 -0.50 7.743155661084e-02 7.0158043e-06
434 -0.50 7.622544981116e-02 3.9151496e-06
438 -0.50 7.572357287212e-02 5.3740743e-06
442 -0.50 7.841240969806e-02 5.5025738e-06
446 -0.50 7.730585664673e-02 3.9132780e-06
450 -0.50 7.938899946441e-02 4.0534677e-06
454 -0.50 7.699947422623e-02 2.4940880e-06
458 -0.50 7.568237827406e-02 5.0192700e-06
462 -0.50 7.497347812755e-02 1.4476222e-06
466 -0.50 7.708339195999e-02 2.8224830e-06
470 -0.50 7.939993313370e-02 6.6338673e-06
474 -0.50 7.967060244648e-02 1.2721971e-05
478 -0.50 7.613079779402e-02 2.6874816e-06
482 -0.50 7.760814303436e-02 2.4207561e-06
486 -0.50 7.991444813261e-02 4.7230466e-06
490 -0.50 7.734662892521e-02 5.7626539e-06
494 -0.50 7.786532921804e-02 4.0774778e-06
498 -0.50 7.692796492890e-02 2.1741006e-06
202 -0.25 7.726390963908e-02 2.1844259e-06
206 -0.25 7.664831855356e-02 1.3499650e-06
210 -0.25 7.963123031805e-02 1.1259574e-05
214 -0.25 7.683945588406e-02 2.9986099e-06
218 -0.25 7.843070242001e-02 5.0481824e-06
222 -0.25 7.764367144400e-02 3.6016758e-06
226 -0.25 7.633011828991e-02 6.7588375e-06
230 -0.25 7.998538159188e-02 1.0169015e-05
234 -0.25 8.017368644954e-02 5.0244770e-06
238 -0.25 7.588727655425e-02 3.5761662e-06
242 -0.25 7.839229081493e-02 7.4280804e-06
246 -0.25 7.787791443509e-02 7.4079379e-06
250 -0.25 7.766564543063e-02 3.1662129e-06
254 -0.25 7.625183149441e-02 7.1085817e-06
258 -0.25 7.701921102321e-02 2.8899681e-06
262 -0.25 7.624764542666e-02 4.9965761e-06
266 -0.25 7.626854383602e-02 6.2403091e-06
270 -0.25 7.686783919351e-02 5.7321598e-06
274 -0.25 7.815494433280e-02 4.3379921e-06
278 -0.25 7.755341482080e-02 1.7458802e-06
282 -0.25 7.710938623111e-02 2.3489660e-06
286 -0.25 7.647316751987e-02 5.1513752e-06
290 -0.25 7.911058130748e-02 4.1100135e-06
294 -0.25 7.849046404149e-02 3.4298955e-06
298 -0.25 7.515028641656e-02 1.7359490e-06
302 -0.25 7.897200348399e-02 4.5010995e-06
306 -0.25 7.924411895874e-02 2.1817793e-06
310 -0.25 7.827462846809e-02 8.1326588e-06
314 -0.25 7.688510227988e-02 1.2568653e-06
318 -0.25 8.000925570651e-02 4.3607701e-06
322 -0.25 7.672187834306e-02 7.9869324e-06
326 -0.25 7.831345169184e-02 2.3987931e-06
330 -0.25 8.003068625981e-02 1.8002894e-06
334 -0.25 7.632740250884e-02 3.7757036e-06
338 -0.25 7.837804128148e-02 4.1399656e-06
342 -0.25 7.748853675688e-02 3.4817853e-06
346 -0.25 7.731458408228e-02 5.9582287e-06
350 -0.25 7.905764081300e-02 4.4015306e-06
354 -0.25 7.406760193103e-02 4.1778969e-06
358 -0.25 7.698329899429e-02 3.4278779e-06
362 -0.25 7.690595650578e-02 2.5262805e-06
366 -0.25 7.875430291360e-02 6.6740513e-06
370 -0.25 8.145537686156e-02 4.1292032e-06
374 -0.25 7.782922752105e-02 6.3021087e-06
378 -0.25 7.705818521305e-02 5.6194254e-06
382 -0.25 7.666844992063e-02 4.7602301e-06
386 -0.25 7.688234846828e-02 4.0871799e-06
390 -0.25 7.499342585552e-02 2.7321452e-06
394 -0.25 7.553740793402e-02 2.4664532e-06
398 -0.25 7.929848406371e-02 6.7756570e-06
402 -0.25 7.506101613024e-02 3.0820213e-06
406 -0.25 7.721971274162e-02 2.5533079e-06
410 -0.25 8.196536172479e-02 3.5038591e-06
414 -0.25 7.919858055711e-02 1.1178303e-06
418 -0.25 7.589675185217e-02 4.2400348e-06
422 -0.25 7.909059894360e-02 2.4511241e-06
426 -0.25 8.161067550666e-02 5.7634418e-06
430 -0.25 7.562994914892e-02 3.5927466e-06
434 -0.25 7.648352946723e-02 9.6149074e-06
438 -0.25 7.441186008158e-02 3.2853859e-06
442 -0.25 7.794563391013e-02 1.7331381e-06
446 -0.25 7.718825036401e-02 3.5550952e-06
450 -0.25 8.038624942933e-02 5.6996353e-06
454 -0.25 7.619350680152e-02 2.0361304e-06
458 -0.25 7.395336899604e-02 3.4993499e-06
462 -0.25 7.304623681833e-02 2.1439174e-06
466 -0.25 7.635141579830e-02 1.4027259e-06
470 -0.25 7.813393681701e-02 3.5268003e-06
474 -0.25 7.765425586031e-02 3.6097305e-06
478 -0.25 7.572174167118e-02 6.3984842e-06
482 -0.25 7.740793460414e-02 2.1488847e-06
486 -0.25 7.971466711810e-02 2.0808063e-06
490 -0.25 7.683043126173e-02 3.3539479e-06
494 -0.25 7.744182912250e-02 2.9733637e-06
498 -0.25 7.608172596723e-02 6.2104482e-06
202 0.00 7.709815119340e-02 6.1013802e-06
206 0.00 7.622750666785e-02 7.5799385e-06
210 0.00 7.771259069789e-02 2.3090592e-06
214 0.00 7.488298110346e-02 4.8971364e-06
218 0.00 7.557711999336e-02 5.7677188e-06
222 0.00 7.618569923069e-02 4.9409238e-06
226 0.00 7.627028517981e-02 4.8480239e-06
230 0.00 7.886896411264e-02 4.4932892e-06
234 0.00 7.895987222624e-02 7.6439633e-07
238 0.00 7.569079698461e-02 5.0378733e-06
242 0.00 7.728552767348e-02 2.4086529e-06
246 0.00 7.621149321205e-02 5.1120701e-06
250 0.00 7.722055436550e-02 5.0127093e-06
254 0.00 7.485826851773e-02 6.3917987e-06
258 0.00 7.897738181841e-02 3.2211910e-06
262 0.00 7.558287694551e-02 3.3415769e-06
266 0.00 7.563341928542e-02 8.4878136e-06
270 0.00 7.690493379774e-02 3.3309686e-06
274 0.00 7.627028458538e-02 6.6933270e-06
278 0.00 7.698489627084e-02 3.3890573e-06
282 0.00 7.723936248141e-02 2.7338909e-06
286 0.00 7.555327963332e-02 2.8800761e-06
290 0.00 7.801075179958e-02 7.4343237e-06
294 0.00 7.672317224322e-02 4.3474153e-06
298 0.00 7.549200949337e-02 7.3751873e-06
302 0.00 7.866940430353e-02 2.7117599e-06
306 0.00 8.015486821243e-02 7.4887458e-06
310 0.00 7.729722758540e-02 4.9582129e-06
314 0.00 7.595024469883e-02 5.0350407e-06
318 0.00 7.793258626659e-02 2.5194316e-06
322 0.00 7.435611735672e-02 2.6686993e-06
326 0.00 7.681155601323e-02 2.4106241e-06
330 0.00 7.807955477702e-02 6.4273860e-06
334 0.00 7.646496896067e-02 3.7838136e-06
338 0.00 7.603635850131e-02 1.6974215e-06
342 0.00 7.660835824746e-02 4.4171753e-06
346 0.00 7.609290048321e-02 3.9715700e-06
350 0.00 7.761797577664e-02 7.1265318e-06
354 0.00 7.334970094536e-02 1.4079090e-06
358 0.00 7.730683392407e-02 6.6571811e-06
362 0.00 7.524468095192e-02 3.3133038e-06
366 0.00 7.673793138811e-02 5.6525759e-06
370 0.00 8.035448469401e-02 5.8614345e-06
374 0.00 7.536115688827e-02 3.8279363e-06
378 0.00 7.790407314699e-02 9.1656547e-06
382 0.00 7.781926591234e-02 4.6194297e-06
386 0.00 7.682941484577e-02 2.4428017e-06
390 0.00 7.569361447635e-02 2.9051263e-06
394 0.00 7.798449393551e-02 6.9580389e-06
398 0.00 7.768890533308e-02 7.1736783e-06
402 0.00 7.587093346822e-02 2.0112202e-06
406 0.00 7.855652282024e-02 9.4354936e-06
410 0.00 7.941959596227e-02 3.7567698e-06
414 0.00 7.755694997411e-02 2.5306100e-06
418 0.00 7.527112154117e-02 4.6136269e-06
422 0.00 7.998333530288e-02 4.9969814e-06
426 0.00 8.102768435005e-02 7.8312073e-06
430 0.00 7.562650472573e-02 2.6307326e-06
434 0.00 7.574155639642e-02 6.7443666e-06
438 0.00 7.455406308852e-02 3.0982391e-06
442 0.00 7.692887099141e-02 3.9368186e-06
446 0.00 7.429310118283e-02 2.1571475e-06
450 0.00 7.963557776800e-02 2.6973512e-06
454 0.00 7.602604374158e-02 5.8058196e-06
458 0.00 7.377224025606e-02 4.9968690e-06
462 0.00 7.295843933956e-02 8.2328277e-06
466 0.00 7.490784344948e-02 3.1714502e-06
470 0.00 7.775811237530e-02 3.6740183e-06
474 0.00 7.770707521442e-02 3.0870294e-06
478 0.00 7.529712262152e-02 4.9219386e-06
482 0.00 7.598091116234e-02 6.4543136e-06
486 0.00 8.058770186456e-02 3.2191091e-06
490 0.00 7.737205094754e-02 2.8355858e-06
494 0.00 7.644136491685e-02 2.7864796e-06
498 0.00 7.585748880213e-02 4.8571397e-06
202 0.25 7.603898107437e-02 2.4292276e-05
206 0.25 7.391485184792e-02 3.3729207e-06
210 0.25 7.722864316046e-02 4.3943251e-06
214 0.25 7.362180623468e-02 2.2114882e-06
218 0.25 7.572662091407e-02 5.8112225e-06
222 0.25 7.593267143646e-02 1.9202969e-06
226 0.25 7.591525915746e-02 2.6343720e-06
230 0.25 7.725143203087e-02 1.6402674e-06
234 0.25 7.892331435239e-02 9.2764986e-06
238 0.25 7.372517052328e-02 1.8709504e-06
242 0.25 7.727546488939e-02 3.2464151e-06
246 0.25 7.671196929067e-02 1.9519685e-06
250 0.25 7.530905629040e-02 3.5469596e-06
254 0.25 7.639400641297e-02 1.0100189e-05
258 0.25 7.779965795863e-02 1.0659194e-05
262 0.25 7.464512023182e-02 5.6120104e-07
266 0.25 7.454790348244e-02 3.2002639e-06
270 0.25 7.577834991962e-02 4.4178917e-06
274 0.25 7.710206513918e-02 6.2524318e-06
278 0.25 7.598905313111e-02 5.8470298e-06
282 0.25 7.877571254897e-02 6.0547948e-06
286 0.25 7.570036547694e-02 3.1390657e-06
290 0.25 7.656715094559e-02 6.6781733e-06
294 0.25 7.729934541746e-02 3.0196900e-06
298 0.25 7.442783643901e-02 4.4360815e-06
302 0.25 7.792685242223e-02 3.6432516e-06
306 0.25 7.955674085164e-02 3.4010017e-06
310 0.25 7.552457021456e-02 6.1319836e-06
314 0.25 7.672076987330e-02 5.5320252e-06
318 0.25 7.678970304974e-02 5.9856778e-06
322 0.25 7.480443180030e-02 4.2265750e-06
326 0.25 7.828726641855e-02 3.0738248e-06
330 0.25 7.874805835304e-02 6.4147485e-06
334 0.25 7.602412994212e-02 2.4398948e-06
338 0.25 7.655402818867e-02 3.3471043e-06
342 0.25 7.699950321941e-02 1.2022781e-05
346 0.25 7.611089331779e-02 2.7022950e-06
350 0.25 7.670554428814e-02 4.3722970e-06
354 0.25 7.406147349430e-02 6.6082321e-06
358 0.25 7.596153342495e-02 4.3693932e-06
362 0.25 7.576913996705e-02 2.5878765e-06
366 0.25 7.766823094999e-02 3.5827936e-06
370 0.25 8.015794149688e-02 9.8954973e-06
374 0.25 7.704062245324e-02 6.7453065e-06
378 0.25 7.651335743687e-02 8.3392403e-06
382 0.25 7.586754877934e-02 1.9838061e-06
386 0.25 7.656581977134e-02 7.5821731e-06
390 0.25 7.523061629094e-02 4.3013619e-06
394 0.25 7.643257996625e-02 3.0965165e-06
398 0.25 7.888969868381e-02 4.7550492e-06
402 0.25 7.387089519603e-02 5.2260520e-06
406 0.25 7.644718236740e-02 2.1039491e-06
410 0.25 7.955649367348e-02 3.6242431e-06
414 0.25 7.654569786591e-02 6.0545437e-06
418 0.25 7.307436816779e-02 6.6973084e-06
422 0.25 7.871773918170e-02 5.0774118e-06
426 0.25 8.182334577897e-02 9.2580236e-06
430 0.25 7.449007930149e-02 3.7464670e-06
434 0.25 7.596265339426e-02 3.3190367e-06
438 0.25 7.257075222110e-02 6.8803159e-06
442 0.25 7.708762887611e-02 4.1602157e-06
446 0.25 7.654290467606e-02 7.3775264e-06
450 0.25 7.663426651884e-02 3.7016089e-06
454 0.25 7.492246643125e-02 2.6734031e-06
458 0.25 7.257450153319e-02 6.4990641e-06
462 0.25 7.242318111723e-02 3.1216332e-06
466 0.25 7.443954032929e-02 3.5151218e-06
470 0.25 7.726112324906e-02 4.9197748e-06
474 0.25 7.718532305066e-02 2.1130747e-06
478 0.25 7.537097538262e-02 6.5362057e-06
482 0.25 7.496750641877e-02 1.8001714e-06
486 0.25 7.881027757213e-02 4.1802577e-06
490 0.25 7.663975194928e-02 4.7155863e-07
494 0.25 7.717694702829e-02 7.0267049e-06
498 0.25 7.323566552623e-02 5.1278097e-06
202 0.50 7.415845990546e-02 4.6415308e-06
206 0.50 7.392314348798e-02 2.2482851e-06
210 0.50 7.820437032138e-02 7.9882180e-06
214 0.50 7.543845878217e-02 1.3388518e-06
218 0.50 7.425450249615e-02 2.2572916e-06
222 0.50 7.549469050842e-02 2.8530884e-06
226 0.50 7.379259339291e-02 3.8227394e-06
230 0.50 7.685055950306e-02 3.2027386e-06
234 0.50 7.897555984087e-02 4.7439005e-06
238 0.50 7.426340531397e-02 5.5601747e-06
242 0.50 7.832738058756e-02 1.1909579e-05
246 0.50 7.651235374298e-02 3.6692680e-06
250 0.50 7.531491660834e-02 5.1417718e-06
254 0.50 7.550317558781e-02 6.0796613e-06
258 0.50 7.675553447398e-02 7.5838493e-06
262 0.50 7.401393217196e-02 5.9721430e-06
266 0.50 7.444604615768e-02 4.6991675e-06
270 0.50 7.479447102424e-02 2.0246975e-06
274 0.50 7.508700272101e-02 6.2724071e-06
278 0.50 7.672273133889e-02 4.8903745e-06
282 0.50 7.591660200601e-02 7.7912277e-06
286 0.50 7.651872279999e-02 4.4026757e-06
290 0.50 7.706548129270e-02 5.2705940e-06
294 0.50 7.658369600633e-02 1.1625411e-05
298 0.50 7.308598078524e-02 2.0622628e-06
302 0.50 7.660210765583e-02 7.2801280e-06
306 0.50 7.626823459988e-02 5.1764790e-06
310 0.50 7.673874811320e-02 4.8718508e-06
314 0.50 7.448850080136e-02 3.1262196e-06
318 0.50 7.893623912157e-02 9.6721297e-06
322 0.50 7.400113815243e-02 1.4551316e-06
326 0.50 7.650158223056e-02 3.4344782e-06
330 0.50 7.796769159387e-02 5.9906559e-06
334 0.50 7.474876719781e-02 2.1331814e-06
338 0.50 7.594839544060e-02 3.7290387e-06
342 0.50 7.466366951471e-02 2.8243843e-06
346 0.50 7.612158182848e-02 4.9869607e-06
350 0.50 7.550022108645e-02 4.7818998e-06
354 0.50 7.329076618367e-02 1.3856840e-06
358 0.50 7.490783100523e-02 3.9270537e-06
362 0.50 7.676613349473e-02 9.6975778e-06
366 0.50 7.693268057410e-02 3.4914903e-06
370 0.50 7.826617995326e-02 1.1956718e-05
374 0.50 7.601085370442e-02 7.8791383e-06
378 0.50 7.320022075788e-02 5.9298904e-06
382 0.50 7.861501701474e-02 8.4743337e-06
386 0.50 7.469674337191e-02 1.0168753e-05
390 0.50 7.527133526490e-02 7.4996803e-06
394 0.50 7.529058153373e-02 6.5230796e-06
398 0.50 7.822168083332e-02 4.9524009e-06
402 0.50 7.386348769905e-02 2.1567091e-06
406 0.50 7.638404265885e-02 1.4411855e-06
410 0.50 8.037615051751e-02 7.9268922e-06
414 0.50 7.703005530239e-02 3.0314359e-06
418 0.50 7.473071365626e-02 5.0441636e-06
422 0.50 7.876325106937e-02 6.9434719e-06
426 0.50 8.005316480860e-02 3.4856545e-06
430 0.50 7.454666384219e-02 4.0853443e-06
434 0.50 7.460455159522e-02 8.2069619e-06
438 0.50 7.220690616745e-02 2.0319914e-06
442 0.50 7.834939970474e-02 1.1140328e-05
446 0.50 7.451553307403e-02 1.5336787e-06
450 0.50 7.792407409001e-02 4.0745445e-06
454 0.50 7.573994170907e-02 1.0307755e-05
458 0.50 7.337499715539e-02 3.8113775e-06
462 0.50 7.300514708434e-02 3.0503905e-06
466 0.50 7.471087187243e-02 2.9969654e-06
470 0.50 7.730238387547e-02 3.4288159e-06
474 0.50 7.625469056500e-02 6.8456159e-06
478 0.50 7.401663272428e-02 1.6541061e-06
482 0.50 7.418363361421e-02 7.0485956e-06
486 0.50 7.886746165100e-02 5.7794579e-06
490 0.50 7.563686314587e-02 4.9547098e-06
494 0.50 7.524748487321e-02 7.8825561e-06
498 0.50 7.581123370501e-02 3.5496851e-06
202 0.75 7.443033888161e-02 7.7846008e-06
206 0.75 7.448231534385e-02 5.2833145e-06
210 0.75 7.832852196068e-02 5.4152880e-06
214 0.75 7.369625927997e-02 2.1348380e-06
218 0.75 7.509289423892e-02 3.3856655e-06
222 0.75 7.593721230787e-02 5.4347328e-06
226 0.75 7.499804455197e-02 5.5983657e-06
230 0.75 7.681297632020e-02 3.8256110e-06
234 0.75 7.751355368425e-02 3.6844562e-06
238 0.75 7.493543047932e-02 3.1493384e-06
242 0.75 7.579493269099e-02 1.3040741e-06
246 0.75 7.550995288062e-02 4.0766909e-06
250 0.75 7.402950924355e-02 4.0577522e-06
254 0.75 7.454493167097e-02 2.0738877e-06
258 0.75 7.469262165920e-02 2.9287271e-06
262 0.75 7.366724369187e-02 3.0396772e-06
266 0.75 7.388742837911e-02 4.1589646e-06
270 0.75 7.453787720270e-02 4.1826517e-06
274 0.75 7.584927579384e-02 2.1193743e-06
278 0.75 7.499484776219e-02 4.5542940e-06
282 0.75 7.584097001543e-02 4.6217843e-06
286 0.75 7.622423228063e-02 2.1612693e-06
290 0.75 7.609626096311e-02 5.7422393e-06
294 0.75 7.550753097354e-02 1.7863321e-06
298 0.75 7.331075695339e-02 3.1385232e-06
302 0.75 7.635762192580e-02 4.5787722e-06
306 0.75 7.762741895141e-02 1.0801933e-05
310 0.75 7.515603686032e-02 3.2027061e-06
314 0.75 7.545642373429e-02 1.0189523e-05
318 0.75 7.683391851317e-02 6.9275190e-06
322 0.75 7.283290526841e-02 3.6489965e-06
326 0.75 7.571295848307e-02 1.2530176e-05
330 0.75 7.642561514626e-02 1.9568257e-06
334 0.75 7.556489151295e-02 4.1692751e-06
338 0.75 7.565276913620e-02 2.6325271e-06
342 0.75 7.446923472890e-02 8.1485314e-06
346 0.75 7.666827198606e-02 8.1108115e-06
350 0.75 7.607182325631e-02 3.7891612e-06
354 0.75 7.291661085689e-02 4.9439008e-06
358 0.75 7.273917352564e-02 1.8387401e-06
362 0.75 7.474223148435e-02 6.2488319e-06
366 0.75 7.721543398503e-02 8.3350244e-06
370 0.75 7.767587544074e-02 7.5890688e-06
374 0.75 7.474391459063e-02 5.0662656e-06
378 0.75 7.475487955856e-02 5.7577105e-06
382 0.75 7.731227604107e-02 3.9008573e-06
386 0.75 7.543198529286e-02 4.7062016e-06
390 0.75 7.385409816074e-02 7.1433624e-06
394 0.75 7.439048038940e-02 3.8556482e-06
398 0.75 7.627864129301e-02 4.5521160e-06
402 0.75 7.361020527174e-02 6.7657444e-06
406 0.75 7.734359220635e-02 8.7859570e-06
410 0.75 7.656579256218e-02 1.1300131e-05
414 0.75 7.556427203724e-02 9.1863902e-06
418 0.75 7.419719512610e-02 7.5280729e-06
422 0.75 7.644870438208e-02 5.1642929e-06
426 0.75 8.008877985157e-02 6.7266456e-06
430 0.75 7.433692401258e-02 4.0739908e-06
434 0.75 7.409483508103e-02 6.2723661e-06
438 0.75 7.357197853383e-02 5.0163606e-06
442 0.75 7.534955715225e-02 2.7727335e-06
446 0.75 7.449235467991e-02 2.5866040e-06
450 0.75 7.671302548709e-02 1.1228923e-05
454 0.75 7.378122490958e-02 8.5030020e-06
458 0.75 7.303761524374e-02 5.5913830e-06
462 0.75 7.232159740503e-02 6.0434735e-06
466 0.75 7.461589639231e-02 4.0956830e-06
470 0.75 7.551800254084e-02 6.4029597e-06
474 0.75 7.686571131735e-02 2.7249088e-06
478 0.75 7.413788861780e-02 4.9843450e-06
482 0.75 7.560762281326e-02 1.0122850e-05
486 0.75 7.671271902370e-02 8.8290897e-06
490 0.75 7.590994320653e-02 6.4675070e-06
494 0.75 7.472471793299e-02 6.5822876e-06
498 0.75 7.345508764245e-02 1.1731711e-06
202 1.00 7.364606802463e-02 6.4359955e-06
206 1.00 7.303111738925e-02 6.6448199e-06
210 1.00 7.743245970498e-02 2.7434822e-06
214 1.00 7.415398316060e-02 3.4933812e-06
218 1.00 7.525731267126e-02 1.6021070e-06
222 1.00 7.410378460543e-02 4.5566395e-06
226 1.00 7.313687807850e-02 4.2893728e-06
230 1.00 7.549014584868e-02 4.6987762e-06
234 1.00 7.572233618606e-02 2.8842955e-06
238 1.00 7.287421109190e-02 7.4432122e-06
242 1.00 7.554599017168e-02 4.0681948e-06
246 1.00 7.602987921179e-02 2.9029496e-06
250 1.00 7.453765942634e-02 3.0248377e-06
254 1.00 7.424280655434e-02 2.1842353e-06
258 1.00 7.484147665392e-02 4.9587957e-06
262 1.00 7.410307110585e-02 7.5106384e-06
266 1.00 7.323751651035e-02 2.0833842e-06
270 1.00 7.465939878807e-02 7.3300993e-06
274 1.00 7.411114099460e-02 1.1103813e-05
278 1.00 7.349489740017e-02 1.9794066e-06
282 1.00 7.495073426825e-02 1.4078507e-05
286 1.00 7.496142350920e-02 1.9551583e-06
290 1.00 7.555131770533e-02 7.2458272e-06
294 1.00 7.431994666243e-02 4.5627504e-06
298 1.00 7.275984082522e-02 1.8436365e-06
302 1.00 7.583653777481e-02 7.9762218e-06
306 1.00 7.609008564304e-02 3.9921741e-06
310 1.00 7.429303763854e-02 9.7709868e-06
314 1.00 7.531771720712e-02 7.0852952e-06
318 1.00 7.565058521651e-02 8.6322728e-06
322 1.00 7.281571105523e-02 4.2731163e-06
326 1.00 7.469989981228e-02 4.1856275e-06
330 1.00 7.644072834220e-02 2.0585019e-06
334 1.00 7.376301377730e-02 2.9762480e-06
338 1.00 7.520121839904e-02 6.3437577e-06
342 1.00 7.319473247529e-02 1.0389758e-05
346 1.00 7.407802638423e-02 1.9048073e-06
350 1.00 7.567390467694e-02 7.2598426e-06
354 1.00 7.171241312562e-02 2.7051161e-06
358 1.00 7.383653597116e-02 8.6985823e-06
362 1.00 7.441303047687e-02 2.6175462e-06
366 1.00 7.580901840776e-02 4.7221907e-06
370 1.00 7.839423773175e-02 4.1391999e-06
374 1.00 7.464490348294e-02 2.7596151e-06
378 1.00 7.407345196729e-02 4.6893791e-06
382 1.00 7.514774228175e-02 3.5523852e-06
386 1.00 7.394312702326e-02 2.8085613e-06
390 1.00 7.290561792172e-02 4.5500263e-06
394 1.00 7.294970875202e-02 3.3077949e-06
398 1.00 7.592763389921e-02 5.5032297e-06
402 1.00 7.527348805608e-02 4.9019519e-06
406 1.00 7.489552150096e-02 5.7013914e-06
410 1.00 7.787428809188e-02 4.6907974e-06
414 1.00 7.514796250545e-02 5.1235917e-06
418 1.00 7.361548715387e-02 9.3156499e-06
422 1.00 7.737668538380e-02 4.3579575e-06
426 1.00 7.769905398690e-02 8.7331742e-06
430 1.00 7.280674642002e-02 3.7289967e-06
434 1.00 7.429985938535e-02 4.6293569e-06
438 1.00 7.160964878800e-02 3.9089731e-06
442 1.00 7.515751630303e-02 3.7666674e-06
446 1.00 7.449274684347e-02 5.3703537e-06
450 1.00 7.617787793923e-02 5.8641324e-06
454 1.00 7.275631520825e-02 4.8454465e-06
458 1.00 7.472607350518e-02 5.8187485e-06
462 1.00 7.207075571155e-02 7.1371518e-06
466 1.00 7.424292398524e-02 1.8243691e-06
470 1.00 7.474210917957e-02 1.0752085e-06
474 1.00 7.585485277101e-02 4.3482952e-06
478 1.00 7.372789664857e-02 1.0536980e-05
482 1.00 7.431558332259e-02 4.9123394e-06
486 1.00 7.619331551028e-02 4.0028767e-06
490 1.00 7.379233297728e-02 1.0094311e-05
494 1.00 7.582963270228e-02 7.1728833e-06
498 1.00 7.401950297996e-02 1.1532189e-05
203 -1.00 7.873359663469e-02 6.2388083e-06
207 -1.00 8.141345445936e-02 1.5751035e-06
211 -1.00 8.237099154615e-02 2.7854415e-06
215 -1.00 8.133849152713e-02 3.5204190e-06
219 -1.00 7.871249424774e-02 5.7608346e-06
223 -1.00 7.785213602323e-02 5.8627555e-06
227 -1.00 8.247177967420e-02 1.0376914e-05
231 -1.00 7.907001291317e-02 3.8781915e-06
235 -1.00 7.659453013449e-02 3.6683922e-06
239 -1.00 7.976051427565e-02 2.4285681e-06
243 -1.00 7.954178134753e-02 2.4659730e-06
247 -1.00 7.614283142641e-02 7.3148617e-06
251 -1.00 7.949285548751e-02 1.0721889e-05
255 -1.00 7.901859016291e-02 2.5848900e-06
259 -1.00 7.657308638828e-02 2.7236625e-06
263 -1.00 7.972004123145e-02 3.8598210e-06
267 -1.00 8.047026869244e-02 6.3381235e-06
271 -1.00 7.702332302306e-02 2.5898160e-06
275 -1.00 8.241975706536e-02 5.0853476e-06
279 -1.00 7.702836628482e-02 3.7307365e-06
283 -1.00 7.717753882797e-02 2.4978423e-06
287 -1.00 7.946818479352e-02 5.4748008e-06
291 -1.00 7.949353670214e-02 5.4471973e-06
295 -1.00 8.342884276774e-02 5.8612029e-06
299 -1.00 8.187847595148e-02 5.0133759e-06
303 -1.00 7.848332949874e-02 3.9223549e-06
307 -1.00 7.495946641957e-02 3.0998177e-06
311 -1.00 7.831200290168e-02 2.1002421e-06
315 -1.00 7.930015881670e-02 3.8569097e-06
319 -1.00 7.749019001703e-02 4.8970150e-06
323 -1.00 7.839177845003e-02 3.3835862e-06
327 -1.00 8.385448443447e-02 3.5514668e-06
331 -1.00 8.079226614117e-02 6.8225483e-06
335 -1.00 7.973771635137e-02 1.8480093e-06
339 -1.00 7.851073361742e-02 6.6882159e-06
343 -1.00 7.937030312796e-02 3.2039472e-06
347 -1.00 7.908548962692e-02 3.8994962e-06
351 -1.00 8.050470817048e-02 2.6421410e-06
355 -1.00 7.764613639205e-02 3.4102198e-06
359 -1.00 7.930955705190e-02 6.0292635e-06
363 -1.00 7.546823068558e-02 3.4684290e-06
367 -1.00 7.880936037863e-02 3.0669391e-06
371 -1.00 7.945901279050e-02 2.4574579e-06
375 -1.00 7.938397481376e-02 1.0193692e-06
379 -1.00 8.246799716639e-02 9.7319850e-06
383 -1.00 7.886688396713e-02 8.7409928e-06
387 -1.00 8.021839719582e-02 1.9468879e-06
391 -1.00 8.240253456478e-02 3.1725425e-06
395 -1.00 8.127438652664e-02 3.8873703e-06
399 -1.00 7.806928890941e-02 4.5963513e-06
403 -1.00 8.001675113208e-02 2.6307698e-06
407 -1.00 7.677274097254e-02 6.3621921e-06
411 -1.00 7.793662948681e-02 3.8707343e-06
415 -1.00 7.687187758516e-02 2.8591166e-06
419 -1.00 7.998908266091e-02 3.4751381e-06
423 -1.00 7.776111769016e-02 3.4772512e-06
427 -1.00 8.185088167282e-02 6.7395692e-06
431 -1.00 8.325027811048e-02 6.8918381e-06
435 -1.00 8.047165483732e-02 4.3937421e-06
439 -1.00 7.699923374586e-02 5.4126770e-06
443 -1.00 7.964584448511e-02 7.2038313e-06
447 -1.00 8.446325049420e-02 1.8760937e-05
451 -1.00 7.946241988290e-02 7.6620332e-06
455 -1.00 7.556738585961e-02 3.4030778e-06
459 -1.00 7.925267755312e-02 3.6466933e-06
463 -1.00 7.889395893412e-02 6.1025243e-06
467 -1.00 7.923222932679e-02 1.7540955e-06
471 -1.00 7.956218930458e-02 1.1257649e-06
475 -1.00 7.539478683260e-02 2.8120760e-06
479 -1.00 7.778935836293e-02 2.5798111e-06
483 -1.00 7.880453835435e-02 3.4231802e-06
487 -1.00 7.851716217658e-02 3.4378517e-06
491 -1.00 7.982924473047e-02 3.5264523e-06
495 -1.00 7.888717538004e-02 9.8708806e-06
499 -1.00 8.165911563899e-02 5.6990453e-06
203 -0.75 8.019650299221e-02 3.7864551e-06
207 -0.75 7.815290523111e-02 3.7188038e-06
211 -0.75 7.976164603984e-02 1.3998800e-06
215 -0.75 7.919741074341e-02 5.0843280e-06
219 -0.75 7.929010999477e-02 4.4151599e-06
223 -0.75 7.906643395006e-02 5.5241427e-06
227 -0.75 8.137009625368e-02 9.1684158e-07
231 -0.75 7.876133438921e-02 1.4323139e-06
235 -0.75 7.729008932579e-02 9.2993954e-06
239 -0.75 8.026529524290e-02 1.3293979e-06
243 -0.75 7.919308357379e-02 7.5265756e-06
247 -0.75 7.594717348227e-02 5.2645106e-06
251 -0.75 7.822678919910e-02 3.2572733e-06
255 -0.75 7.948384072634e-02 6.3239107e-06
259 -0.75 7.709092750963e-02 6.8387278e-06
263 -0.75 7.815282853925e-02 1.5796839e-06
267 -0.75 7.825048917211e-02 3.0134130e-06
271 -0.75 7.696351343627e-02 1.9427461e-06
275 -0.75 8.074677737658e-02 2.7320809e-06
279 -0.75 7.741835667174e-02 3.1359831e-06
283 -0.75 7.840380159585e-02 5.7037189e-06
287 -0.75 7.856269808302e-02 5.5789913e-06
291 -0.75 7.866887936972e-02 5.6064119e-06
295 -0.75 8.146519632752e-02 7.8482163e-06
299 -0.75 8.074067518573e-02 3.9155703e-06
303 -0.75 7.731433185011e-02 4.3201737e-06
307 -0.75 7.637168407110e-02 1.9147073e-06
311 -0.75 7.890206884231e-02 3.7243220e-06
315 -0.75 7.697452069829e-02 1.0368312e-06
319 -0.75 7.780539290076e-02 3.9801004e-06
323 -0.75 7.719301584494e-02 2.8518670e-06
327 -0.75 8.278124435522e-02 5.9433404e-06
331 -0.75 7.862679240146e-02 2.3648190e-06
335 -0.75 7.770038458857e-02 8.0448707e-07
339 -0.75 7.817572966611e-02 3.9024758e-06
343 -0.75 7.905566678029e-02 1.4368416e-05
347 -0.75 7.808093655471e-02 5.9148843e-06
351 -0.75 8.137008629473e-02 4.4839783e-06
355 -0.75 7.647224782077e-02 2.9694963e-06
359 -0.75 7.835373325360e-02 1.8442312e-06
363 -0.75 7.552765831829e-02 8.7816543e-06
367 -0.75 7.800807757892e-02 1.3189241e-06
371 -0.75 8.010663444505e-02 3.5189438e-06
375 -0.75 7.943157456768e-02 5.6465520e-06
379 -0.75 8.121932233027e-02 5.5457474e-06
383 -0.75 7.683525900395e-02 7.0082950e-06
387 -0.75 8.017172164910e-02 4.6381823e-06
391 -0.75 8.111926023526e-02 4.7202338e-06
395 -0.75 8.119652282051e-02 4.8583910e-06
399 -0.75 7.790497290341e-02 6.3956057e-06
403 -0.75 7.732033497696e-02 1.8796681e-06
407 -0.75 7.458820321425e-02 6.4798708e-06
411 -0.75 7.554536998852e-02 6.1324578e-06
415 -0.75 7.677272914306e-02 3.5046688e-06
419 -0.75 7.951701495545e-02 3.6407669e-06
423 -0.75 7.658087863088e-02 2.9525402e-06
427 -0.75 8.152436963666e-02 4.7274531e-06
431 -0.75 8.297248903700e-02 1.1263119e-05
435 -0.75 7.658245308918e-02 1.0796891e-06
439 -0.75 7.679767583963e-02 3.7297836e-06
443 -0.75 7.824109407275e-02 5.2601010e-06
447 -0.75 8.236478838873e-02 6.8596935e-06
451 -0.75 7.726243092118e-02 4.3413756e-06
455 -0.75 7.411245102266e-02 2.2009125e-06
459 -0.75 7.822739977331e-02 5.9419784e-06
463 -0.75 7.889530380955e-02 5.1276637e-06
467 -0.75 7.819014962412e-02 4.1259926e-06
471 -0.75 7.832660945006e-02 6.5059896e-06
475 -0.75 7.537065486174e-02 3.0129219e-06
479 -0.75 7.707903662774e-02 2.6630656e-06
483 -0.75 7.958649626404e-02 3.0954841e-06
487 -0.75 7.932037514037e-02 3.0158269e-06
491 -0.75 8.033623732230e-02 2.6620983e-06
495 -0.75 7.821276816760e-02 4.2472758e-06
499 -0.75 8.024334050294e-02 3.2774116e-06
203 -0.50 8.043273032801e-02 4.8998777e-06
207 -0.50 7.936723715394e-02 4.2544782e-06
211 -0.50 7.955537453363e-02 5.6206888e-06
215 -0.50 7.858919592818e-02 7.7514732e-06
219 -0.50 7.817795758268e-02 7.7850268e-07
223 -0.50 7.762055854438e-02 4.4481656e-06
227 -0.50 8.030751291627e-02 7.4712843e-06
231 -0.50 7.822651719286e-02 7.5611664e-06
235 -0.50 7.453087919611e-02 1.1140578e-06
239 -0.50 7.954231944976e-02 3.6656421e-06
243 -0.50 7.807991228584e-02 4.4758862e-06
247 -0.50 7.319567594092e-02 3.2502667e-06
251 -0.50 7.828014571727e-02 4.7663957e-06
255 -0.50 7.996057731930e-02 2.6091751e-06
259 -0.50 7.697245303932e-02 7.0643760e-06
263 -0.50 7.790845952627e-02 3.8369701e-06
267 -0.50 7.740979826739e-02 2.4400892e-06
271 -0.50 7.546572847689e-02 4.6660065e-06
275 -0.50 7.935701768173e-02 4.3927296e-06
279 -0.50 7.598153606872e-02 3.1615608e-06
283 -0.50 7.705242432618e-02 2.0329235e-06
287 -0.50 7.836420133703e-02 3.5428789e-06
291 -0.50 7.799096400890e-02 3.8482877e-06
295 -0.50 8.070623675520e-02 4.8460634e-06
299 -0.50 8.029299655965e-02 3.3516629e-06
303 -0.50 7.505605952191e-02 1.4788248e-06
307 -0.50 7.610669037609e-02 3.1367117e-06
311 -0.50 7.752746798395e-02 6.5016901e-06
315 -0.50 7.684890369305e-02 1.9349047e-06
319 -0.50 7.557230608086e-02 1.8272609e-06
323 -0.50 7.821535774536e-02 4.3375092e-06
327 -0.50 8.133724533399e-02 5.0914545e-06
331 -0.50 7.820524795408e-02 6.2430036e-06
335 -0.50 7.835541146005e-02 5.9744133e-06
339 -0.50 7.717466241103e-02 3.4923784e-06
343 -0.50 7.910529983920e-02 7.7037506e-06
347 -0.50 7.632760866842e-02 2.6587640e-06
351 -0.50 7.914412160787e-02 1.2314107e-06
355 -0.50 7.693179232371e-02 5.8470743e-06
359 -0.50 7.788276344131e-02 2.7214618e-06
363 -0.50 7.404639542197e-02 4.6550026e-06
367 -0.50 7.852127547836e-02 2.4604458e-06
371 -0.50 7.917849377718e-02 6.5304009e-06
375 -0.50 7.738206182378e-02 6.6407909e-06
379 -0.50 8.044474273667e-02 2.4874154e-06
383 -0.50 7.658250986944e-02 5.1179294e-06
387 -0.50 7.814933836272e-02 3.9069552e-06
391 -0.50 8.042374231402e-02 2.8564451e-06
395 -0.50 7.981304065425e-02 2.6954094e-06
399 -0.50 7.559174187335e-02 3.8580905e-06
403 -0.50 7.837475757312e-02 2.9275140e-06
407 -0.50 7.492310657125e-02 4.1071125e-06
411 -0.50 7.755425833560e-02 8.1060106e-06
415 -0.50 7.641962548365e-02 6.2864438e-06
419 -0.50 7.740515037608e-02 4.7522182e-06
423 -0.50 7.669409106656e-02 2.2401392e-06
427 -0.50 8.078615673968e-02 4.6852115e-06
431 -0.50 8.205967191810e-02 6.0262075e-06
435 -0.50 7.663400231739e-02 3.1399703e-06
439 -0.50 7.612957122258e-02 5.5279022e-06
443 -0.50 7.856425139554e-02 3.5743218e-06
447 -0.50 8.025542470635e-02 1.0178327e-05
451 -0.50 7.731185212000e-02 3.4311343e-06
455 -0.50 7.365713241292e-02 1.4941499e-06
459 -0.50 7.769837289456e-02 6.9280247e-06
463 -0.50 7.812309550593e-02 1.0188149e-05
467 -0.50 7.849491974475e-02 3.2147661e-06
471 -0.50 7.822737130333e-02 1.7203403e-06
475 -0.50 7.498659458121e-02 1.9428075e-06
479 -0.50 7.595474044925e-02 2.3847298e-06
483 -0.50 7.882488464489e-02 2.3181405e-06
487 -0.50 7.894888589904e-02 4.1674415e-06
491 -0.50 7.829957087718e-02 8.7949184e-07
495 -0.50 7.801916622844e-02 6.7070421e-06
499 -0.50 8.030891519845e-02 5.8583157e-06
203 -0.25 7.848389917612e-02 2.1322868e-06
207 -0.25 7.834250971358e-02 7.5163579e-06
211 -0.25 8.016342155269e-02 6.0852213e-06
215 -0.25 7.840051950664e-02 5.5925693e-06
219 -0.25 7.749171352171e-02 3.7476580e-06
223 -0.25 7.621945169725e-02 4.1220106e-06
227 -0.25 7.915233336981e-02 7.7019453e-06
231 -0.25 7.681725229224e-02 3.6834580e-06
235 -0.25 7.526307293213e-02 1.1705627e-05
239 -0.25 7.846108295850e-02 1.1617140e-05
243 -0.25 7.808543875066e-02 3.2428208e-06
247 -0.25 7.349102449259e-02 2.3298519e-06
251 -0.25 7.898075345675e-02 3.6612808e-06
255 -0.25 7.635584425124e-02 3.2730558e-06
259 -0.25 7.646456817705e-02 1.7174710e-05
263 -0.25 7.824256004795e-02 6.4902637e-06
267 -0.25 7.811119921698e-02 6.1191500e-06
271 -0.25 7.435591245469e-02 2.7460193e-06
275 -0.25 7.850502493865e-02 2.3213352e-06
279 -0.25 7.554540412600e-02 1.0380368e-05
283 -0.25 7.571314337728e-02 2.9716784e-06
287 -0.25 7.662215198059e-02 4.6719155e-06
291 -0.25 7.686413608367e-02 4.1484365e-06
295 -0.25 7.875155138446e-02 5.4347777e-06
299 -0.25 8.019249749959e-02 1.0864220e-05
303 -0.25 7.708459699628e-02 6.4058685e-06
307 -0.25 7.572959935155e-02 1.2429079e-05
311 -0.25 7.594335993981e-02 4.4743643e-06
315 -0.25 7.650482907691e-02 5.6461578e-06
319 -0.25 7.557554299763e-02 2.6839202e-06
323 -0.25 7.693769809686e-02 9.0381500e-06
327 -0.25 8.028543999372e-02 3.7554563e-06
331 -0.25 7.703325871111e-02 2.6230831e-06
335 -0.25 7.781760328653e-02 5.7757602e-06
339 -0.25 7.731154572725e-02 3.5085319e-06
343 -0.25 7.674046529823e-02 3.1392819e-06
347 -0.25 7.729839465855e-02 6.1798784e-06
351 -0.25 7.879747923044e-02 2.0590312e-06
355 -0.25 7.761571006273e-02 3.8645963e-06
359 -0.25 7.852483826275e-02 9.0702214e-06
363 -0.25 7.297500522145e-02 3.9952504e-06
367 -0.25 7.658634139508e-02 2.7234302e-06
371 -0.25 7.706754795907e-02 2.2424304e-06
375 -0.25 7.654657177846e-02 1.8491745e-06
379 -0.25 7.882692356832e-02 4.6551494e-06
383 -0.25 7.507703035061e-02 5.2825242e-06
387 -0.25 7.775412431761e-02 2.1208879e-06
391 -0.25 7.997129054990e-02 2.2060384e-06
395 -0.25 7.849327226647e-02 2.5665261e-06
399 -0.25 7.514404966134e-02 5.0308360e-06
403 -0.25 7.785399747890e-02 4.0187383e-06
407 -0.25 7.401640246665e-02 3.9477185e-06
411 -0.25 7.595854192149e-02 4.3751783e-06
415 -0.25 7.520889819359e-02 2.9907450e-06
419 -0.25 7.771360871095e-02 4.3456342e-06
423 -0.25 7.579903723335e-02 3.9775822e-06
427 -0.25 7.829944529813e-02 4.2092104e-06
431 -0.25 8.147581686424e-02 5.1755237e-06
435 -0.25 7.654797544244e-02 1.0021489e-06
439 -0.25 7.684252932503e-02 4.3736373e-06
443 -0.25 7.833432571614e-02 4.6066027e-06
447 -0.25 7.964712977482e-02 3.6832747e-06
451 -0.25 7.626509248341e-02 6.7386702e-06
455 -0.25 7.405775686545e-02 3.2313518e-06
459 -0.25 7.652924276344e-02 5.6710212e-06
463 -0.25 7.719785392895e-02 3.8032740e-06
467 -0.25 7.811930737379e-02 6.3626199e-06
471 -0.25 7.809276378563e-02 6.8494465e-06
475 -0.25 7.414086671549e-02 3.4199453e-06
479 -0.25 7.716865006304e-02 4.1663876e-06
483 -0.25 7.799193705803e-02 4.3977709e-06
487 -0.25 7.708326305200e-02 4.4471673e-06
491 -0.25 7.753565518935e-02 2.6830853e-06
495 -0.25 7.620367337414e-02 3.7795572e-06
499 -0.25 7.881185341480e-02 5.8722405e-06
203 0.00 7.869598192279e-02 4.4217553e-06
207 0.00 7.640107610859e-02 3.2369207e-06
211 0.00 7.811765127696e-02 2.7998138e-06
215 0.00 7.598354870931e-02 7.0689061e-06
219 0.00 7.557929668361e-02 3.6240911e-06
223 0.00 7.658188664445e-02 2.7280693e-06
227 0.00 7.852208911483e-02 3.4228669e-06
231 0.00 7.542242647050e-02 3.0092296e-06
235 0.00 7.299921375063e-02 3.6769133e-06
239 0.00 7.815490810103e-02 1.2881144e-06
243 0.00 7.851160463710e-02 1.0277136e-05
247 0.00 7.462891668810e-02 6.3435453e-06
251 0.00 7.688955502070e-02 8.1327851e-06
255 0.00 7.833995074991e-02 6.6380424e-06
259 0.00 7.351921769464e-02 3.4440580e-06
263 0.00 7.625591204264e-02 5.6639786e-06
267 0.00 7.691738706161e-02 4.7220138e-06
271 0.00 7.366646175653e-02 2.7907794e-06
275 0.00 7.815045654947e-02 2.2344328e-06
279 0.00 7.580059804708e-02 7.5726634e-06
283 0.00 7.505725177729e-02 2.8107026e-06
287 0.00 7.577364799762e-02 2.0100080e-06
291 0.00 7.665273032891e-02 7.7482682e-06
295 0.00 7.894574445259e-02 3.1458430e-06
299 0.00 7.868572707647e-02 2.4955548e-06
303 0.00 7.480898841738e-02 1.6608689e-06
307 0.00 7.387728230443e-02 4.8639478e-06
311 0.00 7.643121588034e-02 3.9804259e-06
315 0.00 7.577705469025e-02 7.0478582e-07
319 0.00 7.592244258020e-02 3.2985372e-06
323 0.00 7.600015415442e-02 3.4302905e-06
327 0.00 7.887276320216e-02 3.0060022e-06
331 0.00 7.653141432174e-02 8.8923020e-06
335 0.00 7.594896059571e-02 3.2397698e-06
339 0.00 7.648605895166e-02 2.2711601e-06
343 0.00 7.577774582934e-02 1.1415738e-05
347 0.00 7.520331081467e-02 6.1525688e-06
351 0.00 7.887991062396e-02 6.8358127e-06
355 0.00 7.554821571191e-02 3.0540130e-06
359 0.00 7.621957973548e-02 3.4116081e-06
363 0.00 7.330342690748e-02 2.7545652e-06
367 0.00 7.593363767903e-02 2.9260226e-06
371 0.00 7.704868140188e-02 6.8128640e-06
375 0.00 7.665173189877e-02 6.7394439e-06
379 0.00 7.894328661434e-02 7.9040236e-06
383 0.00 7.680550543641e-02 3.3219821e-06
387 0.00 7.762176734123e-02 2.4304570e-06
391 0.00 7.975570818051e-02 6.6569874e-06
395 0.00 7.779725399168e-02 4.7704429e-06
399 0.00 7.388503403186e-02 5.1776960e-06
403 0.00 7.735301407633e-02 7.0625923e-06
407 0.00 7.367377442246e-02 3.9741433e-06
411 0.00 7.513641186114e-02 3.8041126e-06
415 0.00 7.495827126820e-02 3.4095653e-06
419 0.00 7.737472199752e-02 4.0776661e-06
423 0.00 7.552164540455e-02 2.8277604e-06
427 0.00 7.885444362527e-02 5.8165227e-06
431 0.00 8.157568190997e-02 5.1403778e-06
435 0.00 7.670838779785e-02 1.3436390e-06
439 0.00 7.653200203790e-02 9.6049022e-06
443 0.00 7.734480670590e-02 4.4719248e-06
447 0.00 7.862629420660e-02 4.3985323e-06
451 0.00 7.542087921722e-02 1.9280803e-06
455 0.00 7.389024547735e-02 2.3996455e-06
459 0.00 7.732497153727e-02 2.5167059e-06
463 0.00 7.638883290274e-02 5.1485911e-06
467 0.00 7.707484488181e-02 2.8880885e-06
471 0.00 7.751799749347e-02 6.1246514e-06
475 0.00 7.445602608801e-02 3.8977943e-06
479 0.00 7.575845368884e-02 3.4653214e-06
483 0.00 7.683796199147e-02 2.4991390e-06
487 0.00 7.722864635940e-02 6.1905580e-06
491 0.00 7.832963747976e-02 1.2394741e-06
495 0.00 7.719470401955e-02 3.0585074e-06
499 0.00 7.766157511185e-02 1.7046078e-06
203 0.25 7.920799117319e-02 3.7448063e-06
207 0.25 7.583801312009e-02 4.7310584e-06
211 0.25 7.765837898077e-02 5.1219402e-06
215 0.25 7.627664804006e-02 5.9707833e-06
219 0.25 7.595047240646e-02 9.6402666e-07
223 0.25 7.522823858851e-02 5.7835103e-06
227 0.25 7.750295839467e-02 4.8978320e-06
231 0.25 7.666636090875e-02 9.3259936e-06
235 0.25 7.265365048855e-02 3.2068241e-06
239 0.25 7.650520582628e-02 2.7162300e-06
243 0.25 7.688978639996e-02 1.0204284e-05
247 0.25 7.373341469941e-02 3.4877628e-06
251 0.25 7.608619959488e-02 4.2411442e-06
255 0.25 7.573489378557e-02 3.9756018e-06
259 0.25 7.357429848610e-02 5.0860727e-06
263 0.25 7.502461179865e-02 4.1093050e-06
267 0.25 7.498134140413e-02 4.1025069e-06
271 0.25 7.415328688939e-02 6.6722812e-06
275 0.25 7.924158560313e-02 5.8169691e-06
279 0.25 7.526337065909e-02 4.5985178e-06
283 0.25 7.449924233221e-02 1.5528221e-06
287 0.25 7.497674964336e-02 5.7287635e-06
291 0.25 7.724887975601e-02 6.5811256e-06
295 0.25 7.944454581389e-02 3.2530529e-06
299 0.25 8.034666697508e-02 6.2587632e-06
303 0.25 7.448757312147e-02 3.6578612e-06
307 0.25 7.449828586043e-02 2.7848599e-06
311 0.25 7.626014671507e-02 3.6243148e-06
315 0.25 7.543378155244e-02 2.2690772e-06
319 0.25 7.394326948416e-02 3.9848878e-06
323 0.25 7.639612340958e-02 5.7983346e-06
327 0.25 7.893164432185e-02 3.0854748e-06
331 0.25 7.734591870990e-02 7.3465379e-06
335 0.25 7.614658443421e-02 2.8361174e-06
339 0.25 7.665799479880e-02 1.9844254e-06
343 0.25 7.480210774399e-02 5.8928933e-06
347 0.25 7.680799766116e-02 4.2005557e-06
351 0.25 7.748938185384e-02 5.0387229e-06
355 0.25 7.466189135609e-02 2.7250383e-06
359 0.25 7.591199894460e-02 2.9028469e-06
363 0.25 7.227840564849e-02 1.2495725e-06
367 0.25 7.638010165895e-02 3.7737579e-06
371 0.25 7.652424304819e-02 5.0463264e-06
375 0.25 7.644252947895e-02 6.8180691e-06
379 0.25 7.702341554470e-02 2.2907873e-06
383 0.25 7.557776790249e-02 6.0530281e-06
387 0.25 7.624742968553e-02 4.6919487e-06
391 0.25 7.963153062218e-02 7.5356559e-06
395 0.25 7.676811712133e-02 1.8691625e-06
399 0.25 7.456949026309e-02 5.6529559e-06
403 0.25 7.573124375631e-02 2.6596540e-06
407 0.25 7.343082267248e-02 4.6241419e-06
411 0.25 7.455553889686e-02 3.6181460e-06
415 0.25 7.414610757063e-02 2.1554591e-06
419 0.25 7.589298837388e-02 2.8217396e-06
423 0.25 7.518056961330e-02 3.1858794e-06
427 0.25 7.749485224724e-02 6.2885530e-06
431 0.25 8.030470191257e-02 5.4938312e-06
435 0.25 7.594260098324e-02 4.8029171e-06
439 0.25 7.472972519077e-02 4.1432593e-06
443 0.25 7.597191727611e-02 8.7212826e-06
447 0.25 7.851492250839e-02 9.0204875e-06
451 0.25 7.453909861766e-02 4.4653251e-06
455 0.25 7.231735175964e-02 3.8746990e-06
459 0.25 7.668461715189e-02 8.2536648e-06
463 0.25 7.560762939707e-02 2.1206913e-06
467 0.25 7.656496281075e-02 5.1537064e-06
471 0.25 7.567720107777e-02 2.5283657e-06
475 0.25 7.402413343211e-02 1.4326691e-06
479 0.25 7.485238807013e-02 2.3371754e-06
483 0.25 7.736183148503e-02 1.0426805e-05
487 0.25 7.631326798746e-02 5.9611412e-06
491 0.25 7.719957243643e-02 5.2842663e-06
495 0.25 7.446427518605e-02 4.2674696e-06
499 0.25 7.810689409603e-02 2.3494631e-06
203 0.50 7.713591782901e-02 3.2146300e-06
207 0.50 7.708788633929e-02 5.0499155e-06
211 0.50 7.843179602910e-02 3.9058439e-06
215 0.50 7.617668589119e-02 4.1291624e-06
219 0.50 7.669685873915e-02 1.6825211e-06
223 0.50 7.433640199569e-02 5.3218826e-06
227 0.50 7.863393929202e-02 9.7262428e-06
231 0.50 7.585842052916e-02 5.4445983e-07
235 0.50 7.338953989537e-02 5.6245304e-06
239 0.50 7.639634465186e-02 4.4073464e-06
243 0.50 7.606978357131e-02 1.5000282e-06
247 0.50 7.404006499735e-02 4.6927674e-06
251 0.50 7.600569768133e-02 7.5468573e-06
255 0.50 7.593359814545e-02 5.3400322e-06
259 0.50 7.309787639030e-02 3.8258649e-06
263 0.50 7.623358885319e-02 3.9428391e-06
267 0.50 7.402038824375e-02 2.2746888e-06
271 0.50 7.397060495159e-02 3.6339250e-06
275 0.50 7.750350918817e-02 3.9341666e-06
279 0.50 7.394618337502e-02 3.3246787e-06
283 0.50 7.236010395545e-02 9.8363082e-07
287 0.50 7.531756739832e-02 2.7375665e-06
291 0.50 7.600390491073e-02 1.1223930e-05
295 0.50 7.812868783666e-02 5.5084288e-06
299 0.50 7.816328027972e-02 4.3408461e-06
303 0.50 7.462696587997e-02 5.2439392e-06
307 0.50 7.410039912247e-02 6.7009388e-06
311 0.50 7.568025590120e-02 4.1318422e-06
315 0.50 7.576648542013e-02 2.3667373e-06
319 0.50 7.534929035825e-02 1.0517163e-05
323 0.50 7.410094894106e-02 3.5770202e-06
327 0.50 7.890134674006e-02 5.6851886e-06
331 0.50 7.533200352704e-02 3.4304892e-06
335 0.50 7.549577759566e-02 2.6411045e-06
339 0.50 7.512792231649e-02 2.6354134e-06
343 0.50 7.471435454546e-02 8.5016884e-06
347 0.50 7.497818949316e-02 3.8689656e-06
351 0.50 7.737651695188e-02 6.4279741e-06
355 0.50 7.538297577370e-02 4.3573171e-06
359 0.50 7.523159168773e-02 2.0159599e-06
363 0.50 7.268710302777e-02 3.8397894e-06
367 0.50 7.582993082734e-02 5.7779660e-06
371 0.50 7.627156063906e-02 3.6773624e-06
375 0.50 7.416183468545e-02 5.5910561e-06
379 0.50 7.774308443687e-02 3.7826612e-06
383 0.50 7.409754564885e-02 6.3385097e-06
387 0.50 7.464686755777e-02 1.5612955e-06
391 0.50 7.721607672178e-02 5.7315869e-06
395 0.50 7.662526612380e-02 1.6139602e-06
399 0.50 7.465354246631e-02 3.4682589e-06
403 0.50 7.569124368555e-02 4.6776129e-06
407 0.50 7.302317697872e-02 3.1436840e-06
411 0.50 7.428311712123e-02 1.8655176e-06
415 0.50 7.420553882842e-02 1.1384261e-05
419 0.50 7.684613929437e-02 4.8894474e-06
423 0.50 7.386901519883e-02 4.5768559e-06
427 0.50 7.585056251216e-02 5.2640323e-06
431 0.50 7.885220159913e-02 7.0848376e-06
435 0.50 7.642859666143e-02 3.6434411e-06
439 0.50 7.462201767458e-02 1.8628533e-06
443 0.50 7.629000627938e-02 4.9749497e-06
447 0.50 7.716970021316e-02 4.9931124e-06
451 0.50 7.411645265164e-02 3.6738788e-06
455 0.50 7.267126272461e-02 5.4926686e-06
459 0.50 7.383782188253e-02 2.8088080e-06
463 0.50 7.672898738455e-02 1.2801564e-05
467 0.50 7.448985382526e-02 3.7603385e-06
471 0.50 7.576060670636e-02 1.6233039e-06
475 0.50 7.386874590935e-02 8.7265815e-06
479 0.50 7.486278602905e-02 8.2346138e-06
483 0.50 7.554437148405e-02 3.7193722e-06
487 0.50 7.643105859735e-02 4.8794085e-06
491 0.50 7.564777878349e-02 2.6206377e-06
495 0.50 7.442929930273e-02 6.8304651e-06
499 0.50 7.664658895163e-02 3.8657223e-06
203 0.75 7.642261016663e-02 7.6095688e-06
207 0.75 7.575032631366e-02 4.5174877e-06
211 0.75 7.713938295365e-02 4.7977423e-06
215 0.75 7.522170683236e-02 5.8248065e-06
219 0.75 7.648031979905e-02 5.6590578e-06
223 0.75 7.353445290632e-02 4.3166272e-06
227 0.75 7.694402579184e-02 6.6199228e-06
231 0.75 7.636757099646e-02 4.9137378e-06
235 0.75 7.225075813776e-02 1.8983818e-06
239 0.75 7.614995599397e-02 4.3333749e-06
243 0.75 7.691589939325e-02 3.2395338e-06
247 0.75 7.237546621344e-02 2.3705623e-06
251 0.75 7.550456434646e-02 4.4921345e-06
255 0.75 7.592941899197e-02 2.5794801e-06
259 0.75 7.580267323569e-02 7.5631032e-06
263 0.75 7.524154411415e-02 6.9199998e-06
267 0.75 7.544207399861e-02 5.7179126e-06
271 0.75 7.243020784482e-02 7.3766982e-06
275 0.75 7.724327269510e-02 3.6883742e-06
279 0.75 7.416477779682e-02 5.3274755e-06
283 0.75 7.313402046596e-02 3.4487824e-06
287 0.75 7.399097502752e-02 4.1494171e-06
291 0.75 7.529760341376e-02 2.2545278e-06
295 0.75 7.641494294196e-02 3.3619606e-06
299 0.75 7.848570060275e-02 3.8894829e-06
303 0.75 7.423152699359e-02 2.9355862e-06
307 0.75 7.413543935069e-02 5.2374614e-06
311 0.75 7.378626873987e-02 5.8180112e-06
315 0.75 7.376905373689e-02 6.4165801e-06
319 0.75 7.423202380030e-02 7.3864343e-06
323 0.75 7.418774333564e-02 3.7954365e-06
327 0.75 7.788692073241e-02 4.3311955e-06
331 0.75 7.585261383294e-02 4.5402489e-06
335 0.75 7.476463129173e-02 3.2199693e-06
339 0.75 7.308669357260e-02 5.4662146e-06
343 0.75 7.452402561120e-02 5.4295519e-06
347 0.75 7.432123706349e-02 6.4451745e-06
351 0.75 7.541898192482e-02 5.0638831e-06
355 0.75 7.567328327807e-02 4.7025788e-06
359 0.75 7.512191283789e-02 6.7519522e-06
363 0.75 7.368182205068e-02 4.2060013e-06
367 0.75 7.487178218322e-02 5.4023530e-06
371 0.75 7.557353403210e-02 1.7687492e-06
375 0.75 7.438033719112e-02 8.8113030e-06
379 0.75 7.573617720237e-02 6.7337224e-06
383 0.75 7.342053543563e-02 3.2690787e-06
387 0.75 7.573700900022e-02 4.2993119e-06
391 0.75 7.806934767623e-02 6.6134386e-06
395 0.75 7.637201916071e-02 4.4641437e-06
399 0.75 7.250708884878e-02 7.8551690e-06
403 0.75 7.336601211554e-02 4.8507814e-06
407 0.75 7.239472723205e-02 1.2315083e-05
411 0.75 7.340024534361e-02 5.9248922e-06
415 0.75 7.350682220008e-02 1.1481667e-06
419 0.75 7.370837848355e-02 3.2103072e-06
423 0.75 7.482235829372e-02 3.5313073e-06
427 0.75 7.613074457031e-02 3.2947218e-06
431 0.75 7.793682750396e-02 4.1993281e-06
435 0.75 7.451873705561e-02 2.9405298e-06
439 0.75 7.504794568516e-02 2.4876172e-06
443 0.75 7.478129166103e-02 3.0155884e-06
447 0.75 7.752784979267e-02 3.0444391e-06
451 0.75 7.379908437412e-02 2.0393717e-06
455 0.75 7.169696306702e-02 2.0486524e-06
459 0.75 7.546927197284e-02 3.0416113e-06
463 0.75 7.412883344116e-02 7.0117026e-06
467 0.75 7.587020549835e-02 2.7356599e-06
471 0.75 7.426043902339e-02 2.8339320e-06
475 0.75 7.291182152207e-02 6.2479556e-06
479 0.75 7.318203088445e-02 5.0873116e-06
483 0.75 7.400036467487e-02 3.3443999e-06
487 0.75 7.544241111774e-02 1.9219484e-06
491 0.75 7.541333939381e-02 1.5161114e-06
495 0.75 7.483600016305e-02 1.4815739e-05
499 0.75 7.568560707157e-02 2.8510283e-06
203 1.00 7.592982516303e-02 6.1715382e-06
207 1.00 7.506547530420e-02 1.6330554e-06
211 1.00 7.529081169418e-02 4.1018002e-06
215 1.00 7.423508620829e-02 2.7263499e-06
219 1.00 7.606977122977e-02 9.2700081e-06
223 1.00 7.265321145675e-02 4.6680224e-06
227 1.00 7.583314446375e-02 5.2646845e-06
231 1.00 7.539137273770e-02 4.2222434e-06
235 1.00 7.102850546440e-02 4.4882659e-06
239 1.00 7.377686577850e-02 5.3053190e-06
243 1.00 7.414231410159e-02 2.8168938e-06
247 1.00 7.104378702623e-02 4.3871125e-06
251 1.00 7.607454448213e-02 4.7334521e-06
255 1.00 7.416218443411e-02 1.8557195e-05
259 1.00 7.338021155711e-02 1.3736502e-05
263 1.00 7.248443588824e-02 3.6678547e-06
267 1.00 7.305155801226e-02 4.2750978e-06
271 1.00 7.172484009832e-02 1.5126508e-06
275 1.00 7.680379473148e-02 6.7650811e-06
279 1.00 7.382295449236e-02 2.2051981e-06
283 1.00 7.299947988097e-02 8.2347603e-06
287 1.00 7.446392135677e-02 7.2479136e-06
291 1.00 7.486852951823e-02 5.7430301e-06
295 1.00 7.617583524937e-02 6.2586695e-06
299 1.00 7.617264048476e-02 4.9355958e-06
303 1.00 7.324417050623e-02 4.8621650e-06
307 1.00 7.230044699755e-02 7.5570522e-06
311 1.00 7.513704693276e-02 3.9489803e-06
315 1.00 7.519612918002e-02 3.7673470e-06
319 1.00 7.411445828489e-02 6.3382868e-06
323 1.00 7.426017756575e-02 1.0506197e-05
327 1.00 7.743033342622e-02 3.8480574e-06
331 1.00 7.487460694766e-02 1.0937879e-05
335 1.00 7.240655444444e-02 2.1232377e-06
339 1.00 7.314650362160e-02 4.5689688e-06
343 1.00 7.426947312099e-02 5.1186142e-06
347 1.00 7.420296245279e-02 3.4771999e-06
351 1.00 7.551616502872e-02 4.5141110e-06
355 1.00 7.433914615206e-02 4.1544594e-06
359 1.00 7.330419613086e-02 5.4896149e-06
363 1.00 7.220270683167e-02 1.7377435e-06
367 1.00 7.206508430845e-02 2.2488231e-06
371 1.00 7.475931012939e-02 6.2791989e-06
375 1.00 7.305414685134e-02 4.3307816e-06
379 1.00 7.655568982782e-02 9.0377014e-06
383 1.00 7.378435952325e-02 3.9809725e-06
387 1.00 7.582118889663e-02 7.9499151e-06
391 1.00 7.689263511101e-02 2.0676333e-06
395 1.00 7.495181401480e-02 5.7435841e-06
399 1.00 7.273906069846e-02 1.5349482e-06
403 1.00 7.423428189884e-02 9.6356347e-06
407 1.00 7.152956727077e-02 4.4237960e-06
411 1.00 7.295918610784e-02 1.5325621e-06
415 1.00 7.325280173321e-02 2.8361481e-06
419 1.00 7.598795781528e-02 6.8421308e-06
423 1.00 7.316754621362e-02 1.0160870e-05
427 1.00 7.402952883937e-02 4.4389982e-06
431 1.00 7.742923826880e-02 5.2030231e-06
435 1.00 7.436860414662e-02 7.6860569e-06
439 1.00 7.321102896224e-02 8.4116674e-06
443 1.00 7.470702684792e-02 4.6356896e-06
447 1.00 7.649010201531e-02 5.7980503e-06
451 1.00 7.383634142238e-02 3.3832840e-06
455 1.00 6.990711376032e-02 6.2478301e-06
459 1.00 7.492428610561e-02 9.7014361e-07
463 1.00 7.416915985289e-02 3.0731316e-06
467 1.00 7.410078467297e-02 3.1047475e-06
471 1.00 7.460339440627e-02 3.4918446e-06
475 1.00 7.172967784915e-02 3.2778061e-06
479 1.00 7.367132975206e-02 1.0586220e-05
483 1.00 7.574539989409e-02 5.6760854e-06
487 1.00 7.455869206310e-02 2.9423989e-06
491 1.00 7.522339044726e-02 2.9494752e-06
495 1.00 7.307240978370e-02 4.0208378e-06
499 1.00 7.715444493553e-02 2.9013494e-06
204 -1.00 8.389904736095e-02 1.8180528e-06
208 -1.00 8.214724133516e-02 1.0420414e-05
212 -1.00 7.603475763489e-02 3.7413689e-06
216 -1.00 8.093781849737e-02 5.4386734e-06
220 -1.00 7.695565713541e-02 3.4236079e-06
224 -1.00 7.496734166834e-02 4.0636900e-06
228 -1.00 8.024206027598e-02 1.5606960e-06
232 -1.00 8.012458904882e-02 6.3967881e-06
236 -1.00 7.815179311244e-02 2.5890798e-06
240 -1.00 8.191907341090e-02 3.2956832e-06
244 -1.00 7.912529624583e-02 1.4948514e-06
248 -1.00 7.793067685558e-02 3.0437959e-06
252 -1.00 8.033028791657e-02 3.9460149e-06
256 -1.00 8.105256058143e-02 5.4486547e-06
260 -1.00 8.163470526984e-02 3.8763634e-06
264 -1.00 8.039423703793e-02 2.1520055e-06
268 -1.00 8.267324132585e-02 3.2981244e-06
272 -1.00 7.993748124166e-02 2.8333100e-06
276 -1.00 7.913686968602e-02 6.0098618e-06
280 -1.00 7.661367701632e-02 5.5400855e-06
284 -1.00 7.808910734271e-02 4.5630352e-06
288 -1.00 7.673028799009e-02 2.7692433e-06
292 -1.00 7.857823035474e-02 4.3489897e-06
296 -1.00 7.744246770477e-02 2.3604617e-06
300 -1.00 7.943470211439e-02 8.6626975e-07
304 -1.00 8.110878799856e-02 4.4856377e-06
308 -1.00 8.059897667483e-02 3.3164753e-06
312 -1.00 7.894470220848e-02 5.0473809e-06
316 -1.00 7.979313547035e-02 7.8223401e-06
320 -1.00 7.788780019150e-02 6.2171817e-06
324 -1.00 7.851057287131e-02 6.1214827e-06
328 -1.00 8.047509667504e-02 3.3099907e-06
332 -1.00 8.094855213203e-02 4.5911220e-06
336 -1.00 8.016456122271e-02 3.7368251e-06
340 -1.00 8.145366372926e-02 4.9796035e-06
344 -1.00 7.729930072948e-02 4.0679692e-06
348 -1.00 7.920819061989e-02 4.8847835e-06
352 -1.00 7.683616889326e-02 3.1818186e-06
356 -1.00 8.043760790951e-02 2.4470870e-06
360 -1.00 8.078356148000e-02 2.7465991e-06
364 -1.00 8.090250340393e-02 3.0196441e-06
368 -1.00 7.933526416886e-02 5.7083670e-06
372 -1.00 7.868705692422e-02 3.6119641e-06
376 -1.00 7.708734606428e-02 4.5864092e-06
380 -1.00 7.663615885754e-02 2.4376058e-06
384 -1.00 8.110873748605e-02 5.2736146e-06
388 -1.00 8.052604868168e-02 5.7510414e-06
392 -1.00 7.681997290667e-02 2.0032243e-06
396 -1.00 7.739890086258e-02 2.1284654e-06
400 -1.00 8.028856641807e-02 3.6727014e-06
404 -1.00 7.957719858707e-02 4.7543296e-06
408 -1.00 7.709634494348e-02 3.2238749e-06
412 -1.00 7.801149685900e-02 5.6310555e-06
416 -1.00 7.883071353522e-02 7.4512660e-06
420 -1.00 7.762894727971e-02 7.4595327e-06
424 -1.00 7.870564705839e-02 1.5983223e-06
428 -1.00 7.863059827497e-02 7.3780310e-06
432 -1.00 7.848179879521e-02 1.5742855e-06
436 -1.00 8.120436904954e-02 4.7988458e-06
440 -1.00 8.497021688872e-02 6.3194921e-06
444 -1.00 8.054181489406e-02 5.4399646e-06
448 -1.00 7.980500591803e-02 3.5359779e-06
452 -1.00 7.679848440801e-02 4.6218088e-06
456 -1.00 7.786062818321e-02 8.2630976e-07
460 -1.00 7.981635035625e-02 8.1182700e-06
464 -1.00 7.619602778686e-02 5.4286183e-06
468 -1.00 8.169550829688e-02 3.2308808e-06
472 -1.00 7.800495973034e-02 5.5381803e-06
476 -1.00 7.839013223750e-02 3.5157955e-06
480 -1.00 7.913459689081e-02 3.9270740e-06
484 -1.00 8.091723927365e-02 3.4610674e-06
488 -1.00 7.935089428711e-02 3.0847804e-06
492 -1.00 8.054644832994e-02 5.2617264e-06
496 -1.00 8.153139183996e-02 7.3370715e-06
500 -1.00 7.609707876815e-02 2.8136828e-06
204 -0.75 7.527922601699e-02 4.8483098e-06
208 -0.75 8.227063994961e-02 4.5595925e-06
212 -0.75 7.551832461748e-02 5.5560026e-06
216 -0.75 7.921130252137e-02 3.2714264e-06
220 -0.75 7.709706601210e-02 3.3524498e-06
224 -0.75 7.590319216638e-02 3.0143347e-06
228 -0.75 8.042216424071e-02 5.4687574e-06
232 -0.75 7.929457798041e-02 8.1429420e-06
236 -0.75 7.801235328937e-02 6.2984029e-06
240 -0.75 7.945268412534e-02 1.0064668e-05
244 -0.75 8.046429275408e-02 2.1987732e-06
248 -0.75 7.805963805277e-02 4.2053094e-06
252 -0.75 8.010712941299e-02 3.5225813e-06
256 -0.75 7.783783695428e-02 6.9032783e-06
260 -0.75 8.001210769059e-02 6.8769466e-06
264 -0.75 8.040641840913e-02 7.9573815e-06
268 -0.75 8.089759933039e-02 1.6560963e-06
272 -0.75 8.078656222646e-02 2.8312356e-06
276 -0.75 8.020477656365e-02 5.0979950e-06
280 -0.75 7.657077957424e-02 7.2095368e-06
284 -0.75 7.647920491228e-02 2.1634627e-06
288 -0.75 7.433384949804e-02 3.5715010e-06
292 -0.75 7.799516636793e-02 3.5857326e-06
296 -0.75 7.791504004897e-02 3.7087043e-06
300 -0.75 7.938422592365e-02 3.8345891e-06
304 -0.75 7.910895997747e-02 5.6005668e-06
308 -0.75 7.748392855946e-02 3.4672004e-06
312 -0.75 7.703408783883e-02 2.2919984e-06
316 -0.75 7.959972270228e-02 5.5687312e-06
320 -0.75 7.650008052606e-02 2.3484699e-06
324 -0.75 7.889934158524e-02 6.4855780e-06
328 -0.75 7.997111245123e-02 7.2054438e-06
332 -0.75 7.850766840616e-02 1.3289522e-06
336 -0.75 7.744565470208e-02 1.9768162e-06
340 -0.75 7.962387040286e-02 6.2193058e-06
344 -0.75 7.663086362002e-02 3.2951246e-06
348 -0.75 7.794287093870e-02 2.9316444e-06
352 -0.75 7.793787578495e-02 2.5858663e-06
356 -0.75 8.169975776762e-02 5.0542505e-06
360 -0.75 7.889597018774e-02 1.4079913e-06
364 -0.75 8.016247064268e-02 1.6130582e-06
368 -0.75 7.989035983972e-02 2.2218279e-06
372 -0.75 7.776311709847e-02 3.1035762e-06
376 -0.75 7.629017946042e-02 6.6922625e-06
380 -0.75 7.582177448756e-02 4.4405715e-06
384 -0.75 7.914932073219e-02 2.0362702e-06
388 -0.75 7.964910344862e-02 1.1841566e-06
392 -0.75 7.650411534328e-02 1.2373579e-06
396 -0.75 7.730797166462e-02 2.4604617e-06
400 -0.75 8.012773841113e-02 4.3877938e-06
404 -0.75 7.843250425941e-02 3.0045199e-06
408 -0.75 7.634607564470e-02 3.9699791e-06
412 -0.75 7.810136907756e-02 3.0121468e-06
416 -0.75 7.683524762197e-02 2.0924170e-06
420 -0.75 7.722976627632e-02 5.2274368e-06
424 -0.75 7.743547937746e-02 3.2911477e-06
428 -0.75 7.697405290219e-02 1.0454983e-06
432 -0.75 7.773366838941e-02 4.2846014e-06
436 -0.75 8.034861410617e-02 7.4089330e-06
440 -0.75 8.421645557252e-02 6.4735715e-06
444 -0.75 7.855400625844e-02 2.8603269e-06
448 -0.75 8.019664999914e-02 3.9219416e-06
452 -0.75 7.806711705489e-02 5.0503633e-06
456 -0.75 7.837559237651e-02 4.8998373e-06
460 -0.75 7.778741882145e-02 4.3464143e-06
464 -0.75 7.578427049361e-02 4.2765769e-06
468 -0.75 8.039082605507e-02 8.7986141e-06
472 -0.75 7.744114633363e-02 2.9799805e-06
476 -0.75 7.909812808780e-02 4.4539843e-06
480 -0.75 7.776411397287e-02 5.1581662e-06
484 -0.75 7.936246901298e-02 3.0303773e-06
488 -0.75 7.886436605780e-02 2.2154549e-06
492 -0.75 7.891925330320e-02 3.2776095e-06
496 -0.75 8.204857692461e-02 3.1887926e-06
500 -0.75 7.583132538128e-02 1.0180152e-05
204 -0.50 7.594716626324e-02 4.1339843e-06
208 -0.50 8.016907741983e-02 2.4846411e-06
212 -0.50 7.539563148278e-02 8.4750099e-06
216 -0.50 7.830479917069e-02 3.4744055e-06
220 -0.50 7.711502004361e-02 3.0744146e-06
224 -0.50 7.494712223889e-02 2.1287423e-06
228 -0.50 7.863259494090e-02 5.8354284e-06
232 -0.50 7.890899680361e-02 6.8592860e-06
236 -0.50 7.682964351590e-02 3.6595477e-06
240 -0.50 7.930499782256e-02 6.4359435e-06
244 -0.50 7.875782593098e-02 5.2872538e-06
248 -0.50 7.820424975191e-02 3.5991833e-06
252 -0.50 7.907745495823e-02 1.9127215e-06
256 -0.50 7.777546988081e-02 3.1850188e-06
260 -0.50 7.903209708089e-02 5.9435875e-06
264 -0.50 7.905342938858e-02 5.3415419e-06
268 -0.50 8.164198383036e-02 3.9538104e-06
272 -0.50 7.935339558226e-02 2.3968629e-06
276 -0.50 7.697259732826e-02 2.6554737e-06
280 -0.50 7.643526354768e-02 3.5785866e-06
284 -0.50 7.615123985687e-02 4.7103005e-06
288 -0.50 7.442200414985e-02 2.3244493e-06
292 -0.50 7.551935844610e-02 1.6178638e-06
296 -0.50 7.815697345322e-02 2.9580005e-06
300 -0.50 7.863108992625e-02 2.1716917e-06
304 -0.50 7.916771458628e-02 4.0440552e-06
308 -0.50 7.796639068082e-02 1.1547038e-06
312 -0.50 7.740574308429e-02 3.7838066e-06
316 -0.50 7.827939016621e-02 2.4298757e-06
320 -0.50 7.651751417557e-02 3.3092383e-06
324 -0.50 7.756692494172e-02 6.3746999e-06
328 -0.50 7.804663580044e-02 6.0247284e-06
332 -0.50 7.865926910613e-02 3.5041887e-06
336 -0.50 7.861828505588e-02 6.1498019e-06
340 -0.50 7.884567588403e-02 3.5483223e-06
344 -0.50 7.599453838238e-02 1.0319073e-06
348 -0.50 7.676646802317e-02 5.7345449e-06
352 -0.50 7.615245269300e-02 9.8000312e-07
356 -0.50 7.998816445774e-02 4.8309737e-06
360 -0.50 7.832145983333e-02 1.5724736e-06
364 -0.50 7.882387540847e-02 1.0049467e-06
368 -0.50 7.856168652043e-02 4.4986677e-06
372 -0.50 7.753331694314e-02 2.1230797e-06
376 -0.50 7.666890726449e-02 4.1660161e-06
380 -0.50 7.630531699386e-02 7.3771665e-06
384 -0.50 7.861299824633e-02 1.5669483e-06
388 -0.50 7.839126369572e-02 4.1682626e-06
392 -0.50 7.718755526907e-02 6.9951001e-06
396 -0.50 7.590627467980e-02 4.1543824e-06
400 -0.50 8.088351106940e-02 1.6974492e-06
404 -0.50 7.779398557247e-02 2.6227887e-06
408 -0.50 7.680819900001e-02 2.7052505e-06
412 -0.50 7.556040046502e-02 2.5208664e-06
416 -0.50 7.683602817433e-02 4.7238035e-06
420 -0.50 7.639652741904e-02 4.6206363e-06
424 -0.50 7.779003736215e-02 4.7895255e-06
428 -0.50 7.667974287972e-02 7.2392812e-06
432 -0.50 7.702789686674e-02 1.1907345e-05
436 -0.50 7.913726656849e-02 1.2231278e-06
440 -0.50 8.389931281112e-02 8.6255620e-06
444 -0.50 7.903703804894e-02 5.1952461e-06
448 -0.50 7.785689207194e-02 3.2093046e-06
452 -0.50 7.642682097334e-02 4.3123654e-06
456 -0.50 7.612582197404e-02 4.0899725e-06
460 -0.50 7.761456657333e-02 7.6687088e-06
464 -0.50 7.593405737871e-02 5.2492149e-06
468 -0.50 8.037381965949e-02 1.2707658e-06
472 -0.50 7.644084132657e-02 1.0794795e-06
476 -0.50 7.723107749581e-02 2.9494029e-06
480 -0.50 7.893429474388e-02 4.6965669e-06
484 -0.50 7.683999387726e-02 3.0571314e-06
488 -0.50 7.743871559281e-02 3.3383831e-07
492 -0.50 7.849105605789e-02 3.2715192e-06
496 -0.50 8.145263435917e-02 3.3964495e-06
500 -0.50 7.430371398067e-02 1.9677713e-06
204 -0.25 7.506938924473e-02 3.6351045e-06
208 -0.25 7.920429395956e-02 7.4264289e-07
212 -0.25 7.422775833376e-02 1.9305843e-06
216 -0.25 7.876079579538e-02 7.2448825e-06
220 -0.25 7.705230043984e-02 3.1105384e-06
224 -0.25 7.434914011459e-02 1.8892952e-06
228 -0.25 7.935329958949e-02 3.2164764e-06
232 -0.25 7.856054790274e-02 5.9355777e-06
236 -0.25 7.632390602185e-02 4.4284872e-06
240 -0.25 8.008192185896e-02 4.2074108e-06
244 -0.25 7.827277037009e-02 6.1910818e-06
248 -0.25 7.670919504337e-02 3.1608271e-06
252 -0.25 7.756111546848e-02 3.4412499e-06
256 -0.25 7.893804737357e-02 4.4075918e-06
260 -0.25 7.879889440686e-02 2.5616844e-06
264 -0.25 7.756079005779e-02 2.5575240e-06
268 -0.25 7.968104205772e-02 2.7791247e-06
272 -0.25 7.861838525974e-02 3.6289369e-06
276 -0.25 7.789946181470e-02 6.7720107e-06
280 -0.25 7.545592251880e-02 5.7938893e-06
284 -0.25 7.659998272200e-02 4.1601268e-06
288 -0.25 7.372630896845e-02 2.1226067e-06
292 -0.25 7.706709858834e-02 3.5142558e-06
296 -0.25 7.654210167969e-02 6.9839110e-06
300 -0.25 7.719907931238e-02 3.5645481e-06
304 -0.25 7.861307786460e-02 3.9680534e-06
308 -0.25 7.756699310108e-02 1.9398653e-06
312 -0.25 7.753893123576e-02 8.4211571e-06
316 -0.25 7.694281364097e-02 4.1414625e-06
320 -0.25 7.582787162047e-02 8.6989315e-07
324 -0.25 7.730012696965e-02 4.2850125e-06
328 -0.25 7.766385856289e-02 3.1263867e-06
332 -0.25 7.870785196322e-02 4.6562455e-06
336 -0.25 7.669574029796e-02 3.2426019e-06
340 -0.25 7.736365909413e-02 7.0887475e-06
344 -0.25 7.478974149300e-02 7.7014991e-06
348 -0.25 7.690424020824e-02 1.1091133e-06
352 -0.25 7.572713655676e-02 3.0876398e-06
356 -0.25 7.999465001551e-02 3.2550990e-06
360 -0.25 7.849167478123e-02 3.4269982e-06
364 -0.25 8.040494934825e-02 1.2144178e-05
368 -0.25 7.975144623600e-02 1.0830267e-05
372 -0.25 7.706479357998e-02 2.9048670e-06
376 -0.25 7.597283772664e-02 2.4565289e-06
380 -0.25 7.480641984285e-02 3.8024654e-06
384 -0.25 7.933911463339e-02 4.9126939e-06
388 -0.25 7.863760885954e-02 6.9446977e-06
392 -0.25 7.573126575172e-02 4.9602561e-06
396 -0.25 7.674332500076e-02 5.9752814e-06
400 -0.25 7.841786666501e-02 4.5566625e-06
404 -0.25 7.658311700204e-02 7.1539493e-06
408 -0.25 7.572187101695e-02 3.6241735e-06
412 -0.25 7.614509298497e-02 3.1041015e-06
416 -0.25 7.656372746143e-02 3.5947406e-06
420 -0.25 7.451178980737e-02 2.1559855e-06
424 -0.25 7.733911528377e-02 1.9418746e-06
428 -0.25 7.649427614000e-02 3.6963567e-06
432 -0.25 7.704374374184e-02 1.4183092e-06
436 -0.25 7.923190145825e-02 1.9815129e-06
440 -0.25 8.096205380894e-02 3.4125672e-06
444 -0.25 7.717221748208e-02 3.7344992e-06
448 -0.25 7.916118866216e-02 5.0890879e-06
452 -0.25 7.702742159345e-02 7.1870733e-06
456 -0.25 7.672415081016e-02 3.3734782e-06
460 -0.25 7.660675297040e-02 4.5909422e-06
464 -0.25 7.581995901590e-02 2.7271584e-06
468 -0.25 7.990613200221e-02 1.5995083e-06
472 -0.25 7.513218808960e-02 3.1928510e-06
476 -0.25 7.632276969686e-02 2.7257809e-06
480 -0.25 7.611162120594e-02 7.4091326e-06
484 -0.25 7.784565212641e-02 1.4161283e-06
488 -0.25 7.875512115919e-02 4.9463903e-06
492 -0.25 7.745013869131e-02 1.7180259e-06
496 -0.25 7.882795071194e-02 2.2558240e-06
500 -0.25 7.491695780267e-02 3.4821257e-06
204 0.00 7.343859309178e-02 2.9224738e-06
208 0.00 7.819696712873e-02 2.8040546e-06
212 0.00 7.349803722700e-02 5.8969001e-06
216 0.00 7.786890532555e-02 2.6149987e-06
220 0.00 7.594693640674e-02 6.3716571e-06
224 0.00 7.372049721084e-02 2.6003993e-06
228 0.00 7.845983743572e-02 6.6812892e-06
232 0.00 7.823855798053e-02 9.9983476e-06
236 0.00 7.530690539678e-02 3.8343505e-06
240 0.00 7.843477107573e-02 5.7708351e-06
244 0.00 7.720818276430e-02 5.7055181e-06
248 0.00 7.656767030793e-02 3.6690624e-06
252 0.00 7.740259202559e-02 3.2964799e-06
256 0.00 7.804530878926e-02 2.6710615e-06
260 0.00 7.696860457489e-02 6.4554139e-06
264 0.00 7.887034330519e-02 7.2779594e-06
268 0.00 7.935196457591e-02 7.2635749e-06
272 0.00 7.836156020626e-02 7.3366395e-06
276 0.00 7.678334819880e-02 4.7305331e-06
280 0.00 7.490853162695e-02 1.1753060e-06
284 0.00 7.549711513637e-02 4.2936821e-06
288 0.00 7.522986690417e-02 4.3648392e-06
292 0.00 7.653641103954e-02 1.8166339e-06
296 0.00 7.563772682985e-02 5.0939309e-06
300 0.00 7.751806628156e-02 7.6337271e-06
304 0.00 7.819304868922e-02 5.9943955e-06
308 0.00 7.745546568798e-02 7.2402762e-06
312 0.00 7.708102665169e-02 4.8207162e-06
316 0.00 7.860684965014e-02 1.8576742e-06
320 0.00 7.509826681187e-02 3.6471332e-06
324 0.00 7.687166889421e-02 1.0494039e-05
328 0.00 7.789535060545e-02 4.9243124e-06
332 0.00 7.756913063699e-02 4.7028415e-06
336 0.00 7.643157179258e-02 2.7514272e-06
340 0.00 7.784955201883e-02 4.3712158e-06
344 0.00 7.558202493515e-02 3.5070368e-06
348 0.00 7.658416506679e-02 4.7764881e-06
352 0.00 7.492595071972e-02 4.8842288e-06
356 0.00 7.958773838313e-02 1.1874819e-05
360 0.00 7.805628176606e-02 2.5055557e-06
364 0.00 7.836984756699e-02 4.6766825e-06
368 0.00 7.723098186879e-02 3.8222033e-06
372 0.00 7.592614611141e-02 4.1710313e-06
376 0.00 7.521953685115e-02 7.4425011e-06
380 0.00 7.498432361735e-02 4.7583097e-06
384 0.00 7.687842326106e-02 6.0387311e-06
388 0.00 7.760946322073e-02 5.8942767e-06
392 0.00 7.448960562575e-02 4.0627769e-06
396 0.00 7.491075323088e-02 5.4240207e-06
400 0.00 7.747811785278e-02 1.0906498e-05
404 0.00 7.531073417932e-02 3.5769626e-06
408 0.00 7.348946740289e-02 1.5944850e-06
412 0.00 7.611615537528e-02 8.5658050e-07
416 0.00 7.653910476087e-02 7.3370585e-06
420 0.00 7.375748275833e-02 1.7203484e-06
424 0.00 7.657037711258e-02 4.3303852e-06
428 0.00 7.563836362014e-02 3.6758182e-06
432 0.00 7.607793734960e-02 7.7579701e-06
436 0.00 7.753903449938e-02 2.8500615e-06
440 0.00 8.238690830214e-02 4.1872779e-06
444 0.00 7.651448312797e-02 1.8264647e-06
448 0.00 7.940301884599e-02 3.4965668e-06
452 0.00 7.508730448234e-02 1.5427778e-06
456 0.00 7.543203760693e-02 4.3277575e-06
460 0.00 7.636131405865e-02 4.6696643e-06
464 0.00 7.381891534428e-02 3.1242009e-06
468 0.00 7.884700191063e-02 1.4084255e-05
472 0.00 7.591989770900e-02 4.2103548e-06
476 0.00 7.596711446844e-02 4.2370204e-06
480 0.00 7.562789953273e-02 2.3433772e-06
484 0.00 7.895438134977e-02 1.1752531e-05
488 0.00 7.702039029551e-02 3.9638270e-06
492 0.00 7.736502454786e-02 3.6307624e-06
496 0.00 7.824133066994e-02 3.8748622e-06
500 0.00 7.447793299077e-02 5.4886944e-06
204 0.25 7.200684214131e-02 4.1860187e-06
208 0.25 7.730476790526e-02 2.5092274e-06
212 0.25 7.397675979585e-02 1.8180633e-06
216 0.25 7.740703223728e-02 2.5924609e-06
220 0.25 7.450649281309e-02 4.5273095e-06
224 0.25 7.366752317936e-02 5.1366469e-06
228 0.25 7.634382745726e-02 3.5498117e-06
232 0.25 7.660683912425e-02 7.1954949e-06
236 0.25 7.625751525543e-02 6.7511563e-06
240 0.25 7.765457485600e-02 2.8422763e-06
244 0.25 7.630265241227e-02 3.4278002e-06
248 0.25 7.717764342392e-02 8.0078745e-06
252 0.25 7.743894891059e-02 1.9763975e-06
256 0.25 7.773877686421e-02 4.0295521e-06
260 0.25 7.818720079057e-02 4.7677730e-06
264 0.25 7.774225997775e-02 3.8580338e-06
268 0.25 7.726877388896e-02 6.4633314e-07
272 0.25 7.602744754669e-02 4.7459037e-06
276 0.25 7.756788645350e-02 4.5029258e-06
280 0.25 7.405816739458e-02 7.3789130e-06
284 0.25 7.450480828277e-02 3.5355296e-06
288 0.25 7.434622958547e-02 7.4927729e-06
292 0.25 7.550824720718e-02 1.3622077e-06
296 0.25 7.594539923979e-02 3.9431538e-06
300 0.25 7.643367714041e-02 6.1052982e-06
304 0.25 7.766084053712e-02 1.3959504e-05
308 0.25 7.597323687004e-02 6.8348817e-06
312 0.25 7.632154197244e-02 4.7066667e-06
316 0.25 7.624607640827e-02 5.3534932e-06
320 0.25 7.472811389332e-02 9.0871232e-06
324 0.25 7.671344011731e-02 2.3821572e-06
328 0.25 7.590337883957e-02 3.6294942e-06
332 0.25 7.716706778026e-02 3.2192798e-06
336 0.25 7.556040557079e-02 4.4808901e-06
340 0.25 7.624317917697e-02 6.1854306e-06
344 0.25 7.464579867601e-02 6.2259195e-06
348 0.25 7.718594617034e-02 4.1231532e-06
352 0.25 7.442876571433e-02 6.8739694e-06
356 0.25 7.749259242185e-02 2.1193862e-06
360 0.25 7.736399402728e-02 4.7104542e-06
364 0.25 7.789033308578e-02 5.3088062e-06
368 0.25 7.723447479294e-02 4.4146349e-06
372 0.25 7.644613950649e-02 9.9875097e-06
376 0.25 7.289282431726e-02 6.2406428e-06
380 0.25 7.374876082145e-02 2.8443509e-06
384 0.25 7.612490514038e-02 4.9722227e-06
388 0.25 7.738037387224e-02 7.0357139e-06
392 0.25 7.567811426250e-02 3.4147685e-06
396 0.25 7.480971841080e-02 9.3598250e-06
400 0.25 7.755145226551e-02 5.0196341e-06
404 0.25 7.529071270035e-02 4.0733439e-06
408 0.25 7.457781612454e-02 4.0690155e-06
412 0.25 7.500469217654e-02 1.2000187e-05
416 0.25 7.483243036611e-02 2.7075260e-06
420 0.25 7.269214466786e-02 2.2653186e-06
424 0.25 7.657904569736e-02 3.5669675e-06
428 0.25 7.544060683150e-02 1.1988946e-05
432 0.25 7.494802906016e-02 1.1567086e-06
436 0.25 7.853556715037e-02 3.2924860e-06
440 0.25 8.013443910103e-02 2.4989789e-06
444 0.25 7.645734519782e-02 5.8033105e-06
448 0.25 7.636130801512e-02 2.3653203e-06
452 0.25 7.346319597390e-02 2.7727472e-06
456 0.25 7.555032655280e-02 4.4155267e-06
460 0.25 7.479549134774e-02 5.7373229e-06
464 0.25 7.403497906833e-02 2.6992997e-06
468 0.25 7.889977989594e-02 1.6531369e-05
472 0.25 7.481949885682e-02 3.5274647e-06
476 0.25 7.582875987252e-02 4.6097688e-06
480 0.25 7.638074661392e-02 4.9744896e-06
484 0.25 7.695455586301e-02 5.2518796e-06
488 0.25 7.647556084347e-02 3.4921806e-06
492 0.25 7.751476532520e-02 2.5486564e-06
496 0.25 7.621543997896e-02 2.1073714e-06
500 0.25 7.308240376184e-02 2.2244909e-06
204 0.50 7.310895484241e-02 6.2592394e-06
208 0.50 7.704357964565e-02 2.7005114e-06
212 0.50 7.397905935067e-02 6.3161626e-06
216 0.50 7.620248089420e-02 1.4868799e-06
220 0.50 7.421697125201e-02 4.4166972e-06
224 0.50 7.400486882940e-02 4.4382699e-06
228 0.50 7.460712416098e-02 7.5281391e-06
232 0.50 7.519978910073e-02 7.6273542e-06
236 0.50 7.519379062703e-02 3.3630412e-06
240 0.50 7.799217085585e-02 1.8922343e-06
244 0.50 7.744791381511e-02 1.8764525e-06
248 0.50 7.417763189742e-02 8.0025451e-06
252 0.50 7.700303104894e-02 3.7303423e-06
256 0.50 7.598112815195e-02 7.1179505e-06
260 0.50 7.772979621427e-02 2.9463890e-06
264 0.50 7.752239565862e-02 2.8527768e-06
268 0.50 7.749654565485e-02 4.3673406e-06
272 0.50 7.689356844282e-02 4.4504740e-06
276 0.50 7.629331960348e-02 6.4382269e-06
280 0.50 7.329471383049e-02 4.6385934e-06
284 0.50 7.466920538987e-02 7.0243564e-06
288 0.50 7.242286816136e-02 2.6070744e-06
292 0.50 7.446260046497e-02 1.8737154e-06
296 0.50 7.479658308599e-02 5.1542148e-06
300 0.50 7.793228392813e-02 4.4957516e-06
304 0.50 7.644080732921e-02 3.8379077e-06
308 0.50 7.577824495918e-02 5.7469131e-06
312 0.50 7.616867374211e-02 6.6588554e-06
316 0.50 7.566996325061e-02 8.3072446e-06
320 0.50 7.480901977017e-02 6.2417021e-06
324 0.50 7.438150674608e-02 7.9556907e-06
328 0.50 7.644086254683e-02 7.3181562e-06
332 0.50 7.627883848332e-02 1.8841550e-05
336 0.50 7.731546974699e-02 2.8759889e-06
340 0.50 7.613140581100e-02 4.1730599e-06
344 0.50 7.356057997025e-02 3.8360318e-06
348 0.50 7.420060111986e-02 2.1628451e-06
352 0.50 7.337901001565e-02 4.0823348e-06
356 0.50 7.747530117353e-02 6.6016312e-06
360 0.50 7.669741004862e-02 3.4544802e-06
364 0.50 7.861352410327e-02 5.1842472e-06
368 0.50 7.683538774665e-02 2.0619984e-06
372 0.50 7.516949649907e-02 7.2649912e-06
376 0.50 7.317950894838e-02 4.6599341e-06
380 0.50 7.306585197427e-02 5.6124476e-06
384 0.50 7.635933533091e-02 3.3214006e-06
388 0.50 7.604077818523e-02 1.9904120e-06
392 0.50 7.383857687050e-02 3.3817415e-06
396 0.50 7.356158845064e-02 5.3513741e-06
400 0.50 7.671630107054e-02 6.3971730e-06
404 0.50 7.498579458523e-02 1.1031459e-06
408 0.50 7.404042264960e-02 5.2883995e-06
412 0.50 7.519211918840e-02 2.1136090e-06
416 0.50 7.474665297526e-02 1.5955089e-06
420 0.50 7.354251312700e-02 7.3490029e-06
424 0.50 7.588467080532e-02 5.9635475e-06
428 0.50 7.456059386280e-02 1.6766051e-06
432 0.50 7.307900104989e-02 3.7454086e-06
436 0.50 7.520937956048e-02 5.2533460e-06
440 0.50 7.914898013080e-02 6.3674446e-06
444 0.50 7.627823411099e-02 1.0027774e-05
448 0.50 7.688273064090e-02 1.4897047e-06
452 0.50 7.494695630120e-02 6.1460340e-06
456 0.50 7.520638098651e-02 3.1590051e-06
460 0.50 7.421548575392e-02 5.3033250e-06
464 0.50 7.447857577761e-02 4.1702516e-06
468 0.50 7.814184697629e-02 5.6153347e-06
472 0.50 7.468015795448e-02 4.8247591e-06
476 0.50 7.427232449892e-02 5.1962988e-06
480 0.50 7.357301710275e-02 4.1908960e-06
484 0.50 7.644100421632e-02 7.5144501e-06
488 0.50 7.640749319801e-02 7.0597716e-06
492 0.50 7.679829067062e-02 3.2960455e-06
496 0.50 7.678331695911e-02 5.8988107e-06
500 0.50 7.361245402830e-02 4.1790058e-06
204 0.75 7.227030757772e-02 6.6789254e-06
208 0.75 7.564133902969e-02 3.9925098e-06
212 0.75 7.280000865122e-02 1.0349210e-05
216 0.75 7.527344710688e-02 2.4972713e-06
220 0.75 7.401893238056e-02 1.1932116e-06
224 0.75 7.299409531953e-02 5.5591662e-06
228 0.75 7.532251782188e-02 3.7844341e-06
232 0.75 7.448226605420e-02 4.2188154e-06
236 0.75 7.335154164680e-02 4.0987321e-06
240 0.75 7.714183988076e-02 5.1883451e-06
244 0.75 7.650356794704e-02 3.2910024e-06
248 0.75 7.374148804855e-02 3.7913936e-06
252 0.75 7.547803571099e-02 3.5980333e-06
256 0.75 7.539145385822e-02 3.4156434e-06
260 0.75 7.605420024018e-02 3.0214128e-06
264 0.75 7.658621691712e-02 3.8656840e-06
268 0.75 7.786452432151e-02 8.8846334e-06
272 0.75 7.612009742115e-02 3.5915860e-06
276 0.75 7.545128460628e-02 6.8886330e-06
280 0.75 7.242195511242e-02 4.0348465e-06
284 0.75 7.345654949237e-02 2.5408257e-06
288 0.75 7.207994587050e-02 5.8867759e-06
292 0.75 7.447603907811e-02 4.1452161e-06
296 0.75 7.456561640691e-02 4.9815941e-06
300 0.75 7.418588367450e-02 4.9686282e-06
304 0.75 7.543289233162e-02 5.2683677e-06
308 0.75 7.448078894224e-02 2.0407894e-06
312 0.75 7.525695815611e-02 6.4203854e-06
316 0.75 7.501344195710e-02 5.8894971e-06
320 0.75 7.275262508433e-02 8.2092758e-06
324 0.75 7.487471834063e-02 2.3430237e-06
328 0.75 7.565168316715e-02 4.0107309e-06
332 0.75 7.695865974794e-02 3.5083321e-06
336 0.75 7.480732271203e-02 4.1708768e-06
340 0.75 7.522464278570e-02 3.3133901e-06
344 0.75 7.321897241392e-02 5.6811551e-06
348 0.75 7.524311823672e-02 8.9693512e-06
352 0.75 7.273426748943e-02 2.4150462e-06
356 0.75 7.671730994841e-02 6.7860570e-06
360 0.75 7.721444139629e-02 1.2581214e-05
364 0.75 7.730921221529e-02 6.9150072e-06
368 0.75 7.588224521035e-02 1.9392767e-06
372 0.75 7.603292565683e-02 1.4391086e-05
376 0.75 7.372039862576e-02 4.7471087e-06
380 0.75 7.235084336296e-02 7.4598265e-06
384 0.75 7.723350371493e-02 6.9477680e-06
388 0.75 7.645710988979e-02 8.9141940e-06
392 0.75 7.470893980388e-02 2.8126794e-06
396 0.75 7.439914806615e-02 5.7762009e-06
400 0.75 7.600483631595e-02 2.9200170e-06
404 0.75 7.441137290378e-02 1.9785431e-06
408 0.75 7.301329338953e-02 6.7284970e-06
412 0.75 7.447053719430e-02 5.2064588e-06
416 0.75 7.415723581654e-02 6.0943281e-06
420 0.75 7.354025346310e-02 6.8376670e-06
424 0.75 7.530418918336e-02 3.2431319e-06
428 0.75 7.337810673582e-02 2.0566157e-06
432 0.75 7.468996748676e-02 4.1837687e-06
436 0.75 7.563202234234e-02 3.5083730e-06
440 0.75 7.757508515400e-02 5.0914599e-06
444 0.75 7.515016097765e-02 2.6556221e-06
448 0.75 7.650017731155e-02 6.5807994e-06
452 0.75 7.300926053055e-02 3.1030383e-06
456 0.75 7.345447034572e-02 2.0889562e-06
460 0.75 7.393036925241e-02 6.1747128e-06
464 0.75 7.188706474596e-02 2.3120598e-06
468 0.75 7.710939878759e-02 2.8280448e-06
472 0.75 7.345539133293e-02 6.3072741e-06
476 0.75 7.627034333311e-02 7.9845675e-06
480 0.75 7.574201927127e-02 1.6790221e-06
484 0.75 7.615384382722e-02 7.1258359e-06
488 0.75 7.546944451323e-02 2.5900483e-06
492 0.75 7.594497248037e-02 3.6277722e-06
496 0.75 7.464595078392e-02 3.0681999e-06
500 0.75 7.228307262153e-02 7.1162970e-06
204 1.00 7.170992385723e-02 3.1777889e-06
208 1.00 7.715353204177e-02 3.3864038e-06
212 1.00 7.078401745046e-02 3.3876639e-06
216 1.00 7.475484698538e-02 2.9686344e-06
220 1.00 7.465241117242e-02 7.4630476e-06
224 1.00 7.341317514426e-02 2.4056518e-06
228 1.00 7.371392767171e-02 5.1414388e-06
232 1.00 7.488689194662e-02 2.1076276e-06
236 1.00 7.270041804964e-02 5.3037527e-06
240 1.00 7.590446668111e-02 5.0025881e-06
244 1.00 7.541086352146e-02 4.3656752e-06
248 1.00 7.505148993525e-02 2.6522110e-06
252 1.00 7.604771541355e-02 6.4895893e-06
256 1.00 7.679362084253e-02 4.7845931e-06
260 1.00 7.480910633536e-02 4.9421613e-06
264 1.00 7.544134172301e-02 5.6219872e-06
268 1.00 7.643410008244e-02 4.1710258e-06
272 1.00 7.628756557810e-02 7.4991703e-06
276 1.00 7.529508045765e-02 2.9645779e-06
280 1.00 7.414334847125e-02 5.4633469e-06
284 1.00 7.311041669440e-02 3.1756226e-06
288 1.00 7.186788389055e-02 4.8851570e-06
292 1.00 7.510292260891e-02 6.9874677e-06
296 1.00 7.365990272806e-02 2.7546911e-06
300 1.00 7.568822790228e-02 1.4710576e-05
304 1.00 7.540571846144e-02 1.2286646e-05
308 1.00 7.308420770255e-02 6.6621756e-06
312 1.00 7.548008336016e-02 3.5864414e-06
316 1.00 7.482483547419e-02 5.9290910e-06
320 1.00 7.280626832494e-02 3.7713611e-06
324 1.00 7.480866899233e-02 4.2694213e-06
328 1.00 7.511966376993e-02 8.8071982e-07
332 1.00 7.520271985335e-02 6.1003234e-06
336 1.00 7.443439348784e-02 2.3871586e-06
340 1.00 7.514950621251e-02 5.4519925e-06
344 1.00 7.296530968406e-02 4.4540763e-06
348 1.00 7.496207984149e-02 2.2569961e-06
352 1.00 7.277039972860e-02 6.5872661e-06
356 1.00 7.548738735794e-02 3.9887822e-06
360 1.00 7.556149507665e-02 5.5487804e-06
364 1.00 7.589043809938e-02 5.1119666e-06
368 1.00 7.492847224904e-02 2.5380210e-06
372 1.00 7.558016377526e-02 9.6994909e-06
376 1.00 7.333079366436e-02 3.4336522e-06
380 1.00 7.298563315116e-02 5.7427468e-06
384 1.00 7.553454729671e-02 2.4775043e-06
388 1.00 7.409568015368e-02 1.7279215e-06
392 1.00 7.320852276841e-02 8.7683915e-06
396 1.00 7.283340655930e-02 6.6957986e-06
400 1.00 7.506313565294e-02 1.5905629e-06
404 1.00 7.312512045872e-02 4.9488485e-06
408 1.00 7.238826614158e-02 2.4774186e-06
412 1.00 7.528654659185e-02 1.2681855e-05
416 1.00 7.352762431914e-02 2.2714945e-06
420 1.00 7.332056510439e-02 1.2352098e-06
424 1.00 7.407370467509e-02 2.7746875e-06
428 1.00 7.281313410174e-02 5.9460282e-06
432 1.00 7.263281894391e-02 3.0883874e-06
436 1.00 7.469017408992e-02 6.7060886e-06
440 1.00 7.832915741019e-02 5.5622883e-06
444 1.00 7.625770549468e-02 4.0075730e-06
448 1.00 7.497023424760e-02 8.8161817e-06
452 1.00 7.478704060870e-02 8.4908855e-06
456 1.00 7.540617735986e-02 1.0005908e-05
460 1.00 7.469826473662e-02 4.6859744e-06
464 1.00 7.294355357543e-02 3.9960408e-06
468 1.00 7.623272236125e-02 1.0136988e-05
472 1.00 7.408510916439e-02 1.2509358e-06
476 1.00 7.450804666889e-02 2.0102150e-06
480 1.00 7.417953382363e-02 4.1104554e-06
484 1.00 7.481582194563e-02 3.8788639e-06
488 1.00 7.373318987221e-02 2.3005405e-06
492 1.00 7.492282548789e-02 2.0531925e-06
496 1.00 7.599348948986e-02 7.5380332e-06
500 1.00 7.231172616598e-02 3.9209727e-06
