1 -1.00 6.566704803064e-02 1.0770325e-05
2 -1.00 6.773384520940e-02 1.7418307e-05
3 -1.00 7.100089809239e-02 1.2958413e-05
4 -1.00 7.823897577424e-02 1.7753721e-05
5 -1.00 7.244487447749e-02 5.3362498e-06
6 -1.00 6.920380911990e-02 3.9811862e-06
7 -1.00 7.476369982283e-02 1.1406953e-05
8 -1.00 7.546280953658e-02 8.0425123e-06
9 -1.00 7.236727322627e-02 1.5097868e-05
10 -1.00 6.567942854855e-02 6.2163465e-06
11 -1.00 6.875211171141e-02 2.6077491e-05
12 -1.00 6.942701240630e-02 1.6856169e-05
13 -1.00 6.951417203629e-02 8.4010173e-06
14 -1.00 7.805566052839e-02 2.4880293e-05
15 -1.00 6.802962152108e-02 1.0159233e-05
16 -1.00 7.364548799437e-02 7.2080960e-06
17 -1.00 7.331469750589e-02 6.5502359e-06
18 -1.00 6.822512901377e-02 8.9597782e-06
19 -1.00 7.204895736050e-02 7.6264537e-06
20 -1.00 6.503943882768e-02 7.2513002e-06
21 -1.00 7.746964223186e-02 1.5669131e-05
22 -1.00 6.323731583258e-02 1.2588628e-05
23 -1.00 7.275574517192e-02 1.5978156e-05
24 -1.00 7.439584553494e-02 1.2196631e-05
25 -1.00 7.423153966131e-02 1.8926078e-05
26 -1.00 7.336299956570e-02 9.5598917e-06
27 -1.00 6.926743886508e-02 1.0699446e-05
28 -1.00 6.742465376304e-02 5.4275843e-06
29 -1.00 7.033802703748e-02 1.4872526e-05
30 -1.00 6.589840926711e-02 9.7043443e-06
31 -1.00 6.547493459498e-02 6.1794494e-06
32 -1.00 7.326149760654e-02 1.8026188e-05
33 -1.00 6.869700453517e-02 1.6082456e-05
34 -1.00 7.372307692514e-02 2.6156903e-06
35 -1.00 6.594203457220e-02 6.9449155e-06
36 -1.00 7.157338690307e-02 1.6180440e-05
37 -1.00 7.130462050183e-02 4.1338201e-06
38 -1.00 7.728395730830e-02 6.3233976e-06
39 -1.00 6.530613945332e-02 3.0014846e-06
40 -1.00 6.798105296987e-02 5.3340501e-06
41 -1.00 7.168463158888e-02 1.2516912e-05
42 -1.00 6.455158896330e-02 1.1193376e-05
43 -1.00 7.437861577344e-02 1.0036754e-05
44 -1.00 7.295154864815e-02 1.1730588e-05
45 -1.00 7.470857539576e-02 5.1658434e-06
46 -1.00 7.171408278068e-02 1.9079470e-05
47 -1.00 7.411674460923e-02 1.2481908e-05
48 -1.00 7.161828844062e-02 2.1251813e-05
49 -1.00 7.051687427506e-02 3.9723488e-06
50 -1.00 7.732071993076e-02 9.8961757e-06
51 -1.00 7.546616925974e-02 3.1322121e-06
52 -1.00 6.523004013800e-02 6.6438215e-06
53 -1.00 7.737213801312e-02 1.9284985e-05
54 -1.00 8.239595591817e-02 1.6631584e-05
55 -1.00 6.981399861965e-02 8.8337710e-06
56 -1.00 6.949797723329e-02 1.0122372e-05
57 -1.00 6.861246290798e-02 2.1728607e-06
58 -1.00 7.148351274652e-02 9.1605622e-06
59 -1.00 7.409743920014e-02 2.7532197e-05
60 -1.00 7.501124179677e-02 1.6258495e-05
61 -1.00 7.310306437379e-02 1.3188337e-05
62 -1.00 7.906853458627e-02 1.3870047e-05
63 -1.00 8.011937902137e-02 1.4388487e-05
64 -1.00 6.879363141628e-02 8.7194081e-06
65 -1.00 8.160613048910e-02 3.5172729e-05
66 -1.00 7.423286275709e-02 1.3598993e-05
67 -1.00 7.087243986627e-02 1.3226325e-05
68 -1.00 7.396026754554e-02 1.3631779e-05
69 -1.00 7.333870242231e-02 1.3684162e-05
70 -1.00 7.046898948925e-02 6.9083804e-06
71 -1.00 7.416260803960e-02 7.0738816e-06
72 -1.00 6.913415844382e-02 9.9252345e-06
73 -1.00 7.181597706933e-02 7.7117167e-06
74 -1.00 7.261079654153e-02 1.3844285e-05
75 -1.00 7.319429959549e-02 4.8478850e-06
76 -1.00 7.773143613220e-02 6.5966918e-06
77 -1.00 6.754505908104e-02 1.0615673e-05
78 -1.00 6.660380158875e-02 1.2634517e-05
79 -1.00 7.115740349202e-02 1.1097242e-05
80 -1.00 7.109967176820e-02 1.1888160e-05
81 -1.00 7.387909973696e-02 4.8847890e-06
82 -1.00 6.988365182805e-02 5.0726683e-06
83 -1.00 7.224831160496e-02 4.0750113e-06
84 -1.00 7.095295293410e-02 1.1020843e-05
85 -1.00 7.248303129411e-02 6.8260517e-06
86 -1.00 8.572419707026e-02 1.7161323e-05
87 -1.00 7.235656635616e-02 8.4699148e-06
88 -1.00 6.601113801147e-02 6.7242633e-06
89 -1.00 7.200172176689e-02 8.3987180e-06
90 -1.00 7.773230264210e-02 1.3016374e-05
91 -1.00 6.564832045263e-02 1.4896023e-05
92 -1.00 7.255510818206e-02 1.4144829e-05
93 -1.00 7.363072328565e-02 2.8816099e-05
94 -1.00 7.551220122195e-02 8.5372117e-06
95 -1.00 7.230720812687e-02 1.2696515e-05
96 -1.00 7.598612548878e-02 1.6202394e-05
97 -1.00 6.985009609710e-02 5.1668032e-06
98 -1.00 7.314662513358e-02 1.3592191e-05
99 -1.00 7.464589097642e-02 8.0310584e-06
100 -1.00 6.927239519441e-02 6.5335978e-06
101 -1.00 8.013274525731e-02 7.3751113e-06
102 -1.00 8.167525841747e-02 1.3931057e-05
103 -1.00 7.401201512801e-02 1.0759967e-05
104 -1.00 7.094208738848e-02 1.4419374e-05
105 -1.00 7.237920257265e-02 1.0917790e-05
106 -1.00 7.815630870488e-02 1.8019751e-05
107 -1.00 7.055422405571e-02 1.2738211e-05
108 -1.00 8.073716868519e-02 1.7425863e-05
109 -1.00 6.817288913267e-02 2.9502831e-06
110 -1.00 7.741591815850e-02 1.7213160e-05
111 -1.00 7.592815151177e-02 1.4298454e-05
112 -1.00 7.234316823572e-02 2.9555798e-05
113 -1.00 6.969763208890e-02 1.2388872e-05
114 -1.00 7.883021495791e-02 1.6454535e-05
115 -1.00 6.820396817350e-02 5.9730535e-06
116 -1.00 7.003841998750e-02 1.4564044e-05
117 -1.00 6.919050646976e-02 5.4171377e-06
118 -1.00 7.357174667883e-02 7.3382079e-06
119 -1.00 7.003750694285e-02 1.1407267e-05
120 -1.00 8.034384504435e-02 2.5804331e-05
121 -1.00 7.591024414565e-02 1.0060196e-05
122 -1.00 7.339498146999e-02 1.1765789e-05
123 -1.00 6.674003316319e-02 7.5552164e-06
124 -1.00 6.916010495588e-02 1.5761523e-05
125 -1.00 7.158113637641e-02 1.8584594e-05
126 -1.00 7.892087596606e-02 8.0443413e-06
127 -1.00 6.126721396279e-02 4.6502817e-06
128 -1.00 7.465840415619e-02 1.5387183e-05
129 -1.00 7.101175338878e-02 1.1391821e-05
130 -1.00 7.800833223879e-02 7.8997020e-06
131 -1.00 7.045267583807e-02 7.9705820e-06
132 -1.00 8.145106943303e-02 6.6966752e-06
133 -1.00 7.409729010846e-02 1.1790962e-05
134 -1.00 7.346566570082e-02 1.2092580e-05
135 -1.00 7.774428886143e-02 1.2889248e-05
136 -1.00 7.049548525377e-02 8.6130204e-06
137 -1.00 6.990218700205e-02 1.2982082e-05
138 -1.00 7.089919784303e-02 1.1834976e-05
139 -1.00 6.940463560367e-02 9.3936618e-06
140 -1.00 6.211847849019e-02 3.3147646e-06
141 -1.00 7.772517452352e-02 1.5496867e-05
142 -1.00 6.343974709940e-02 8.5347904e-06
143 -1.00 6.597549031555e-02 1.6816810e-05
144 -1.00 7.802083134257e-02 6.0740827e-06
145 -1.00 7.972640127228e-02 1.0258905e-05
146 -1.00 6.881705339825e-02 1.5655305e-05
147 -1.00 8.187386512207e-02 1.7692628e-05
148 -1.00 6.955188292938e-02 8.9849789e-06
149 -1.00 7.566085549612e-02 3.5260058e-05
150 -1.00 7.711894375924e-02 7.5247936e-06
151 -1.00 7.278089257746e-02 4.6254368e-06
152 -1.00 6.684478357109e-02 6.2876587e-06
153 -1.00 6.914246860297e-02 1.8239840e-05
154 -1.00 7.544626073799e-02 1.2631700e-05
155 -1.00 6.912702011478e-02 8.5122263e-06
156 -1.00 7.284763124192e-02 3.6620383e-06
157 -1.00 7.701023088773e-02 1.8258902e-05
158 -1.00 6.791864155928e-02 5.0023608e-06
159 -1.00 7.148716427266e-02 1.1792366e-05
160 -1.00 6.630685208483e-02 8.0211189e-06
161 -1.00 7.053612228989e-02 1.4547624e-05
162 -1.00 6.038163039603e-02 6.0328626e-06
163 -1.00 7.175986808560e-02 7.2713528e-06
164 -1.00 7.194531556951e-02 1.4788743e-05
165 -1.00 7.427605638050e-02 1.8555956e-05
166 -1.00 7.014200310984e-02 9.7175761e-06
167 -1.00 6.632440727433e-02 9.9552912e-06
168 -1.00 7.787043178447e-02 4.0626402e-05
169 -1.00 6.677974916260e-02 1.2841623e-05
170 -1.00 6.804244439352e-02 8.7668203e-06
171 -1.00 6.513126683463e-02 4.0877378e-06
172 -1.00 7.092124073235e-02 1.0329397e-05
173 -1.00 6.782940931884e-02 1.0887687e-05
174 -1.00 6.820206454914e-02 4.3061520e-06
175 -1.00 7.394066614139e-02 2.4167587e-06
176 -1.00 7.424960510772e-02 5.8596551e-06
177 -1.00 7.374453211039e-02 8.6880281e-06
178 -1.00 7.482341047227e-02 9.1525434e-06
179 -1.00 6.641598409986e-02 7.8210090e-06
180 -1.00 7.012490899353e-02 1.7433446e-05
181 -1.00 6.867140230983e-02 4.6062269e-06
182 -1.00 6.898180928902e-02 1.9805398e-05
183 -1.00 7.385490771097e-02 1.4975662e-05
184 -1.00 7.155444033842e-02 1.3571800e-05
185 -1.00 6.578099624108e-02 1.7014948e-05
186 -1.00 7.109354007058e-02 1.8436357e-05
187 -1.00 7.381701450307e-02 1.0527462e-05
188 -1.00 6.958510101626e-02 2.1243535e-05
189 -1.00 7.065076157941e-02 1.7892090e-05
190 -1.00 7.669953341421e-02 1.0306551e-05
191 -1.00 6.647206197916e-02 1.0540479e-05
192 -1.00 7.908103959296e-02 1.8703370e-05
193 -1.00 6.302329508876e-02 5.6692062e-06
194 -1.00 7.370432011616e-02 9.6044500e-06
195 -1.00 6.597333123462e-02 9.1104081e-06
196 -1.00 7.217048583259e-02 1.4407327e-05
197 -1.00 7.846592195922e-02 2.8477954e-05
198 -1.00 6.779224726222e-02 1.5923633e-05
199 -1.00 6.760969286764e-02 6.0011420e-06
200 -1.00 7.673861235080e-02 1.7052681e-05
201 -1.00 7.500702148637e-02 6.7359420e-06
202 -1.00 6.379437483717e-02 6.9263829e-06
203 -1.00 6.969172717298e-02 8.1445604e-06
204 -1.00 7.490094384446e-02 9.0626004e-06
205 -1.00 7.836497560793e-02 1.9475532e-05
206 -1.00 7.194499371228e-02 1.6872631e-05
207 -1.00 6.235334369582e-02 1.0909991e-05
208 -1.00 7.233261014943e-02 8.7880786e-06
209 -1.00 6.770202718664e-02 5.5964182e-06
210 -1.00 7.863791801819e-02 1.4733074e-05
211 -1.00 7.508392032545e-02 1.1057068e-05
212 -1.00 7.182046367833e-02 8.0320249e-06
213 -1.00 6.836791717979e-02 1.0444713e-05
214 -1.00 6.843503335209e-02 8.2939467e-06
215 -1.00 6.558725388527e-02 5.0731783e-06
216 -1.00 7.937430553154e-02 1.6236871e-05
217 -1.00 7.132218587490e-02 4.2286379e-06
218 -1.00 7.305844423594e-02 1.0311150e-05
219 -1.00 8.682416223333e-02 1.4155699e-05
220 -1.00 9.049091726911e-02 2.2977969e-05
221 -1.00 7.547303310975e-02 8.6849750e-06
222 -1.00 6.836817152868e-02 2.5040577e-06
223 -1.00 7.408047930242e-02 4.6901634e-06
224 -1.00 6.372228998615e-02 5.4336720e-06
225 -1.00 7.797985450297e-02 1.1924591e-05
226 -1.00 7.742137616768e-02 2.5142753e-05
227 -1.00 7.361292941289e-02 5.8634921e-06
228 -1.00 7.271777245249e-02 8.5197477e-06
229 -1.00 7.862216037642e-02 3.1888980e-05
230 -1.00 7.464815481573e-02 1.5195039e-05
231 -1.00 7.383672961109e-02 1.1792945e-05
232 -1.00 6.672311563412e-02 5.5765131e-06
233 -1.00 7.234987319279e-02 1.6774607e-05
234 -1.00 6.778919343091e-02 2.2086244e-05
235 -1.00 7.344453855437e-02 2.4563535e-05
236 -1.00 7.086206059515e-02 3.8174448e-06
237 -1.00 6.423039057748e-02 1.0388088e-05
238 -1.00 7.082052487551e-02 9.0841761e-06
239 -1.00 6.963989744240e-02 9.9282014e-06
240 -1.00 7.984312240951e-02 8.3427402e-06
241 -1.00 7.919942060850e-02 9.9308912e-06
242 -1.00 7.075427016090e-02 1.4640598e-05
243 -1.00 7.434298998172e-02 2.2533074e-05
244 -1.00 7.195458548244e-02 7.6853479e-06
245 -1.00 6.985573588410e-02 4.0488213e-06
246 -1.00 7.419588748559e-02 5.1183284e-06
247 -1.00 7.055985913478e-02 1.3338213e-05
248 -1.00 7.847971896805e-02 6.2405226e-06
249 -1.00 7.671978808021e-02 1.1004698e-05
250 -1.00 7.032514221545e-02 1.1304265e-05
251 -1.00 7.443165972692e-02 1.5023685e-05
252 -1.00 7.706062308227e-02 1.0562327e-05
253 -1.00 7.239684099186e-02 7.7223269e-06
254 -1.00 7.774472734855e-02 5.9513644e-06
255 -1.00 6.842723420383e-02 6.7888921e-06
256 -1.00 7.115418412659e-02 1.3895344e-05
257 -1.00 6.898610745471e-02 7.4682153e-06
258 -1.00 6.926380155226e-02 6.5456218e-06
259 -1.00 7.649548620090e-02 8.3515875e-06
260 -1.00 6.500199954057e-02 9.5592531e-06
261 -1.00 7.248568359548e-02 1.0987635e-05
262 -1.00 6.450182147680e-02 7.1582225e-06
263 -1.00 7.321580182348e-02 1.1650455e-05
264 -1.00 6.815745720575e-02 8.0516272e-06
265 -1.00 6.538117217508e-02 1.0998560e-05
266 -1.00 7.506327656405e-02 9.1940335e-06
267 -1.00 6.703003668994e-02 1.6640178e-05
268 -1.00 7.144821481438e-02 5.1748993e-06
269 -1.00 6.813072497975e-02 8.2346742e-06
270 -1.00 6.823191899517e-02 1.3621587e-05
271 -1.00 7.318412845279e-02 1.3815261e-05
272 -1.00 6.316584492555e-02 4.2559504e-06
273 -1.00 6.757424692685e-02 1.2547256e-05
274 -1.00 6.901768023404e-02 1.1317818e-05
275 -1.00 6.637761087248e-02 1.8849329e-05
276 -1.00 7.570100198318e-02 7.9382402e-06
277 -1.00 6.850326252372e-02 6.3639989e-06
278 -1.00 7.750439290423e-02 7.5484295e-06
279 -1.00 6.558278853214e-02 7.9172588e-06
280 -1.00 7.164940809840e-02 7.3667120e-06
281 -1.00 7.609237048425e-02 5.7287011e-05
282 -1.00 7.759198122899e-02 3.0477761e-06
283 -1.00 6.690041544747e-02 2.3066039e-05
284 -1.00 6.813923661036e-02 1.0598121e-05
285 -1.00 7.818198550747e-02 7.7402797e-06
286 -1.00 7.249089284604e-02 1.1325775e-05
287 -1.00 7.178837456346e-02 2.8768410e-06
288 -1.00 7.831070268050e-02 2.2215266e-05
289 -1.00 7.710700690504e-02 1.8127748e-05
290 -1.00 7.475793592267e-02 9.2461457e-06
291 -1.00 8.366606347966e-02 1.3173358e-05
292 -1.00 7.289918048050e-02 2.4017704e-06
293 -1.00 6.724607835204e-02 6.2691536e-06
294 -1.00 7.923954121748e-02 2.4371199e-05
295 -1.00 8.484296954367e-02 1.0930934e-05
296 -1.00 7.022301460135e-02 6.6387986e-06
297 -1.00 6.912999741638e-02 5.1414458e-06
298 -1.00 7.240493598123e-02 1.0518536e-05
299 -1.00 7.399481442336e-02 9.5006897e-06
300 -1.00 7.783408825911e-02 9.7198300e-06
301 -1.00 7.471400971263e-02 4.3587846e-06
302 -1.00 7.535448237395e-02 6.7694792e-06
303 -1.00 7.153761607194e-02 1.8240739e-05
304 -1.00 7.357129864064e-02 1.6517166e-05
305 -1.00 7.152224135948e-02 1.6845183e-05
306 -1.00 6.947789729543e-02 1.6372570e-05
307 -1.00 6.979355278974e-02 8.1567228e-06
308 -1.00 6.626272408236e-02 1.7299642e-05
309 -1.00 6.895776257718e-02 9.9933189e-06
310 -1.00 7.345214362252e-02 1.2196258e-05
311 -1.00 6.843763682843e-02 1.1879096e-05
312 -1.00 7.422811230007e-02 1.8734576e-05
313 -1.00 8.430710090435e-02 1.6734207e-05
314 -1.00 7.205573057783e-02 1.4443090e-05
315 -1.00 7.122191790194e-02 1.1673095e-05
316 -1.00 7.680466307546e-02 7.2537290e-06
317 -1.00 7.360187580746e-02 4.4219798e-06
318 -1.00 7.260999536341e-02 5.4520079e-06
319 -1.00 7.899580010452e-02 2.1289201e-05
320 -1.00 7.262897050239e-02 2.7543063e-05
321 -1.00 7.294685855418e-02 1.0819689e-05
322 -1.00 7.931803063454e-02 7.2758735e-06
323 -1.00 7.356429494756e-02 1.9570692e-05
324 -1.00 6.994339954096e-02 1.0551079e-05
325 -1.00 8.257197355154e-02 1.2125306e-05
326 -1.00 7.401262686217e-02 1.9860864e-05
327 -1.00 6.778387334158e-02 3.4684578e-06
328 -1.00 7.459105810987e-02 1.7310890e-05
329 -1.00 6.370613089576e-02 9.4342494e-06
330 -1.00 7.488152576126e-02 1.4855531e-05
331 -1.00 8.227347364272e-02 1.3664758e-05
332 -1.00 7.184203658932e-02 1.0218015e-05
333 -1.00 7.215796240169e-02 2.0288492e-05
334 -1.00 6.480991585204e-02 6.5645288e-06
335 -1.00 7.851320733498e-02 8.5501762e-06
336 -1.00 6.558048469408e-02 1.6872890e-05
337 -1.00 6.957706863525e-02 9.8470652e-06
338 -1.00 7.133651607619e-02 1.1334639e-05
339 -1.00 6.851214561024e-02 1.3743256e-05
340 -1.00 6.836559561618e-02 8.5276053e-06
341 -1.00 7.208862185180e-02 1.7472151e-05
342 -1.00 7.383610614668e-02 1.2878409e-05
343 -1.00 7.480627281901e-02 1.1707142e-05
344 -1.00 7.239743743130e-02 1.6349555e-05
345 -1.00 6.901669025170e-02 7.9055782e-06
346 -1.00 7.244266930147e-02 8.4452899e-06
347 -1.00 6.696267202606e-02 1.4377866e-05
348 -1.00 7.644249213397e-02 6.5609950e-06
349 -1.00 7.198210653752e-02 1.1258370e-05
350 -1.00 6.975262934359e-02 1.0907161e-05
351 -1.00 6.882460086966e-02 1.3181025e-05
352 -1.00 7.044145316184e-02 6.7485538e-06
353 -1.00 7.830631811221e-02 2.1022032e-05
354 -1.00 6.924883360458e-02 1.0090121e-05
355 -1.00 7.802682362726e-02 1.1319076e-05
356 -1.00 7.556404749996e-02 1.1309800e-05
357 -1.00 7.726404539565e-02 1.2797808e-05
358 -1.00 7.469045375883e-02 4.5658069e-06
359 -1.00 6.534392200015e-02 6.7439962e-06
360 -1.00 6.654636959942e-02 6.5180974e-06
361 -1.00 6.774790594260e-02 1.0557994e-05
362 -1.00 7.025043400976e-02 2.2422537e-05
363 -1.00 7.552885222188e-02 1.5943605e-05
364 -1.00 7.807293709672e-02 2.2132653e-05
365 -1.00 7.668949587905e-02 9.5943266e-06
366 -1.00 7.906321395113e-02 1.5887952e-05
367 -1.00 6.593705912357e-02 1.4427563e-05
368 -1.00 7.459577089068e-02 1.1949147e-05
369 -1.00 7.639759318105e-02 4.9993175e-06
370 -1.00 7.431154401512e-02 4.7301392e-06
371 -1.00 6.988184338512e-02 1.2876531e-05
372 -1.00 6.707877218301e-02 1.7421322e-05
373 -1.00 7.848017454134e-02 1.0488102e-05
374 -1.00 7.649713380690e-02 2.0913795e-05
375 -1.00 7.243314476791e-02 5.4698700e-06
376 -1.00 7.831297243652e-02 2.1952141e-05
377 -1.00 6.576090302438e-02 1.0273966e-05
378 -1.00 7.623009355814e-02 1.6112700e-05
379 -1.00 6.979112912475e-02 1.2696839e-05
380 -1.00 6.967393750391e-02 8.7715750e-06
381 -1.00 7.330559740913e-02 4.8207914e-06
382 -1.00 7.843615948812e-02 1.8012568e-05
383 -1.00 6.777952546188e-02 1.0577310e-05
384 -1.00 7.665723607859e-02 1.5797055e-05
385 -1.00 6.842659797809e-02 1.2274903e-05
386 -1.00 7.194205649534e-02 1.4153393e-05
387 -1.00 6.992765854314e-02 3.2147622e-05
388 -1.00 6.440079646481e-02 1.3108382e-05
389 -1.00 7.947115156099e-02 7.3870107e-06
390 -1.00 6.819896705467e-02 9.5122438e-06
391 -1.00 7.458068702601e-02 8.4703838e-06
392 -1.00 7.629038860498e-02 5.6629832e-06
393 -1.00 7.222869051686e-02 1.5818443e-05
394 -1.00 7.369796201911e-02 4.5304003e-06
395 -1.00 6.753244944226e-02 5.6545619e-06
396 -1.00 7.906704105854e-02 1.6075109e-05
397 -1.00 6.625835892781e-02 9.5903296e-06
398 -1.00 7.822879089798e-02 1.1340846e-05
399 -1.00 7.231770454881e-02 1.3662210e-05
400 -1.00 6.826965087134e-02 4.2141788e-07
401 -1.00 7.356260664915e-02 1.3008253e-05
402 -1.00 6.954390997172e-02 1.2622816e-05
403 -1.00 8.402926047047e-02 9.3453964e-06
404 -1.00 7.087643386898e-02 7.8842578e-06
405 -1.00 7.541550690021e-02 8.3344833e-06
406 -1.00 7.548145953653e-02 2.6160370e-05
407 -1.00 7.718473234070e-02 1.1714450e-05
408 -1.00 7.972798141253e-02 7.8927978e-06
409 -1.00 7.134087473293e-02 5.4319887e-06
410 -1.00 6.580738190489e-02 1.0052677e-05
411 -1.00 6.623182843531e-02 7.3585085e-06
412 -1.00 7.322092539630e-02 2.9893732e-06
413 -1.00 7.246954132561e-02 3.5298366e-06
414 -1.00 7.019013966722e-02 2.1209240e-05
415 -1.00 7.956094122111e-02 1.5777913e-05
416 -1.00 7.059676897989e-02 7.7628820e-06
417 -1.00 7.160427561965e-02 1.6212353e-05
418 -1.00 7.477041461861e-02 3.6865731e-06
419 -1.00 7.191380442935e-02 1.0450651e-05
420 -1.00 7.165718116248e-02 5.7126676e-06
421 -1.00 7.685455721269e-02 4.5240231e-06
422 -1.00 7.651559002191e-02 1.2127174e-05
423 -1.00 8.090645994284e-02 9.9730367e-06
424 -1.00 6.712964797425e-02 2.4554549e-06
425 -1.00 6.996213452426e-02 1.1656248e-05
426 -1.00 7.728437096323e-02 1.7957761e-05
427 -1.00 7.656143852338e-02 5.4467879e-06
428 -1.00 7.077036443891e-02 1.2682357e-05
429 -1.00 8.241135783817e-02 1.2275190e-05
430 -1.00 7.738569525321e-02 9.4250116e-06
431 -1.00 7.121582113576e-02 8.0697562e-06
432 -1.00 6.920764466228e-02 2.0437826e-05
433 -1.00 7.287662096673e-02 6.4697811e-06
434 -1.00 6.610641328473e-02 4.5532110e-06
435 -1.00 8.408725214408e-02 2.3998609e-05
436 -1.00 6.791975762013e-02 1.3540884e-05
437 -1.00 6.994443411531e-02 4.6323986e-06
438 -1.00 6.784810439824e-02 1.5470728e-05
439 -1.00 6.389469133354e-02 1.1549767e-05
440 -1.00 6.620506804276e-02 4.3899704e-06
441 -1.00 7.424823832355e-02 6.1601957e-06
442 -1.00 7.847748720151e-02 2.7467464e-05
443 -1.00 6.293750138723e-02 2.2087302e-05
444 -1.00 7.248396104689e-02 9.1954491e-06
445 -1.00 7.682362219772e-02 8.8128496e-06
446 -1.00 7.584490419832e-02 7.3829435e-06
447 -1.00 6.867026214969e-02 4.8555048e-06
448 -1.00 7.290510627918e-02 2.0685292e-05
449 -1.00 6.632350316491e-02 1.5679142e-05
450 -1.00 7.442055215446e-02 1.6311118e-05
451 -1.00 7.896067783705e-02 1.4308031e-05
452 -1.00 7.385611127949e-02 1.4077579e-05
453 -1.00 6.885319486733e-02 1.9442189e-06
454 -1.00 7.644507531766e-02 3.6529022e-06
455 -1.00 6.387695697402e-02 2.8069166e-06
456 -1.00 7.426944340116e-02 5.2527715e-06
457 -1.00 7.251459190849e-02 4.5144565e-06
458 -1.00 6.893108186753e-02 7.0553272e-06
459 -1.00 7.142333941216e-02 1.4566165e-05
460 -1.00 7.714043234407e-02 5.8263101e-06
461 -1.00 7.389466075915e-02 1.1012156e-05
462 -1.00 6.910926717420e-02 7.3621811e-06
463 -1.00 6.625597463216e-02 2.1572351e-05
464 -1.00 7.827901778248e-02 1.5216867e-05
465 -1.00 6.880786390004e-02 6.2069467e-06
466 -1.00 6.672794694475e-02 1.1811005e-05
467 -1.00 6.869288670498e-02 2.5871605e-06
468 -1.00 8.018037346983e-02 1.3509596e-05
469 -1.00 7.286177472652e-02 6.1694046e-06
470 -1.00 6.842005166305e-02 3.1089929e-06
471 -1.00 7.015045542050e-02 5.1236737e-06
472 -1.00 6.523479760731e-02 6.7227989e-06
473 -1.00 7.160283325809e-02 1.0073606e-05
474 -1.00 6.850434660323e-02 2.2608868e-05
475 -1.00 7.119420064898e-02 1.1529045e-05
476 -1.00 7.294222846949e-02 1.3529845e-05
477 -1.00 8.003390523057e-02 1.6114601e-05
478 -1.00 7.473862991246e-02 5.5247409e-06
479 -1.00 7.199385686760e-02 1.2312332e-05
480 -1.00 6.864619833603e-02 1.1889376e-05
481 -1.00 7.203543941833e-02 1.1176307e-05
482 -1.00 7.508362944995e-02 1.1206007e-05
483 -1.00 6.989356531032e-02 3.1762710e-06
484 -1.00 6.442971366744e-02 9.6782784e-06
485 -1.00 6.736326114083e-02 9.7196964e-06
486 -1.00 7.649069312210e-02 1.2167058e-05
487 -1.00 7.286640508317e-02 9.6513201e-06
488 -1.00 6.585597433357e-02 7.7628822e-06
489 -1.00 7.231755785370e-02 9.6112854e-06
490 -1.00 6.232478894110e-02 5.5012575e-06
491 -1.00 7.414800369649e-02 7.1881150e-06
492 -1.00 6.730643479130e-02 5.0803960e-06
493 -1.00 7.004795705146e-02 2.0941381e-05
494 -1.00 7.049032802514e-02 6.0677261e-06
495 -1.00 7.553170983906e-02 1.7097212e-05
496 -1.00 7.194827995168e-02 1.9284318e-05
497 -1.00 7.423207989668e-02 1.6256129e-06
498 -1.00 6.563123161459e-02 1.2343250e-05
499 -1.00 7.517560228111e-02 2.8692243e-06
500 -1.00 7.061117186748e-02 1.4938458e-05
1 -0.75 7.180794497922e-02 1.0807210e-05
2 -0.75 6.800471505072e-02 4.4452519e-06
3 -0.75 7.232048060857e-02 1.1964536e-05
4 -0.75 7.757484001066e-02 1.8486025e-05
5 -0.75 7.260098116022e-02 4.6411976e-06
6 -0.75 6.962701807381e-02 8.0270050e-06
7 -0.75 7.342039115207e-02 1.3990643e-05
8 -0.75 7.246617941760e-02 6.5918735e-06
9 -0.75 7.054199787516e-02 3.8241344e-06
10 -0.75 6.628323409368e-02 1.0001879e-05
11 -0.75 6.871768962023e-02 8.7677512e-06
12 -0.75 7.065851881124e-02 4.8479935e-06
13 -0.75 6.862453790590e-02 5.5886119e-06
14 -0.75 7.514922284776e-02 5.9510518e-06
15 -0.75 6.898202131349e-02 2.0959572e-05
16 -0.75 7.097940350371e-02 1.4529211e-05
17 -0.75 7.313872717104e-02 1.3028038e-05
18 -0.75 6.622446641962e-02 6.4545216e-06
19 -0.75 7.136757470255e-02 2.3480521e-06
20 -0.75 6.582908357046e-02 5.8828785e-06
21 -0.75 7.642037308313e-02 8.2533685e-06
22 -0.75 6.235139003447e-02 1.7801363e-05
23 -0.75 6.748153170307e-02 1.7728882e-05
24 -0.75 7.312045997318e-02 1.2568583e-05
25 -0.75 7.396244967201e-02 1.5973604e-05
26 -0.75 7.282317957179e-02 1.6182422e-05
27 -0.75 6.961439857334e-02 1.4838113e-05
28 -0.75 6.607042856878e-02 5.0832175e-06
29 -0.75 6.988100010331e-02 9.9264173e-06
30 -0.75 6.653423612259e-02 1.1251906e-05
31 -0.75 6.830253007415e-02 8.5123054e-06
32 -0.75 7.115762673834e-02 9.5118047e-06
33 -0.75 7.020834080032e-02 6.6703063e-06
34 -0.75 7.163915444969e-02 9.5132768e-06
35 -0.75 6.418230135275e-02 1.3543293e-05
36 -0.75 7.217492432963e-02 1.0886684e-05
37 -0.75 7.229594927850e-02 1.3967699e-05
38 -0.75 7.681604750593e-02 1.0544745e-05
39 -0.75 6.618371097293e-02 1.4216583e-05
40 -0.75 6.757618090975e-02 6.6797759e-06
41 -0.75 7.079718727092e-02 2.0488189e-05
42 -0.75 6.435552879771e-02 5.9471102e-06
43 -0.75 6.791178804751e-02 6.9975802e-06
44 -0.75 7.052089200795e-02 1.4156217e-05
45 -0.75 7.417154390519e-02 3.0306189e-06
46 -0.75 7.408747641189e-02 1.7868569e-05
47 -0.75 7.294813111443e-02 1.7957784e-05
48 -0.75 7.008179982188e-02 1.0687340e-05
49 -0.75 7.344148125316e-02 1.4749148e-05
50 -0.75 7.486732112766e-02 3.5418982e-06
51 -0.75 7.317428538434e-02 2.3968316e-05
52 -0.75 6.572292874309e-02 1.3808733e-05
53 -0.75 7.556982950041e-02 7.9421965e-06
54 -0.75 8.044231842546e-02 7.8081598e-06
55 -0.75 6.968886995128e-02 4.3222899e-06
56 -0.75 6.734170149486e-02 2.5397151e-05
57 -0.75 6.887117576716e-02 2.7069155e-05
58 -0.75 7.148999155992e-02 2.5180762e-05
59 -0.75 7.546253378310e-02 1.2910473e-05
60 -0.75 7.365305952792e-02 5.3466884e-06
61 -0.75 7.030010706519e-02 9.7308549e-06
62 -0.75 7.802767851604e-02 1.5232383e-05
63 -0.75 7.819529685410e-02 2.1011410e-05
64 -0.75 6.888883676372e-02 1.2407092e-05
65 -0.75 7.865749464089e-02 1.3269513e-05
66 -0.75 7.111832974793e-02 9.9789493e-06
67 -0.75 6.850522072180e-02 9.4373959e-06
68 -0.75 7.344937003327e-02 1.3481805e-05
69 -0.75 7.182291627478e-02 5.1660973e-06
70 -0.75 7.164502453724e-02 8.9296708e-06
71 -0.75 7.252646067041e-02 1.1612177e-05
72 -0.75 6.861753716506e-02 1.4037959e-05
73 -0.75 6.972648861460e-02 1.0766606e-05
74 -0.75 7.167307971555e-02 1.9256971e-05
75 -0.75 7.272521639678e-02 1.4267793e-05
76 -0.75 7.373402303062e-02 1.6234659e-05
77 -0.75 6.848380832231e-02 1.0058918e-05
78 -0.75 6.423269540918e-02 7.6273829e-06
79 -0.75 6.967864652145e-02 1.5871268e-05
80 -0.75 6.924442863511e-02 1.4969490e-05
81 -0.75 7.547941274260e-02 1.8530904e-05
82 -0.75 6.822637125119e-02 1.2268793e-05
83 -0.75 7.139657049644e-02 1.0480661e-05
84 -0.75 6.750157994948e-02 6.9250598e-06
85 -0.75 7.307266807533e-02 2.5429498e-05
86 -0.75 8.170493770481e-02 2.0851899e-05
87 -0.75 7.160715195753e-02 1.6387822e-05
88 -0.75 6.525119616535e-02 9.2125354e-06
89 -0.75 7.110683458974e-02 5.3208957e-06
90 -0.75 7.548071141125e-02 9.2400586e-06
91 -0.75 6.210469243618e-02 8.7295916e-06
92 -0.75 6.962927715919e-02 3.1299659e-05
93 -0.75 6.688957945596e-02 4.1689605e-06
94 -0.75 7.438713522713e-02 1.0237038e-05
95 -0.75 7.245754296838e-02 8.8069069e-06
96 -0.75 7.639056901399e-02 9.1218992e-06
97 -0.75 6.932891109043e-02 1.2572569e-05
98 -0.75 7.308933522567e-02 1.2369939e-05
99 -0.75 7.295823206681e-02 7.8591777e-06
100 -0.75 6.721846038812e-02 4.7556685e-06
101 -0.75 8.008625303750e-02 1.5636209e-05
102 -0.75 7.792683522490e-02 4.7834630e-06
103 -0.75 7.290062519340e-02 2.4406149e-05
104 -0.75 6.660466367108e-02 7.0420944e-06
105 -0.75 7.094542313302e-02 7.1299977e-06
106 -0.75 7.923097643633e-02 8.1682451e-06
107 -0.75 6.984680503272e-02 8.1314239e-06
108 -0.75 7.919786835560e-02 1.5120385e-05
109 -0.75 6.672242640917e-02 4.7145544e-06
110 -0.75 7.134448874705e-02 6.3046267e-06
111 -0.75 7.454817207004e-02 1.5482453e-05
112 -0.75 6.954281909627e-02 1.4323945e-05
113 -0.75 6.907558864484e-02 7.6081400e-06
114 -0.75 7.713645787443e-02 1.0828990e-05
115 -0.75 6.885492292169e-02 1.2963224e-05
116 -0.75 6.742507211228e-02 8.6973969e-06
117 -0.75 6.851441625681e-02 5.7974907e-06
118 -0.75 7.384751356639e-02 1.1438391e-05
119 -0.75 6.953072632745e-02 1.1591125e-05
120 -0.75 7.828699155590e-02 7.0341051e-06
121 -0.75 7.406718217771e-02 1.0721993e-05
122 -0.75 7.443508961946e-02 1.7823972e-05
123 -0.75 6.506026540890e-02 1.4073529e-05
124 -0.75 6.894346509531e-02 6.4072582e-06
125 -0.75 6.858593364225e-02 2.5548128e-05
126 -0.75 7.769994734491e-02 5.6987132e-06
127 -0.75 6.299555790141e-02 1.3747480e-05
128 -0.75 7.428123707498e-02 2.3978996e-05
129 -0.75 7.119467500195e-02 1.6602403e-05
130 -0.75 7.114499433093e-02 1.1343349e-05
131 -0.75 6.853172233223e-02 1.4398990e-05
132 -0.75 8.081859009045e-02 3.7915529e-06
133 -0.75 7.150791446518e-02 1.2179005e-05
134 -0.75 7.139372278504e-02 1.3705453e-05
135 -0.75 7.816625872951e-02 1.3408015e-05
136 -0.75 6.927739295648e-02 6.6281890e-06
137 -0.75 6.915933368120e-02 7.3397097e-06
138 -0.75 7.127818912838e-02 1.3504251e-05
139 -0.75 6.766798237587e-02 1.7835799e-05
140 -0.75 6.132133650415e-02 2.2849109e-05
141 -0.75 7.478422991240e-02 3.0486082e-05
142 -0.75 6.180938856229e-02 1.0076223e-05
143 -0.75 6.473820060441e-02 8.8222569e-06
144 -0.75 7.752375259346e-02 1.3632376e-05
145 -0.75 7.762930788626e-02 1.9184502e-05
146 -0.75 6.567809875368e-02 1.4356589e-05
147 -0.75 7.897840865683e-02 4.6667120e-06
148 -0.75 6.932528822461e-02 4.4835845e-06
149 -0.75 7.313231334764e-02 7.7832419e-06
150 -0.75 7.452680287335e-02 8.0088948e-06
151 -0.75 7.041665540902e-02 1.3050655e-05
152 -0.75 6.812688553086e-02 2.9751863e-06
153 -0.75 6.657148371263e-02 1.3988061e-05
154 -0.75 7.798509516084e-02 1.4932604e-05
155 -0.75 6.806545180016e-02 9.2545765e-06
156 -0.75 6.903884580209e-02 3.1809457e-06
157 -0.75 7.402681917038e-02 8.2712960e-06
158 -0.75 6.825653488686e-02 1.2184075e-05
159 -0.75 7.178579044616e-02 9.0899601e-06
160 -0.75 6.386228413140e-02 6.7529955e-06
161 -0.75 7.123456738399e-02 8.2380484e-06
162 -0.75 6.035193370355e-02 8.9675072e-06
163 -0.75 6.957737534819e-02 1.9642265e-05
164 -0.75 6.979056350016e-02 3.3759739e-06
165 -0.75 7.299465187474e-02 1.9535765e-05
166 -0.75 7.108441011969e-02 1.3170450e-05
167 -0.75 6.770728312794e-02 1.7883505e-05
168 -0.75 7.936172541751e-02 7.8350996e-06
169 -0.75 6.528939867387e-02 1.4730497e-05
170 -0.75 6.602136505035e-02 4.9652996e-06
171 -0.75 6.837820412813e-02 4.5788681e-06
172 -0.75 7.091332717434e-02 7.9887245e-06
173 -0.75 6.872494431523e-02 6.0134555e-06
174 -0.75 6.745543382668e-02 1.9856824e-05
175 -0.75 7.017301741119e-02 2.6720814e-05
176 -0.75 7.179998402155e-02 5.5531607e-06
177 -0.75 7.356863995918e-02 9.4763260e-06
178 -0.75 7.343341626883e-02 3.4746910e-06
179 -0.75 6.462930411319e-02 5.1942704e-06
180 -0.75 6.709122593021e-02 7.4539052e-06
181 -0.75 6.829518924368e-02 6.5069740e-06
182 -0.75 6.862131930069e-02 2.1456560e-05
183 -0.75 7.039021304625e-02 3.3532080e-06
184 -0.75 6.920235676151e-02 8.2751160e-06
185 -0.75 6.480134442911e-02 7.8519771e-06
186 -0.75 6.972162598746e-02 3.1987585e-06
187 -0.75 7.231128675983e-02 4.1704237e-06
188 -0.75 6.829191153905e-02 6.2614049e-06
189 -0.75 6.878882369075e-02 7.1022065e-06
190 -0.75 7.654138160666e-02 1.4608925e-05
191 -0.75 6.704406072533e-02 9.3670314e-06
192 -0.75 7.908246589146e-02 2.8567566e-05
193 -0.75 6.257101591669e-02 9.2351061e-06
194 -0.75 7.303952534819e-02 1.1637385e-05
195 -0.75 6.857476203545e-02 1.1468393e-05
196 -0.75 7.415519574754e-02 1.0112010e-05
197 -0.75 7.961693457832e-02 2.0589948e-05
198 -0.75 6.554285933254e-02 5.0992807e-06
199 -0.75 6.781108741905e-02 1.4180933e-05
200 -0.75 7.319296695097e-02 1.5373393e-05
201 -0.75 7.434402685410e-02 1.6229317e-05
202 -0.75 7.098513863233e-02 8.8109784e-06
203 -0.75 7.281679023797e-02 1.8233763e-05
204 -0.75 7.050832991721e-02 2.4105305e-05
205 -0.75 7.207737183031e-02 5.0427053e-06
206 -0.75 6.705411392009e-02 1.2437081e-05
207 -0.75 6.215698637401e-02 1.9059213e-05
208 -0.75 6.890165822756e-02 2.0401955e-05
209 -0.75 6.906979096546e-02 1.9547708e-05
210 -0.75 7.689662777614e-02 1.3372167e-05
211 -0.75 7.353120067358e-02 1.7800063e-05
212 -0.75 6.787397563886e-02 3.5924375e-06
213 -0.75 6.466960302074e-02 6.2420428e-06
214 -0.75 7.000438364297e-02 9.5059863e-06
215 -0.75 6.720681216324e-02 1.7570910e-05
216 -0.75 7.714781876824e-02 1.8098870e-05
217 -0.75 6.954932887269e-02 9.2786363e-06
218 -0.75 7.237371150228e-02 2.8959430e-05
219 -0.75 8.374508810471e-02 2.5533523e-05
220 -0.75 8.560809820159e-02 3.0245083e-05
221 -0.75 7.044903261469e-02 7.7950688e-06
222 -0.75 6.960972783937e-02 1.1892747e-05
223 -0.75 7.409220930415e-02 6.1019898e-06
224 -0.75 6.582213074510e-02 1.8782505e-05
225 -0.75 7.682391671116e-02 7.1198539e-06
226 -0.75 7.477843104311e-02 5.4471438e-06
227 -0.75 7.309333175850e-02 1.3219724e-05
228 -0.75 7.053714624127e-02 1.5431894e-05
229 -0.75 7.751817903482e-02 2.1584525e-05
230 -0.75 7.345401675226e-02 1.1600989e-05
231 -0.75 7.358285008756e-02 1.3057541e-05
232 -0.75 6.387674939908e-02 9.7155318e-06
233 -0.75 6.975002862943e-02 1.5634450e-05
234 -0.75 6.719061933420e-02 1.3438806e-05
235 -0.75 7.196349581178e-02 1.4679250e-05
236 -0.75 6.968439362982e-02 2.0599968e-05
237 -0.75 6.137491369066e-02 9.9774776e-06
238 -0.75 7.025780882067e-02 1.7240188e-05
239 -0.75 6.674444830515e-02 1.1383966e-05
240 -0.75 7.779373100284e-02 8.7845339e-06
241 -0.75 7.856327216593e-02 2.7759255e-05
242 -0.75 7.053604320847e-02 7.8241342e-06
243 -0.75 7.122639592700e-02 1.0041511e-05
244 -0.75 7.118105349394e-02 4.2732424e-06
245 -0.75 6.841467595090e-02 1.3186233e-05
246 -0.75 7.510663694912e-02 5.8482802e-06
247 -0.75 6.937063306583e-02 8.4185039e-06
248 -0.75 7.633021335903e-02 1.0358441e-05
249 -0.75 7.543300082005e-02 2.1532043e-05
250 -0.75 7.117931182314e-02 1.1546935e-05
251 -0.75 7.300493911789e-02 2.0809876e-05
252 -0.75 7.700038260823e-02 1.3165607e-05
253 -0.75 7.178961726934e-02 1.6691211e-05
254 -0.75 7.713007174578e-02 2.2242956e-05
255 -0.75 6.687521459218e-02 7.6832988e-06
256 -0.75 7.253815375025e-02 6.3402953e-06
257 -0.75 6.634442208579e-02 7.6519604e-06
258 -0.75 6.670700152128e-02 8.4615264e-06
259 -0.75 7.429707854069e-02 1.1807036e-05
260 -0.75 6.338575228503e-02 7.7392219e-06
261 -0.75 6.927092016078e-02 1.1758377e-05
262 -0.75 6.427600218180e-02 7.8776713e-06
263 -0.75 7.221672749232e-02 9.2466344e-06
264 -0.75 6.735414007703e-02 2.0642229e-05
265 -0.75 6.720514633593e-02 3.2247882e-06
266 -0.75 7.572315181405e-02 7.8222598e-06
267 -0.75 6.552164390055e-02 1.2442647e-05
268 -0.75 6.920889027499e-02 1.2932087e-05
269 -0.75 6.958121329412e-02 1.7087395e-05
270 -0.75 6.925922496565e-02 1.7139285e-05
271 -0.75 7.159347481484e-02 1.9657541e-05
272 -0.75 6.169805292917e-02 9.4548072e-06
273 -0.75 6.581155514501e-02 9.2309558e-06
274 -0.75 6.852186518321e-02 9.2453413e-06
275 -0.75 6.675835519605e-02 1.0831311e-05
276 -0.75 7.614958650073e-02 1.3304857e-05
277 -0.75 6.865817287749e-02 1.1478194e-05
278 -0.75 7.554665168624e-02 7.3401814e-06
279 -0.75 6.385901524010e-02 5.9367440e-06
280 -0.75 7.068883708992e-02 1.3940800e-05
281 -0.75 7.064630250506e-02 8.3920911e-06
282 -0.75 7.592514811038e-02 1.3872377e-05
283 -0.75 6.630320034108e-02 1.4338387e-05
284 -0.75 6.481763917715e-02 1.3479927e-05
285 -0.75 7.772893568859e-02 1.7581971e-05
286 -0.75 7.108357739776e-02 8.8909689e-06
287 -0.75 7.411458034263e-02 2.0040427e-05
288 -0.75 7.659073868347e-02 1.2374913e-05
289 -0.75 7.493420890255e-02 3.2416899e-05
290 -0.75 7.502966715020e-02 2.4076906e-06
291 -0.75 8.249725035109e-02 1.2993888e-05
292 -0.75 7.178081399110e-02 1.9815166e-05
293 -0.75 6.675578404305e-02 2.1131967e-05
294 -0.75 7.585886540992e-02 8.2292565e-06
295 -0.75 8.322949275370e-02 9.0170387e-06
296 -0.75 7.001736240288e-02 2.0643654e-05
297 -0.75 7.063078225773e-02 2.6276612e-05
298 -0.75 7.223062619556e-02 1.5000925e-05
299 -0.75 7.666484911965e-02 2.7976292e-05
300 -0.75 7.379030957965e-02 1.3484461e-05
301 -0.75 7.634964753182e-02 5.1295482e-06
302 -0.75 7.329636649837e-02 8.5346836e-06
303 -0.75 7.189002018059e-02 1.6298500e-05
304 -0.75 7.231622089873e-02 1.7283388e-05
305 -0.75 7.166097826092e-02 9.0765758e-06
306 -0.75 6.921516168733e-02 1.3756484e-05
307 -0.75 7.170552758320e-02 5.1653257e-06
308 -0.75 6.719997913217e-02 1.9150107e-05
309 -0.75 6.632179137063e-02 6.0420630e-06
310 -0.75 7.406873979323e-02 1.2863195e-05
311 -0.75 7.290364626751e-02 2.3006006e-05
312 -0.75 7.386883360429e-02 1.5992450e-05
313 -0.75 8.153944481523e-02 3.0573201e-06
314 -0.75 7.017659154558e-02 6.6094664e-06
315 -0.75 6.969800104062e-02 4.1502803e-06
316 -0.75 7.681627302249e-02 2.0089947e-05
317 -0.75 6.874009877454e-02 1.5095851e-05
318 -0.75 7.171200191771e-02 1.0368293e-05
319 -0.75 7.546569115761e-02 5.8348166e-06
320 -0.75 6.999706334163e-02 2.6495165e-05
321 -0.75 7.228963612285e-02 2.1446550e-05
322 -0.75 7.885626035658e-02 1.0528347e-05
323 -0.75 7.060530778240e-02 1.2102018e-05
324 -0.75 6.913241323421e-02 2.0579869e-05
325 -0.75 8.011523234752e-02 1.9713899e-05
326 -0.75 6.986241228302e-02 4.2252186e-06
327 -0.75 6.764392490953e-02 3.8431131e-05
328 -0.75 7.256773350279e-02 7.9784849e-06
329 -0.75 6.260359260109e-02 1.1380776e-05
330 -0.75 7.316697128234e-02 1.1648969e-05
331 -0.75 8.053191136575e-02 1.5154339e-05
332 -0.75 6.924186704554e-02 7.4555350e-06
333 -0.75 7.152551395116e-02 1.4086105e-05
334 -0.75 6.498005718112e-02 1.7882797e-05
335 -0.75 7.649160532031e-02 8.1566682e-06
336 -0.75 6.515839333364e-02 1.5246195e-05
337 -0.75 6.713617769409e-02 1.0455267e-05
338 -0.75 6.930545888135e-02 1.4226129e-05
339 -0.75 6.813582931572e-02 7.5805270e-07
340 -0.75 6.961430099171e-02 1.1513531e-05
341 -0.75 6.891649734074e-02 9.0383171e-06
342 -0.75 7.458408030100e-02 9.6577748e-06
343 -0.75 7.098897994664e-02 1.8461133e-05
344 -0.75 6.975079787636e-02 7.2217736e-06
345 -0.75 6.596278119022e-02 1.5218323e-05
346 -0.75 7.165128506777e-02 1.8853019e-06
347 -0.75 6.349056294764e-02 1.0562297e-05
348 -0.75 7.295435012054e-02 1.9312526e-05
349 -0.75 6.941305353181e-02 6.9954896e-06
350 -0.75 7.057574399356e-02 6.6297233e-06
351 -0.75 6.873479210640e-02 9.1553413e-06
352 -0.75 6.996642780202e-02 7.9221077e-06
353 -0.75 7.779014464330e-02 1.3582201e-05
354 -0.75 6.869306759756e-02 4.6160599e-06
355 -0.75 7.454631694434e-02 1.0087283e-05
356 -0.75 7.408915949018e-02 2.9755543e-06
357 -0.75 7.651570926400e-02 2.6814840e-05
358 -0.75 7.211257222797e-02 1.1709050e-05
359 -0.75 6.784526314335e-02 8.2941369e-06
360 -0.75 6.467323527635e-02 2.2651167e-05
361 -0.75 6.710907217123e-02 7.5141436e-06
362 -0.75 7.056528544222e-02 1.1894379e-05
363 -0.75 7.443407796791e-02 1.7263228e-05
364 -0.75 7.670827252955e-02 7.8542908e-06
365 -0.75 7.468232156338e-02 1.7724512e-05
366 -0.75 7.702974530955e-02 1.0347416e-05
367 -0.75 6.496289295566e-02 1.1265564e-05
368 -0.75 7.243448004592e-02 4.3227567e-06
369 -0.75 7.592659013035e-02 1.4316156e-05
370 -0.75 7.278514789273e-02 7.8746989e-06
371 -0.75 6.704789812682e-02 1.7361876e-05
372 -0.75 6.454197315992e-02 3.8471965e-06
373 -0.75 7.664517879171e-02 7.6822209e-06
374 -0.75 7.195657909414e-02 9.0881950e-06
375 -0.75 7.138296714437e-02 9.2235026e-06
376 -0.75 7.680725419074e-02 1.2403257e-05
377 -0.75 6.732322181950e-02 9.7914115e-06
378 -0.75 7.628885287955e-02 1.8751890e-05
379 -0.75 6.914855365593e-02 2.3480467e-05
380 -0.75 6.621551431366e-02 1.2777389e-05
381 -0.75 7.315773782675e-02 2.1117083e-05
382 -0.75 7.891148155308e-02 1.5113542e-05
383 -0.75 6.518836836520e-02 5.4130850e-06
384 -0.75 7.390094190063e-02 6.4500456e-06
385 -0.75 6.855445911067e-02 1.0996848e-05
386 -0.75 6.848495337946e-02 5.3069578e-06
387 -0.75 6.685695603056e-02 1.1316076e-05
388 -0.75 6.555263339422e-02 6.2183802e-06
389 -0.75 7.661693339027e-02 7.8761429e-06
390 -0.75 6.627630625476e-02 1.4196821e-05
391 -0.75 7.353555184024e-02 1.1179314e-05
392 -0.75 7.678430107872e-02 7.5164104e-06
393 -0.75 7.035284830077e-02 6.6221808e-06
394 -0.75 7.277974420985e-02 1.4782961e-05
395 -0.75 6.817501912223e-02 1.4977073e-05
396 -0.75 7.664586919579e-02 1.9289109e-05
397 -0.75 6.670415333851e-02 1.1768306e-05
398 -0.75 7.509046679085e-02 1.6815228e-05
399 -0.75 7.225656825880e-02 2.3753137e-05
400 -0.75 6.871843968795e-02 1.5467058e-05
401 -0.75 7.453470299609e-02 5.1027530e-06
402 -0.75 6.820173525510e-02 1.0881437e-05
403 -0.75 8.237454591372e-02 1.4046710e-05
404 -0.75 7.142594365198e-02 1.7259752e-05
405 -0.75 7.291472546596e-02 1.5545694e-05
406 -0.75 7.663039390056e-02 1.5532504e-05
407 -0.75 7.635476306320e-02 1.1002249e-05
408 -0.75 7.936817453511e-02 8.7394568e-06
409 -0.75 7.196961785429e-02 1.5062780e-05
410 -0.75 6.631200606168e-02 7.0715145e-06
411 -0.75 6.608487635320e-02 1.3007282e-05
412 -0.75 7.120777087175e-02 4.3195154e-06
413 -0.75 7.086958960759e-02 1.1346893e-05
414 -0.75 6.802281779365e-02 9.0802483e-06
415 -0.75 7.763409864920e-02 9.6963539e-06
416 -0.75 7.023017601346e-02 7.3118859e-06
417 -0.75 6.993422377979e-02 1.5341343e-05
418 -0.75 7.287627909469e-02 3.8909404e-06
419 -0.75 7.020829556936e-02 4.6452120e-06
420 -0.75 7.025655388209e-02 9.0732546e-06
421 -0.75 7.660277244898e-02 5.0379349e-06
422 -0.75 7.698881710032e-02 1.2812383e-05
423 -0.75 7.910246997477e-02 5.3303132e-06
424 -0.75 6.831105217023e-02 1.2206901e-05
425 -0.75 7.038160105114e-02 1.6259512e-05
426 -0.75 7.387920740388e-02 2.0390288e-05
427 -0.75 7.447022233752e-02 1.7281882e-05
428 -0.75 6.688890750525e-02 1.7356004e-05
429 -0.75 7.992431859096e-02 9.3128247e-06
430 -0.75 7.686591965049e-02 9.0870202e-06
431 -0.75 7.111336633587e-02 3.8266747e-06
432 -0.75 6.679458536394e-02 4.7802785e-06
433 -0.75 7.039225798645e-02 3.8835567e-06
434 -0.75 6.626165303804e-02 6.6450377e-06
435 -0.75 8.049511051318e-02 1.9636265e-05
436 -0.75 6.735140726957e-02 2.2892665e-05
437 -0.75 6.996942318586e-02 1.5666754e-05
438 -0.75 7.046519934787e-02 6.5839684e-06
439 -0.75 6.169804502378e-02 1.4873599e-05
440 -0.75 6.693545670488e-02 1.0061432e-05
441 -0.75 7.282555495975e-02 1.9920482e-05
442 -0.75 7.951342183355e-02 1.7293762e-05
443 -0.75 6.162027933754e-02 7.3048559e-06
444 -0.75 7.131406164452e-02 7.0786945e-06
445 -0.75 7.502090235948e-02 1.1002042e-05
446 -0.75 7.125390173620e-02 6.0967530e-06
447 -0.75 6.721121314741e-02 4.3267720e-06
448 -0.75 6.978139153183e-02 8.1243237e-06
449 -0.75 6.614860151742e-02 1.2206278e-05
450 -0.75 7.330132394325e-02 9.8942051e-06
451 -0.75 7.536739249509e-02 1.3333633e-05
452 -0.75 7.557559345553e-02 1.9828778e-05
453 -0.75 6.930857492192e-02 9.6125976e-06
454 -0.75 7.957039990935e-02 1.4959064e-05
455 -0.75 6.285564750807e-02 1.3570641e-05
456 -0.75 7.487968261900e-02 5.4817811e-06
457 -0.75 7.135603548210e-02 1.6781182e-05
458 -0.75 6.692368081292e-02 1.4967393e-05
459 -0.75 6.960387182060e-02 2.0261774e-05
460 -0.75 7.515782219005e-02 8.2918458e-06
461 -0.75 7.337582823920e-02 2.4022369e-05
462 -0.75 6.995498161020e-02 4.1428564e-06
463 -0.75 6.375725979516e-02 5.8000907e-06
464 -0.75 7.770412636923e-02 1.0365358e-05
465 -0.75 6.752504872376e-02 1.0226762e-05
466 -0.75 6.614685778693e-02 7.7114571e-06
467 -0.75 7.188318420201e-02 1.6089299e-05
468 -0.75 7.894868871741e-02 1.1452471e-05
469 -0.75 7.338378567550e-02 1.3077785e-05
470 -0.75 6.774383834156e-02 8.9914791e-06
471 -0.75 7.140035765145e-02 2.9530826e-05
472 -0.75 6.799118321488e-02 2.3315269e-06
473 -0.75 7.183102809714e-02 7.2666401e-06
474 -0.75 6.604007645133e-02 4.5569229e-06
475 -0.75 6.875365523981e-02 2.4734718e-05
476 -0.75 7.235858954494e-02 6.6760339e-06
477 -0.75 7.818524244163e-02 3.1722011e-06
478 -0.75 7.242507082652e-02 1.1747683e-05
479 -0.75 7.155490265401e-02 1.4620827e-05
480 -0.75 6.450154886370e-02 1.4471755e-05
481 -0.75 6.827092760018e-02 9.0542243e-06
482 -0.75 7.302549369532e-02 2.2031073e-05
483 -0.75 6.755010492752e-02 8.6969682e-06
484 -0.75 6.707470700179e-02 7.2881933e-06
485 -0.75 6.746584804240e-02 5.5818015e-06
486 -0.75 7.439153210484e-02 1.2799663e-05
487 -0.75 7.019420067872e-02 1.3476966e-05
488 -0.75 6.552086587672e-02 1.3022552e-05
489 -0.75 7.002946201415e-02 1.1053389e-05
490 -0.75 6.098182210280e-02 1.2664765e-05
491 -0.75 7.240215555502e-02 8.9943669e-06
492 -0.75 6.825459959980e-02 5.9172903e-06
493 -0.75 6.771703169785e-02 5.0562273e-06
494 -0.75 6.793464552075e-02 1.0910903e-05
495 -0.75 7.338831737201e-02 2.1862432e-05
496 -0.75 6.925037678627e-02 8.3724909e-06
497 -0.75 7.167245234710e-02 9.5464732e-06
498 -0.75 6.450813143486e-02 1.9147814e-05
499 -0.75 7.316954454721e-02 1.7966283e-05
500 -0.75 6.943014999707e-02 5.6041692e-06
1 -0.50 6.868769476135e-02 1.9901197e-05
2 -0.50 7.018277524826e-02 1.1270851e-05
3 -0.50 6.797170775386e-02 6.5372854e-06
4 -0.50 7.296872837368e-02 8.7729227e-06
5 -0.50 7.141345677354e-02 1.4017466e-05
6 -0.50 6.989274456668e-02 1.8457750e-05
7 -0.50 7.254171476376e-02 4.5603639e-06
8 -0.50 7.063956779198e-02 1.5825218e-05
9 -0.50 6.947545504003e-02 1.7775026e-05
10 -0.50 6.522387938766e-02 5.0467905e-06
11 -0.50 6.786315841147e-02 1.2920347e-05
12 -0.50 6.826371946872e-02 1.1190517e-05
13 -0.50 6.651638267114e-02 4.9074262e-06
14 -0.50 7.318569995802e-02 1.3081932e-05
15 -0.50 6.838943597657e-02 7.5972516e-06
16 -0.50 6.914478245610e-02 4.2339154e-06
17 -0.50 7.048233109902e-02 9.3650515e-06
18 -0.50 6.638392225415e-02 1.0958013e-05
19 -0.50 6.910157229415e-02 1.1128338e-05
20 -0.50 6.496716697232e-02 7.4930008e-06
21 -0.50 7.429471726350e-02 1.7626358e-05
22 -0.50 6.342774137786e-02 1.5014862e-05
23 -0.50 6.858490373561e-02 9.2156024e-06
24 -0.50 7.170242834171e-02 1.7428808e-05
25 -0.50 6.929162365327e-02 1.2448343e-05
26 -0.50 7.002137018581e-02 9.5207357e-06
27 -0.50 6.898562769819e-02 9.6253325e-06
28 -0.50 6.799794675052e-02 3.7556902e-06
29 -0.50 6.653287553637e-02 1.4914695e-05
30 -0.50 6.832568932476e-02 1.6256424e-05
31 -0.50 6.574039988632e-02 2.3260303e-05
32 -0.50 6.969774089012e-02 1.7251552e-05
33 -0.50 6.926265273296e-02 9.1068625e-06
34 -0.50 7.068972231579e-02 5.8763548e-06
35 -0.50 6.567707783136e-02 7.3868971e-06
36 -0.50 7.137561732856e-02 7.2124378e-06
37 -0.50 7.075871996042e-02 9.3859480e-06
38 -0.50 7.617241157287e-02 1.1795753e-05
39 -0.50 6.403055323200e-02 6.8965231e-06
40 -0.50 6.740466846731e-02 1.9275842e-05
41 -0.50 7.294422903035e-02 2.5531352e-05
42 -0.50 6.380220535169e-02 9.9390663e-06
43 -0.50 6.850661477527e-02 1.1249630e-05
44 -0.50 6.807787197951e-02 7.1030453e-06
45 -0.50 7.236941999748e-02 9.5127413e-06
46 -0.50 7.043175051258e-02 6.8214838e-06
47 -0.50 7.389447923577e-02 1.3405746e-05
48 -0.50 6.965243627986e-02 1.4370597e-05
49 -0.50 7.043159796969e-02 1.1434248e-05
50 -0.50 7.205742668772e-02 7.8442233e-06
51 -0.50 7.406398206406e-02 5.0960789e-06
52 -0.50 6.521517834378e-02 6.3506246e-06
53 -0.50 7.433484789949e-02 7.1684078e-06
54 -0.50 7.806351257174e-02 1.7004319e-05
55 -0.50 6.996371599796e-02 1.8604771e-05
56 -0.50 6.656049323276e-02 8.5084830e-06
57 -0.50 6.697758870136e-02 1.1316451e-05
58 -0.50 6.743708685673e-02 8.9902500e-06
59 -0.50 7.233985631289e-02 7.8744972e-06
60 -0.50 7.225081673041e-02 8.4694084e-06
61 -0.50 7.250870623193e-02 1.7027301e-05
62 -0.50 7.478808449985e-02 1.4019054e-05
63 -0.50 7.667906541996e-02 9.7571129e-06
64 -0.50 6.538115248375e-02 7.7679002e-06
65 -0.50 7.645947931411e-02 1.2406451e-05
66 -0.50 7.098516678422e-02 8.9557140e-06
67 -0.50 6.757067538152e-02 2.4387746e-05
68 -0.50 7.171611955465e-02 1.7289291e-05
69 -0.50 6.920254565907e-02 2.1004511e-05
70 -0.50 7.079977971116e-02 1.5129596e-06
71 -0.50 6.958916231452e-02 1.0275745e-05
72 -0.50 6.892470739066e-02 1.1364836e-05
73 -0.50 7.085604214918e-02 1.4814537e-05
74 -0.50 6.706525262580e-02 3.6471012e-06
75 -0.50 7.006395492612e-02 7.9658018e-06
76 -0.50 7.459666413054e-02 1.9132869e-05
77 -0.50 6.819606476218e-02 5.6369888e-06
78 -0.50 6.313361163582e-02 4.5630430e-06
79 -0.50 6.834447118557e-02 7.5141821e-06
80 -0.50 6.849851567806e-02 6.1145267e-06
81 -0.50 7.141448503350e-02 1.9148009e-05
82 -0.50 6.649629453060e-02 2.4968635e-05
83 -0.50 6.720365618204e-02 1.3730561e-05
84 -0.50 6.514770166855e-02 5.5552038e-06
85 -0.50 6.788574169012e-02 1.4361005e-05
86 -0.50 7.771875593913e-02 2.0523916e-05
87 -0.50 6.957847807246e-02 2.0884273e-06
88 -0.50 6.448831858905e-02 2.8802583e-06
89 -0.50 6.954752830870e-02 9.1553674e-06
90 -0.50 7.431131892070e-02 2.4436091e-05
91 -0.50 5.953021034191e-02 1.3319691e-05
92 -0.50 6.946355529668e-02 2.0971420e-05
93 -0.50 6.758928425596e-02 1.6362658e-05
94 -0.50 7.334428149048e-02 1.3019237e-05
95 -0.50 6.910230977652e-02 3.6713310e-06
96 -0.50 7.363004939939e-02 8.6990024e-06
97 -0.50 6.975849977986e-02 8.0404316e-06
98 -0.50 7.063559634713e-02 1.1878778e-05
99 -0.50 7.159066376854e-02 2.1083911e-05
100 -0.50 6.496677319055e-02 7.5598429e-06
101 -0.50 7.929632040125e-02 2.8669207e-05
102 -0.50 7.648202446949e-02 2.6111279e-05
103 -0.50 7.050518664049e-02 1.8441598e-05
104 -0.50 6.847794741479e-02 1.5354708e-05
105 -0.50 6.881352112362e-02 9.4607546e-06
106 -0.50 7.541148232117e-02 1.5044840e-05
107 -0.50 7.136256087508e-02 1.4603342e-05
108 -0.50 7.656592414166e-02 1.2992276e-05
109 -0.50 6.714973062058e-02 8.0542543e-06
110 -0.50 7.215277204191e-02 1.3387193e-05
111 -0.50 6.951201851407e-02 1.3853212e-05
112 -0.50 6.571894996425e-02 1.1633820e-05
113 -0.50 6.844820437298e-02 7.5331259e-06
114 -0.50 7.424563544656e-02 1.0203956e-05
115 -0.50 6.797002595902e-02 8.2053492e-06
116 -0.50 6.999882138080e-02 6.2571875e-06
117 -0.50 6.846429395667e-02 9.5079408e-06
118 -0.50 7.168567979586e-02 2.3300803e-05
119 -0.50 6.578737577291e-02 9.7276303e-06
120 -0.50 7.925974251115e-02 2.5173287e-05
121 -0.50 7.164160799366e-02 1.3411558e-05
122 -0.50 7.099383761751e-02 2.1574441e-05
123 -0.50 6.574914746742e-02 8.9846033e-06
124 -0.50 6.580716988723e-02 7.6377983e-06
125 -0.50 6.773546893701e-02 9.9756265e-06
126 -0.50 7.658073706489e-02 1.7251926e-05
127 -0.50 6.284782645203e-02 1.6718480e-05
128 -0.50 7.195424439296e-02 1.5054542e-05
129 -0.50 7.012589611734e-02 9.2799623e-06
130 -0.50 7.555989036054e-02 2.2997309e-05
131 -0.50 6.682779599278e-02 1.0728211e-05
132 -0.50 8.081532244010e-02 1.0101687e-05
133 -0.50 7.134164269454e-02 1.2690267e-05
134 -0.50 7.193714658424e-02 8.4785792e-06
135 -0.50 7.359038023208e-02 1.3782142e-05
136 -0.50 7.241878776375e-02 1.5510340e-05
137 -0.50 6.725430555583e-02 9.8090537e-06
138 -0.50 7.047954767525e-02 1.7960733e-05
139 -0.50 6.424274274467e-02 4.7054141e-06
140 -0.50 6.055125198428e-02 1.0376352e-05
141 -0.50 7.217034733137e-02 1.8983524e-05
142 -0.50 6.235482955072e-02 9.3991902e-06
143 -0.50 6.318005103034e-02 8.1773786e-06
144 -0.50 7.578263774166e-02 2.1297324e-05
145 -0.50 7.532718031927e-02 1.6910607e-05
146 -0.50 6.743984577963e-02 7.0863941e-06
147 -0.50 7.675783853969e-02 6.4589382e-06
148 -0.50 6.793322245669e-02 1.2114973e-05
149 -0.50 7.254558723020e-02 1.1939637e-05
150 -0.50 7.483158705458e-02 2.4405850e-05
151 -0.50 7.001436554365e-02 1.0976703e-05
152 -0.50 6.732709896783e-02 4.9597530e-06
153 -0.50 6.405397757471e-02 6.8660294e-06
154 -0.50 7.799976741608e-02 1.0168115e-05
155 -0.50 6.408894315953e-02 1.4720338e-05
156 -0.50 6.915211146454e-02 1.3926219e-05
157 -0.50 7.486450410581e-02 1.3053272e-05
158 -0.50 6.514213670764e-02 7.2750165e-06
159 -0.50 6.861923388338e-02 8.2537229e-06
160 -0.50 6.321293271499e-02 7.6833506e-06
161 -0.50 6.826215906440e-02 1.9385082e-05
162 -0.50 6.173337190676e-02 1.2783246e-05
163 -0.50 7.027471616368e-02 7.7277541e-06
164 -0.50 7.129288979154e-02 7.6003197e-06
165 -0.50 7.347185821069e-02 3.2217321e-05
166 -0.50 6.970885696261e-02 1.2445293e-05
167 -0.50 6.716250844075e-02 1.4238321e-05
168 -0.50 7.633954587542e-02 2.6605234e-05
169 -0.50 6.399526736758e-02 5.2496526e-06
170 -0.50 6.606920536673e-02 1.6370512e-05
171 -0.50 6.259053615970e-02 1.0842992e-05
172 -0.50 6.850468797035e-02 2.1745060e-05
173 -0.50 6.897453421128e-02 1.3009807e-05
174 -0.50 6.640548240202e-02 4.1578204e-06
175 -0.50 6.918853197120e-02 1.2551791e-05
176 -0.50 7.363110016397e-02 1.6311157e-05
177 -0.50 7.160315281527e-02 1.1542876e-05
178 -0.50 7.162219327496e-02 6.6365980e-06
179 -0.50 6.263741596326e-02 5.6802906e-06
180 -0.50 6.561691225082e-02 8.7441064e-06
181 -0.50 6.883123165399e-02 5.8308670e-06
182 -0.50 6.822441223753e-02 1.7943190e-05
183 -0.50 7.253669571302e-02 1.8127213e-05
184 -0.50 6.988114945750e-02 1.0285122e-05
185 -0.50 6.324829378931e-02 1.3271373e-05
186 -0.50 6.914095181581e-02 1.3085642e-05
187 -0.50 7.414948813779e-02 1.9127974e-05
188 -0.50 6.789372482350e-02 5.7502039e-06
189 -0.50 6.662405716567e-02 1.1724047e-05
190 -0.50 7.162804066949e-02 2.3345054e-05
191 -0.50 6.609649949399e-02 7.9782218e-06
192 -0.50 7.927793323225e-02 1.3159280e-05
193 -0.50 6.374811453644e-02 1.0274097e-05
194 -0.50 7.248554899836e-02 9.3934089e-06
195 -0.50 6.746458107482e-02 1.1566724e-05
196 -0.50 6.736221686222e-02 1.3991549e-05
197 -0.50 7.566213196118e-02 9.8780130e-06
198 -0.50 6.580905908498e-02 5.3914821e-06
199 -0.50 6.797463991822e-02 5.4767678e-06
200 -0.50 7.182694702650e-02 1.1419709e-05
201 -0.50 7.393821495712e-02 1.8638460e-05
202 -0.50 6.720930899898e-02 1.1321310e-05
203 -0.50 7.118024353411e-02 1.4519163e-05
204 -0.50 7.125558938122e-02 1.2997870e-05
205 -0.50 7.205915336580e-02 1.3353688e-05
206 -0.50 6.551791701475e-02 1.3934598e-05
207 -0.50 6.046263716560e-02 8.4517526e-06
208 -0.50 6.833248461791e-02 1.1750007e-05
209 -0.50 6.851886703511e-02 2.2614248e-05
210 -0.50 7.393229441701e-02 7.3471970e-06
211 -0.50 7.126906304036e-02 1.4193593e-05
212 -0.50 6.729716630136e-02 7.4285825e-06
213 -0.50 6.435992409293e-02 2.3127367e-06
214 -0.50 7.032989279648e-02 9.8266264e-06
215 -0.50 6.473927558793e-02 9.9462110e-06
216 -0.50 7.675282207065e-02 5.5829778e-06
217 -0.50 6.708255577309e-02 3.5314286e-06
218 -0.50 7.109926620272e-02 1.1500160e-05
219 -0.50 8.489793119977e-02 1.4700838e-05
220 -0.50 8.447405139193e-02 1.1955718e-05
221 -0.50 6.956781765468e-02 1.5232530e-05
222 -0.50 6.722051052289e-02 9.7667294e-06
223 -0.50 7.550049522843e-02 1.5007945e-05
224 -0.50 6.339454553845e-02 1.1207650e-05
225 -0.50 7.602785393932e-02 8.1509913e-06
226 -0.50 7.466892516645e-02 6.6811835e-06
227 -0.50 7.075153232008e-02 7.5302137e-06
228 -0.50 7.220507510943e-02 1.2908054e-05
229 -0.50 7.245942839918e-02 7.3194706e-06
230 -0.50 6.997231582463e-02 7.9830820e-06
231 -0.50 6.996826530792e-02 9.2939232e-06
232 -0.50 6.318177341288e-02 5.7057197e-06
233 -0.50 7.048175821391e-02 1.4672817e-05
234 -0.50 6.355545877537e-02 1.3284513e-05
235 -0.50 7.238883718309e-02 1.8159267e-05
236 -0.50 7.113231988954e-02 1.8134928e-05
237 -0.50 6.121367735351e-02 1.2105310e-05
238 -0.50 6.969914121660e-02 2.9679098e-05
239 -0.50 7.016095188982e-02 1.2690084e-05
240 -0.50 7.809485906341e-02 2.8975856e-05
241 -0.50 7.668873883961e-02 7.7468724e-06
242 -0.50 7.045014771334e-02 3.6324325e-05
243 -0.50 7.387393099552e-02 1.4051545e-05
244 -0.50 7.038638281874e-02 8.7058725e-06
245 -0.50 6.729654623821e-02 9.6349554e-06
246 -0.50 7.415286475097e-02 1.1253548e-05
247 -0.50 6.720841889950e-02 1.4261732e-05
248 -0.50 7.540857180008e-02 1.0363151e-05
249 -0.50 7.323556585891e-02 1.0452143e-05
250 -0.50 6.941300487190e-02 4.2493851e-06
251 -0.50 6.896932431100e-02 3.5534085e-06
252 -0.50 7.520889421870e-02 1.0128575e-05
253 -0.50 7.115959497938e-02 4.9222971e-06
254 -0.50 7.686873508300e-02 3.1314929e-05
255 -0.50 6.652380513912e-02 1.1190949e-05
256 -0.50 6.954791930534e-02 1.8924887e-05
257 -0.50 6.628030953404e-02 1.6192534e-05
258 -0.50 6.631572868694e-02 1.4894789e-05
259 -0.50 7.416574247254e-02 2.5087520e-05
260 -0.50 6.234062897608e-02 3.8833707e-06
261 -0.50 6.866302457412e-02 1.3610310e-05
262 -0.50 6.403704240676e-02 7.4558005e-06
263 -0.50 7.296043245078e-02 1.1513393e-05
264 -0.50 6.536207063030e-02 1.4940167e-05
265 -0.50 6.459195316631e-02 5.4878205e-06
266 -0.50 7.425287215081e-02 1.4640246e-05
267 -0.50 6.298835189531e-02 1.6777255e-05
268 -0.50 6.847622685213e-02 1.0457258e-05
269 -0.50 6.851118215219e-02 5.6229116e-06
270 -0.50 6.805006491009e-02 1.4311870e-05
271 -0.50 6.731223586941e-02 1.7085073e-05
272 -0.50 6.225747474618e-02 1.3414867e-05
273 -0.50 6.776876503836e-02 9.4902172e-06
274 -0.50 6.872099846409e-02 1.2571705e-05
275 -0.50 6.569426747643e-02 1.1640430e-05
276 -0.50 7.420722471181e-02 6.7896360e-06
277 -0.50 6.700091982750e-02 1.9457090e-05
278 -0.50 7.433328953475e-02 1.1017749e-05
279 -0.50 6.717627615529e-02 2.0439331e-05
280 -0.50 7.205048366833e-02 2.1291770e-05
281 -0.50 7.184971831454e-02 1.7589389e-05
282 -0.50 7.478351766259e-02 1.1404534e-05
283 -0.50 6.566088301597e-02 9.8181791e-06
284 -0.50 6.535843240668e-02 2.0783014e-05
285 -0.50 7.663483862472e-02 1.1776979e-05
286 -0.50 7.330014382189e-02 1.6611526e-05
287 -0.50 6.981578436120e-02 1.3847688e-05
288 -0.50 7.592822974842e-02 6.9713118e-06
289 -0.50 7.290464206862e-02 8.2986888e-06
290 -0.50 7.390755999297e-02 1.5033264e-05
291 -0.50 8.027219451946e-02 3.4486360e-05
292 -0.50 7.187206687143e-02 1.1001892e-05
293 -0.50 6.557322768308e-02 5.6942215e-06
294 -0.50 7.499593411454e-02 9.0427056e-06
295 -0.50 8.205187046668e-02 2.8111089e-05
296 -0.50 7.037282633312e-02 8.3000224e-06
297 -0.50 6.796274835039e-02 2.0119165e-05
298 -0.50 7.120943467832e-02 1.3417759e-05
299 -0.50 7.465027509084e-02 2.2409857e-05
300 -0.50 7.615587758980e-02 2.1945520e-05
301 -0.50 7.144989929187e-02 6.1798333e-06
302 -0.50 7.351837216992e-02 1.0924549e-05
303 -0.50 7.034621985848e-02 1.1608455e-05
304 -0.50 7.213433698507e-02 2.1639402e-05
305 -0.50 6.908846359711e-02 1.5350527e-05
306 -0.50 6.688674475098e-02 4.2298446e-06
307 -0.50 6.908025064317e-02 4.8110082e-06
308 -0.50 6.684463094053e-02 1.2234661e-05
309 -0.50 6.724154423454e-02 4.7766185e-06
310 -0.50 7.509888554604e-02 8.6761142e-06
311 -0.50 6.830549407013e-02 5.0467943e-06
312 -0.50 7.182387657136e-02 1.9133421e-05
313 -0.50 8.050221790436e-02 2.4998559e-05
314 -0.50 6.934683223189e-02 1.9360051e-05
315 -0.50 7.113455025247e-02 1.3667828e-05
316 -0.50 7.779352300572e-02 1.8907012e-05
317 -0.50 7.221179256539e-02 1.1295946e-05
318 -0.50 6.979044085713e-02 1.2571089e-05
319 -0.50 7.830385853777e-02 1.7017540e-05
320 -0.50 7.031571402063e-02 9.8072120e-06
321 -0.50 7.184798892670e-02 1.8050297e-05
322 -0.50 7.661262288136e-02 8.5705343e-06
323 -0.50 7.183372195062e-02 8.7480312e-06
324 -0.50 6.800738635340e-02 1.1376168e-05
325 -0.50 7.960194968395e-02 1.0866046e-05
326 -0.50 7.087959266816e-02 1.3754629e-05
327 -0.50 6.524547953172e-02 1.4774851e-05
328 -0.50 7.299084721061e-02 1.6192587e-05
329 -0.50 6.224722274499e-02 1.7557147e-05
330 -0.50 7.420589950501e-02 1.6900858e-05
331 -0.50 8.082892281491e-02 1.2970210e-05
332 -0.50 6.849910566855e-02 1.5195930e-05
333 -0.50 6.972299669069e-02 1.0593880e-05
334 -0.50 6.363079143873e-02 1.0476552e-05
335 -0.50 7.615279468098e-02 1.3018920e-05
336 -0.50 6.488142564833e-02 1.0382816e-05
337 -0.50 6.595228587058e-02 4.6226875e-06
338 -0.50 7.122099378160e-02 1.2518577e-05
339 -0.50 6.786452302575e-02 8.1383534e-06
340 -0.50 6.925111042511e-02 1.7812104e-05
341 -0.50 6.855427807136e-02 2.7721805e-06
342 -0.50 7.087625847296e-02 1.0107159e-05
343 -0.50 7.353190925791e-02 2.0914740e-05
344 -0.50 7.069512076981e-02 9.5133178e-06
345 -0.50 6.562762431105e-02 4.7265262e-06
346 -0.50 7.042057464205e-02 5.9557822e-06
347 -0.50 6.515907192869e-02 1.8126448e-05
348 -0.50 7.172063609837e-02 7.0818102e-06
349 -0.50 7.108236281023e-02 9.7451587e-06
350 -0.50 6.925282207375e-02 7.8319801e-06
351 -0.50 6.882695285029e-02 1.4172961e-05
352 -0.50 6.987749673189e-02 4.9648375e-06
353 -0.50 7.729454828116e-02 2.0287447e-05
354 -0.50 6.785356434493e-02 1.5594368e-05
355 -0.50 7.357345020262e-02 6.9916089e-06
356 -0.50 7.302928425231e-02 7.4847207e-06
357 -0.50 7.347175263155e-02 4.1983594e-06
358 -0.50 7.031889853008e-02 1.1862883e-05
359 -0.50 6.595369161099e-02 9.3124445e-06
360 -0.50 6.345048828154e-02 6.1564902e-06
361 -0.50 6.754421492005e-02 1.7319801e-05
362 -0.50 6.943216877259e-02 4.9674090e-06
363 -0.50 7.351658083373e-02 1.1696221e-05
364 -0.50 7.600398513857e-02 9.9547798e-06
365 -0.50 7.531354590493e-02 1.0652749e-05
366 -0.50 7.755933505573e-02 3.2711232e-05
367 -0.50 6.235252060202e-02 4.9149894e-06
368 -0.50 7.298266726232e-02 9.1850207e-06
369 -0.50 7.214239059493e-02 5.7850715e-06
370 -0.50 7.078695190715e-02 6.5440919e-06
371 -0.50 6.568715678117e-02 9.3482346e-06
372 -0.50 6.358730765546e-02 3.1205889e-06
373 -0.50 7.619187091982e-02 7.4705437e-06
374 -0.50 7.430080767375e-02 2.4472990e-05
375 -0.50 7.103324666231e-02 2.1308951e-05
376 -0.50 7.461510963772e-02 4.8730714e-06
377 -0.50 6.516538968973e-02 1.5875278e-05
378 -0.50 7.579731010694e-02 5.0826825e-06
379 -0.50 6.571565448221e-02 4.9966099e-06
380 -0.50 6.684380772719e-02 2.0829598e-05
381 -0.50 7.043914186053e-02 9.9967942e-06
382 -0.50 7.798271523346e-02 1.3852790e-05
383 -0.50 6.575762596600e-02 7.5710567e-06
384 -0.50 7.269104924774e-02 3.2949337e-05
385 -0.50 6.599070659608e-02 1.1363698e-05
386 -0.50 7.043032997469e-02 4.2852562e-06
387 -0.50 6.685676817563e-02 1.3790456e-05
388 -0.50 6.483708732378e-02 5.5542176e-06
389 -0.50 7.594765668101e-02 1.2209143e-05
390 -0.50 6.663502176517e-02 1.8237345e-05
391 -0.50 7.030449955462e-02 6.6083980e-06
392 -0.50 7.422043280039e-02 2.5535741e-05
393 -0.50 6.932488587944e-02 5.6640308e-06
394 -0.50 7.046155355337e-02 8.7674298e-06
395 -0.50 6.391913737096e-02 7.2780064e-06
396 -0.50 7.463398594772e-02 1.3121574e-05
397 -0.50 6.186768897086e-02 6.7211226e-06
398 -0.50 7.468806514194e-02 2.9299954e-05
399 -0.50 6.873371528827e-02 1.4848440e-05
400 -0.50 6.953357877958e-02 1.0241248e-05
401 -0.50 7.337008808794e-02 5.0218322e-06
402 -0.50 6.857001545115e-02 7.1394688e-06
403 -0.50 8.121211890970e-02 1.1377555e-05
404 -0.50 7.159279675538e-02 3.2182056e-05
405 -0.50 7.314273927817e-02 1.5643198e-05
406 -0.50 7.272013612759e-02 3.5066624e-06
407 -0.50 7.526357309931e-02 5.2151813e-06
408 -0.50 7.956563364113e-02 9.2638954e-06
409 -0.50 6.818653078923e-02 1.0342008e-05
410 -0.50 6.308238255357e-02 1.0140059e-05
411 -0.50 6.670220220776e-02 1.2470063e-05
412 -0.50 7.033482179420e-02 1.5605740e-05
413 -0.50 7.028748298695e-02 9.5334930e-06
414 -0.50 7.033427413851e-02 1.9451537e-05
415 -0.50 7.574903198021e-02 1.1562721e-05
416 -0.50 7.064455976445e-02 1.4247660e-05
417 -0.50 6.909654772154e-02 2.3175989e-05
418 -0.50 6.883295948713e-02 5.9631109e-06
419 -0.50 6.862598250852e-02 1.2272068e-05
420 -0.50 7.094903998640e-02 8.9042634e-06
421 -0.50 7.497419758621e-02 1.0407636e-05
422 -0.50 7.378018512034e-02 8.1511720e-06
423 -0.50 7.752492099612e-02 1.9995169e-05
424 -0.50 6.946798682678e-02 1.7484044e-05
425 -0.50 6.520691272340e-02 1.3726416e-05
426 -0.50 7.206912101335e-02 2.4383936e-06
427 -0.50 7.563807800912e-02 1.2730847e-05
428 -0.50 6.603712002782e-02 6.9496536e-06
429 -0.50 7.891868407880e-02 3.8795414e-06
430 -0.50 7.668263557331e-02 1.2275568e-05
431 -0.50 7.107270589725e-02 1.7946283e-05
432 -0.50 7.075270807581e-02 9.5344133e-06
433 -0.50 7.058036622048e-02 1.6038771e-05
434 -0.50 6.471487563754e-02 2.9181465e-06
435 -0.50 8.113543284260e-02 7.1577750e-06
436 -0.50 6.586674768761e-02 5.6425775e-06
437 -0.50 7.023071037602e-02 2.7902711e-05
438 -0.50 6.818430411933e-02 1.6711495e-05
439 -0.50 6.346105081161e-02 5.6608349e-06
440 -0.50 6.674402577532e-02 8.1847399e-06
441 -0.50 7.203868909343e-02 1.1890400e-05
442 -0.50 7.710812318866e-02 1.2892438e-05
443 -0.50 6.329460435964e-02 7.2281551e-06
444 -0.50 6.925497742305e-02 1.5287327e-05
445 -0.50 7.181663398789e-02 1.0777268e-05
446 -0.50 6.921653626600e-02 1.0907112e-05
447 -0.50 6.847137319267e-02 1.8166979e-05
448 -0.50 6.777192760697e-02 4.8827883e-06
449 -0.50 6.312867531039e-02 7.8136854e-06
450 -0.50 7.189463972706e-02 1.0085441e-05
451 -0.50 7.623027052432e-02 1.4206921e-05
452 -0.50 7.648853197315e-02 1.1137165e-05
453 -0.50 7.174842619071e-02 5.6617671e-06
454 -0.50 7.638336361592e-02 1.5023799e-05
455 -0.50 6.073522078046e-02 9.9361441e-06
456 -0.50 7.323686508262e-02 1.8781974e-05
457 -0.50 6.749302024595e-02 8.3045182e-06
458 -0.50 6.614997649895e-02 8.0319963e-06
459 -0.50 6.881661703114e-02 1.5330605e-05
460 -0.50 7.579970957803e-02 5.0166283e-06
461 -0.50 7.105328359040e-02 1.2468212e-05
462 -0.50 6.856599707538e-02 1.9998149e-05
463 -0.50 6.495974818949e-02 2.3994084e-06
464 -0.50 7.498439661139e-02 1.4276462e-05
465 -0.50 6.706492730228e-02 1.1212456e-05
466 -0.50 6.541714636286e-02 6.9856037e-06
467 -0.50 6.792830814580e-02 9.9568290e-06
468 -0.50 8.045161560149e-02 3.0906989e-05
469 -0.50 7.103206159558e-02 1.0455997e-05
470 -0.50 6.666362268533e-02 1.8117635e-05
471 -0.50 6.993754611675e-02 1.0051414e-05
472 -0.50 6.662448975400e-02 5.6410819e-06
473 -0.50 6.988734776643e-02 1.2347598e-05
474 -0.50 6.666912618109e-02 8.6479277e-06
475 -0.50 6.699839269648e-02 6.5199117e-06
476 -0.50 6.823200481305e-02 9.4474960e-06
477 -0.50 7.721916303770e-02 1.0312199e-05
478 -0.50 7.276224226227e-02 1.1763680e-05
479 -0.50 6.838566018768e-02 1.2070095e-05
480 -0.50 6.404225544812e-02 1.0931145e-05
481 -0.50 6.692349395081e-02 1.4047029e-05
482 -0.50 7.088374510794e-02 1.3548094e-05
483 -0.50 6.627501993624e-02 2.2772690e-05
484 -0.50 6.505204542333e-02 3.6130828e-05
485 -0.50 6.675849636613e-02 1.8501735e-05
486 -0.50 7.256426658464e-02 1.6234440e-05
487 -0.50 6.947800324939e-02 5.7243983e-06
488 -0.50 6.533918878548e-02 5.1923551e-06
489 -0.50 6.965922252012e-02 6.3041670e-06
490 -0.50 6.160352998773e-02 1.1483317e-05
491 -0.50 7.201580199101e-02 1.9687533e-05
492 -0.50 6.567432737029e-02 9.6504724e-06
493 -0.50 6.702405659538e-02 1.3253332e-05
494 -0.50 6.792087508321e-02 9.2134529e-06
495 -0.50 6.961347250586e-02 6.6746359e-06
496 -0.50 6.962995842441e-02 1.8345188e-05
497 -0.50 7.035636020792e-02 1.7140613e-05
498 -0.50 6.433208937570e-02 8.2971101e-06
499 -0.50 7.276334727677e-02 1.8444426e-05
500 -0.50 6.872189295962e-02 1.0156943e-05
1 -0.25 6.828615170368e-02 1.2935452e-05
2 -0.25 6.608516624309e-02 1.3186759e-05
3 -0.25 6.656867382433e-02 2.4621295e-05
4 -0.25 7.437082433923e-02 5.9243275e-06
5 -0.25 7.384705519332e-02 2.3486569e-05
6 -0.25 6.854985357065e-02 7.4980315e-06
7 -0.25 7.215562232493e-02 1.3353577e-05
8 -0.25 6.913276578048e-02 9.8017462e-06
9 -0.25 6.671811987831e-02 1.8687465e-05
10 -0.25 6.597597664449e-02 9.4314932e-06
11 -0.25 6.994887070616e-02 3.0583315e-05
12 -0.25 6.812565022983e-02 1.8285922e-05
13 -0.25 6.526097289272e-02 1.0090265e-05
14 -0.25 7.238995300305e-02 1.1491212e-05
15 -0.25 6.804246032226e-02 8.0190770e-06
16 -0.25 7.092891252000e-02 1.5027364e-05
17 -0.25 7.127866811112e-02 1.6251456e-05
18 -0.25 6.547947004219e-02 5.2107999e-06
19 -0.25 6.785520710085e-02 6.5194528e-06
20 -0.25 6.213556630953e-02 7.5991582e-06
21 -0.25 7.283336370577e-02 1.6838141e-05
22 -0.25 6.318003894179e-02 9.7190189e-06
23 -0.25 6.718991703708e-02 2.9637097e-06
24 -0.25 6.882028760221e-02 1.4082074e-05
25 -0.25 6.999898473995e-02 1.3004838e-05
26 -0.25 7.029152051492e-02 1.6574134e-05
27 -0.25 6.638495382701e-02 1.7480966e-05
28 -0.25 6.566785207965e-02 2.8227981e-06
29 -0.25 7.030538590165e-02 1.0668011e-05
30 -0.25 6.612757044975e-02 1.4199425e-05
31 -0.25 6.611898252269e-02 1.1545215e-05
32 -0.25 7.009766276909e-02 2.3474191e-05
33 -0.25 6.846939358958e-02 1.5580285e-05
34 -0.25 6.992257380549e-02 1.3071238e-05
35 -0.25 6.482988847306e-02 1.2788559e-05
36 -0.25 7.052508134526e-02 1.7134838e-05
37 -0.25 7.080968362232e-02 9.2662579e-06
38 -0.25 7.831345086259e-02 1.1564457e-05
39 -0.25 6.122910848827e-02 1.0099505e-05
40 -0.25 6.689798866801e-02 2.4061073e-05
41 -0.25 6.981734855734e-02 2.5755033e-05
42 -0.25 6.311166222040e-02 1.3777720e-05
43 -0.25 6.721931559144e-02 1.7531163e-05
44 -0.25 6.857959403797e-02 1.7534340e-05
45 -0.25 7.182667213263e-02 1.7857931e-05
46 -0.25 6.915128485987e-02 9.4126034e-06
47 -0.25 7.279577856672e-02 1.3800672e-05
48 -0.25 6.763817157532e-02 8.1025223e-06
49 -0.25 6.996407711279e-02 1.1238070e-05
50 -0.25 7.294772597928e-02 1.7178207e-05
51 -0.25 7.011729789827e-02 1.8358269e-05
52 -0.25 6.621498142151e-02 7.6435559e-06
53 -0.25 7.690204049419e-02 2.9028849e-05
54 -0.25 7.413195091581e-02 9.4314081e-06
55 -0.25 6.856331187196e-02 5.1993259e-06
56 -0.25 6.688825759916e-02 1.5757705e-05
57 -0.25 6.907035005418e-02 1.1368902e-05
58 -0.25 6.838378833250e-02 2.4824548e-05
59 -0.25 7.142597884445e-02 2.0439269e-05
60 -0.25 6.860365902639e-02 1.9660591e-05
61 -0.25 6.739157106446e-02 1.1146602e-05
62 -0.25 7.715046361013e-02 1.2874722e-05
63 -0.25 7.480877865095e-02 1.1144805e-05
64 -0.25 6.437851351388e-02 8.2547858e-06
65 -0.25 7.639029504892e-02 1.4286096e-05
66 -0.25 7.098218942185e-02 6.9123235e-06
67 -0.25 6.626276441057e-02 2.3012919e-05
68 -0.25 7.088763638167e-02 1.5019267e-05
69 -0.25 7.059007271390e-02 1.7382256e-05
70 -0.25 6.969938645009e-02 1.1928730e-05
71 -0.25 6.776214968593e-02 6.9600381e-06
72 -0.25 7.032903252482e-02 8.6577781e-06
73 -0.25 6.690752451873e-02 3.4594165e-05
74 -0.25 6.846173711257e-02 1.0900687e-05
75 -0.25 6.785392214048e-02 1.2078555e-05
76 -0.25 7.170902299271e-02 2.3651889e-05
77 -0.25 6.804211967386e-02 1.0757111e-05
78 -0.25 6.104104079111e-02 7.4936443e-06
79 -0.25 6.820927070013e-02 6.0192325e-06
80 -0.25 6.945327049342e-02 7.5789181e-06
81 -0.25 7.069428193559e-02 1.2871810e-05
82 -0.25 6.610210548658e-02 8.0266273e-06
83 -0.25 6.611380339544e-02 1.4129813e-05
84 -0.25 6.451674272438e-02 2.6060212e-05
85 -0.25 6.668106710814e-02 9.8192496e-06
86 -0.25 7.656643518940e-02 2.0455991e-05
87 -0.25 6.816738994835e-02 1.3198987e-05
88 -0.25 6.168285811637e-02 9.0868633e-06
89 -0.25 6.830231065074e-02 1.6107493e-05
90 -0.25 7.280707917971e-02 1.3162200e-05
91 -0.25 6.160219283200e-02 1.2555267e-05
92 -0.25 6.847791680282e-02 6.4625915e-06
93 -0.25 6.740285773103e-02 7.9137667e-06
94 -0.25 7.198682769468e-02 8.8355433e-06
95 -0.25 7.138304416127e-02 1.5974744e-05
96 -0.25 6.894340034619e-02 1.3959997e-05
97 -0.25 6.815239449033e-02 1.3583180e-05
98 -0.25 7.065513133114e-02 1.8855437e-05
99 -0.25 7.256524696715e-02 5.3668718e-06
100 -0.25 6.534150152386e-02 9.8319069e-06
101 -0.25 7.612425549459e-02 1.0056960e-05
102 -0.25 7.261499594830e-02 1.6286947e-05
103 -0.25 6.794341703259e-02 1.0222601e-05
104 -0.25 6.506942659585e-02 1.8830743e-05
105 -0.25 6.933119675257e-02 8.8650042e-06
106 -0.25 7.376410048062e-02 1.4593396e-05
107 -0.25 6.819835385395e-02 7.6841928e-06
108 -0.25 7.468067372249e-02 7.1219251e-06
109 -0.25 6.667193220731e-02 5.1403663e-06
110 -0.25 6.961620969625e-02 1.4375050e-05
111 -0.25 7.161045036384e-02 2.0179190e-05
112 -0.25 6.755731497955e-02 1.9608215e-05
113 -0.25 6.742269842667e-02 1.1744613e-05
114 -0.25 7.445598224951e-02 1.8860790e-05
115 -0.25 6.654082130159e-02 3.9328942e-06
116 -0.25 6.563150200438e-02 7.7511208e-06
117 -0.25 6.844673553645e-02 1.3888486e-05
118 -0.25 7.318850916975e-02 8.5166936e-06
119 -0.25 6.575455498317e-02 7.3293006e-06
120 -0.25 7.433554523409e-02 1.4909410e-05
121 -0.25 7.136389053651e-02 1.2126460e-05
122 -0.25 6.901250493726e-02 7.4725326e-06
123 -0.25 6.304719753372e-02 6.9720864e-06
124 -0.25 6.516305931558e-02 1.5981218e-05
125 -0.25 6.811379648171e-02 1.5032315e-05
126 -0.25 7.546829388507e-02 7.0401947e-06
127 -0.25 6.022271660118e-02 6.6046958e-06
128 -0.25 7.283433033081e-02 2.7856676e-05
129 -0.25 6.863649182681e-02 1.0097926e-05
130 -0.25 7.078676832500e-02 1.2354879e-05
131 -0.25 6.534827256279e-02 2.0957465e-05
132 -0.25 7.802338677099e-02 1.8260351e-05
133 -0.25 6.994302853171e-02 1.1358583e-05
134 -0.25 7.014755273259e-02 2.1081430e-05
135 -0.25 7.173600180882e-02 1.0001615e-05
136 -0.25 7.012780780198e-02 1.5907349e-05
137 -0.25 6.846265427908e-02 4.4244753e-06
138 -0.25 6.905135326346e-02 9.1498218e-06
139 -0.25 6.480448259037e-02 7.3559447e-06
140 -0.25 6.038289676533e-02 1.4999820e-05
141 -0.25 7.390722208340e-02 1.4327215e-05
142 -0.25 6.011360745238e-02 1.2740037e-05
143 -0.25 6.387683648923e-02 1.8693796e-05
144 -0.25 7.313288588575e-02 6.2609140e-06
145 -0.25 7.440373901471e-02 1.3381909e-05
146 -0.25 6.768568012377e-02 1.1578674e-05
147 -0.25 7.595969012526e-02 2.1245250e-05
148 -0.25 6.728333175352e-02 2.8485756e-05
149 -0.25 6.909181000471e-02 1.4286365e-05
150 -0.25 7.372621873388e-02 1.4724383e-05
151 -0.25 6.616702717983e-02 3.6465829e-06
152 -0.25 6.607241290792e-02 1.6256923e-05
153 -0.25 6.535796293544e-02 1.1896700e-05
154 -0.25 7.354358850445e-02 1.2216324e-05
155 -0.25 6.288140555630e-02 2.0239814e-05
156 -0.25 6.835919368332e-02 1.4100051e-05
157 -0.25 7.494527824291e-02 1.4044182e-05
158 -0.25 6.638351515650e-02 1.9938400e-05
159 -0.25 7.033542037820e-02 9.9417629e-06
160 -0.25 6.611617273751e-02 1.0019945e-05
161 -0.25 6.774910341312e-02 2.2996110e-05
162 -0.25 6.303021902016e-02 1.0357619e-05
163 -0.25 6.605689834292e-02 7.9325384e-06
164 -0.25 6.771924098147e-02 6.8617115e-06
165 -0.25 7.171081113924e-02 9.5134390e-06
166 -0.25 6.965287907040e-02 1.9234711e-05
167 -0.25 6.533946409113e-02 1.8451244e-05
168 -0.25 7.371152902031e-02 3.1569821e-05
169 -0.25 6.472592593401e-02 1.1212826e-05
170 -0.25 6.666056259822e-02 5.6606731e-06
171 -0.25 6.345283429682e-02 1.2271222e-05
172 -0.25 6.901493850625e-02 3.3728985e-05
173 -0.25 6.864077985646e-02 2.1594514e-05
174 -0.25 6.546176991570e-02 1.1675167e-05
175 -0.25 6.818834845703e-02 1.3411403e-05
176 -0.25 7.317462118852e-02 2.5991897e-05
177 -0.25 7.088314764817e-02 1.2443557e-05
178 -0.25 7.189924660503e-02 9.2271404e-06
179 -0.25 6.619308792741e-02 2.6760453e-05
180 -0.25 6.603647173901e-02 2.0314828e-05
181 -0.25 6.816449293377e-02 2.7602435e-05
182 -0.25 6.568257889208e-02 5.3954032e-06
183 -0.25 7.229056586230e-02 1.3157675e-05
184 -0.25 7.038066667818e-02 2.4470726e-05
185 -0.25 6.325135017601e-02 1.1460151e-05
186 -0.25 6.841786166137e-02 1.3260389e-05
187 -0.25 7.278501051414e-02 2.8840035e-05
188 -0.25 6.674143614788e-02 1.4414220e-05
189 -0.25 6.525878764543e-02 1.1366753e-05
190 -0.25 7.035071840276e-02 1.3965292e-05
191 -0.25 6.264332927095e-02 1.9778862e-05
192 -0.25 7.498841812953e-02 1.6206628e-05
193 -0.25 6.351539367570e-02 2.2037101e-05
194 -0.25 7.088834918816e-02 1.0282096e-05
195 -0.25 6.554586510124e-02 4.4347034e-06
196 -0.25 7.108427372605e-02 2.1913346e-05
197 -0.25 7.674515992007e-02 4.4172883e-05
198 -0.25 6.456770864640e-02 6.6403849e-06
199 -0.25 6.714319187228e-02 1.4053698e-05
200 -0.25 7.291880458812e-02 7.5697326e-06
201 -0.25 7.201225263317e-02 2.4148875e-05
202 -0.25 6.665931377001e-02 5.1495313e-06
203 -0.25 7.039954695107e-02 2.3588137e-05
204 -0.25 7.155223154490e-02 2.7029529e-05
205 -0.25 6.962294736510e-02 8.0485817e-06
206 -0.25 6.678940448782e-02 1.4781010e-05
207 -0.25 6.016242381766e-02 1.3872467e-05
208 -0.25 6.613543018251e-02 2.0387399e-05
209 -0.25 6.869988868079e-02 4.0372362e-06
210 -0.25 7.327320644111e-02 1.3778567e-05
211 -0.25 7.309376681432e-02 1.0217715e-05
212 -0.25 6.580535059589e-02 5.8588635e-06
213 -0.25 6.445900888457e-02 8.1979765e-06
214 -0.25 6.860741289107e-02 2.6749252e-05
215 -0.25 6.407290399961e-02 1.9570532e-05
216 -0.25 7.483774844875e-02 1.8086063e-05
217 -0.25 6.921719330509e-02 1.9396902e-05
218 -0.25 6.935120652547e-02 1.4744268e-05
219 -0.25 7.866226935174e-02 2.5178335e-05
220 -0.25 8.015810784507e-02 1.1797136e-05
221 -0.25 6.916753754605e-02 1.2495553e-05
222 -0.25 6.724649489319e-02 1.0635281e-05
223 -0.25 7.259814555053e-02 1.1983514e-05
224 -0.25 6.107858587226e-02 1.1594445e-05
225 -0.25 7.428513318274e-02 1.8967769e-05
226 -0.25 7.659600993328e-02 3.3668354e-05
227 -0.25 6.815302989710e-02 2.2818091e-05
228 -0.25 7.009062786352e-02 1.0586465e-05
229 -0.25 7.313758564393e-02 2.6681094e-05
230 -0.25 6.780781661536e-02 1.3388508e-05
231 -0.25 7.030932242887e-02 8.4853565e-06
232 -0.25 6.295317891228e-02 6.5672702e-06
233 -0.25 6.868619500123e-02 5.9344478e-06
234 -0.25 6.400411098495e-02 1.2676469e-05
235 -0.25 7.276144962482e-02 8.9134160e-06
236 -0.25 7.056447584910e-02 7.2639363e-06
237 -0.25 6.062669046081e-02 6.2421352e-06
238 -0.25 7.198757731974e-02 1.0372725e-05
239 -0.25 6.858165000451e-02 5.2037229e-06
240 -0.25 7.891277063645e-02 3.4304158e-06
241 -0.25 7.463319103059e-02 1.7116312e-05
242 -0.25 6.684593314551e-02 8.6143538e-06
243 -0.25 6.744094109542e-02 8.6500938e-06
244 -0.25 7.483611567264e-02 2.1014201e-05
245 -0.25 6.812565231869e-02 1.9009703e-05
246 -0.25 7.415342715713e-02 7.3928539e-06
247 -0.25 6.673777341731e-02 6.9779856e-06
248 -0.25 7.439226980634e-02 2.3613559e-05
249 -0.25 7.044784157935e-02 1.5418263e-05
250 -0.25 6.928863957598e-02 2.1946252e-05
251 -0.25 7.016275300016e-02 1.2284388e-05
252 -0.25 7.223267289718e-02 1.0933927e-05
253 -0.25 6.962684964783e-02 8.3075000e-06
254 -0.25 7.402490263806e-02 7.4878687e-06
255 -0.25 6.548424226345e-02 4.9055850e-06
256 -0.25 7.146717761904e-02 8.6925869e-06
257 -0.25 6.535293092037e-02 1.2535175e-05
258 -0.25 6.731941560965e-02 7.3844382e-06
259 -0.25 7.138874935996e-02 7.6470801e-06
260 -0.25 6.535209378620e-02 9.9908901e-06
261 -0.25 6.669924947463e-02 4.8700584e-06
262 -0.25 6.252067890864e-02 2.1526097e-05
263 -0.25 7.256430917692e-02 9.8317914e-06
264 -0.25 6.522888044894e-02 1.2714845e-05
265 -0.25 6.505126074701e-02 9.8195230e-06
266 -0.25 7.235304091620e-02 2.5769073e-06
267 -0.25 6.193776545547e-02 9.0643983e-06
268 -0.25 6.779158889863e-02 5.7401020e-06
269 -0.25 6.707385643528e-02 2.7711625e-05
270 -0.25 6.636367922098e-02 1.8774688e-05
271 -0.25 6.775780058851e-02 9.4165730e-06
272 -0.25 6.209757024570e-02 1.5895245e-05
273 -0.25 6.471293964283e-02 1.4516076e-05
274 -0.25 6.669505439377e-02 1.2375342e-05
275 -0.25 6.446522240125e-02 1.8890160e-05
276 -0.25 7.006355193163e-02 1.0896417e-05
277 -0.25 6.625836268788e-02 7.0056274e-06
278 -0.25 7.299282110253e-02 4.0491621e-05
279 -0.25 6.475918642959e-02 3.4196483e-06
280 -0.25 7.098907474135e-02 7.2961105e-06
281 -0.25 7.278116957207e-02 1.4132643e-05
282 -0.25 7.402767221903e-02 1.2635762e-05
283 -0.25 6.553434185021e-02 2.1988145e-05
284 -0.25 6.245756435301e-02 6.7748346e-06
285 -0.25 7.604927749948e-02 1.8152172e-05
286 -0.25 6.852918999934e-02 1.4839862e-05
287 -0.25 7.105798358960e-02 1.5273122e-05
288 -0.25 7.482000813545e-02 1.6861421e-05
289 -0.25 7.175782725263e-02 4.4313550e-06
290 -0.25 7.014675192782e-02 1.2455124e-05
291 -0.25 8.005898353035e-02 1.7882543e-05
292 -0.25 7.126200955676e-02 1.5859980e-05
293 -0.25 6.657828373306e-02 9.7718776e-06
294 -0.25 7.297369753640e-02 1.7402717e-05
295 -0.25 7.805245614280e-02 1.3867186e-05
296 -0.25 6.831427014794e-02 1.2116731e-05
297 -0.25 6.696953542662e-02 5.7203936e-06
298 -0.25 7.164058488862e-02 9.1725942e-06
299 -0.25 7.362376186637e-02 1.2861759e-05
300 -0.25 7.337566500996e-02 2.9008094e-05
301 -0.25 7.266826712278e-02 1.1185845e-05
302 -0.25 7.046968536945e-02 1.1637784e-05
303 -0.25 6.852372472560e-02 6.7872856e-06
304 -0.25 6.966363047194e-02 1.7581139e-05
305 -0.25 6.866927722517e-02 6.0724736e-06
306 -0.25 6.891254344306e-02 1.7039993e-05
307 -0.25 6.908529494998e-02 1.7177525e-05
308 -0.25 6.613604396314e-02 6.3479187e-06
309 -0.25 6.573178869339e-02 1.3204773e-05
310 -0.25 7.397192131658e-02 5.5467198e-05
311 -0.25 6.877869388346e-02 2.4822660e-05
312 -0.25 6.763387474611e-02 3.3000579e-05
313 -0.25 7.688713502817e-02 2.1119348e-05
314 -0.25 6.727281603817e-02 1.5569603e-05
315 -0.25 6.694278928025e-02 1.7253645e-05
316 -0.25 7.345940725486e-02 5.3523146e-06
317 -0.25 7.011223812678e-02 8.6051745e-06
318 -0.25 7.022827419546e-02 2.2895967e-05
319 -0.25 7.431376625253e-02 1.0728763e-05
320 -0.25 6.580354910464e-02 1.3275902e-05
321 -0.25 6.959445828279e-02 7.7144732e-06
322 -0.25 7.704049797353e-02 1.0693526e-05
323 -0.25 6.980080913515e-02 9.5374210e-06
324 -0.25 6.674196747212e-02 6.2723341e-06
325 -0.25 7.821867853702e-02 2.4149791e-05
326 -0.25 6.612217115259e-02 9.7903678e-06
327 -0.25 6.352174429540e-02 1.4709497e-05
328 -0.25 7.434544452129e-02 9.8300791e-06
329 -0.25 6.143557123843e-02 1.3835496e-05
330 -0.25 7.101333266862e-02 1.5291346e-05
331 -0.25 7.723010143830e-02 1.1490294e-05
332 -0.25 7.061800364338e-02 4.8485222e-06
333 -0.25 6.887057710124e-02 2.4947354e-05
334 -0.25 6.404019554728e-02 5.7040894e-06
335 -0.25 7.264387220162e-02 1.1257787e-05
336 -0.25 6.364891148392e-02 1.5124943e-05
337 -0.25 6.630986721985e-02 9.0136594e-06
338 -0.25 6.779161291656e-02 1.8134561e-05
339 -0.25 6.666571116925e-02 3.4060226e-06
340 -0.25 6.596666595807e-02 3.3504355e-05
341 -0.25 6.839068431316e-02 1.5870602e-05
342 -0.25 6.994714102764e-02 1.5823322e-05
343 -0.25 6.726679942862e-02 2.0474721e-05
344 -0.25 7.018996978619e-02 3.5577858e-05
345 -0.25 6.603513320177e-02 1.3578878e-05
346 -0.25 7.108106057102e-02 3.3732268e-06
347 -0.25 6.396178695626e-02 1.6374611e-05
348 -0.25 7.185591277498e-02 1.1617224e-05
349 -0.25 7.093724543822e-02 8.7070872e-06
350 -0.25 6.780323600572e-02 1.6470791e-05
351 -0.25 6.861036604910e-02 1.2763009e-05
352 -0.25 6.899326607539e-02 1.3165734e-05
353 -0.25 7.564949458478e-02 1.4630793e-05
354 -0.25 6.854008088510e-02 1.3641714e-05
355 -0.25 7.085925953138e-02 2.1920919e-06
356 -0.25 7.437454695167e-02 1.8045945e-05
357 -0.25 7.215568680344e-02 5.2724999e-06
358 -0.25 7.051874840424e-02 1.8017512e-05
359 -0.25 6.682632913556e-02 1.2435234e-05
360 -0.25 6.268847479091e-02 1.1722506e-05
361 -0.25 6.629433585341e-02 1.2634241e-05
362 -0.25 6.734728371505e-02 1.1218542e-05
363 -0.25 6.970210531750e-02 1.1034596e-05
364 -0.25 7.578993976801e-02 9.6636300e-06
365 -0.25 7.070886283572e-02 1.1373275e-05
366 -0.25 7.484534683057e-02 1.6219811e-05
367 -0.25 6.422620743719e-02 1.6627669e-05
368 -0.25 7.302754626787e-02 3.9604904e-06
369 -0.25 7.342438594842e-02 1.2784819e-05
370 -0.25 6.991510267664e-02 2.1615738e-05
371 -0.25 6.662941548193e-02 5.1469460e-06
372 -0.25 6.302016563522e-02 9.4833461e-06
373 -0.25 7.578449496003e-02 2.3087775e-05
374 -0.25 7.422217525538e-02 1.3232525e-05
375 -0.25 7.037283660457e-02 1.4792443e-05
376 -0.25 7.210880228283e-02 3.2989397e-06
377 -0.25 6.903574677456e-02 1.6397960e-05
378 -0.25 7.372562263028e-02 7.6541204e-06
379 -0.25 6.511259232162e-02 5.2426774e-06
380 -0.25 6.615896816674e-02 9.2036587e-06
381 -0.25 6.952874344631e-02 1.4828371e-05
382 -0.25 7.680178866449e-02 4.4764804e-06
383 -0.25 6.517831360235e-02 8.9024000e-06
384 -0.25 7.585794626721e-02 1.9116971e-05
385 -0.25 6.652204891022e-02 1.7337542e-05
386 -0.25 7.078227737201e-02 1.6288472e-05
387 -0.25 6.283685228972e-02 4.3988559e-06
388 -0.25 6.366835269537e-02 1.0320325e-05
389 -0.25 7.513056068428e-02 1.6694112e-05
390 -0.25 6.604705079651e-02 1.4122810e-05
391 -0.25 6.985815631208e-02 1.0479430e-05
392 -0.25 7.343403756017e-02 9.0031112e-06
393 -0.25 7.100743986511e-02 1.5524531e-05
394 -0.25 6.963596992873e-02 1.7474906e-05
395 -0.25 6.194740211112e-02 6.3682242e-06
396 -0.25 7.264135244679e-02 7.6208337e-06
397 -0.25 6.471896955837e-02 6.4394847e-06
398 -0.25 7.143352864406e-02 3.4456592e-05
399 -0.25 6.867554638955e-02 1.0376509e-05
400 -0.25 6.723568096918e-02 1.9106672e-05
401 -0.25 7.433083353465e-02 1.9298959e-05
402 -0.25 6.688676448179e-02 4.4104715e-06
403 -0.25 7.848100977790e-02 3.8314561e-06
404 -0.25 6.834815073156e-02 4.2434258e-06
405 -0.25 7.083301498850e-02 1.7260353e-05
406 -0.25 7.220964218770e-02 1.7458799e-05
407 -0.25 7.497809216545e-02 8.1518877e-06
408 -0.25 7.496414165212e-02 1.3504583e-05
409 -0.25 6.866037488252e-02 1.8299666e-05
410 -0.25 6.397112211147e-02 1.2966869e-05
411 -0.25 6.544948985252e-02 1.1315729e-05
412 -0.25 7.069330527197e-02 5.0759453e-06
413 -0.25 6.764933602481e-02 4.5273222e-06
414 -0.25 6.668204733261e-02 1.1976722e-05
415 -0.25 7.145279205173e-02 2.7260179e-05
416 -0.25 6.943561093012e-02 8.1123671e-06
417 -0.25 6.896117695050e-02 4.3333580e-06
418 -0.25 6.831631345572e-02 2.6855098e-06
419 -0.25 7.005216482414e-02 9.3937392e-06
420 -0.25 6.815419639780e-02 8.2718406e-06
421 -0.25 7.469736431894e-02 5.0836772e-06
422 -0.25 7.408057611452e-02 2.1408778e-05
423 -0.25 7.699185173503e-02 1.6949322e-05
424 -0.25 6.869304546248e-02 7.5447793e-06
425 -0.25 6.666144198385e-02 2.0293922e-05
426 -0.25 6.929206045917e-02 1.3693962e-05
427 -0.25 7.521799127943e-02 1.0102587e-05
428 -0.25 6.727231483968e-02 1.4574116e-05
429 -0.25 7.632527260518e-02 6.1805068e-06
430 -0.25 7.220456635752e-02 2.3086334e-05
431 -0.25 6.924087651369e-02 7.7112911e-06
432 -0.25 7.024229968561e-02 1.2395814e-05
433 -0.25 6.767853579915e-02 1.4744794e-05
434 -0.25 6.305637812771e-02 1.3536132e-05
435 -0.25 7.793104443737e-02 2.8291486e-05
436 -0.25 6.616293922288e-02 1.0956119e-05
437 -0.25 6.975912963706e-02 1.1605231e-05
438 -0.25 6.666524957927e-02 2.6292077e-05
439 -0.25 6.329079055377e-02 1.2278625e-05
440 -0.25 6.670857528721e-02 1.8440782e-05
441 -0.25 6.980451311332e-02 3.0359383e-05
442 -0.25 7.630360624937e-02 2.9688874e-05
443 -0.25 6.071674084446e-02 7.7710633e-06
444 -0.25 6.744100393803e-02 6.5745447e-06
445 -0.25 7.119677975476e-02 1.2460760e-05
446 -0.25 7.246671889111e-02 1.8703060e-05
447 -0.25 6.715152682687e-02 5.9520696e-06
448 -0.25 6.776245320908e-02 2.3476123e-05
449 -0.25 6.179404265357e-02 1.3423514e-05
450 -0.25 7.114082077432e-02 2.5001323e-05
451 -0.25 7.565373408187e-02 1.3862063e-05
452 -0.25 7.600456097359e-02 1.6517212e-05
453 -0.25 7.035245242933e-02 1.1660233e-05
454 -0.25 7.385247457023e-02 2.5234626e-05
455 -0.25 5.962551376388e-02 4.5202259e-06
456 -0.25 7.105419604399e-02 9.4544782e-06
457 -0.25 6.601541519307e-02 1.0451805e-05
458 -0.25 6.589805631038e-02 1.0521443e-05
459 -0.25 6.782252623203e-02 5.8202079e-06
460 -0.25 7.208085597918e-02 1.8950920e-05
461 -0.25 6.893837730284e-02 1.3495697e-05
462 -0.25 6.801881238027e-02 1.1794523e-05
463 -0.25 6.334573264222e-02 1.0090099e-05
464 -0.25 7.620684883217e-02 1.6210170e-05
465 -0.25 6.505573484420e-02 3.3836753e-06
466 -0.25 6.191572323081e-02 9.6465925e-06
467 -0.25 6.804190297126e-02 1.0917030e-05
468 -0.25 7.681526764349e-02 1.9009412e-05
469 -0.25 7.168547805305e-02 8.4757675e-06
470 -0.25 6.607622831682e-02 4.0933458e-06
471 -0.25 6.941787207609e-02 4.5953246e-06
472 -0.25 6.675907296127e-02 1.3748084e-05
473 -0.25 6.954950037491e-02 4.9173740e-06
474 -0.25 6.473826841615e-02 1.3964519e-05
475 -0.25 6.744320345779e-02 5.5557195e-06
476 -0.25 6.999168048591e-02 2.1910568e-05
477 -0.25 7.640081615504e-02 9.3193709e-06
478 -0.25 7.068235183165e-02 9.1456561e-06
479 -0.25 7.056723078092e-02 7.3954638e-06
480 -0.25 6.358281679640e-02 1.8792965e-05
481 -0.25 6.824718560726e-02 7.5756335e-06
482 -0.25 7.286626092098e-02 1.0259603e-05
483 -0.25 6.491372171448e-02 6.2427768e-06
484 -0.25 6.405829758313e-02 1.1470588e-05
485 -0.25 6.725702401131e-02 1.4058461e-05
486 -0.25 7.096773976331e-02 1.2730459e-05
487 -0.25 6.605259540942e-02 1.9893491e-05
488 -0.25 6.436350183234e-02 1.2793727e-05
489 -0.25 6.787371626388e-02 4.5891035e-06
490 -0.25 6.132556285721e-02 1.3084884e-05
491 -0.25 7.079082151751e-02 1.6823128e-05
492 -0.25 6.720659523665e-02 1.6104353e-05
493 -0.25 6.622633681470e-02 4.1637733e-06
494 -0.25 6.947514264632e-02 2.0390969e-05
495 -0.25 6.929406116705e-02 8.5505681e-06
496 -0.25 6.951485189070e-02 1.8013634e-05
497 -0.25 6.925733856621e-02 3.8500749e-05
498 -0.25 6.456444816246e-02 1.6132356e-05
499 -0.25 6.899436823765e-02 1.0632868e-05
500 -0.25 7.115599894958e-02 2.1987252e-05
1 0.00 6.811326170849e-02 2.6420072e-05
2 0.00 6.506922308390e-02 5.4693119e-06
3 0.00 6.590321732090e-02 5.1763007e-06
4 0.00 7.223407878162e-02 1.8461411e-05
5 0.00 7.077316798852e-02 1.6495080e-05
6 0.00 6.860371432894e-02 1.9882590e-05
7 0.00 7.124052217971e-02 9.5710163e-06
8 0.00 6.853967533688e-02 1.0522966e-05
9 0.00 6.545414970896e-02 1.0035108e-05
10 0.00 6.297415703117e-02 1.6544738e-05
11 0.00 6.926922938277e-02 1.6189065e-05
12 0.00 6.743452369335e-02 8.1509249e-06
13 0.00 6.703968465110e-02 8.4502291e-06
14 0.00 7.204423093777e-02 7.9743436e-06
15 0.00 6.650130976855e-02 9.9692456e-06
16 0.00 6.777334946984e-02 2.2064565e-05
17 0.00 7.250000477031e-02 9.0231099e-06
18 0.00 6.215454793955e-02 5.5687641e-06
19 0.00 6.746026964607e-02 1.7921489e-05
20 0.00 6.096460891757e-02 8.2170878e-06
21 0.00 7.314972991319e-02 2.7892978e-05
22 0.00 6.311493025309e-02 1.6921796e-05
23 0.00 6.788084486011e-02 1.8840060e-05
24 0.00 6.992668739041e-02 9.5583604e-06
25 0.00 6.879012131686e-02 1.8566704e-05
26 0.00 6.763770277976e-02 9.6794644e-06
27 0.00 6.505996928710e-02 1.8846735e-05
28 0.00 6.676176307590e-02 1.2404904e-05
29 0.00 6.613245072139e-02 1.3775519e-05
30 0.00 6.637796626531e-02 1.3944744e-05
31 0.00 6.727324646331e-02 9.5341122e-06
32 0.00 7.163408410350e-02 1.4829975e-05
33 0.00 6.891978117137e-02 1.5212535e-05
34 0.00 6.972209238090e-02 6.2332692e-06
35 0.00 6.262864317235e-02 1.7561291e-05
36 0.00 6.779762155754e-02 1.6364986e-05
37 0.00 6.842932742394e-02 1.0422324e-05
38 0.00 7.410193654089e-02 6.0637264e-06
39 0.00 5.960390562688e-02 1.0090684e-05
40 0.00 6.452316232147e-02 4.6251248e-06
41 0.00 7.213735006624e-02 3.1497025e-05
42 0.00 6.325302853578e-02 3.5861104e-06
43 0.00 6.772530802817e-02 1.5281905e-05
44 0.00 6.553838782788e-02 1.3503683e-05
45 0.00 6.943394997135e-02 6.5465845e-06
46 0.00 6.696832462526e-02 1.2854057e-05
47 0.00 6.826499596779e-02 9.9766531e-06
48 0.00 6.589813971174e-02 9.2864359e-06
49 0.00 6.820023551079e-02 1.6436643e-05
50 0.00 7.397257835909e-02 7.9007765e-06
51 0.00 6.859333322352e-02 1.1924986e-05
52 0.00 6.289854447192e-02 1.3916835e-05
53 0.00 7.166446800319e-02 2.3997014e-05
54 0.00 7.477101232740e-02 7.2202805e-06
55 0.00 7.097189800447e-02 6.0649087e-06
56 0.00 6.617385052412e-02 2.0972443e-05
57 0.00 6.668308164546e-02 6.7728940e-06
58 0.00 6.811391540246e-02 1.1462141e-05
59 0.00 7.158175030282e-02 3.7615705e-05
60 0.00 6.909772600148e-02 9.4057788e-06
61 0.00 6.514570150977e-02 1.2812289e-05
62 0.00 7.347075573173e-02 8.9022747e-06
63 0.00 7.411424770196e-02 3.3946370e-05
64 0.00 6.315960039698e-02 8.4638219e-06
65 0.00 7.716507689812e-02 1.0159356e-05
66 0.00 6.946821626583e-02 1.4515732e-05
67 0.00 6.433188080418e-02 1.5693212e-05
68 0.00 6.915117691337e-02 1.2592332e-05
69 0.00 6.754213737205e-02 2.0739485e-05
70 0.00 6.732447715059e-02 1.2057997e-05
71 0.00 6.651797429777e-02 9.2717782e-06
72 0.00 6.827524406092e-02 1.7948107e-05
73 0.00 6.703677676331e-02 1.5783549e-05
74 0.00 6.577857097247e-02 6.3248614e-06
75 0.00 6.846195916327e-02 6.0937566e-06
76 0.00 7.065436455474e-02 1.8628685e-05
77 0.00 6.651523176589e-02 1.1112933e-05
78 0.00 6.248021029139e-02 1.0351132e-05
79 0.00 6.634040527162e-02 5.5141072e-06
80 0.00 6.743893350555e-02 1.1451735e-05
81 0.00 7.099500270461e-02 1.9398964e-05
82 0.00 6.495736787232e-02 2.2842723e-05
83 0.00 6.442512634710e-02 2.1457215e-05
84 0.00 6.582199763928e-02 9.4116935e-06
85 0.00 6.476151722879e-02 9.3934806e-06
86 0.00 7.505916335105e-02 1.4038097e-05
87 0.00 6.907924218250e-02 2.1152313e-05
88 0.00 6.214816533233e-02 1.5240151e-05
89 0.00 6.649459581471e-02 1.3496183e-05
90 0.00 7.028615019233e-02 1.2660479e-05
91 0.00 6.034744913149e-02 1.0785305e-05
92 0.00 6.702681687438e-02 1.4556379e-05
93 0.00 6.839674982281e-02 9.5522301e-06
94 0.00 7.226369894238e-02 1.8509736e-05
95 0.00 7.142071230633e-02 1.6903722e-05
96 0.00 6.924768402390e-02 6.0166287e-06
97 0.00 6.766919220359e-02 8.5596801e-06
98 0.00 7.293067742038e-02 1.8707537e-05
99 0.00 7.040169534626e-02 1.0510063e-05
100 0.00 6.533644010336e-02 2.7252081e-05
101 0.00 7.209527081168e-02 1.1177792e-05
102 0.00 7.428368329538e-02 2.2512938e-05
103 0.00 7.309310146658e-02 3.4990927e-05
104 0.00 6.541413881938e-02 4.7283050e-06
105 0.00 6.570687986535e-02 1.5740552e-05
106 0.00 7.199697759654e-02 1.4338615e-05
107 0.00 6.833127914271e-02 1.9869328e-05
108 0.00 7.097562837391e-02 1.4271196e-05
109 0.00 6.851559826988e-02 4.2084741e-06
110 0.00 6.750576373912e-02 3.3583945e-05
111 0.00 7.163905114317e-02 1.4819117e-05
112 0.00 6.779100217696e-02 2.0052559e-05
113 0.00 6.788478845880e-02 7.3588477e-06
114 0.00 7.336407124718e-02 4.5853282e-06
115 0.00 7.055039941178e-02 1.2234708e-05
116 0.00 6.768948829965e-02 1.3368834e-05
117 0.00 6.595455376572e-02 1.2608589e-05
118 0.00 7.246715346652e-02 1.9607544e-05
119 0.00 6.607178445094e-02 2.0574080e-05
120 0.00 7.380482043412e-02 1.7093611e-05
121 0.00 7.016844707430e-02 1.0662650e-05
122 0.00 6.913216269951e-02 9.4012401e-06
123 0.00 6.489507947507e-02 1.0568098e-05
124 0.00 6.578942445969e-02 1.6996448e-05
125 0.00 6.513588983697e-02 8.2230887e-06
126 0.00 7.660556665249e-02 1.0655748e-05
127 0.00 6.068674571455e-02 1.9568458e-05
128 0.00 7.188139770059e-02 9.1532522e-06
129 0.00 6.865388922594e-02 2.2106662e-05
130 0.00 7.186345751446e-02 2.7964138e-05
131 0.00 6.169586273614e-02 7.8623493e-06
132 0.00 7.873878724167e-02 3.0394831e-05
133 0.00 6.607338040512e-02 1.1756883e-05
134 0.00 7.073912086711e-02 2.3082755e-05
135 0.00 6.961662134463e-02 2.2877750e-05
136 0.00 6.864520947069e-02 1.2476831e-05
137 0.00 6.452755198688e-02 9.0983051e-06
138 0.00 6.502602131300e-02 1.0974933e-05
139 0.00 6.306465830680e-02 1.0339001e-05
140 0.00 5.808778274231e-02 1.1691976e-05
141 0.00 7.124566359685e-02 1.6994366e-05
142 0.00 6.214252970258e-02 1.3435604e-05
143 0.00 6.500327132275e-02 1.6681922e-05
144 0.00 7.123574836803e-02 1.0109209e-05
145 0.00 7.392114730123e-02 9.6361470e-06
146 0.00 6.345252255911e-02 2.4664845e-06
147 0.00 7.297337016141e-02 6.7713041e-06
148 0.00 6.703279424693e-02 1.3641368e-05
149 0.00 6.947908702837e-02 3.0615426e-05
150 0.00 7.133047575667e-02 1.6392696e-05
151 0.00 6.794034176541e-02 1.1835550e-05
152 0.00 6.729487330375e-02 1.2928502e-05
153 0.00 6.183681039696e-02 7.0601133e-06
154 0.00 7.157532962743e-02 9.8480932e-06
155 0.00 6.237713734269e-02 4.9581773e-06
156 0.00 6.908111666048e-02 3.5535252e-05
157 0.00 7.217813033455e-02 1.5235092e-05
158 0.00 6.546158999486e-02 2.2644898e-05
159 0.00 6.823007606669e-02 7.0688521e-06
160 0.00 6.455356548382e-02 2.9001088e-06
161 0.00 6.929183024170e-02 3.4061339e-06
162 0.00 5.976191426602e-02 1.1331771e-05
163 0.00 6.553637885427e-02 1.1084549e-05
164 0.00 7.013579878239e-02 1.2510637e-05
165 0.00 6.849211359145e-02 1.0820343e-05
166 0.00 7.085935016937e-02 2.4086073e-05
167 0.00 6.231719092590e-02 9.2314560e-06
168 0.00 7.319252021954e-02 2.9952011e-05
169 0.00 6.054609238400e-02 5.1388170e-06
170 0.00 6.709676372733e-02 2.4630681e-05
171 0.00 6.128656526117e-02 9.8990837e-06
172 0.00 6.814117099317e-02 1.3715349e-05
173 0.00 6.591937892616e-02 1.6033160e-05
174 0.00 6.427560010846e-02 1.0417937e-05
175 0.00 6.727352768377e-02 1.3108559e-05
176 0.00 7.003316052587e-02 8.9601303e-06
177 0.00 7.187815736950e-02 6.2766990e-06
178 0.00 6.985120570475e-02 8.5520543e-06
179 0.00 6.488035627010e-02 1.3129928e-05
180 0.00 6.242854495990e-02 1.4171155e-05
181 0.00 6.529545004914e-02 1.1465986e-05
182 0.00 6.580426740343e-02 3.2620453e-05
183 0.00 7.155035320108e-02 1.9004869e-05
184 0.00 6.862432676153e-02 2.5187190e-05
185 0.00 6.487379726550e-02 8.3198964e-06
186 0.00 6.774867792751e-02 8.3203238e-06
187 0.00 7.001814273509e-02 5.3981996e-06
188 0.00 6.715120773218e-02 1.1825427e-05
189 0.00 6.545515011326e-02 9.2916983e-06
190 0.00 7.016682392440e-02 1.4357618e-05
191 0.00 6.730302430157e-02 8.1458719e-06
192 0.00 7.410811706491e-02 1.8115704e-05
193 0.00 6.347797474742e-02 6.4391802e-06
194 0.00 7.086377554004e-02 1.8494206e-05
195 0.00 6.661454713113e-02 5.9140085e-06
196 0.00 6.649705427660e-02 2.0510737e-05
197 0.00 7.371456537232e-02 1.8329641e-05
198 0.00 6.339496906643e-02 9.6487703e-06
199 0.00 6.455323963566e-02 5.7436232e-06
200 0.00 7.151059371905e-02 1.0803094e-05
201 0.00 7.116298649136e-02 8.3933061e-06
202 0.00 6.468882122604e-02 8.9744734e-06
203 0.00 6.850657353628e-02 9.8985752e-06
204 0.00 6.848434269653e-02 1.5313765e-05
205 0.00 6.830342466681e-02 9.6253294e-06
206 0.00 6.280307938668e-02 8.9868985e-06
207 0.00 5.994631761722e-02 1.4178861e-05
208 0.00 6.704908350644e-02 3.5753096e-06
209 0.00 6.658593922389e-02 2.0518003e-05
210 0.00 7.253950772822e-02 1.7085702e-05
211 0.00 7.002086802575e-02 1.4796976e-05
212 0.00 6.305542681871e-02 1.6482432e-05
213 0.00 6.418794938548e-02 1.3855020e-05
214 0.00 6.605985133217e-02 1.6595580e-05
215 0.00 6.372191641564e-02 1.0178731e-05
216 0.00 6.982997606407e-02 1.3755189e-05
217 0.00 6.927454563150e-02 1.3201194e-05
218 0.00 7.031218145487e-02 2.0075542e-05
219 0.00 7.988724891985e-02 1.9045606e-05
220 0.00 7.965381287410e-02 1.4798253e-05
221 0.00 6.793581376427e-02 3.0347030e-05
222 0.00 6.638175451254e-02 2.0727889e-05
223 0.00 7.482130482184e-02 3.6508262e-05
224 0.00 6.149582541458e-02 1.7001921e-05
225 0.00 7.365490277086e-02 9.6850337e-06
226 0.00 7.220233446169e-02 1.3188874e-05
227 0.00 6.865346316365e-02 2.4638544e-05
228 0.00 6.775152022452e-02 1.9654368e-05
229 0.00 6.987206262376e-02 5.9167850e-06
230 0.00 6.810721113689e-02 1.5420238e-05
231 0.00 6.988831763211e-02 1.9521716e-05
232 0.00 6.287585562555e-02 1.7641410e-05
233 0.00 6.627075058472e-02 1.3070626e-05
234 0.00 6.414447836639e-02 2.4425534e-05
235 0.00 7.377730971109e-02 6.3974720e-06
236 0.00 6.902602857748e-02 9.8345584e-06
237 0.00 5.966824630286e-02 1.6063404e-05
238 0.00 7.144871717645e-02 2.3281013e-05
239 0.00 6.489149196085e-02 7.5990328e-06
240 0.00 7.487072493244e-02 2.7930144e-05
241 0.00 7.181748317502e-02 2.7568191e-05
242 0.00 6.417794002393e-02 7.0717230e-06
243 0.00 6.880466465626e-02 8.7427460e-06
244 0.00 7.111500469324e-02 1.1029735e-05
245 0.00 6.806766300148e-02 1.1337828e-05
246 0.00 7.181591095966e-02 2.0136302e-05
247 0.00 6.723260985688e-02 1.0458200e-05
248 0.00 7.457984086488e-02 1.2345824e-05
249 0.00 6.906543870793e-02 6.0062121e-06
250 0.00 6.770511222048e-02 1.2259359e-05
251 0.00 6.842756597337e-02 1.1723262e-05
252 0.00 7.270562280945e-02 8.6953863e-06
253 0.00 6.969280985993e-02 7.3144246e-06
254 0.00 7.247059076692e-02 3.1942247e-05
255 0.00 6.472511346859e-02 5.0875600e-06
256 0.00 6.938980601317e-02 8.3585492e-06
257 0.00 6.386673997901e-02 4.1769477e-06
258 0.00 6.341271483312e-02 1.7334265e-05
259 0.00 6.961978125211e-02 2.0235003e-05
260 0.00 6.392088366992e-02 9.9382026e-06
261 0.00 6.828141389176e-02 9.2725597e-06
262 0.00 6.120709240423e-02 8.0054585e-06
263 0.00 7.336906787761e-02 1.7953781e-05
264 0.00 6.586676780707e-02 1.5735975e-05
265 0.00 6.359250715142e-02 6.5304344e-06
266 0.00 7.319347378960e-02 3.5413099e-05
267 0.00 6.260572499308e-02 8.9442249e-06
268 0.00 6.493442125820e-02 2.1010271e-05
269 0.00 6.615499688215e-02 1.4404750e-05
270 0.00 6.581360511526e-02 1.1096841e-05
271 0.00 6.654060424322e-02 1.0003558e-05
272 0.00 6.142880642380e-02 4.8469742e-06
273 0.00 6.446560200171e-02 7.3789636e-06
274 0.00 6.585002016421e-02 1.7717802e-05
275 0.00 6.362419495107e-02 1.3856998e-05
276 0.00 6.989038329942e-02 3.9522022e-06
277 0.00 6.487397963904e-02 1.2609729e-05
278 0.00 6.959858159537e-02 1.6378431e-05
279 0.00 6.490581092449e-02 1.1718336e-05
280 0.00 7.296874839597e-02 1.0901741e-05
281 0.00 7.101217801506e-02 2.1682003e-05
282 0.00 7.374015906937e-02 1.4934432e-05
283 0.00 6.524655872207e-02 7.1353686e-06
284 0.00 6.544137859282e-02 1.8033747e-05
285 0.00 7.459621765580e-02 9.6162146e-06
286 0.00 6.875145338556e-02 5.1285463e-06
287 0.00 7.019572497727e-02 2.2608367e-05
288 0.00 7.334040737494e-02 7.3676837e-06
289 0.00 7.255029964642e-02 1.5304229e-05
290 0.00 7.087317850821e-02 2.0591699e-05
291 0.00 7.607771975185e-02 1.3387951e-05
292 0.00 6.933109116798e-02 1.4436100e-05
293 0.00 6.644434467569e-02 8.1058202e-06
294 0.00 7.026395615417e-02 1.1133577e-05
295 0.00 7.530557468708e-02 1.8104106e-05
296 0.00 6.791879147659e-02 1.5111267e-05
297 0.00 7.027086791245e-02 2.9976416e-05
298 0.00 6.832770544487e-02 2.4500010e-05
299 0.00 7.306393690965e-02 1.5279358e-05
300 0.00 7.074038149335e-02 1.3068754e-05
301 0.00 7.048947521322e-02 1.1397928e-05
302 0.00 7.058601075233e-02 2.3460668e-05
303 0.00 6.778265761319e-02 1.6239048e-05
304 0.00 6.802846563953e-02 5.6482744e-06
305 0.00 6.699439395076e-02 1.4983171e-05
306 0.00 6.564387886529e-02 1.4426494e-05
307 0.00 6.845291149112e-02 9.7017443e-06
308 0.00 6.585826276088e-02 2.1442159e-05
309 0.00 6.467126108832e-02 1.6447223e-05
310 0.00 7.111554868503e-02 3.1947540e-05
311 0.00 6.631938864124e-02 1.3297675e-05
312 0.00 6.956424060878e-02 1.4142547e-05
313 0.00 7.749148981483e-02 3.8122729e-05
314 0.00 6.681645443432e-02 1.9183875e-05
315 0.00 6.735353039233e-02 1.7753669e-05
316 0.00 7.256966160790e-02 1.2274708e-05
317 0.00 6.808019607516e-02 3.2319041e-06
318 0.00 7.001278903690e-02 3.1356529e-05
319 0.00 7.348409270078e-02 6.2265369e-06
320 0.00 6.480174839892e-02 1.9025486e-05
321 0.00 6.880203494550e-02 1.1060071e-05
322 0.00 7.373352322660e-02 2.1060871e-05
323 0.00 6.766750312720e-02 7.0994686e-06
324 0.00 6.480645446815e-02 1.1264324e-05
325 0.00 7.461998786856e-02 1.1825883e-05
326 0.00 6.792254736010e-02 1.7612118e-05
327 0.00 6.090924173569e-02 3.4464121e-06
328 0.00 7.261349945697e-02 1.2704386e-05
329 0.00 6.039755320644e-02 6.1839901e-06
330 0.00 6.698615618727e-02 1.6599692e-05
331 0.00 7.375285850256e-02 1.1359001e-05
332 0.00 6.876150045170e-02 1.3301285e-05
333 0.00 6.770005646526e-02 1.4106541e-05
334 0.00 6.422281415748e-02 7.0911681e-06
335 0.00 7.184038877221e-02 2.6018565e-05
336 0.00 6.284746022871e-02 6.0375562e-06
337 0.00 6.551294863369e-02 4.0649848e-05
338 0.00 6.823196631689e-02 1.5381401e-05
339 0.00 6.611014604581e-02 2.7426230e-05
340 0.00 6.624851863087e-02 8.1096651e-06
341 0.00 6.773098345643e-02 1.8629673e-05
342 0.00 6.840918443135e-02 1.0462955e-05
343 0.00 6.810925537112e-02 1.3854413e-05
344 0.00 6.843634655382e-02 1.2138684e-05
345 0.00 6.691659708530e-02 8.6475673e-06
346 0.00 7.013405939120e-02 1.6846304e-05
347 0.00 6.229676090008e-02 1.6118744e-05
348 0.00 7.199357993180e-02 1.3842394e-05
349 0.00 6.798627191508e-02 1.1931331e-05
350 0.00 6.645195696940e-02 1.6311084e-05
351 0.00 6.794691805496e-02 2.3625804e-05
352 0.00 6.941029678198e-02 5.4896220e-06
353 0.00 7.179407470431e-02 1.2798574e-05
354 0.00 6.696101351026e-02 1.1275132e-05
355 0.00 7.329340701392e-02 1.6580332e-05
356 0.00 7.459226694216e-02 7.0726899e-06
357 0.00 7.072273842881e-02 1.0016815e-05
358 0.00 6.992258522196e-02 7.8223571e-06
359 0.00 6.563887242038e-02 1.6589102e-05
360 0.00 6.384908019603e-02 1.7889176e-05
361 0.00 6.485218944130e-02 1.3776632e-05
362 0.00 6.977264450798e-02 2.3001135e-05
363 0.00 6.984842227947e-02 1.6327517e-05
364 0.00 7.481254761296e-02 1.4123080e-05
365 0.00 7.140988216107e-02 1.9053260e-05
366 0.00 7.386601808050e-02 1.1755814e-05
367 0.00 6.336738676884e-02 1.0440729e-05
368 0.00 7.282021723054e-02 2.0204739e-05
369 0.00 7.135823821492e-02 1.0669201e-05
370 0.00 6.649335331108e-02 1.5164845e-05
371 0.00 6.362299607126e-02 1.0885120e-05
372 0.00 6.304688932340e-02 6.3964174e-06
373 0.00 7.284558935336e-02 1.3401034e-05
374 0.00 7.241278106250e-02 3.3652848e-06
375 0.00 6.926026541238e-02 1.1087765e-05
376 0.00 7.066405653490e-02 2.5183148e-05
377 0.00 6.709092527257e-02 9.9600594e-06
378 0.00 7.258295044900e-02 3.0964923e-05
379 0.00 6.590007477339e-02 9.4912025e-06
380 0.00 6.559022472802e-02 1.8834911e-05
381 0.00 6.685714592868e-02 1.7376522e-05
382 0.00 7.424411098907e-02 1.4013243e-05
383 0.00 6.287431549657e-02 1.3902758e-05
384 0.00 7.295806288535e-02 2.1683297e-05
385 0.00 6.793479558144e-02 9.6598519e-06
386 0.00 7.023476526954e-02 1.0498850e-05
387 0.00 6.303640417088e-02 2.2433343e-06
388 0.00 6.198756264294e-02 6.1050392e-06
389 0.00 7.475673953158e-02 1.1862483e-05
390 0.00 6.487247197448e-02 5.3371507e-06
391 0.00 6.891603553401e-02 1.4430000e-05
392 0.00 7.265083836328e-02 3.1076771e-05
393 0.00 6.960167997742e-02 4.4732012e-06
394 0.00 6.723987903472e-02 1.3974436e-05
395 0.00 6.330454502756e-02 1.3440283e-05
396 0.00 7.047342097269e-02 1.5782036e-05
397 0.00 6.275504053068e-02 1.9290776e-05
398 0.00 6.915288182506e-02 1.6153649e-05
399 0.00 6.909106610252e-02 1.8541506e-05
400 0.00 6.675011436304e-02 9.7652067e-06
401 0.00 7.129178684148e-02 2.6394635e-05
402 0.00 6.548365695534e-02 2.0008637e-05
403 0.00 7.986738200074e-02 2.3810236e-05
404 0.00 6.942146638153e-02 1.2563509e-05
405 0.00 7.115780202648e-02 1.3751005e-05
406 0.00 7.256734836623e-02 1.1919503e-05
407 0.00 7.464432712430e-02 9.6178522e-06
408 0.00 7.667582159923e-02 1.6062544e-05
409 0.00 6.499574385894e-02 1.1275530e-05
410 0.00 6.214476983474e-02 1.6201129e-05
411 0.00 6.654597125246e-02 8.3112711e-06
412 0.00 6.821418012608e-02 2.0345930e-05
413 0.00 6.766418778614e-02 1.4507944e-05
414 0.00 6.665191088171e-02 8.1424885e-06
415 0.00 7.178405636377e-02 1.1380180e-05
416 0.00 6.987823603263e-02 2.2806115e-05
417 0.00 6.693033633222e-02 1.3185747e-05
418 0.00 6.811352230688e-02 1.6049032e-05
419 0.00 6.736157647845e-02 7.3205540e-06
420 0.00 6.863042987583e-02 1.4937430e-05
421 0.00 7.271476518822e-02 9.1002339e-06
422 0.00 7.227729934485e-02 1.3043235e-05
423 0.00 7.508069946268e-02 2.7025122e-05
424 0.00 6.664685822141e-02 2.6764424e-05
425 0.00 6.936117711718e-02 2.3263331e-05
426 0.00 6.872741619345e-02 2.2910504e-05
427 0.00 7.476953184251e-02 2.1940346e-05
428 0.00 6.452312616791e-02 1.3605753e-05
429 0.00 7.647519582789e-02 1.4458450e-05
430 0.00 7.195758226773e-02 1.6197831e-05
431 0.00 6.873996693421e-02 1.6544581e-05
432 0.00 6.861803769606e-02 9.2271255e-06
433 0.00 6.623695265475e-02 1.2896254e-05
434 0.00 6.264390825183e-02 1.3436423e-05
435 0.00 7.648247532689e-02 1.0778649e-05
436 0.00 6.792998952501e-02 1.6472467e-05
437 0.00 6.814145244679e-02 1.7263428e-05
438 0.00 6.637070588296e-02 2.5703631e-05
439 0.00 6.192228262033e-02 6.6826145e-06
440 0.00 6.230278381656e-02 1.1922186e-05
441 0.00 6.693519150308e-02 9.0230889e-06
442 0.00 7.444639075455e-02 2.5271277e-05
443 0.00 6.336538280771e-02 8.3002508e-06
444 0.00 6.835565563599e-02 2.3449031e-05
445 0.00 7.182264189918e-02 1.4991231e-05
446 0.00 7.037044754919e-02 3.2252795e-06
447 0.00 6.212285322413e-02 1.0331189e-05
448 0.00 6.508591219323e-02 9.6090273e-06
449 0.00 6.238875313990e-02 1.6654462e-05
450 0.00 7.055107874777e-02 2.0043075e-05
451 0.00 7.512837295696e-02 2.1579568e-05
452 0.00 7.399115881950e-02 1.1406099e-05
453 0.00 6.619793616434e-02 1.3766494e-05
454 0.00 7.435485544853e-02 1.3633783e-05
455 0.00 5.973295447416e-02 1.7690930e-05
456 0.00 7.000441279015e-02 9.7416374e-06
457 0.00 6.704715296382e-02 1.4782928e-05
458 0.00 6.781572696887e-02 3.2432162e-05
459 0.00 6.768668194700e-02 1.4771198e-05
460 0.00 7.293115636218e-02 5.1489624e-06
461 0.00 6.672027088120e-02 1.8216680e-05
462 0.00 6.581016233233e-02 1.6326992e-05
463 0.00 6.404970389213e-02 1.5097732e-05
464 0.00 7.131950670242e-02 2.0547586e-05
465 0.00 6.505565394652e-02 1.9218007e-05
466 0.00 6.320694396893e-02 1.2458042e-05
467 0.00 6.413628488372e-02 1.0745767e-05
468 0.00 7.645702754934e-02 1.4032063e-05
469 0.00 6.906430965729e-02 8.8144000e-06
470 0.00 6.585601586767e-02 1.2632443e-05
471 0.00 6.630081801191e-02 6.3587461e-06
472 0.00 6.321601686716e-02 6.3721356e-06
473 0.00 6.695788575475e-02 6.7556172e-06
474 0.00 6.452703287662e-02 1.1252197e-05
475 0.00 6.654332811474e-02 1.1386358e-05
476 0.00 6.748747476009e-02 2.1535253e-05
477 0.00 7.347881879509e-02 1.1707648e-05
478 0.00 6.951098655534e-02 2.0422827e-05
479 0.00 6.991958619990e-02 2.6194200e-05
480 0.00 6.257938377964e-02 1.7760449e-05
481 0.00 6.686595547299e-02 1.6377685e-05
482 0.00 7.071524959057e-02 1.3548389e-05
483 0.00 6.552005164431e-02 6.9517785e-06
484 0.00 6.363766163586e-02 9.5340614e-06
485 0.00 6.660731779152e-02 6.9304708e-06
486 0.00 7.012585013905e-02 2.7246907e-05
487 0.00 6.343508791660e-02 1.0207669e-05
488 0.00 6.233275784093e-02 1.2207633e-05
489 0.00 6.556707044373e-02 8.3194667e-06
490 0.00 6.127884014387e-02 1.0341386e-05
491 0.00 6.756142760956e-02 9.4563237e-06
492 0.00 6.398456470280e-02 1.2411952e-05
493 0.00 6.509831562645e-02 3.5851542e-06
494 0.00 6.722064267897e-02 1.3889959e-05
495 0.00 6.936128112518e-02 9.1842694e-06
496 0.00 6.587538613314e-02 1.3815368e-05
497 0.00 7.055997997989e-02 8.4433512e-06
498 0.00 6.526835903369e-02 1.3991177e-05
499 0.00 6.878577429359e-02 2.9208471e-05
500 0.00 6.782029781923e-02 1.5465671e-05
1 0.25 6.698727539100e-02 2.6038727e-05
2 0.25 6.602549035647e-02 1.1782885e-05
3 0.25 6.710531980326e-02 3.5436761e-05
4 0.25 6.960205162790e-02 1.6617562e-05
5 0.25 7.108755359770e-02 1.1353409e-05
6 0.25 6.741622151328e-02 4.4670580e-06
7 0.25 7.282994975477e-02 2.6634638e-05
8 0.25 6.991964848992e-02 4.3821124e-06
9 0.25 6.499696363363e-02 1.4402760e-05
10 0.25 6.452599309822e-02 5.9084909e-06
11 0.25 6.878954287914e-02 1.2002049e-05
12 0.25 6.770260981128e-02 1.2907999e-05
13 0.25 6.510460679950e-02 1.7376822e-05
14 0.25 7.078476376059e-02 1.7359270e-05
15 0.25 6.615796629042e-02 8.1510399e-06
16 0.25 6.897142103640e-02 2.1215468e-05
17 0.25 6.798187097893e-02 4.5304970e-06
18 0.25 6.293496666558e-02 1.0972522e-05
19 0.25 6.538301806121e-02 1.2612998e-05
20 0.25 6.256238642415e-02 1.6830264e-05
21 0.25 7.152934636223e-02 1.9503561e-05
22 0.25 6.071454646796e-02 1.6892433e-05
23 0.25 6.812197722083e-02 1.1442380e-05
24 0.25 6.847272363255e-02 1.5306672e-05
25 0.25 6.565653962013e-02 1.1710276e-05
26 0.25 6.508434433856e-02 1.5163154e-05
27 0.25 6.433991394979e-02 1.0003638e-05
28 0.25 6.514462606434e-02 1.9852352e-05
29 0.25 6.561964945510e-02 8.6908030e-06
30 0.25 6.441595586090e-02 2.3623292e-06
31 0.25 6.419406292126e-02 1.1265635e-05
32 0.25 7.086888640361e-02 1.2985480e-05
33 0.25 6.531929247589e-02 1.4379038e-05
34 0.25 6.657328821881e-02 1.1527023e-05
35 0.25 6.010156242538e-02 1.0170631e-05
36 0.25 6.867150165600e-02 2.9205780e-05
37 0.25 6.634205977015e-02 8.2619374e-06
38 0.25 7.414990915077e-02 1.1456964e-05
39 0.25 6.046843872172e-02 1.1235707e-05
40 0.25 6.434916259838e-02 1.5821359e-05
41 0.25 6.682410663983e-02 2.2345165e-05
42 0.25 6.343275066231e-02 9.4837158e-06
43 0.25 6.631406063536e-02 1.5208437e-05
44 0.25 6.865375678998e-02 8.5515198e-06
45 0.25 6.865605032335e-02 1.1323881e-05
46 0.25 6.767433374425e-02 3.1639540e-05
47 0.25 7.063639446886e-02 1.5444946e-05
48 0.25 6.481145126082e-02 2.1261432e-05
49 0.25 6.701351279319e-02 1.2937822e-05
50 0.25 7.151074299288e-02 1.3694345e-05
51 0.25 6.932523881485e-02 9.1399847e-06
52 0.25 6.348195709596e-02 1.1689346e-05
53 0.25 7.291587044440e-02 1.4363889e-05
54 0.25 7.564336893596e-02 1.3934806e-05
55 0.25 7.129956304501e-02 8.8431248e-06
56 0.25 6.411030380151e-02 1.0386079e-05
57 0.25 6.900178636032e-02 8.9308416e-06
58 0.25 6.741652412699e-02 6.9947792e-06
59 0.25 6.996023871899e-02 3.5880397e-05
60 0.25 6.775478246910e-02 1.5389470e-05
61 0.25 6.288548713530e-02 1.4448758e-05
62 0.25 7.335998857455e-02 2.0095478e-05
63 0.25 7.143796947614e-02 1.7284579e-05
64 0.25 6.172163035310e-02 8.0406373e-06
65 0.25 7.653499957777e-02 4.1527773e-05
66 0.25 6.785192817064e-02 1.5267639e-05
67 0.25 6.457478549759e-02 2.3068076e-05
68 0.25 6.738123776344e-02 9.3318378e-06
69 0.25 6.620282734314e-02 7.7337961e-06
70 0.25 6.725479617427e-02 5.7592736e-06
71 0.25 6.722268397652e-02 2.2238885e-05
72 0.25 6.463050357504e-02 1.5322382e-05
73 0.25 6.815331851439e-02 3.7303779e-06
74 0.25 6.494202680979e-02 9.1987042e-06
75 0.25 6.830188497123e-02 4.3946755e-06
76 0.25 7.215110190777e-02 2.5519415e-05
77 0.25 6.588110384384e-02 2.4828218e-05
78 0.25 6.256416316733e-02 2.2449922e-05
79 0.25 6.826491128912e-02 2.0780416e-05
80 0.25 6.586224023912e-02 1.1705689e-05
81 0.25 7.013872200600e-02 1.7619399e-05
82 0.25 6.499207990609e-02 1.8291618e-05
83 0.25 6.293236042723e-02 1.0492946e-05
84 0.25 6.398648417746e-02 1.8118788e-05
85 0.25 6.825561802052e-02 9.7783910e-06
86 0.25 7.120341135455e-02 1.7978965e-05
87 0.25 6.894694237862e-02 4.5658773e-06
88 0.25 6.144639112030e-02 5.2539030e-06
89 0.25 6.535130649924e-02 3.0991095e-05
90 0.25 6.777208325773e-02 6.4083735e-06
91 0.25 5.780036969503e-02 4.2513003e-06
92 0.25 6.708422724133e-02 1.9582876e-05
93 0.25 6.506051722759e-02 1.3915248e-05
94 0.25 6.849320360478e-02 9.9816145e-06
95 0.25 6.724920014383e-02 1.7913550e-05
96 0.25 6.872278034570e-02 2.4972674e-05
97 0.25 6.789477138271e-02 1.4770958e-05
98 0.25 7.238725744362e-02 7.6755128e-06
99 0.25 7.056892890425e-02 2.0751342e-05
100 0.25 6.359182616960e-02 1.4172433e-05
101 0.25 7.377648013326e-02 2.2916769e-05
102 0.25 7.292001299556e-02 1.4026972e-05
103 0.25 6.854291608912e-02 2.3724643e-05
104 0.25 6.468538665857e-02 1.4360615e-05
105 0.25 6.784371683104e-02 1.2036980e-05
106 0.25 7.091007631053e-02 2.3310467e-05
107 0.25 6.861141601135e-02 1.3209875e-05
108 0.25 7.341073591527e-02 1.0234428e-05
109 0.25 6.823167665864e-02 1.0445449e-05
110 0.25 6.417753096538e-02 9.0413661e-06
111 0.25 6.770307777802e-02 1.2833036e-05
112 0.25 6.686030750596e-02 2.4746658e-05
113 0.25 6.785654820412e-02 1.5659988e-05
114 0.25 7.234242500663e-02 1.7595978e-05
115 0.25 6.559803136919e-02 1.7719297e-05
116 0.25 6.681768555170e-02 1.1238532e-06
117 0.25 6.547821947712e-02 3.0276161e-05
118 0.25 7.100089835064e-02 1.2206372e-05
119 0.25 6.493498088544e-02 1.3669065e-05
120 0.25 7.288392586526e-02 3.7755913e-05
121 0.25 6.934470265092e-02 1.3589986e-05
122 0.25 6.564065522301e-02 1.7597840e-05
123 0.25 6.660831444365e-02 1.0493653e-05
124 0.25 6.635312285479e-02 1.4093090e-05
125 0.25 6.794230944220e-02 1.5010323e-05
126 0.25 7.497870330678e-02 2.0394607e-05
127 0.25 6.142242784486e-02 1.6713621e-05
128 0.25 6.818739011723e-02 1.5976342e-05
129 0.25 6.739159717103e-02 8.5644198e-06
130 0.25 6.899400519559e-02 1.2355329e-05
131 0.25 6.381553096320e-02 8.0605494e-06
132 0.25 7.638714331329e-02 1.0603488e-05
133 0.25 6.777799382632e-02 9.6575865e-06
134 0.25 6.815660756652e-02 6.2897604e-06
135 0.25 6.951238980414e-02 1.1313919e-05
136 0.25 6.881377423996e-02 1.6014978e-05
137 0.25 6.302064949374e-02 1.4734021e-05
138 0.25 6.484385423754e-02 2.6551048e-05
139 0.25 6.521002277362e-02 7.6425755e-06
140 0.25 6.053411364461e-02 1.9134568e-05
141 0.25 6.915210606801e-02 1.8688009e-05
142 0.25 5.892117986621e-02 5.4949577e-06
143 0.25 6.426962698588e-02 2.3719401e-05
144 0.25 6.901968525989e-02 9.6055057e-06
145 0.25 7.340033265652e-02 5.4611017e-06
146 0.25 6.386141051154e-02 6.8507871e-06
147 0.25 7.061706198372e-02 2.1986885e-05
148 0.25 6.459543531668e-02 7.6237110e-06
149 0.25 6.779919726713e-02 6.5421985e-06
150 0.25 7.114827705306e-02 2.1939365e-05
151 0.25 6.487408352422e-02 4.5018487e-06
152 0.25 6.607910504981e-02 6.5162735e-06
153 0.25 6.155958828181e-02 1.3348019e-05
154 0.25 7.092948839290e-02 6.1361248e-06
155 0.25 6.381303430674e-02 1.7467711e-05
156 0.25 6.927866763227e-02 7.7870801e-06
157 0.25 7.069956162471e-02 3.8218078e-06
158 0.25 6.414198359915e-02 1.2901447e-05
159 0.25 7.040825437814e-02 2.0584608e-05
160 0.25 6.254748033357e-02 1.2427860e-05
161 0.25 6.811993865789e-02 1.4137666e-05
162 0.25 6.602347024647e-02 1.9591886e-05
163 0.25 6.423323814539e-02 1.8398480e-05
164 0.25 6.904802553177e-02 5.1109308e-06
165 0.25 7.050858415246e-02 1.0409647e-05
166 0.25 6.867599005544e-02 1.0552291e-05
167 0.25 6.297626109382e-02 2.0089156e-05
168 0.25 7.419300322584e-02 1.7177787e-05
169 0.25 6.150627879441e-02 2.0612573e-05
170 0.25 6.444317794231e-02 1.2839009e-05
171 0.25 6.111461343886e-02 4.3122420e-05
172 0.25 6.737444942660e-02 1.3591048e-05
173 0.25 6.566681307885e-02 1.0604132e-05
174 0.25 6.422707832078e-02 6.0781917e-06
175 0.25 6.841410306280e-02 1.7688320e-05
176 0.25 7.054537211806e-02 2.4120617e-05
177 0.25 7.065069512993e-02 1.5338644e-05
178 0.25 7.052581620303e-02 1.6710728e-05
179 0.25 6.321611192919e-02 2.7131700e-05
180 0.25 6.341059739334e-02 1.2638921e-05
181 0.25 6.330628620388e-02 7.2301557e-06
182 0.25 6.568567830044e-02 2.0720820e-05
183 0.25 6.692253218790e-02 2.0563338e-05
184 0.25 6.443009014408e-02 1.5242746e-05
185 0.25 6.154217596018e-02 1.5101155e-05
186 0.25 6.718804695003e-02 3.3521193e-06
187 0.25 6.776874096479e-02 6.3183220e-06
188 0.25 6.444491970373e-02 5.0024310e-06
189 0.25 6.471560243150e-02 2.0716266e-05
190 0.25 6.841193264794e-02 7.3271254e-06
191 0.25 6.446401243384e-02 9.3015001e-06
192 0.25 7.391918392034e-02 1.3261963e-05
193 0.25 5.989291694085e-02 1.2689974e-05
194 0.25 7.045869104039e-02 1.6861524e-05
195 0.25 6.574320812430e-02 6.9684298e-06
196 0.25 6.677866585184e-02 1.7984775e-05
197 0.25 7.272049463796e-02 1.3024617e-05
198 0.25 6.585591332851e-02 1.0578060e-05
199 0.25 6.536525586595e-02 1.2032963e-05
200 0.25 6.869101842016e-02 2.6810479e-05
201 0.25 7.266844678863e-02 2.1708951e-05
202 0.25 6.463739200696e-02 7.6630287e-06
203 0.25 6.685024110740e-02 2.9735839e-05
204 0.25 6.858834489346e-02 1.8339668e-05
205 0.25 6.525814105241e-02 8.9254930e-06
206 0.25 5.892985025488e-02 7.7647027e-06
207 0.25 5.831072743257e-02 1.1500196e-05
208 0.25 6.706343335506e-02 8.4996329e-06
209 0.25 6.795625741449e-02 1.7673130e-05
210 0.25 7.116723434270e-02 2.1759238e-05
211 0.25 6.681065688777e-02 6.4986988e-06
212 0.25 6.276510908312e-02 1.3675805e-05
213 0.25 6.237106297168e-02 4.0748005e-06
214 0.25 6.308293397402e-02 2.7965325e-05
215 0.25 6.351724128902e-02 1.0233028e-05
216 0.25 7.122656592254e-02 1.1873168e-05
217 0.25 6.840929862833e-02 8.3434172e-06
218 0.25 6.536255216969e-02 3.0771194e-06
219 0.25 7.811057915877e-02 3.0763787e-05
220 0.25 7.646897435777e-02 1.9758113e-05
221 0.25 6.815166696296e-02 1.9520755e-05
222 0.25 6.600380023555e-02 1.1842150e-05
223 0.25 7.116153494396e-02 1.5192130e-05
224 0.25 6.001745269411e-02 7.7126463e-06
225 0.25 7.296088579132e-02 1.6853938e-05
226 0.25 7.274320205537e-02 1.0519040e-05
227 0.25 6.786576628935e-02 1.9675935e-05
228 0.25 6.734406323105e-02 2.4855796e-05
229 0.25 6.715796067031e-02 1.7073150e-05
230 0.25 6.592014259115e-02 7.4745808e-06
231 0.25 6.927400429830e-02 1.7009356e-05
232 0.25 6.278902224314e-02 1.5761580e-05
233 0.25 6.561129535870e-02 2.1412290e-05
234 0.25 6.193965540722e-02 8.4503156e-06
235 0.25 7.044612509675e-02 1.2854830e-05
236 0.25 6.461622709122e-02 8.6385241e-06
237 0.25 5.922140719954e-02 1.3201518e-05
238 0.25 7.168454001293e-02 7.2996918e-06
239 0.25 6.283359583897e-02 6.3209439e-06
240 0.25 7.411497619158e-02 1.7938783e-05
241 0.25 6.950730167677e-02 3.8395066e-06
242 0.25 6.641901769451e-02 1.4985929e-05
243 0.25 7.000336373070e-02 2.2931532e-05
244 0.25 6.865845211166e-02 1.6054472e-05
245 0.25 6.865070858423e-02 5.6351347e-06
246 0.25 7.322015284143e-02 1.8983798e-05
247 0.25 6.666247687817e-02 1.4343998e-05
248 0.25 7.205297857846e-02 1.2910581e-05
249 0.25 7.126301619783e-02 2.3956283e-05
250 0.25 7.052548880339e-02 2.2192957e-05
251 0.25 6.698865945871e-02 1.2675906e-05
252 0.25 7.279564870395e-02 8.3623181e-06
253 0.25 6.622824691050e-02 1.4574092e-05
254 0.25 7.196549485663e-02 7.7804612e-06
255 0.25 6.495496903542e-02 2.0072812e-05
256 0.25 6.945913247176e-02 2.0146161e-05
257 0.25 6.289856493328e-02 5.5133422e-06
258 0.25 6.384887108343e-02 2.8012762e-05
259 0.25 6.805657833015e-02 1.5658377e-05
260 0.25 6.500234183164e-02 5.1633557e-06
261 0.25 7.093242514160e-02 2.0655998e-05
262 0.25 6.135976727171e-02 1.4888881e-05
263 0.25 7.370359474236e-02 9.5508739e-06
264 0.25 6.227079317287e-02 1.5387790e-05
265 0.25 6.352496051767e-02 1.9749548e-05
266 0.25 6.954787246134e-02 2.1075153e-05
267 0.25 6.163228760203e-02 8.0022671e-06
268 0.25 6.628195755436e-02 5.5902877e-06
269 0.25 6.573085948273e-02 4.0726125e-05
270 0.25 6.467848002524e-02 1.8039665e-05
271 0.25 6.321696790539e-02 1.0993956e-05
272 0.25 6.040464729280e-02 8.1007922e-06
273 0.25 6.533428544883e-02 2.2897793e-05
274 0.25 6.405729260270e-02 1.5854759e-05
275 0.25 6.192878987148e-02 2.8284772e-05
276 0.25 6.974741181172e-02 8.1947898e-06
277 0.25 6.499755547774e-02 9.7347480e-06
278 0.25 6.934637904440e-02 9.2424194e-06
279 0.25 6.624613620629e-02 1.2502259e-05
280 0.25 7.264925151924e-02 1.3300071e-05
281 0.25 6.647788858829e-02 1.7990861e-05
282 0.25 7.227149688958e-02 1.7796770e-05
283 0.25 6.448063704662e-02 6.7399738e-06
284 0.25 6.468567499093e-02 1.6525878e-05
285 0.25 7.372811431950e-02 2.1114687e-05
286 0.25 6.810426587512e-02 2.5956655e-05
287 0.25 6.734227401288e-02 1.4439507e-05
288 0.25 7.377029197366e-02 3.4600115e-05
289 0.25 7.138711873505e-02 1.8264709e-05
290 0.25 6.512759471360e-02 2.9938868e-05
291 0.25 7.837310736976e-02 1.7426803e-05
292 0.25 6.875649663101e-02 9.0475763e-06
293 0.25 6.598081574790e-02 3.3016698e-05
294 0.25 7.123997542767e-02 1.7160744e-05
295 0.25 7.378597671721e-02 3.1957374e-05
296 0.25 6.849567065279e-02 2.0238662e-05
297 0.25 6.702612706252e-02 3.2932611e-05
298 0.25 6.847431074631e-02 4.8494949e-05
299 0.25 7.447489968395e-02 1.5544549e-05
300 0.25 6.981424806349e-02 6.7670877e-06
301 0.25 6.764514635109e-02 1.0287509e-05
302 0.25 6.894151732469e-02 2.3635265e-05
303 0.25 6.848176880629e-02 1.7159000e-05
304 0.25 6.590037628933e-02 1.4736977e-05
305 0.25 6.674185029279e-02 1.5267817e-05
306 0.25 6.461109069759e-02 1.1348604e-05
307 0.25 6.615205761559e-02 2.0532231e-05
308 0.25 6.535935787578e-02 9.8541259e-06
309 0.25 6.443026949484e-02 1.2943400e-05
310 0.25 7.063632825232e-02 1.4825693e-05
311 0.25 6.531522592551e-02 6.7515888e-06
312 0.25 6.748510110050e-02 9.4504548e-06
313 0.25 7.532435634063e-02 2.3654491e-05
314 0.25 6.793740830884e-02 9.1668506e-06
315 0.25 6.651559963790e-02 1.8809752e-05
316 0.25 7.038514151009e-02 1.2154903e-05
317 0.25 6.588795521961e-02 4.9874943e-06
318 0.25 6.824269216259e-02 2.4703224e-05
319 0.25 7.061135620435e-02 1.6832503e-05
320 0.25 6.327920155943e-02 1.3116381e-05
321 0.25 6.775058182180e-02 3.6144604e-05
322 0.25 7.233842450626e-02 2.5432887e-05
323 0.25 6.793679951150e-02 9.7326686e-06
324 0.25 6.493140943059e-02 1.9370888e-05
325 0.25 7.290088325080e-02 1.5313871e-05
326 0.25 6.560452164439e-02 1.4377707e-05
327 0.25 6.098780654629e-02 6.7499442e-06
328 0.25 6.852223480777e-02 7.4603737e-06
329 0.25 6.006022346043e-02 1.0439554e-05
330 0.25 6.866324276882e-02 9.5357274e-06
331 0.25 7.301408756121e-02 1.0152051e-05
332 0.25 6.853368080031e-02 1.1946958e-05
333 0.25 6.640855951328e-02 1.9719700e-05
334 0.25 6.255594573082e-02 5.7990868e-06
335 0.25 7.019786599630e-02 6.7645017e-06
336 0.25 6.084636750209e-02 7.4438288e-06
337 0.25 6.459123102970e-02 2.7241012e-05
338 0.25 6.377690358490e-02 1.1767765e-05
339 0.25 6.632852698959e-02 9.4747782e-06
340 0.25 6.675951757798e-02 3.7227099e-05
341 0.25 6.915535376313e-02 2.9327000e-05
342 0.25 6.835485922372e-02 1.5947879e-05
343 0.25 6.759014803810e-02 1.3423636e-05
344 0.25 6.696140367324e-02 1.6698787e-05
345 0.25 6.261531624565e-02 4.6115798e-06
346 0.25 6.821172145526e-02 1.8878568e-05
347 0.25 6.134129975960e-02 8.3697565e-06
348 0.25 7.033555782135e-02 9.3933003e-06
349 0.25 6.817051159431e-02 1.6668579e-05
350 0.25 6.461442709250e-02 1.0317460e-05
351 0.25 6.730144159483e-02 1.8877481e-05
352 0.25 7.240837478424e-02 2.5427005e-05
353 0.25 7.088263028921e-02 2.2395185e-05
354 0.25 6.518909069097e-02 1.1267371e-05
355 0.25 7.013645488017e-02 1.4852963e-05
356 0.25 6.989797538798e-02 1.5090443e-05
357 0.25 6.925113079696e-02 1.9124677e-05
358 0.25 6.690925527318e-02 1.8083042e-05
359 0.25 6.600961195280e-02 1.5008646e-05
360 0.25 6.215246236808e-02 5.7895194e-06
361 0.25 6.710883504616e-02 7.7875557e-06
362 0.25 6.877409881372e-02 2.8483423e-05
363 0.25 6.924514634495e-02 7.6523106e-06
364 0.25 7.585214189552e-02 1.0558292e-05
365 0.25 6.981788654357e-02 2.2296939e-05
366 0.25 6.879848557553e-02 6.2899641e-06
367 0.25 6.065807682684e-02 2.2295091e-05
368 0.25 7.049428387979e-02 1.5761790e-05
369 0.25 7.166438299858e-02 8.9887960e-06
370 0.25 6.490217659784e-02 6.8148938e-06
371 0.25 6.424266398471e-02 6.4197912e-06
372 0.25 6.304925948112e-02 1.4476826e-05
373 0.25 7.314627666921e-02 1.4119099e-05
374 0.25 7.128960875096e-02 2.0578398e-05
375 0.25 6.946365697958e-02 2.6528032e-05
376 0.25 7.075474986531e-02 1.7977998e-05
377 0.25 6.675709529004e-02 3.3577310e-05
378 0.25 6.839418580780e-02 1.2203754e-05
379 0.25 6.425299316600e-02 6.4159342e-06
380 0.25 6.403856141283e-02 1.5834536e-05
381 0.25 6.771025534383e-02 3.0412333e-05
382 0.25 7.047601923636e-02 1.0307649e-05
383 0.25 6.293537782248e-02 1.2777787e-05
384 0.25 6.857377879329e-02 1.3958041e-05
385 0.25 6.405644759072e-02 1.8679858e-05
386 0.25 6.598425689721e-02 9.8975065e-06
387 0.25 6.094823164465e-02 1.0795579e-05
388 0.25 6.032928986841e-02 1.6194544e-05
389 0.25 7.411774265726e-02 1.5568389e-05
390 0.25 6.192967346176e-02 1.1078926e-05
391 0.25 6.932301476435e-02 2.7914673e-05
392 0.25 7.152700630755e-02 2.6850026e-05
393 0.25 6.869007173797e-02 5.9160143e-06
394 0.25 6.778661641728e-02 2.0135670e-05
395 0.25 6.275302746668e-02 1.5493103e-05
396 0.25 6.912798079864e-02 1.5337234e-05
397 0.25 6.128164312489e-02 3.1642288e-06
398 0.25 6.865105880726e-02 1.4381068e-05
399 0.25 6.795300187097e-02 6.8895370e-06
400 0.25 6.746672028316e-02 1.3921840e-05
401 0.25 6.967053028211e-02 3.2962182e-05
402 0.25 6.566200735570e-02 6.6853753e-06
403 0.25 7.856877634391e-02 1.9964750e-05
404 0.25 7.025041963376e-02 2.8011306e-05
405 0.25 7.099051296626e-02 7.7736467e-06
406 0.25 6.964914011430e-02 1.7443837e-05
407 0.25 7.430747204844e-02 1.6189328e-05
408 0.25 7.273975349744e-02 1.3868546e-05
409 0.25 6.611005931308e-02 2.3288576e-05
410 0.25 5.869951128503e-02 8.5530176e-06
411 0.25 6.440552455731e-02 2.4502181e-05
412 0.25 6.845998032702e-02 8.5395177e-06
413 0.25 6.563438459532e-02 1.4379230e-05
414 0.25 6.583957807926e-02 1.6579628e-06
415 0.25 6.484893246966e-02 2.6402844e-05
416 0.25 6.909724704577e-02 1.9918227e-05
417 0.25 6.587474852267e-02 1.3086435e-05
418 0.25 6.599801675546e-02 3.8192926e-06
419 0.25 6.800317858539e-02 7.9287249e-06
420 0.25 6.999080623763e-02 1.5748746e-05
421 0.25 7.518055432599e-02 3.3903572e-05
422 0.25 7.376931899918e-02 2.2825261e-05
423 0.25 7.576997271323e-02 2.4602696e-05
424 0.25 6.371624397961e-02 1.2314470e-05
425 0.25 6.808128156669e-02 2.4189639e-05
426 0.25 6.772996068269e-02 6.7296566e-06
427 0.25 7.607291266501e-02 2.7461733e-05
428 0.25 6.581721584205e-02 9.0471978e-06
429 0.25 7.642816432224e-02 1.5360130e-05
430 0.25 7.302432409816e-02 1.0320785e-05
431 0.25 6.791027533721e-02 6.0313363e-06
432 0.25 6.723074339313e-02 2.3542969e-05
433 0.25 6.713332114565e-02 6.4869645e-06
434 0.25 6.290995800566e-02 1.1646771e-05
435 0.25 7.635008138192e-02 1.1206298e-05
436 0.25 6.684511961239e-02 7.2912279e-06
437 0.25 6.503593976159e-02 1.1337325e-05
438 0.25 6.453628447181e-02 8.3371493e-06
439 0.25 6.017602635451e-02 1.7594085e-05
440 0.25 6.228468086093e-02 4.6407518e-06
441 0.25 6.541402094872e-02 1.4534209e-05
442 0.25 7.145754893286e-02 1.1951914e-05
443 0.25 6.008375699719e-02 1.4772148e-05
444 0.25 6.828999242248e-02 1.3824444e-05
445 0.25 7.016105855979e-02 2.0104805e-05
446 0.25 6.767667209370e-02 3.6529688e-06
447 0.25 6.568748132335e-02 8.1466090e-06
448 0.25 6.520586194106e-02 8.8670226e-06
449 0.25 6.375916795244e-02 9.1519556e-06
450 0.25 6.974718635229e-02 2.1779520e-05
451 0.25 7.319966297037e-02 5.2922904e-06
452 0.25 7.258975706089e-02 8.7044642e-06
453 0.25 6.541044557586e-02 4.2325387e-05
454 0.25 7.191133573957e-02 2.1957649e-05
455 0.25 6.164761068073e-02 2.5774803e-05
456 0.25 7.075664601287e-02 1.5354598e-05
457 0.25 6.557839863977e-02 2.4318457e-05
458 0.25 6.609525623154e-02 1.1281091e-05
459 0.25 6.371544818428e-02 1.4211055e-05
460 0.25 7.245662567468e-02 1.9344627e-05
461 0.25 6.572777201042e-02 1.5932213e-05
462 0.25 6.738614127321e-02 1.6824865e-05
463 0.25 6.189686118672e-02 7.8047394e-06
464 0.25 7.127681436799e-02 2.0935590e-05
465 0.25 6.510005320129e-02 8.2880429e-06
466 0.25 6.222772911623e-02 7.1597036e-06
467 0.25 6.585741147207e-02 1.5438180e-05
468 0.25 7.132758536473e-02 4.6896974e-06
469 0.25 6.997706214626e-02 1.3300882e-05
470 0.25 6.480613226868e-02 1.1223770e-05
471 0.25 6.636178780904e-02 8.6020900e-06
472 0.25 6.298012657571e-02 7.1148855e-06
473 0.25 6.593706091276e-02 3.0792607e-05
474 0.25 6.560856382367e-02 1.9302108e-05
475 0.25 6.750682931752e-02 2.0284289e-05
476 0.25 6.927738876501e-02 1.4058461e-05
477 0.25 7.168577929429e-02 1.6439489e-05
478 0.25 7.080941984252e-02 8.4084473e-06
479 0.25 6.732723938558e-02 1.9204922e-05
480 0.25 6.086625905509e-02 8.4283552e-06
481 0.25 6.397090039072e-02 8.5688719e-06
482 0.25 7.082086763201e-02 9.4118323e-06
483 0.25 6.524338068235e-02 1.9943211e-05
484 0.25 6.362947156514e-02 2.4462693e-05
485 0.25 6.478953356579e-02 1.3893041e-05
486 0.25 7.186925577903e-02 1.7905982e-05
487 0.25 6.691920139312e-02 2.5652046e-05
488 0.25 6.281164711884e-02 1.6541583e-05
489 0.25 6.516720595737e-02 1.4830854e-05
490 0.25 6.150024693212e-02 2.1306538e-05
491 0.25 6.656177414616e-02 8.1808656e-06
492 0.25 6.389524304893e-02 5.9497168e-06
493 0.25 6.468591372245e-02 1.6553848e-05
494 0.25 6.916829094151e-02 1.6024973e-05
495 0.25 6.770983465181e-02 2.1027978e-05
496 0.25 6.432316360490e-02 2.8696490e-06
497 0.25 6.711892458432e-02 9.3791196e-06
498 0.25 6.395395135821e-02 1.3489489e-05
499 0.25 6.876540248377e-02 7.1534124e-06
500 0.25 6.768014502674e-02 1.3002620e-05
1 0.50 6.619906406295e-02 8.4946577e-06
2 0.50 6.244171396106e-02 1.5804738e-05
3 0.50 6.532890985525e-02 1.3348780e-05
4 0.50 6.900570204591e-02 1.6661156e-05
5 0.50 7.222684372976e-02 9.4634077e-06
6 0.50 6.604928015025e-02 8.0991782e-06
7 0.50 7.130716215841e-02 1.6085216e-05
8 0.50 6.900045065004e-02 1.2088813e-05
9 0.50 6.258407955950e-02 1.5761557e-05
10 0.50 6.535787104759e-02 1.3044018e-05
11 0.50 6.690728807318e-02 2.3127042e-05
12 0.50 6.464210314741e-02 1.2511616e-05
13 0.50 6.472377925538e-02 1.6134256e-05
14 0.50 6.996942803703e-02 2.1261257e-05
15 0.50 6.541297227736e-02 4.8506583e-06
16 0.50 6.789703144807e-02 2.1061699e-05
17 0.50 6.606280320675e-02 1.3033698e-05
18 0.50 6.373655353919e-02 1.4005652e-05
19 0.50 6.478034269970e-02 5.1302490e-06
20 0.50 6.023072941287e-02 1.4163201e-05
21 0.50 7.046201837528e-02 8.5915127e-06
22 0.50 6.307993298637e-02 9.8849448e-06
23 0.50 6.660130552367e-02 2.8402791e-05
24 0.50 6.884363927110e-02 8.2397826e-06
25 0.50 6.479847912567e-02 1.4347051e-05
26 0.50 6.527527496027e-02 9.7207695e-06
27 0.50 6.510778260133e-02 2.4530910e-05
28 0.50 6.577108873720e-02 2.5279371e-05
29 0.50 6.686458572952e-02 1.6977871e-05
30 0.50 6.322792001667e-02 1.1749684e-05
31 0.50 6.178679770624e-02 6.6418010e-06
32 0.50 7.011568523321e-02 3.2137520e-05
33 0.50 6.690305225885e-02 8.8087783e-06
34 0.50 6.939513336695e-02 1.0866640e-05
35 0.50 6.204015736572e-02 1.4812379e-05
36 0.50 6.627162779562e-02 1.9150833e-05
37 0.50 6.805328941701e-02 2.0824100e-05
38 0.50 7.691059055508e-02 1.6276245e-05
39 0.50 6.062341303465e-02 1.7147989e-05
40 0.50 6.457646114641e-02 1.2484579e-05
41 0.50 6.736572816893e-02 1.3963709e-05
42 0.50 6.230996796539e-02 8.0339442e-06
43 0.50 6.447183057109e-02 4.3503340e-06
44 0.50 6.749001236367e-02 2.2840463e-05
45 0.50 6.620604169446e-02 2.9283518e-05
46 0.50 6.762742511610e-02 1.2179144e-05
47 0.50 6.828066368134e-02 1.6982076e-05
48 0.50 6.828993891308e-02 4.1039845e-05
49 0.50 7.012346442716e-02 2.0796617e-05
50 0.50 7.291914743136e-02 2.0089154e-05
51 0.50 6.915857961258e-02 2.6105468e-05
52 0.50 6.471258197471e-02 1.5146290e-05
53 0.50 7.300889722062e-02 1.5776737e-05
54 0.50 7.554204702388e-02 1.6217171e-05
55 0.50 7.117352229235e-02 1.4119683e-05
56 0.50 6.343344486988e-02 1.1538311e-05
57 0.50 6.757428054978e-02 1.3928526e-05
58 0.50 6.621906698359e-02 1.1078712e-05
59 0.50 6.793401163336e-02 3.0616039e-05
60 0.50 6.618152525530e-02 7.5683560e-06
61 0.50 6.126595248835e-02 1.1016883e-05
62 0.50 7.351765570247e-02 2.4355871e-05
63 0.50 7.235563655159e-02 1.9216100e-05
64 0.50 6.360156705159e-02 2.5990572e-05
65 0.50 7.626534425424e-02 2.1841722e-05
66 0.50 6.811530461614e-02 2.5070875e-05
67 0.50 6.486975437474e-02 3.2918153e-05
68 0.50 6.713383085157e-02 9.3160556e-06
69 0.50 6.533689045018e-02 6.6229919e-06
70 0.50 6.356685231000e-02 8.0499429e-06
71 0.50 6.433690485419e-02 1.1691263e-05
72 0.50 6.347392838209e-02 1.9153479e-05
73 0.50 6.726698251169e-02 1.1662234e-05
74 0.50 6.626045251584e-02 9.5968747e-06
75 0.50 6.897913680441e-02 3.0966739e-06
76 0.50 6.994021128613e-02 2.5019622e-05
77 0.50 6.437733726042e-02 2.5795969e-05
78 0.50 6.118834460471e-02 1.1082909e-05
79 0.50 6.732407614814e-02 1.7163158e-06
80 0.50 6.709497862529e-02 1.2490996e-05
81 0.50 6.778506506456e-02 3.4255730e-05
82 0.50 6.371618067161e-02 6.7383745e-06
83 0.50 6.024443641586e-02 9.5868814e-06
84 0.50 6.164039771519e-02 9.4346349e-06
85 0.50 6.410972028057e-02 1.2406668e-05
86 0.50 6.751366695520e-02 6.1854887e-06
87 0.50 6.672888217651e-02 1.1320533e-05
88 0.50 6.088407155555e-02 1.7973250e-05
89 0.50 6.427156696756e-02 2.2554924e-05
90 0.50 6.840282668662e-02 1.7221460e-05
91 0.50 5.712624055545e-02 3.5357501e-05
92 0.50 6.712187429647e-02 2.3606758e-05
93 0.50 6.754626500854e-02 1.3424722e-05
94 0.50 7.060689941820e-02 2.2369201e-05
95 0.50 6.661291810083e-02 1.5072574e-05
96 0.50 6.604247936951e-02 1.3304381e-05
97 0.50 6.477335299414e-02 1.1792253e-05
98 0.50 6.900132956711e-02 1.8434570e-05
99 0.50 6.664922346995e-02 5.4390942e-06
100 0.50 6.355048180314e-02 2.5080014e-05
101 0.50 6.958723479970e-02 1.6227836e-05
102 0.50 7.163797608407e-02 1.9363611e-05
103 0.50 6.800069897364e-02 1.6157344e-05
104 0.50 6.556454744148e-02 1.2826583e-05
105 0.50 6.643641263766e-02 1.6040880e-05
106 0.50 7.032476986433e-02 2.0499743e-05
107 0.50 6.516590460078e-02 2.4167594e-05
108 0.50 7.070392616774e-02 1.4746317e-05
109 0.50 6.946208286114e-02 1.3248482e-05
110 0.50 6.288237804044e-02 1.1717743e-05
111 0.50 6.675004501057e-02 2.0615096e-05
112 0.50 6.588663361625e-02 1.7285690e-05
113 0.50 6.431738401511e-02 8.7571211e-06
114 0.50 7.251937508038e-02 1.8565768e-05
115 0.50 6.647021225732e-02 7.8341115e-06
116 0.50 6.458845968683e-02 1.3244173e-05
117 0.50 6.406706454217e-02 1.1959295e-05
118 0.50 7.389837597758e-02 1.9245594e-05
119 0.50 6.166606410434e-02 1.8025347e-05
120 0.50 7.256892340550e-02 1.1494442e-05
121 0.50 7.037807880494e-02 3.6972655e-05
122 0.50 6.487835315049e-02 1.3079436e-05
123 0.50 6.479875593437e-02 7.0290164e-06
124 0.50 6.512230657007e-02 2.5202721e-05
125 0.50 6.870542119315e-02 2.2221059e-05
126 0.50 7.241243939912e-02 9.2296949e-06
127 0.50 6.139220355053e-02 1.6350760e-05
128 0.50 6.707313417324e-02 4.1326746e-06
129 0.50 6.526671740808e-02 8.8286389e-06
130 0.50 6.785021668833e-02 8.0966199e-06
131 0.50 6.392509270300e-02 7.7950088e-06
132 0.50 7.296759359655e-02 2.1562568e-05
133 0.50 6.824619021513e-02 7.0106146e-06
134 0.50 6.690910740861e-02 1.3747574e-05
135 0.50 6.747709427857e-02 3.0585551e-05
136 0.50 6.488149618233e-02 1.6437267e-05
137 0.50 6.286034947543e-02 1.2977169e-05
138 0.50 6.260170556786e-02 1.9776530e-05
139 0.50 6.240131218228e-02 7.1367165e-06
140 0.50 5.809142392374e-02 1.5767592e-05
141 0.50 6.769049523485e-02 3.6393945e-05
142 0.50 6.041441811846e-02 1.3278991e-05
143 0.50 6.102475052509e-02 2.4650570e-05
144 0.50 6.598238307993e-02 3.8673903e-05
145 0.50 7.115655261002e-02 1.2526100e-05
146 0.50 6.464692484611e-02 9.3110201e-06
147 0.50 7.036091634944e-02 2.0168351e-05
148 0.50 6.330150311106e-02 9.5625739e-06
149 0.50 6.467387602570e-02 1.5574488e-05
150 0.50 7.019160972057e-02 9.7245071e-06
151 0.50 6.565453878532e-02 2.1586366e-05
152 0.50 6.687057801577e-02 1.0135730e-05
153 0.50 6.107570115194e-02 1.1311458e-05
154 0.50 7.138141326752e-02 1.5809084e-05
155 0.50 6.263881119853e-02 1.2308343e-05
156 0.50 6.664701218029e-02 7.2779276e-06
157 0.50 7.448694772402e-02 2.5568512e-05
158 0.50 6.051873089510e-02 1.7388445e-05
159 0.50 7.005021353978e-02 1.5014016e-05
160 0.50 6.310391989345e-02 1.3833898e-05
161 0.50 6.805750481173e-02 2.5275554e-05
162 0.50 6.299648388842e-02 1.6226179e-05
163 0.50 6.159524291189e-02 8.9398939e-06
164 0.50 6.708014794764e-02 2.1175126e-05
165 0.50 6.852481435824e-02 1.1656760e-05
166 0.50 6.485698998017e-02 2.0965795e-05
167 0.50 6.232139462510e-02 1.1386298e-05
168 0.50 7.088777606985e-02 3.6840128e-05
169 0.50 6.226022247826e-02 2.2213818e-05
170 0.50 6.822054756940e-02 1.6963909e-05
171 0.50 6.226311773054e-02 1.5336507e-05
172 0.50 6.851348042772e-02 1.9596607e-05
173 0.50 6.793101441351e-02 1.0715769e-05
174 0.50 6.436467377268e-02 2.5823580e-05
175 0.50 7.023659753847e-02 1.9983438e-05
176 0.50 6.899486460980e-02 1.6491305e-05
177 0.50 6.835643784686e-02 1.2494467e-05
178 0.50 6.672274434930e-02 1.2937575e-05
179 0.50 6.101405691153e-02 1.0999933e-05
180 0.50 6.511805437843e-02 1.7309293e-05
181 0.50 6.300730954199e-02 2.0464565e-05
182 0.50 6.307650585074e-02 1.5389682e-05
183 0.50 6.496700613577e-02 1.7829233e-05
184 0.50 6.477331200464e-02 2.1704383e-05
185 0.50 6.336078512629e-02 1.9836305e-05
186 0.50 6.637773467153e-02 1.4551327e-05
187 0.50 6.841639424412e-02 9.8965179e-06
188 0.50 6.642886537086e-02 1.3154676e-05
189 0.50 6.342245174716e-02 3.0324761e-05
190 0.50 6.905221234427e-02 2.1248274e-05
191 0.50 6.573432453195e-02 6.6223516e-06
192 0.50 7.192283379503e-02 2.2089137e-05
193 0.50 6.198917500970e-02 2.1083903e-05
194 0.50 6.909364920576e-02 8.1909821e-06
195 0.50 6.540629285071e-02 1.2657780e-05
196 0.50 6.434128461052e-02 1.0896499e-05
197 0.50 7.171379362952e-02 1.2980316e-05
198 0.50 6.310889531034e-02 1.9118014e-05
199 0.50 6.292254212746e-02 1.1946158e-05
200 0.50 6.916090134450e-02 1.1270282e-05
201 0.50 7.006540366319e-02 7.9058412e-06
202 0.50 6.506111918705e-02 1.6138850e-05
203 0.50 6.444093226932e-02 1.5899514e-05
204 0.50 7.082956584078e-02 2.0238922e-05
205 0.50 6.748418796515e-02 1.2384956e-05
206 0.50 5.938403962178e-02 1.7313285e-05
207 0.50 5.749829422991e-02 9.7475374e-06
208 0.50 6.524209930844e-02 1.6427477e-05
209 0.50 6.598308940137e-02 1.5980221e-05
210 0.50 6.943566023024e-02 2.3426863e-05
211 0.50 6.656296180945e-02 1.8530441e-05
212 0.50 6.120660979886e-02 9.7331165e-06
213 0.50 6.321437463857e-02 3.5582387e-06
214 0.50 6.370251658145e-02 6.0992493e-06
215 0.50 6.245945563636e-02 1.0798956e-05
216 0.50 7.035609953144e-02 2.5717637e-05
217 0.50 6.724317138103e-02 9.3678228e-06
218 0.50 6.480763242005e-02 1.3421324e-05
219 0.50 7.452985072437e-02 3.5803066e-05
220 0.50 7.281286788344e-02 1.8657465e-05
221 0.50 6.509428286857e-02 2.2700440e-05
222 0.50 6.376419592910e-02 1.7341413e-05
223 0.50 6.786197110733e-02 1.8403769e-05
224 0.50 6.009087850038e-02 1.5834558e-05
225 0.50 6.925196704109e-02 1.4260174e-05
226 0.50 7.102977585274e-02 1.3269133e-05
227 0.50 6.472646109093e-02 6.0992028e-06
228 0.50 6.751906701625e-02 3.4333345e-05
229 0.50 6.588035017654e-02 2.4810959e-05
230 0.50 6.476392015159e-02 1.5888450e-05
231 0.50 6.879411666207e-02 1.6383486e-05
232 0.50 6.217111080047e-02 1.3425566e-05
233 0.50 6.481235783428e-02 1.1671217e-05
234 0.50 6.098587310261e-02 9.0010512e-06
235 0.50 7.063665600460e-02 4.2042760e-05
236 0.50 6.982701552722e-02 1.3708086e-05
237 0.50 5.733430753114e-02 7.4394121e-06
238 0.50 7.355121743044e-02 1.5720965e-05
239 0.50 6.553278560614e-02 1.8430262e-05
240 0.50 7.326834838147e-02 1.7591173e-05
241 0.50 7.101710552233e-02 9.2551469e-06
242 0.50 6.818909635774e-02 4.6605330e-05
243 0.50 6.433689906591e-02 1.9765116e-05
244 0.50 7.067241835187e-02 3.1276404e-06
245 0.50 6.840585573947e-02 1.9748874e-05
246 0.50 7.336980286963e-02 7.1847159e-06
247 0.50 6.251432963858e-02 1.2051533e-05
248 0.50 7.106982197537e-02 1.5383074e-05
249 0.50 6.778795064240e-02 2.1113211e-05
250 0.50 6.849094849590e-02 2.3987842e-05
251 0.50 6.601184399579e-02 3.0904662e-05
252 0.50 7.149179820551e-02 2.7323170e-05
253 0.50 6.542850776977e-02 6.4327257e-06
254 0.50 7.231171108509e-02 1.4695789e-05
255 0.50 6.309374600529e-02 1.4470769e-05
256 0.50 6.768875272674e-02 2.9152315e-05
257 0.50 6.021581029633e-02 1.0629949e-05
258 0.50 6.449975152094e-02 1.4262641e-05
259 0.50 7.168135506897e-02 1.4335102e-05
260 0.50 6.500146602487e-02 1.4218573e-05
261 0.50 6.484240443063e-02 8.5799614e-06
262 0.50 6.111957616285e-02 1.6056237e-05
263 0.50 7.164430120608e-02 9.8199207e-06
264 0.50 6.248264825638e-02 1.7800444e-05
265 0.50 6.664199896600e-02 1.6545745e-05
266 0.50 7.269067935916e-02 8.2945806e-06
267 0.50 6.120463515768e-02 1.2110121e-05
268 0.50 6.700285681403e-02 1.2629350e-05
269 0.50 6.566654356736e-02 1.2353494e-05
270 0.50 6.575601989699e-02 1.7994081e-05
271 0.50 6.655286756736e-02 1.7779781e-05
272 0.50 5.947438398633e-02 8.5195360e-06
273 0.50 6.432849073590e-02 3.2908679e-05
274 0.50 6.199432629422e-02 1.1226654e-05
275 0.50 5.973253605923e-02 1.1832982e-05
276 0.50 6.775292923247e-02 9.5595152e-06
277 0.50 6.410380540553e-02 1.4754044e-05
278 0.50 6.870001241112e-02 1.6901662e-05
279 0.50 6.446097898088e-02 8.8012212e-06
280 0.50 7.208638349387e-02 1.8450824e-05
281 0.50 6.602489758247e-02 9.3550191e-06
282 0.50 7.099755068079e-02 1.2901438e-05
283 0.50 6.484480398281e-02 1.5630139e-05
284 0.50 6.405935107911e-02 2.6812350e-05
285 0.50 6.823769816225e-02 1.9055789e-05
286 0.50 6.370855049862e-02 1.1549546e-05
287 0.50 6.944853298876e-02 3.9471168e-05
288 0.50 6.979311529416e-02 1.5953545e-05
289 0.50 6.976333123414e-02 3.2992156e-05
290 0.50 6.422810736885e-02 9.4449704e-06
291 0.50 7.390873562845e-02 2.0097751e-05
292 0.50 6.822434993727e-02 1.3240271e-05
293 0.50 6.478323675754e-02 1.3686515e-05
294 0.50 6.756112482160e-02 2.0711073e-05
295 0.50 7.287969932224e-02 2.3056974e-05
296 0.50 6.757982741640e-02 9.5280020e-06
297 0.50 6.669515337196e-02 2.1980057e-05
298 0.50 6.847082417101e-02 1.3619062e-05
299 0.50 7.111891315430e-02 2.7246647e-05
300 0.50 7.051519551177e-02 2.6057308e-05
301 0.50 6.828054102732e-02 2.2331927e-05
302 0.50 6.953845595579e-02 2.0283358e-05
303 0.50 6.349487543141e-02 1.9211699e-05
304 0.50 6.634010681141e-02 1.5185440e-05
305 0.50 6.733152583855e-02 1.2871251e-05
306 0.50 6.408583912183e-02 9.7819702e-06
307 0.50 6.657250301715e-02 2.9838730e-05
308 0.50 6.627397954837e-02 1.3495070e-05
309 0.50 6.369387168450e-02 8.4447109e-06
310 0.50 7.115196518795e-02 1.2603314e-05
311 0.50 6.538048543295e-02 1.0621396e-05
312 0.50 6.814709826985e-02 1.6450751e-05
313 0.50 7.430202545790e-02 1.2842248e-05
314 0.50 6.699270378487e-02 1.4326529e-05
315 0.50 6.462947113235e-02 8.5992448e-06
316 0.50 6.981464336561e-02 2.4686706e-05
317 0.50 6.542245844490e-02 1.4191738e-05
318 0.50 6.779213903851e-02 9.5372172e-06
319 0.50 7.115480399503e-02 1.2023430e-05
320 0.50 6.287302600358e-02 1.0326444e-05
321 0.50 6.634146084889e-02 1.0305357e-05
322 0.50 7.222980719445e-02 1.1168911e-05
323 0.50 6.581032228416e-02 1.4194774e-05
324 0.50 6.143244291688e-02 7.1024608e-06
325 0.50 7.192262847481e-02 1.1504309e-05
326 0.50 6.820191871560e-02 1.5084716e-05
327 0.50 6.072590397676e-02 3.8214055e-06
328 0.50 6.759785030044e-02 2.6597794e-05
329 0.50 6.169011192858e-02 7.0358297e-06
330 0.50 6.795747218308e-02 1.5378195e-05
331 0.50 6.945129951578e-02 1.0656596e-05
332 0.50 6.820321004423e-02 5.3028079e-06
333 0.50 6.626657550614e-02 2.0343943e-05
334 0.50 6.344512149476e-02 1.2326576e-05
335 0.50 6.713842525842e-02 6.7985092e-06
336 0.50 6.370060264050e-02 1.5552231e-05
337 0.50 6.557983182337e-02 1.5206462e-05
338 0.50 6.378244588794e-02 1.4121783e-05
339 0.50 6.398519806784e-02 1.5215065e-05
340 0.50 6.564355774911e-02 3.6160665e-05
341 0.50 6.500279357075e-02 1.2549487e-05
342 0.50 6.765576176472e-02 8.9558488e-06
343 0.50 6.938425175422e-02 2.2115241e-05
344 0.50 6.375206928127e-02 1.2618490e-05
345 0.50 6.487067746526e-02 2.3395060e-05
346 0.50 6.663923883106e-02 1.1279548e-05
347 0.50 6.091889900576e-02 1.5432961e-05
348 0.50 7.078090228988e-02 1.3007682e-05
349 0.50 7.033248743039e-02 2.1429560e-05
350 0.50 6.618376131768e-02 1.0742643e-05
351 0.50 6.592786661417e-02 1.3122501e-05
352 0.50 6.857426745029e-02 3.0535153e-05
353 0.50 7.075223878895e-02 2.0714714e-05
354 0.50 6.727037302041e-02 2.6962644e-05
355 0.50 6.857272164880e-02 2.4635130e-05
356 0.50 6.983627246888e-02 2.7137308e-05
357 0.50 6.999875636123e-02 1.3776604e-05
358 0.50 6.755869270046e-02 1.8346504e-05
359 0.50 6.585546059898e-02 9.0774228e-06
360 0.50 6.093104000825e-02 1.3765529e-05
361 0.50 6.601366365073e-02 2.7714234e-05
362 0.50 6.307972945624e-02 2.1714895e-05
363 0.50 6.733238039054e-02 2.0566045e-05
364 0.50 7.529620336225e-02 3.3972328e-05
365 0.50 7.027434862122e-02 3.8417516e-06
366 0.50 6.929413355736e-02 1.2052565e-05
367 0.50 6.365706608759e-02 2.1742682e-05
368 0.50 6.995759248248e-02 1.2442170e-05
369 0.50 7.094382803814e-02 2.0715219e-05
370 0.50 6.405321229855e-02 2.5967428e-05
371 0.50 6.666043128564e-02 2.6161452e-06
372 0.50 6.088140569933e-02 4.6369892e-05
373 0.50 7.238236930465e-02 7.8432803e-06
374 0.50 7.016946612275e-02 1.4698649e-05
375 0.50 6.623555579018e-02 8.4673175e-06
376 0.50 6.715322869511e-02 3.3080208e-05
377 0.50 6.618056547365e-02 1.0376565e-05
378 0.50 6.995550719319e-02 1.2660518e-05
379 0.50 6.579013237590e-02 1.6432650e-05
380 0.50 6.547931059884e-02 1.1888633e-05
381 0.50 6.834466952433e-02 1.5105985e-05
382 0.50 7.381491265876e-02 1.3848557e-05
383 0.50 6.294878615324e-02 2.4512122e-05
384 0.50 6.978579205334e-02 1.3068927e-05
385 0.50 6.391661299175e-02 6.2353415e-06
386 0.50 6.756518936426e-02 8.5881229e-06
387 0.50 5.936631119934e-02 2.2907098e-05
388 0.50 5.943995265118e-02 2.0169129e-05
389 0.50 7.179044129480e-02 1.2315065e-05
390 0.50 6.236814863834e-02 1.4015048e-05
391 0.50 6.811262705670e-02 6.5455388e-06
392 0.50 7.182537871697e-02 2.4361205e-05
393 0.50 6.951519199075e-02 1.2968061e-05
394 0.50 6.749903426038e-02 1.0359432e-05
395 0.50 6.349728626057e-02 1.6145171e-05
396 0.50 6.768189699038e-02 1.2234244e-05
397 0.50 6.371425930914e-02 1.8106441e-05
398 0.50 6.514031691750e-02 9.6125337e-06
399 0.50 6.729090976950e-02 1.6412277e-05
400 0.50 6.934726470762e-02 1.6694390e-05
401 0.50 7.306839805845e-02 1.2042771e-05
402 0.50 6.538232004806e-02 1.5557135e-05
403 0.50 7.843693190624e-02 2.8134464e-05
404 0.50 6.717875205844e-02 6.1893285e-06
405 0.50 6.996627925395e-02 1.0567915e-05
406 0.50 7.189243028363e-02 9.3077183e-06
407 0.50 7.395275920506e-02 1.4512148e-05
408 0.50 7.170609071901e-02 2.1480139e-05
409 0.50 6.706625959376e-02 2.9155216e-06
410 0.50 5.981316539884e-02 3.9822186e-06
411 0.50 6.295157950932e-02 1.0078607e-05
412 0.50 6.884417154446e-02 8.6903641e-06
413 0.50 6.495023465564e-02 1.4742798e-05
414 0.50 6.447659467227e-02 1.6820321e-05
415 0.50 6.550226567281e-02 1.7083956e-05
416 0.50 6.760527506743e-02 2.7733818e-05
417 0.50 6.605307112507e-02 1.0570918e-05
418 0.50 6.644131888882e-02 8.4236426e-06
419 0.50 6.457587006047e-02 1.3768379e-05
420 0.50 6.805828679463e-02 9.1830545e-06
421 0.50 7.229333873661e-02 1.3695747e-05
422 0.50 7.224994196900e-02 2.3249464e-05
423 0.50 7.306308688008e-02 1.5959769e-05
424 0.50 6.456459317207e-02 8.3577826e-06
425 0.50 6.898764091132e-02 9.8101072e-06
426 0.50 6.760176307442e-02 8.1564335e-06
427 0.50 7.414570499337e-02 4.0232893e-06
428 0.50 6.328359696578e-02 1.7112642e-05
429 0.50 7.358906655819e-02 1.3670226e-05
430 0.50 7.024175232086e-02 2.2024646e-05
431 0.50 6.467618248091e-02 2.0123754e-05
432 0.50 6.945366571189e-02 2.3301188e-05
433 0.50 6.661448049098e-02 1.2370018e-05
434 0.50 6.129733375845e-02 4.2066375e-06
435 0.50 7.566482521674e-02 2.0329560e-05
436 0.50 6.574774862826e-02 2.3151158e-05
437 0.50 6.598158613623e-02 1.6003291e-05
438 0.50 6.396744460607e-02 1.7582776e-05
439 0.50 6.036327756956e-02 9.6230909e-06
440 0.50 6.726073004975e-02 3.7696727e-05
441 0.50 6.604785142474e-02 2.0239781e-05
442 0.50 7.222617025037e-02 3.6449895e-05
443 0.50 5.802766991973e-02 5.0826398e-06
444 0.50 6.387432265236e-02 5.7613396e-06
445 0.50 7.107510736349e-02 2.1284011e-05
446 0.50 6.678564754296e-02 2.8087325e-05
447 0.50 6.553043384497e-02 7.7610785e-06
448 0.50 6.517663923621e-02 9.2061264e-06
449 0.50 5.949513511165e-02 2.4273397e-05
450 0.50 7.083713550894e-02 1.1742746e-05
451 0.50 7.194915470787e-02 2.2865392e-05
452 0.50 7.196080612403e-02 2.2385094e-05
453 0.50 6.877143688302e-02 1.3090116e-05
454 0.50 6.861225203668e-02 1.1454545e-05
455 0.50 5.738819800619e-02 1.5218737e-05
456 0.50 7.092634626831e-02 1.8251548e-05
457 0.50 6.410469494612e-02 1.3912353e-05
458 0.50 6.413534260760e-02 9.7363848e-06
459 0.50 6.523658263880e-02 2.7728959e-05
460 0.50 7.195794409714e-02 1.1372268e-05
461 0.50 6.413218207612e-02 1.9453507e-05
462 0.50 6.446676875550e-02 1.9581131e-05
463 0.50 6.559129626324e-02 1.0993471e-05
464 0.50 7.166548322097e-02 2.4656721e-05
465 0.50 6.334758213789e-02 1.2559891e-05
466 0.50 6.086799217187e-02 2.3556383e-05
467 0.50 6.728053003392e-02 7.4796991e-06
468 0.50 6.821171365593e-02 1.8298352e-05
469 0.50 6.759076504729e-02 2.2466693e-05
470 0.50 6.616295999805e-02 2.3050432e-05
471 0.50 6.672551155277e-02 2.0869816e-05
472 0.50 6.159383210740e-02 1.5428335e-05
473 0.50 6.718083795669e-02 9.5279084e-06
474 0.50 6.364435431949e-02 9.0373528e-06
475 0.50 6.515433823124e-02 4.5997363e-05
476 0.50 6.931999866696e-02 1.4498156e-05
477 0.50 7.157858988353e-02 4.2613579e-06
478 0.50 6.960315905682e-02 2.2475746e-05
479 0.50 6.705810750234e-02 9.5533498e-06
480 0.50 6.234197928353e-02 1.8016677e-05
481 0.50 6.443187143522e-02 1.9692841e-05
482 0.50 7.078200760340e-02 1.5966890e-05
483 0.50 6.663124435590e-02 1.5663288e-05
484 0.50 6.444324908055e-02 1.5562516e-05
485 0.50 6.695567931650e-02 1.2670735e-05
486 0.50 6.475459412859e-02 8.9537925e-06
487 0.50 6.639722651256e-02 5.4721927e-05
488 0.50 6.223765287816e-02 1.2081395e-05
489 0.50 6.541941098792e-02 2.7630218e-05
490 0.50 6.278674054023e-02 2.1989632e-05
491 0.50 6.409742590128e-02 1.5481652e-05
492 0.50 6.558266475256e-02 1.0194469e-05
493 0.50 6.465669106264e-02 2.2300238e-05
494 0.50 6.588348648367e-02 1.1653633e-05
495 0.50 6.726799841614e-02 2.3785014e-05
496 0.50 6.593967580307e-02 7.7474362e-06
497 0.50 6.710042662277e-02 2.7372923e-05
498 0.50 6.303275379995e-02 6.7024002e-06
499 0.50 7.018107888156e-02 1.1278327e-05
500 0.50 6.798449565027e-02 1.5940895e-05
1 0.75 6.374563146992e-02 1.1757941e-05
2 0.75 6.538795031743e-02 2.9999575e-05
3 0.75 6.392927952978e-02 3.1224208e-06
4 0.75 6.890387233069e-02 9.2762495e-06
5 0.75 6.993363211378e-02 2.3084167e-05
6 0.75 6.621751283476e-02 1.8353354e-05
7 0.75 7.099064654958e-02 1.4742228e-05
8 0.75 6.748623344746e-02 1.6608344e-05
9 0.75 6.324578167511e-02 1.2849497e-05
10 0.75 6.680333758835e-02 1.7561742e-05
11 0.75 6.464837147536e-02 3.7871782e-05
12 0.75 6.787480423709e-02 1.5962858e-05
13 0.75 6.308293518107e-02 1.2841510e-05
14 0.75 7.031015572080e-02 2.0860411e-05
15 0.75 6.244768858881e-02 1.5944999e-05
16 0.75 6.794671309319e-02 2.5959841e-05
17 0.75 6.941206643673e-02 1.3998718e-05
18 0.75 6.195238456782e-02 1.0456612e-05
19 0.75 6.028835568292e-02 1.6544595e-05
20 0.75 6.300748558350e-02 5.1377940e-06
21 0.75 7.030052866471e-02 2.1282992e-05
22 0.75 6.382653223879e-02 3.2623099e-05
23 0.75 6.408643128476e-02 1.8826097e-05
24 0.75 6.719741269904e-02 1.0121822e-05
25 0.75 6.375661105290e-02 2.8341017e-05
26 0.75 6.125843346771e-02 1.0928923e-05
27 0.75 6.451606067050e-02 8.5723752e-06
28 0.75 6.782384275812e-02 2.2328768e-05
29 0.75 6.604235803782e-02 9.7072997e-06
30 0.75 6.344508254703e-02 2.2073526e-05
31 0.75 6.300189733835e-02 7.3333358e-06
32 0.75 6.655423627608e-02 1.3382952e-05
33 0.75 6.603617979536e-02 2.0969867e-05
34 0.75 6.552385297537e-02 8.9779903e-06
35 0.75 6.106917306407e-02 1.2386703e-05
36 0.75 6.240425213724e-02 1.5374736e-05
37 0.75 6.720277899974e-02 1.1513431e-05
38 0.75 7.217955125752e-02 3.0069385e-05
39 0.75 5.877657808373e-02 1.3718894e-05
40 0.75 6.216900451197e-02 1.0738042e-05
41 0.75 6.565150022091e-02 2.1079374e-05
42 0.75 6.144132425245e-02 1.3058077e-05
43 0.75 6.782894665646e-02 1.8368612e-05
44 0.75 6.859778261212e-02 3.2960964e-05
45 0.75 6.387635311970e-02 1.6347090e-05
46 0.75 6.419198183997e-02 1.3076664e-05
47 0.75 6.417712368551e-02 2.6214919e-05
48 0.75 6.428727613203e-02 1.9898310e-05
49 0.75 6.668185394317e-02 2.4369082e-05
50 0.75 7.116536752861e-02 9.6067153e-06
51 0.75 6.564949442344e-02 1.3547092e-05
52 0.75 6.330875959336e-02 1.4258355e-05
53 0.75 7.068631201262e-02 6.5909792e-06
54 0.75 7.447038400060e-02 2.7722182e-05
55 0.75 7.067934800758e-02 7.5583485e-06
56 0.75 6.177722491768e-02 1.0914018e-05
57 0.75 6.791466781956e-02 2.6487091e-05
58 0.75 6.805116109692e-02 9.7780196e-06
59 0.75 6.615422421423e-02 1.2931432e-05
60 0.75 6.592512548700e-02 9.2490585e-06
61 0.75 6.182675583378e-02 1.6430171e-05
62 0.75 6.988844850021e-02 1.7331850e-05
63 0.75 6.974304048386e-02 2.9545519e-05
64 0.75 6.360930446837e-02 1.6950758e-05
65 0.75 7.688846073040e-02 5.1472057e-05
66 0.75 6.610923177913e-02 3.5473968e-05
67 0.75 6.661574293484e-02 2.0236318e-05
68 0.75 6.427652281223e-02 2.1332960e-05
69 0.75 6.516783684250e-02 2.2388948e-05
70 0.75 6.595326693412e-02 2.6194426e-05
71 0.75 6.528405100926e-02 1.1540456e-05
72 0.75 6.207182941528e-02 7.7356439e-06
73 0.75 6.430854557798e-02 1.9073464e-05
74 0.75 6.388752742397e-02 3.7457836e-05
75 0.75 6.671816475100e-02 2.2891579e-05
76 0.75 6.767865777507e-02 1.3558335e-05
77 0.75 6.493888482855e-02 1.4429760e-05
78 0.75 6.329826145458e-02 1.2760232e-05
79 0.75 6.629241550151e-02 4.9994296e-06
80 0.75 6.601984706657e-02 1.4159639e-05
81 0.75 6.394966329965e-02 3.2072546e-05
82 0.75 6.465343659728e-02 1.5098216e-05
83 0.75 6.063125170658e-02 2.1477400e-05
84 0.75 6.394904967290e-02 2.2469206e-05
85 0.75 6.296684219957e-02 1.6976622e-05
86 0.75 6.896334536410e-02 1.9766414e-05
87 0.75 6.711652672824e-02 1.1601705e-05
88 0.75 6.034767011643e-02 9.1842824e-06
89 0.75 6.281427079514e-02 2.4058560e-05
90 0.75 6.587601432629e-02 1.8938094e-05
91 0.75 5.931358272310e-02 1.8850294e-05
92 0.75 6.574026998663e-02 5.1453483e-06
93 0.75 6.515042381388e-02 1.1899893e-05
94 0.75 7.310565720718e-02 2.4476904e-05
95 0.75 6.657282512657e-02 3.3083476e-05
96 0.75 6.775149099159e-02 3.3980303e-05
97 0.75 6.580257397968e-02 1.6368977e-05
98 0.75 6.932941028884e-02 2.3439250e-05
99 0.75 6.899499269741e-02 1.1321708e-05
100 0.75 6.294068853453e-02 2.6110481e-05
101 0.75 6.936443701208e-02 9.6306677e-06
102 0.75 6.995496334046e-02 6.9355357e-06
103 0.75 6.394818976785e-02 1.8813215e-05
104 0.75 6.708938802451e-02 1.0730133e-05
105 0.75 6.502439946347e-02 2.4726114e-05
106 0.75 6.761894329309e-02 1.4274570e-05
107 0.75 6.980677528432e-02 2.4426687e-05
108 0.75 6.782909413771e-02 1.9326000e-05
109 0.75 6.742472226488e-02 2.5431601e-05
110 0.75 6.378320807177e-02 2.1570459e-05
111 0.75 6.394629288303e-02 1.4258693e-05
112 0.75 6.100523418951e-02 1.3372751e-05
113 0.75 6.309781723948e-02 1.5403538e-05
114 0.75 7.115049332426e-02 3.8376720e-05
115 0.75 6.495264843040e-02 6.6528810e-06
116 0.75 6.372544867021e-02 1.7412970e-05
117 0.75 6.204479040001e-02 3.2263069e-05
118 0.75 7.309732921652e-02 1.7316075e-05
119 0.75 6.171557068243e-02 2.3655642e-05
120 0.75 7.166857552808e-02 2.6436493e-05
121 0.75 6.776240794749e-02 1.2615354e-05
122 0.75 6.381720911713e-02 1.5997936e-05
123 0.75 6.792652082746e-02 1.8069747e-05
124 0.75 6.238046064955e-02 1.8539838e-05
125 0.75 6.407304630129e-02 2.7270315e-05
126 0.75 7.115139606104e-02 1.2977461e-05
127 0.75 6.033157784368e-02 2.3745136e-05
128 0.75 6.831402195852e-02 1.4106069e-05
129 0.75 6.586595776009e-02 1.2931219e-05
130 0.75 6.560253330136e-02 2.6976643e-05
131 0.75 6.045939493352e-02 2.3193564e-05
132 0.75 7.387041907726e-02 1.4487669e-05
133 0.75 6.449521741388e-02 7.7802077e-06
134 0.75 6.313107650288e-02 1.0676017e-05
135 0.75 6.747260611394e-02 1.1439463e-05
136 0.75 6.684897339838e-02 1.8715841e-05
137 0.75 6.275183851969e-02 1.4666921e-05
138 0.75 6.253131220704e-02 2.4938682e-05
139 0.75 6.218854845222e-02 1.5526208e-05
140 0.75 5.705875458539e-02 3.3695481e-06
141 0.75 6.423544435886e-02 1.5319572e-05
142 0.75 6.165879732879e-02 1.2462262e-05
143 0.75 6.005609842083e-02 5.7329799e-06
144 0.75 6.824920543628e-02 7.2500342e-06
145 0.75 7.114996767120e-02 8.7099296e-06
146 0.75 6.520358752890e-02 1.6670452e-05
147 0.75 7.026877909641e-02 3.0346801e-05
148 0.75 6.193014509022e-02 1.3980352e-05
149 0.75 6.602441287339e-02 2.5335138e-05
150 0.75 6.896006253445e-02 1.4323595e-05
151 0.75 6.373219339920e-02 1.8209223e-05
152 0.75 6.803311776735e-02 1.9300840e-05
153 0.75 6.113870445512e-02 2.2533220e-06
154 0.75 7.000060751997e-02 1.6259475e-05
155 0.75 6.277650897578e-02 8.3196429e-06
156 0.75 6.513835048564e-02 1.8327027e-05
157 0.75 7.238453037895e-02 1.7870445e-05
158 0.75 6.351572200994e-02 1.7724124e-05
159 0.75 6.907821621845e-02 1.9243941e-05
160 0.75 6.291044667399e-02 1.0406331e-05
161 0.75 6.586347765697e-02 1.8457706e-05
162 0.75 5.988773654567e-02 2.1031254e-05
163 0.75 6.262813101070e-02 1.7757066e-05
164 0.75 6.865490629190e-02 2.9168814e-05
165 0.75 6.799342515700e-02 1.7344513e-05
166 0.75 6.677670784206e-02 1.2430510e-05
167 0.75 6.106891762793e-02 4.6842699e-06
168 0.75 6.567403397090e-02 1.2220368e-05
169 0.75 6.398543873447e-02 2.8273335e-05
170 0.75 6.598707494137e-02 2.8499649e-05
171 0.75 5.812523151614e-02 3.3397879e-05
172 0.75 6.711951356413e-02 2.9071406e-05
173 0.75 6.623788641999e-02 1.6535323e-05
174 0.75 6.403899295113e-02 2.1215605e-05
175 0.75 6.441810648127e-02 1.2855420e-05
176 0.75 7.026400219484e-02 2.5607196e-05
177 0.75 7.010921778960e-02 4.6968660e-06
178 0.75 7.023401720774e-02 1.3149231e-05
179 0.75 6.249470487588e-02 1.3753470e-05
180 0.75 6.416529742000e-02 7.7531536e-06
181 0.75 6.319070378572e-02 3.7931471e-06
182 0.75 6.356936276787e-02 1.5471161e-05
183 0.75 6.369610731105e-02 1.4702440e-05
184 0.75 6.482006888919e-02 1.0898900e-05
185 0.75 6.219565470425e-02 3.1157206e-05
186 0.75 6.722132438560e-02 1.7577496e-05
187 0.75 6.392357078306e-02 1.4448454e-05
188 0.75 6.414512548697e-02 1.0605306e-05
189 0.75 6.052471614221e-02 9.5276046e-06
190 0.75 6.707124380209e-02 3.2917067e-05
191 0.75 6.632776215166e-02 2.2200511e-05
192 0.75 6.949255254002e-02 2.3155517e-05
193 0.75 6.011427551942e-02 1.0215157e-05
194 0.75 6.813115541835e-02 1.5703467e-05
195 0.75 6.266940947125e-02 7.5821014e-06
196 0.75 6.525875355550e-02 1.3014641e-05
197 0.75 7.034548888085e-02 1.3197639e-05
198 0.75 6.165896675469e-02 1.5014027e-05
199 0.75 6.196777049569e-02 1.3223329e-05
200 0.75 6.892030289892e-02 1.3631542e-05
201 0.75 7.211771958306e-02 1.8785687e-05
202 0.75 6.247830452130e-02 1.9748641e-05
203 0.75 6.323761107779e-02 8.8347573e-06
204 0.75 7.032356662967e-02 2.2491288e-05
205 0.75 6.307519825005e-02 1.9863550e-05
206 0.75 6.262837793030e-02 9.6672117e-06
207 0.75 6.243913257159e-02 1.4108042e-05
208 0.75 6.655651506080e-02 1.0859180e-05
209 0.75 6.584835062448e-02 3.5107133e-05
210 0.75 6.840497522859e-02 2.3077669e-05
211 0.75 6.840213234074e-02 3.1222734e-05
212 0.75 5.789396411599e-02 2.3523812e-05
213 0.75 6.312981545171e-02 1.1400837e-05
214 0.75 6.595178984182e-02 1.6729809e-05
215 0.75 6.096934154887e-02 1.2699910e-05
216 0.75 6.679256998073e-02 1.6096460e-05
217 0.75 6.805431042553e-02 4.6680087e-06
218 0.75 6.401252966178e-02 1.4802490e-05
219 0.75 7.478672279763e-02 2.0969713e-05
220 0.75 7.040565862370e-02 2.4572988e-05
221 0.75 6.367313744582e-02 1.2916710e-05
222 0.75 6.228298241026e-02 1.5304735e-05
223 0.75 6.853983028161e-02 1.7634762e-05
224 0.75 5.911327939534e-02 7.9770090e-06
225 0.75 6.791816797820e-02 1.3758414e-05
226 0.75 7.030087716188e-02 2.2356063e-05
227 0.75 6.551823127002e-02 1.7518972e-05
228 0.75 6.581984522647e-02 5.4093719e-06
229 0.75 6.838966078594e-02 2.2979534e-05
230 0.75 6.307337306100e-02 2.0343497e-05
231 0.75 6.654384656986e-02 4.6599550e-05
232 0.75 5.954871967245e-02 2.4887742e-05
233 0.75 6.445746815444e-02 8.7099057e-06
234 0.75 6.199454294227e-02 3.0345893e-05
235 0.75 7.005655128148e-02 1.1945838e-05
236 0.75 6.690932109046e-02 1.6177134e-05
237 0.75 5.905453046269e-02 1.1149015e-05
238 0.75 6.767632520504e-02 1.2242936e-05
239 0.75 6.527322796043e-02 2.4442474e-05
240 0.75 7.023707931210e-02 7.9823977e-06
241 0.75 6.784967573218e-02 1.7387389e-05
242 0.75 6.824707396529e-02 1.2845689e-05
243 0.75 6.298234808065e-02 1.6154505e-05
244 0.75 7.224565596226e-02 2.1554986e-05
245 0.75 6.761732999892e-02 1.5972809e-05
246 0.75 6.999582834125e-02 2.3214740e-05
247 0.75 6.303318887882e-02 1.1807483e-05
248 0.75 7.097604406089e-02 2.0019686e-05
249 0.75 6.447560871724e-02 7.5086361e-06
250 0.75 6.905115147594e-02 2.0631932e-05
251 0.75 6.639460614236e-02 1.7462708e-05
252 0.75 7.272806374148e-02 1.4234522e-05
253 0.75 6.403336757215e-02 1.2374567e-05
254 0.75 7.028075665666e-02 1.3234630e-05
255 0.75 6.194416804749e-02 2.2905637e-05
256 0.75 6.677096925664e-02 2.1361734e-05
257 0.75 5.857041946445e-02 1.6500121e-05
258 0.75 6.394418880744e-02 9.3094255e-06
259 0.75 7.036413410551e-02 1.9063675e-05
260 0.75 6.301170712442e-02 1.0554708e-05
261 0.75 6.789935207287e-02 1.7270889e-05
262 0.75 6.099746604223e-02 2.3467260e-05
263 0.75 6.981861028283e-02 2.6945906e-05
264 0.75 6.050329916470e-02 2.0271124e-05
265 0.75 6.396356751048e-02 9.8226643e-06
266 0.75 7.092444423085e-02 2.2086423e-05
267 0.75 6.157921069282e-02 1.7284159e-05
268 0.75 6.575543430430e-02 1.2418893e-05
269 0.75 6.781866302499e-02 6.5697832e-06
270 0.75 6.494767148994e-02 1.4091049e-05
271 0.75 6.253184405004e-02 1.3984628e-05
272 0.75 5.869387995313e-02 1.4243117e-05
273 0.75 6.139051714311e-02 1.3275999e-05
274 0.75 5.815593477393e-02 1.6319680e-05
275 0.75 5.833933552571e-02 1.5476294e-05
276 0.75 6.681169131508e-02 1.7574867e-05
277 0.75 6.348706619027e-02 1.3752179e-05
278 0.75 6.726708526461e-02 1.7556366e-05
279 0.75 6.230922156554e-02 7.4332956e-06
280 0.75 7.158716127727e-02 1.1397752e-05
281 0.75 6.724230834315e-02 2.1842839e-05
282 0.75 7.230892363212e-02 2.2097373e-05
283 0.75 6.292369692532e-02 1.8223923e-05
284 0.75 6.395520483367e-02 2.5345766e-05
285 0.75 6.716620156846e-02 1.6971492e-05
286 0.75 6.341476865705e-02 5.4957815e-06
287 0.75 6.762809536235e-02 6.6041719e-06
288 0.75 7.459151701400e-02 7.6544083e-05
289 0.75 7.073961327231e-02 1.2906349e-05
290 0.75 6.423729725293e-02 1.9018555e-05
291 0.75 7.259338801623e-02 1.1711486e-05
292 0.75 6.853819499604e-02 1.7717623e-05
293 0.75 6.523024258980e-02 2.2944958e-05
294 0.75 7.021570991429e-02 1.9740110e-05
295 0.75 6.715810792050e-02 1.4289154e-05
296 0.75 6.650135519406e-02 2.1508701e-05
297 0.75 6.404835388056e-02 2.0136888e-05
298 0.75 6.725289086932e-02 1.5003828e-05
299 0.75 7.042112753004e-02 6.3086726e-06
300 0.75 6.777231174629e-02 8.5989030e-06
301 0.75 6.970082105026e-02 1.7659987e-05
302 0.75 6.755381510204e-02 2.4186239e-05
303 0.75 6.262924042140e-02 5.2708874e-06
304 0.75 6.415378034891e-02 4.1159285e-05
305 0.75 6.641567732830e-02 1.7483605e-05
306 0.75 6.052994893819e-02 1.4245037e-05
307 0.75 6.548083976340e-02 1.5988208e-05
308 0.75 6.442010519059e-02 2.1935554e-05
309 0.75 6.071211422172e-02 1.0637167e-05
310 0.75 6.750635629151e-02 1.6748641e-05
311 0.75 6.459823961717e-02 1.4496314e-05
312 0.75 6.347618986064e-02 2.2238473e-05
313 0.75 7.260000519243e-02 2.8828631e-05
314 0.75 6.537777969078e-02 1.6608668e-05
315 0.75 6.442291151237e-02 9.2531825e-06
316 0.75 6.882488203214e-02 1.8918584e-05
317 0.75 6.543440999107e-02 1.1862262e-05
318 0.75 6.495467027885e-02 8.0722648e-06
319 0.75 7.524134968039e-02 2.1957254e-05
320 0.75 6.077413480813e-02 2.2271928e-05
321 0.75 6.736173828806e-02 1.5876599e-05
322 0.75 7.197473770054e-02 1.1479067e-05
323 0.75 6.681343745179e-02 1.0883528e-05
324 0.75 6.254638129832e-02 1.4157822e-05
325 0.75 7.112589651963e-02 1.2878395e-05
326 0.75 6.476719657582e-02 5.4075068e-06
327 0.75 6.061889263270e-02 1.9171544e-05
328 0.75 6.916728562926e-02 2.0433437e-05
329 0.75 6.128089916086e-02 2.0989254e-05
330 0.75 6.568693454797e-02 2.7533858e-05
331 0.75 6.977045586090e-02 2.4251835e-05
332 0.75 6.750437248032e-02 1.3906218e-05
333 0.75 6.377940583490e-02 3.6337025e-05
334 0.75 6.340419331651e-02 1.8508150e-05
335 0.75 6.710310180722e-02 1.2672645e-05
336 0.75 6.034852956702e-02 2.0548932e-05
337 0.75 6.328592324414e-02 1.1247800e-05
338 0.75 6.583603952417e-02 2.0711872e-05
339 0.75 6.438364474454e-02 2.0592990e-05
340 0.75 6.530956782383e-02 1.2593004e-05
341 0.75 6.491182849047e-02 1.6529808e-05
342 0.75 6.857581056992e-02 3.2909841e-05
343 0.75 6.790178572635e-02 2.2655832e-05
344 0.75 6.557217654803e-02 2.7329613e-06
345 0.75 6.435695046133e-02 2.3522768e-05
346 0.75 6.664405389098e-02 9.7281855e-06
347 0.75 5.843880988554e-02 5.0427240e-06
348 0.75 6.599509777598e-02 9.9946065e-06
349 0.75 6.820064883388e-02 9.7030613e-06
350 0.75 6.485897952923e-02 2.8239639e-05
351 0.75 6.593562950797e-02 5.9940886e-06
352 0.75 6.919119194571e-02 1.3380371e-05
353 0.75 6.939123887478e-02 2.9211234e-05
354 0.75 6.674756589966e-02 2.1251182e-05
355 0.75 6.760608808725e-02 2.0982640e-05
356 0.75 6.811967932621e-02 2.7055344e-05
357 0.75 6.892473802641e-02 9.8776870e-06
358 0.75 6.296233966605e-02 1.2898569e-05
359 0.75 6.625577909817e-02 2.7897097e-05
360 0.75 6.330852628342e-02 1.0401326e-05
361 0.75 6.614211460229e-02 2.2465517e-05
362 0.75 6.337499203977e-02 2.8369602e-05
363 0.75 6.409213155710e-02 1.3204013e-05
364 0.75 7.378366386071e-02 2.0581957e-05
365 0.75 6.798781969760e-02 1.4268001e-05
366 0.75 6.702230752256e-02 1.2466194e-05
367 0.75 6.244398814455e-02 1.3391912e-05
368 0.75 6.949500397116e-02 1.8993497e-05
369 0.75 6.570601543952e-02 1.6534047e-05
370 0.75 6.409314250624e-02 1.8718084e-05
371 0.75 6.540851247258e-02 1.1227587e-05
372 0.75 6.104240869300e-02 2.5393427e-05
373 0.75 7.296066433964e-02 1.2991746e-05
374 0.75 7.252326936022e-02 2.5134008e-05
375 0.75 6.720075445859e-02 1.2884796e-05
376 0.75 6.900472233050e-02 2.4943715e-05
377 0.75 6.644159323536e-02 1.5276239e-05
378 0.75 6.852126357792e-02 2.4659930e-05
379 0.75 6.547683829938e-02 2.2040209e-05
380 0.75 6.186667051525e-02 1.4102989e-05
381 0.75 6.686222492388e-02 2.7695163e-05
382 0.75 7.020199927428e-02 1.9885874e-05
383 0.75 6.633038583769e-02 2.0840416e-05
384 0.75 7.074279647830e-02 2.3536479e-05
385 0.75 6.230219489202e-02 1.0571246e-05
386 0.75 6.658319099644e-02 1.3390568e-05
387 0.75 5.733919585176e-02 2.1077508e-05
388 0.75 5.803340861933e-02 5.4485772e-06
389 0.75 7.203177698988e-02 2.3728829e-05
390 0.75 5.946039997562e-02 1.9893006e-05
391 0.75 6.799051461449e-02 1.7807670e-05
392 0.75 7.031433800731e-02 1.5720112e-05
393 0.75 7.169890021403e-02 1.2818417e-05
394 0.75 6.480817416816e-02 2.0641628e-05
395 0.75 6.056286587977e-02 3.7052751e-05
396 0.75 6.729453095411e-02 1.2383428e-05
397 0.75 6.008150670353e-02 7.8270717e-06
398 0.75 6.260226647134e-02 2.7550782e-05
399 0.75 6.800532158146e-02 3.5775075e-05
400 0.75 6.589219421376e-02 1.3075864e-05
401 0.75 6.990877954038e-02 2.6310391e-05
402 0.75 6.303291415337e-02 1.7594309e-06
403 0.75 7.528457661556e-02 2.2321740e-05
404 0.75 6.582921037173e-02 2.4523667e-05
405 0.75 6.783122535278e-02 1.1414637e-05
406 0.75 7.189616167739e-02 1.3013709e-05
407 0.75 7.133891030838e-02 1.6661592e-05
408 0.75 6.892391628429e-02 1.8778510e-05
409 0.75 6.366480924566e-02 9.6644129e-06
410 0.75 5.787331509736e-02 1.2166590e-05
411 0.75 6.415431228896e-02 8.8357952e-06
412 0.75 6.685999797158e-02 4.3950950e-05
413 0.75 6.778723984332e-02 1.2185801e-05
414 0.75 6.575464903227e-02 8.3296645e-06
415 0.75 6.495050088479e-02 8.6091695e-06
416 0.75 6.663181654495e-02 1.2149185e-05
417 0.75 6.597462059158e-02 1.5306404e-05
418 0.75 6.614419621109e-02 2.8598497e-05
419 0.75 6.364679218572e-02 2.1413595e-05
420 0.75 6.675253208890e-02 5.9070996e-06
421 0.75 6.932998670982e-02 4.7882152e-06
422 0.75 7.149930113726e-02 2.7691342e-05
423 0.75 7.298407272590e-02 9.2577442e-06
424 0.75 6.311281855200e-02 1.2508922e-05
425 0.75 6.567864422756e-02 3.9603694e-05
426 0.75 6.473238288319e-02 8.0402534e-06
427 0.75 7.397270007432e-02 1.6818171e-05
428 0.75 6.327831131643e-02 2.1129966e-06
429 0.75 7.411099310563e-02 1.8967674e-05
430 0.75 6.927968950554e-02 1.8996125e-05
431 0.75 6.483018786626e-02 6.3581475e-06
432 0.75 7.190617541850e-02 1.4566962e-05
433 0.75 6.487217642932e-02 1.0332997e-05
434 0.75 6.014969508798e-02 2.0499552e-05
435 0.75 7.417160314272e-02 1.7208948e-05
436 0.75 6.451116215534e-02 2.6742639e-05
437 0.75 6.611770007848e-02 2.2822295e-05
438 0.75 6.344932281639e-02 2.6037110e-05
439 0.75 6.031786492878e-02 2.2311418e-05
440 0.75 6.194870487070e-02 7.7285960e-06
441 0.75 6.726232701474e-02 1.9248842e-05
442 0.75 7.168470982638e-02 1.8323947e-05
443 0.75 6.235250089109e-02 1.6907066e-05
444 0.75 6.186463995636e-02 1.1404106e-05
445 0.75 6.850679334387e-02 9.2476804e-06
446 0.75 6.568262863622e-02 1.6507284e-05
447 0.75 6.586397547873e-02 2.0240441e-05
448 0.75 6.259610013642e-02 2.9120518e-05
449 0.75 6.090526183473e-02 2.8820398e-05
450 0.75 7.157551678637e-02 1.0169754e-05
451 0.75 7.150811909862e-02 1.1010968e-05
452 0.75 7.121422169829e-02 2.3832177e-05
453 0.75 6.390037562454e-02 1.3279179e-05
454 0.75 6.738044695693e-02 1.4878542e-05
455 0.75 5.745017072915e-02 1.4687550e-05
456 0.75 7.158381417432e-02 8.2666882e-06
457 0.75 6.475359338733e-02 2.0151544e-05
458 0.75 6.525670675157e-02 2.6177889e-05
459 0.75 6.044973971735e-02 2.8622001e-05
460 0.75 7.055846338657e-02 9.3094550e-06
461 0.75 6.213195899445e-02 2.3999950e-05
462 0.75 6.461049056657e-02 1.7677947e-05
463 0.75 6.232929018370e-02 9.2906800e-06
464 0.75 6.959039171846e-02 1.4540797e-05
465 0.75 6.257234406936e-02 1.7952167e-05
466 0.75 5.889254564434e-02 1.8029096e-05
467 0.75 6.222448864315e-02 1.8619874e-05
468 0.75 6.780845464291e-02 1.1481506e-05
469 0.75 6.525247344816e-02 2.1079698e-05
470 0.75 6.515898402992e-02 2.7414808e-05
471 0.75 6.713637516880e-02 1.1193935e-05
472 0.75 6.367545609241e-02 1.6088234e-05
473 0.75 6.734064089765e-02 1.0217905e-05
474 0.75 6.121390311746e-02 1.0623588e-05
475 0.75 6.514282080561e-02 1.2580569e-05
476 0.75 6.536264160905e-02 8.8369065e-06
477 0.75 6.907164528355e-02 2.9263678e-05
478 0.75 6.676152236577e-02 2.4274754e-05
479 0.75 6.361300759161e-02 1.2747078e-05
480 0.75 6.098109982284e-02 1.3426014e-05
481 0.75 6.458871252778e-02 9.5239638e-06
482 0.75 6.531956216932e-02 1.6406934e-05
483 0.75 6.189418604017e-02 1.4907179e-05
484 0.75 6.126503644065e-02 7.7191783e-06
485 0.75 6.623358275044e-02 3.3796741e-05
486 0.75 6.670229107876e-02 1.0739260e-05
487 0.75 6.339906270471e-02 2.0069028e-05
488 0.75 6.270778644750e-02 2.3145907e-05
489 0.75 6.550057984806e-02 1.3731119e-05
490 0.75 5.964956591063e-02 2.8783835e-05
491 0.75 6.137320041742e-02 8.7302257e-06
492 0.75 6.450956024992e-02 1.3614124e-05
493 0.75 6.393913046411e-02 3.8389479e-05
494 0.75 6.446500465233e-02 2.0067473e-05
495 0.75 6.595438845851e-02 8.7216831e-06
496 0.75 6.496283201770e-02 1.8831319e-05
497 0.75 6.325893610632e-02 3.6432183e-05
498 0.75 6.476998790436e-02 8.5974715e-06
499 0.75 6.924294811820e-02 7.5826207e-06
500 0.75 6.336962176148e-02 2.4993669e-05
1 1.00 6.270634244593e-02 1.7700699e-05
2 1.00 6.285667403586e-02 9.3132892e-06
3 1.00 6.173314271450e-02 1.4342170e-05
4 1.00 6.588145775856e-02 8.2604958e-06
5 1.00 7.170428134664e-02 1.4310706e-05
6 1.00 6.700592234478e-02 1.5047463e-05
7 1.00 6.772115328833e-02 2.0862969e-05
8 1.00 6.617814983764e-02 1.3831359e-05
9 1.00 6.196177195664e-02 1.4841474e-05
10 1.00 6.670124511105e-02 3.8061225e-05
11 1.00 6.502146198544e-02 1.8513252e-05
12 1.00 6.756222949834e-02 2.2257912e-05
13 1.00 6.490053833904e-02 1.1799917e-05
14 1.00 6.732771079395e-02 2.0132182e-05
15 1.00 6.451570701390e-02 1.1364263e-05
16 1.00 6.476924616581e-02 3.2263205e-05
17 1.00 6.752852082338e-02 2.8079336e-05
18 1.00 6.411955898639e-02 1.5737172e-05
19 1.00 6.399215922146e-02 2.3605756e-05
20 1.00 5.971345712488e-02 2.0237090e-05
21 1.00 6.920969625954e-02 2.0280935e-05
22 1.00 6.535555713826e-02 2.2892308e-05
23 1.00 6.554458261493e-02 2.3267040e-05
24 1.00 6.485240312535e-02 1.0919672e-05
25 1.00 6.432202045939e-02 2.2909089e-05
26 1.00 6.295821683659e-02 2.4152031e-05
27 1.00 6.318837525116e-02 3.9305162e-06
28 1.00 6.708480965678e-02 9.9663377e-06
29 1.00 6.604022452869e-02 1.8977863e-05
30 1.00 6.433045436495e-02 2.5942819e-05
31 1.00 6.653718563909e-02 1.7617770e-05
32 1.00 6.603633260347e-02 1.9586146e-05
33 1.00 6.491148044500e-02 3.1473456e-05
34 1.00 6.542035702153e-02 1.0247146e-05
35 1.00 5.858474639846e-02 2.6866878e-05
36 1.00 6.186480815310e-02 1.3463589e-05
37 1.00 6.762968786335e-02 2.9224460e-05
38 1.00 7.192587317700e-02 2.1320044e-05
39 1.00 5.913652293705e-02 1.4442041e-05
40 1.00 6.217135597612e-02 9.8445776e-06
41 1.00 6.733705215576e-02 2.0285839e-05
42 1.00 6.218536578045e-02 1.5986552e-05
43 1.00 6.519707813462e-02 2.3379395e-05
44 1.00 6.473419563238e-02 9.0555028e-06
45 1.00 6.082624901482e-02 1.1792602e-05
46 1.00 6.477293031495e-02 2.5540602e-05
47 1.00 6.849637904854e-02 3.1531621e-05
48 1.00 6.638958790137e-02 9.7280338e-06
49 1.00 6.469143666028e-02 1.4555450e-05
50 1.00 6.679724036610e-02 1.9493916e-05
51 1.00 6.503785916222e-02 1.8887810e-05
52 1.00 6.148571034654e-02 1.5535092e-05
53 1.00 6.987431779623e-02 2.6145522e-05
54 1.00 7.546622666780e-02 2.6227764e-05
55 1.00 6.778348764176e-02 1.4414038e-05
56 1.00 6.387730246854e-02 1.6962477e-05
57 1.00 6.640694107375e-02 1.5399692e-05
58 1.00 6.822290356421e-02 1.5796368e-05
59 1.00 6.586271779108e-02 2.1964035e-05
60 1.00 6.493090466617e-02 7.9920777e-06
61 1.00 6.198802050831e-02 2.1356490e-05
62 1.00 7.135151434817e-02 1.1675765e-05
63 1.00 6.952872814464e-02 2.1146192e-05
64 1.00 5.893012706576e-02 2.1839155e-05
65 1.00 7.163197397830e-02 3.1636916e-05
66 1.00 6.647705817127e-02 2.6053779e-05
67 1.00 6.545284799416e-02 1.4052435e-05
68 1.00 6.280894265130e-02 2.1644181e-05
69 1.00 6.587220933134e-02 9.8932265e-06
70 1.00 6.495957657192e-02 2.1574549e-05
71 1.00 6.584143508862e-02 2.6526457e-05
72 1.00 6.316551209086e-02 1.6874458e-05
73 1.00 6.401607367910e-02 3.4512634e-05
74 1.00 6.292762059573e-02 1.3882768e-05
75 1.00 6.745336838469e-02 1.3283039e-05
76 1.00 6.810131863341e-02 2.8293879e-05
77 1.00 6.305793550798e-02 2.0370773e-05
78 1.00 6.371608279502e-02 2.0367796e-05
79 1.00 6.559586760751e-02 1.8734969e-05
80 1.00 6.445047038570e-02 1.3897779e-05
81 1.00 6.516545398959e-02 2.3052191e-05
82 1.00 6.101404460281e-02 1.3808608e-05
83 1.00 5.995391090172e-02 3.3470681e-05
84 1.00 6.128846047971e-02 2.6895314e-05
85 1.00 6.713065144038e-02 1.3053276e-05
86 1.00 6.519507376632e-02 1.7550101e-05
87 1.00 6.475754647629e-02 1.4286310e-05
88 1.00 5.594752130131e-02 8.7922427e-06
89 1.00 6.028688518432e-02 3.1489182e-05
90 1.00 6.457946215708e-02 2.2552322e-05
91 1.00 5.806609007004e-02 1.4515733e-05
92 1.00 6.319328810163e-02 1.4117722e-05
93 1.00 6.528925977124e-02 2.1682335e-05
94 1.00 6.886340835258e-02 2.6434738e-05
95 1.00 6.745762992814e-02 2.3884393e-05
96 1.00 6.589903429480e-02 2.0384368e-05
97 1.00 6.657191552556e-02 5.1427117e-06
98 1.00 6.765041388123e-02 1.6227241e-05
99 1.00 6.887787082040e-02 1.4211109e-05
100 1.00 6.093547548323e-02 9.9903321e-06
101 1.00 6.753543325509e-02 2.7142080e-05
102 1.00 6.818282865796e-02 1.1707792e-05
103 1.00 6.659391005250e-02 2.2009243e-05
104 1.00 6.384771052581e-02 1.3155347e-05
105 1.00 6.707937707880e-02 1.2015782e-05
106 1.00 6.813143634551e-02 2.5712273e-05
107 1.00 6.538090952957e-02 2.9113281e-06
108 1.00 6.896402723791e-02 6.3028564e-06
109 1.00 6.519726895724e-02 1.0734967e-05
110 1.00 6.204146162659e-02 2.0890143e-05
111 1.00 6.657126246784e-02 6.9941334e-06
112 1.00 6.187714715934e-02 7.3584198e-06
113 1.00 6.695274315418e-02 2.7356433e-05
114 1.00 7.076097757521e-02 1.4573932e-05
115 1.00 6.428730339767e-02 2.0098256e-05
116 1.00 6.257789731816e-02 9.6817965e-06
117 1.00 5.994069644719e-02 1.6677025e-05
118 1.00 7.358017160090e-02 3.0871095e-05
119 1.00 5.999504792864e-02 2.2267378e-05
120 1.00 7.100229716090e-02 4.1033734e-05
121 1.00 6.745735657763e-02 1.7587997e-05
122 1.00 6.359847176005e-02 2.0239126e-05
123 1.00 6.290245108764e-02 2.8670635e-05
124 1.00 5.968975026823e-02 2.1345518e-05
125 1.00 6.709390959384e-02 1.8723398e-05
126 1.00 7.097224627425e-02 1.5602529e-05
127 1.00 6.074114447956e-02 2.4472507e-05
128 1.00 6.549646694593e-02 1.3811773e-05
129 1.00 6.198169717024e-02 1.3276422e-05
130 1.00 6.409296206165e-02 7.8946101e-06
131 1.00 5.846443716831e-02 8.7979094e-06
132 1.00 7.535605855272e-02 1.8593946e-05
133 1.00 6.706845604700e-02 1.4836080e-05
134 1.00 6.155892313545e-02 9.8090573e-06
135 1.00 6.285421187205e-02 7.6062059e-06
136 1.00 6.940490264076e-02 1.4121197e-05
137 1.00 6.276563468673e-02 7.2062386e-06
138 1.00 5.915338881549e-02 3.1645148e-05
139 1.00 6.098171191681e-02 2.7031736e-05
140 1.00 5.616330739266e-02 1.6729283e-05
141 1.00 6.721340279267e-02 2.4863050e-05
142 1.00 5.924025185871e-02 3.0018253e-05
143 1.00 6.022299735557e-02 1.8565644e-05
144 1.00 6.794634908054e-02 7.7514312e-06
145 1.00 6.939812527238e-02 1.2739633e-05
146 1.00 6.218032126493e-02 1.2483238e-05
147 1.00 7.239945493848e-02 1.9128265e-05
148 1.00 6.464596759330e-02 1.4621360e-05
149 1.00 6.102489372381e-02 1.4926499e-05
150 1.00 6.777380124085e-02 2.3168280e-05
151 1.00 6.071931515156e-02 6.2710667e-06
152 1.00 6.947371146746e-02 1.1390687e-05
153 1.00 5.958234263123e-02 1.1574050e-05
154 1.00 6.665594373840e-02 2.2275607e-05
155 1.00 6.345507614192e-02 2.6559289e-05
156 1.00 6.497284915140e-02 1.3877114e-05
157 1.00 7.094531044120e-02 1.3031239e-05
158 1.00 6.296522255560e-02 1.2756240e-05
159 1.00 7.204980573610e-02 2.0906705e-05
160 1.00 6.170481198028e-02 1.1227949e-05
161 1.00 6.681723179724e-02 1.4801898e-05
162 1.00 5.744188466979e-02 1.6395985e-05
163 1.00 6.156752689082e-02 1.4852005e-05
164 1.00 6.640666309335e-02 5.4019490e-06
165 1.00 6.763797732245e-02 3.6094777e-05
166 1.00 6.331222277760e-02 4.4149416e-05
167 1.00 5.766576265337e-02 6.5229485e-06
168 1.00 6.849048661855e-02 4.9562161e-05
169 1.00 6.159379538655e-02 1.4177074e-05
170 1.00 6.793487098064e-02 2.1489076e-05
171 1.00 5.735106230185e-02 2.8225893e-05
172 1.00 6.839823811537e-02 3.5295545e-05
173 1.00 6.802795971625e-02 1.8678879e-05
174 1.00 6.745170880004e-02 2.9928613e-05
175 1.00 6.779966876562e-02 1.5459251e-05
176 1.00 6.648070548629e-02 1.4225381e-05
177 1.00 6.973653651000e-02 2.5532515e-05
178 1.00 6.737713664580e-02 1.1758007e-05
179 1.00 6.279097850123e-02 2.1092842e-05
180 1.00 6.333374659527e-02 1.6889267e-06
181 1.00 6.217428777236e-02 1.3111308e-05
182 1.00 6.285368188740e-02 1.7291029e-05
183 1.00 6.111453003512e-02 1.5452188e-05
184 1.00 6.466701322064e-02 1.4793932e-05
185 1.00 6.389691529085e-02 2.4472737e-05
186 1.00 6.573635389269e-02 2.5568203e-05
187 1.00 6.412818347351e-02 1.3725902e-05
188 1.00 6.211374522211e-02 1.7199743e-05
189 1.00 5.901517427620e-02 9.9944773e-06
190 1.00 6.522254734586e-02 4.6326770e-05
191 1.00 6.394417153264e-02 9.7730878e-06
192 1.00 6.959809483421e-02 2.1055272e-05
193 1.00 5.774210207974e-02 1.3236329e-05
194 1.00 6.938553173091e-02 5.7945832e-06
195 1.00 6.755052904501e-02 2.6683652e-05
196 1.00 6.485417478317e-02 2.2475545e-05
197 1.00 7.244765465064e-02 3.3252644e-05
198 1.00 6.218566936847e-02 1.3935400e-05
199 1.00 5.966304490906e-02 9.4309031e-06
200 1.00 6.604686254761e-02 2.3023653e-05
201 1.00 7.275098534457e-02 1.2111902e-05
202 1.00 6.056085718062e-02 2.1847246e-05
203 1.00 6.270731180241e-02 2.9661797e-05
204 1.00 7.003582641096e-02 1.7904480e-05
205 1.00 6.441012144812e-02 3.1430005e-05
206 1.00 5.851372036971e-02 1.2400255e-05
207 1.00 5.941228367637e-02 2.1100691e-05
208 1.00 6.305317478040e-02 1.7511108e-05
209 1.00 6.517795822392e-02 1.5278669e-05
210 1.00 6.639400119487e-02 1.0463420e-05
211 1.00 6.436766956097e-02 5.3873430e-06
212 1.00 6.228644681495e-02 8.0117547e-06
213 1.00 6.447980988271e-02 6.2400687e-06
214 1.00 6.515942141074e-02 1.6533003e-05
215 1.00 6.137423292414e-02 2.1109171e-05
216 1.00 6.818747119564e-02 1.3742179e-05
217 1.00 6.231922942702e-02 1.3217052e-05
218 1.00 6.127818803614e-02 7.2093227e-06
219 1.00 7.271551056407e-02 2.1651604e-05
220 1.00 6.873638058906e-02 1.6143635e-05
221 1.00 6.433920585188e-02 1.4251783e-05
222 1.00 6.666473461159e-02 3.4576610e-05
223 1.00 6.724762183968e-02 3.1294024e-05
224 1.00 6.007192631821e-02 2.2815730e-05
225 1.00 6.734162806835e-02 1.2122792e-05
226 1.00 6.821011292645e-02 3.4260609e-05
227 1.00 6.225149593424e-02 1.2091338e-05
228 1.00 6.670585294698e-02 1.6922448e-05
229 1.00 6.793619879974e-02 2.0830454e-05
230 1.00 6.040687614452e-02 1.6911126e-05
231 1.00 6.795664761342e-02 1.5960248e-05
232 1.00 6.145064958524e-02 1.3661574e-05
233 1.00 6.160403413130e-02 1.7011224e-05
234 1.00 6.129642729580e-02 1.0947373e-05
235 1.00 7.064376283716e-02 3.2447099e-05
236 1.00 6.605585187208e-02 2.0219064e-05
237 1.00 5.949231445941e-02 6.4590800e-06
238 1.00 6.919324281361e-02 1.7577570e-05
239 1.00 6.482707140284e-02 2.1720025e-05
240 1.00 6.954417177777e-02 3.1491067e-05
241 1.00 6.784364260040e-02 7.0695070e-06
242 1.00 6.414763566565e-02 2.2823794e-05
243 1.00 6.238261887028e-02 4.9083904e-06
244 1.00 6.986799339259e-02 5.8936993e-06
245 1.00 6.882458197985e-02 8.8506797e-06
246 1.00 6.881592155120e-02 9.7587825e-06
247 1.00 6.390453906618e-02 1.1349235e-05
248 1.00 6.895370172449e-02 1.5991039e-05
249 1.00 6.374861189605e-02 1.2107195e-05
250 1.00 7.122895387682e-02 4.8813099e-05
251 1.00 6.590090760450e-02 2.4758048e-05
252 1.00 7.195165519556e-02 3.1871220e-05
253 1.00 6.279296403868e-02 7.0619046e-06
254 1.00 6.859996168072e-02 1.2993483e-05
255 1.00 6.240251043548e-02 4.4135946e-06
256 1.00 6.576999009626e-02 1.9174609e-05
257 1.00 5.749171148482e-02 1.1461087e-05
258 1.00 6.023850952168e-02 2.8935403e-05
259 1.00 6.992708305509e-02 1.8693948e-05
260 1.00 6.407855167622e-02 8.8938355e-06
261 1.00 6.839258094009e-02 1.8771989e-05
262 1.00 5.909535091159e-02 1.2405787e-05
263 1.00 6.865670415390e-02 2.0119653e-05
264 1.00 5.915108292074e-02 1.6883111e-05
265 1.00 6.438674455414e-02 8.2847052e-06
266 1.00 6.905476368472e-02 1.5088143e-05
267 1.00 6.362121387896e-02 9.6939315e-06
268 1.00 6.914132913938e-02 1.1753730e-05
269 1.00 6.383630311635e-02 2.6468537e-05
270 1.00 6.373896266429e-02 8.8163461e-06
271 1.00 6.231272289131e-02 1.6225274e-05
272 1.00 5.954392981252e-02 1.6284005e-05
273 1.00 6.187208011428e-02 1.8980942e-05
274 1.00 6.047070683731e-02 3.3055048e-06
275 1.00 5.527330597812e-02 2.1547114e-05
276 1.00 6.968852143270e-02 1.9425374e-05
277 1.00 6.696282000309e-02 4.2941100e-05
278 1.00 6.484269261073e-02 1.1021077e-05
279 1.00 6.554772065369e-02 9.8111542e-06
280 1.00 7.100775124685e-02 1.2050484e-05
281 1.00 6.385245310222e-02 3.5319111e-05
282 1.00 7.140704663436e-02 1.1349508e-05
283 1.00 6.563792992726e-02 2.4043388e-05
284 1.00 6.940774127878e-02 2.5768538e-05
285 1.00 6.559332830651e-02 1.1817419e-05
286 1.00 6.262869446769e-02 1.2052519e-05
287 1.00 7.301341467508e-02 2.1029029e-05
288 1.00 6.539261506941e-02 2.1736380e-05
289 1.00 6.963850124992e-02 2.0878916e-05
290 1.00 6.200381274526e-02 1.1587583e-05
291 1.00 7.577578202012e-02 2.2716265e-05
292 1.00 6.695260240440e-02 4.0484284e-05
293 1.00 6.407970073682e-02 1.8394180e-05
294 1.00 6.804897152123e-02 3.4675143e-05
295 1.00 6.857522906111e-02 2.1849288e-05
296 1.00 6.669868197408e-02 6.4319937e-06
297 1.00 6.457537821519e-02 2.3175816e-05
298 1.00 6.822278913289e-02 2.3257393e-05
299 1.00 7.177750374386e-02 1.0089028e-05
300 1.00 6.353069606351e-02 2.3138724e-05
301 1.00 6.981644139772e-02 3.5616774e-05
302 1.00 6.529108475161e-02 2.4608995e-05
303 1.00 6.211431608706e-02 2.0538357e-05
304 1.00 6.135499850979e-02 1.5153329e-05
305 1.00 6.533852241130e-02 9.0425213e-06
306 1.00 6.427949025153e-02 3.2701231e-05
307 1.00 6.397814459411e-02 2.3848315e-05
308 1.00 6.602352139605e-02 2.7761007e-05
309 1.00 6.282354477422e-02 8.8646886e-06
310 1.00 6.928576222792e-02 4.4438790e-06
311 1.00 6.435360353280e-02 3.6333685e-05
312 1.00 6.204368759478e-02 9.8522659e-06
313 1.00 7.084319298039e-02 6.1276323e-06
314 1.00 6.519115361934e-02 1.7588946e-05
315 1.00 6.326032090257e-02 2.3784758e-05
316 1.00 6.693012890704e-02 2.1920852e-05
317 1.00 6.472779456876e-02 1.1169275e-05
318 1.00 6.570817599683e-02 1.3134134e-05
319 1.00 7.008358402967e-02 1.7189187e-05
320 1.00 6.150546217711e-02 1.6015882e-05
321 1.00 6.755667455215e-02 2.4208693e-05
322 1.00 7.072446424384e-02 2.2213836e-05
323 1.00 6.578340384940e-02 1.5896088e-05
324 1.00 6.154416852024e-02 2.5974165e-05
325 1.00 6.850239875088e-02 1.7666952e-05
326 1.00 6.645777081379e-02 9.5702591e-06
327 1.00 6.005043942041e-02 2.3547151e-05
328 1.00 6.485101740112e-02 1.0184201e-05
329 1.00 5.886102456734e-02 2.8796172e-05
330 1.00 6.562032410854e-02 1.7837987e-05
331 1.00 6.797289326884e-02 1.0790898e-05
332 1.00 6.439999227153e-02 2.5170859e-05
333 1.00 6.656259150779e-02 2.0181716e-05
334 1.00 5.924591629914e-02 1.4733428e-05
335 1.00 6.884130033446e-02 1.1034554e-05
336 1.00 6.085921075816e-02 2.5108660e-05
337 1.00 6.498864652590e-02 6.8226833e-06
338 1.00 6.307622287817e-02 1.6309998e-05
339 1.00 6.229399436294e-02 2.2257759e-05
340 1.00 6.882937253431e-02 8.1240105e-06
341 1.00 6.471750346186e-02 3.9785007e-06
342 1.00 6.691183800007e-02 9.8823054e-06
343 1.00 6.577927063078e-02 2.4444555e-05
344 1.00 6.537143997332e-02 2.0592589e-05
345 1.00 6.364707113809e-02 1.8274393e-05
346 1.00 6.632689728906e-02 1.7121131e-05
347 1.00 6.017313875882e-02 1.4234858e-05
348 1.00 6.890893886821e-02 1.5427154e-05
349 1.00 6.929697637111e-02 7.0725950e-05
350 1.00 6.239523896253e-02 2.3342937e-05
351 1.00 6.712477709742e-02 1.3802938e-05
352 1.00 6.966485255733e-02 1.5795097e-05
353 1.00 6.700342544217e-02 8.6948138e-06
354 1.00 6.497596730487e-02 2.0005730e-05
355 1.00 6.779169036682e-02 2.5344148e-05
356 1.00 6.689623375486e-02 2.0270653e-05
357 1.00 6.986591116733e-02 2.5930997e-05
358 1.00 6.411884421479e-02 1.9552401e-05
359 1.00 6.389857289805e-02 1.3172342e-05
360 1.00 5.961904832684e-02 2.1620012e-05
361 1.00 6.538166701209e-02 2.3248996e-05
362 1.00 6.680353181177e-02 2.4728068e-05
363 1.00 6.350868581344e-02 5.2922387e-06
364 1.00 7.244738195911e-02 2.3866670e-05
365 1.00 6.682449994730e-02 3.9097608e-05
366 1.00 6.581443889728e-02 1.5649673e-05
367 1.00 6.083652433515e-02 2.6886276e-05
368 1.00 6.870548198669e-02 7.6151710e-06
369 1.00 6.562182364967e-02 1.6330668e-05
370 1.00 5.906393488502e-02 2.9603016e-05
371 1.00 6.463690161280e-02 2.4716178e-05
372 1.00 5.724186473453e-02 2.4376000e-05
373 1.00 7.055835891581e-02 7.0502670e-06
374 1.00 7.436894242329e-02 1.2501925e-05
375 1.00 6.356427104777e-02 9.7238900e-06
376 1.00 6.662414932730e-02 2.9545686e-05
377 1.00 6.537337826326e-02 1.4282837e-05
378 1.00 6.571165920305e-02 1.4449318e-05
379 1.00 6.283774073623e-02 1.5957660e-05
380 1.00 6.139016184480e-02 1.2410355e-05
381 1.00 6.502847433350e-02 1.9908904e-05
382 1.00 7.101467145465e-02 1.3211374e-05
383 1.00 6.199283572691e-02 7.5465555e-06
384 1.00 6.919985614646e-02 6.7317643e-06
385 1.00 6.057355332613e-02 1.2124216e-05
386 1.00 6.797587606668e-02 3.6697014e-05
387 1.00 5.876443085364e-02 8.5889390e-06
388 1.00 5.758722187762e-02 2.0865914e-05
389 1.00 7.236773976335e-02 2.7586565e-05
390 1.00 5.734864719546e-02 2.0564389e-05
391 1.00 6.803623621341e-02 1.6315067e-05
392 1.00 7.057163849057e-02 1.6789925e-05
393 1.00 6.740687173616e-02 1.3290714e-05
394 1.00 6.786884670174e-02 2.2440134e-05
395 1.00 5.932954729723e-02 3.0255203e-05
396 1.00 6.426635776054e-02 1.9343228e-05
397 1.00 5.909443498189e-02 1.3826002e-05
398 1.00 6.020062993955e-02 2.5388761e-05
399 1.00 6.835022380536e-02 1.8470598e-05
400 1.00 6.556519807444e-02 2.1802768e-05
401 1.00 6.935171367559e-02 6.7003502e-06
402 1.00 6.574406088651e-02 7.7222605e-06
403 1.00 7.377690260858e-02 1.7400927e-05
404 1.00 6.381674242896e-02 2.3789321e-05
405 1.00 6.728996978639e-02 1.9973196e-05
406 1.00 7.501048393066e-02 2.4838641e-05
407 1.00 7.196246688226e-02 2.8591459e-05
408 1.00 6.522805009443e-02 1.5020153e-05
409 1.00 6.430385037612e-02 1.1902538e-05
410 1.00 5.765786267386e-02 1.1240589e-05
411 1.00 6.316715355693e-02 1.1802947e-05
412 1.00 6.732229430144e-02 1.8977107e-05
413 1.00 6.283508466485e-02 1.2722491e-05
414 1.00 6.639531294779e-02 1.9937425e-05
415 1.00 6.211892179698e-02 1.5162681e-05
416 1.00 6.750377964348e-02 1.2348435e-05
417 1.00 6.493646742281e-02 1.8503138e-05
418 1.00 6.942103445044e-02 2.7435874e-05
419 1.00 6.113197969733e-02 1.6041374e-05
420 1.00 6.488379054207e-02 1.2268766e-05
421 1.00 6.810406244145e-02 8.4735125e-06
422 1.00 7.136587409493e-02 6.9302133e-06
423 1.00 7.264643013175e-02 1.1591931e-05
424 1.00 6.305186074774e-02 2.1359079e-05
425 1.00 6.291054037022e-02 9.9783098e-06
426 1.00 6.510746106863e-02 2.0685067e-05
427 1.00 7.339034429849e-02 1.8568190e-05
428 1.00 6.172774619955e-02 9.9851260e-06
429 1.00 7.506660773591e-02 2.2910612e-05
430 1.00 6.392968680064e-02 2.1161353e-05
431 1.00 6.434729699347e-02 1.7684509e-05
432 1.00 6.991450160380e-02 2.2130924e-05
433 1.00 6.564949967378e-02 1.7698150e-05
434 1.00 5.914004538248e-02 9.0693758e-06
435 1.00 6.970084744471e-02 7.1386533e-06
436 1.00 6.888972432303e-02 1.1971706e-05
437 1.00 6.458796955967e-02 2.1639118e-05
438 1.00 6.449941875426e-02 2.4293197e-05
439 1.00 6.016719065764e-02 9.3641632e-06
440 1.00 6.302403494946e-02 1.6216264e-05
441 1.00 6.686096948926e-02 9.3958888e-06
442 1.00 7.153768995643e-02 2.6998838e-05
443 1.00 6.025202064949e-02 1.8080075e-05
444 1.00 6.413292804801e-02 6.7570641e-06
445 1.00 6.889360089385e-02 1.8730619e-05
446 1.00 6.437920803960e-02 1.2180349e-05
447 1.00 6.528525683128e-02 9.5098316e-06
448 1.00 6.106495253038e-02 2.1137927e-05
449 1.00 6.046398830681e-02 4.0207967e-05
450 1.00 6.843634411603e-02 1.6777241e-05
451 1.00 7.008106082979e-02 3.3037939e-05
452 1.00 6.915303140807e-02 4.0017222e-05
453 1.00 6.529190201876e-02 2.5674263e-05
454 1.00 6.763118622643e-02 4.3848757e-05
455 1.00 5.847344845302e-02 6.3757282e-06
456 1.00 6.793856901589e-02 3.0142760e-05
457 1.00 6.375584409844e-02 1.1235058e-05
458 1.00 6.397245543771e-02 1.9890792e-05
459 1.00 6.174927719487e-02 8.3558961e-06
460 1.00 7.228282405050e-02 1.0162546e-05
461 1.00 6.337560067523e-02 1.5564579e-05
462 1.00 6.500158489892e-02 1.4037882e-05
463 1.00 6.232712279711e-02 2.7842347e-05
464 1.00 7.162514150836e-02 2.2779812e-05
465 1.00 6.292933067021e-02 1.0751765e-05
466 1.00 5.998333013310e-02 1.4675261e-05
467 1.00 6.061946969054e-02 2.1335755e-05
468 1.00 6.665513612768e-02 1.5133004e-05
469 1.00 6.422015491615e-02 1.5004069e-05
470 1.00 6.565013265554e-02 1.5473158e-05
471 1.00 6.693045600900e-02 4.0444161e-06
472 1.00 6.321483056582e-02 2.3545562e-05
473 1.00 6.803683605839e-02 2.2960630e-05
474 1.00 6.355555068794e-02 1.1504697e-05
475 1.00 6.805669418911e-02 2.8520325e-05
476 1.00 6.998013943485e-02 4.6163343e-05
477 1.00 6.791146656971e-02 1.3649602e-05
478 1.00 6.617305602969e-02 1.0130592e-05
479 1.00 6.541580841206e-02 2.0649571e-05
480 1.00 5.813497506960e-02 1.4267435e-05
481 1.00 6.486890339477e-02 3.1183820e-05
482 1.00 6.762804707182e-02 3.2897511e-05
483 1.00 6.129245025615e-02 1.7882158e-05
484 1.00 6.222792404899e-02 1.6035557e-05
485 1.00 6.958034636682e-02 2.0477293e-05
486 1.00 6.737799583804e-02 2.6741393e-05
487 1.00 5.923385869821e-02 1.5081061e-05
488 1.00 6.035019970186e-02 1.1485353e-05
489 1.00 6.424234736848e-02 1.7387791e-05
490 1.00 5.844721891764e-02 5.8578288e-06
491 1.00 6.068993724605e-02 2.7093375e-05
492 1.00 6.685376007554e-02 2.1309860e-05
493 1.00 6.435415172560e-02 4.0945144e-05
494 1.00 6.738158171887e-02 2.7207773e-05
495 1.00 6.847778596851e-02 1.9776975e-05
496 1.00 6.384546706798e-02 2.5751973e-05
497 1.00 6.395445040319e-02 3.0877574e-05
498 1.00 6.310107243787e-02 1.4437707e-05
499 1.00 6.851461166490e-02 2.3158953e-05
500 1.00 6.374944847361e-02 1.0534528e-05
