1 -1.00 7.857084708226e-02 9.0584688e-06
3 -1.00 7.509753135827e-02 2.7824717e-06
5 -1.00 7.596932625743e-02 8.0176722e-06
7 -1.00 7.174346122381e-02 9.4570571e-06
9 -1.00 7.690951062188e-02 7.1483998e-06
11 -1.00 7.358704904584e-02 4.9620655e-06
13 -1.00 7.396378803352e-02 5.7370357e-06
15 -1.00 7.094142502859e-02 5.1625410e-06
17 -1.00 7.486871576427e-02 8.8032211e-06
19 -1.00 7.575240772815e-02 1.8724319e-05
21 -1.00 7.980501012762e-02 1.2307263e-05
23 -1.00 7.049799922367e-02 6.8880355e-06
25 -1.00 7.399943856426e-02 8.2564627e-06
27 -1.00 7.313593161106e-02 7.8075852e-06
29 -1.00 7.520626019172e-02 6.0013708e-06
31 -1.00 7.890218456494e-02 1.3352203e-05
33 -1.00 7.468332533773e-02 2.3940330e-06
35 -1.00 7.793075033385e-02 1.3773380e-05
37 -1.00 7.401051842132e-02 9.5477718e-06
39 -1.00 7.113868542338e-02 1.4285808e-06
41 -1.00 7.023718045597e-02 7.4363979e-06
43 -1.00 7.728271723518e-02 1.6948932e-05
45 -1.00 7.586783007230e-02 1.7891246e-05
47 -1.00 7.471319156065e-02 5.8694256e-06
49 -1.00 7.580334439984e-02 3.8107019e-06
51 -1.00 7.449652320940e-02 4.1154362e-06
53 -1.00 7.570447289002e-02 6.9430016e-06
55 -1.00 7.474296660516e-02 5.4674166e-06
57 -1.00 7.571754547243e-02 4.3902537e-06
59 -1.00 6.805718886551e-02 1.0829058e-05
61 -1.00 6.696539413190e-02 2.9518478e-06
63 -1.00 7.419418019550e-02 9.2981712e-06
65 -1.00 8.231888971522e-02 8.5308428e-06
67 -1.00 7.272290212479e-02 1.6771430e-05
69 -1.00 8.049473515956e-02 6.2874616e-06
71 -1.00 7.652865985766e-02 8.0875430e-06
73 -1.00 7.639730867348e-02 1.3700582e-05
75 -1.00 7.265868892700e-02 1.2511994e-05
77 -1.00 7.458343211758e-02 4.3230885e-06
79 -1.00 8.052073626894e-02 7.9469078e-06
81 -1.00 7.952318964070e-02 1.9416525e-05
83 -1.00 7.216289875409e-02 4.2306157e-06
85 -1.00 7.107542396880e-02 5.0752529e-06
87 -1.00 7.371652120682e-02 2.8679609e-06
89 -1.00 7.290091425704e-02 4.7253259e-06
91 -1.00 7.801741986126e-02 1.1770235e-05
93 -1.00 6.672507378894e-02 1.2881536e-05
95 -1.00 7.856145725066e-02 9.1383626e-06
97 -1.00 6.891802543266e-02 5.0773184e-06
99 -1.00 7.895493797119e-02 1.2804402e-05
1 -0.75 7.178873182837e-02 1.0095820e-05
3 -0.75 7.527663920173e-02 9.1878404e-06
5 -0.75 7.718576160307e-02 1.2043788e-05
7 -0.75 7.098005734643e-02 1.3635349e-05
9 -0.75 7.348360416092e-02 1.1562149e-05
11 -0.75 7.253757714245e-02 1.1717259e-05
13 -0.75 7.286157776835e-02 1.1109736e-05
15 -0.75 7.008120706911e-02 6.7464167e-06
17 -0.75 7.616308016508e-02 1.3141887e-05
19 -0.75 7.495926361544e-02 2.1124021e-05
21 -0.75 8.126911746663e-02 6.6647292e-06
23 -0.75 7.058445757857e-02 1.0654031e-05
25 -0.75 7.252053626101e-02 1.4346281e-05
27 -0.75 7.339120822759e-02 7.1590307e-06
29 -0.75 7.519494613900e-02 9.0685653e-06
31 -0.75 7.819523658437e-02 7.4474573e-06
33 -0.75 7.422529290485e-02 1.1565632e-05
35 -0.75 7.452055114293e-02 2.3786769e-06
37 -0.75 7.246063402806e-02 6.8004795e-06
39 -0.75 7.007253490864e-02 7.2595729e-06
41 -0.75 7.098444681455e-02 9.3465791e-06
43 -0.75 7.719023102249e-02 6.5217024e-06
45 -0.75 7.373769363188e-02 1.2273237e-05
47 -0.75 7.454810891839e-02 1.0021356e-05
49 -0.75 7.277968293042e-02 3.9677858e-06
51 -0.75 7.682891537246e-02 1.4358273e-05
53 -0.75 7.693101598986e-02 8.3159582e-06
55 -0.75 7.338862787858e-02 3.3622235e-06
57 -0.75 7.580521942564e-02 5.6756462e-06
59 -0.75 6.673339225906e-02 1.2486176e-05
61 -0.75 6.780880649518e-02 2.7541364e-06
63 -0.75 7.333209615246e-02 1.3056812e-05
65 -0.75 8.055806143485e-02 1.5196259e-05
67 -0.75 7.253050700178e-02 1.0424283e-05
69 -0.75 8.146156383491e-02 6.1715818e-06
71 -0.75 7.388718161040e-02 2.6285091e-06
73 -0.75 7.495715074734e-02 9.9563657e-06
75 -0.75 7.122767447591e-02 7.7464930e-06
77 -0.75 7.409537040939e-02 3.7610477e-06
79 -0.75 8.046920607485e-02 1.2611844e-05
81 -0.75 7.653721564377e-02 5.9453828e-06
83 -0.75 7.198356350919e-02 6.1026733e-06
85 -0.75 7.023741046274e-02 3.1804163e-06
87 -0.75 7.334105558819e-02 3.0262164e-06
89 -0.75 7.098831571626e-02 8.2495382e-06
91 -0.75 7.787184292476e-02 7.9097621e-06
93 -0.75 6.509065961099e-02 4.2907689e-06
95 -0.75 7.637871703975e-02 1.2819058e-05
97 -0.75 6.846349613499e-02 1.2580240e-05
99 -0.75 8.026364456379e-02 1.2895075e-05
1 -0.50 7.420659039124e-02 1.1320003e-05
3 -0.50 7.465256009310e-02 9.2237357e-06
5 -0.50 7.585467009390e-02 1.1536861e-05
7 -0.50 7.091726685977e-02 1.8462515e-05
9 -0.50 7.288694797283e-02 5.4864187e-06
11 -0.50 7.246340887928e-02 1.6618757e-05
13 -0.50 7.353268218573e-02 1.0596352e-05
15 -0.50 6.929148368141e-02 1.0760237e-05
17 -0.50 7.365986322508e-02 1.3198315e-05
19 -0.50 7.519638086188e-02 1.0632802e-05
21 -0.50 7.728496505913e-02 1.0661795e-05
23 -0.50 6.826284092531e-02 1.9075176e-06
25 -0.50 7.186766280334e-02 2.9839328e-06
27 -0.50 7.056732013303e-02 8.2266412e-06
29 -0.50 7.243746766575e-02 8.7047066e-06
31 -0.50 7.615204772521e-02 9.7860916e-06
33 -0.50 7.153065767282e-02 6.4346728e-06
35 -0.50 7.501805743280e-02 1.4060035e-05
37 -0.50 7.315780219745e-02 1.0156738e-05
39 -0.50 7.066161579060e-02 1.4429232e-05
41 -0.50 7.010538043883e-02 1.5093860e-05
43 -0.50 7.709079212706e-02 3.5942171e-06
45 -0.50 7.101998504164e-02 5.3349125e-06
47 -0.50 7.231258110405e-02 4.1285625e-06
49 -0.50 7.274756392156e-02 4.5561348e-06
51 -0.50 7.329878197302e-02 8.3639022e-06
53 -0.50 7.487161524139e-02 9.4979545e-06
55 -0.50 7.460348591914e-02 1.5385443e-05
57 -0.50 7.498437424459e-02 1.2653459e-05
59 -0.50 6.725389200114e-02 4.8256126e-06
61 -0.50 6.749920919414e-02 6.7030606e-06
63 -0.50 7.261546111540e-02 5.4562878e-06
65 -0.50 8.025199011823e-02 1.3000083e-05
67 -0.50 7.292081257806e-02 9.7541294e-06
69 -0.50 7.946942979528e-02 5.9745466e-06
71 -0.50 7.301799353976e-02 6.5422195e-06
73 -0.50 7.587183445924e-02 7.4204710e-06
75 -0.50 7.070295437447e-02 3.4846130e-06
77 -0.50 7.330405246561e-02 5.5175815e-06
79 -0.50 7.995091590653e-02 6.1150599e-06
81 -0.50 7.687842302586e-02 7.5439390e-06
83 -0.50 7.113193654679e-02 7.6407119e-06
85 -0.50 7.035247998167e-02 8.8439863e-06
87 -0.50 7.033799413910e-02 2.3889495e-06
89 -0.50 7.075533518696e-02 4.1973900e-06
91 -0.50 7.747468010490e-02 1.1069726e-05
93 -0.50 6.421937149781e-02 7.0290938e-06
95 -0.50 7.609741153769e-02 8.2330827e-06
97 -0.50 6.706945661632e-02 1.4170959e-05
99 -0.50 7.687541381137e-02 9.6501218e-06
1 -0.25 7.214572289193e-02 3.9878421e-06
3 -0.25 7.338460911977e-02 4.1365043e-06
5 -0.25 7.524752112590e-02 7.0358859e-06
7 -0.25 6.914529668973e-02 8.7769266e-06
9 -0.25 7.371561000195e-02 4.1895509e-06
11 -0.25 7.045936904132e-02 7.6523379e-06
13 -0.25 7.452982606453e-02 1.0664956e-05
15 -0.25 6.684877330589e-02 2.8002929e-06
17 -0.25 7.339747658711e-02 1.0807275e-05
19 -0.25 7.205540877918e-02 1.9802605e-05
21 -0.25 7.517361957381e-02 4.4055088e-06
23 -0.25 6.952119793495e-02 5.9374260e-06
25 -0.25 7.218487886249e-02 2.9181592e-06
27 -0.25 6.945801130712e-02 1.4016023e-05
29 -0.25 7.119099775797e-02 5.8983215e-06
31 -0.25 7.571629695238e-02 4.9093432e-06
33 -0.25 7.401858539792e-02 7.4519177e-06
35 -0.25 7.406914699057e-02 7.6491811e-06
37 -0.25 7.254369759795e-02 1.5396396e-05
39 -0.25 7.151711452336e-02 1.1402244e-05
41 -0.25 6.903428674036e-02 8.8416097e-06
43 -0.25 7.317525557593e-02 6.6465861e-06
45 -0.25 7.397482833007e-02 1.4685668e-05
47 -0.25 7.389878662402e-02 1.0660828e-05
49 -0.25 7.167968055965e-02 1.2726220e-05
51 -0.25 7.425060468042e-02 1.2411776e-05
53 -0.25 7.801529262561e-02 2.0463713e-05
55 -0.25 7.213292352614e-02 4.6118069e-06
57 -0.25 7.266939795186e-02 6.8661051e-06
59 -0.25 6.653331843702e-02 3.3019488e-06
61 -0.25 6.533241765438e-02 2.4965048e-06
63 -0.25 7.093182766468e-02 1.1127912e-05
65 -0.25 7.858599837525e-02 9.8419219e-06
67 -0.25 7.108355081241e-02 7.8928208e-06
69 -0.25 7.643467812872e-02 5.2362714e-06
71 -0.25 7.355723206592e-02 8.8031927e-06
73 -0.25 7.298971628447e-02 1.0467547e-05
75 -0.25 6.977944241867e-02 2.7041219e-06
77 -0.25 7.285707939438e-02 1.6996195e-05
79 -0.25 7.830026768220e-02 1.4518257e-05
81 -0.25 7.565854495729e-02 1.0628662e-05
83 -0.25 7.067056183456e-02 1.8546992e-06
85 -0.25 7.022932850170e-02 1.3434395e-05
87 -0.25 7.300673986923e-02 1.2724099e-05
89 -0.25 7.001598883511e-02 4.3321964e-06
91 -0.25 7.523274583753e-02 1.5359709e-05
93 -0.25 6.446909466394e-02 3.9729637e-06
95 -0.25 7.424223974828e-02 7.2431392e-06
97 -0.25 6.672856928561e-02 1.2483428e-05
99 -0.25 7.705149737462e-02 7.3002383e-06
1 0.00 6.852667615284e-02 1.1948356e-05
3 0.00 7.258934342300e-02 9.5475707e-06
5 0.00 7.534617011960e-02 2.1846752e-05
7 0.00 6.741252859152e-02 6.1539397e-06
9 0.00 7.251905510938e-02 9.7125392e-06
11 0.00 7.024212883288e-02 1.1527408e-05
13 0.00 7.178624306960e-02 8.6971517e-06
15 0.00 6.813130992158e-02 2.4022034e-06
17 0.00 7.357533045250e-02 3.9512244e-06
19 0.00 7.124561198994e-02 4.5263150e-06
21 0.00 7.701909991729e-02 8.8253375e-06
23 0.00 7.162834809848e-02 1.0769780e-05
25 0.00 7.010024332727e-02 7.1350629e-06
27 0.00 6.821955284703e-02 1.1573379e-05
29 0.00 6.853330458827e-02 8.2020332e-06
31 0.00 7.579556702707e-02 9.3893952e-06
33 0.00 7.029887494803e-02 1.4211449e-05
35 0.00 7.294940250714e-02 2.4010194e-05
37 0.00 6.928384366750e-02 1.2510767e-06
39 0.00 6.892797015003e-02 2.6203043e-06
41 0.00 6.910992390464e-02 8.6444923e-06
43 0.00 7.531309014482e-02 1.4596139e-05
45 0.00 7.176114635440e-02 4.5814682e-06
47 0.00 7.402919588592e-02 1.0249625e-05
49 0.00 7.150863117947e-02 1.2699942e-05
51 0.00 7.207594130640e-02 1.4331355e-05
53 0.00 7.481438537542e-02 7.8876574e-06
55 0.00 7.266378938392e-02 1.0276614e-05
57 0.00 7.248019254328e-02 1.3166794e-05
59 0.00 6.666298363091e-02 9.9098877e-06
61 0.00 6.550363286794e-02 7.6464216e-06
63 0.00 7.225317782633e-02 1.0956658e-05
65 0.00 7.730366368752e-02 1.0579310e-05
67 0.00 6.943824533529e-02 1.0869244e-05
69 0.00 7.554217121987e-02 7.5724070e-06
71 0.00 7.101762700899e-02 4.3545216e-06
73 0.00 7.220531637001e-02 6.0086307e-06
75 0.00 6.974870375500e-02 5.1326637e-06
77 0.00 7.437591052571e-02 6.6314109e-06
79 0.00 7.713829960823e-02 5.6606705e-06
81 0.00 7.607740003608e-02 1.4639318e-05
83 0.00 7.015922079543e-02 5.2966997e-06
85 0.00 6.872218646199e-02 4.4252829e-06
87 0.00 7.363378277817e-02 1.4028659e-05
89 0.00 7.074474027239e-02 4.0215332e-06
91 0.00 7.588473224956e-02 3.3918876e-05
93 0.00 6.510854000383e-02 5.9336404e-06
95 0.00 7.648456332683e-02 1.6024860e-05
97 0.00 6.703649211108e-02 3.5662282e-06
99 0.00 7.667367097076e-02 7.0130582e-06
1 0.25 7.029999422256e-02 1.0474422e-05
3 0.25 7.377111340621e-02 1.0803001e-05
5 0.25 7.161275769382e-02 9.9632764e-06
7 0.25 6.717296236211e-02 3.6693711e-06
9 0.25 7.174043847288e-02 1.6078339e-05
11 0.25 7.086595160780e-02 5.6963391e-06
13 0.25 7.099029373652e-02 7.7315534e-06
15 0.25 6.847181404440e-02 1.2246221e-05
17 0.25 6.987696787439e-02 1.1593880e-05
19 0.25 7.205422275742e-02 9.4199790e-06
21 0.25 7.686888919231e-02 6.8834870e-06
23 0.25 6.659994355544e-02 3.3891776e-06
25 0.25 7.068647769893e-02 8.3109949e-06
27 0.25 6.759216239586e-02 7.0073120e-06
29 0.25 6.953772927538e-02 6.9440496e-06
31 0.25 7.532662338116e-02 8.3121580e-06
33 0.25 7.000141263813e-02 1.0497679e-05
35 0.25 7.088993446394e-02 4.4317660e-06
37 0.25 6.959718333001e-02 1.7868427e-06
39 0.25 6.743002619485e-02 6.0547493e-06
41 0.25 6.689947493668e-02 9.3529920e-06
43 0.25 7.643775418635e-02 1.6583812e-05
45 0.25 6.941310810357e-02 5.4460456e-06
47 0.25 7.462560662152e-02 7.9698849e-06
49 0.25 7.096485464674e-02 5.7507227e-06
51 0.25 7.321008727963e-02 7.6512779e-06
53 0.25 7.231098724647e-02 1.1200579e-05
55 0.25 6.994015974742e-02 1.0764966e-05
57 0.25 7.292181483965e-02 8.7405983e-06
59 0.25 6.335688595144e-02 7.7723642e-06
61 0.25 6.517752055786e-02 3.7245002e-06
63 0.25 7.053884649674e-02 1.4744370e-05
65 0.25 7.617954086158e-02 1.2455229e-05
67 0.25 7.091487128149e-02 2.1969808e-05
69 0.25 7.670956047903e-02 7.6630240e-06
71 0.25 6.986360925884e-02 1.0053487e-05
73 0.25 7.365638045757e-02 8.5343850e-06
75 0.25 6.747556042882e-02 9.9672533e-06
77 0.25 7.249557386097e-02 1.2612355e-05
79 0.25 7.586044596652e-02 1.5318149e-05
81 0.25 7.396215130515e-02 1.2022481e-05
83 0.25 6.981836454356e-02 1.1867868e-05
85 0.25 6.924104449503e-02 8.6662224e-06
87 0.25 7.155242752988e-02 1.3622272e-05
89 0.25 6.974815024924e-02 6.0913411e-06
91 0.25 7.291631227614e-02 1.5411395e-05
93 0.25 6.449335172672e-02 5.3124038e-06
95 0.25 7.444014604068e-02 3.6500303e-06
97 0.25 6.527673242099e-02 7.5205254e-06
99 0.25 7.504545993828e-02 9.1174214e-06
1 0.50 6.854157765833e-02 4.7870767e-06
3 0.50 7.140709989838e-02 1.5129101e-05
5 0.50 7.412145206257e-02 1.2120196e-05
7 0.50 6.754843842396e-02 6.4661698e-06
9 0.50 7.329208224386e-02 2.7607785e-05
11 0.50 6.879221100337e-02 9.7981669e-06
13 0.50 7.031429359389e-02 1.1353142e-05
15 0.50 6.733009000916e-02 1.4548409e-05
17 0.50 6.853294356773e-02 1.0279951e-05
19 0.50 6.965304486777e-02 2.3049699e-05
21 0.50 7.485724147015e-02 8.2606785e-06
23 0.50 6.740456398321e-02 5.4920918e-06
25 0.50 7.176779162224e-02 2.1997538e-05
27 0.50 6.789381582018e-02 8.6230428e-06
29 0.50 6.900141842136e-02 4.6916372e-06
31 0.50 7.319638398227e-02 2.0080300e-05
33 0.50 6.931445487375e-02 1.2869717e-05
35 0.50 7.209519638619e-02 8.2298088e-06
37 0.50 6.825476738961e-02 8.1074330e-06
39 0.50 7.038370070764e-02 9.9992489e-06
41 0.50 6.719537436327e-02 1.0849624e-05
43 0.50 7.547588739350e-02 3.9976613e-06
45 0.50 7.014539014717e-02 1.7140877e-05
47 0.50 7.148341736445e-02 6.8444901e-06
49 0.50 6.741557756885e-02 1.8613096e-05
51 0.50 6.935846767980e-02 7.0246086e-06
53 0.50 7.306252171060e-02 1.1351978e-05
55 0.50 6.726964815422e-02 9.4003710e-06
57 0.50 6.896713768837e-02 7.9794690e-06
59 0.50 6.357739478420e-02 1.0894916e-05
61 0.50 6.479559575596e-02 7.9028834e-06
63 0.50 7.088718263265e-02 1.8571846e-05
65 0.50 7.470142665618e-02 1.3833686e-05
67 0.50 6.904299608804e-02 1.0708395e-05
69 0.50 7.305326220482e-02 9.8632504e-06
71 0.50 7.081718897155e-02 2.2887877e-05
73 0.50 7.192710748897e-02 7.4030380e-06
75 0.50 6.707035616926e-02 1.3092199e-05
77 0.50 6.974944951442e-02 1.3277072e-05
79 0.50 7.480995161388e-02 5.4338540e-06
81 0.50 7.412142683414e-02 1.5461614e-05
83 0.50 6.806774295964e-02 9.7562212e-06
85 0.50 6.720032891090e-02 5.7145390e-06
87 0.50 6.986614300560e-02 1.0786254e-05
89 0.50 6.594787804510e-02 5.3841193e-06
91 0.50 7.227860411752e-02 8.7432009e-06
93 0.50 6.428280963227e-02 1.0559578e-05
95 0.50 7.314728198272e-02 1.1041456e-05
97 0.50 6.272074655110e-02 3.2312526e-05
99 0.50 7.502992469937e-02 9.1547053e-06
1 0.75 6.815725817469e-02 3.8053776e-06
3 0.75 7.030054054221e-02 8.6425108e-06
5 0.75 7.335344227090e-02 1.1825527e-05
7 0.75 6.493779364499e-02 3.4382167e-06
9 0.75 7.204968849363e-02 8.5043844e-06
11 0.75 6.756708823947e-02 8.8032784e-06
13 0.75 7.010065091880e-02 1.5034764e-05
15 0.75 6.379741308394e-02 5.6523109e-06
17 0.75 7.103505370254e-02 1.1950717e-05
19 0.75 6.981096213288e-02 1.4602450e-05
21 0.75 7.405054182521e-02 4.1247151e-06
23 0.75 7.014008489493e-02 5.9578044e-06
25 0.75 7.059014165147e-02 1.5108738e-05
27 0.75 6.852311613530e-02 4.9942460e-06
29 0.75 6.886609964100e-02 9.7010455e-06
31 0.75 7.493926423345e-02 2.2335765e-05
33 0.75 7.092637438709e-02 1.0474686e-05
35 0.75 7.115235783143e-02 2.0011890e-05
37 0.75 6.954107825924e-02 8.9072079e-06
39 0.75 6.640294211360e-02 5.1683289e-06
41 0.75 6.600556616032e-02 1.3109946e-05
43 0.75 7.396009208675e-02 1.1392862e-05
45 0.75 6.886424153432e-02 2.7504372e-06
47 0.75 6.973392715263e-02 8.3314749e-06
49 0.75 6.932100405781e-02 8.8510747e-06
51 0.75 7.031070146710e-02 1.7486418e-05
53 0.75 7.250478741603e-02 2.6700442e-05
55 0.75 6.895069528074e-02 8.6485670e-06
57 0.75 6.954882506604e-02 1.6778320e-05
59 0.75 6.379556316929e-02 5.7083177e-06
61 0.75 6.551784827771e-02 2.2935395e-05
63 0.75 7.231104159928e-02 6.3586139e-06
65 0.75 7.268849760002e-02 1.3315461e-05
67 0.75 6.898919780093e-02 4.7447382e-06
69 0.75 7.263630949170e-02 9.1845216e-06
71 0.75 6.830486841568e-02 7.8984436e-06
73 0.75 7.005640137031e-02 1.3670322e-05
75 0.75 6.581115364477e-02 9.7595877e-07
77 0.75 7.289473994750e-02 4.6180777e-06
79 0.75 7.308073763934e-02 1.3374464e-05
81 0.75 7.413950270484e-02 1.7120905e-05
83 0.75 6.866063420988e-02 4.8080899e-06
85 0.75 6.590263932328e-02 1.0305450e-05
87 0.75 7.063320535967e-02 9.0867504e-06
89 0.75 6.954627201530e-02 4.8421694e-07
91 0.75 7.104984605079e-02 1.4366263e-05
93 0.75 6.181263905079e-02 1.0473324e-05
95 0.75 7.537927212256e-02 7.3221786e-06
97 0.75 6.278055401601e-02 1.3791019e-05
99 0.75 7.409430722624e-02 3.4503347e-05
1 1.00 6.744095423056e-02 1.0196519e-05
3 1.00 7.287260675582e-02 1.4169974e-05
5 1.00 7.274576976464e-02 1.4651391e-05
7 1.00 6.581821485193e-02 6.0209611e-06
9 1.00 7.056215078610e-02 6.2311774e-06
11 1.00 6.745197068484e-02 1.5134735e-05
13 1.00 6.774331033179e-02 1.1549246e-05
15 1.00 6.627143585328e-02 1.1682100e-05
17 1.00 6.958415264465e-02 1.1919102e-05
19 1.00 7.045432424505e-02 1.1282038e-05
21 1.00 7.448141175951e-02 2.0387076e-05
23 1.00 6.589731493168e-02 8.5556347e-06
25 1.00 7.025147778028e-02 2.4119623e-05
27 1.00 6.683860195014e-02 1.0117371e-05
29 1.00 6.880286652177e-02 1.0943101e-05
31 1.00 7.422975582681e-02 1.8777180e-05
33 1.00 7.222106513476e-02 1.5372976e-05
35 1.00 6.989752622581e-02 1.7694358e-05
37 1.00 6.754673225469e-02 7.2641238e-06
39 1.00 6.665452730097e-02 1.2109271e-05
41 1.00 6.661323795806e-02 1.5587287e-05
43 1.00 7.715972205717e-02 1.9520509e-05
45 1.00 6.822636981663e-02 1.1323873e-05
47 1.00 7.130000513923e-02 1.3721833e-05
49 1.00 6.787359966443e-02 2.4470733e-05
51 1.00 7.202083734291e-02 1.9121131e-05
53 1.00 7.284884679042e-02 1.5223862e-05
55 1.00 6.722295244158e-02 1.5322769e-05
57 1.00 6.775974032724e-02 7.4141326e-06
59 1.00 6.463503464444e-02 1.5383235e-05
61 1.00 6.375711927672e-02 1.7139441e-05
63 1.00 6.915621326449e-02 3.7853204e-06
65 1.00 7.309761619985e-02 1.7234817e-05
67 1.00 6.752579807664e-02 1.2730094e-05
69 1.00 7.023878693876e-02 1.2628636e-05
71 1.00 6.730206026653e-02 9.9655310e-06
73 1.00 7.156076941147e-02 3.7965033e-06
75 1.00 6.542960030999e-02 1.3240983e-05
77 1.00 7.035068021957e-02 1.0794292e-05
79 1.00 7.314285650276e-02 2.4803587e-05
81 1.00 7.450761615901e-02 8.6210144e-06
83 1.00 6.782730301961e-02 1.1759422e-05
85 1.00 6.523736475371e-02 9.3540792e-06
87 1.00 7.080895988471e-02 1.5775071e-05
89 1.00 6.629547391135e-02 2.7462879e-05
91 1.00 7.288633731105e-02 1.4967804e-05
93 1.00 6.391530044454e-02 8.8475077e-06
95 1.00 7.367531222828e-02 3.0849919e-05
97 1.00 6.351168957706e-02 6.5773962e-06
99 1.00 7.342623574248e-02 8.2100857e-06
101 -1.00 7.056611680048e-02 4.3993406e-06
103 -1.00 7.343117465062e-02 1.1714393e-05
105 -1.00 7.502903214666e-02 8.1862386e-06
107 -1.00 7.803871529896e-02 5.3376463e-06
109 -1.00 7.497495831812e-02 6.3125166e-06
111 -1.00 7.573217588827e-02 8.7891429e-06
113 -1.00 7.367087001884e-02 7.4132273e-06
115 -1.00 8.126187470955e-02 5.0621287e-06
117 -1.00 6.960493318204e-02 3.7972570e-06
119 -1.00 7.387378706021e-02 5.3482840e-06
121 -1.00 7.667848922530e-02 3.8386400e-06
123 -1.00 6.648167945644e-02 1.4737097e-05
125 -1.00 7.742044676487e-02 9.9556418e-06
127 -1.00 7.815365246450e-02 1.2088936e-05
129 -1.00 7.411567503948e-02 8.0948069e-06
131 -1.00 8.377268115456e-02 1.1276499e-05
133 -1.00 7.437373824764e-02 5.1755652e-06
135 -1.00 6.620363775845e-02 5.4209557e-06
137 -1.00 7.925631921409e-02 9.3591644e-06
139 -1.00 7.081461528396e-02 1.1534168e-05
141 -1.00 7.441764262371e-02 5.5072028e-06
143 -1.00 7.333941848528e-02 2.9068323e-06
145 -1.00 7.605722875898e-02 5.1384669e-06
147 -1.00 7.254894532859e-02 8.9601928e-06
149 -1.00 7.514689257378e-02 7.0347119e-06
151 -1.00 7.285433357246e-02 6.3637043e-06
153 -1.00 7.731744477035e-02 1.8160031e-05
155 -1.00 8.415255577558e-02 1.3034667e-05
157 -1.00 7.448551035126e-02 1.4348668e-05
159 -1.00 7.433184481584e-02 2.5293949e-06
161 -1.00 7.885053070579e-02 7.1898100e-06
163 -1.00 7.082732822846e-02 9.2322982e-06
165 -1.00 7.936092001070e-02 2.2991786e-05
167 -1.00 7.327297533908e-02 5.4835102e-06
169 -1.00 7.491211123345e-02 6.8954878e-06
171 -1.00 7.137162210305e-02 4.8621602e-06
173 -1.00 7.842551801386e-02 4.0823485e-06
175 -1.00 7.421759954135e-02 8.1122253e-06
177 -1.00 7.683620864580e-02 7.5533976e-06
179 -1.00 6.982298281483e-02 2.2071243e-06
181 -1.00 7.256069021215e-02 6.7037421e-06
183 -1.00 7.424467893317e-02 7.6769396e-06
185 -1.00 8.137705434911e-02 8.1279804e-06
187 -1.00 7.349219719597e-02 8.6922646e-06
189 -1.00 6.984104471206e-02 9.0276898e-06
191 -1.00 7.845073737158e-02 4.4176790e-06
193 -1.00 6.516406925856e-02 6.2006984e-06
195 -1.00 7.308400694862e-02 3.9968159e-06
197 -1.00 7.769706068727e-02 1.4431172e-05
199 -1.00 6.816263706058e-02 9.0193777e-06
101 -0.75 7.119887593849e-02 5.8860699e-06
103 -0.75 7.248243974482e-02 1.4517268e-05
105 -0.75 7.614329270132e-02 1.1777344e-05
107 -0.75 7.944296467866e-02 5.6560754e-06
109 -0.75 7.549350764576e-02 1.2654743e-05
111 -0.75 7.325407346051e-02 6.6849694e-06
113 -0.75 7.378243374919e-02 5.2988723e-06
115 -0.75 7.940546732901e-02 1.0631293e-05
117 -0.75 7.111366813060e-02 1.1213101e-05
119 -0.75 7.182083386252e-02 8.6276503e-06
121 -0.75 7.530125141047e-02 7.7011483e-06
123 -0.75 6.838065523309e-02 1.0361308e-05
125 -0.75 7.827750725860e-02 7.3012009e-06
127 -0.75 7.766091160249e-02 1.4585486e-05
129 -0.75 7.274146380235e-02 5.8400882e-06
131 -0.75 8.121268151257e-02 9.2882243e-06
133 -0.75 7.465331451709e-02 8.3743265e-06
135 -0.75 6.626099221548e-02 4.5207639e-06
137 -0.75 7.811655544901e-02 7.6523002e-06
139 -0.75 7.068901454212e-02 1.8096256e-06
141 -0.75 7.308723064802e-02 4.5026523e-06
143 -0.75 6.920803714907e-02 1.1230450e-05
145 -0.75 7.734281361333e-02 2.4417843e-05
147 -0.75 7.280456892538e-02 4.4029204e-06
149 -0.75 7.600507564606e-02 8.8882853e-06
151 -0.75 7.259841267268e-02 7.7468202e-06
153 -0.75 7.503038275039e-02 1.2846649e-05
155 -0.75 8.632208861348e-02 1.8325941e-05
157 -0.75 7.334095495201e-02 6.5588476e-06
159 -0.75 7.414496847646e-02 5.6680998e-06
161 -0.75 7.729525034956e-02 1.0136990e-05
163 -0.75 7.072610462983e-02 4.9002573e-06
165 -0.75 7.526226914026e-02 5.8391758e-06
167 -0.75 7.590833010554e-02 1.2275756e-05
169 -0.75 7.204795724419e-02 8.6156092e-06
171 -0.75 7.000550882133e-02 1.3111189e-05
173 -0.75 7.846804663258e-02 1.4730446e-05
175 -0.75 7.377681988538e-02 7.5085324e-06
177 -0.75 7.572763495800e-02 7.3695848e-06
179 -0.75 6.897702493139e-02 1.0002907e-05
181 -0.75 6.961564865019e-02 8.3512210e-06
183 -0.75 7.594307139041e-02 6.1492156e-06
185 -0.75 7.918053886410e-02 1.2023998e-05
187 -0.75 7.538395950593e-02 1.0521533e-05
189 -0.75 7.138542544968e-02 5.7384203e-06
191 -0.75 7.717644123840e-02 1.6486553e-05
193 -0.75 6.589160245341e-02 5.6614509e-06
195 -0.75 7.296683173788e-02 1.6519227e-05
197 -0.75 7.776791174345e-02 8.5726687e-06
199 -0.75 6.753957973350e-02 1.0320591e-05
101 -0.50 6.890930290120e-02 7.0670798e-06
103 -0.50 7.203330475334e-02 3.4650093e-06
105 -0.50 7.536421338490e-02 9.4201851e-06
107 -0.50 7.518489464366e-02 1.7355046e-05
109 -0.50 7.486362337035e-02 9.2804989e-06
111 -0.50 7.377854847330e-02 5.7804650e-06
113 -0.50 7.346081710945e-02 1.6928761e-05
115 -0.50 7.862002580797e-02 1.0545141e-05
117 -0.50 6.949230286915e-02 1.4002010e-05
119 -0.50 7.379863132877e-02 1.1723330e-05
121 -0.50 7.440443579245e-02 6.7311731e-06
123 -0.50 6.686266823561e-02 8.3927121e-06
125 -0.50 7.540667509160e-02 1.0534631e-05
127 -0.50 7.460225644493e-02 1.1210242e-05
129 -0.50 7.166194638997e-02 6.4072647e-06
131 -0.50 7.915107324393e-02 5.6468092e-06
133 -0.50 7.258060496517e-02 4.5485353e-06
135 -0.50 6.699388891794e-02 1.5545726e-05
137 -0.50 7.566544080411e-02 7.6396113e-06
139 -0.50 7.121692852560e-02 5.1553400e-06
141 -0.50 7.131047788266e-02 3.2906422e-06
143 -0.50 6.957198775444e-02 5.8253042e-06
145 -0.50 7.539655014604e-02 1.4117832e-05
147 -0.50 7.155211979073e-02 1.3021275e-05
149 -0.50 7.565292305653e-02 1.2036811e-05
151 -0.50 7.289651183294e-02 6.1453575e-06
153 -0.50 7.359101780867e-02 4.0905033e-06
155 -0.50 8.323762292807e-02 9.9072704e-06
157 -0.50 7.082354734448e-02 5.0232590e-06
159 -0.50 7.431766965166e-02 7.1983115e-06
161 -0.50 7.780157160240e-02 1.2266880e-05
163 -0.50 7.153470955298e-02 7.4416686e-06
165 -0.50 7.476676759263e-02 1.0324947e-05
167 -0.50 7.338359373546e-02 3.7094982e-06
169 -0.50 7.320422054528e-02 8.4910722e-06
171 -0.50 6.806453191310e-02 9.0478423e-06
173 -0.50 7.736117389996e-02 5.6956087e-06
175 -0.50 7.208187685797e-02 8.4602898e-06
177 -0.50 7.466775810586e-02 1.0758189e-05
179 -0.50 6.910672362684e-02 1.0537598e-05
181 -0.50 6.998541819436e-02 1.7372333e-05
183 -0.50 7.398635680976e-02 1.0849699e-05
185 -0.50 7.672561336692e-02 1.1267569e-05
187 -0.50 7.289376791788e-02 5.8247442e-06
189 -0.50 7.119543515293e-02 4.3245999e-06
191 -0.50 7.804892260106e-02 1.1358558e-05
193 -0.50 6.539033475447e-02 2.3352636e-05
195 -0.50 7.271572613631e-02 8.2648043e-06
197 -0.50 7.743871681571e-02 1.6905098e-05
199 -0.50 6.676578488079e-02 1.2554257e-05
101 -0.25 6.928378031271e-02 5.3829116e-06
103 -0.25 7.186906178145e-02 3.4123984e-06
105 -0.25 7.363338837455e-02 7.8975587e-06
107 -0.25 7.525898251528e-02 4.8611945e-06
109 -0.25 7.263528359243e-02 3.1464507e-06
111 -0.25 7.289145599872e-02 5.4223043e-06
113 -0.25 7.117480534139e-02 7.0219796e-06
115 -0.25 7.796922727418e-02 8.6275196e-06
117 -0.25 6.813886658107e-02 7.5699340e-06
119 -0.25 7.327630407243e-02 1.4079688e-05
121 -0.25 7.366268997287e-02 5.7507685e-06
123 -0.25 6.655915981042e-02 1.4295086e-05
125 -0.25 7.454745657494e-02 6.7975990e-06
127 -0.25 7.528141479644e-02 9.3212273e-06
129 -0.25 7.057458421869e-02 6.4563309e-06
131 -0.25 7.833392735330e-02 4.1062264e-06
133 -0.25 7.160663081150e-02 1.1779907e-05
135 -0.25 6.549276773967e-02 4.7975990e-06
137 -0.25 7.685302929093e-02 5.7151172e-06
139 -0.25 6.917907032754e-02 9.2575566e-06
141 -0.25 7.118822849721e-02 5.0023397e-06
143 -0.25 6.787865037644e-02 4.0646087e-06
145 -0.25 7.529081548232e-02 7.0596694e-06
147 -0.25 7.114046660788e-02 6.7229340e-06
149 -0.25 7.328486335024e-02 3.3544384e-06
151 -0.25 7.225376846277e-02 5.2567194e-06
153 -0.25 7.301908721740e-02 1.5279452e-05
155 -0.25 8.353733630809e-02 4.1446361e-06
157 -0.25 7.127895551305e-02 2.0259680e-06
159 -0.25 7.310148853877e-02 3.2794237e-06
161 -0.25 7.537988277350e-02 8.5765634e-06
163 -0.25 6.841989335928e-02 9.8752718e-06
165 -0.25 7.406241782522e-02 1.2571775e-05
167 -0.25 7.289109144019e-02 1.0257895e-05
169 -0.25 7.366281819727e-02 1.5365637e-05
171 -0.25 6.888088812110e-02 1.0498805e-05
173 -0.25 7.723830992053e-02 2.1763171e-05
175 -0.25 7.183182762728e-02 8.9631371e-06
177 -0.25 7.320904977360e-02 5.2232413e-06
179 -0.25 6.900423777868e-02 6.4748684e-06
181 -0.25 6.971707687832e-02 8.8855299e-06
183 -0.25 7.228300727715e-02 1.2401041e-05
185 -0.25 7.763211033008e-02 8.7599494e-06
187 -0.25 7.119195752348e-02 5.2054434e-06
189 -0.25 6.980586380851e-02 6.5819677e-06
191 -0.25 7.524528534882e-02 1.0416119e-05
193 -0.25 6.442241898862e-02 3.0775030e-06
195 -0.25 6.908502167865e-02 4.8438463e-06
197 -0.25 7.649632113800e-02 4.3964581e-06
199 -0.25 6.654054400884e-02 3.7957675e-06
101 0.00 6.968916213935e-02 4.6246518e-06
103 0.00 7.319919963058e-02 1.0922671e-06
105 0.00 7.295270536586e-02 6.7553590e-06
107 0.00 7.545624154311e-02 1.3502226e-05
109 0.00 7.235800587571e-02 9.0045533e-06
111 0.00 6.988924983158e-02 9.9206237e-06
113 0.00 7.213532247033e-02 5.9947427e-06
115 0.00 7.673029824143e-02 7.3225707e-06
117 0.00 6.744977810322e-02 6.6029203e-06
119 0.00 6.812825686381e-02 8.5959087e-06
121 0.00 7.110214390068e-02 1.5830256e-05
123 0.00 6.582151513451e-02 1.5048793e-05
125 0.00 7.286974742465e-02 6.7879777e-06
127 0.00 7.126631759029e-02 3.6827339e-06
129 0.00 7.091295313940e-02 1.0370782e-05
131 0.00 7.646927811952e-02 7.8625245e-06
133 0.00 7.178947771631e-02 1.0333525e-05
135 0.00 6.606947956339e-02 7.1361025e-06
137 0.00 7.452016158068e-02 2.3823899e-05
139 0.00 6.762352473355e-02 9.3882420e-06
141 0.00 7.243159539982e-02 8.8990154e-06
143 0.00 6.785748988619e-02 8.4325930e-06
145 0.00 7.433051892601e-02 5.9210421e-06
147 0.00 7.028183141214e-02 5.2078961e-06
149 0.00 7.166354534827e-02 8.7644317e-06
151 0.00 6.963983683784e-02 5.3933607e-06
153 0.00 7.116583668129e-02 5.0678230e-06
155 0.00 8.007686779459e-02 8.1586839e-06
157 0.00 7.134136009667e-02 4.8312233e-06
159 0.00 7.259467127001e-02 1.4777683e-05
161 0.00 7.514787063581e-02 8.8349017e-06
163 0.00 6.909959415006e-02 5.9412409e-06
165 0.00 7.439816960006e-02 1.0879075e-05
167 0.00 7.049030636234e-02 5.8933760e-06
169 0.00 7.154252329373e-02 1.4258391e-05
171 0.00 6.806317793643e-02 6.0384284e-06
173 0.00 7.518474357499e-02 8.2648839e-06
175 0.00 7.152338604267e-02 9.1366975e-06
177 0.00 7.404682658448e-02 1.3198403e-05
179 0.00 6.723992838851e-02 1.2388051e-05
181 0.00 7.216487784999e-02 2.4675579e-05
183 0.00 7.153885986505e-02 5.0480634e-06
185 0.00 7.550567691427e-02 1.7897629e-05
187 0.00 6.962758254319e-02 1.1513127e-05
189 0.00 7.099361386413e-02 3.0194490e-06
191 0.00 7.484078019743e-02 6.3115192e-06
193 0.00 6.359619104867e-02 1.0002247e-05
195 0.00 6.850648254729e-02 5.2286310e-06
197 0.00 7.487993166955e-02 4.2769354e-06
199 0.00 6.616039128866e-02 5.2078813e-06
101 0.25 6.983807724008e-02 8.8657428e-06
103 0.25 7.172517414864e-02 1.1574637e-05
105 0.25 7.187880912834e-02 4.1075915e-06
107 0.25 7.401514717391e-02 1.4088902e-05
109 0.25 7.297873955290e-02 1.8281137e-05
111 0.25 7.121499075646e-02 1.9729800e-05
113 0.25 7.120351156988e-02 8.4961207e-06
115 0.25 7.617615385469e-02 1.8498588e-05
117 0.25 6.705551859900e-02 1.0618596e-05
119 0.25 7.065434673899e-02 6.3390489e-06
121 0.25 7.078889461468e-02 1.2388651e-05
123 0.25 6.467629030844e-02 1.5634990e-05
125 0.25 7.339379600156e-02 1.2812415e-05
127 0.25 7.418000155692e-02 1.6473347e-05
129 0.25 6.862443711133e-02 2.0649405e-05
131 0.25 7.434949400853e-02 1.8741321e-05
133 0.25 7.080818822863e-02 5.2044464e-06
135 0.25 6.705651666012e-02 1.0267688e-05
137 0.25 7.230322377895e-02 2.9755124e-06
139 0.25 6.667999866828e-02 1.0165933e-05
141 0.25 7.173265884108e-02 1.4219479e-05
143 0.25 6.782571020376e-02 1.5905035e-05
145 0.25 7.329235352943e-02 1.3395357e-05
147 0.25 6.795960336265e-02 9.5790467e-06
149 0.25 7.385532111045e-02 8.8867090e-06
151 0.25 6.941330561407e-02 6.0038811e-06
153 0.25 7.185738672682e-02 4.9567232e-06
155 0.25 7.761497025167e-02 1.3998985e-05
157 0.25 6.829826021062e-02 1.0893399e-05
159 0.25 7.021472912290e-02 1.4681871e-05
161 0.25 7.488241412105e-02 1.2388047e-05
163 0.25 6.761715249997e-02 1.7358481e-05
165 0.25 7.304992943389e-02 1.0126401e-05
167 0.25 6.988467945183e-02 1.2525144e-05
169 0.25 7.194404865752e-02 2.2138015e-06
171 0.25 6.640659778136e-02 8.4291532e-06
173 0.25 7.329931013613e-02 1.3462148e-05
175 0.25 7.087625991053e-02 9.7266702e-06
177 0.25 7.282764609351e-02 1.2738959e-05
179 0.25 6.873234307463e-02 1.4000606e-05
181 0.25 6.920877581206e-02 1.1442241e-05
183 0.25 7.228008094549e-02 6.0201508e-06
185 0.25 7.433897788256e-02 1.1326619e-05
187 0.25 6.908310502551e-02 7.7926486e-06
189 0.25 6.942884555020e-02 6.6777564e-06
191 0.25 7.492088827201e-02 7.9982016e-06
193 0.25 6.356579990925e-02 6.1880014e-06
195 0.25 6.833722380063e-02 3.8116035e-06
197 0.25 7.261533308130e-02 1.1502753e-05
199 0.25 6.565345921753e-02 4.6987804e-06
101 0.50 6.828551265967e-02 2.2669600e-05
103 0.50 7.083491834890e-02 1.0564320e-05
105 0.50 7.056299679471e-02 1.1559579e-05
107 0.50 7.324293871732e-02 8.0027345e-06
109 0.50 7.450790277984e-02 1.8212731e-05
111 0.50 6.917343404971e-02 9.7909083e-06
113 0.50 7.294421217864e-02 8.8976085e-06
115 0.50 7.347945581270e-02 2.1964751e-06
117 0.50 6.433752853762e-02 6.3789594e-06
119 0.50 6.825796361166e-02 6.4864292e-06
121 0.50 7.136241378500e-02 1.2475815e-05
123 0.50 6.374549833029e-02 8.5165810e-06
125 0.50 7.120419685544e-02 1.3533769e-05
127 0.50 7.140174371485e-02 1.2058663e-05
129 0.50 7.006320392983e-02 8.6875809e-06
131 0.50 7.463284648919e-02 1.0834097e-05
133 0.50 6.981561527267e-02 1.7050065e-05
135 0.50 6.592782712021e-02 5.9866254e-06
137 0.50 7.252690691809e-02 1.3649897e-05
139 0.50 6.648062473298e-02 7.9461314e-06
141 0.50 6.871086858964e-02 9.1983057e-06
143 0.50 6.615695797924e-02 1.3561896e-05
145 0.50 7.389047224470e-02 6.2175928e-06
147 0.50 6.691953372409e-02 6.9667216e-06
149 0.50 7.311547667198e-02 1.0969598e-05
151 0.50 6.681963428297e-02 1.3350679e-05
153 0.50 7.073353051510e-02 3.8103126e-06
155 0.50 8.006139015128e-02 1.6109317e-05
157 0.50 6.812750245338e-02 1.0828304e-05
159 0.50 7.000381435761e-02 1.1934314e-05
161 0.50 7.539988842735e-02 1.2037775e-05
163 0.50 6.579019744118e-02 9.2354853e-06
165 0.50 7.183066037531e-02 2.2493091e-05
167 0.50 7.228956277205e-02 1.4996436e-05
169 0.50 7.119993399655e-02 5.0155166e-06
171 0.50 6.818134912593e-02 7.7124295e-06
173 0.50 7.288081202046e-02 7.3809269e-06
175 0.50 7.010777394852e-02 1.8766678e-05
177 0.50 7.119281527629e-02 1.5381248e-05
179 0.50 6.816967202012e-02 7.4229815e-06
181 0.50 6.803168100454e-02 5.8435495e-06
183 0.50 7.050444564654e-02 5.4046807e-06
185 0.50 7.331736317829e-02 4.3953296e-06
187 0.50 6.748177884334e-02 1.4910649e-05
189 0.50 6.717642892385e-02 4.8701002e-06
191 0.50 7.447827497097e-02 1.6619667e-05
193 0.50 6.250612840814e-02 5.6328359e-06
195 0.50 7.027798412812e-02 1.2395470e-05
197 0.50 7.462709345541e-02 8.8847779e-06
199 0.50 6.220810708956e-02 5.3200528e-06
101 0.75 6.606016907170e-02 1.0403655e-05
103 0.75 7.075037095267e-02 9.0699034e-06
105 0.75 7.173395473797e-02 1.7491209e-05
107 0.75 7.574727692763e-02 1.7609255e-05
109 0.75 7.118050879053e-02 6.7567553e-06
111 0.75 7.104327088843e-02 1.8697874e-05
113 0.75 6.907224215772e-02 5.7807725e-06
115 0.75 7.312489908328e-02 6.0933038e-06
117 0.75 6.575253261827e-02 1.2452229e-05
119 0.75 6.914928531616e-02 4.8922388e-06
121 0.75 7.123248008611e-02 3.4541144e-06
123 0.75 6.535132327566e-02 1.2487310e-05
125 0.75 7.155337688927e-02 7.4510768e-06
127 0.75 7.292420753674e-02 1.7768403e-05
129 0.75 6.747048490113e-02 1.2420685e-05
131 0.75 7.425030701443e-02 2.8717927e-06
133 0.75 7.240494768072e-02 2.0345284e-05
135 0.75 6.621350439691e-02 8.2730341e-06
137 0.75 7.070738632906e-02 1.3639679e-05
139 0.75 6.822434628897e-02 1.2587314e-05
141 0.75 6.957749814839e-02 3.7485407e-06
143 0.75 6.622498626347e-02 1.1862847e-05
145 0.75 7.392840238501e-02 1.2846540e-05
147 0.75 6.860701560730e-02 3.8576263e-06
149 0.75 7.142127212608e-02 6.4052694e-06
151 0.75 6.855772889527e-02 9.2958462e-06
153 0.75 7.041842824350e-02 4.5367107e-06
155 0.75 7.778710045717e-02 1.3952230e-05
157 0.75 6.641008495089e-02 1.3327910e-05
159 0.75 7.044498372682e-02 4.1831045e-06
161 0.75 7.173058765223e-02 4.6774451e-06
163 0.75 6.777057910483e-02 1.4997519e-05
165 0.75 7.121332639738e-02 5.2930360e-06
167 0.75 7.166027099848e-02 1.9881730e-05
169 0.75 7.103986199498e-02 8.1813007e-06
171 0.75 6.586295079683e-02 7.0161692e-06
173 0.75 7.286749534212e-02 2.0053414e-05
175 0.75 6.813796728629e-02 1.0479390e-05
177 0.75 7.017187051721e-02 4.0827784e-06
179 0.75 6.719323915706e-02 1.3898495e-05
181 0.75 6.885070906548e-02 2.2952839e-05
183 0.75 7.034144181621e-02 4.5287778e-06
185 0.75 7.432229125871e-02 4.0062093e-05
187 0.75 6.847301844928e-02 2.1149043e-05
189 0.75 6.879163449539e-02 1.0842968e-05
191 0.75 7.105655349379e-02 5.8266964e-06
193 0.75 6.200802931378e-02 2.1752313e-06
195 0.75 6.737052058831e-02 5.9465297e-06
197 0.75 7.294852297218e-02 1.1715589e-05
199 0.75 6.309232126008e-02 5.2037053e-06
101 1.00 7.053438928214e-02 2.6214653e-05
103 1.00 6.813286370573e-02 6.2253618e-06
105 1.00 6.894406650474e-02 6.3337046e-06
107 1.00 7.158621341089e-02 7.5666152e-06
109 1.00 7.119036194315e-02 1.2287850e-05
111 1.00 7.065497269717e-02 6.9411747e-06
113 1.00 7.020306042181e-02 1.5609162e-05
115 1.00 7.607897402895e-02 3.3461141e-05
117 1.00 6.271056105569e-02 5.9952046e-06
119 1.00 6.799100901850e-02 1.2335477e-05
121 1.00 6.968477325824e-02 4.7629810e-06
123 1.00 6.495499123353e-02 5.6696336e-06
125 1.00 7.231808206895e-02 7.4091634e-06
127 1.00 6.990874471269e-02 7.5521214e-06
129 1.00 6.819181251405e-02 1.0060559e-05
131 1.00 7.558940802458e-02 1.7445279e-05
133 1.00 7.082963509520e-02 1.4276478e-05
135 1.00 6.365520618990e-02 9.6366200e-06
137 1.00 7.049893008510e-02 2.4096059e-05
139 1.00 6.746320744390e-02 7.6329706e-06
141 1.00 7.093455345047e-02 1.4844870e-05
143 1.00 6.443281244962e-02 9.5225139e-06
145 1.00 7.125114376703e-02 1.0155893e-05
147 1.00 6.767214862716e-02 2.4528689e-05
149 1.00 7.334768300981e-02 8.7798003e-06
151 1.00 6.839823838742e-02 2.4869526e-05
153 1.00 7.133131724516e-02 4.4729733e-06
155 1.00 8.059187752210e-02 1.9790733e-05
157 1.00 6.773130034041e-02 5.3958139e-06
159 1.00 6.967724170691e-02 7.3149813e-06
161 1.00 7.344599061307e-02 2.9898365e-06
163 1.00 6.280189544341e-02 1.0084009e-06
165 1.00 6.969014991901e-02 8.4345116e-06
167 1.00 6.911675856111e-02 7.8077929e-06
169 1.00 7.047559533085e-02 6.5043335e-06
171 1.00 6.611877333565e-02 5.4086957e-06
173 1.00 7.119581560453e-02 1.2645254e-05
175 1.00 7.087587325306e-02 1.3042724e-05
177 1.00 7.078381854432e-02 2.4719522e-05
179 1.00 6.905683423683e-02 7.1810167e-06
181 1.00 6.847909429380e-02 1.9748176e-05
183 1.00 7.001651624831e-02 1.6287044e-05
185 1.00 7.294541974455e-02 1.3637247e-05
187 1.00 6.435203819902e-02 1.3937881e-05
189 1.00 6.790978818822e-02 5.5741283e-06
191 1.00 7.196027524201e-02 6.9513444e-06
193 1.00 6.225532767413e-02 2.1802064e-06
195 1.00 6.386141804289e-02 4.7968738e-06
197 1.00 7.241495897209e-02 1.6265191e-05
199 1.00 6.120569196388e-02 8.2810180e-06
2 -1.00 7.525816450917e-02 4.9923299e-06
4 -1.00 7.895309721273e-02 1.2002388e-05
6 -1.00 8.076256310620e-02 8.0935489e-06
8 -1.00 7.917477155327e-02 1.1609426e-05
10 -1.00 7.550764502179e-02 1.1509028e-05
12 -1.00 7.624456225610e-02 1.1599646e-05
14 -1.00 7.777474176729e-02 9.8360913e-06
16 -1.00 7.992637285397e-02 7.2111827e-06
18 -1.00 7.005742934051e-02 8.9635335e-06
20 -1.00 7.807662696889e-02 1.0020400e-05
22 -1.00 7.297391526326e-02 8.6112850e-06
24 -1.00 7.491904072927e-02 1.0731551e-05
26 -1.00 7.683864051221e-02 1.3386045e-05
28 -1.00 7.888802435954e-02 1.2354814e-05
30 -1.00 7.559988127128e-02 3.6563527e-06
32 -1.00 7.657827299656e-02 6.8611623e-06
34 -1.00 7.709550213221e-02 6.2895313e-06
36 -1.00 7.041029507202e-02 1.0491073e-05
38 -1.00 7.688334483140e-02 1.7974235e-05
40 -1.00 7.324086610445e-02 7.1175414e-06
42 -1.00 7.142031644243e-02 1.0349480e-05
44 -1.00 7.784461979965e-02 1.1160206e-05
46 -1.00 7.574132233726e-02 1.5096455e-05
48 -1.00 7.098956936682e-02 3.4166278e-06
50 -1.00 8.061475133841e-02 9.1338156e-06
52 -1.00 7.527861337191e-02 1.0900671e-05
54 -1.00 7.377046483846e-02 6.9520585e-06
56 -1.00 7.479745987227e-02 7.2544333e-06
58 -1.00 7.143227113104e-02 9.1175633e-06
60 -1.00 7.631998840116e-02 3.3368913e-06
62 -1.00 7.705168274011e-02 1.8927810e-06
64 -1.00 8.044993438058e-02 8.5839212e-06
66 -1.00 7.705406747497e-02 1.0531068e-05
68 -1.00 7.241670339226e-02 3.1146127e-06
70 -1.00 7.925162454427e-02 9.5036339e-06
72 -1.00 7.661493570815e-02 7.3192444e-06
74 -1.00 7.361914829201e-02 8.4146441e-06
76 -1.00 7.491513627432e-02 1.1058130e-05
78 -1.00 7.473321693507e-02 1.8660547e-05
80 -1.00 7.655275484468e-02 1.3070891e-05
82 -1.00 7.779989230067e-02 4.9853526e-06
84 -1.00 7.361926396693e-02 1.2724163e-05
86 -1.00 8.567954579860e-02 8.0757532e-06
88 -1.00 7.740878819932e-02 9.2510444e-06
90 -1.00 7.667206143322e-02 3.5190312e-06
92 -1.00 6.705668277843e-02 5.0629920e-06
94 -1.00 7.306757233314e-02 5.9007313e-06
96 -1.00 7.485724384482e-02 5.7660994e-06
98 -1.00 8.097753496714e-02 1.4724846e-05
100 -1.00 8.685437048126e-02 1.3438900e-05
2 -0.75 6.711317204063e-02 6.8947997e-06
4 -0.75 7.743173402361e-02 4.9139932e-06
6 -0.75 7.997738343484e-02 1.1512434e-05
8 -0.75 7.866506597505e-02 8.6658884e-06
10 -0.75 7.612440450283e-02 2.4349042e-06
12 -0.75 7.662854572417e-02 8.3837091e-06
14 -0.75 7.610993293474e-02 4.8350861e-06
16 -0.75 7.880940001103e-02 1.3956467e-05
18 -0.75 6.903532940188e-02 1.5806255e-05
20 -0.75 7.767465081729e-02 4.0988086e-06
22 -0.75 7.096562539157e-02 3.4226240e-06
24 -0.75 7.412172323295e-02 7.9153495e-06
26 -0.75 7.642626517120e-02 1.1861931e-05
28 -0.75 7.944715274731e-02 5.7699141e-06
30 -0.75 7.489035612343e-02 1.4119963e-05
32 -0.75 7.693346965707e-02 1.1312616e-05
34 -0.75 7.769155295809e-02 9.2798424e-06
36 -0.75 6.881641258658e-02 7.5164938e-06
38 -0.75 7.573412733712e-02 4.1194599e-06
40 -0.75 7.253230568162e-02 1.7226746e-05
42 -0.75 7.072434639318e-02 1.1723938e-05
44 -0.75 7.602609945731e-02 8.6818775e-06
46 -0.75 7.574809241160e-02 7.4019966e-06
48 -0.75 7.020565900621e-02 4.8213368e-06
50 -0.75 7.653829841239e-02 4.3574817e-06
52 -0.75 7.335589727044e-02 9.3099045e-06
54 -0.75 7.342241118905e-02 4.7895288e-06
56 -0.75 7.436811408432e-02 5.2361016e-06
58 -0.75 7.045979048612e-02 3.4204773e-06
60 -0.75 7.547274921310e-02 1.2361324e-05
62 -0.75 7.643202120100e-02 6.9345428e-06
64 -0.75 8.042464193583e-02 2.7581875e-05
66 -0.75 7.544743763557e-02 8.4325741e-06
68 -0.75 7.360224859062e-02 1.4050938e-05
70 -0.75 7.773743625283e-02 2.9665650e-06
72 -0.75 7.629041489756e-02 6.5073728e-06
74 -0.75 7.315659632145e-02 7.5152431e-06
76 -0.75 7.370045209464e-02 1.7473930e-05
78 -0.75 7.194486959149e-02 4.6853270e-06
80 -0.75 7.626327651250e-02 2.0060559e-05
82 -0.75 7.660727868486e-02 1.3911600e-05
84 -0.75 7.572759003849e-02 4.2196093e-06
86 -0.75 8.421684097551e-02 2.0442396e-05
88 -0.75 7.660927451364e-02 1.0391075e-05
90 -0.75 7.553894259336e-02 1.8019374e-05
92 -0.75 6.538417675419e-02 3.3509781e-06
94 -0.75 7.294379055527e-02 5.8601293e-06
96 -0.75 7.336554464997e-02 5.8075387e-06
98 -0.75 7.919545455936e-02 4.8919114e-06
100 -0.75 8.279936488520e-02 1.5676163e-05
2 -0.50 6.683527805692e-02 4.7132354e-06
4 -0.50 7.926670540455e-02 8.3385920e-06
6 -0.50 7.922069581008e-02 1.4209091e-05
8 -0.50 7.642276296212e-02 5.9974137e-06
10 -0.50 7.398037757878e-02 6.2394490e-06
12 -0.50 7.384876587339e-02 4.4144012e-06
14 -0.50 7.434346284067e-02 2.2669386e-06
16 -0.50 7.586277778536e-02 7.5979014e-06
18 -0.50 6.867047653570e-02 1.2676710e-05
20 -0.50 7.777216945380e-02 1.0533602e-05
22 -0.50 7.397707659953e-02 9.3124609e-06
24 -0.50 7.273323029609e-02 1.6691320e-05
26 -0.50 7.731282395087e-02 7.1504269e-06
28 -0.50 7.652705108124e-02 1.6712041e-05
30 -0.50 7.450131707164e-02 1.0682615e-05
32 -0.50 7.562267005315e-02 7.5292094e-06
34 -0.50 7.739892092851e-02 6.3689530e-06
36 -0.50 6.989519787429e-02 7.0288781e-06
38 -0.50 7.519124470223e-02 7.2492914e-06
40 -0.50 7.210731262283e-02 5.5101569e-06
42 -0.50 6.983294397705e-02 1.1131027e-05
44 -0.50 7.585598466550e-02 7.0297434e-06
46 -0.50 7.470913837299e-02 3.5809503e-06
48 -0.50 7.146773961821e-02 3.5532181e-06
50 -0.50 7.915914027707e-02 1.1318114e-05
52 -0.50 7.104968444940e-02 1.0564186e-05
54 -0.50 7.164315522567e-02 1.0406629e-05
56 -0.50 7.319634072540e-02 6.0548980e-06
58 -0.50 7.078618208023e-02 7.5335655e-06
60 -0.50 7.526025711886e-02 1.2178061e-05
62 -0.50 7.477141856923e-02 9.9697384e-06
64 -0.50 7.667051114302e-02 1.5787892e-05
66 -0.50 7.328671263915e-02 5.0361474e-06
68 -0.50 7.378462568269e-02 1.1956723e-05
70 -0.50 7.682184170276e-02 5.4091188e-06
72 -0.50 7.259577312628e-02 3.4457729e-06
74 -0.50 7.393531769766e-02 7.5018525e-06
76 -0.50 7.381083555919e-02 5.3127324e-06
78 -0.50 7.248505161503e-02 4.1615300e-06
80 -0.50 7.378688269498e-02 5.0787430e-06
82 -0.50 7.571981017336e-02 1.4352442e-05
84 -0.50 7.412425003597e-02 1.0086865e-05
86 -0.50 8.136480096970e-02 1.5794339e-05
88 -0.50 7.458774200007e-02 4.5768655e-06
90 -0.50 7.423421878335e-02 5.4167206e-06
92 -0.50 6.490587625987e-02 8.3925029e-06
94 -0.50 7.140329896033e-02 1.5011211e-05
96 -0.50 7.085305994194e-02 2.8526017e-06
98 -0.50 7.774561611713e-02 6.6344095e-06
100 -0.50 8.244992317877e-02 7.3640767e-06
2 -0.25 6.715906479193e-02 5.2411578e-06
4 -0.25 7.722170855609e-02 8.1408051e-06
6 -0.25 7.869812156636e-02 6.7954013e-06
8 -0.25 7.573053710063e-02 9.5726936e-06
10 -0.25 7.226654853369e-02 5.2504368e-06
12 -0.25 7.729941305714e-02 1.9036281e-05
14 -0.25 7.513102034324e-02 1.3581675e-05
16 -0.25 7.492847600606e-02 3.7125987e-06
18 -0.25 6.706800799652e-02 5.5990726e-06
20 -0.25 7.522687171503e-02 8.0785790e-06
22 -0.25 7.089705068218e-02 8.2312114e-06
24 -0.25 7.396347610083e-02 1.4345080e-05
26 -0.25 7.465131985520e-02 1.4808748e-05
28 -0.25 7.867156057037e-02 8.1275240e-06
30 -0.25 7.529510760532e-02 1.2029217e-05
32 -0.25 7.398299784633e-02 7.1668416e-06
34 -0.25 7.793483921302e-02 1.5609279e-05
36 -0.25 6.863342667805e-02 1.7120757e-06
38 -0.25 7.439841879364e-02 1.2170756e-05
40 -0.25 7.166470248544e-02 3.8307429e-06
42 -0.25 6.706795336498e-02 5.7974694e-06
44 -0.25 7.315929726361e-02 8.1535526e-06
46 -0.25 7.361919012494e-02 3.8774427e-06
48 -0.25 7.126638950540e-02 1.2994561e-05
50 -0.25 7.735218327578e-02 1.1763088e-05
52 -0.25 7.184103093125e-02 1.2655311e-05
54 -0.25 7.059565042333e-02 1.0045705e-05
56 -0.25 7.367697868375e-02 1.0815243e-05
58 -0.25 7.023635150354e-02 1.1351202e-05
60 -0.25 7.366437171678e-02 1.1142531e-05
62 -0.25 7.199257430692e-02 7.1512881e-06
64 -0.25 7.638618688245e-02 5.7448612e-06
66 -0.25 7.195652382929e-02 1.2442220e-05
68 -0.25 7.025432372395e-02 6.2897599e-06
70 -0.25 7.621531400536e-02 8.4621089e-06
72 -0.25 7.395779348289e-02 1.8538301e-05
74 -0.25 7.172259400032e-02 1.3463175e-05
76 -0.25 7.050803776602e-02 6.1659286e-06
78 -0.25 7.087674185369e-02 7.8475498e-06
80 -0.25 7.436157305499e-02 6.1554209e-06
82 -0.25 7.373238944963e-02 4.3324609e-06
84 -0.25 7.228920711428e-02 1.2490837e-05
86 -0.25 8.201539354556e-02 1.7380540e-05
88 -0.25 7.356915196928e-02 2.6698031e-06
90 -0.25 7.383434176543e-02 6.2825994e-06
92 -0.25 6.556081270029e-02 8.2292737e-06
94 -0.25 7.004359907771e-02 7.0595689e-06
96 -0.25 7.041719174973e-02 1.1961403e-05
98 -0.25 7.613475393263e-02 1.0657984e-05
100 -0.25 8.023393229375e-02 1.0045888e-05
2 0.00 6.596705375420e-02 5.1628949e-06
4 0.00 7.673545227810e-02 7.1757519e-06
6 0.00 7.624006329210e-02 2.3954115e-05
8 0.00 7.403530559116e-02 8.6880830e-06
10 0.00 7.308936206419e-02 5.5855629e-06
12 0.00 7.304707550993e-02 6.3398781e-06
14 0.00 7.290635444764e-02 1.0863280e-05
16 0.00 7.547817876418e-02 8.3337558e-06
18 0.00 6.742139092338e-02 1.9450382e-05
20 0.00 7.546910550566e-02 1.2437113e-05
22 0.00 7.036818629428e-02 8.4849423e-06
24 0.00 7.109727809431e-02 1.3996007e-05
26 0.00 7.590632126569e-02 1.1794944e-05
28 0.00 7.589519377560e-02 8.6654454e-06
30 0.00 7.184471613753e-02 4.3201802e-06
32 0.00 7.366924476630e-02 1.0390125e-05
34 0.00 7.465304975358e-02 1.6132248e-05
36 0.00 6.919156561191e-02 7.5454338e-06
38 0.00 7.076254626966e-02 4.4711210e-06
40 0.00 7.141890709123e-02 6.0655183e-06
42 0.00 6.702940288104e-02 7.7654243e-06
44 0.00 7.531569285259e-02 7.9732391e-06
46 0.00 7.320919627013e-02 3.1138065e-06
48 0.00 7.010394100117e-02 7.6082196e-06
50 0.00 7.669525719155e-02 7.5267162e-06
52 0.00 7.076096012633e-02 1.6303599e-05
54 0.00 7.144754673083e-02 8.2686103e-06
56 0.00 7.250630036440e-02 4.3551550e-06
58 0.00 6.944622280609e-02 4.9243708e-06
60 0.00 7.342002897243e-02 9.9655571e-06
62 0.00 7.153872292466e-02 1.3094999e-05
64 0.00 7.394293535827e-02 9.2358766e-06
66 0.00 7.419546433830e-02 1.8152336e-05
68 0.00 7.323270802808e-02 1.5009550e-05
70 0.00 7.475754119469e-02 1.0143844e-05
72 0.00 7.199199033448e-02 6.9595458e-06
74 0.00 6.888009197694e-02 8.4585648e-06
76 0.00 7.164591842893e-02 2.6150947e-05
78 0.00 7.158170936069e-02 9.6554515e-06
80 0.00 7.412971868533e-02 1.8397997e-05
82 0.00 7.468120865389e-02 1.9793361e-05
84 0.00 7.085679540079e-02 1.4383507e-05
86 0.00 7.711966876067e-02 1.3188626e-05
88 0.00 7.260899635766e-02 6.0275134e-06
90 0.00 7.317387512584e-02 6.4701845e-06
92 0.00 6.374753979571e-02 1.3400912e-05
94 0.00 7.124522839153e-02 6.4613048e-06
96 0.00 6.954986516366e-02 1.3320711e-05
98 0.00 7.653615642852e-02 1.1167927e-05
100 0.00 8.010258117999e-02 2.9829959e-06
2 0.25 6.665674666698e-02 1.3421802e-05
4 0.25 7.389366545731e-02 1.2094398e-05
6 0.25 7.940045523036e-02 1.1588144e-05
8 0.25 7.320373209817e-02 6.2899558e-06
10 0.25 6.976986287503e-02 1.9714418e-06
12 0.25 7.251400205510e-02 1.4063735e-05
14 0.25 7.178762701872e-02 1.3095244e-05
16 0.25 7.316748085586e-02 6.7584661e-06
18 0.25 6.637764867483e-02 1.7896711e-05
20 0.25 7.263590725469e-02 1.0936986e-05
22 0.25 6.797512399289e-02 1.0175662e-05
24 0.25 7.180143201834e-02 1.2177338e-05
26 0.25 7.411086027100e-02 4.4907758e-06
28 0.25 7.327210697675e-02 6.9845789e-06
30 0.25 7.283508076852e-02 1.4489399e-05
32 0.25 6.984319301322e-02 1.5022556e-05
34 0.25 7.652164051691e-02 9.4885739e-06
36 0.25 6.804966668155e-02 5.8384257e-06
38 0.25 7.004216739070e-02 5.8116129e-06
40 0.25 7.177704213473e-02 3.9694067e-06
42 0.25 6.766211121526e-02 1.2539855e-05
44 0.25 7.329917191979e-02 8.7663216e-06
46 0.25 7.225051980084e-02 6.8833056e-06
48 0.25 6.807727148606e-02 8.6246119e-06
50 0.25 7.417821704702e-02 7.9565077e-06
52 0.25 7.033934094454e-02 7.8123175e-06
54 0.25 7.164369591417e-02 1.2480669e-05
56 0.25 7.067751154769e-02 5.5266845e-06
58 0.25 7.042707074415e-02 4.8869130e-06
60 0.25 7.151775371547e-02 1.1812677e-05
62 0.25 6.904473431024e-02 5.6200320e-06
64 0.25 7.248628674441e-02 1.2119716e-05
66 0.25 6.955639813241e-02 2.9559410e-05
68 0.25 7.166950632011e-02 7.0375269e-06
70 0.25 7.570318915783e-02 6.1945987e-06
72 0.25 7.309908329482e-02 1.4084049e-05
74 0.25 7.020062971894e-02 6.7652130e-06
76 0.25 7.224318764388e-02 1.7759515e-05
78 0.25 7.134964826180e-02 1.3216345e-05
80 0.25 7.255770666082e-02 5.8504172e-06
82 0.25 7.131281870506e-02 5.0261194e-06
84 0.25 7.228651393144e-02 5.0677153e-06
86 0.25 7.711256535435e-02 1.8058118e-05
88 0.25 7.466693715789e-02 1.0002424e-05
90 0.25 7.201993418314e-02 1.1354128e-05
92 0.25 6.194099233926e-02 6.2409930e-06
94 0.25 6.934331332392e-02 7.7756357e-06
96 0.25 6.876827881906e-02 3.7122547e-06
98 0.25 7.638191794938e-02 1.4207507e-05
100 0.25 7.807831972509e-02 1.0327967e-05
2 0.50 6.537219291114e-02 1.0871843e-05
4 0.50 7.446988290403e-02 1.4928617e-05
6 0.50 7.605933972558e-02 9.1898370e-06
8 0.50 7.137484445638e-02 6.5863492e-06
10 0.50 7.290482632557e-02 2.9438110e-06
12 0.50 7.146586195011e-02 4.9326509e-06
14 0.50 7.133102417795e-02 1.5163415e-05
16 0.50 7.375666797815e-02 1.0537663e-05
18 0.50 6.551124660294e-02 4.0395782e-06
20 0.50 7.417882602238e-02 1.2774117e-05
22 0.50 6.622312761060e-02 8.7054545e-06
24 0.50 7.187543713076e-02 3.4355905e-06
26 0.50 7.293975489099e-02 6.3312957e-06
28 0.50 7.256037350943e-02 6.6360435e-06
30 0.50 7.173368845373e-02 6.6261249e-06
32 0.50 7.090897507283e-02 1.0640777e-05
34 0.50 7.368043963668e-02 1.5243177e-05
36 0.50 6.765040481796e-02 1.3061667e-05
38 0.50 7.091737581255e-02 2.0716107e-05
40 0.50 6.935042916390e-02 9.9006558e-06
42 0.50 6.677971881735e-02 1.6129785e-05
44 0.50 7.253117680419e-02 1.7444344e-05
46 0.50 7.009445823439e-02 1.0838282e-05
48 0.50 6.943236126579e-02 7.0050143e-06
50 0.50 7.862277919333e-02 1.4138339e-05
52 0.50 6.692635362773e-02 1.7451504e-05
54 0.50 6.987333776930e-02 6.1168034e-06
56 0.50 7.159186551711e-02 1.8584426e-05
58 0.50 6.578299220345e-02 1.2618754e-05
60 0.50 7.134308346647e-02 8.8575703e-06
62 0.50 7.349253683585e-02 1.1428302e-05
64 0.50 7.208652707133e-02 9.8974978e-06
66 0.50 7.241092711870e-02 9.6890043e-06
68 0.50 6.750283156875e-02 1.3835449e-05
70 0.50 7.312177439645e-02 4.0320921e-06
72 0.50 7.109585400264e-02 9.0178265e-06
74 0.50 7.071334715919e-02 8.6626215e-06
76 0.50 6.804147659075e-02 6.6847536e-06
78 0.50 7.142790278529e-02 1.0359226e-05
80 0.50 7.179044002841e-02 1.1639224e-05
82 0.50 7.058294156848e-02 7.7243270e-06
84 0.50 7.031778371965e-02 1.0281512e-05
86 0.50 7.812662442083e-02 1.1620267e-05
88 0.50 7.390338685620e-02 1.2513731e-05
90 0.50 7.414189654473e-02 1.8386048e-05
92 0.50 6.208456025166e-02 8.9538838e-06
94 0.50 6.939888518922e-02 9.3973812e-06
96 0.50 6.879858152551e-02 6.9049164e-06
98 0.50 7.550735125699e-02 5.2007005e-06
100 0.50 7.834537822824e-02 7.3336766e-06
2 0.75 6.692717075421e-02 1.6004372e-05
4 0.75 7.464136680220e-02 2.6877495e-05
6 0.75 7.417347665625e-02 3.3520420e-06
8 0.75 6.845841485835e-02 8.1498554e-06
10 0.75 7.320251508715e-02 7.0695993e-06
12 0.75 7.384181813893e-02 9.7658532e-06
14 0.75 6.995257113407e-02 8.6901808e-06
16 0.75 7.034814395353e-02 1.3332556e-05
18 0.75 6.656110447215e-02 1.9067695e-05
20 0.75 7.391583420155e-02 1.7463401e-05
22 0.75 6.727722893358e-02 1.8772949e-05
24 0.75 7.233639159898e-02 1.0111434e-05
26 0.75 7.238607684299e-02 7.1722015e-06
28 0.75 7.431594363771e-02 6.5783608e-06
30 0.75 7.352438421460e-02 8.8654843e-06
32 0.75 7.143757272152e-02 1.2006260e-05
34 0.75 7.445063749262e-02 1.9505605e-05
36 0.75 6.842854199377e-02 7.2204248e-06
38 0.75 7.036567279480e-02 1.7103356e-05
40 0.75 7.103687606335e-02 3.6860406e-06
42 0.75 6.644604576403e-02 3.2561364e-06
44 0.75 7.225334553599e-02 1.3010757e-05
46 0.75 7.270847922884e-02 1.2706727e-05
48 0.75 7.028603529101e-02 3.1943901e-06
50 0.75 7.626534643410e-02 1.3674151e-05
52 0.75 6.627558937102e-02 1.1058372e-05
54 0.75 7.053731242440e-02 1.1861675e-05
56 0.75 7.026693090884e-02 3.9423570e-06
58 0.75 6.772648444987e-02 3.5367377e-06
60 0.75 7.395200014284e-02 8.8800250e-06
62 0.75 6.919264302935e-02 1.6522124e-05
64 0.75 7.030770162585e-02 1.6819945e-05
66 0.75 6.997904950842e-02 1.2181662e-05
68 0.75 6.823419172010e-02 1.4660815e-05
70 0.75 7.094191005084e-02 8.7032217e-06
72 0.75 7.004957504498e-02 3.9417216e-06
74 0.75 7.094150223490e-02 8.7453075e-06
76 0.75 6.890800871450e-02 1.0673632e-05
78 0.75 6.922968717284e-02 9.7278101e-06
80 0.75 7.079561242058e-02 7.7477700e-06
82 0.75 7.127329728315e-02 1.9200296e-05
84 0.75 7.023679168341e-02 7.7462322e-06
86 0.75 7.661321798578e-02 1.1019316e-05
88 0.75 7.255387981902e-02 9.8945242e-06
90 0.75 6.848420165249e-02 1.3308881e-05
92 0.75 6.061538422297e-02 2.7780592e-06
94 0.75 7.046851734044e-02 1.2346527e-05
96 0.75 6.990236315630e-02 1.5534392e-05
98 0.75 7.206105699223e-02 8.9674240e-06
100 0.75 7.395760076509e-02 3.8345911e-06
2 1.00 6.483475317926e-02 6.4349309e-06
4 1.00 6.985768599561e-02 1.8034397e-05
6 1.00 7.598951863736e-02 9.9751718e-06
8 1.00 6.713300886865e-02 1.3850380e-05
10 1.00 7.118770105583e-02 7.1503643e-06
12 1.00 7.072112227872e-02 9.1541105e-06
14 1.00 6.735781434721e-02 7.2824167e-06
16 1.00 7.265841726143e-02 9.0975968e-06
18 1.00 6.547883454875e-02 1.0060342e-05
20 1.00 7.190598793085e-02 5.5246682e-06
22 1.00 6.682097481911e-02 1.6923646e-05
24 1.00 6.978810737711e-02 1.3978375e-05
26 1.00 7.386304724249e-02 2.1295381e-05
28 1.00 7.598167098214e-02 1.9598592e-05
30 1.00 7.240814600496e-02 2.0242036e-05
32 1.00 6.816456058810e-02 1.4429768e-05
34 1.00 7.292509228376e-02 2.7264725e-05
36 1.00 6.863066290767e-02 9.7922677e-06
38 1.00 7.068055025294e-02 1.5710041e-05
40 1.00 7.045554984500e-02 1.1537905e-05
42 1.00 6.629377380619e-02 5.7452781e-06
44 1.00 7.069445125845e-02 1.9595603e-05
46 1.00 7.190585112715e-02 7.0253508e-06
48 1.00 6.725069232617e-02 1.7978465e-05
50 1.00 7.468112624190e-02 1.9569159e-05
52 1.00 6.472024680025e-02 2.1791571e-05
54 1.00 6.595932234228e-02 1.1336694e-05
56 1.00 6.847115084411e-02 1.6136784e-05
58 1.00 6.921665513518e-02 4.5749615e-06
60 1.00 7.420711218097e-02 8.3939320e-06
62 1.00 6.905182359550e-02 1.4422549e-05
64 1.00 7.062649405008e-02 1.2162789e-05
66 1.00 6.862650614071e-02 1.5999279e-05
68 1.00 6.784312610828e-02 4.9394620e-06
70 1.00 7.287459525607e-02 1.2532091e-05
72 1.00 6.754801338416e-02 1.3128240e-05
74 1.00 6.987307727173e-02 9.2511864e-06
76 1.00 6.935681887539e-02 1.6939608e-05
78 1.00 6.908175900931e-02 3.4007712e-06
80 1.00 7.132890287677e-02 5.8586997e-06
82 1.00 6.991442905788e-02 1.7069649e-05
84 1.00 7.034736657404e-02 1.8101504e-05
86 1.00 7.389135404947e-02 1.6004366e-05
88 1.00 7.331883173579e-02 1.6649245e-05
90 1.00 7.077162293203e-02 1.0770845e-05
92 1.00 6.172412533901e-02 9.1406880e-06
94 1.00 6.808422687676e-02 6.1618470e-06
96 1.00 6.887336122443e-02 1.2215227e-05
98 1.00 7.255738480737e-02 1.0604619e-05
100 1.00 7.307914154141e-02 9.3909827e-06
102 -1.00 7.150477303845e-02 4.9511421e-06
104 -1.00 8.210433584518e-02 4.0093920e-06
106 -1.00 7.225585196466e-02 8.0587573e-06
108 -1.00 7.476563061792e-02 5.7769917e-06
110 -1.00 7.050716288168e-02 7.0862575e-06
112 -1.00 7.593545529393e-02 6.4879150e-06
114 -1.00 7.436919253334e-02 6.9230042e-06
116 -1.00 7.946100587410e-02 5.4689274e-06
118 -1.00 7.273245539616e-02 1.5752397e-05
120 -1.00 7.441232677819e-02 6.6323172e-06
122 -1.00 7.601527949802e-02 6.9630047e-06
124 -1.00 7.885066974640e-02 7.7313645e-06
126 -1.00 7.770304593128e-02 7.3116238e-06
128 -1.00 7.471220412468e-02 1.1473819e-05
130 -1.00 8.014817312024e-02 6.8885511e-06
132 -1.00 7.597775214349e-02 3.3550879e-06
134 -1.00 7.392822821577e-02 9.2363349e-06
136 -1.00 7.417999537413e-02 1.0787956e-05
138 -1.00 7.197174316179e-02 5.3406766e-06
140 -1.00 7.680451291616e-02 7.3285500e-06
142 -1.00 7.921899470172e-02 8.2315098e-06
144 -1.00 7.270923682939e-02 8.3062033e-06
146 -1.00 6.653620760690e-02 3.4466630e-06
148 -1.00 7.768968265999e-02 2.9512984e-06
150 -1.00 7.490930965559e-02 1.5217655e-05
152 -1.00 7.345709683507e-02 4.2846498e-06
154 -1.00 7.913015939766e-02 9.6398472e-06
156 -1.00 7.653835992085e-02 1.0484339e-05
158 -1.00 7.207689706348e-02 1.9878214e-06
160 -1.00 6.861909892458e-02 8.3454045e-06
162 -1.00 7.742884640907e-02 5.1457981e-06
164 -1.00 7.287756586787e-02 9.4438457e-06
166 -1.00 8.005599775687e-02 3.3553997e-06
168 -1.00 7.536271733046e-02 1.0603454e-05
170 -1.00 8.101112396606e-02 6.6412095e-06
172 -1.00 7.332978637605e-02 9.4664542e-06
174 -1.00 7.691640020993e-02 8.5364310e-06
176 -1.00 7.646456854261e-02 4.3693380e-06
178 -1.00 7.395907068889e-02 4.2524421e-06
180 -1.00 8.479857216260e-02 9.9039412e-06
182 -1.00 7.235459392394e-02 1.8507590e-06
184 -1.00 7.351808366419e-02 1.1505299e-05
186 -1.00 7.507756662473e-02 8.2638159e-06
188 -1.00 7.335608288471e-02 6.8234193e-06
190 -1.00 7.055413672940e-02 2.8916846e-06
192 -1.00 8.119069327114e-02 1.1914517e-05
194 -1.00 7.186949398141e-02 6.1077716e-06
196 -1.00 7.392957734587e-02 9.6173935e-06
198 -1.00 7.629292807891e-02 1.2728891e-05
200 -1.00 7.273878216753e-02 2.4618586e-06
102 -0.75 7.244773247104e-02 7.6344715e-06
104 -0.75 8.075781509137e-02 7.9593266e-06
106 -0.75 7.574640118507e-02 4.9476418e-06
108 -0.75 7.224121890998e-02 7.8225382e-06
110 -0.75 6.916799712874e-02 1.1588927e-05
112 -0.75 7.648284963569e-02 7.3065775e-06
114 -0.75 7.224078404380e-02 5.4770038e-06
116 -0.75 7.892420740279e-02 7.3410503e-06
118 -0.75 7.418365840319e-02 8.2360119e-06
120 -0.75 7.346697406861e-02 4.2826817e-06
122 -0.75 7.556449203042e-02 4.9845213e-06
124 -0.75 7.515723429126e-02 9.4507503e-06
126 -0.75 7.581549804919e-02 6.9260741e-06
128 -0.75 7.339764574055e-02 7.1268778e-06
130 -0.75 8.162067381748e-02 1.0931013e-05
132 -0.75 7.522395818295e-02 6.8353204e-06
134 -0.75 7.431277960945e-02 6.5693294e-06
136 -0.75 7.313035004044e-02 1.1709261e-05
138 -0.75 7.244373130045e-02 7.5254318e-06
140 -0.75 7.720516934916e-02 1.1130363e-05
142 -0.75 7.680809359974e-02 5.0456458e-06
144 -0.75 7.250040238829e-02 4.8702768e-06
146 -0.75 6.639871458317e-02 4.7536619e-06
148 -0.75 7.560125828505e-02 7.5009821e-06
150 -0.75 7.261877176618e-02 1.1562511e-05
152 -0.75 7.297168294476e-02 5.7232760e-06
154 -0.75 7.856286493144e-02 1.8327124e-06
156 -0.75 7.386476742238e-02 7.6021882e-06
158 -0.75 7.322899640168e-02 4.0998944e-06
160 -0.75 6.639715385718e-02 1.6087777e-05
162 -0.75 7.656602525027e-02 1.6085697e-06
164 -0.75 7.235239162290e-02 8.2131508e-06
166 -0.75 7.954371433273e-02 1.1346186e-05
168 -0.75 7.494341213496e-02 3.8787207e-06
170 -0.75 8.085972545545e-02 6.2297304e-06
172 -0.75 7.367023104106e-02 7.0861953e-06
174 -0.75 7.731750850000e-02 4.7658098e-06
176 -0.75 7.495657619431e-02 4.6747369e-06
178 -0.75 7.321246077689e-02 6.2570965e-06
180 -0.75 8.247026846957e-02 6.1895358e-06
182 -0.75 7.184187819957e-02 1.0550656e-05
184 -0.75 7.184410231230e-02 9.8480006e-06
186 -0.75 7.451632759587e-02 1.1596941e-05
188 -0.75 7.301738595958e-02 3.4887919e-06
190 -0.75 6.943382198398e-02 5.6943112e-06
192 -0.75 7.893979594576e-02 6.2146421e-06
194 -0.75 6.988680647809e-02 4.6195099e-06
196 -0.75 7.232350397137e-02 8.9845638e-06
198 -0.75 7.384634487441e-02 4.9702878e-06
200 -0.75 7.372607788532e-02 1.6388780e-05
102 -0.50 7.034740781092e-02 4.7323183e-06
104 -0.50 7.926032259433e-02 7.7204455e-06
106 -0.50 7.277215395078e-02 4.1232743e-06
108 -0.50 7.232854554829e-02 9.6860739e-06
110 -0.50 6.842638980314e-02 1.4486981e-05
112 -0.50 7.403547086688e-02 6.1524887e-06
114 -0.50 7.278024090292e-02 1.6230833e-05
116 -0.50 7.783604510526e-02 4.5647346e-06
118 -0.50 7.358166088674e-02 1.4701964e-05
120 -0.50 7.268342655597e-02 6.1292722e-06
122 -0.50 7.492360929597e-02 9.8709750e-06
124 -0.50 7.381860081343e-02 1.8431745e-05
126 -0.50 7.670039257794e-02 4.7885435e-06
128 -0.50 7.202998666563e-02 1.9155995e-05
130 -0.50 7.987151115699e-02 9.7269330e-06
132 -0.50 7.385854898786e-02 9.6376846e-06
134 -0.50 7.189128511295e-02 9.4604248e-06
136 -0.50 7.358138018937e-02 1.4955299e-05
138 -0.50 7.103611124311e-02 7.7642699e-06
140 -0.50 7.572162701057e-02 1.1147207e-05
142 -0.50 7.729827433792e-02 5.6741795e-06
144 -0.50 7.052018554155e-02 7.0373033e-06
146 -0.50 6.590561481588e-02 3.4302614e-06
148 -0.50 7.468675131929e-02 8.5040041e-06
150 -0.50 7.241743884328e-02 4.9706299e-06
152 -0.50 7.281089275195e-02 8.4890041e-06
154 -0.50 7.786703474853e-02 1.6804624e-05
156 -0.50 7.234389401077e-02 9.5753922e-06
158 -0.50 7.362669631054e-02 2.2541444e-05
160 -0.50 6.807011806419e-02 1.1313345e-05
162 -0.50 7.747224533118e-02 1.3343361e-05
164 -0.50 6.924109504688e-02 2.6931483e-06
166 -0.50 8.115714990023e-02 7.4332313e-06
168 -0.50 7.206936078526e-02 9.1295977e-06
170 -0.50 7.877133854730e-02 2.1843242e-05
172 -0.50 7.263882124541e-02 3.1258974e-06
174 -0.50 7.487044076528e-02 7.8828724e-06
176 -0.50 7.382251638392e-02 7.2900681e-06
178 -0.50 7.138686181219e-02 5.6943472e-06
180 -0.50 8.585950694261e-02 1.0137533e-05
182 -0.50 7.182352593363e-02 8.3644147e-06
184 -0.50 7.131076203646e-02 4.0409850e-06
186 -0.50 7.248794291224e-02 6.8391520e-06
188 -0.50 7.068093778301e-02 4.5663187e-06
190 -0.50 6.858334287012e-02 2.9791327e-06
192 -0.50 7.614109710958e-02 6.9479031e-06
194 -0.50 7.038697199971e-02 5.5373985e-06
196 -0.50 7.241715728000e-02 1.2724551e-05
198 -0.50 7.296283106131e-02 1.1019292e-05
200 -0.50 7.531824530019e-02 2.6719632e-05
102 -0.25 7.228125826523e-02 6.4526368e-06
104 -0.25 7.991346790014e-02 6.5330063e-06
106 -0.25 7.347538889218e-02 6.9386982e-06
108 -0.25 7.058085059108e-02 6.6123408e-06
110 -0.25 6.760479605582e-02 1.2234556e-05
112 -0.25 7.425873087143e-02 1.6200680e-05
114 -0.25 7.369483043063e-02 1.6820413e-05
116 -0.25 7.783021004820e-02 7.0012569e-06
118 -0.25 7.239607310068e-02 4.2090833e-06
120 -0.25 7.074085167716e-02 6.9223626e-06
122 -0.25 7.162517275686e-02 1.0378223e-05
124 -0.25 7.132222821697e-02 1.0163584e-05
126 -0.25 7.551345355708e-02 5.1953725e-06
128 -0.25 7.284522118383e-02 2.6364362e-06
130 -0.25 7.883298053276e-02 1.3364723e-05
132 -0.25 7.386546083273e-02 1.3444675e-05
134 -0.25 7.057863561260e-02 6.4024793e-06
136 -0.25 7.239767240464e-02 1.4451129e-05
138 -0.25 7.166217558134e-02 5.5323402e-06
140 -0.25 7.674330608054e-02 8.0493368e-06
142 -0.25 7.691000800718e-02 2.3077651e-06
144 -0.25 7.017859486357e-02 3.8396318e-06
146 -0.25 6.567000914369e-02 6.3073322e-06
148 -0.25 7.278773951976e-02 6.3627892e-06
150 -0.25 7.353107394153e-02 1.2843386e-05
152 -0.25 7.333455823975e-02 1.0010495e-05
154 -0.25 7.614109124492e-02 1.0876648e-05
156 -0.25 7.252076159531e-02 8.6363312e-06
158 -0.25 7.302741314444e-02 9.6215515e-06
160 -0.25 6.655657876116e-02 5.3751499e-06
162 -0.25 7.754453290717e-02 1.3052884e-05
164 -0.25 6.905537391755e-02 7.4627791e-06
166 -0.25 8.001720474558e-02 1.5524211e-05
168 -0.25 7.408528352111e-02 9.7797189e-06
170 -0.25 7.663891227584e-02 1.2560942e-05
172 -0.25 7.166395365482e-02 5.3703627e-06
174 -0.25 7.389442972687e-02 2.6535470e-06
176 -0.25 7.260142539064e-02 7.1372332e-06
178 -0.25 7.256348473166e-02 1.4666078e-05
180 -0.25 8.238840012910e-02 1.9535360e-05
182 -0.25 7.044664320971e-02 1.3915468e-05
184 -0.25 7.039852483741e-02 1.7319137e-05
186 -0.25 7.009693435814e-02 7.3109815e-06
188 -0.25 7.124849269752e-02 9.3461252e-06
190 -0.25 6.906462208738e-02 6.5184463e-06
192 -0.25 7.514770858878e-02 4.5901873e-06
194 -0.25 6.895047974182e-02 7.8156478e-06
196 -0.25 7.149365325029e-02 9.0741492e-06
198 -0.25 7.265190304138e-02 5.4775677e-06
200 -0.25 7.074330413080e-02 1.3397271e-05
102 0.00 6.854255459756e-02 5.9496112e-06
104 0.00 7.621556966698e-02 2.1035119e-06
106 0.00 7.135149806462e-02 4.4777189e-06
108 0.00 7.189768518948e-02 1.7357199e-05
110 0.00 6.519074176840e-02 4.2543357e-06
112 0.00 7.433445074103e-02 1.8399373e-05
114 0.00 7.057182405179e-02 1.7529279e-05
116 0.00 7.591878725546e-02 6.4607496e-06
118 0.00 7.209570147081e-02 6.4106193e-06
120 0.00 7.107468588818e-02 6.2812448e-06
122 0.00 7.340726963431e-02 1.3080788e-05
124 0.00 7.387194874031e-02 1.4325235e-05
126 0.00 7.539711100742e-02 8.7463070e-06
128 0.00 7.049930808899e-02 4.1293742e-06
130 0.00 7.598680723498e-02 8.5102597e-06
132 0.00 7.504596902992e-02 1.5359862e-05
134 0.00 6.989967119269e-02 1.1402066e-05
136 0.00 7.177506784263e-02 1.1021285e-05
138 0.00 7.051947969355e-02 6.8768998e-06
140 0.00 7.453758349895e-02 5.1184077e-06
142 0.00 7.460387231564e-02 1.2983472e-05
144 0.00 7.134624528209e-02 2.3154674e-05
146 0.00 6.411369035938e-02 5.5817633e-06
148 0.00 7.419696391543e-02 1.7234217e-05
150 0.00 7.130531198883e-02 1.5069463e-05
152 0.00 7.216723977756e-02 1.0133291e-05
154 0.00 7.489520259935e-02 4.4478792e-06
156 0.00 7.472387131784e-02 1.5521107e-05
158 0.00 7.142871452956e-02 8.1241442e-06
160 0.00 6.663286148096e-02 6.8267753e-06
162 0.00 7.537052275102e-02 5.6771363e-06
164 0.00 6.737465235820e-02 7.9329797e-06
166 0.00 7.476836412540e-02 2.5521066e-05
168 0.00 7.252883178329e-02 5.8905335e-06
170 0.00 7.555076287264e-02 6.4259280e-06
172 0.00 6.965843963969e-02 5.8894262e-06
174 0.00 7.180880278666e-02 1.3980883e-05
176 0.00 7.127656602857e-02 1.2196912e-05
178 0.00 7.151980888926e-02 1.2910465e-05
180 0.00 7.968212765420e-02 8.0158577e-06
182 0.00 6.973479235142e-02 9.9468068e-06
184 0.00 7.112898570241e-02 7.4687403e-06
186 0.00 7.229139265716e-02 8.7038882e-06
188 0.00 7.148018696980e-02 9.3351616e-06
190 0.00 6.800242003659e-02 7.5693880e-06
192 0.00 7.396886663185e-02 9.8233653e-06
194 0.00 6.828851959732e-02 7.7193738e-06
196 0.00 6.870390227849e-02 8.9257750e-06
198 0.00 7.350761657548e-02 1.6843571e-05
200 0.00 7.091847959128e-02 1.1071770e-05
102 0.25 7.080440943599e-02 1.1702493e-05
104 0.25 7.472038651255e-02 1.4403158e-05
106 0.25 6.810504716735e-02 4.4841353e-06
108 0.25 6.864748641584e-02 1.5227504e-05
110 0.25 6.700357254512e-02 1.1457600e-05
112 0.25 7.301236974699e-02 1.6587917e-05
114 0.25 6.817698390121e-02 7.1034481e-06
116 0.25 7.563931639030e-02 9.0004162e-06
118 0.25 7.147255786746e-02 3.9013457e-06
120 0.25 7.063018226707e-02 1.1943648e-05
122 0.25 7.076675887862e-02 8.1262008e-06
124 0.25 6.975585418196e-02 6.3366536e-06
126 0.25 7.347831751098e-02 9.9439816e-06
128 0.25 6.999201139251e-02 7.9664926e-06
130 0.25 7.626718737755e-02 6.4457249e-06
132 0.25 7.209367826095e-02 7.2940021e-06
134 0.25 6.990431349868e-02 2.3458421e-06
136 0.25 7.021246874116e-02 1.3939989e-05
138 0.25 7.018385148441e-02 8.0459883e-06
140 0.25 7.519150008872e-02 1.1184785e-05
142 0.25 7.348509295125e-02 5.1793671e-06
144 0.25 7.049819739222e-02 1.3061501e-05
146 0.25 6.733819034300e-02 1.2373847e-05
148 0.25 7.407794293202e-02 8.9954972e-06
150 0.25 6.849924123835e-02 2.2049556e-05
152 0.25 7.119766014839e-02 4.1842791e-06
154 0.25 7.442503400533e-02 3.2772363e-06
156 0.25 7.152622397093e-02 9.4668356e-06
158 0.25 7.009070644978e-02 5.0079461e-06
160 0.25 6.591653468137e-02 1.0601543e-05
162 0.25 7.741463820706e-02 5.2095165e-06
164 0.25 6.793164018998e-02 1.9258886e-05
166 0.25 7.646664513712e-02 7.4883075e-06
168 0.25 7.074484104068e-02 7.6251996e-06
170 0.25 7.275426273396e-02 5.5692454e-06
172 0.25 6.994101224459e-02 1.0816663e-05
174 0.25 7.225419128144e-02 4.3396810e-06
176 0.25 7.184767638582e-02 4.8993585e-06
178 0.25 7.094313096396e-02 6.0096838e-06
180 0.25 7.944175703440e-02 2.1918006e-05
182 0.25 6.887233596044e-02 5.5103540e-06
184 0.25 7.013029827735e-02 6.7250073e-06
186 0.25 7.083465757082e-02 9.6799960e-06
188 0.25 6.940391966048e-02 5.0623111e-06
190 0.25 6.722838317612e-02 6.9609821e-06
192 0.25 7.535616826161e-02 6.0886028e-06
194 0.25 6.658047660103e-02 7.8833775e-06
196 0.25 6.986077540932e-02 1.2860410e-05
198 0.25 7.077790857627e-02 7.3883163e-06
200 0.25 6.829823112012e-02 4.1253040e-06
102 0.50 6.854689238437e-02 1.1392504e-05
104 0.50 7.514199964507e-02 4.3841481e-06
106 0.50 6.977457500160e-02 9.1860486e-06
108 0.50 6.850240801064e-02 4.7492942e-06
110 0.50 6.627042329250e-02 1.1294105e-05
112 0.50 7.348198997099e-02 8.3688039e-06
114 0.50 6.865259756958e-02 7.0122906e-06
116 0.50 7.287442430188e-02 1.2611891e-05
118 0.50 6.987355947063e-02 2.5817946e-05
120 0.50 7.178350054780e-02 3.9630503e-06
122 0.50 7.200119967910e-02 1.5556991e-05
124 0.50 7.053077627403e-02 6.9778691e-06
126 0.50 7.307324489290e-02 2.3076575e-06
128 0.50 6.957403234398e-02 1.8978489e-05
130 0.50 7.647714322087e-02 3.5092590e-06
132 0.50 7.273505091232e-02 1.5357629e-05
134 0.50 6.984824919504e-02 2.8995302e-05
136 0.50 7.007707224293e-02 1.0323544e-05
138 0.50 6.698878664968e-02 5.7735207e-06
140 0.50 7.065346692649e-02 1.4792956e-05
142 0.50 7.188123257418e-02 1.0643768e-05
144 0.50 7.040166746691e-02 1.3419867e-05
146 0.50 6.539415950069e-02 1.0763122e-05
148 0.50 7.228776891178e-02 2.6080443e-06
150 0.50 6.837909961999e-02 1.0550503e-05
152 0.50 7.148289254026e-02 8.4264869e-06
154 0.50 7.300773676317e-02 4.8583539e-06
156 0.50 7.088263273834e-02 2.3904053e-06
158 0.50 6.945392658266e-02 4.1526183e-06
160 0.50 6.714040452306e-02 1.3941280e-05
162 0.50 7.558651363353e-02 8.6812336e-06
164 0.50 6.786252245406e-02 1.1611280e-05
166 0.50 7.446753023094e-02 1.2649103e-05
168 0.50 7.330901814579e-02 4.7100889e-06
170 0.50 7.357071178347e-02 1.6990564e-05
172 0.50 6.961675877842e-02 1.0979324e-05
174 0.50 6.992411990319e-02 2.5693371e-05
176 0.50 7.033176677474e-02 1.5309475e-05
178 0.50 7.016668186097e-02 5.6633043e-06
180 0.50 7.932940364271e-02 6.5181252e-06
182 0.50 6.852815885044e-02 1.5021030e-05
184 0.50 6.799108842094e-02 1.1518361e-05
186 0.50 7.043881212050e-02 8.0091253e-06
188 0.50 6.990653240761e-02 9.7387355e-06
190 0.50 6.810266377191e-02 4.7565356e-06
192 0.50 7.305665994078e-02 1.2140946e-05
194 0.50 6.621179149338e-02 1.0146724e-05
196 0.50 6.767104206327e-02 1.5533409e-05
198 0.50 7.185276206078e-02 5.7059588e-06
200 0.50 6.872298657755e-02 5.4094904e-06
102 0.75 6.663060517063e-02 1.0145054e-05
104 0.75 7.557034556133e-02 3.6234620e-05
106 0.75 6.796544051799e-02 1.8069436e-05
108 0.75 6.650135591297e-02 1.2346725e-05
110 0.75 6.726887803017e-02 6.8509125e-06
112 0.75 7.183582426023e-02 6.4913044e-06
114 0.75 6.986015838708e-02 2.4016790e-06
116 0.75 7.207788662234e-02 3.8237626e-06
118 0.75 6.853658991809e-02 3.9371472e-06
120 0.75 6.906352249807e-02 1.5279924e-05
122 0.75 7.050185041412e-02 4.0891641e-06
124 0.75 7.116634710900e-02 7.4943540e-06
126 0.75 7.260697532244e-02 8.9443586e-06
128 0.75 6.683845813898e-02 5.1497994e-06
130 0.75 7.172855137818e-02 1.2469385e-05
132 0.75 7.272383239543e-02 7.3238982e-06
134 0.75 6.994354205765e-02 1.4508911e-05
136 0.75 7.038280550057e-02 1.2258295e-05
138 0.75 6.752245074780e-02 9.2177987e-06
140 0.75 7.080258252004e-02 4.0186841e-06
142 0.75 7.241027312737e-02 1.7246443e-05
144 0.75 7.138253156752e-02 4.9587758e-06
146 0.75 6.441789616799e-02 1.8337579e-05
148 0.75 7.333612231647e-02 1.1193197e-05
150 0.75 7.035237123252e-02 9.8098679e-06
152 0.75 7.220602504223e-02 8.3401530e-06
154 0.75 7.174305166149e-02 1.3091061e-05
156 0.75 7.024283809659e-02 1.4577339e-05
158 0.75 6.899009994055e-02 1.2635249e-05
160 0.75 6.515157819716e-02 1.5420324e-05
162 0.75 7.451282487935e-02 2.0571417e-05
164 0.75 6.812736955658e-02 1.0897712e-05
166 0.75 7.244705867895e-02 7.0078674e-06
168 0.75 7.120185632061e-02 1.5478191e-05
170 0.75 7.214936157303e-02 1.3819871e-05
172 0.75 6.749079234992e-02 9.8724700e-06
174 0.75 7.124888559675e-02 1.1807645e-05
176 0.75 7.363483922289e-02 9.9681177e-06
178 0.75 6.946747864003e-02 9.6468101e-06
180 0.75 7.702130172702e-02 9.3793015e-06
182 0.75 6.858732174759e-02 1.5737217e-05
184 0.75 6.924245555978e-02 1.4726257e-05
186 0.75 7.088645075671e-02 3.0889669e-06
188 0.75 6.643291490356e-02 9.3239687e-06
190 0.75 6.704979115761e-02 9.5024738e-06
192 0.75 7.288310195949e-02 1.6514291e-05
194 0.75 6.674487923057e-02 4.8211113e-06
196 0.75 6.863040832427e-02 1.4409719e-05
198 0.75 7.232708757375e-02 1.2143625e-05
200 0.75 6.960511871528e-02 7.2691506e-06
102 1.00 6.936468687294e-02 1.6427395e-05
104 1.00 7.613378679861e-02 1.2466471e-05
106 1.00 6.852471639240e-02 1.2342706e-05
108 1.00 6.748021257291e-02 9.3775245e-06
110 1.00 6.689178969461e-02 1.1643332e-05
112 1.00 7.023906415818e-02 7.5672854e-06
114 1.00 6.985876725907e-02 1.4067113e-05
116 1.00 7.232541954205e-02 1.5548684e-05
118 1.00 6.985607874462e-02 7.9564384e-06
120 1.00 6.948484798323e-02 1.0312742e-05
122 1.00 6.851369882920e-02 1.0115011e-05
124 1.00 6.656170236975e-02 7.5228971e-06
126 1.00 7.190173855767e-02 9.2057822e-06
128 1.00 6.770291813931e-02 7.6444204e-06
130 1.00 7.510857745943e-02 3.3637501e-05
132 1.00 7.019608099346e-02 1.0705660e-05
134 1.00 6.943347123766e-02 8.5271712e-06
136 1.00 6.691165352255e-02 1.0781947e-05
138 1.00 6.628335387945e-02 5.9679409e-06
140 1.00 7.046831968813e-02 1.4443562e-05
142 1.00 7.049108962397e-02 1.1004214e-05
144 1.00 7.082223765652e-02 1.2875651e-05
146 1.00 6.307228851709e-02 6.2470688e-06
148 1.00 7.122409186811e-02 1.0797057e-05
150 1.00 6.632545739134e-02 8.5285331e-06
152 1.00 6.949393722866e-02 9.6055590e-06
154 1.00 7.059452287817e-02 2.7972974e-06
156 1.00 6.917657770420e-02 5.7888622e-06
158 1.00 6.844911351207e-02 1.1610712e-05
160 1.00 6.670491672549e-02 1.4271966e-05
162 1.00 7.251588471043e-02 4.8183984e-06
164 1.00 6.664000177131e-02 1.3201518e-05
166 1.00 7.599902576544e-02 1.5204205e-05
168 1.00 7.058622711385e-02 9.1572500e-06
170 1.00 6.982586968066e-02 1.4815476e-05
172 1.00 6.853285334227e-02 9.8178520e-06
174 1.00 6.737421667026e-02 2.0155157e-05
176 1.00 7.108523538753e-02 6.2682377e-06
178 1.00 7.229695248113e-02 8.5519749e-06
180 1.00 7.438569766720e-02 9.1508605e-06
182 1.00 6.909208267206e-02 1.1918709e-05
184 1.00 6.836758185969e-02 1.7254424e-05
186 1.00 6.843687242699e-02 2.2424988e-06
188 1.00 6.896817178618e-02 1.6984687e-05
190 1.00 6.640181070934e-02 6.2554252e-06
192 1.00 7.412880551758e-02 2.1492128e-05
194 1.00 6.658936130062e-02 1.5322292e-05
196 1.00 6.895299773840e-02 3.1861685e-05
198 1.00 7.234899283839e-02 3.4069185e-06
200 1.00 6.923880201110e-02 8.7612417e-06
201 -1.00 7.205523935499e-02 5.4613115e-06
205 -1.00 7.646456114978e-02 3.8912878e-06
209 -1.00 8.245168359993e-02 8.2451672e-06
213 -1.00 8.284987187197e-02 6.7718526e-06
217 -1.00 7.591868501996e-02 7.6547728e-06
221 -1.00 7.709167582004e-02 8.6004817e-06
225 -1.00 7.752536662649e-02 1.2094697e-05
229 -1.00 7.814390247122e-02 1.1236333e-05
233 -1.00 7.770434877681e-02 5.2861956e-06
237 -1.00 7.802886846826e-02 3.9271854e-06
241 -1.00 7.502186651199e-02 9.8903286e-06
245 -1.00 7.182201481041e-02 2.3321004e-06
249 -1.00 7.401151808298e-02 1.5401614e-05
253 -1.00 7.835798047505e-02 7.2146301e-06
257 -1.00 7.350340433734e-02 8.9305127e-06
261 -1.00 6.963046644522e-02 6.0389251e-06
265 -1.00 7.809579195207e-02 2.6074498e-06
269 -1.00 7.327208141221e-02 6.1389253e-06
273 -1.00 7.442355725242e-02 1.0326890e-05
277 -1.00 6.901643727458e-02 1.0444227e-05
281 -1.00 7.332817569318e-02 3.4724883e-06
285 -1.00 7.676821607029e-02 4.3997719e-06
289 -1.00 7.448644309350e-02 5.2651971e-06
293 -1.00 7.039971343362e-02 1.3368205e-05
297 -1.00 7.441078604224e-02 4.1323482e-06
301 -1.00 7.684686330788e-02 5.5955523e-06
305 -1.00 7.554712720538e-02 1.1321891e-05
309 -1.00 7.458575969947e-02 1.8751823e-05
313 -1.00 8.153327549618e-02 7.8108593e-06
317 -1.00 7.701068277626e-02 7.1975107e-06
321 -1.00 7.703694586666e-02 8.9906848e-06
325 -1.00 7.975219160418e-02 1.1129466e-05
329 -1.00 7.587525713007e-02 7.2680793e-06
333 -1.00 6.872420232188e-02 6.3645886e-06
337 -1.00 6.927770594701e-02 4.7236504e-06
341 -1.00 7.529284208952e-02 5.4365300e-06
345 -1.00 7.873928314585e-02 6.6444282e-06
349 -1.00 7.884205008694e-02 9.4023052e-06
353 -1.00 7.146523632605e-02 8.1496777e-06
357 -1.00 8.073552634164e-02 8.0797669e-06
361 -1.00 7.633860245307e-02 8.3637087e-06
365 -1.00 7.610892677005e-02 4.5941373e-06
369 -1.00 7.525321800956e-02 4.9713107e-06
373 -1.00 7.831685032228e-02 3.7610278e-06
377 -1.00 7.222726538232e-02 4.9590685e-06
381 -1.00 7.462036590991e-02 5.9898092e-06
385 -1.00 7.513296885465e-02 7.2252734e-06
389 -1.00 8.396518044157e-02 1.3199717e-05
393 -1.00 7.646847443193e-02 1.1315084e-05
397 -1.00 7.079207566406e-02 7.7415875e-06
401 -1.00 7.713226727263e-02 4.1030067e-06
405 -1.00 7.852888560614e-02 9.1522762e-06
409 -1.00 7.860140058898e-02 7.0312598e-06
413 -1.00 7.961772692651e-02 8.3623666e-06
417 -1.00 6.743047316933e-02 3.7114027e-06
421 -1.00 7.314904381485e-02 8.1644554e-06
425 -1.00 7.910425867695e-02 9.8601395e-06
429 -1.00 7.377062965518e-02 7.7476624e-06
433 -1.00 8.035932135291e-02 1.2257450e-05
437 -1.00 6.917044989482e-02 7.9608134e-06
441 -1.00 7.134718559302e-02 7.9942583e-06
445 -1.00 7.506862261384e-02 9.5829988e-06
449 -1.00 8.143218961454e-02 8.1328356e-06
453 -1.00 7.064285793241e-02 4.2625692e-06
457 -1.00 7.314627691004e-02 9.9819840e-06
461 -1.00 7.841909100540e-02 8.5848121e-06
465 -1.00 7.380698038925e-02 4.6841530e-06
469 -1.00 7.363406078853e-02 1.1491281e-05
473 -1.00 7.277746069246e-02 4.3645211e-06
477 -1.00 7.357622579116e-02 1.0869319e-05
481 -1.00 6.950989527985e-02 3.9121836e-06
485 -1.00 6.865151284333e-02 9.5450690e-06
489 -1.00 7.471339121430e-02 5.7398365e-06
493 -1.00 7.094040113399e-02 7.5380166e-06
497 -1.00 8.256498691702e-02 1.1031561e-05
201 -0.75 7.569409307060e-02 1.3867094e-05
205 -0.75 7.588218818557e-02 8.8196932e-06
209 -0.75 8.016958738630e-02 1.4822655e-05
213 -0.75 8.113386381015e-02 7.4692879e-06
217 -0.75 7.405224112477e-02 6.8400397e-06
221 -0.75 7.692641094131e-02 1.4314268e-05
225 -0.75 7.683954818492e-02 6.8421344e-06
229 -0.75 7.561484800421e-02 7.7393037e-06
233 -0.75 7.832758419683e-02 1.1102956e-05
237 -0.75 7.777967734910e-02 2.1436828e-05
241 -0.75 7.454099451191e-02 1.2355305e-05
245 -0.75 7.326154396491e-02 6.1412614e-06
249 -0.75 7.377767189839e-02 2.4677836e-05
253 -0.75 7.826673712089e-02 1.0898634e-05
257 -0.75 7.088637708918e-02 4.9796916e-06
261 -0.75 7.026614757354e-02 2.9572926e-06
265 -0.75 7.912982989293e-02 7.7745569e-06
269 -0.75 7.045008192808e-02 1.8243945e-06
273 -0.75 7.339867576922e-02 9.2655270e-06
277 -0.75 6.927217073405e-02 6.9835523e-06
281 -0.75 7.422066720743e-02 1.2776604e-05
285 -0.75 7.720325484928e-02 7.8983259e-06
289 -0.75 7.559336819919e-02 1.0314873e-05
293 -0.75 7.074569120918e-02 5.3640850e-06
297 -0.75 7.302823949857e-02 6.8832311e-06
301 -0.75 7.603063443495e-02 1.5805995e-05
305 -0.75 7.452428642543e-02 4.1286178e-06
309 -0.75 7.269440795356e-02 5.3025055e-06
313 -0.75 8.167229900256e-02 1.2830617e-05
317 -0.75 7.585017928669e-02 7.5694632e-06
321 -0.75 7.559646669015e-02 1.5134311e-05
325 -0.75 7.651781414690e-02 7.9234066e-06
329 -0.75 7.443814552332e-02 1.9142511e-05
333 -0.75 6.688788437340e-02 4.9862398e-06
337 -0.75 7.180217298589e-02 8.4900951e-06
341 -0.75 7.201252185969e-02 4.1486985e-06
345 -0.75 7.743998084514e-02 3.7881528e-06
349 -0.75 7.727915659815e-02 5.9375225e-06
353 -0.75 7.248708992296e-02 1.2672615e-05
357 -0.75 7.753719341928e-02 6.7741843e-06
361 -0.75 7.584878304555e-02 1.0079302e-05
365 -0.75 7.643375514822e-02 1.8018863e-05
369 -0.75 7.372730198895e-02 8.5049705e-06
373 -0.75 7.868687516117e-02 1.0240790e-05
377 -0.75 7.268272092935e-02 5.8463883e-06
381 -0.75 7.438880870650e-02 1.1536731e-05
385 -0.75 7.390669842293e-02 1.2257024e-05
389 -0.75 8.168713873257e-02 6.3197267e-06
393 -0.75 7.635192159551e-02 9.5212453e-06
397 -0.75 7.216092394499e-02 8.6684415e-06
401 -0.75 7.574532223189e-02 1.2773750e-05
405 -0.75 7.896423570399e-02 5.7877766e-06
409 -0.75 7.588069699135e-02 5.9512249e-06
413 -0.75 7.826602682621e-02 1.6502480e-05
417 -0.75 6.408810299221e-02 2.3570193e-06
421 -0.75 7.348382067444e-02 1.0114284e-05
425 -0.75 7.814934607041e-02 2.7018053e-06
429 -0.75 7.416165594880e-02 3.6143871e-06
433 -0.75 7.847165417233e-02 1.0486064e-05
437 -0.75 6.979839528041e-02 7.3648031e-06
441 -0.75 7.289856172377e-02 1.1825863e-05
445 -0.75 7.311079145009e-02 9.6751027e-06
449 -0.75 8.163341430350e-02 8.9225000e-06
453 -0.75 7.028412977877e-02 7.1916069e-06
457 -0.75 7.455280201049e-02 6.7864981e-06
461 -0.75 7.841718454060e-02 1.1116327e-05
465 -0.75 7.141832382030e-02 1.4525868e-05
469 -0.75 7.233125171523e-02 1.2085696e-05
473 -0.75 7.408175331201e-02 7.1325025e-06
477 -0.75 7.512006881211e-02 6.5895714e-06
481 -0.75 6.954070035637e-02 5.4180269e-06
485 -0.75 6.861364729457e-02 3.2925643e-06
489 -0.75 7.381905647500e-02 7.1910918e-06
493 -0.75 6.886590500243e-02 6.2831885e-06
497 -0.75 8.234239217933e-02 1.6702602e-05
201 -0.50 7.612175858135e-02 6.6962499e-06
205 -0.50 7.533957383701e-02 1.4007376e-05
209 -0.50 7.879400330075e-02 3.7383656e-06
213 -0.50 8.020520407017e-02 1.9714692e-05
217 -0.50 7.446288455220e-02 1.2387517e-05
221 -0.50 7.667131685936e-02 6.7995541e-06
225 -0.50 7.688638624294e-02 5.2744643e-06
229 -0.50 7.553212343447e-02 1.4468002e-05
233 -0.50 7.754880812118e-02 7.1431344e-06
237 -0.50 7.351072813427e-02 9.9240586e-06
241 -0.50 7.363024962043e-02 2.2184407e-05
245 -0.50 7.341048015642e-02 1.1682874e-05
249 -0.50 7.079989327588e-02 5.0120049e-06
253 -0.50 7.737048916792e-02 1.7991299e-05
257 -0.50 6.956656889808e-02 3.7216283e-06
261 -0.50 6.809346257235e-02 4.2600268e-06
265 -0.50 7.657723217715e-02 1.4181544e-05
269 -0.50 7.032608359896e-02 5.9140630e-06
273 -0.50 7.049090240596e-02 7.4545767e-06
277 -0.50 6.922235188049e-02 5.3149472e-06
281 -0.50 6.966271400375e-02 4.2523639e-06
285 -0.50 7.635299562542e-02 1.1860376e-05
289 -0.50 7.839456030274e-02 1.3541294e-05
293 -0.50 6.925177592676e-02 6.9299277e-06
297 -0.50 7.292106603620e-02 7.9604013e-06
301 -0.50 7.485736831729e-02 4.3827328e-06
305 -0.50 7.401300870722e-02 5.7052240e-06
309 -0.50 7.545603352568e-02 2.8896379e-05
313 -0.50 7.835570973997e-02 1.1035799e-05
317 -0.50 7.544198865031e-02 1.4966487e-05
321 -0.50 7.592379428452e-02 9.2181973e-06
325 -0.50 7.820935966360e-02 1.8873631e-05
329 -0.50 7.260886212544e-02 1.0555794e-05
333 -0.50 6.801525899306e-02 6.6921373e-06
337 -0.50 6.878926212669e-02 6.8992720e-06
341 -0.50 7.413768366403e-02 1.1798477e-05
345 -0.50 7.778798684794e-02 1.7680193e-05
349 -0.50 7.560977710800e-02 9.2895521e-06
353 -0.50 7.085231397721e-02 3.8067085e-06
357 -0.50 7.652562207130e-02 1.1029988e-05
361 -0.50 7.556867053310e-02 1.1374776e-05
365 -0.50 7.557336961636e-02 1.0306001e-05
369 -0.50 7.300414373694e-02 7.6451274e-06
373 -0.50 7.598704517457e-02 6.3761120e-06
377 -0.50 7.103111608594e-02 7.5560253e-06
381 -0.50 7.260863595741e-02 4.8809760e-06
385 -0.50 7.262637022192e-02 4.4874128e-06
389 -0.50 8.101063091862e-02 5.1307626e-06
393 -0.50 7.583681372192e-02 3.2453867e-06
397 -0.50 6.922067116132e-02 5.6942844e-06
401 -0.50 7.565953303675e-02 4.8180304e-06
405 -0.50 7.595684183031e-02 1.4606939e-05
409 -0.50 7.302923963423e-02 1.3393921e-05
413 -0.50 7.573997777980e-02 7.8663695e-06
417 -0.50 6.407742881169e-02 9.8560218e-06
421 -0.50 7.226697039572e-02 1.2132647e-05
425 -0.50 7.923285016161e-02 1.1292181e-05
429 -0.50 7.294501663166e-02 4.1176011e-06
433 -0.50 7.726222115709e-02 1.9124203e-05
437 -0.50 7.078365408365e-02 5.8919994e-06
441 -0.50 7.126975917228e-02 4.9553834e-06
445 -0.50 7.375104102119e-02 5.1374660e-06
449 -0.50 8.169525271292e-02 6.7330120e-06
453 -0.50 6.974576592915e-02 1.7075033e-05
457 -0.50 7.110690857735e-02 1.0327661e-05
461 -0.50 7.639552933019e-02 2.1047119e-05
465 -0.50 7.230295316075e-02 4.8845924e-06
469 -0.50 7.358472086313e-02 7.7972249e-06
473 -0.50 7.148338187255e-02 6.7461523e-06
477 -0.50 7.153588027755e-02 4.9137989e-06
481 -0.50 6.757563582417e-02 5.5961835e-06
485 -0.50 6.785271988398e-02 4.9242938e-06
489 -0.50 7.236611796496e-02 3.5669488e-06
493 -0.50 6.776214306088e-02 1.1641313e-05
497 -0.50 7.976046181204e-02 9.7043531e-06
201 -0.25 7.365591069017e-02 3.5789024e-06
205 -0.25 7.390064529929e-02 1.0325284e-05
209 -0.25 7.612052099297e-02 8.3771819e-06
213 -0.25 8.063698911716e-02 1.4370411e-05
217 -0.25 7.152278920788e-02 1.2968492e-05
221 -0.25 7.698750906622e-02 1.0106215e-05
225 -0.25 7.377197158099e-02 1.3902874e-05
229 -0.25 7.653814883240e-02 9.4667138e-06
233 -0.25 7.486529502727e-02 6.1815811e-06
237 -0.25 7.648305822506e-02 1.0237129e-05
241 -0.25 7.110230495527e-02 2.1138839e-05
245 -0.25 6.954618804921e-02 6.8391767e-06
249 -0.25 7.018339673270e-02 2.4920256e-06
253 -0.25 7.416112810777e-02 1.0551852e-05
257 -0.25 6.949926087365e-02 6.8704806e-06
261 -0.25 6.853163666489e-02 9.5482558e-06
265 -0.25 7.606864979757e-02 1.6661949e-05
269 -0.25 7.121078061095e-02 1.0815901e-05
273 -0.25 7.138450042456e-02 9.0094558e-06
277 -0.25 6.908669480949e-02 1.2200896e-05
281 -0.25 7.241805764923e-02 1.0112104e-05
285 -0.25 7.425344279104e-02 1.3612485e-05
289 -0.25 7.396664268274e-02 8.0676346e-06
293 -0.25 6.973303083578e-02 9.4785358e-06
297 -0.25 7.092002969069e-02 7.9319949e-06
301 -0.25 7.374982315348e-02 1.9918577e-05
305 -0.25 7.316815399736e-02 5.2450852e-06
309 -0.25 7.172098411559e-02 7.8468867e-06
313 -0.25 7.819888636653e-02 1.1229953e-05
317 -0.25 7.489428844196e-02 8.8443616e-06
321 -0.25 7.476568786628e-02 1.3540209e-05
325 -0.25 7.620517379712e-02 4.9427641e-06
329 -0.25 7.150364827216e-02 9.8662434e-06
333 -0.25 6.803261321132e-02 5.6617611e-06
337 -0.25 6.832483279264e-02 1.0296157e-05
341 -0.25 7.321863706191e-02 1.1308656e-05
345 -0.25 7.858298909907e-02 7.6905935e-06
349 -0.25 7.610804247016e-02 3.9314528e-06
353 -0.25 7.176674564394e-02 6.5354703e-06
357 -0.25 7.614030789792e-02 4.1952490e-06
361 -0.25 7.456885127207e-02 1.0616784e-05
365 -0.25 7.441911692658e-02 7.2889582e-06
369 -0.25 7.178405872813e-02 1.4751147e-05
373 -0.25 7.491214956826e-02 7.6368979e-06
377 -0.25 6.970275309339e-02 1.0076039e-05
381 -0.25 7.063569621192e-02 5.5814361e-06
385 -0.25 7.322794224098e-02 3.8187189e-06
389 -0.25 8.223158376658e-02 1.3498724e-05
393 -0.25 7.335513136891e-02 4.9137606e-06
397 -0.25 6.922938365724e-02 2.7529143e-06
401 -0.25 7.508241454852e-02 3.9076185e-06
405 -0.25 7.750199382924e-02 5.0657734e-06
409 -0.25 7.614279297472e-02 1.4679749e-05
413 -0.25 7.592164114406e-02 1.0042529e-05
417 -0.25 6.304153380730e-02 8.5965061e-06
421 -0.25 7.115271384052e-02 6.7452944e-06
425 -0.25 7.637203192794e-02 1.3727992e-05
429 -0.25 7.207660408109e-02 8.6796972e-06
433 -0.25 7.666464235447e-02 9.4502352e-06
437 -0.25 6.983300740905e-02 1.1719539e-05
441 -0.25 7.056348506558e-02 5.8962602e-06
445 -0.25 7.103857356135e-02 7.7082415e-06
449 -0.25 7.792129242615e-02 2.6079682e-06
453 -0.25 7.100362134467e-02 8.6660964e-06
457 -0.25 7.085954179283e-02 9.9238647e-06
461 -0.25 7.473841651733e-02 1.6490977e-05
465 -0.25 7.047081109747e-02 6.5871049e-06
469 -0.25 7.197009763818e-02 5.5273931e-06
473 -0.25 6.939849753451e-02 3.4986200e-06
477 -0.25 7.039123767745e-02 7.1753909e-06
481 -0.25 6.806930215478e-02 5.6014648e-06
485 -0.25 6.666051573004e-02 8.4167041e-06
489 -0.25 7.182721756156e-02 8.4362512e-06
493 -0.25 6.795122509273e-02 1.1693284e-05
497 -0.25 7.970875949695e-02 1.7259090e-05
201 0.00 7.291327348438e-02 1.9019503e-05
205 0.00 7.528039226660e-02 1.5853027e-05
209 0.00 7.611221519753e-02 9.8668648e-06
213 0.00 7.606591620406e-02 1.4174259e-05
217 0.00 7.314377192636e-02 7.8133106e-06
221 0.00 7.429028663180e-02 1.7519466e-05
225 0.00 7.335631629415e-02 1.4010477e-05
229 0.00 7.161402752089e-02 7.2623901e-06
233 0.00 7.489131073437e-02 6.9115537e-06
237 0.00 7.180238153596e-02 8.8305086e-06
241 0.00 7.210142911824e-02 8.7889666e-06
245 0.00 7.060026346708e-02 8.5392361e-06
249 0.00 7.266846685362e-02 1.1525786e-05
253 0.00 7.214688454630e-02 8.9419013e-06
257 0.00 6.894647859930e-02 2.7892979e-05
261 0.00 6.759438864732e-02 6.9563598e-06
265 0.00 7.362360326544e-02 6.9446939e-06
269 0.00 6.859905032922e-02 1.9998155e-05
273 0.00 6.886302080307e-02 7.6535909e-06
277 0.00 6.809331573125e-02 1.4156579e-05
281 0.00 7.163310249353e-02 3.4395697e-06
285 0.00 7.242040663927e-02 6.2952767e-06
289 0.00 7.675867373936e-02 1.9182071e-05
293 0.00 7.019188990127e-02 6.0934016e-06
297 0.00 7.183654891588e-02 1.3682110e-05
301 0.00 7.382358788196e-02 1.2216750e-05
305 0.00 7.315012556903e-02 5.8167770e-06
309 0.00 7.089527816196e-02 6.8665490e-06
313 0.00 7.522588272901e-02 8.2764258e-06
317 0.00 7.331632962077e-02 5.9577885e-06
321 0.00 7.075308405190e-02 9.4908532e-06
325 0.00 7.614015124330e-02 7.2646930e-06
329 0.00 7.299413359677e-02 9.8736647e-06
333 0.00 6.576098011152e-02 1.1485040e-05
337 0.00 6.558286466828e-02 3.3696085e-06
341 0.00 7.179257528022e-02 5.5375926e-06
345 0.00 7.691767386210e-02 5.5698777e-06
349 0.00 7.480730853196e-02 5.9555913e-06
353 0.00 7.204404180323e-02 8.6645727e-06
357 0.00 7.517546222977e-02 1.6943273e-05
361 0.00 7.522053926666e-02 8.2768686e-06
365 0.00 7.392648436851e-02 4.3478869e-06
369 0.00 7.154338939418e-02 4.5802861e-06
373 0.00 7.453702089444e-02 7.3097394e-06
377 0.00 7.080739535712e-02 8.3169305e-06
381 0.00 6.953861316773e-02 7.2115891e-06
385 0.00 7.338477934320e-02 8.7908643e-06
389 0.00 7.780417477468e-02 5.4630759e-06
393 0.00 7.078828168687e-02 6.5288999e-06
397 0.00 6.897092252768e-02 5.9917947e-06
401 0.00 7.678843573310e-02 1.4303958e-05
405 0.00 7.565291392512e-02 1.6640815e-05
409 0.00 7.473887307882e-02 1.5091164e-05
413 0.00 7.336692367168e-02 1.1272841e-05
417 0.00 6.397257801050e-02 4.3958756e-06
421 0.00 7.284291147431e-02 8.6018244e-06
425 0.00 7.649918279687e-02 1.0081973e-05
429 0.00 7.312201041191e-02 4.7989089e-06
433 0.00 7.647839855739e-02 4.7698101e-06
437 0.00 6.743241329049e-02 1.0697474e-05
441 0.00 7.101285328492e-02 1.1658981e-05
445 0.00 7.270403888852e-02 9.9119081e-06
449 0.00 7.808616401952e-02 5.8939060e-06
453 0.00 6.945500506746e-02 9.9780567e-06
457 0.00 7.026584322079e-02 1.4087653e-05
461 0.00 7.559598915749e-02 1.0951406e-05
465 0.00 6.981702478510e-02 1.7553343e-05
469 0.00 7.031859719325e-02 4.2670104e-06
473 0.00 7.014742347734e-02 1.3037673e-05
477 0.00 6.931783835553e-02 7.2055950e-06
481 0.00 6.736501066826e-02 4.5607621e-06
485 0.00 6.485175666124e-02 5.9713122e-06
489 0.00 7.184872730483e-02 3.9632074e-06
493 0.00 6.657396105049e-02 8.8844352e-06
497 0.00 7.923051494659e-02 4.0389997e-06
201 0.25 7.161678112310e-02 7.7345103e-06
205 0.25 7.356487609202e-02 1.0079503e-05
209 0.25 7.445704700213e-02 3.2987941e-05
213 0.25 7.440802988315e-02 1.7375830e-05
217 0.25 7.300771335094e-02 9.9299175e-06
221 0.25 7.409507966730e-02 1.4510493e-05
225 0.25 7.356138358790e-02 9.3855376e-06
229 0.25 7.072476978648e-02 2.6269698e-06
233 0.25 7.417524567350e-02 1.0925367e-05
237 0.25 7.080675287621e-02 6.8916641e-06
241 0.25 6.985449989962e-02 1.8805564e-05
245 0.25 6.729496529492e-02 8.1891819e-06
249 0.25 7.086492202697e-02 1.2779559e-05
253 0.25 7.330590135185e-02 2.0095482e-05
257 0.25 6.943698408517e-02 1.8355108e-05
261 0.25 6.559188255913e-02 4.6554639e-06
265 0.25 7.211221231322e-02 8.1006124e-06
269 0.25 6.799267885220e-02 2.7363282e-06
273 0.25 7.131309811441e-02 1.5866181e-05
277 0.25 6.699782312125e-02 1.4434241e-05
281 0.25 7.184784871800e-02 9.4273530e-06
285 0.25 7.245070586942e-02 5.2853344e-06
289 0.25 7.246820023943e-02 5.7046688e-06
293 0.25 6.898870035965e-02 1.3646220e-05
297 0.25 6.999427250946e-02 1.1304132e-05
301 0.25 7.393724694582e-02 1.0707301e-05
305 0.25 7.393654240070e-02 8.8163766e-06
309 0.25 7.088768267137e-02 1.2532784e-05
313 0.25 7.603366680970e-02 1.5457268e-05
317 0.25 7.202253020730e-02 8.3489896e-06
321 0.25 7.106876458396e-02 1.2802132e-05
325 0.25 7.595506578141e-02 5.1330318e-06
329 0.25 7.012997178879e-02 1.5814778e-05
333 0.25 6.593167778075e-02 4.5275491e-06
337 0.25 6.826813588574e-02 6.8612367e-06
341 0.25 7.172525002776e-02 1.5490558e-05
345 0.25 7.327213460565e-02 1.2343468e-05
349 0.25 7.427604934573e-02 1.1923870e-05
353 0.25 7.106139663736e-02 1.2827142e-05
357 0.25 7.435024803942e-02 2.5845002e-06
361 0.25 7.263911535546e-02 1.4666620e-05
365 0.25 7.324353751465e-02 2.0591504e-05
369 0.25 7.091384852194e-02 4.3756203e-06
373 0.25 7.317998041478e-02 6.5468417e-06
377 0.25 6.932099906789e-02 1.8358479e-05
381 0.25 7.062672807772e-02 8.9531956e-06
385 0.25 7.304471236013e-02 1.4813668e-05
389 0.25 7.691021372977e-02 1.0598813e-05
393 0.25 7.010305273524e-02 2.8130329e-06
397 0.25 6.790699340252e-02 1.3059893e-06
401 0.25 7.404485722349e-02 8.6609299e-06
405 0.25 7.429150869381e-02 2.3916572e-05
409 0.25 7.235035127637e-02 1.4754340e-05
413 0.25 7.560981688334e-02 1.7391597e-05
417 0.25 6.379813582225e-02 1.2787370e-05
421 0.25 6.993738159944e-02 7.9620283e-06
425 0.25 7.658073109745e-02 1.1510424e-05
429 0.25 7.136355958441e-02 2.1109139e-05
433 0.25 7.409553125079e-02 1.5039971e-05
437 0.25 6.812160165750e-02 6.3099247e-06
441 0.25 7.140737587763e-02 5.1033191e-06
445 0.25 7.083992909874e-02 8.2030842e-06
449 0.25 7.894898088647e-02 9.6041938e-06
453 0.25 7.049115359527e-02 1.6510868e-05
457 0.25 6.962436544708e-02 2.5453587e-05
461 0.25 7.203729458117e-02 1.0896339e-05
465 0.25 6.985424782230e-02 2.3534290e-05
469 0.25 6.988315846186e-02 4.5338033e-06
473 0.25 6.886248459408e-02 1.1407917e-05
477 0.25 6.987357778959e-02 4.3337078e-06
481 0.25 6.827919850856e-02 1.5012850e-05
485 0.25 6.527214818396e-02 5.1736784e-06
489 0.25 7.149524882744e-02 1.5178674e-05
493 0.25 6.382311939239e-02 2.8661515e-06
497 0.25 7.601329662033e-02 1.5579431e-05
201 0.50 7.069260343844e-02 5.5793757e-06
205 0.50 7.335531666524e-02 1.0962012e-05
209 0.50 7.214870544365e-02 6.6976073e-06
213 0.50 7.551431637725e-02 1.3660391e-05
217 0.50 7.349134522600e-02 1.4445403e-05
221 0.50 7.231218629760e-02 8.2318425e-06
225 0.50 7.258088869380e-02 8.0575881e-06
229 0.50 7.216552698088e-02 7.7234339e-06
233 0.50 7.205508281133e-02 1.7556887e-05
237 0.50 7.148945998908e-02 1.0704328e-05
241 0.50 6.710156915347e-02 8.6749760e-06
245 0.50 6.824657303749e-02 8.5737442e-06
249 0.50 7.000685843653e-02 6.6309654e-06
253 0.50 7.197518753016e-02 8.9436171e-06
257 0.50 6.849067027712e-02 1.7345156e-05
261 0.50 6.680981107700e-02 1.3235383e-05
265 0.50 7.243601144885e-02 1.2365436e-05
269 0.50 6.792967685920e-02 5.4527856e-06
273 0.50 6.855746075941e-02 1.9662660e-05
277 0.50 6.609319868871e-02 1.2453151e-05
281 0.50 7.120787638704e-02 1.2865707e-06
285 0.50 7.408002733044e-02 8.6192619e-06
289 0.50 7.385964098336e-02 1.2685235e-05
293 0.50 6.882445321011e-02 8.3686377e-06
297 0.50 6.931411364984e-02 1.7036847e-05
301 0.50 7.289340905748e-02 1.0158585e-05
305 0.50 7.327629884917e-02 9.8082395e-06
309 0.50 7.330707303755e-02 2.4621222e-05
313 0.50 7.326449014206e-02 1.5082425e-05
317 0.50 7.377697407650e-02 1.2231245e-05
321 0.50 7.146500643546e-02 1.0878451e-05
325 0.50 7.362680815446e-02 1.4952136e-05
329 0.50 6.981822307382e-02 1.2478970e-05
333 0.50 6.618905282689e-02 2.9615910e-06
337 0.50 6.541843922157e-02 1.6074745e-05
341 0.50 7.076581918116e-02 1.1529529e-05
345 0.50 7.699652074577e-02 1.6251660e-05
349 0.50 7.492323312900e-02 1.1223702e-05
353 0.50 6.872090844167e-02 7.1726789e-06
357 0.50 7.438394834347e-02 5.5967408e-06
361 0.50 7.170514446499e-02 1.5637414e-05
365 0.50 7.318706639202e-02 1.1224506e-05
369 0.50 6.958684021532e-02 6.7192838e-06
373 0.50 7.246630321893e-02 1.3946261e-05
377 0.50 6.823739763955e-02 2.8786724e-06
381 0.50 7.114363310335e-02 3.7193535e-06
385 0.50 7.174598320530e-02 1.2238952e-05
389 0.50 7.635252558630e-02 1.0278937e-05
393 0.50 6.836566041220e-02 8.7597528e-06
397 0.50 6.921953923252e-02 4.8012460e-06
401 0.50 7.280512025888e-02 1.2295694e-05
405 0.50 7.519842454003e-02 1.9633699e-05
409 0.50 7.371774124021e-02 8.0427757e-06
413 0.50 6.990454093533e-02 9.2353745e-06
417 0.50 6.213062912441e-02 1.2403133e-05
421 0.50 6.945962700124e-02 5.1413637e-06
425 0.50 7.490294642808e-02 1.2995182e-05
429 0.50 7.008618392302e-02 8.4092087e-06
433 0.50 7.514786694344e-02 1.5679534e-05
437 0.50 6.774070909044e-02 8.0584592e-06
441 0.50 6.915976704114e-02 1.6179221e-05
445 0.50 7.223202633682e-02 8.6570180e-06
449 0.50 7.916343048563e-02 8.0394921e-06
453 0.50 7.002940654367e-02 4.5778281e-06
457 0.50 6.823385905721e-02 9.5156931e-06
461 0.50 7.081409158431e-02 8.4265531e-06
465 0.50 6.730393099164e-02 5.4794656e-06
469 0.50 7.104705773320e-02 1.0402597e-05
473 0.50 6.859784595330e-02 7.1341940e-06
477 0.50 6.903012774199e-02 8.6190256e-06
481 0.50 6.633700476839e-02 7.1451169e-06
485 0.50 6.608229013675e-02 2.5480977e-06
489 0.50 6.963386847073e-02 6.2352956e-06
493 0.50 6.457000027422e-02 1.2307867e-05
497 0.50 7.528380646005e-02 1.5016429e-05
201 0.75 7.352604706324e-02 1.1461751e-05
205 0.75 7.105818108420e-02 1.0481384e-05
209 0.75 7.457462018968e-02 1.3977764e-05
213 0.75 7.591508730330e-02 1.2780294e-05
217 0.75 7.082351522371e-02 1.4781825e-05
221 0.75 7.356136334221e-02 1.0981447e-05
225 0.75 7.478948554855e-02 1.5972064e-05
229 0.75 6.858680386190e-02 9.6806803e-06
233 0.75 7.184816004829e-02 1.5563330e-05
237 0.75 6.935601735403e-02 8.8430518e-06
241 0.75 6.906875961100e-02 7.0392965e-06
245 0.75 6.826124812124e-02 1.6624412e-05
249 0.75 7.026823497916e-02 4.6873216e-06
253 0.75 6.842405034994e-02 2.0627862e-05
257 0.75 6.898697133285e-02 8.3868537e-06
261 0.75 6.517007225785e-02 4.0280223e-06
265 0.75 7.151988529403e-02 8.3154856e-06
269 0.75 6.520270073595e-02 5.9049503e-06
273 0.75 6.844267803770e-02 1.8893928e-05
277 0.75 6.798478502551e-02 3.9276985e-06
281 0.75 6.979770052365e-02 1.2181152e-05
285 0.75 7.015200060524e-02 6.2538130e-06
289 0.75 7.296253404445e-02 1.4463940e-05
293 0.75 6.875185164593e-02 6.9411065e-06
297 0.75 6.887157948653e-02 7.4058284e-06
301 0.75 7.222048568588e-02 1.4021510e-05
305 0.75 7.197342074305e-02 8.1030809e-06
309 0.75 7.066882204640e-02 9.2724584e-06
313 0.75 7.409797878039e-02 8.0379067e-06
317 0.75 6.986916127370e-02 5.3891501e-06
321 0.75 6.973053483314e-02 1.8316078e-05
325 0.75 7.328483218512e-02 7.3877888e-06
329 0.75 6.921842820305e-02 3.9585518e-06
333 0.75 6.762655575590e-02 9.0733160e-06
337 0.75 6.585598840379e-02 1.0868164e-05
341 0.75 7.048119295068e-02 5.0553927e-06
345 0.75 7.432747519086e-02 1.0233961e-05
349 0.75 7.401033431206e-02 6.7102037e-06
353 0.75 7.081415009471e-02 1.6129884e-05
357 0.75 7.171204464186e-02 7.9171982e-06
361 0.75 6.987387802810e-02 8.8914163e-06
365 0.75 7.250779856660e-02 9.0376603e-06
369 0.75 6.959291910579e-02 1.2882273e-05
373 0.75 7.232115967298e-02 1.3099639e-05
377 0.75 6.841357023503e-02 3.3633570e-06
381 0.75 6.804234918035e-02 1.9146623e-05
385 0.75 7.174230390564e-02 2.3614206e-05
389 0.75 7.457961812825e-02 4.1172164e-06
393 0.75 6.842418230251e-02 1.9523722e-05
397 0.75 6.937458747814e-02 1.6152565e-05
401 0.75 7.248442813746e-02 7.5169324e-06
405 0.75 7.284929870862e-02 8.9111055e-06
409 0.75 7.213378253806e-02 7.7394070e-06
413 0.75 6.939822178613e-02 5.3227285e-06
417 0.75 6.122173863435e-02 1.2546751e-05
421 0.75 6.858082744952e-02 4.1232793e-06
425 0.75 7.312727044215e-02 8.1773205e-06
429 0.75 7.017962566330e-02 1.0937109e-05
433 0.75 7.451241164949e-02 1.3622662e-05
437 0.75 6.626005780513e-02 1.2970038e-05
441 0.75 6.995090548176e-02 2.4506678e-05
445 0.75 7.092866207932e-02 5.6259982e-06
449 0.75 7.537050262479e-02 6.9027041e-06
453 0.75 7.025101155034e-02 1.4266882e-05
457 0.75 6.613068595177e-02 1.1159030e-05
461 0.75 7.125844963273e-02 9.9512771e-06
465 0.75 6.744695655506e-02 2.0981539e-05
469 0.75 7.073106506813e-02 2.0620765e-05
473 0.75 6.824282971817e-02 4.8308555e-06
477 0.75 6.907770306623e-02 1.0789236e-05
481 0.75 6.593563338903e-02 1.7861972e-05
485 0.75 6.452384422654e-02 6.7953306e-06
489 0.75 7.031399965535e-02 9.6438740e-06
493 0.75 6.468038674920e-02 5.1113575e-06
497 0.75 7.422736873484e-02 1.3821586e-05
201 1.00 6.925524522655e-02 5.7539845e-06
205 1.00 7.136385820190e-02 2.1044854e-05
209 1.00 7.416894588577e-02 1.5268500e-05
213 1.00 7.271736034410e-02 1.6400527e-05
217 1.00 6.991500700199e-02 1.7539733e-05
221 1.00 7.522179294916e-02 1.5664982e-05
225 1.00 7.149085966846e-02 1.3778466e-05
229 1.00 6.823567512335e-02 3.1008619e-06
233 1.00 7.144770709824e-02 7.3699266e-06
237 1.00 7.020171878772e-02 9.3069373e-06
241 1.00 6.894687797439e-02 8.3545632e-06
245 1.00 6.712225640013e-02 1.7532712e-05
249 1.00 6.983130647850e-02 1.1423804e-05
253 1.00 6.980242934990e-02 6.4427913e-06
257 1.00 6.708242574979e-02 1.6202841e-05
261 1.00 6.733410331112e-02 1.4162356e-05
265 1.00 6.898043447671e-02 1.1300238e-05
269 1.00 6.784117770837e-02 2.5733005e-05
273 1.00 6.865250213632e-02 6.6464737e-06
277 1.00 6.762403089606e-02 6.6875455e-06
281 1.00 6.982262753617e-02 3.7660152e-06
285 1.00 6.951882015821e-02 1.1247354e-05
289 1.00 7.279834160517e-02 6.6381312e-06
293 1.00 6.697936567523e-02 9.3273338e-06
297 1.00 6.793133656383e-02 1.3346318e-05
301 1.00 6.990818934848e-02 9.6837797e-06
305 1.00 7.106241280230e-02 1.2666918e-05
309 1.00 7.156197327855e-02 4.9811859e-06
313 1.00 7.283000703051e-02 4.7071723e-06
317 1.00 7.037127596480e-02 6.6955235e-06
321 1.00 6.869750165152e-02 1.1348614e-05
325 1.00 7.209625156698e-02 2.3654017e-05
329 1.00 6.958238040634e-02 9.4524738e-06
333 1.00 6.524529950923e-02 5.3747664e-06
337 1.00 6.215452150274e-02 5.4765998e-06
341 1.00 7.084620233384e-02 8.2481082e-06
345 1.00 7.263364525908e-02 1.6754659e-05
349 1.00 7.231640124786e-02 6.9997041e-06
353 1.00 7.073569709362e-02 9.9979713e-06
357 1.00 7.253106398424e-02 1.0082743e-05
361 1.00 7.342464708606e-02 2.3124486e-05
365 1.00 7.086796920633e-02 1.1574915e-05
369 1.00 6.771913589289e-02 4.1584516e-06
373 1.00 7.332456200893e-02 1.8444403e-05
377 1.00 6.657861625392e-02 3.3928647e-06
381 1.00 6.840629063706e-02 1.0154696e-05
385 1.00 7.233064653457e-02 1.9453364e-05
389 1.00 7.330233743873e-02 3.2419964e-05
393 1.00 6.712405394985e-02 7.5366754e-06
397 1.00 6.625051018399e-02 7.5334567e-06
401 1.00 7.041499637437e-02 2.0743350e-05
405 1.00 7.234180513946e-02 1.3321409e-05
409 1.00 7.044802303186e-02 5.2151382e-06
413 1.00 6.897815323330e-02 8.0306353e-06
417 1.00 6.037027717657e-02 1.2591957e-05
421 1.00 6.823891534433e-02 2.0492154e-05
425 1.00 7.645568971545e-02 1.3646128e-05
429 1.00 6.851909420832e-02 1.3661400e-05
433 1.00 7.303040104407e-02 8.3282685e-06
437 1.00 6.838223292294e-02 9.6345829e-06
441 1.00 6.973019420359e-02 1.1812445e-05
445 1.00 6.892085210532e-02 6.8919913e-06
449 1.00 7.478057290881e-02 1.0465364e-05
453 1.00 7.059274526795e-02 5.9063928e-06
457 1.00 6.534169914997e-02 1.7563505e-05
461 1.00 6.998060647355e-02 3.4862480e-06
465 1.00 6.704671278045e-02 7.1290949e-06
469 1.00 6.852539161263e-02 1.6367867e-05
473 1.00 6.872363070392e-02 8.6089037e-06
477 1.00 6.934241573157e-02 1.8802854e-05
481 1.00 6.694520832101e-02 1.2067465e-05
485 1.00 6.592575396847e-02 1.6427910e-05
489 1.00 7.012470842143e-02 9.1480348e-06
493 1.00 6.295220434949e-02 9.8401005e-06
497 1.00 7.172493913110e-02 9.5252317e-06
202 -1.00 7.536033660685e-02 3.8784788e-06
206 -1.00 7.898483268191e-02 1.4050876e-06
210 -1.00 7.718270692362e-02 4.7873500e-06
214 -1.00 7.180571117169e-02 1.0510516e-05
218 -1.00 7.856003268637e-02 1.0505284e-05
222 -1.00 7.674470626671e-02 8.7651326e-06
226 -1.00 8.403710640309e-02 5.8080427e-06
230 -1.00 7.582544784845e-02 1.5509948e-05
234 -1.00 7.236618398001e-02 2.4999655e-06
238 -1.00 7.154903999029e-02 8.4669579e-06
242 -1.00 7.287241250033e-02 5.7952757e-06
246 -1.00 7.652731514956e-02 7.3181729e-06
250 -1.00 7.110617819456e-02 1.4433809e-05
254 -1.00 7.326246633563e-02 1.3468363e-05
258 -1.00 7.794029469615e-02 7.5243479e-06
262 -1.00 7.718536840207e-02 1.0088802e-05
266 -1.00 8.056721353268e-02 1.7092556e-05
270 -1.00 7.792937300952e-02 1.0548204e-05
274 -1.00 7.528450053106e-02 8.1281934e-06
278 -1.00 7.269881786550e-02 5.5877982e-06
282 -1.00 7.699277574286e-02 6.4008430e-06
286 -1.00 7.454218124372e-02 5.1103702e-06
290 -1.00 7.535457528702e-02 4.2049055e-06
294 -1.00 7.362300549845e-02 1.3415558e-05
298 -1.00 7.947543961415e-02 1.2996073e-05
302 -1.00 7.046288865887e-02 2.8426675e-06
306 -1.00 7.388950895209e-02 1.0651969e-05
310 -1.00 7.892017720082e-02 1.5090367e-05
314 -1.00 7.578667144693e-02 1.2848637e-05
318 -1.00 7.188169042998e-02 5.6615383e-06
322 -1.00 7.224731886187e-02 6.7292492e-06
326 -1.00 8.348165318042e-02 7.3412991e-06
330 -1.00 7.891362311839e-02 1.1890108e-05
334 -1.00 7.577798596929e-02 6.2360689e-06
338 -1.00 7.706437595565e-02 3.6400964e-06
342 -1.00 7.969389671410e-02 4.5098281e-06
346 -1.00 7.344773951607e-02 5.8954202e-06
350 -1.00 7.524800967719e-02 5.5160490e-06
354 -1.00 7.653354140009e-02 1.2446481e-05
358 -1.00 8.039828509689e-02 1.6495872e-05
362 -1.00 7.761951781468e-02 1.0610084e-05
366 -1.00 7.340397484065e-02 5.7946320e-06
370 -1.00 7.632147539849e-02 9.1180591e-06
374 -1.00 7.596941380032e-02 4.7973347e-06
378 -1.00 8.241417171801e-02 2.6252256e-05
382 -1.00 7.818649027906e-02 7.1388742e-06
386 -1.00 7.906709937482e-02 6.1840060e-06
390 -1.00 8.121074823930e-02 5.4464999e-06
394 -1.00 8.059571871018e-02 7.3206597e-06
398 -1.00 6.897579883843e-02 6.4006540e-06
402 -1.00 7.509400748172e-02 9.7185546e-06
406 -1.00 7.999357155283e-02 1.3065998e-05
410 -1.00 7.060141601877e-02 3.8962253e-06
414 -1.00 7.631903169400e-02 1.6010809e-05
418 -1.00 7.627961403739e-02 9.1993503e-06
422 -1.00 7.591743894566e-02 5.7989590e-06
426 -1.00 7.630144413623e-02 1.3333427e-05
430 -1.00 7.364897299762e-02 3.5318000e-06
434 -1.00 7.194723654616e-02 4.3561682e-06
438 -1.00 7.058979211923e-02 1.5251786e-05
442 -1.00 7.306181440308e-02 9.3790231e-06
446 -1.00 7.328502039609e-02 4.3233411e-06
450 -1.00 7.656594132621e-02 3.7689869e-06
454 -1.00 7.800596371575e-02 1.2316176e-05
458 -1.00 7.455587553798e-02 2.1982820e-06
462 -1.00 7.044887228695e-02 5.9215100e-06
466 -1.00 7.257199810726e-02 1.2373123e-05
470 -1.00 7.951790616603e-02 1.1140324e-05
474 -1.00 8.284660835921e-02 1.4548561e-05
478 -1.00 7.312136913052e-02 1.0194570e-05
482 -1.00 7.119270869156e-02 6.7273313e-06
486 -1.00 8.126851206897e-02 1.0460548e-05
490 -1.00 6.912437261079e-02 1.1918719e-05
494 -1.00 7.638062422739e-02 9.6616206e-06
498 -1.00 7.100794955315e-02 6.9448850e-06
202 -0.75 7.483602958367e-02 1.0873002e-05
206 -0.75 7.697022997907e-02 1.2234729e-05
210 -0.75 7.855896681742e-02 4.8701226e-06
214 -0.75 7.277815919106e-02 4.5257167e-06
218 -0.75 7.578403596090e-02 6.8400851e-06
222 -0.75 7.698943690821e-02 6.3047387e-06
226 -0.75 8.157654344836e-02 3.2387995e-06
230 -0.75 7.151893786597e-02 9.7153631e-06
234 -0.75 7.115059005313e-02 7.5208736e-06
238 -0.75 7.168520354682e-02 5.1285415e-06
242 -0.75 7.213109690009e-02 6.4709673e-06
246 -0.75 7.759289153538e-02 8.4131721e-06
250 -0.75 7.101534756374e-02 7.2788371e-06
254 -0.75 7.340563638189e-02 5.3050815e-06
258 -0.75 7.540023343513e-02 5.4930947e-06
262 -0.75 7.934271468783e-02 3.9325989e-06
266 -0.75 8.159017507625e-02 9.8569311e-06
270 -0.75 7.681799185623e-02 5.2218474e-06
274 -0.75 7.856159731020e-02 4.0418908e-06
278 -0.75 7.023087861110e-02 1.0329688e-05
282 -0.75 7.500664175052e-02 7.3057216e-06
286 -0.75 7.457656905817e-02 4.1697776e-06
290 -0.75 7.467355275339e-02 2.7270856e-06
294 -0.75 7.387151318075e-02 1.2601155e-05
298 -0.75 7.860423607884e-02 7.1397563e-06
302 -0.75 7.237028813502e-02 9.7235836e-06
306 -0.75 7.440582451630e-02 3.3939655e-06
310 -0.75 7.796156006619e-02 1.1581733e-05
314 -0.75 7.531132851418e-02 5.1566103e-06
318 -0.75 7.139973938047e-02 1.2222538e-05
322 -0.75 7.235144846205e-02 1.4219489e-05
326 -0.75 8.238887617030e-02 7.5067743e-06
330 -0.75 7.753069025405e-02 1.7506043e-05
334 -0.75 7.413761406116e-02 5.7555068e-06
338 -0.75 7.568575452908e-02 6.4615751e-06
342 -0.75 7.966325518414e-02 1.0576395e-05
346 -0.75 7.110684457102e-02 5.2895228e-06
350 -0.75 7.497322601574e-02 5.7524623e-06
354 -0.75 7.558027517027e-02 6.0823481e-06
358 -0.75 7.733003731602e-02 6.5250122e-06
362 -0.75 7.702639288413e-02 6.7480888e-06
366 -0.75 7.413226176410e-02 1.3653347e-05
370 -0.75 7.520407852940e-02 2.9820682e-06
374 -0.75 7.676320312489e-02 1.9548922e-05
378 -0.75 7.882340260510e-02 4.2052804e-06
382 -0.75 7.751222965691e-02 3.5008849e-06
386 -0.75 7.995245251510e-02 1.1722745e-05
390 -0.75 7.977099421660e-02 6.1419795e-06
394 -0.75 7.954654766054e-02 1.2479626e-05
398 -0.75 6.871654480673e-02 1.4008015e-05
402 -0.75 7.503159098395e-02 8.2246363e-06
406 -0.75 7.706738563566e-02 8.8454280e-06
410 -0.75 7.000357906818e-02 1.8679794e-06
414 -0.75 7.423927204237e-02 4.6370994e-06
418 -0.75 7.527053714987e-02 7.1633762e-06
422 -0.75 7.687624707386e-02 7.2259558e-06
426 -0.75 7.456180663588e-02 6.4523112e-06
430 -0.75 7.164905407440e-02 6.7458046e-06
434 -0.75 7.075142726713e-02 7.3999160e-06
438 -0.75 7.056768123667e-02 4.1244669e-06
442 -0.75 7.275783713428e-02 3.8614965e-06
446 -0.75 7.249177872277e-02 1.3766871e-05
450 -0.75 7.745433444183e-02 8.1295932e-06
454 -0.75 7.824642911010e-02 1.8009752e-05
458 -0.75 7.505063267009e-02 1.5214298e-05
462 -0.75 7.077643864590e-02 1.0007064e-05
466 -0.75 7.039402297244e-02 8.6487882e-06
470 -0.75 7.877603506321e-02 8.8773093e-06
474 -0.75 8.338112962785e-02 9.6210005e-06
478 -0.75 7.313374224038e-02 7.5722641e-06
482 -0.75 7.066299145727e-02 7.9435610e-06
486 -0.75 7.822701983708e-02 7.1420021e-06
490 -0.75 7.056653364937e-02 1.4002403e-05
494 -0.75 7.588094099707e-02 2.0691682e-05
498 -0.75 6.990964935201e-02 8.0737997e-06
202 -0.50 7.465850081984e-02 6.8767976e-06
206 -0.50 7.617152881014e-02 6.3826264e-06
210 -0.50 7.631909880941e-02 8.7749019e-06
214 -0.50 7.083018501111e-02 5.5841429e-06
218 -0.50 7.473846816796e-02 6.3804960e-06
222 -0.50 7.534512040490e-02 8.2706794e-06
226 -0.50 8.160479239047e-02 1.2513809e-05
230 -0.50 7.262593236077e-02 7.6765789e-06
234 -0.50 7.084682915082e-02 8.8042334e-06
238 -0.50 7.096217228757e-02 1.3971186e-05
242 -0.50 7.053874514154e-02 6.8870081e-06
246 -0.50 7.578874836898e-02 1.1139332e-05
250 -0.50 6.858070830685e-02 4.3517956e-06
254 -0.50 7.206781711778e-02 1.2147854e-05
258 -0.50 7.481744104307e-02 5.9392611e-06
262 -0.50 7.836625892050e-02 1.3959453e-05
266 -0.50 7.840178234202e-02 5.3972764e-06
270 -0.50 7.661696477508e-02 5.9554672e-06
274 -0.50 7.568207293394e-02 8.8411351e-06
278 -0.50 6.997492622678e-02 4.2525230e-06
282 -0.50 7.443061553901e-02 7.7655602e-06
286 -0.50 7.003755984931e-02 7.9433295e-06
290 -0.50 7.176779112042e-02 1.0515003e-05
294 -0.50 7.162356629408e-02 3.6758953e-06
298 -0.50 7.737487019464e-02 1.1406774e-05
302 -0.50 7.181886876373e-02 5.2420054e-06
306 -0.50 7.433610280261e-02 4.8389889e-06
310 -0.50 7.637426764043e-02 2.3322312e-06
314 -0.50 7.279580141265e-02 5.6822498e-06
318 -0.50 7.155095877670e-02 8.0005040e-06
322 -0.50 7.183395123360e-02 8.0920424e-06
326 -0.50 7.950767288559e-02 8.9671773e-06
330 -0.50 7.659088144297e-02 1.4719776e-05
334 -0.50 7.378740986067e-02 4.4679601e-06
338 -0.50 7.417525773404e-02 7.4485565e-06
342 -0.50 7.798879379810e-02 9.3704175e-06
346 -0.50 7.043777812965e-02 7.0632869e-06
350 -0.50 7.381088229441e-02 4.3365263e-06
354 -0.50 7.584932238808e-02 1.7050247e-05
358 -0.50 7.786862505201e-02 1.6502452e-05
362 -0.50 7.668599198203e-02 1.0755055e-05
366 -0.50 7.286351929744e-02 4.6651406e-06
370 -0.50 7.624405231202e-02 1.3598650e-05
374 -0.50 7.619968650544e-02 5.8100476e-06
378 -0.50 8.039364521070e-02 1.1895704e-05
382 -0.50 7.695839907919e-02 6.3807278e-06
386 -0.50 7.869979715111e-02 1.4462739e-05
390 -0.50 7.840955648642e-02 1.2515597e-05
394 -0.50 7.826836488062e-02 6.7151803e-06
398 -0.50 6.900514229254e-02 7.0400587e-06
402 -0.50 7.402063794341e-02 3.9931302e-06
406 -0.50 7.700791001372e-02 1.0531006e-05
410 -0.50 6.901269460183e-02 8.9088401e-06
414 -0.50 7.345376407461e-02 5.1347634e-06
418 -0.50 7.273103973404e-02 8.7098406e-06
422 -0.50 7.248536701462e-02 1.1213336e-05
426 -0.50 7.492802289155e-02 7.0266264e-06
430 -0.50 7.029549301507e-02 5.9691319e-06
434 -0.50 7.000533190930e-02 8.1340655e-06
438 -0.50 6.877187358098e-02 7.0035404e-06
442 -0.50 7.123164893659e-02 2.0575832e-06
446 -0.50 7.246695507513e-02 5.0098745e-06
450 -0.50 7.532794432787e-02 6.4800836e-06
454 -0.50 7.516879636785e-02 1.0231767e-05
458 -0.50 7.349152188941e-02 6.4012079e-06
462 -0.50 6.841669871490e-02 1.4612445e-05
466 -0.50 7.035182102608e-02 7.4628037e-06
470 -0.50 7.729078858750e-02 1.0919015e-05
474 -0.50 8.313090672011e-02 9.0096484e-06
478 -0.50 7.138898821905e-02 1.3071737e-05
482 -0.50 6.962741383204e-02 3.7632069e-06
486 -0.50 7.457765677298e-02 8.6070306e-06
490 -0.50 7.013060638831e-02 2.8523278e-06
494 -0.50 7.441860391507e-02 7.4506723e-06
498 -0.50 6.964517135912e-02 5.5181128e-06
202 -0.25 7.296341855582e-02 1.3296097e-05
206 -0.25 7.477355212754e-02 4.4592726e-06
210 -0.25 7.487736475228e-02 1.7559161e-06
214 -0.25 7.308686457348e-02 1.1000243e-05
218 -0.25 7.284791758550e-02 6.4927422e-06
222 -0.25 7.370058124555e-02 8.1010768e-06
226 -0.25 8.051997268605e-02 3.6014120e-06
230 -0.25 7.109018565309e-02 6.6086233e-06
234 -0.25 6.911692866965e-02 1.6082900e-05
238 -0.25 6.920363071473e-02 2.3919422e-06
242 -0.25 7.225375669292e-02 9.0113264e-06
246 -0.25 7.440614619112e-02 1.5704957e-05
250 -0.25 6.924761265862e-02 7.7945714e-06
254 -0.25 7.413896874687e-02 1.6077309e-05
258 -0.25 7.548188671746e-02 8.2137876e-06
262 -0.25 7.665573025040e-02 1.3044876e-05
266 -0.25 7.849662817673e-02 1.0016284e-05
270 -0.25 7.440558745796e-02 1.8763652e-05
274 -0.25 7.370127872644e-02 5.5174488e-06
278 -0.25 6.917961351081e-02 7.2165914e-06
282 -0.25 7.312498294790e-02 8.6951541e-06
286 -0.25 7.327527002179e-02 8.8117980e-06
290 -0.25 7.118113224614e-02 1.1822688e-05
294 -0.25 7.194964314643e-02 1.9492685e-05
298 -0.25 7.635032121950e-02 8.6946316e-06
302 -0.25 7.026239232226e-02 4.8907490e-06
306 -0.25 7.113260035876e-02 1.0726727e-05
310 -0.25 7.430242166432e-02 9.0910223e-06
314 -0.25 7.480493069781e-02 2.5780371e-06
318 -0.25 7.113738729558e-02 4.8592614e-06
322 -0.25 6.985849506657e-02 9.7571465e-06
326 -0.25 7.928569551336e-02 9.2586168e-06
330 -0.25 7.604581148933e-02 5.6679564e-06
334 -0.25 7.212075816204e-02 1.0777876e-05
338 -0.25 7.360615022791e-02 1.1856755e-05
342 -0.25 7.790639114758e-02 1.9001486e-05
346 -0.25 7.030314191932e-02 8.2360236e-06
350 -0.25 7.161145878295e-02 9.7223852e-07
354 -0.25 7.486943209830e-02 1.3476662e-05
358 -0.25 7.426131711023e-02 1.0533693e-05
362 -0.25 7.659100943938e-02 1.3557554e-05
366 -0.25 7.287528229501e-02 1.0660935e-05
370 -0.25 7.505361797897e-02 8.8204144e-06
374 -0.25 7.378824334756e-02 2.7651807e-06
378 -0.25 7.781183234440e-02 1.5472505e-05
382 -0.25 7.652152652538e-02 6.4050325e-06
386 -0.25 7.791441303525e-02 7.0337125e-06
390 -0.25 7.894279660360e-02 8.7021226e-06
394 -0.25 7.750858941366e-02 1.2379700e-05
398 -0.25 6.540951347129e-02 5.7833821e-06
402 -0.25 7.137062854633e-02 7.4396112e-06
406 -0.25 7.582845743816e-02 1.3548792e-05
410 -0.25 7.000908824335e-02 8.7941047e-06
414 -0.25 7.299427390604e-02 2.6304553e-06
418 -0.25 7.130864339223e-02 6.3411097e-06
422 -0.25 7.175958061758e-02 8.9995379e-06
426 -0.25 7.561635044374e-02 6.4649038e-06
430 -0.25 6.929019237431e-02 8.1818135e-06
434 -0.25 7.112928822940e-02 1.6584243e-05
438 -0.25 6.866879627883e-02 1.9086004e-05
442 -0.25 6.984386395099e-02 9.1217086e-06
446 -0.25 7.062947592881e-02 6.7416327e-06
450 -0.25 7.292570830839e-02 4.7411352e-06
454 -0.25 7.421470980789e-02 1.1909236e-05
458 -0.25 7.237640218568e-02 2.0086004e-05
462 -0.25 6.928515855241e-02 1.7348254e-05
466 -0.25 6.746845183913e-02 9.0667004e-06
470 -0.25 7.844640602543e-02 1.0851277e-05
474 -0.25 7.906668949419e-02 1.1460454e-05
478 -0.25 7.173768485773e-02 1.0239505e-05
482 -0.25 6.941852196200e-02 1.1520219e-05
486 -0.25 7.637510718948e-02 9.0233345e-06
490 -0.25 6.847318055560e-02 6.5388628e-06
494 -0.25 7.263988406661e-02 7.6390189e-06
498 -0.25 6.855322910563e-02 6.8257036e-06
202 0.00 7.139979553011e-02 3.0102849e-06
206 0.00 7.418521207553e-02 8.5717398e-06
210 0.00 7.506219960044e-02 4.4018829e-06
214 0.00 7.242292132190e-02 9.7246449e-06
218 0.00 7.387599357081e-02 1.1251532e-05
222 0.00 7.340653351150e-02 8.4320083e-06
226 0.00 7.933459248337e-02 7.3115843e-06
230 0.00 7.386127165673e-02 1.3104055e-05
234 0.00 7.060464822758e-02 5.4023353e-06
238 0.00 6.895623370817e-02 1.0809948e-05
242 0.00 7.073114302133e-02 6.0405850e-06
246 0.00 7.330882325936e-02 4.3012078e-06
250 0.00 7.055532380328e-02 5.6166400e-06
254 0.00 7.244657166871e-02 3.0389179e-06
258 0.00 7.426394637355e-02 7.9521109e-06
262 0.00 7.701034209760e-02 8.2886184e-06
266 0.00 7.599043163462e-02 2.5646907e-06
270 0.00 7.548963142691e-02 7.4892084e-06
274 0.00 7.328950532118e-02 1.4210093e-05
278 0.00 7.087247066505e-02 7.0415597e-06
282 0.00 7.266122016729e-02 1.5685342e-05
286 0.00 7.162349497292e-02 1.0098394e-05
290 0.00 7.135603368169e-02 8.5749346e-06
294 0.00 6.815439046489e-02 1.0370670e-05
298 0.00 7.323802735506e-02 4.7515492e-06
302 0.00 7.017800391993e-02 7.2691170e-06
306 0.00 7.017392219898e-02 4.6234715e-06
310 0.00 7.419835800617e-02 7.3750455e-06
314 0.00 7.241261808638e-02 1.3058030e-05
318 0.00 6.967405063143e-02 1.1420548e-06
322 0.00 7.173304228734e-02 5.5576668e-06
326 0.00 7.832391635102e-02 1.3411995e-05
330 0.00 7.763117812293e-02 1.5865684e-05
334 0.00 7.264252162511e-02 1.1091463e-05
338 0.00 7.197201423277e-02 1.2597995e-05
342 0.00 7.849193971547e-02 5.2634497e-06
346 0.00 7.116839911125e-02 7.6899109e-06
350 0.00 7.152637798075e-02 1.2680963e-05
354 0.00 7.226141046743e-02 1.2078828e-05
358 0.00 7.455664652400e-02 1.3569579e-05
362 0.00 7.508139276758e-02 1.0672239e-05
366 0.00 7.034210569016e-02 7.3125145e-06
370 0.00 7.418045512924e-02 8.6611483e-06
374 0.00 7.371714412817e-02 1.5495139e-05
378 0.00 7.602162759878e-02 5.6408786e-06
382 0.00 7.664631906376e-02 9.6306671e-06
386 0.00 7.748585388377e-02 3.0132394e-05
390 0.00 7.752659872815e-02 7.1096456e-06
394 0.00 7.804672694294e-02 8.4574094e-06
398 0.00 6.764828428165e-02 5.5036686e-06
402 0.00 7.186880855498e-02 1.2797954e-05
406 0.00 7.576781722210e-02 1.4431393e-05
410 0.00 6.778743229536e-02 9.1205892e-06
414 0.00 7.031191283931e-02 5.2406865e-06
418 0.00 7.244874364984e-02 6.3175293e-06
422 0.00 7.147543633354e-02 1.3520683e-05
426 0.00 7.459688674092e-02 5.8291854e-06
430 0.00 7.176401148226e-02 5.6135268e-06
434 0.00 6.797458891042e-02 4.2635079e-06
438 0.00 6.795802850349e-02 8.4702967e-06
442 0.00 7.046720838199e-02 2.5522116e-05
446 0.00 6.966064476165e-02 1.0040908e-05
450 0.00 7.170075994202e-02 3.9248806e-06
454 0.00 7.257723375588e-02 4.3322509e-06
458 0.00 7.358921658744e-02 1.2256915e-05
462 0.00 6.767555878921e-02 4.5717507e-06
466 0.00 6.747663211459e-02 8.5863682e-06
470 0.00 7.579601753753e-02 1.5650531e-05
474 0.00 7.897836087886e-02 8.0651483e-06
478 0.00 7.135920289808e-02 1.3489184e-05
482 0.00 6.883980430358e-02 1.3247298e-05
486 0.00 7.627216788670e-02 1.7663628e-05
490 0.00 6.646511267491e-02 5.4908459e-06
494 0.00 7.102912727634e-02 5.8326009e-06
498 0.00 7.019503696489e-02 3.4621868e-06
202 0.25 6.863159776418e-02 5.1752171e-06
206 0.25 7.200660263004e-02 1.1529590e-05
210 0.25 7.333876130831e-02 1.6047092e-05
214 0.25 7.260511249160e-02 9.8285945e-06
218 0.25 7.292275126048e-02 7.6638958e-06
222 0.25 7.303073652401e-02 7.8341455e-06
226 0.25 7.777313416694e-02 6.3497313e-06
230 0.25 7.194574739016e-02 9.5230647e-06
234 0.25 6.857995498099e-02 8.8097366e-06
238 0.25 6.901380557243e-02 1.1500164e-05
242 0.25 6.706442544291e-02 2.0442339e-06
246 0.25 7.275889310613e-02 8.0028782e-06
250 0.25 6.905611706329e-02 5.6132936e-06
254 0.25 7.209498277789e-02 9.7395133e-06
258 0.25 7.229643209932e-02 1.4729699e-05
262 0.25 7.510885117177e-02 1.2842421e-05
266 0.25 7.650667544223e-02 1.2052024e-05
270 0.25 7.463654338478e-02 1.8201305e-05
274 0.25 7.430153375938e-02 2.1746777e-05
278 0.25 6.754976542211e-02 5.1587672e-06
282 0.25 7.159947508000e-02 1.8047994e-05
286 0.25 7.083175797212e-02 4.2257959e-06
290 0.25 6.939567981602e-02 7.4872547e-06
294 0.25 6.861193125912e-02 4.4252758e-06
298 0.25 7.401765967453e-02 6.0466473e-06
302 0.25 6.903633547443e-02 2.3141487e-05
306 0.25 7.163802208775e-02 5.6567099e-06
310 0.25 7.416687432142e-02 5.1953948e-06
314 0.25 7.317826625825e-02 1.3645511e-05
318 0.25 7.028164357162e-02 1.6472768e-05
322 0.25 6.991049786380e-02 1.2305910e-05
326 0.25 7.868934479448e-02 4.2538590e-06
330 0.25 7.506349905831e-02 9.2698459e-06
334 0.25 7.315884486820e-02 8.1121165e-06
338 0.25 7.230293219898e-02 5.0321243e-06
342 0.25 7.608882051217e-02 5.6257692e-06
346 0.25 7.036861382197e-02 1.7872668e-05
350 0.25 7.156938919769e-02 7.9011265e-06
354 0.25 7.084657384582e-02 1.0451557e-05
358 0.25 7.428565724740e-02 1.7692196e-05
362 0.25 7.571447017683e-02 1.5279110e-05
366 0.25 7.008384521156e-02 8.5748474e-06
370 0.25 7.441738599947e-02 1.6727346e-05
374 0.25 7.232517309258e-02 8.3735599e-06
378 0.25 7.645330811317e-02 1.1109519e-05
382 0.25 7.443990895704e-02 1.2838434e-05
386 0.25 7.568567259332e-02 1.0818774e-05
390 0.25 7.576496545325e-02 8.6738726e-06
394 0.25 7.487418690626e-02 8.1938656e-06
398 0.25 6.821730408431e-02 5.7279748e-06
402 0.25 7.229855472399e-02 1.6188120e-05
406 0.25 7.437720960286e-02 4.8130293e-06
410 0.25 6.856865348671e-02 2.5851459e-06
414 0.25 7.037132618692e-02 7.3788701e-06
418 0.25 7.149811019426e-02 1.3973329e-05
422 0.25 6.959104273264e-02 6.3228883e-06
426 0.25 7.425645346715e-02 1.7354600e-05
430 0.25 6.661232098030e-02 1.0733678e-05
434 0.25 6.903509517508e-02 1.3431569e-05
438 0.25 6.684766121308e-02 9.9572627e-06
442 0.25 6.780113874573e-02 6.6858089e-06
446 0.25 6.915361739369e-02 7.8277434e-06
450 0.25 7.326384343981e-02 1.0627074e-05
454 0.25 7.332709327829e-02 2.3265972e-06
458 0.25 7.120853245950e-02 1.5145599e-05
462 0.25 6.648196850855e-02 5.5204632e-06
466 0.25 6.766170184835e-02 8.4603018e-06
470 0.25 7.526644071090e-02 1.1244347e-05
474 0.25 7.681352726993e-02 1.8609636e-05
478 0.25 6.876086260922e-02 9.4406162e-06
482 0.25 6.946386220503e-02 9.2451871e-06
486 0.25 7.402954283778e-02 1.3056224e-05
490 0.25 6.656126797575e-02 5.1168013e-06
494 0.25 7.039788293802e-02 5.2973200e-06
498 0.25 6.736605407916e-02 6.6295313e-06
202 0.50 6.832645234165e-02 5.8629238e-06
206 0.50 7.252190387065e-02 1.0455922e-05
210 0.50 7.651001990397e-02 6.3249549e-06
214 0.50 7.219250638828e-02 1.2789188e-05
218 0.50 7.316945712806e-02 3.3669676e-06
222 0.50 7.078325250917e-02 9.6940088e-06
226 0.50 7.837891785590e-02 6.8326902e-06
230 0.50 7.127085363135e-02 8.3980534e-06
234 0.50 6.998683670485e-02 3.5820105e-05
238 0.50 6.973737233666e-02 6.1510510e-06
242 0.50 6.912499511237e-02 1.0119041e-05
246 0.50 7.116227296249e-02 8.7964811e-06
250 0.50 6.891370875403e-02 1.5550756e-05
254 0.50 7.229334443843e-02 1.1053613e-05
258 0.50 7.260510318152e-02 1.4305411e-05
262 0.50 7.444770948476e-02 7.1756216e-06
266 0.50 7.284527596228e-02 1.4935336e-05
270 0.50 7.407755569874e-02 5.0978863e-06
274 0.50 7.120192712223e-02 9.2503560e-06
278 0.50 6.857488326391e-02 2.6775959e-05
282 0.50 7.251330168002e-02 5.1190363e-06
286 0.50 6.896998311636e-02 1.5075478e-05
290 0.50 7.090412090715e-02 8.6318629e-06
294 0.50 6.688748633072e-02 4.3433815e-06
298 0.50 7.296095152098e-02 9.2084727e-06
302 0.50 6.950411987077e-02 1.9237406e-06
306 0.50 6.905902671234e-02 8.3211927e-06
310 0.50 7.347634088201e-02 8.4339788e-06
314 0.50 6.962689748046e-02 6.4653151e-06
318 0.50 7.020969052374e-02 1.6176159e-05
322 0.50 6.886207852250e-02 1.6028877e-05
326 0.50 7.563548679591e-02 1.4583608e-05
330 0.50 7.247021624288e-02 5.9592625e-06
334 0.50 7.085747092256e-02 1.6596968e-05
338 0.50 6.948584620630e-02 4.9905789e-06
342 0.50 7.621452925233e-02 1.4113504e-05
346 0.50 6.970906470376e-02 1.3087035e-05
350 0.50 7.241223241212e-02 1.4932640e-05
354 0.50 6.877293646192e-02 8.7422744e-06
358 0.50 7.433988213715e-02 2.0812510e-05
362 0.50 7.678584000578e-02 1.1299339e-05
366 0.50 6.898598729078e-02 1.0965690e-05
370 0.50 7.120858528297e-02 6.3540326e-06
374 0.50 7.408989350494e-02 1.6896353e-05
378 0.50 7.603039500219e-02 1.5706471e-05
382 0.50 7.183849939391e-02 1.1583252e-05
386 0.50 7.639903114907e-02 7.2314519e-06
390 0.50 7.684751768337e-02 1.1407529e-05
394 0.50 7.460558659291e-02 1.0565142e-05
398 0.50 6.684064471963e-02 7.6238715e-06
402 0.50 7.204777356849e-02 1.0383814e-05
406 0.50 7.398046511494e-02 7.5872978e-06
410 0.50 6.721174161798e-02 7.1019593e-06
414 0.50 7.219736728328e-02 1.5818673e-05
418 0.50 7.087921746698e-02 5.0807915e-06
422 0.50 6.974792419308e-02 2.1776487e-05
426 0.50 7.169391868071e-02 9.4596541e-06
430 0.50 6.818731735616e-02 4.6467134e-06
434 0.50 6.857296747241e-02 1.3100142e-05
438 0.50 6.830053987860e-02 9.6982276e-06
442 0.50 6.819173807229e-02 7.3920414e-06
446 0.50 6.815640079314e-02 1.0382563e-05
450 0.50 7.299622521461e-02 1.3200730e-05
454 0.50 7.247016796505e-02 1.4938091e-05
458 0.50 6.879184745607e-02 1.9745855e-05
462 0.50 6.521840648016e-02 5.2166784e-06
466 0.50 6.599468477407e-02 5.9305391e-06
470 0.50 7.491640682501e-02 1.4211433e-05
474 0.50 7.876239256591e-02 2.8092746e-05
478 0.50 7.020542246428e-02 3.1658012e-05
482 0.50 6.912096132709e-02 4.8931833e-06
486 0.50 7.402746142867e-02 7.5112444e-06
490 0.50 6.599923266893e-02 1.0547494e-05
494 0.50 7.144103189407e-02 2.0559532e-05
498 0.50 6.876065213045e-02 7.4771720e-06
202 0.75 6.843171365044e-02 7.3823370e-06
206 0.75 7.100304039391e-02 1.7945205e-05
210 0.75 7.442127110107e-02 2.7573771e-05
214 0.75 6.983116674252e-02 6.5647681e-06
218 0.75 7.283952427869e-02 6.5449839e-06
222 0.75 7.224145324584e-02 2.3875008e-05
226 0.75 7.610817613394e-02 9.8328573e-06
230 0.75 6.996281193183e-02 1.0514440e-05
234 0.75 6.822368350353e-02 1.0657743e-05
238 0.75 6.881870861539e-02 1.6687132e-05
242 0.75 6.702544139915e-02 8.8964900e-06
246 0.75 7.133704568577e-02 1.2069369e-05
250 0.75 6.816006611850e-02 1.2643159e-05
254 0.75 7.032217050448e-02 1.5579504e-05
258 0.75 7.201676098674e-02 1.1660249e-05
262 0.75 7.235545805264e-02 1.1625183e-05
266 0.75 7.262484778449e-02 9.6264948e-06
270 0.75 7.212312900750e-02 9.7233496e-06
274 0.75 7.210893713866e-02 4.2700158e-06
278 0.75 6.814930410066e-02 1.7350421e-05
282 0.75 7.370662514494e-02 1.0056178e-05
286 0.75 6.846411684079e-02 1.6782288e-05
290 0.75 6.802813440206e-02 1.0222092e-05
294 0.75 6.451137488364e-02 1.0558052e-05
298 0.75 7.222491365395e-02 4.8242602e-06
302 0.75 6.574255851487e-02 1.0912889e-05
306 0.75 6.982567928622e-02 7.8967344e-06
310 0.75 7.210252681334e-02 1.6860191e-05
314 0.75 6.964413823507e-02 1.0727304e-05
318 0.75 6.845353546773e-02 1.3637781e-05
322 0.75 7.013622955002e-02 2.3294779e-05
326 0.75 7.530609290889e-02 1.4171747e-05
330 0.75 7.301697299864e-02 9.0741782e-06
334 0.75 7.138297712987e-02 1.5716146e-05
338 0.75 6.976955282063e-02 9.7232281e-06
342 0.75 7.263473141367e-02 1.3751717e-05
346 0.75 7.053423683501e-02 8.0215391e-06
350 0.75 6.972998452023e-02 8.7675932e-06
354 0.75 6.973341943272e-02 1.4950052e-05
358 0.75 7.274388092984e-02 1.3175909e-05
362 0.75 7.182982565014e-02 6.1453392e-06
366 0.75 6.672510300028e-02 8.3457649e-06
370 0.75 7.381349367531e-02 7.5312833e-06
374 0.75 7.122837436019e-02 4.6657885e-06
378 0.75 7.419874092325e-02 1.3492919e-05
382 0.75 7.500975311369e-02 8.1885230e-06
386 0.75 7.562424678257e-02 7.6626828e-06
390 0.75 7.199126961105e-02 7.2959993e-06
394 0.75 7.504959098112e-02 2.6605190e-05
398 0.75 6.811961008712e-02 1.3482439e-05
402 0.75 7.183022164771e-02 2.3467300e-05
406 0.75 7.137423955971e-02 1.0670374e-05
410 0.75 6.677700279876e-02 1.4754162e-05
414 0.75 6.956390057799e-02 5.7251710e-06
418 0.75 7.128323594781e-02 2.2994850e-05
422 0.75 6.884657767144e-02 7.0641615e-06
426 0.75 7.223429645223e-02 2.8373657e-06
430 0.75 6.672913070041e-02 8.9828901e-06
434 0.75 6.921789788036e-02 5.7000712e-06
438 0.75 6.539242163482e-02 8.7741040e-06
442 0.75 6.959841908143e-02 9.4196523e-06
446 0.75 6.881564466460e-02 9.1255261e-06
450 0.75 7.270307180378e-02 5.6340603e-06
454 0.75 7.310082458432e-02 1.9173120e-05
458 0.75 6.710044701056e-02 1.1949626e-05
462 0.75 6.490490655917e-02 6.9304943e-06
466 0.75 6.837490953025e-02 3.1041147e-06
470 0.75 7.323154624324e-02 1.2194005e-05
474 0.75 7.677587402078e-02 1.0088390e-05
478 0.75 7.022626842244e-02 1.2757730e-05
482 0.75 6.760344303408e-02 2.4712827e-05
486 0.75 7.253204408990e-02 8.2551470e-06
490 0.75 6.508576237652e-02 1.3477581e-05
494 0.75 6.772006671040e-02 8.4220434e-06
498 0.75 7.013742859767e-02 2.3042135e-05
202 1.00 6.779558427857e-02 6.8287510e-06
206 1.00 6.780706925889e-02 8.1062045e-06
210 1.00 7.753093129292e-02 1.5302181e-05
214 1.00 7.097597771750e-02 1.4452128e-05
218 1.00 7.020504282644e-02 1.0236327e-05
222 1.00 6.988621537192e-02 1.2430233e-05
226 1.00 7.649553337277e-02 3.2177351e-06
230 1.00 6.841232595079e-02 1.0030183e-05
234 1.00 6.809266999169e-02 8.5333133e-06
238 1.00 6.776855177346e-02 1.6778134e-05
242 1.00 6.669435607644e-02 9.5902590e-06
246 1.00 6.918469178273e-02 1.3983837e-05
250 1.00 6.551832030789e-02 1.6363805e-05
254 1.00 7.125745904065e-02 6.2286060e-06
258 1.00 7.136041489283e-02 1.7866811e-05
262 1.00 7.141257398029e-02 1.1758456e-05
266 1.00 7.254099017991e-02 1.2250290e-05
270 1.00 7.086808134840e-02 1.6589380e-05
274 1.00 7.048297265377e-02 5.1379055e-06
278 1.00 6.778282227699e-02 1.2003661e-05
282 1.00 7.136126726500e-02 1.4361573e-05
286 1.00 6.901428530080e-02 2.2432727e-05
290 1.00 6.801176519373e-02 1.5854790e-05
294 1.00 6.474964217515e-02 1.0245110e-05
298 1.00 7.436789620764e-02 1.5042078e-05
302 1.00 6.887594975801e-02 1.9168364e-05
306 1.00 6.903721320286e-02 6.3426081e-06
310 1.00 7.190321210473e-02 7.2827979e-06
314 1.00 6.955891042389e-02 2.5276934e-05
318 1.00 6.905135589177e-02 1.5243432e-05
322 1.00 6.868965346420e-02 5.6405850e-06
326 1.00 7.457693040998e-02 1.4074058e-05
330 1.00 7.424119661555e-02 1.0821866e-05
334 1.00 7.046645288045e-02 6.7691675e-06
338 1.00 6.597840750264e-02 4.8054469e-06
342 1.00 7.605258907576e-02 1.8555388e-05
346 1.00 6.808058081389e-02 1.1935763e-05
350 1.00 7.026995494304e-02 2.5194053e-06
354 1.00 7.066024213930e-02 1.7939338e-05
358 1.00 7.209492517851e-02 7.6923711e-06
362 1.00 7.329850109285e-02 1.3713676e-05
366 1.00 6.863331617239e-02 1.3107910e-05
370 1.00 7.113526541310e-02 1.5615661e-05
374 1.00 7.181264576939e-02 1.3638592e-05
378 1.00 7.230102792963e-02 4.0515087e-06
382 1.00 7.187079313551e-02 1.3734812e-05
386 1.00 7.506340541166e-02 6.5399055e-06
390 1.00 7.125813885417e-02 6.3547995e-06
394 1.00 7.481675925211e-02 1.0879455e-05
398 1.00 6.585952601219e-02 1.3445709e-05
402 1.00 6.910923798879e-02 5.8871406e-06
406 1.00 6.991686207592e-02 1.2640881e-05
410 1.00 6.558268676231e-02 1.0317395e-05
414 1.00 6.972865732998e-02 1.4306797e-05
418 1.00 6.987340018837e-02 4.4743354e-06
422 1.00 6.772316153646e-02 4.1949750e-06
426 1.00 7.079407513810e-02 1.9257872e-05
430 1.00 6.588548402232e-02 5.3373109e-06
434 1.00 6.701955932424e-02 8.8393611e-06
438 1.00 6.549671734142e-02 1.1451676e-05
442 1.00 6.944051620444e-02 9.3900435e-06
446 1.00 6.772483231823e-02 1.1722624e-05
450 1.00 7.083046691670e-02 9.4601990e-06
454 1.00 7.461063713477e-02 2.0546253e-05
458 1.00 6.666092407970e-02 9.4831846e-06
462 1.00 6.494549950170e-02 7.6681568e-06
466 1.00 6.749795521771e-02 8.0718000e-06
470 1.00 7.144490434006e-02 7.9833597e-06
474 1.00 7.412292417487e-02 1.9728997e-05
478 1.00 6.914108129782e-02 1.1717047e-05
482 1.00 6.675888242565e-02 9.2706499e-06
486 1.00 6.981448089509e-02 1.8977686e-05
490 1.00 6.505691315459e-02 8.3728423e-06
494 1.00 6.793909716708e-02 8.5723806e-06
498 1.00 6.938941306161e-02 2.2669853e-06
203 -1.00 7.198060004253e-02 7.7344963e-06
207 -1.00 7.572557890198e-02 1.1468870e-05
211 -1.00 7.583872927729e-02 1.9193608e-05
215 -1.00 7.833934264085e-02 6.9504701e-06
219 -1.00 7.271843630190e-02 4.4617724e-06
223 -1.00 7.297207691486e-02 8.9200086e-06
227 -1.00 8.487472927913e-02 9.1635318e-06
231 -1.00 7.409634379996e-02 5.0684003e-06
235 -1.00 6.996799865769e-02 1.3211419e-05
239 -1.00 7.543596883282e-02 3.8596504e-06
243 -1.00 7.628392364583e-02 6.7973000e-06
247 -1.00 7.534386036002e-02 5.4988723e-06
251 -1.00 8.406188673148e-02 7.2639644e-06
255 -1.00 7.374487095159e-02 8.0130852e-06
259 -1.00 7.545682493415e-02 5.8888951e-06
263 -1.00 7.221160920260e-02 9.4864270e-06
267 -1.00 7.492610737098e-02 1.4144946e-05
271 -1.00 7.574078524315e-02 5.9003621e-06
275 -1.00 7.673152523906e-02 1.4767317e-05
279 -1.00 7.581546474593e-02 1.5871403e-05
283 -1.00 7.820508745342e-02 9.9754111e-06
287 -1.00 7.859205712562e-02 7.0420172e-06
291 -1.00 7.820692416440e-02 9.6955480e-06
295 -1.00 7.614564805327e-02 1.0688080e-05
299 -1.00 7.275988376716e-02 1.7311438e-05
303 -1.00 7.537476759215e-02 5.6185695e-06
307 -1.00 7.182482350324e-02 5.0650520e-06
311 -1.00 7.143281220805e-02 4.3764337e-06
315 -1.00 8.217572279969e-02 9.0108725e-06
319 -1.00 7.151716166066e-02 5.2973296e-06
323 -1.00 7.572890246129e-02 5.5995129e-06
327 -1.00 7.555733583044e-02 5.7382096e-06
331 -1.00 7.254625820271e-02 7.3085744e-06
335 -1.00 7.735228244544e-02 3.7606623e-06
339 -1.00 7.094306891313e-02 6.9343745e-06
343 -1.00 7.207138807131e-02 7.9659516e-06
347 -1.00 7.111378540438e-02 8.1956503e-06
351 -1.00 7.090481234712e-02 4.8290455e-06
355 -1.00 7.385656475753e-02 3.9208782e-06
359 -1.00 7.417189586933e-02 8.4582859e-06
363 -1.00 7.921516453995e-02 5.8026186e-06
367 -1.00 7.453878473313e-02 2.9079435e-06
371 -1.00 7.963647123285e-02 7.1298719e-06
375 -1.00 6.474988643331e-02 4.0261857e-06
379 -1.00 7.601973444003e-02 8.4772364e-06
383 -1.00 7.181091080537e-02 3.4582888e-06
387 -1.00 7.382279778029e-02 3.9872115e-06
391 -1.00 8.015382167156e-02 1.7760334e-05
395 -1.00 7.648745555350e-02 5.3062478e-06
399 -1.00 7.824451279505e-02 9.7975728e-06
403 -1.00 7.177898334013e-02 7.2876695e-06
407 -1.00 7.409254888564e-02 1.0619296e-05
411 -1.00 7.804656864535e-02 7.5450521e-06
415 -1.00 8.143588651730e-02 7.8071026e-06
419 -1.00 7.757630139089e-02 5.1715682e-06
423 -1.00 7.477065144220e-02 8.4544262e-06
427 -1.00 7.465828026997e-02 8.7391757e-06
431 -1.00 7.332838045247e-02 5.4342237e-06
435 -1.00 7.093133548849e-02 4.2202881e-06
439 -1.00 7.051852236899e-02 4.6082468e-06
443 -1.00 7.495167248198e-02 1.3880839e-05
447 -1.00 7.251248000720e-02 1.2161924e-05
451 -1.00 7.184171184385e-02 4.5644954e-06
455 -1.00 7.230657526656e-02 3.5860350e-06
459 -1.00 7.529418851421e-02 1.3520823e-05
463 -1.00 7.550593998637e-02 7.6923048e-06
467 -1.00 7.804105969131e-02 9.1434389e-06
471 -1.00 8.259735007896e-02 1.1003100e-05
475 -1.00 7.381312600499e-02 3.2667027e-06
479 -1.00 7.752365846172e-02 1.0302712e-05
483 -1.00 7.247589117835e-02 4.0465281e-06
487 -1.00 7.858866745035e-02 1.0878843e-05
491 -1.00 7.022422077527e-02 5.2028753e-06
495 -1.00 7.313526634750e-02 7.6685747e-06
499 -1.00 7.460879081024e-02 5.4719047e-06
203 -0.75 7.549633831189e-02 4.1160520e-06
207 -0.75 7.382792159357e-02 8.1402010e-06
211 -0.75 7.328190266874e-02 9.4027202e-06
215 -0.75 7.795959234989e-02 1.1097703e-05
219 -0.75 7.206991783132e-02 1.2597517e-05
223 -0.75 7.175090482470e-02 3.9448170e-06
227 -0.75 8.328815071504e-02 7.9903225e-06
231 -0.75 7.338040130047e-02 9.6227567e-06
235 -0.75 7.044143255884e-02 1.8425285e-05
239 -0.75 7.431355822532e-02 6.0252451e-06
243 -0.75 7.572372337370e-02 7.7166818e-06
247 -0.75 7.380201068502e-02 3.0704876e-06
251 -0.75 8.308415161316e-02 1.1430721e-05
255 -0.75 7.180653874910e-02 6.6685506e-06
259 -0.75 7.338114951261e-02 3.4493526e-06
263 -0.75 7.116136582737e-02 4.2182330e-06
267 -0.75 7.407910823489e-02 1.2802259e-05
271 -0.75 7.388909465421e-02 1.1703229e-05
275 -0.75 7.608339976278e-02 1.1291483e-05
279 -0.75 7.325125201992e-02 1.4279329e-05
283 -0.75 8.029405071391e-02 1.0458193e-05
287 -0.75 7.679366122990e-02 5.9079288e-06
291 -0.75 7.523779576449e-02 3.6767093e-06
295 -0.75 7.446467008730e-02 3.1819301e-06
299 -0.75 7.085181635375e-02 8.4127078e-06
303 -0.75 7.571059262447e-02 3.0850331e-06
307 -0.75 7.184798522860e-02 8.2195481e-06
311 -0.75 7.222009465732e-02 1.3111839e-05
315 -0.75 8.182073958605e-02 6.8179527e-06
319 -0.75 6.996298416115e-02 5.9855838e-06
323 -0.75 7.706309709356e-02 1.2173644e-05
327 -0.75 7.583048704807e-02 1.0853168e-05
331 -0.75 7.207775986023e-02 8.3211888e-06
335 -0.75 7.880284953153e-02 3.5899079e-06
339 -0.75 7.038759492768e-02 4.2388076e-06
343 -0.75 7.299314813660e-02 5.7252770e-06
347 -0.75 6.928266425916e-02 7.4636602e-06
351 -0.75 7.091741987216e-02 3.4279769e-06
355 -0.75 7.265556713456e-02 4.2371764e-06
359 -0.75 7.252402605221e-02 5.2665565e-06
363 -0.75 7.632673072439e-02 5.1455179e-06
367 -0.75 7.576688438049e-02 3.2935148e-06
371 -0.75 8.030944328924e-02 3.2315365e-06
375 -0.75 6.518016506000e-02 1.1235614e-05
379 -0.75 7.340378284187e-02 4.1575104e-06
383 -0.75 7.113386720552e-02 5.9108215e-06
387 -0.75 7.261096335097e-02 6.7392581e-06
391 -0.75 7.773074279135e-02 7.9864862e-06
395 -0.75 7.606773498971e-02 6.1869319e-06
399 -0.75 7.704910753604e-02 6.9367625e-06
403 -0.75 7.263987127280e-02 5.3045294e-06
407 -0.75 7.322533379872e-02 7.5984004e-06
411 -0.75 7.715115343864e-02 1.8337074e-05
415 -0.75 7.929858290343e-02 1.3851087e-05
419 -0.75 7.869471659321e-02 1.4001534e-05
423 -0.75 7.121010240762e-02 9.4718800e-06
427 -0.75 7.647654345908e-02 9.7856624e-06
431 -0.75 7.225352946268e-02 6.4879747e-06
435 -0.75 7.112163442130e-02 8.5208456e-06
439 -0.75 7.071125791611e-02 5.0599917e-06
443 -0.75 7.327270083895e-02 1.3716791e-05
447 -0.75 6.985059170074e-02 4.7610554e-06
451 -0.75 6.880973735526e-02 2.7073757e-06
455 -0.75 7.087232233539e-02 1.2438524e-05
459 -0.75 7.492674804891e-02 3.6495420e-06
463 -0.75 7.401335047868e-02 1.0097716e-05
467 -0.75 7.642775755602e-02 1.1662741e-05
471 -0.75 7.994540939054e-02 4.9429260e-06
475 -0.75 7.599345414791e-02 7.6952827e-06
479 -0.75 7.579981506328e-02 7.8979344e-06
483 -0.75 7.173389891957e-02 6.4017156e-06
487 -0.75 7.510165048537e-02 3.0515751e-06
491 -0.75 6.840444168765e-02 5.8585218e-06
495 -0.75 7.091657207488e-02 7.2274730e-06
499 -0.75 7.422171649473e-02 9.9277504e-06
203 -0.50 7.479559898716e-02 8.2503053e-06
207 -0.50 7.214649723857e-02 4.9069127e-06
211 -0.50 7.261311977763e-02 1.1693951e-05
215 -0.50 7.705497217127e-02 5.6044025e-06
219 -0.50 7.016219111054e-02 5.3787605e-06
223 -0.50 7.285726579617e-02 6.9078725e-06
227 -0.50 8.088798833024e-02 1.0755933e-05
231 -0.50 7.099727676456e-02 1.1682176e-05
235 -0.50 6.850765797966e-02 5.2467581e-06
239 -0.50 7.583460563396e-02 4.1276951e-06
243 -0.50 7.519295451624e-02 2.3925356e-05
247 -0.50 7.194534983049e-02 6.9582326e-06
251 -0.50 8.110694981326e-02 6.7604818e-06
255 -0.50 6.937473214211e-02 3.1289937e-06
259 -0.50 7.329917694203e-02 3.6114343e-06
263 -0.50 7.038798831545e-02 9.4592380e-06
267 -0.50 7.206659191230e-02 1.1090537e-05
271 -0.50 7.538229635913e-02 9.2172311e-06
275 -0.50 7.419258800895e-02 5.3583179e-06
279 -0.50 7.472129671025e-02 2.1601992e-05
283 -0.50 7.699051361806e-02 4.5890525e-06
287 -0.50 7.648839246624e-02 5.4242902e-06
291 -0.50 7.472953482289e-02 7.1161008e-06
295 -0.50 7.368739335563e-02 1.3414022e-05
299 -0.50 6.954619413677e-02 1.0186097e-05
303 -0.50 7.391864141391e-02 3.0773143e-06
307 -0.50 7.296575408766e-02 1.6213709e-05
311 -0.50 7.309020457678e-02 4.8933168e-06
315 -0.50 7.995961476220e-02 2.0192872e-05
319 -0.50 7.063162977376e-02 9.5063955e-06
323 -0.50 7.643824883172e-02 4.8657344e-06
327 -0.50 7.247821966363e-02 2.0544170e-05
331 -0.50 7.163761320960e-02 5.2298755e-06
335 -0.50 7.717250860708e-02 2.0434722e-06
339 -0.50 7.142222970050e-02 1.3116095e-05
343 -0.50 7.049512577282e-02 8.7129967e-06
347 -0.50 6.989646757008e-02 6.3304085e-06
351 -0.50 7.044275353545e-02 1.3696195e-05
355 -0.50 7.222579348363e-02 5.8390626e-06
359 -0.50 7.267601630623e-02 4.4384555e-06
363 -0.50 7.336077412226e-02 8.2782056e-06
367 -0.50 7.184168336644e-02 1.3933524e-05
371 -0.50 7.884928764497e-02 1.7329229e-05
375 -0.50 6.278434467223e-02 5.5651311e-06
379 -0.50 7.410473452638e-02 3.8404113e-06
383 -0.50 7.043037844059e-02 9.3000502e-06
387 -0.50 7.289424991287e-02 9.8441014e-06
391 -0.50 7.730353048416e-02 7.3459858e-06
395 -0.50 7.496527835372e-02 4.7479918e-06
399 -0.50 7.710196770213e-02 7.5317263e-06
403 -0.50 7.157890654246e-02 1.4423748e-06
407 -0.50 7.293263974911e-02 1.9635703e-06
411 -0.50 7.564458496842e-02 5.1718718e-06
415 -0.50 7.854924146224e-02 9.4182369e-06
419 -0.50 7.451393610904e-02 8.2032265e-06
423 -0.50 7.192839250976e-02 1.1579585e-05
427 -0.50 7.324071013054e-02 5.1543299e-06
431 -0.50 7.235236806592e-02 5.4678324e-06
435 -0.50 6.817899988292e-02 1.2774340e-05
439 -0.50 7.043923442922e-02 5.4994211e-06
443 -0.50 7.139584132441e-02 1.1447780e-05
447 -0.50 7.026973105747e-02 6.0434634e-06
451 -0.50 7.065365294997e-02 1.2682972e-05
455 -0.50 7.428719635876e-02 1.1954870e-06
459 -0.50 7.340620347270e-02 6.7762036e-06
463 -0.50 7.311945733093e-02 9.2353774e-06
467 -0.50 7.566937201343e-02 9.2722610e-06
471 -0.50 7.866267281959e-02 1.6524472e-05
475 -0.50 7.571252712875e-02 9.4323087e-06
479 -0.50 7.612757550664e-02 1.2132481e-05
483 -0.50 7.140742672436e-02 6.7882908e-06
487 -0.50 7.717490794362e-02 1.8462461e-05
491 -0.50 6.755084182756e-02 2.2598455e-06
495 -0.50 7.127122236583e-02 7.1294119e-06
499 -0.50 7.233879652520e-02 4.8396680e-06
203 -0.25 7.498697484813e-02 7.8969385e-06
207 -0.25 7.122532788235e-02 8.1240600e-06
211 -0.25 7.099551072866e-02 6.1513948e-06
215 -0.25 7.709668652528e-02 8.2220281e-06
219 -0.25 6.880729529585e-02 1.1630840e-05
223 -0.25 7.233605528665e-02 3.5860200e-06
227 -0.25 8.140611794023e-02 1.5207479e-05
231 -0.25 7.180699122215e-02 7.9244391e-06
235 -0.25 6.902843499508e-02 6.8150051e-06
239 -0.25 7.325372211001e-02 8.4945272e-06
243 -0.25 7.513788831440e-02 7.5261589e-06
247 -0.25 7.200340588635e-02 5.5665253e-06
251 -0.25 8.226102406522e-02 1.3330159e-05
255 -0.25 7.011369291931e-02 1.3261531e-05
259 -0.25 7.384721905003e-02 9.3111978e-06
263 -0.25 6.867292915714e-02 5.7255098e-06
267 -0.25 7.103222505311e-02 7.9872523e-06
271 -0.25 7.345701476336e-02 1.4372273e-05
275 -0.25 7.385385892193e-02 9.8920568e-06
279 -0.25 6.944191668937e-02 5.5030899e-06
283 -0.25 7.821372172616e-02 6.9509291e-06
287 -0.25 7.462739714103e-02 5.4356828e-06
291 -0.25 7.492040646558e-02 1.6628252e-05
295 -0.25 7.263021542268e-02 5.6290809e-06
299 -0.25 7.031979364535e-02 7.2228632e-06
303 -0.25 7.297127566907e-02 1.3363172e-05
307 -0.25 7.291273780323e-02 1.4303083e-05
311 -0.25 7.190501505768e-02 4.6726066e-06
315 -0.25 8.052389186822e-02 9.6549103e-06
319 -0.25 6.880844885324e-02 3.6265703e-06
323 -0.25 7.357873565399e-02 2.1843566e-05
327 -0.25 7.098195277776e-02 9.5860464e-06
331 -0.25 7.130023534408e-02 8.1164472e-06
335 -0.25 7.658792268543e-02 7.3435950e-06
339 -0.25 6.944598983730e-02 2.0827215e-05
343 -0.25 6.970220788274e-02 5.8614877e-06
347 -0.25 6.979723209716e-02 6.7641481e-06
351 -0.25 7.101873124179e-02 9.2330223e-06
355 -0.25 7.229907675800e-02 5.2948532e-06
359 -0.25 7.255102359089e-02 1.3839291e-05
363 -0.25 7.360879988692e-02 6.1435093e-06
367 -0.25 7.474985115821e-02 7.5517992e-06
371 -0.25 7.951166701118e-02 2.5822108e-05
375 -0.25 6.310780301701e-02 9.6178017e-06
379 -0.25 7.332536012034e-02 6.0138532e-06
383 -0.25 6.999496945613e-02 7.5502157e-06
387 -0.25 7.219250817849e-02 7.9199150e-06
391 -0.25 7.459334294667e-02 4.6383262e-06
395 -0.25 7.591132381992e-02 2.8671152e-06
399 -0.25 7.642796488535e-02 7.9348567e-06
403 -0.25 7.007077243294e-02 8.1154308e-06
407 -0.25 7.141249746074e-02 7.0270508e-06
411 -0.25 7.524062484993e-02 3.6758246e-06
415 -0.25 7.759548842648e-02 1.2566965e-05
419 -0.25 7.457360085926e-02 1.9721998e-06
423 -0.25 7.047102715770e-02 1.3240478e-05
427 -0.25 7.516951365111e-02 1.2664557e-05
431 -0.25 6.969615994005e-02 7.1561659e-06
435 -0.25 6.873264056577e-02 1.6858804e-05
439 -0.25 6.969878933766e-02 2.0790305e-05
443 -0.25 7.121214936119e-02 3.5469701e-06
447 -0.25 7.059895132517e-02 1.4179446e-05
451 -0.25 6.929328690702e-02 8.8646934e-06
455 -0.25 7.178611893868e-02 4.8340267e-06
459 -0.25 7.181224102197e-02 9.4802487e-06
463 -0.25 7.305907453896e-02 7.3052487e-06
467 -0.25 7.499963721277e-02 7.4943961e-06
471 -0.25 7.942533398270e-02 1.3054585e-05
475 -0.25 7.434167182520e-02 5.2620686e-06
479 -0.25 7.405901453075e-02 5.8920372e-06
483 -0.25 6.873968023583e-02 1.2360591e-05
487 -0.25 7.281136441140e-02 7.1753728e-06
491 -0.25 6.886217912305e-02 9.4430363e-06
495 -0.25 7.168207711938e-02 4.3948173e-06
499 -0.25 7.323683653421e-02 9.2204093e-06
203 0.00 7.484060479591e-02 1.2415097e-05
207 0.00 7.175727074974e-02 7.0657652e-06
211 0.00 7.046831166264e-02 4.9558185e-06
215 0.00 7.803399175018e-02 2.3266995e-05
219 0.00 7.012388166301e-02 8.3635994e-06
223 0.00 6.976558547513e-02 9.7853824e-06
227 0.00 7.900129457544e-02 9.1003070e-06
231 0.00 7.093604265842e-02 1.4938067e-05
235 0.00 6.810332309920e-02 8.6016110e-06
239 0.00 7.120562633687e-02 3.7115287e-06
243 0.00 7.199796322213e-02 9.6427677e-06
247 0.00 7.159037882901e-02 8.6682077e-06
251 0.00 7.934597263226e-02 1.4992667e-05
255 0.00 6.952681910461e-02 1.4683352e-05
259 0.00 7.277592022331e-02 9.1291540e-06
263 0.00 6.922174879482e-02 6.2434643e-06
267 0.00 7.057936667295e-02 1.1788237e-05
271 0.00 7.246667346896e-02 1.3925117e-05
275 0.00 7.347210089832e-02 6.3219577e-06
279 0.00 7.142506720345e-02 1.4931931e-05
283 0.00 7.651707483867e-02 7.8437917e-06
287 0.00 7.402144163183e-02 7.1919732e-06
291 0.00 7.369665283995e-02 1.1714942e-05
295 0.00 7.397412472295e-02 2.2215259e-05
299 0.00 6.798172594576e-02 1.7265305e-05
303 0.00 7.167896004082e-02 7.3397831e-06
307 0.00 7.122200158892e-02 8.5659391e-06
311 0.00 7.087264094677e-02 4.5130676e-06
315 0.00 7.859281152040e-02 7.2474266e-06
319 0.00 6.974934794115e-02 7.2497114e-06
323 0.00 7.343809467173e-02 1.6059767e-05
327 0.00 7.032061574642e-02 5.4744837e-06
331 0.00 6.691394830981e-02 4.6417959e-06
335 0.00 7.583933271708e-02 1.1777496e-05
339 0.00 6.943797010053e-02 8.1371295e-06
343 0.00 7.149177486732e-02 6.4242830e-06
347 0.00 6.813113073961e-02 7.6493843e-06
351 0.00 6.775898480526e-02 1.7704084e-05
355 0.00 7.072031724464e-02 1.0386144e-05
359 0.00 7.149780443802e-02 1.0770121e-05
363 0.00 7.235106444877e-02 1.1492971e-05
367 0.00 6.993852258931e-02 1.5934060e-05
371 0.00 7.914162013782e-02 1.0908257e-05
375 0.00 6.262111156775e-02 3.7054436e-06
379 0.00 7.122851817347e-02 6.3040550e-06
383 0.00 6.872851145839e-02 8.3906005e-06
387 0.00 7.016440034028e-02 3.7279679e-06
391 0.00 7.780641818722e-02 7.7886963e-06
395 0.00 7.499138803165e-02 1.0836156e-05
399 0.00 7.600578684717e-02 3.2967303e-06
403 0.00 7.027506594705e-02 1.0950744e-05
407 0.00 7.217847940852e-02 1.2192431e-05
411 0.00 7.348264683802e-02 4.6771117e-06
415 0.00 7.643648095637e-02 9.6488377e-06
419 0.00 7.482688847158e-02 1.0989693e-05
423 0.00 6.981505800931e-02 9.3033085e-06
427 0.00 7.257201856960e-02 1.0281729e-05
431 0.00 7.070047410317e-02 9.2678886e-06
435 0.00 6.769839180634e-02 9.0810801e-06
439 0.00 6.930585974213e-02 5.3961493e-06
443 0.00 7.111861358958e-02 8.7984480e-06
447 0.00 7.045167706559e-02 5.1240427e-06
451 0.00 6.767625865583e-02 8.5444235e-06
455 0.00 7.196663498729e-02 9.1931562e-06
459 0.00 7.101121025378e-02 8.1325115e-06
463 0.00 7.235639980433e-02 6.5776647e-06
467 0.00 7.276235142261e-02 6.2001313e-06
471 0.00 7.960721329972e-02 1.6538476e-05
475 0.00 7.501979384810e-02 8.3447828e-06
479 0.00 7.423261795004e-02 8.7530689e-06
483 0.00 7.065379875848e-02 5.0375912e-06
487 0.00 7.110614433365e-02 6.3541331e-06
491 0.00 6.841482802055e-02 1.6568540e-05
495 0.00 7.131646221216e-02 8.2057342e-06
499 0.00 7.160717536274e-02 6.4958744e-06
203 0.25 7.153397649707e-02 8.7017923e-06
207 0.25 7.112970017927e-02 9.4368743e-06
211 0.25 6.701098380672e-02 1.1680336e-05
215 0.25 7.731633969839e-02 1.5901928e-05
219 0.25 6.839105943990e-02 6.7412938e-06
223 0.25 7.067631644624e-02 2.5280998e-06
227 0.25 8.093816970956e-02 6.3579312e-06
231 0.25 6.920815361980e-02 6.8097698e-06
235 0.25 6.788983655419e-02 6.9210118e-06
239 0.25 7.243875724529e-02 1.4712255e-05
243 0.25 7.234284320694e-02 6.7846310e-06
247 0.25 7.010022523643e-02 6.0222794e-06
251 0.25 8.297231856732e-02 5.3243354e-06
255 0.25 6.898587881814e-02 1.2715464e-05
259 0.25 7.225832938389e-02 7.6063515e-06
263 0.25 6.742275810420e-02 1.1230179e-05
267 0.25 6.948514090346e-02 2.7556942e-06
271 0.25 7.209676539721e-02 1.8282804e-05
275 0.25 7.147176457543e-02 6.0649628e-06
279 0.25 6.889256033050e-02 1.0770088e-06
283 0.25 7.623109953846e-02 1.2305096e-05
287 0.25 7.426440840360e-02 2.0045075e-05
291 0.25 7.127104004693e-02 1.3637068e-05
295 0.25 7.042695655916e-02 1.2207394e-05
299 0.25 6.855613831430e-02 4.1567511e-06
303 0.25 7.194891895474e-02 6.5297076e-06
307 0.25 7.008989940956e-02 1.3015409e-05
311 0.25 7.159085332283e-02 7.9114771e-06
315 0.25 7.955137085990e-02 6.5035978e-06
319 0.25 6.821458376467e-02 7.1714623e-06
323 0.25 7.244175322930e-02 9.0680479e-06
327 0.25 7.118722795468e-02 8.2758246e-06
331 0.25 6.799884689918e-02 5.2994296e-06
335 0.25 7.474858383784e-02 7.4020603e-06
339 0.25 6.987646417249e-02 8.0463526e-06
343 0.25 7.157164029378e-02 3.1243995e-06
347 0.25 6.907722090132e-02 3.7705131e-06
351 0.25 6.646023799074e-02 1.5687271e-05
355 0.25 7.182636723360e-02 6.5449325e-06
359 0.25 7.026069650232e-02 8.5682773e-06
363 0.25 7.237437217302e-02 2.3039001e-05
367 0.25 7.237463251312e-02 4.2012326e-06
371 0.25 7.552634289467e-02 4.8204941e-06
375 0.25 6.523681214096e-02 1.0681774e-05
379 0.25 7.067679817596e-02 1.0521620e-05
383 0.25 6.891236519787e-02 8.0419222e-06
387 0.25 7.056445784407e-02 5.6441674e-06
391 0.25 7.211900272747e-02 1.1264125e-05
395 0.25 7.615584991004e-02 7.3178123e-06
399 0.25 7.678682083295e-02 1.8000941e-05
403 0.25 6.953201682328e-02 1.1967100e-05
407 0.25 7.173258370946e-02 1.0189773e-05
411 0.25 7.353291289204e-02 1.1628950e-05
415 0.25 7.529148172179e-02 1.9554903e-05
419 0.25 7.368531667632e-02 1.1113770e-05
423 0.25 6.959143049342e-02 2.9878435e-06
427 0.25 7.158701088174e-02 6.8726867e-06
431 0.25 7.150000589742e-02 9.6041124e-06
435 0.25 6.682319381464e-02 1.2329488e-05
439 0.25 6.898471728005e-02 9.2505538e-06
443 0.25 7.237631396865e-02 1.4694066e-05
447 0.25 6.967010812404e-02 1.3608565e-05
451 0.25 7.011670998340e-02 7.7107612e-06
455 0.25 7.053972978546e-02 4.7847259e-06
459 0.25 7.261315016683e-02 2.0851784e-05
463 0.25 7.316981093085e-02 3.6835605e-06
467 0.25 7.222612069188e-02 1.0972773e-05
471 0.25 7.404738341125e-02 6.6177695e-06
475 0.25 7.354794406739e-02 8.0021021e-06
479 0.25 7.286897177782e-02 1.4685302e-05
483 0.25 6.830662466565e-02 3.9368601e-06
487 0.25 6.993202664429e-02 9.9781052e-06
491 0.25 6.813986629794e-02 5.8399846e-06
495 0.25 6.932036125048e-02 1.2118610e-05
499 0.25 7.091398034860e-02 1.4193488e-05
203 0.50 7.085169876932e-02 1.1925298e-05
207 0.50 6.887684533449e-02 6.2409579e-06
211 0.50 6.759290151422e-02 2.5250029e-06
215 0.50 7.516409683378e-02 1.1568146e-05
219 0.50 6.839870035575e-02 1.8943124e-05
223 0.50 7.017851102703e-02 6.5836664e-06
227 0.50 7.900430259926e-02 1.1071012e-05
231 0.50 7.172895265759e-02 1.2573811e-05
235 0.50 6.717266385038e-02 1.2203303e-05
239 0.50 7.023175048192e-02 1.3633796e-05
243 0.50 7.324552146391e-02 2.7315665e-05
247 0.50 6.977247191410e-02 1.9799720e-05
251 0.50 7.479164331131e-02 6.1829844e-06
255 0.50 6.816897496337e-02 1.8713046e-05
259 0.50 7.160353046198e-02 5.4827947e-06
263 0.50 6.712418716945e-02 1.5759251e-05
267 0.50 7.130584885933e-02 8.2786750e-06
271 0.50 7.246045814128e-02 1.9083226e-05
275 0.50 7.331015595360e-02 1.1453665e-05
279 0.50 7.103374697005e-02 1.4422837e-05
283 0.50 7.368771086916e-02 1.0486622e-05
287 0.50 7.470293720373e-02 2.3661375e-05
291 0.50 7.357342439599e-02 7.5986515e-06
295 0.50 7.066832365063e-02 1.0040594e-05
299 0.50 6.601714218975e-02 1.1123024e-05
303 0.50 7.228617681433e-02 1.1445944e-05
307 0.50 6.952649078985e-02 1.5862791e-05
311 0.50 6.925759531911e-02 1.3009833e-05
315 0.50 7.897382495407e-02 4.3574340e-06
319 0.50 6.649434664092e-02 3.9099354e-06
323 0.50 7.308235647374e-02 1.2640357e-05
327 0.50 6.819060381321e-02 2.1733566e-05
331 0.50 6.651090650734e-02 9.6822390e-06
335 0.50 7.419219599862e-02 4.8209456e-06
339 0.50 6.750940128672e-02 4.6659652e-06
343 0.50 7.057085499494e-02 6.2067707e-06
347 0.50 6.915218578656e-02 5.6916680e-06
351 0.50 6.445365577512e-02 3.1397769e-06
355 0.50 7.124629147040e-02 1.6962110e-05
359 0.50 7.021294679820e-02 8.1727767e-06
363 0.50 6.839452774893e-02 1.3949376e-05
367 0.50 6.941031677136e-02 1.8941669e-05
371 0.50 7.660481594045e-02 2.4597625e-05
375 0.50 6.160325800214e-02 1.1270278e-05
379 0.50 7.230943731389e-02 1.7347177e-05
383 0.50 6.922804732418e-02 8.5876401e-06
387 0.50 7.137047712457e-02 2.5262834e-05
391 0.50 7.395542975311e-02 6.5339902e-06
395 0.50 7.410269512144e-02 1.2663286e-05
399 0.50 7.398182096667e-02 8.8007073e-06
403 0.50 7.001736033974e-02 8.5513785e-06
407 0.50 7.166637780353e-02 1.4732743e-05
411 0.50 7.308262618420e-02 6.5694577e-06
415 0.50 7.426681018011e-02 6.5889202e-06
419 0.50 7.360580820146e-02 6.3162961e-06
423 0.50 6.964535602227e-02 4.3714050e-06
427 0.50 6.994672762113e-02 1.2150009e-05
431 0.50 6.934482794911e-02 5.1123570e-06
435 0.50 6.744042280440e-02 1.9844765e-05
439 0.50 6.797150002561e-02 1.2768344e-05
443 0.50 7.286710990513e-02 1.9447806e-05
447 0.50 6.872163997755e-02 6.9887730e-06
451 0.50 6.857290427595e-02 2.0956474e-05
455 0.50 7.013430869720e-02 6.4462725e-06
459 0.50 6.981659255600e-02 1.3464665e-05
463 0.50 7.258404520672e-02 1.3602101e-05
467 0.50 7.288351769775e-02 7.5192482e-06
471 0.50 7.638639306007e-02 4.0143128e-06
475 0.50 7.564983971623e-02 1.7033111e-05
479 0.50 7.317663406323e-02 7.6908281e-06
483 0.50 6.773672931002e-02 4.4132137e-06
487 0.50 7.073414019225e-02 1.9948582e-05
491 0.50 6.738796588915e-02 9.3242673e-06
495 0.50 6.680880601500e-02 2.4304624e-06
499 0.50 7.003831435699e-02 4.6920516e-06
203 0.75 6.962347761112e-02 8.5190410e-06
207 0.75 7.047653498060e-02 1.9340206e-05
211 0.75 6.749406562825e-02 2.0019699e-05
215 0.75 7.441643917540e-02 5.4089764e-06
219 0.75 6.829385331817e-02 1.6153615e-05
223 0.75 6.969222093811e-02 6.6009941e-06
227 0.75 7.607465226155e-02 1.1547468e-05
231 0.75 7.106807420660e-02 7.3582200e-06
235 0.75 6.806909356237e-02 1.3945831e-05
239 0.75 7.046284082414e-02 4.5655271e-06
243 0.75 7.036328244256e-02 2.3949490e-05
247 0.75 7.040390422363e-02 9.3048144e-06
251 0.75 7.483633147799e-02 2.7293868e-05
255 0.75 6.773809436774e-02 7.5639955e-06
259 0.75 7.151466418918e-02 6.1149629e-06
263 0.75 6.683624164970e-02 4.3063950e-06
267 0.75 6.989978447047e-02 2.9434336e-06
271 0.75 7.227956236139e-02 1.1129472e-05
275 0.75 7.294951400881e-02 4.8390645e-06
279 0.75 6.852678215377e-02 6.3909061e-06
283 0.75 7.442166213638e-02 1.1432391e-05
287 0.75 7.549717075965e-02 2.0541855e-05
291 0.75 7.183239466374e-02 9.4482115e-06
295 0.75 6.961083869424e-02 5.6565493e-06
299 0.75 6.558833550667e-02 1.9334046e-05
303 0.75 7.136460012470e-02 8.3571599e-06
307 0.75 6.970349714537e-02 9.7644927e-06
311 0.75 6.992776571037e-02 4.5552557e-06
315 0.75 7.457642204859e-02 5.7244657e-06
319 0.75 6.625275199004e-02 5.1622809e-06
323 0.75 6.914741019742e-02 5.9639813e-06
327 0.75 6.897304242064e-02 1.1899429e-05
331 0.75 6.696963532219e-02 4.0367246e-06
335 0.75 7.242764971519e-02 2.6657508e-05
339 0.75 6.924469020626e-02 2.0401619e-05
343 0.75 6.793986064523e-02 3.9663352e-06
347 0.75 6.719043177454e-02 5.4011395e-06
351 0.75 6.829972273842e-02 9.6934479e-06
355 0.75 6.929632872158e-02 4.9698773e-06
359 0.75 6.893194826019e-02 1.0540180e-05
363 0.75 6.846545076732e-02 6.9297210e-06
367 0.75 7.019114343799e-02 1.3352751e-05
371 0.75 7.466443723298e-02 4.1252905e-06
375 0.75 6.466364997110e-02 8.1887554e-06
379 0.75 6.977280143453e-02 9.1186901e-06
383 0.75 6.691539445467e-02 6.6080249e-06
387 0.75 7.099224260278e-02 7.7521597e-06
391 0.75 7.464576373092e-02 1.3880708e-05
395 0.75 7.131566819757e-02 6.4044921e-06
399 0.75 7.492559614077e-02 1.1108098e-05
403 0.75 6.887824691484e-02 8.3091098e-06
407 0.75 7.068737213397e-02 8.9323770e-06
411 0.75 7.261379723227e-02 1.3181290e-05
415 0.75 7.346856912886e-02 3.6763684e-06
419 0.75 7.217743751673e-02 8.0853019e-06
423 0.75 6.742430093333e-02 1.4018056e-05
427 0.75 7.139188727125e-02 1.0823437e-05
431 0.75 6.996058195582e-02 1.2236949e-05
435 0.75 6.674080194972e-02 9.5164605e-06
439 0.75 6.906487169714e-02 1.8286045e-05
443 0.75 6.936935472657e-02 6.8362857e-06
447 0.75 6.595812886979e-02 1.0377140e-05
451 0.75 6.742509405292e-02 1.2994909e-05
455 0.75 6.913786025401e-02 1.5069006e-05
459 0.75 7.058417247377e-02 9.0264560e-06
463 0.75 7.035104887139e-02 9.0777194e-06
467 0.75 7.063278617231e-02 9.5452463e-06
471 0.75 7.588618246723e-02 1.6241034e-05
475 0.75 7.298487094772e-02 1.5154929e-05
479 0.75 7.276626115462e-02 1.3986404e-05
483 0.75 6.677887471214e-02 3.1578950e-06
487 0.75 6.882347084626e-02 2.5140917e-05
491 0.75 6.701264570665e-02 1.1368966e-05
495 0.75 6.791150626672e-02 2.1162598e-06
499 0.75 6.845433129860e-02 2.5832405e-05
203 1.00 6.728323379003e-02 3.8883137e-06
207 1.00 6.899615146168e-02 6.7438188e-06
211 1.00 6.598829759924e-02 9.6652415e-06
215 1.00 7.263048290914e-02 1.0920435e-05
219 1.00 7.011083097780e-02 1.2932607e-05
223 1.00 6.795419747968e-02 2.0479124e-05
227 1.00 7.504636613178e-02 7.5754475e-06
231 1.00 6.890996744712e-02 8.8062325e-06
235 1.00 6.708144590389e-02 8.8372066e-06
239 1.00 6.843011390874e-02 1.8364255e-05
243 1.00 7.015502872790e-02 6.0991243e-06
247 1.00 7.087755143293e-02 2.8404377e-06
251 1.00 7.396592584064e-02 1.4790168e-05
255 1.00 6.659629780308e-02 1.1270021e-05
259 1.00 7.044452625398e-02 2.2902734e-05
263 1.00 6.614249331052e-02 1.5626275e-05
267 1.00 7.003926787909e-02 5.5969121e-06
271 1.00 7.269749744142e-02 9.9254719e-06
275 1.00 7.235528942115e-02 6.7551036e-06
279 1.00 7.101040687517e-02 2.4136397e-05
283 1.00 7.447373427865e-02 9.4536950e-06
287 1.00 7.184012432267e-02 1.0072038e-05
291 1.00 7.274163133896e-02 1.1492648e-05
295 1.00 6.899345135224e-02 1.4865348e-05
299 1.00 6.814645286811e-02 2.3191953e-05
303 1.00 7.073532667279e-02 1.6283418e-05
307 1.00 7.077008502622e-02 9.5697974e-06
311 1.00 6.862492425836e-02 5.2024414e-06
315 1.00 7.399138770464e-02 1.7565660e-05
319 1.00 6.709905491519e-02 2.0162915e-05
323 1.00 6.896649309997e-02 1.3801168e-05
327 1.00 6.856923968808e-02 1.4740745e-05
331 1.00 6.736408667422e-02 3.0390608e-06
335 1.00 7.484638493287e-02 1.4399381e-05
339 1.00 6.651443940712e-02 5.4828023e-06
343 1.00 6.752864635091e-02 6.2189114e-06
347 1.00 6.666866571032e-02 1.1998967e-05
351 1.00 6.769179813330e-02 1.9881230e-05
355 1.00 6.873267429551e-02 8.9944205e-06
359 1.00 6.733155722005e-02 1.2416059e-05
363 1.00 6.761248923762e-02 8.5999913e-06
367 1.00 6.801643831096e-02 9.6655328e-06
371 1.00 7.309155681508e-02 5.9883354e-06
375 1.00 6.419753516746e-02 8.5319636e-06
379 1.00 6.894681020359e-02 1.7970224e-05
383 1.00 6.497392829102e-02 1.3427888e-05
387 1.00 7.067042112213e-02 1.4150400e-05
391 1.00 7.392466731859e-02 7.1183454e-06
395 1.00 6.925849029585e-02 6.0089938e-06
399 1.00 7.463111952871e-02 6.8108198e-06
403 1.00 6.781106890527e-02 8.5943255e-06
407 1.00 7.121223864464e-02 3.6432687e-06
411 1.00 7.385176350168e-02 2.1230582e-05
415 1.00 7.001605701338e-02 1.1520301e-05
419 1.00 7.190526465992e-02 2.0127616e-05
423 1.00 6.785163910826e-02 1.0092624e-05
427 1.00 7.147738028343e-02 1.6837375e-05
431 1.00 6.760674471241e-02 1.6534846e-05
435 1.00 6.483428439403e-02 5.3253825e-06
439 1.00 6.760300085009e-02 1.2348115e-05
443 1.00 7.003696156378e-02 7.9123278e-06
447 1.00 6.897761504906e-02 3.5998889e-06
451 1.00 6.785674050940e-02 1.5390191e-05
455 1.00 7.144879918660e-02 1.9386639e-05
459 1.00 6.823651517396e-02 5.4541532e-06
463 1.00 7.172310105607e-02 1.8184324e-05
467 1.00 6.911693653474e-02 1.3446948e-05
471 1.00 7.340870334143e-02 1.6014321e-05
475 1.00 7.233941848595e-02 1.4036015e-05
479 1.00 6.948047147226e-02 3.3293352e-06
483 1.00 6.719136226937e-02 6.5866472e-06
487 1.00 6.964643979322e-02 1.8800958e-05
491 1.00 6.674264910252e-02 1.3907922e-05
495 1.00 6.714614974651e-02 1.0613483e-05
499 1.00 6.742145529218e-02 9.7328880e-06
204 -1.00 7.317136191993e-02 7.6406227e-06
208 -1.00 7.881875963126e-02 9.9415793e-06
212 -1.00 7.658425783579e-02 7.1763733e-06
216 -1.00 7.115887154682e-02 1.0522972e-05
220 -1.00 7.471916042394e-02 1.3421792e-05
224 -1.00 6.866577949152e-02 2.6532266e-06
228 -1.00 7.710427373430e-02 5.2630796e-06
232 -1.00 7.605108159958e-02 5.4209781e-06
236 -1.00 7.131701272011e-02 4.6705943e-06
240 -1.00 7.683056293617e-02 6.1918959e-06
244 -1.00 7.580201472751e-02 1.1379985e-05
248 -1.00 7.854222346135e-02 8.6554820e-06
252 -1.00 7.461042672006e-02 6.3693190e-06
256 -1.00 7.331038578089e-02 5.2710251e-06
260 -1.00 7.705856157763e-02 3.2191901e-06
264 -1.00 7.654215337048e-02 1.3393482e-05
268 -1.00 7.437560859014e-02 5.3262621e-06
272 -1.00 7.814413933766e-02 7.9323282e-06
276 -1.00 7.556031413907e-02 2.9234506e-06
280 -1.00 7.540192394749e-02 5.1455890e-06
284 -1.00 7.458346547879e-02 1.1532942e-05
288 -1.00 7.794805583295e-02 9.2891920e-06
292 -1.00 8.179303189785e-02 7.9880909e-06
296 -1.00 7.118189637532e-02 2.1185528e-06
300 -1.00 7.895018276359e-02 1.9353646e-06
304 -1.00 7.145941314138e-02 5.5359020e-06
308 -1.00 7.415448281702e-02 4.4274280e-06
312 -1.00 7.369383001202e-02 1.0111603e-05
316 -1.00 7.172772233546e-02 4.6415691e-06
320 -1.00 7.744464087965e-02 8.3095671e-06
324 -1.00 7.521226168180e-02 6.0412338e-06
328 -1.00 7.032128729976e-02 2.3617968e-06
332 -1.00 7.942835137554e-02 1.1757401e-05
336 -1.00 7.304380737186e-02 1.0415084e-05
340 -1.00 7.880427161655e-02 7.4435220e-06
344 -1.00 6.939449074792e-02 8.5447847e-06
348 -1.00 7.505215931162e-02 8.5773595e-06
352 -1.00 7.027616846270e-02 4.8531044e-06
356 -1.00 8.245863900640e-02 7.2004661e-06
360 -1.00 7.980951168001e-02 6.1173193e-06
364 -1.00 7.230047965483e-02 6.3591331e-06
368 -1.00 7.773370034982e-02 6.7437698e-06
372 -1.00 7.746171845927e-02 1.4045139e-05
376 -1.00 7.977844651175e-02 6.3034017e-06
380 -1.00 7.207128819175e-02 2.6329517e-06
384 -1.00 7.155694406580e-02 1.3708265e-05
388 -1.00 7.145514211637e-02 7.9976699e-06
392 -1.00 7.127865234279e-02 7.9695640e-06
396 -1.00 7.457201573515e-02 2.5902313e-06
400 -1.00 7.377168131857e-02 8.5633845e-06
404 -1.00 7.749045233650e-02 1.2994574e-05
408 -1.00 7.806266020353e-02 7.0857189e-06
412 -1.00 7.388427626240e-02 7.6674718e-06
416 -1.00 7.180404725608e-02 8.7544996e-06
420 -1.00 8.083499022020e-02 6.9547248e-06
424 -1.00 8.227858611742e-02 1.1775515e-05
428 -1.00 7.652483209508e-02 4.9685169e-06
432 -1.00 7.190672506907e-02 6.1259199e-06
436 -1.00 7.670370459993e-02 1.0474906e-05
440 -1.00 7.980209238438e-02 6.3722043e-06
444 -1.00 7.201917285980e-02 5.4896728e-06
448 -1.00 7.614576573520e-02 8.4695315e-06
452 -1.00 7.999182146774e-02 3.9039159e-06
456 -1.00 7.510686491372e-02 8.6794107e-06
460 -1.00 7.566186044698e-02 1.4883528e-05
464 -1.00 7.587187757531e-02 3.7455206e-06
468 -1.00 7.783471588926e-02 1.4114392e-05
472 -1.00 7.221665616956e-02 4.2903682e-06
476 -1.00 7.797379666509e-02 9.0714058e-06
480 -1.00 7.225116504128e-02 5.4428289e-06
484 -1.00 7.149368726935e-02 5.1465260e-06
488 -1.00 7.196275181255e-02 9.6286267e-06
492 -1.00 7.338304001496e-02 1.0258250e-05
496 -1.00 7.502713053483e-02 8.0467842e-06
500 -1.00 7.485506302559e-02 6.4527057e-06
204 -0.75 7.337851216172e-02 5.3339726e-06
208 -0.75 7.956886748464e-02 1.0429017e-05
212 -0.75 7.684390244155e-02 3.9533256e-06
216 -0.75 7.179208605748e-02 2.2839534e-06
220 -0.75 7.310111975602e-02 5.5788927e-06
224 -0.75 6.862571694221e-02 1.4583986e-05
228 -0.75 7.320499548481e-02 3.7902723e-06
232 -0.75 7.485769689836e-02 1.1133172e-05
236 -0.75 7.201397572300e-02 6.2191924e-06
240 -0.75 7.598322780976e-02 1.3956984e-05
244 -0.75 7.604360643918e-02 4.4866662e-06
248 -0.75 7.680837824962e-02 1.1556199e-05
252 -0.75 7.431992816076e-02 7.6956101e-06
256 -0.75 7.403109855424e-02 1.1761478e-05
260 -0.75 7.609243495724e-02 4.5799093e-06
264 -0.75 7.522651021500e-02 7.0942979e-06
268 -0.75 7.119433192235e-02 7.1417624e-06
272 -0.75 7.624930193343e-02 5.2366299e-06
276 -0.75 7.499249413367e-02 1.0834902e-05
280 -0.75 7.476823921359e-02 7.9737834e-06
284 -0.75 7.350646522502e-02 9.0490401e-06
288 -0.75 7.618218635114e-02 6.0697906e-06
292 -0.75 8.121569749401e-02 8.7509536e-06
296 -0.75 7.213684370853e-02 1.0043001e-05
300 -0.75 7.558246119001e-02 7.9541372e-06
304 -0.75 7.126333168920e-02 1.0953940e-05
308 -0.75 7.472963378137e-02 5.5624320e-06
312 -0.75 7.481367378907e-02 1.0122536e-05
316 -0.75 7.161185900671e-02 6.0001805e-06
320 -0.75 7.709187183228e-02 7.0956372e-06
324 -0.75 7.464033931397e-02 1.1075158e-05
328 -0.75 7.102109912629e-02 6.9475238e-06
332 -0.75 7.800352131541e-02 4.5009986e-06
336 -0.75 7.250538021444e-02 3.5539155e-06
340 -0.75 7.723042634337e-02 5.5822067e-06
344 -0.75 6.800348507638e-02 6.3566330e-06
348 -0.75 7.557383105022e-02 8.1557569e-06
352 -0.75 7.058485368160e-02 5.7970653e-06
356 -0.75 7.842785949079e-02 9.5012718e-06
360 -0.75 7.956609548773e-02 2.2706740e-06
364 -0.75 7.130247491443e-02 3.1372421e-06
368 -0.75 7.297322490153e-02 6.0518312e-06
372 -0.75 7.590237976790e-02 9.2461514e-06
376 -0.75 7.832528161818e-02 1.1047445e-05
380 -0.75 7.036620338583e-02 5.4620837e-06
384 -0.75 7.135049417999e-02 4.4700714e-06
388 -0.75 7.005155805024e-02 3.7102265e-06
392 -0.75 7.126997933169e-02 6.5367489e-06
396 -0.75 7.600961201137e-02 8.2211856e-06
400 -0.75 7.379976467758e-02 8.0469133e-06
404 -0.75 7.671950817715e-02 6.0182680e-06
408 -0.75 7.787479381501e-02 5.2070425e-06
412 -0.75 7.351828917981e-02 1.1825189e-05
416 -0.75 7.193723341393e-02 3.3727707e-05
420 -0.75 7.800056811501e-02 7.4604640e-06
424 -0.75 7.809359520450e-02 8.1722219e-06
428 -0.75 7.385178571052e-02 6.8702284e-06
432 -0.75 7.106626602611e-02 1.1858932e-05
436 -0.75 7.608568914016e-02 1.2316173e-05
440 -0.75 7.672129353677e-02 7.7600841e-06
444 -0.75 7.322759706819e-02 5.8636163e-06
448 -0.75 7.385586656000e-02 2.4796999e-06
452 -0.75 7.881458016442e-02 7.3060131e-06
456 -0.75 7.328601640681e-02 6.6515438e-06
460 -0.75 7.378982905307e-02 7.8205706e-06
464 -0.75 7.900162100812e-02 7.6182700e-06
468 -0.75 7.620998945681e-02 1.0031835e-05
472 -0.75 7.162624211218e-02 5.3115392e-06
476 -0.75 7.432353035504e-02 1.4081428e-05
480 -0.75 7.408027140011e-02 8.0234517e-06
484 -0.75 6.956829667930e-02 8.4131975e-06
488 -0.75 7.303864892948e-02 8.4377024e-06
492 -0.75 7.269895069058e-02 5.2781318e-06
496 -0.75 7.482278901931e-02 5.0630512e-06
500 -0.75 7.378421763219e-02 9.3439902e-06
204 -0.50 7.242297153855e-02 5.7922712e-06
208 -0.50 7.847664924964e-02 1.0715420e-05
212 -0.50 7.769866421566e-02 6.4985569e-06
216 -0.50 7.032310888648e-02 1.2032310e-05
220 -0.50 7.252861183922e-02 5.3240937e-06
224 -0.50 6.854435675323e-02 5.3932769e-06
228 -0.50 7.159479638774e-02 8.0023084e-06
232 -0.50 7.483630268670e-02 1.1790204e-05
236 -0.50 6.907683654604e-02 6.9175523e-06
240 -0.50 7.453343232812e-02 1.5093068e-05
244 -0.50 7.600928317826e-02 9.4843113e-06
248 -0.50 7.597175472278e-02 9.7833030e-06
252 -0.50 7.405424380273e-02 1.3072502e-05
256 -0.50 7.397707778797e-02 4.1841465e-06
260 -0.50 7.609351618145e-02 2.4599242e-05
264 -0.50 7.465383634648e-02 5.3598036e-06
268 -0.50 7.268341737958e-02 1.3345828e-05
272 -0.50 7.563578388521e-02 1.4205740e-05
276 -0.50 7.566172674245e-02 5.8992350e-06
280 -0.50 7.324595757654e-02 1.0897491e-05
284 -0.50 7.148666707502e-02 2.0236967e-05
288 -0.50 7.425804031394e-02 7.5057305e-06
292 -0.50 8.044326800288e-02 9.4883233e-06
296 -0.50 6.915685780805e-02 4.6941566e-06
300 -0.50 7.420214168589e-02 6.4743154e-06
304 -0.50 7.183366280464e-02 9.8654841e-06
308 -0.50 7.483834467660e-02 1.0114886e-05
312 -0.50 7.324621355880e-02 9.1611232e-06
316 -0.50 6.884236697418e-02 4.2395313e-06
320 -0.50 7.490899761192e-02 2.7560653e-06
324 -0.50 7.504542816558e-02 3.6436749e-06
328 -0.50 7.020889835900e-02 6.0690101e-06
332 -0.50 7.816272901680e-02 1.4100445e-05
336 -0.50 7.209414631028e-02 2.9260568e-06
340 -0.50 7.845246798540e-02 6.2005150e-06
344 -0.50 6.736680829494e-02 3.1721114e-06
348 -0.50 7.193867514115e-02 5.6483239e-06
352 -0.50 6.955415381027e-02 3.1045948e-06
356 -0.50 7.817537330722e-02 8.6917393e-06
360 -0.50 7.753444413040e-02 9.9063149e-06
364 -0.50 7.152577960503e-02 1.1373628e-05
368 -0.50 7.480519219013e-02 5.3619457e-06
372 -0.50 7.622195339099e-02 8.6073300e-06
376 -0.50 7.748201914548e-02 2.7385123e-06
380 -0.50 7.367027094583e-02 1.4367020e-05
384 -0.50 7.290786729186e-02 1.4373657e-05
388 -0.50 6.810411426306e-02 8.1555295e-06
392 -0.50 6.918531556103e-02 4.4132909e-06
396 -0.50 7.502022501818e-02 3.6552241e-06
400 -0.50 7.468369464726e-02 1.0257119e-05
404 -0.50 7.621616094352e-02 9.1060305e-06
408 -0.50 7.438874754017e-02 9.0899730e-06
412 -0.50 7.203820034847e-02 9.3229675e-06
416 -0.50 7.171605071758e-02 1.8069233e-05
420 -0.50 7.761320815570e-02 1.4539857e-05
424 -0.50 7.775517128458e-02 7.8932303e-06
428 -0.50 7.397022438088e-02 6.2622006e-06
432 -0.50 7.279835721609e-02 8.4048826e-06
436 -0.50 7.440185263941e-02 1.4102692e-05
440 -0.50 7.636187699234e-02 2.3763095e-06
444 -0.50 7.087477236713e-02 4.8624757e-06
448 -0.50 7.370956954097e-02 7.3975758e-06
452 -0.50 7.900187765837e-02 5.9295507e-06
456 -0.50 7.204927965976e-02 8.1309470e-06
460 -0.50 7.417483867437e-02 5.5036625e-06
464 -0.50 7.645701587225e-02 1.2993371e-05
468 -0.50 7.651385348123e-02 6.9644592e-06
472 -0.50 7.387741866422e-02 7.1099104e-06
476 -0.50 7.537922541497e-02 5.9364684e-06
480 -0.50 7.486348615566e-02 7.1239445e-06
484 -0.50 6.994147751699e-02 6.5564403e-06
488 -0.50 6.903590541958e-02 1.2853832e-05
492 -0.50 7.218849243191e-02 1.3425962e-05
496 -0.50 7.292002724392e-02 1.7473913e-05
500 -0.50 7.378301784175e-02 3.6217805e-06
204 -0.25 7.040480043900e-02 6.5891000e-06
208 -0.25 7.685597118847e-02 5.0641488e-06
212 -0.25 7.448982561158e-02 7.5245671e-06
216 -0.25 7.092886899833e-02 5.9843626e-06
220 -0.25 7.222053668163e-02 7.2612213e-06
224 -0.25 6.639076121408e-02 2.9427426e-06
228 -0.25 7.187690483014e-02 1.4984219e-06
232 -0.25 7.620009246848e-02 1.1077882e-05
236 -0.25 6.798050055455e-02 1.0589303e-05
240 -0.25 7.328308331493e-02 1.3372916e-05
244 -0.25 7.369150473184e-02 1.0976460e-05
248 -0.25 7.442965312843e-02 9.8759798e-06
252 -0.25 7.273945288449e-02 8.1397643e-06
256 -0.25 7.101258662970e-02 6.2775033e-06
260 -0.25 7.319530752932e-02 2.2989881e-05
264 -0.25 7.421441547266e-02 1.9316358e-05
268 -0.25 7.267297561369e-02 1.8959401e-05
272 -0.25 7.242440587488e-02 5.9387915e-06
276 -0.25 7.257373793678e-02 1.8372026e-05
280 -0.25 7.378999451426e-02 1.1167944e-05
284 -0.25 7.084246080103e-02 6.0366928e-06
288 -0.25 7.486135522309e-02 2.6618722e-06
292 -0.25 7.830212963939e-02 6.2057108e-06
296 -0.25 6.964135432855e-02 6.3891369e-06
300 -0.25 7.474210915755e-02 9.9850821e-06
304 -0.25 6.981395203041e-02 5.5497261e-06
308 -0.25 7.262899082139e-02 1.3311698e-05
312 -0.25 7.157646589853e-02 7.6340054e-06
316 -0.25 6.937965606511e-02 2.4425711e-06
320 -0.25 7.251443164821e-02 5.8944599e-06
324 -0.25 7.201520659327e-02 2.1774610e-05
328 -0.25 6.995546322998e-02 8.3603119e-06
332 -0.25 7.628278665076e-02 6.3535115e-06
336 -0.25 7.113854452745e-02 4.8569523e-06
340 -0.25 7.545753810181e-02 7.6005600e-06
344 -0.25 6.762885871558e-02 4.4508384e-06
348 -0.25 7.319562065940e-02 6.8725980e-06
352 -0.25 7.079776313910e-02 6.8858750e-06
356 -0.25 7.800860569072e-02 7.8061744e-06
360 -0.25 7.782066629056e-02 1.1461202e-05
364 -0.25 6.929518030974e-02 4.2802036e-06
368 -0.25 7.467686102757e-02 8.9314855e-06
372 -0.25 7.552592750947e-02 1.4354364e-05
376 -0.25 7.865561944069e-02 9.1216136e-06
380 -0.25 7.203687335384e-02 1.9556729e-05
384 -0.25 6.978571466569e-02 1.3420068e-05
388 -0.25 6.754964059615e-02 5.8198812e-06
392 -0.25 6.925643272896e-02 5.1854381e-06
396 -0.25 7.373913375779e-02 7.9831442e-06
400 -0.25 7.448732776706e-02 1.5373662e-05
404 -0.25 7.579287197378e-02 1.2331612e-05
408 -0.25 7.949182678214e-02 1.7499021e-05
412 -0.25 7.027673335680e-02 7.5002163e-06
416 -0.25 6.957545416967e-02 9.3451154e-06
420 -0.25 7.741191819826e-02 3.6802075e-06
424 -0.25 7.897367831435e-02 6.4622194e-06
428 -0.25 7.125216348679e-02 5.8248540e-06
432 -0.25 7.028952025420e-02 1.1442050e-05
436 -0.25 7.261985768975e-02 1.3246051e-05
440 -0.25 7.485656167266e-02 5.8126679e-06
444 -0.25 7.037042563729e-02 3.2277542e-06
448 -0.25 7.388440163068e-02 3.2256278e-05
452 -0.25 7.832799243887e-02 7.2977314e-06
456 -0.25 7.089623749721e-02 7.2589319e-06
460 -0.25 7.163960294578e-02 5.6613163e-06
464 -0.25 7.593508974061e-02 7.8676527e-06
468 -0.25 7.636279710848e-02 6.9272977e-06
472 -0.25 7.110380287695e-02 6.9832836e-06
476 -0.25 7.443099627223e-02 1.1904400e-05
480 -0.25 7.122417779839e-02 8.1365818e-06
484 -0.25 6.977531167176e-02 6.5894092e-06
488 -0.25 7.006211641756e-02 8.4864302e-06
492 -0.25 7.287141254026e-02 2.8066581e-06
496 -0.25 7.149714317178e-02 7.3298005e-06
500 -0.25 7.284989516766e-02 1.9810115e-05
204 0.00 6.987390010972e-02 6.1710402e-06
208 0.00 7.753071132434e-02 6.8765771e-06
212 0.00 7.643278658764e-02 1.7446635e-05
216 0.00 7.127151155022e-02 1.1885968e-05
220 0.00 7.261296146695e-02 8.1132578e-06
224 0.00 6.580405146331e-02 7.3404807e-06
228 0.00 6.967140529411e-02 7.9610536e-06
232 0.00 7.320932736687e-02 9.5725078e-06
236 0.00 6.796211904436e-02 5.3120830e-06
240 0.00 7.485137841751e-02 1.0521502e-05
244 0.00 7.511483919119e-02 8.6033884e-06
248 0.00 7.350134714895e-02 4.7684584e-06
252 0.00 7.133943595360e-02 7.6592949e-06
256 0.00 7.106170636568e-02 1.6503201e-05
260 0.00 7.249126882057e-02 7.6913804e-06
264 0.00 7.312186744585e-02 9.3110819e-06
268 0.00 7.227010689018e-02 8.4704899e-06
272 0.00 7.273666634814e-02 3.9418074e-06
276 0.00 7.247610854063e-02 7.4374125e-06
280 0.00 7.381129707558e-02 7.3535377e-06
284 0.00 7.021005426686e-02 9.2349776e-06
288 0.00 7.527837468706e-02 9.8451415e-06
292 0.00 7.798871798050e-02 1.0695778e-05
296 0.00 7.060825481081e-02 1.2977392e-05
300 0.00 7.448971796998e-02 1.1913508e-05
304 0.00 6.842450630985e-02 4.1775825e-06
308 0.00 7.317396940874e-02 1.3358944e-05
312 0.00 7.147911395743e-02 1.8163163e-05
316 0.00 6.730425034535e-02 8.0728098e-06
320 0.00 7.453831979748e-02 1.1282680e-05
324 0.00 7.379443550685e-02 9.0785833e-06
328 0.00 6.822465251433e-02 7.0142863e-06
332 0.00 7.576400228300e-02 1.2058290e-05
336 0.00 7.193225053795e-02 1.5614206e-05
340 0.00 7.297361443114e-02 5.9071704e-06
344 0.00 6.659329345275e-02 1.3232485e-05
348 0.00 7.129751172400e-02 5.9183968e-06
352 0.00 6.825214687833e-02 1.1011577e-05
356 0.00 7.522374899021e-02 6.7464844e-06
360 0.00 7.401310513584e-02 1.1520710e-05
364 0.00 6.855099960949e-02 1.9573527e-06
368 0.00 7.167674056064e-02 4.8279936e-06
372 0.00 7.527992082866e-02 7.7995248e-06
376 0.00 7.748664007693e-02 2.2563287e-05
380 0.00 7.207180823862e-02 6.9275733e-06
384 0.00 7.012134469467e-02 9.2891328e-06
388 0.00 6.746207635777e-02 6.6257289e-06
392 0.00 6.738717917090e-02 9.9279940e-06
396 0.00 7.406363451293e-02 7.0191649e-06
400 0.00 7.124182497293e-02 1.3504088e-05
404 0.00 7.486587669655e-02 1.6699726e-05
408 0.00 7.498624959330e-02 9.6552645e-06
412 0.00 7.305908454828e-02 1.6550280e-05
416 0.00 6.837706651450e-02 1.3245353e-05
420 0.00 7.819245836009e-02 8.1699219e-06
424 0.00 7.726328279749e-02 1.3082076e-05
428 0.00 7.363110652323e-02 3.9423121e-06
432 0.00 7.053042773019e-02 6.0685816e-06
436 0.00 7.415863473615e-02 7.7540355e-06
440 0.00 7.502050778562e-02 7.6138565e-06
444 0.00 6.915050881388e-02 7.4482629e-06
448 0.00 7.046451163907e-02 1.0267000e-05
452 0.00 7.717899326295e-02 1.0390667e-05
456 0.00 7.260301742720e-02 7.1431105e-06
460 0.00 7.197037717555e-02 6.5802672e-06
464 0.00 7.417089958533e-02 1.1077155e-05
468 0.00 7.260578598738e-02 5.0471113e-06
472 0.00 7.026516783502e-02 1.8362582e-06
476 0.00 7.189439900372e-02 6.7200879e-06
480 0.00 7.162060840051e-02 2.2884408e-05
484 0.00 6.777313874243e-02 1.2317056e-05
488 0.00 6.908719098735e-02 1.1553744e-05
492 0.00 7.083554269176e-02 1.5634907e-05
496 0.00 7.208139277321e-02 1.8148223e-05
500 0.00 7.265606039580e-02 2.3868787e-05
204 0.25 7.049677892177e-02 1.5452943e-05
208 0.25 7.410052831638e-02 7.7341562e-06
212 0.25 7.313066416132e-02 6.4419140e-06
216 0.25 7.021439379284e-02 1.2133484e-05
220 0.25 7.222176703476e-02 4.6377266e-06
224 0.25 6.763284952487e-02 2.9414012e-06
228 0.25 7.069152524987e-02 5.5398244e-06
232 0.25 6.982816243573e-02 8.5460969e-06
236 0.25 6.563080054561e-02 4.2846481e-05
240 0.25 7.282835843054e-02 5.3978108e-06
244 0.25 7.342280708971e-02 1.2197424e-05
248 0.25 7.155646303773e-02 8.2542950e-06
252 0.25 7.078826054908e-02 7.5657282e-06
256 0.25 7.145927801521e-02 9.8672950e-06
260 0.25 7.179812447973e-02 7.9979146e-06
264 0.25 7.174105452060e-02 5.1313386e-06
268 0.25 7.103556380961e-02 9.0518550e-06
272 0.25 7.322477081629e-02 2.9646586e-06
276 0.25 7.302005785309e-02 8.1241090e-06
280 0.25 7.074018139079e-02 8.3636478e-06
284 0.25 7.047778335221e-02 1.1971877e-05
288 0.25 7.312445312145e-02 1.6695135e-05
292 0.25 7.660178819749e-02 1.5872566e-05
296 0.25 7.039281905392e-02 8.7542029e-06
300 0.25 7.259917354312e-02 3.6116040e-06
304 0.25 6.822298202469e-02 1.4244508e-05
308 0.25 7.326762128736e-02 5.2272445e-06
312 0.25 6.915113309387e-02 5.4680059e-06
316 0.25 6.673149064849e-02 2.6543974e-06
320 0.25 7.567461259701e-02 1.7077073e-05
324 0.25 7.026816771842e-02 7.1879762e-06
328 0.25 6.859063395518e-02 7.8634847e-06
332 0.25 7.316261164769e-02 7.0916927e-06
336 0.25 6.956310413260e-02 3.6003868e-06
340 0.25 7.368411669621e-02 3.9074664e-06
344 0.25 6.803794450647e-02 1.7813268e-05
348 0.25 7.078857139523e-02 7.4416049e-06
352 0.25 7.003359520312e-02 1.6016360e-05
356 0.25 7.870840989319e-02 8.4635719e-06
360 0.25 7.498632211485e-02 2.3051326e-05
364 0.25 6.736337322236e-02 1.5048870e-05
368 0.25 7.257171969000e-02 5.8154573e-06
372 0.25 7.477822522078e-02 3.4451171e-06
376 0.25 7.391067415219e-02 9.4424821e-06
380 0.25 7.061007300665e-02 5.7479294e-06
384 0.25 6.779112202439e-02 4.8119229e-06
388 0.25 6.786046778727e-02 1.1334032e-05
392 0.25 6.839081030550e-02 3.7580139e-06
396 0.25 7.289397544461e-02 1.3095796e-05
400 0.25 7.164721751776e-02 5.6317269e-06
404 0.25 7.452208171645e-02 1.3810940e-05
408 0.25 7.445984283198e-02 7.1329746e-06
412 0.25 7.118133234022e-02 2.5258596e-06
416 0.25 6.966897673018e-02 6.8919723e-06
420 0.25 7.619294724028e-02 1.2980080e-05
424 0.25 7.599408001435e-02 1.2935752e-05
428 0.25 7.067983542116e-02 6.8824029e-06
432 0.25 6.911912096694e-02 1.0173309e-05
436 0.25 7.102790632853e-02 7.8731905e-06
440 0.25 7.444300456106e-02 1.3692195e-05
444 0.25 7.097255765751e-02 5.0736643e-06
448 0.25 6.995691126676e-02 1.7163993e-06
452 0.25 7.470175471032e-02 2.5975766e-06
456 0.25 6.938841768808e-02 6.6814372e-06
460 0.25 7.199628022338e-02 1.1069698e-05
464 0.25 7.242643830269e-02 5.5115665e-06
468 0.25 7.290809923374e-02 1.1966565e-05
472 0.25 7.070025469473e-02 1.0476874e-05
476 0.25 7.108163092376e-02 7.4854831e-06
480 0.25 7.057626448244e-02 2.6267487e-06
484 0.25 6.993090264156e-02 1.0690877e-05
488 0.25 6.767593380112e-02 8.7554766e-06
492 0.25 6.857611951115e-02 8.7560178e-06
496 0.25 7.183718022738e-02 8.3097078e-06
500 0.25 7.210975724407e-02 8.9901303e-06
204 0.50 7.065873158713e-02 1.0567047e-05
208 0.50 7.499611627606e-02 8.7903627e-06
212 0.50 7.379811169009e-02 1.3152784e-05
216 0.50 7.088434922084e-02 4.3801571e-06
220 0.50 7.068273949964e-02 8.0357997e-06
224 0.50 6.618987348577e-02 1.2501012e-05
228 0.50 6.575473195063e-02 1.6090522e-05
232 0.50 7.018949374668e-02 1.2944294e-05
236 0.50 6.622840268419e-02 1.8746830e-05
240 0.50 7.354415003403e-02 4.9167637e-06
244 0.50 7.114184906840e-02 1.1173682e-05
248 0.50 7.079787349031e-02 7.9261075e-06
252 0.50 6.983357762118e-02 1.1861417e-05
256 0.50 6.994619650438e-02 2.5328706e-05
260 0.50 7.267622392168e-02 2.1000107e-05
264 0.50 7.339639289860e-02 8.4121189e-06
268 0.50 7.032314744552e-02 6.9233871e-06
272 0.50 7.361210451260e-02 8.9651820e-06
276 0.50 7.355603535173e-02 1.8481697e-05
280 0.50 7.177981250292e-02 7.0532439e-06
284 0.50 7.138127107051e-02 9.8048477e-06
288 0.50 7.182211154438e-02 1.9605710e-05
292 0.50 7.421616292424e-02 1.5136214e-05
296 0.50 7.176766019830e-02 1.6015053e-05
300 0.50 7.230895445417e-02 2.0652580e-05
304 0.50 6.782955417923e-02 1.6048701e-05
308 0.50 7.224768509677e-02 2.5007472e-05
312 0.50 7.012272809801e-02 2.0593583e-05
316 0.50 6.798419650810e-02 9.8181520e-06
320 0.50 7.493788535583e-02 9.0755403e-06
324 0.50 7.344966318065e-02 1.6090288e-05
328 0.50 6.713270262682e-02 1.5288869e-05
332 0.50 7.386840755068e-02 1.3207361e-05
336 0.50 6.973271398467e-02 1.2715574e-05
340 0.50 7.507560531940e-02 1.4396070e-05
344 0.50 6.571004422120e-02 4.6177379e-06
348 0.50 7.001152813064e-02 1.2372422e-05
352 0.50 6.848645859032e-02 6.1879972e-06
356 0.50 7.725648333366e-02 7.7010282e-06
360 0.50 7.300437107851e-02 8.4616296e-06
364 0.50 6.809661471923e-02 3.8446720e-06
368 0.50 7.100455356918e-02 7.0019906e-06
372 0.50 7.293566383677e-02 5.1630796e-06
376 0.50 7.514851807705e-02 1.3160757e-05
380 0.50 6.859184729516e-02 1.0699556e-05
384 0.50 6.778070281278e-02 5.7685060e-06
388 0.50 6.629922470207e-02 8.8739523e-06
392 0.50 6.880384826654e-02 1.2992375e-05
396 0.50 7.042549065702e-02 6.7547930e-06
400 0.50 6.888235477462e-02 8.7022072e-06
404 0.50 7.252883682014e-02 1.9075511e-05
408 0.50 7.282420260629e-02 2.4733642e-05
412 0.50 6.814942226955e-02 7.0667033e-06
416 0.50 6.840746110783e-02 5.2834314e-06
420 0.50 7.616839382298e-02 7.1862140e-06
424 0.50 7.432120065701e-02 6.7973602e-06
428 0.50 6.976373489154e-02 1.2494133e-05
432 0.50 6.942425218378e-02 4.3898332e-06
436 0.50 7.036564628327e-02 1.1773570e-05
440 0.50 7.270943008117e-02 3.1506832e-05
444 0.50 6.973433801739e-02 3.1626798e-06
448 0.50 6.734917492719e-02 1.2255381e-05
452 0.50 7.542962639330e-02 1.6539968e-05
456 0.50 6.875689677684e-02 6.5731228e-06
460 0.50 7.123442719491e-02 1.2110257e-05
464 0.50 7.252734644406e-02 1.3008707e-05
468 0.50 7.065322076196e-02 7.4620425e-06
472 0.50 6.931725943648e-02 8.8179422e-06
476 0.50 7.002306341658e-02 8.0053481e-06
480 0.50 7.299896878721e-02 8.5169992e-06
484 0.50 6.551057028698e-02 1.8079010e-05
488 0.50 6.852223231460e-02 2.5908306e-05
492 0.50 6.977535725121e-02 1.8696591e-05
496 0.50 7.073938503499e-02 2.1073222e-06
500 0.50 6.820722719472e-02 1.2774304e-05
204 0.75 7.107892071285e-02 1.7279617e-05
208 0.75 7.363388284614e-02 1.4885627e-05
212 0.75 7.384315859154e-02 1.6345775e-05
216 0.75 6.861805540439e-02 8.6092607e-06
220 0.75 6.905628108806e-02 1.2387351e-05
224 0.75 6.654575933191e-02 1.2822464e-05
228 0.75 6.900042843042e-02 1.4845323e-05
232 0.75 6.985100282096e-02 7.9294592e-06
236 0.75 6.498087954204e-02 7.3954771e-06
240 0.75 7.055432246161e-02 8.0328699e-06
244 0.75 7.059094007827e-02 1.0759988e-05
248 0.75 7.058697817159e-02 1.2517321e-05
252 0.75 7.123069161439e-02 2.1093952e-05
256 0.75 6.918135945664e-02 1.0691774e-05
260 0.75 7.090545362027e-02 2.4121012e-05
264 0.75 7.537583392174e-02 1.4025238e-05
268 0.75 7.080220720826e-02 3.3285244e-05
272 0.75 7.286496743319e-02 1.3287131e-05
276 0.75 6.957708247885e-02 2.3595669e-06
280 0.75 7.190013684549e-02 1.3108761e-05
284 0.75 6.956344793872e-02 1.4156934e-05
288 0.75 7.159701840549e-02 1.6856399e-05
292 0.75 7.303390435995e-02 2.6585321e-06
296 0.75 6.754805957057e-02 1.0481185e-05
300 0.75 7.337875779592e-02 9.4134982e-06
304 0.75 6.700164720301e-02 3.3131085e-06
308 0.75 6.918189532413e-02 1.7921802e-05
312 0.75 6.832646430412e-02 1.2533386e-05
316 0.75 6.674352519815e-02 6.8415835e-06
320 0.75 7.479576816844e-02 5.2102678e-06
324 0.75 6.974450458185e-02 3.6294674e-06
328 0.75 6.760193165803e-02 1.4808154e-05
332 0.75 7.257522317819e-02 1.6458428e-05
336 0.75 6.736320820410e-02 8.6363730e-06
340 0.75 7.289137878588e-02 1.6805186e-05
344 0.75 6.529458090045e-02 1.3469881e-05
348 0.75 6.938811822700e-02 6.4563488e-06
352 0.75 6.652350114145e-02 4.4917453e-06
356 0.75 7.653088414233e-02 8.8585327e-06
360 0.75 7.336270335509e-02 1.5686266e-05
364 0.75 6.659443425741e-02 1.5899473e-05
368 0.75 6.960666780072e-02 1.3197805e-05
372 0.75 7.070282577513e-02 1.3251438e-05
376 0.75 7.352978472375e-02 2.0538059e-05
380 0.75 6.804956997713e-02 1.8270129e-05
384 0.75 6.783756074241e-02 8.6900188e-06
388 0.75 6.716700265306e-02 8.9789060e-06
392 0.75 6.940229823981e-02 1.1558053e-05
396 0.75 7.050997619991e-02 5.0096889e-06
400 0.75 6.748133889866e-02 5.3566526e-06
404 0.75 7.116108384032e-02 1.1222976e-05
408 0.75 7.298036163544e-02 1.3423552e-05
412 0.75 6.845320967341e-02 1.8360704e-05
416 0.75 6.786748825828e-02 1.8542686e-05
420 0.75 7.366176425241e-02 7.3941257e-06
424 0.75 7.094504468933e-02 7.5018600e-06
428 0.75 6.947983533035e-02 1.3035316e-05
432 0.75 7.014394602437e-02 3.7553442e-06
436 0.75 6.928256671818e-02 4.8690159e-06
440 0.75 7.059714032266e-02 4.2630752e-06
444 0.75 6.905867626152e-02 1.7047532e-05
448 0.75 6.853880272333e-02 9.4918429e-06
452 0.75 7.595092971573e-02 8.3620284e-06
456 0.75 7.092795403331e-02 1.2986507e-05
460 0.75 7.150141115584e-02 1.6006322e-05
464 0.75 7.065747535736e-02 1.5736672e-05
468 0.75 7.086017146364e-02 8.6246589e-06
472 0.75 6.948918759034e-02 1.6295862e-06
476 0.75 6.892116337709e-02 1.1711617e-05
480 0.75 6.989509591832e-02 2.7025478e-06
484 0.75 6.597116420352e-02 9.9018506e-06
488 0.75 6.593157138094e-02 1.2501541e-05
492 0.75 6.827875931991e-02 6.7179031e-06
496 0.75 7.042628126598e-02 8.6523861e-06
500 0.75 6.959161096840e-02 1.1881327e-05
204 1.00 6.987613772736e-02 1.7152718e-05
208 1.00 7.422657648370e-02 1.1326422e-05
212 1.00 7.097811619683e-02 4.8773420e-06
216 1.00 6.593217709848e-02 4.9997770e-06
220 1.00 7.064205027021e-02 1.2844466e-05
224 1.00 6.363448076357e-02 1.3270464e-05
228 1.00 6.937770291236e-02 1.7665335e-05
232 1.00 6.921751299381e-02 6.6167388e-06
236 1.00 6.211484766364e-02 6.1495432e-06
240 1.00 7.233447766470e-02 9.3273261e-06
244 1.00 7.078102077399e-02 1.0912428e-05
248 1.00 6.995305233015e-02 8.2272277e-06
252 1.00 6.703461952432e-02 8.8045538e-06
256 1.00 6.733455668569e-02 2.0088753e-05
260 1.00 7.085299432486e-02 9.0180475e-06
264 1.00 7.252011464093e-02 1.6100894e-05
268 1.00 6.982932401745e-02 1.3137676e-05
272 1.00 7.248162912139e-02 2.5593056e-05
276 1.00 7.281337636829e-02 2.4406461e-05
280 1.00 7.176868984066e-02 1.4182958e-05
284 1.00 6.923186066967e-02 5.5614035e-06
288 1.00 7.205908926955e-02 4.7236135e-06
292 1.00 7.393510540045e-02 1.8772825e-05
296 1.00 6.771628268790e-02 8.7223602e-06
300 1.00 7.271868669733e-02 1.5730909e-05
304 1.00 6.612233704779e-02 5.0782632e-06
308 1.00 7.141071746336e-02 1.5429958e-05
312 1.00 6.850299025874e-02 1.3150327e-05
316 1.00 6.701586832005e-02 6.5154273e-06
320 1.00 7.213080066002e-02 1.0013786e-05
324 1.00 6.783865276245e-02 1.3990072e-05
328 1.00 6.696431416371e-02 5.0664951e-06
332 1.00 7.122093327576e-02 1.8225431e-05
336 1.00 6.907944955743e-02 1.9915967e-05
340 1.00 7.185425001466e-02 1.2661545e-05
344 1.00 6.714893951622e-02 1.1224479e-05
348 1.00 6.720478289015e-02 7.6891073e-06
352 1.00 6.513825571289e-02 4.7363224e-06
356 1.00 7.431322189108e-02 2.5075365e-05
360 1.00 7.159765722653e-02 8.5159611e-06
364 1.00 6.798366020989e-02 1.8884851e-05
368 1.00 7.068618688179e-02 1.1897081e-05
372 1.00 7.181239318553e-02 8.0282705e-06
376 1.00 7.280000336085e-02 1.1182277e-05
380 1.00 6.869397391268e-02 1.0057967e-05
384 1.00 6.727918191950e-02 9.2143928e-06
388 1.00 6.820808681345e-02 5.6858475e-06
392 1.00 6.689911028401e-02 1.2260655e-05
396 1.00 6.959121741396e-02 1.5293202e-05
400 1.00 6.831490883444e-02 8.4845584e-06
404 1.00 7.195324564959e-02 9.2282657e-06
408 1.00 7.303156662335e-02 1.3384879e-05
412 1.00 6.766220165123e-02 1.3790066e-05
416 1.00 6.599789671350e-02 7.0321221e-06
420 1.00 7.471307128451e-02 7.0953354e-06
424 1.00 7.259010495850e-02 1.1801294e-05
428 1.00 6.954894835324e-02 4.2564787e-06
432 1.00 6.972273579688e-02 1.3636664e-05
436 1.00 7.077132615574e-02 1.0757334e-05
440 1.00 6.967423503492e-02 6.6530066e-06
444 1.00 6.940283175801e-02 7.9541705e-06
448 1.00 6.559075961690e-02 4.6923109e-06
452 1.00 7.257514385526e-02 1.7283521e-05
456 1.00 6.821427392672e-02 1.1163382e-05
460 1.00 7.266149636318e-02 5.9348608e-06
464 1.00 7.127975543129e-02 8.6596088e-06
468 1.00 7.255326936820e-02 1.0029197e-05
472 1.00 6.780291105707e-02 2.4515238e-06
476 1.00 6.863147608453e-02 2.0433896e-05
480 1.00 7.152253872888e-02 6.8984221e-06
484 1.00 6.470432704654e-02 5.4871316e-06
488 1.00 6.747895724184e-02 9.2347304e-06
492 1.00 6.634203063211e-02 8.2191476e-06
496 1.00 6.991420096513e-02 9.6277675e-06
500 1.00 7.170995439032e-02 1.6224111e-05
